distance,Raw,Median+Gaussian,Huber MRF lambda=0.1,Huber MRF lambda=1,Huber MRF lambda=10,derivative:Raw,derivative:Median+Gaussian,derivative:Huber MRF lambda=0.1,derivative:Huber MRF lambda=1,derivative:Huber MRF lambda=10
0,33120.0,34932.12604239136,33113.60402035906,33115.35152543657,33774.95855371452,-80.0,184.36880145155737,-63.95979640940641,-4.648474563429772,65.49585537145322
1,33040.0,35116.49484384292,33049.644223949654,33110.70305087314,33840.45440908597,-24.0,274.1836327798628,-15.738676661159843,30.703050873136817,105.5185758257503
2,33072.0,35480.49330795109,33082.12666703674,33176.757627182844,33985.99570536602,80.0,448.8432101987419,83.11577827078509,118.4333899011217,191.24108154834903
3,33200.0,36014.181264240404,33215.875780491224,33347.569830675384,34222.93657218267,208.0,610.6592902631746,213.12801591059178,244.59711883023556,288.08769542578375
4,33488.0,36701.81188847744,33508.382698857924,33665.951864843315,34562.171096217586,656.0,753.5903976478585,648.0621098250704,582.2150912182915,392.94307884579393
5,34512.0,37521.36205953612,34512.000000141365,34512.00001311197,35008.82272987426,1400.0,871.4132428734774,1389.8086505397441,1311.0240648206418,862.9144639198639
6,36288.0,38444.63837422439,36287.99999993741,36287.9999944846,36288.00002405731,2024.0,958.4472319525848,2023.9999999428146,2023.9999942733411,1775.5886241423723
7,38560.0,39438.25652344129,38560.000000026994,38560.00000165865,38559.999978159,2208.0,1010.4631677361831,2208.0000000084146,2208.000002641227,2207.999996138842
8,40704.0,40465.56470969676,40703.99999995424,40703.99999976705,40704.000016335,2224.0,1025.5326894743703,2224.000000075557,2223.9999983368143,2224.0000067659494
9,43008.0,41489.32190239003,43008.00000017811,43007.99999833228,43007.9999916909,2496.0,1004.6149041926255,2495.9999996047736,2496.0000062378786,2311.2637917466964
10,45696.0,42474.79451808201,45695.99999916379,45696.00001224281,45326.52759982839,1680.0,951.6751870491244,1665.9860871635174,1623.9443455132823,1388.957137894322
11,46368.0,43392.67227648828,46339.97217450514,46255.88868935884,45785.914267479544,416.0,873.2365524107845,430.0139106789138,472.0556425417417,430.2823810251357
12,46528.0,44221.26762290358,46556.02782052162,46640.11129732629,46187.09236187866,840.0,777.5479430988526,804.3805340652361,594.2740868852052,384.1327124930467
13,48048.0,44947.768162685985,47948.733242635615,47444.43686312925,46554.17969246564,392.0,673.5159984846578,396.13855523287566,348.54816711297826,292.39631521025876
14,47312.0,45568.299619872894,47348.30493098737,47337.20763155225,46771.88499229918,-416.0,569.5062560603765,-366.85636209289805,-94.62541580087418,190.69954944850178
15,47216.0,46086.78067480674,47215.02051844982,47255.186031527504,46935.57879136264,-152.0,472.3723881953629,-138.18182028843876,-62.42858426099701,149.67273863159426
16,47008.0,46513.04439626362,47071.94129041049,47212.350463030256,47071.23046956237,232.0,386.85853729761584,184.6159008965369,59.3396630178795,138.81320167784725
17,47680.0,46860.49774940197,47584.25232024289,47373.86535756326,47213.205194718335,40.0,315.37035640364047,25.583954163477756,8.447573314642796,118.63498489187987
18,47088.0,47143.7851090709,47123.109198737446,47229.24560965954,47308.50043934613,-360.0,258.1431808524794,-285.59712781821145,-73.99694307395112,106.32026659510302
19,46960.0,47376.78411110693,47013.05806460647,47225.87147141536,47425.84572790854,176.0,213.69741769281245,155.2391889013852,129.56159746350022,140.63757495783648
20,47440.0,47571.179944456526,47433.587576540216,47488.36880458654,47589.7755892618,408.0,179.45308010494773,388.46739463480844,286.68173546444814,171.4186408163514
21,47776.0,47735.690271316824,47789.99285387609,47799.23494234426,47768.683009541244,448.0,152.3440095554106,428.2306663485906,322.48360892984783,178.54157075650437
22,48336.0,47875.86796356735,48290.0489092374,48133.33602244624,47946.85873077481,280.0,129.37173455639277,268.4394819159861,232.769091325099,158.71865777230778
23,48336.0,47994.43374042961,48326.87181770806,48264.773124994455,48086.12032508586,-40.0,108.00802660512272,-8.818002989024535,95.82366504544916,126.76761056534087
24,48256.0,48091.88401677759,48272.41290325935,48324.983352537136,48200.39395190549,24.0,86.41600881148042,27.605601848012157,94.70190381124848,111.49332441490697
25,48384.0,48167.26575805257,48382.08302140408,48454.17693261695,48309.106973915674,88.0,63.5499196793171,100.08522516513403,164.28204638828902,104.96837070596666
26,48432.0,48218.98385613623,48472.583353589616,48653.547445313714,48410.330693317424,656.0,39.14304641633498,607.3251038765011,310.14423535361493,100.14025406762448
27,49696.0,48245.55185088524,49596.733229157086,49074.46540332418,48509.38748205092,168.0,13.610808645033103,172.2972654125224,110.15065967256669,39.72616283604293
28,48768.0,48246.20547342629,48817.17788441466,48873.84876465885,48489.78301898951,-432.0,-12.102025480377051,-392.0551704716054,-147.6922563359185,-33.51531211194015
29,48832.0,48221.347799924486,48812.622888213875,48779.080890652345,48442.35685782704,-88.0,-36.72483831824866,-101.44055513141939,-121.22742868032583,-66.90831827111106
30,48592.0,48172.755796789796,48614.29677415182,48631.393907298196,48355.96638244729,-88.0,-58.87083590334805,-86.84224330291909,-127.99002970505171,-98.19215625739525
31,48656.0,48103.60612811779,48638.93840160804,48523.10083124224,48245.97254531225,-32.0,-77.2285891356878,-60.66636450358783,-174.74266043483294,-130.49520986941934
32,48528.0,48018.29861851842,48492.96404514465,48281.90858642853,48094.97596270845,-512.0,-90.8019109095585,-494.8272164211303,-364.23795159945075,-172.64778446838318
33,47632.0,47922.00230629867,47649.283968765776,47794.62492804334,47900.676976375486,-600.0,-99.06445262572743,-583.5871468690202,-405.9711943635193,-180.86513751418534
34,47328.0,47820.169713266965,47325.789751406606,47469.96619770149,47733.24568768008,-368.0,-101.9875223631534,-334.5454603261169,-253.67563149110356,-147.16900431140675
35,46896.0,47718.027261572366,46980.19304811354,47287.27366506113,47606.33896775267,304.0,-100.05485257685359,255.47174771608115,12.94429989020864,-91.38977153977248
36,47936.0,47620.06000811326,47836.73324683877,47495.85479748191,47550.466144600534,56.0,-94.15897167255753,47.20089157422626,-11.491468838266883,-75.14951592210855
37,47008.0,47529.70931822725,47074.594831261995,47264.2907273846,47456.039935908455,-352.0,-85.41935708441088,-296.26192836341215,-103.41870640500929,-72.02421189665984
38,47232.0,47449.221293944436,47244.209390111944,47289.01738467189,47406.417720807214,296.0,-74.99855293153087,230.66150940968146,53.23534962323538,-40.9013290608782
39,47600.0,47379.71221236419,47535.91785008136,47370.76142663107,47374.2372777867,-24.0,-63.91863068888051,-28.70228962380861,-32.875244725284574,-43.46857913117856
40,47184.0,47321.384032566675,47186.80481086433,47223.26689522132,47319.48056254486,-408.0,-52.93663019916494,-335.0889848954139,-127.86108379909274,-47.982687114599685
41,46784.0,47273.83895196586,46865.73988029053,47115.039259032885,47278.2719035575,184.0,-42.515940929806675,158.00850231371805,57.291993328009994,-16.495063809485146
42,47552.0,47236.35215070706,47502.82181549176,47337.85088187734,47286.49043492589,384.0,-32.85373533211896,320.81698122517264,115.73706378312636,-5.056946885317302
43,47552.0,47208.13148130162,47507.373842740875,47346.51338659914,47268.158009786865,-264.0,-23.947507704546297,-218.57875904651155,-94.08080197863092,-32.524524649677915
44,47024.0,47188.45713529797,47065.66429739874,47149.68927792008,47221.44138562653,-256.0,-15.711917222120974,-233.38805834841332,-133.9794697190191,-36.844554879007774
45,47040.0,47176.70764685738,47040.59772604405,47078.5544471611,47194.46890002885,0.0,-8.061068798604538,-22.077941134466528,-51.85760717843368,-19.249040596241684
46,47024.0,47172.33499770076,47021.50841512981,47045.97406356321,47182.94330443405,-24.0,-0.9603082163303043,-31.547235265210475,-21.593351816285576,-3.5784303730979445
47,46992.0,47174.78703042472,46977.50325551363,47035.36774352853,47187.31203928265,-152.0,5.557560475710488,-116.48888204804098,11.07755172958423,14.134336812741822
48,46720.0,47183.45011865218,46788.530651033725,47068.12916702238,47211.21197805953,400.0,11.408851415166282,380.0404777140611,206.82600700504554,48.46053767984995
49,47792.0,47197.60473325505,47737.58421094175,47449.01975753862,47284.23311464235,504.0,16.470754728652537,450.6147875914139,209.4004692855451,47.6327923149438
50,47728.0,47216.391628109486,47689.76022621655,47486.93010559347,47306.47756268942,-272.0,20.617883693841577,-239.02285364242198,-82.62459914841384,1.168326181534212
51,47248.0,47238.840500642735,47259.538503656906,47283.77055924179,47286.56976700542,-416.0,23.739338578980096,-372.5292042751389,-185.27426673078662,-17.979307333727775
52,46896.0,47263.87030526745,46944.701817666275,47116.3815721319,47270.51894802196,-64.0,25.737853299953713,-71.32759765923765,-57.19820104394239,2.6751284176425543
53,47120.0,47290.31620724264,47116.88330833843,47169.37415715391,47291.92002384071,184.0,26.548617624954204,156.59803236428706,77.67966359896673,29.997077010775683
54,47264.0,47316.967540517355,47257.89788239485,47271.74089932983,47330.513102043515,96.0,26.119689150240447,110.50398603067515,106.23719184083893,41.918733304984926
55,47312.0,47342.55558554312,47337.89128039978,47381.848540835585,47375.75749045068,216.0,24.439568229765428,209.44980000384385,145.0319119235428,48.43226292969848
56,47696.0,47365.846676976886,47676.79748240254,47561.804723176916,47427.37762790291,288.0,21.56579146655349,242.8936140154292,112.85854392979309,38.189018847377156
57,47888.0,47385.68716847623,47823.67850843064,47607.56562869517,47452.13552814543,-336.0,17.63435953386943,-283.06861081290845,-94.45628013416353,2.964676649793546
58,47024.0,47401.115396044625,47110.66026077672,47372.89216290859,47433.3069812025,-192.0,12.892366223026329,-171.37476477610107,-60.22738433229097,1.6368021171911096
59,47504.0,47411.47190092228,47480.92897887844,47487.11086003059,47455.40913237981,296.0,7.690273048097879,254.91361249389593,105.77412713729791,19.672607796306693
60,47616.0,47416.49594214082,47620.48748576451,47584.440417183185,47472.65219679511,176.0,2.4687419435758784,161.99593570861543,81.5497657441847,10.075674255051126
61,47856.0,47416.409384809434,47804.92085029567,47650.21039151896,47475.560480889915,-80.0,-2.2842470930809213,-70.96238399050344,-37.12482990474746,-16.113691860697145
62,47456.0,47411.92744795466,47478.562717783505,47510.19075737369,47440.42481307372,-248.0,-6.09214363952924,-213.54454359463853,-112.92425545842343,-35.914427162511856
63,47360.0,47404.225097530376,47377.83176310639,47424.36188060211,47403.73162656489,0.0,-8.573897466823837,-11.572139145158872,-53.647936470522836,-34.5066051805843
64,47456.0,47394.77965302101,47455.41843949319,47402.894884432644,47371.41160271255,112.0,-9.507886079965829,74.67887385271752,-48.01955395314508,-36.54944371671445
65,47584.0,47385.209325370444,47527.189510811826,47328.32277269582,47330.63273913146,-488.0,-8.867713662537426,-438.0758393735523,-202.4107253889124,-53.44722662451022
66,46480.0,47377.044225695936,46579.26676074608,46998.07343365482,47264.51714946353,-88.0,-6.850592989412689,-95.97356388262051,-71.21262221358847,-26.889732194758835
67,47408.0,47371.50813939162,47335.242383046585,47185.897528268644,47276.853274741945,304.0,-3.8608721501368564,262.36661983205704,76.77285874814334,5.778789015512302
68,47088.0,47369.32248139566,47104.0000004102,47151.619151151106,47276.07472749455,-216.0,-0.4453082693144097,-151.24238058541232,-2.468801541985158,8.625189127335034
69,46976.0,47370.61752285299,47032.75762187576,47180.959925184674,47294.103652996615,312.0,2.799130463405163,260.23118290686034,131.82073662590483,33.93410815189418
70,47712.0,47374.92074232247,47624.46236622392,47415.260624402916,47343.94294379834,104.0,5.328616918457556,106.33112340525986,85.931011419696,31.43643799164056
71,47184.0,47381.274756689905,47245.41986868628,47352.821948024066,47356.976528979896,-112.0,6.740396274028171,-71.94315410623676,21.97229763318319,21.68241163055427
72,47488.0,47388.40153487053,47480.576058011444,47459.20521966928,47387.30776705945,240.0,6.83945961264908,198.03647938238646,91.9858814798572,25.296626432522316
73,47664.0,47394.9536759152,47641.49282745105,47536.79371098378,47407.56978184494,64.0,5.677891726481903,48.380906694874284,13.985346806384769,7.4405038777404116
74,47616.0,47399.75731832349,47577.33787140119,47487.17591328205,47402.18877481493,-304.0,3.511658500170597,-257.4655990438914,-114.02984106069925,-16.071568289265997
75,47056.0,47401.976992915545,47126.56162936327,47308.73402886238,47375.42664526641,-112.0,0.7457059867083444,-97.96809522154945,-52.07486998847526,-10.790797285197186
76,47392.0,47401.24873029691,47381.40168095809,47383.0261733051,47380.60718024454,248.0,-2.1410502885482856,201.84845638527622,69.80523109526257,4.610893990349723
77,47552.0,47397.69489233845,47530.25854213382,47448.34449105291,47384.64843324711,40.0,-4.699339613362099,40.14957184482046,13.490563274266606,-4.326325335070578
78,47472.0,47391.850051070185,47461.700824647734,47410.007299853634,47371.954529574396,-128.0,-6.576433815243945,-120.05359424739436,-69.33354127246275,-17.696177193993208
79,47296.0,47384.54202470796,47290.151353639034,47309.67740850798,47349.25607885912,-240.0,-7.565357031839085,-200.79270281353092,-93.4911870916585,-20.035646772317705
80,46992.0,47376.71933700651,47060.11541902067,47223.02492567032,47331.88323602976,144.0,-7.6284082044512616,110.54116048499418,28.859979997498158,-0.378681027872517
81,47584.0,47369.28520829906,47511.23367460902,47367.39736850298,47348.49871680338,104.0,-6.88549006951871,87.28662863345744,36.0711270841457,4.840416613784328
82,47200.0,47362.94835686747,47234.68867628759,47295.16717983861,47341.56406925733,-136.0,-5.578881193210691,-103.10161688351218,-24.646598745057418,0.14355591681669466
83,47312.0,47358.127445912636,47305.030440842,47318.10417101286,47348.78582863701,40.0,-4.023784875487763,35.4939687644146,25.98907668067841,9.061050811535097
84,47280.0,47354.900787116494,47305.67661381642,47347.145333199966,47359.6861708804,152.0,-2.5551214546685515,129.02924205648014,62.613828787089005,14.884650787407736
85,47616.0,47353.0172030033,47563.08892495496,47443.33182858704,47378.555130211826,-16.0,-1.4694978123443434,-7.143064086671075,9.852409680592245,6.996715842014964
86,47248.0,47351.961791491805,47291.390485643074,47366.85015256115,47373.67960256443,-64.0,-0.9864112683098938,-54.746011096503935,-17.056599745319545,1.408452480827691
87,47488.0,47351.04438046668,47453.59690276195,47409.2186290964,47381.37203517348,-16.0,-1.2154663119581528,-9.809069071357953,2.9777910834563954,2.36103436772828
88,47216.0,47349.53085886789,47271.77234750036,47372.80573472806,47378.401671299885,112.0,-2.1504398908873554,97.0371822402085,41.98997299569237,5.149719691395148
89,47712.0,47346.743500684905,47647.67126724237,47493.19857508779,47391.67147455627,80.0,-3.6723769940217608,54.2552559538417,10.992127903613437,-2.746623015798832
90,47376.0,47342.186104879846,47380.28285940804,47394.78999053529,47372.90842526829,-312.0,-5.565126459754538,-245.97411079412268,-89.01358928484842,-18.91762802457015
91,47088.0,47335.613247765395,47155.72304565412,47315.17139651809,47353.83621850713,144.0,-7.573214646497945,114.05541451670797,33.967104241848574,-5.780395835801755
92,47664.0,47327.03967558685,47608.39368844146,47462.72419901899,47361.347633596684,224.0,-9.43447657755678,174.63908499461832,46.91490201038687,-7.621203230610263
93,47536.0,47316.74429461028,47505.00121564336,47409.00120053886,47338.59381204591,-312.0,-10.912749941966467,-258.3863945813209,-117.22239821069161,-32.624130948475795
94,47040.0,47305.21417570292,47091.620899278816,47228.2794025976,47296.09937169973,-176.0,-11.849969248603884,-155.27581997047673,-86.58209664245805,-29.689471761194
95,47184.0,47293.044356113074,47194.449575702405,47235.83700725395,47279.21486852352,200.0,-12.170606933519593,155.0765549356147,33.476108283313806,-12.12375975003306
96,47440.0,47280.87296183588,47401.774009150045,47295.23161916423,47271.85185219967,32.0,-11.879364823496871,16.19447919785307,-12.989578507596889,-15.770423713875061
97,47248.0,47269.28562646608,47226.83853409811,47209.85785023875,47247.67402109577,-344.0,-11.070460017097503,-280.7428045613633,-104.44484380610447,-24.194130049105297
98,46752.0,47258.73204180168,46840.28840002732,47086.34193155202,47223.463592101456,152.0,-9.909764269879815,125.47976081244633,43.655047089276195,-0.6372493892413331
99,47552.0,47249.46609792632,47477.798055723004,47297.167944417306,47246.39952231729,224.0,-8.607060950118466,195.91203956408572,83.40998507394033,7.655906331696315
100,47200.0,47241.517919901446,47232.11247915549,47253.1619016999,47238.77540476485,-112.0,-7.383803468022961,-85.12318079008037,-17.425091867451556,-5.685347314196406
101,47328.0,47234.698490990275,47307.55169414284,47262.3177606824,47235.0288276889,-16.0,-6.442249258001539,-26.802314298431156,-23.685260676295,-8.395135691509495
102,47168.0,47228.63342138544,47178.50785055863,47205.79138034731,47221.98513338183,-96.0,-5.919129992736998,-76.50459079106804,-37.63069016143709,-10.344437637973897
103,47136.0,47222.8602310048,47154.54251256071,47187.05638035953,47214.33995241295,104.0,-5.8445134803369,68.74722480562923,6.793190191980102,-3.7281833482338698
104,47376.0,47216.94439442477,47316.00230016989,47219.37776073127,47214.52876668536,-176.0,-6.123049241545232,-138.52871154140666,-45.98973926262261,-7.884747393316502
105,46784.0,47210.61413252171,46877.485089477894,47095.07690183428,47198.570457626316,40.0,-6.532656422597938,36.99670159447123,31.237592020159354,4.770213822266669
106,47456.0,47203.87908157957,47389.99570335883,47281.85294477159,47224.069194329895,192.0,-6.759520623603748,174.40066577810285,99.70251532309703,13.902196420076507
107,47168.0,47197.0950912745,47226.2864210341,47294.48193248048,47226.37485046647,120.0,-6.468844174265541,127.72282284576431,75.8699539491281,5.224398659895087
108,47696.0,47190.94139323104,47645.44134905036,47433.59285266985,47234.517991649685,216.0,-5.3892234989580174,166.36167326803843,7.907346524294553,-14.930959234297916
109,47600.0,47186.31664427659,47559.009767570176,47310.29662552907,47196.51293199787,-536.0,-3.391427758775535,-492.6371764105934,-268.1479143762481,-58.17941305191562
110,46624.0,47184.15853771349,46660.16699622917,46897.29702391735,47118.159165545854,-560.0,-0.5537691192985221,-516.7533574138397,-276.35108965303516,-53.64580817472961
111,46480.0,47185.20910603799,46525.5030527425,46757.594446222996,47089.221315648414,120.0,2.833321753088967,92.85132022581092,-0.9053545828610368,1.523215884979436
112,46864.0,47189.82518121967,46845.86963668079,46895.48631475163,47121.20559731581,240.0,6.322617529909621,229.71476734225143,153.6350259044484,44.844561533191154
113,46960.0,47197.85434109781,46984.932587427,47064.86449803189,47178.910438714796,256.0,9.385586418022285,263.7258878812063,221.81043229620627,68.6503633347238
114,47376.0,47208.59635405571,47373.321412443205,47339.10717934404,47258.50632398526,400.0,11.518204861687991,374.99588723223496,255.7962709841704,73.72120146972884
115,47760.0,47220.890750821185,47734.92436189147,47576.457040000234,47326.352841654254,264.0,12.353193718045077,236.22475890559144,145.57838065631222,46.164159751700936
116,47904.0,47233.3027414918,47845.77093025439,47630.26394065667,47350.83464348866,-208.0,11.707646086437308,-180.29878036513037,-83.06112901523375,-3.1764659911532362
117,47344.0,47244.30604299406,47374.32680116121,47410.33478196977,47319.99990967195,-344.0,9.5946772990319,-319.81012328712677,-186.76176770202073,-32.03473833312091
118,47216.0,47252.49209608987,47206.150683680135,47256.740405252625,47286.76516682242,-240.0,6.206743133778218,-217.4226990804018,-133.22417409082482,-29.696484508403955
119,46864.0,47256.719529261616,46939.481403000405,47143.88643378812,47260.60694065514,136.0,1.8553051373455673,110.73773432229791,27.08924542954992,-6.327879134521936
120,47488.0,47256.20270636456,47427.62615232473,47310.918896111725,47274.10940855338,216.0,-3.081496901861101,186.275510947984,78.49191037947094,2.8079383259027964
121,47296.0,47250.556535457894,47312.03242489637,47300.87025454706,47266.222817306945,-48.0,-8.209920604997023,-35.43160294647896,-7.61351429113347,-9.375450381085102
122,47392.0,47239.782865154564,47356.76294643177,47295.69186752946,47255.35850779121,-152.0,-13.140751623031974,-131.45474630573153,-53.332453252871346,-17.696384126174962
123,46992.0,47224.27503221183,47049.12293228491,47194.205348041316,47230.830049054595,-40.0,-17.493336495699623,-22.025352722292155,-0.38384546748784487,-12.586956283885229
124,47312.0,47204.796192163165,47312.71224098719,47294.92417659448,47230.184595223436,328.0,-20.913445557012892,267.15051363822204,92.18091685040781,-4.736224069984019
125,47648.0,47182.448141097804,47583.423959561354,47378.56718174213,47221.35760091463,-48.0,-23.08419169228,-52.168483619050676,-51.073403981281444,-30.159114263078663
126,47216.0,47158.627808778605,47208.37527374909,47192.77736863192,47169.86636669728,-488.0,-23.753091185404628,-413.1723170668556,-197.40112879425214,-53.79791588248554
127,46672.0,47134.941958726995,46757.07932542764,46983.76492415363,47113.761769149656,-16.0,-22.76937051407367,-25.899321183209395,-53.12998240147863,-34.016509090135514
128,47184.0,47113.08906775046,47156.57663138267,47086.51740382896,47101.83334851701,336.0,-20.1333441088791,262.3804628683756,54.01118158981262,-16.036753206801222
129,47344.0,47094.67527050924,47281.840251164394,47091.78728733325,47081.688262736054,-296.0,-16.02527188318345,-249.78092702620415,-120.83647282907987,-33.26067264415178
130,46592.0,47081.03852398409,46657.01477733026,46844.8444581708,47035.312003228704,-264.0,-10.804863442645,-235.50578455290815,-120.52060007705222,-24.210659345913882
131,46816.0,47073.06554362395,46810.82868205858,46850.74608717915,47033.266944044226,176.0,-4.979423467979359,127.9573150212018,23.2746725979232,8.818288017730083
132,46944.0,47071.07967704813,46912.92940737266,46891.39380336665,47052.948579264164,-88.0,0.8623607848094252,-53.25223782259127,14.344617870821821,25.12906418315106
133,46640.0,47074.790265193566,46704.324206413396,46879.43532292079,47083.52507241053,120.0,6.134600600871636,113.0158311076957,107.75918101453863,52.75274676688787
134,47184.0,47083.348878249875,47138.961069588055,47106.912165395726,47158.45407279794,216.0,10.348852598493977,209.44221111495062,188.93292517280133,73.65170402731019
135,47072.0,47095.48797039055,47123.2086286433,47257.301173266394,47230.82848046515,488.0,13.201838108896482,460.886081817127,243.03959450386537,80.3158316904628
136,48160.0,47109.75255446767,48060.73323322231,47592.99135440346,47319.085736178866,48.0,14.607993219782657,39.87904119199084,52.18585833879115,46.211542522665695
137,47168.0,47124.70395683012,47202.96671102728,47361.67288994398,47323.25156551048,-584.0,14.712359671841114,-502.2166171055069,-134.48201948749193,11.928407607134432
138,46992.0,47139.17727381135,47056.299999011295,47324.02731542847,47342.942551393135,440.0,13.867776895400311,372.88337160543597,128.36808319872944,37.238113452309335
139,48048.0,47152.43951062092,47948.73345423815,47618.409056341436,47397.7277924151,112.0,12.554970009878161,129.48322207359888,79.58626908368387,22.27163064272463
140,47216.0,47164.28721383111,47315.26644315849,47483.19985359584,47387.485812678584,8.0,11.300211556659633,7.999994785004674,-1.6092759476778156,-1.6676891025890654
141,48064.0,47175.03993373424,47964.73344380816,47615.19050444608,47394.39241420992,-112.0,10.572842691661208,-122.64618178170349,-92.41409692672096,-26.573777758167125
142,46992.0,47185.43289921443,47069.974079595086,47298.3716597424,47334.33825716225,-328.0,10.697884101198724,-305.67593905861213,-163.63301483248142,-42.93724418955753
143,47408.0,47196.435701936636,47353.381565690936,47287.92447478112,47308.517925830805,40.0,11.79197115329589,10.31531455053846,-70.4849475707233,-30.794435039904783
144,47072.0,47209.01684152102,47090.60470869616,47157.40176460095,47272.74938708244,-216.0,13.734503992356622,-169.75331351395653,-87.8218278796885,-25.731069394245424
145,46976.0,47223.90470992135,47013.87493866302,47112.28081902174,47257.055787042314,152.0,16.17607381468406,112.6449232819723,23.01946393166145,-1.6408106880044215
146,47376.0,47241.36898915039,47315.89455526011,47203.440692464275,47269.46776570643,0.0,18.597208679562755,1.492392897602258,4.880219674669206,7.085366949435411
147,46976.0,47261.099127280475,47016.85972445823,47122.04125837108,47271.226520941185,-128.0,20.406043707080244,-94.73620851075611,-8.378804907657468,16.520081281811144
148,47120.0,47282.18107656455,47126.422138238595,47186.68308264896,47302.50792827005,168.0,21.045760739598336,141.673104973328,97.98336560236567,40.406803742374905
149,47312.0,47303.19064875967,47300.20593440488,47318.00798957581,47352.040128425935,96.0,20.10678037874459,114.81346819068494,134.32890171475447,51.53420657717288
150,47312.0,47322.39463732204,47356.049074619965,47455.34088607847,47405.5763414244,408.0,17.412496045493754,370.2622317197638,209.00333954189045,58.21503006968851
151,48128.0,47338.01564085066,48040.73039784441,47736.01466865959,47468.47018856531,176.0,13.073174702210963,154.15959404165187,84.68111691092054,29.917356569178082
152,47664.0,47348.54098672646,47664.36826270327,47624.70311990031,47465.411054562755,-456.0,7.474761000965373,-374.52082162478473,-130.95998880913248,-12.988581274421449
153,47216.0,47352.96516285259,47291.68875459484,47474.094691041326,47442.49302601647,24.0,1.2122737674471864,5.7642648657856626,-21.561083338314347,-11.593377245459124
154,47712.0,47350.965534261355,47675.89679243484,47581.58095322368,47442.22430007184,256.0,-5.009633270066843,203.69200001418722,42.27673879419308,-13.75751094104271
155,47728.0,47342.945896312456,47699.072754623216,47558.64816862971,47414.978004134384,-128.0,-10.509790834403248,-121.46026469552817,-107.60870027911005,-42.89739573073166
156,47456.0,47329.94595259255,47432.97626304378,47366.36355266546,47356.429508610374,-480.0,-14.752228318051493,-428.47481448578765,-237.10283963152324,-63.527020093493775
157,46768.0,47313.44143967635,46842.12312565164,47084.442489366666,47287.923963947396,-168.0,-17.428008705832326,-172.97787100866117,-123.6998186154633,-42.50934646560563
158,47120.0,47295.089935180884,47087.02052102646,47118.963915434535,47271.41081567916,88.0,-18.480218907825474,80.00000050710878,34.00338378514061,-8.942607484274049
159,46944.0,47276.4810018607,47002.12312666586,47152.44925693695,47270.03874897885,312.0,-18.067837980601325,283.8600567899921,137.70996997087786,14.929870748623216
160,47744.0,47258.95425921968,47654.740634606445,47394.38385537629,47301.27055717641,144.0,-16.489553501040064,128.17886315153737,67.12652612749298,9.09533605638353
161,47232.0,47243.50189485862,47258.48085296893,47286.70230919193,47288.229421091615,-328.0,-14.084356428404135,-263.85551679287164,-80.33039158838801,-10.229665030212345
162,47088.0,47230.78554636287,47127.0296010207,47233.723072199515,47280.811227115984,96.0,-11.13392092232607,63.696753155272745,19.88229910733935,2.2223673801672703
163,47424.0,47221.23405301397,47385.87435927948,47326.46690740661,47292.67415585195,64.0,-7.805576891933015,68.21655465614822,43.97728891040242,5.296636528564704
164,47216.0,47215.17439257901,47263.462710333,47321.67765002032,47291.404500173114,136.0,-4.14533337688772,114.9019027185168,48.04956762386428,2.5005693298189726
165,47696.0,47212.943386260195,47615.67816471651,47422.56604265434,47297.67529451159,-56.0,-0.11005189744173549,-49.39372203392122,-35.82858603880959,-13.64544093594668
166,47104.0,47214.95428878412,47164.675266265156,47250.0204779427,47264.11361830122,-160.0,4.367608736796683,-147.62656712558965,-99.53532574028941,-25.555995295304456
167,47376.0,47221.67860373379,47320.42503046533,47223.49539117376,47246.56330392098,-112.0,9.302038630390598,-122.12508347314724,-102.77739118206227,-24.02214918419486
168,46880.0,47233.558366044905,46920.42509931886,47044.465695578576,47216.06931993283,-232.0,14.5997433206212,-197.87443455218454,-96.79684780589378,-13.690517991508386
169,46912.0,47250.87809037503,46924.67616136096,47029.90169556197,47219.18226793796,72.0,20.035959923279734,67.63186884693641,44.386847764380946,18.472061402033432
170,47024.0,47273.630285891464,47055.688837012734,47133.23939110734,47253.0134427369,328.0,25.26363404134827,289.4568607154506,157.95739109903298,45.28184693577714
171,47568.0,47301.40535845773,47503.589882791865,47345.81647776004,47309.745961809516,128.0,29.85828704253072,125.85045973844535,101.48532553271798,43.81981716309383
172,47280.0,47333.346859976526,47307.389756489625,47336.210042172774,47340.653077063085,-88.0,33.37706763145616,-59.25134385410638,18.498585499120964,33.93976910672427
173,47392.0,47368.15949372064,47385.08719508365,47382.81364875828,47377.625500022965,48.0,35.43370084687558,43.13341401226353,42.01043096464855,36.25369796103041
174,47376.0,47404.21426167028,47393.65658451415,47420.23090410207,47413.160472985146,112.0,35.743599411143805,96.85231200125781,59.53270739482832,37.39299661143741
175,47616.0,47439.64669254293,47578.79181908617,47501.87906354794,47452.41149324584,-8.0,34.16452891802328,-0.9056699971406488,24.587691219836415,31.07159492298524
176,47360.0,47472.54331950632,47391.84524451987,47469.40628654174,47475.30366283112,-48.0,30.729285350753344,-27.7203519669456,22.23036626467365,28.65735272683014
177,47520.0,47501.10526324443,47523.351115152276,47546.339796077285,47509.7261986995,168.0,25.64272488165443,148.26144639378253,90.10340757418089,33.908845803362055
178,47696.0,47523.82876926963,47688.368137307436,47649.613101690105,47543.12135443784,128.0,19.26461281673255,126.85770869236148,80.07985645787994,25.751223460232723
179,47776.0,47539.6344888779,47777.066532537,47706.499508993045,47561.228645619965,120.0,12.071697388033499,94.03105791454436,22.136161799455294,7.368723463121569
180,47936.0,47547.9721640457,47876.430253136525,47693.885425289016,47557.858801364084,-400.0,4.6079149695069646,-350.89989220278585,-133.67137105951406,-22.276904187678156
181,46976.0,47548.85031881691,47075.26674813143,47439.15676687402,47516.67483724461,-24.0,-2.580761164837895,-23.55560290127687,-23.15027497799383,-14.150222257241694
182,47888.0,47542.81064171602,47829.31904733397,47647.58487533303,47529.5583568496,392.0,-8.99868478535791,331.7882529106355,88.22054612552529,-5.038562552530493
183,47760.0,47530.8529492462,47738.8432539527,47615.59785912507,47506.59771213955,-224.0,-14.253355821529112,-196.25952361776217,-104.1880866454303,-35.630759103074524
184,47440.0,47514.303930072965,47436.80000009845,47439.20870204217,47458.29683864345,-344.0,-18.08558377418376,-318.04325336201873,-176.78480606180892,-47.38603156392492
185,47072.0,47494.68178169783,47102.75674722866,47262.02824700145,47411.8256490117,-208.0,-20.383792458749667,-180.2595167264626,-82.16633153999646,-29.479907181168528
186,47024.0,47473.536345155466,47076.28096664552,47274.876038962175,47399.337024281114,368.0,-21.17358612550379,321.8835008677197,138.28581144180862,6.2782264834750094
187,47808.0,47452.33460944682,47746.5237489641,47538.59986988507,47424.38210197865,304.0,-20.603599793128524,275.9070789158286,129.02376586542596,5.864182796463865
188,47632.0,47432.32914556921,47628.09512447718,47532.92357069303,47411.06538987404,-168.0,-18.926191326227126,-137.95300210101777,-55.21451384552347,-24.363442610905622
189,47472.0,47414.48222679437,47470.617744762065,47428.17084219402,47375.65521675684,-160.0,-16.458139730060793,-164.38865590479327,-126.667307402,-40.22741227936058
190,47312.0,47399.41286610909,47299.31781266759,47279.58895588903,47330.61056531532,-240.0,-13.55515427489081,-234.71086875650144,-164.78740836047655,-44.11412317575014
191,46992.0,47387.371918244586,47001.19600724906,47098.59602547307,47287.42697040534,-288.0,-10.572636786306248,-252.1417691732022,-127.69491767942964,-28.412246389718348
192,46736.0,47378.267592536475,46795.03427432119,47024.19912053017,47273.786072535884,88.0,-7.814413965497806,89.00963867805694,69.702655322184,13.24840575734197
193,47168.0,47371.74309031359,47179.215284605176,47238.001336117435,47313.92378192002,544.0,-5.496120471518225,478.70801356817174,248.80288364598164,47.43389848013612
194,47824.0,47367.27535159344,47752.45030145753,47521.80488782213,47368.65386949616,168.0,-3.71549765384043,177.03594388171769,132.70599561576455,31.962781050944614
195,47504.0,47364.31209500591,47533.28717236861,47503.413327348964,47377.84934402191,-80.0,-2.433836448373768,-72.72726724585664,-18.684896798687987,2.8879417268508405
196,47664.0,47362.40767869669,47606.99576696582,47484.435094224755,47374.42975294986,-256.0,-1.504302395060222,-225.39164665365024,-108.76068601182851,-17.898103424562578
197,46992.0,47361.30349021579,47082.50387906131,47285.89195532531,47342.053137172785,-56.0,-0.7228909696750634,-57.89341651802533,-51.597161236801185,-14.873958918433345
198,47552.0,47360.96189675734,47491.20893392977,47381.24077175115,47344.68183511299,144.0,0.10637269157814444,104.74972451727808,9.969202301428595,-7.737210304141627
199,47280.0,47361.516235598945,47292.00332809587,47305.830359928164,47326.5787165645,-176.0,1.105057048782328,-139.1889653545768,-62.49523185890939,-15.774182720266253
200,47200.0,47363.172010854905,47212.831003220614,47256.25030803333,47313.13346967246,-8.0,2.278386526788381,-15.01730877220325,-21.45489787816041,-7.788573408415687
201,47264.0,47366.07300865252,47261.96871055146,47262.92056417184,47311.00156974767,48.0,3.4951273339283944,38.9812600881487,6.1305382244318025,0.21817856259076507
202,47296.0,47370.16226552276,47290.79352339691,47268.5113844822,47313.56982679764,16.0,4.541391212904273,2.792429830005858,-8.15348744855146,3.446748389851564
203,47296.0,47375.15579107833,47267.55357021147,47246.61358927474,47317.89506652737,-208.0,5.188752602181921,-165.4721021280784,-46.59100057008618,5.419993056104431
204,46880.0,47380.539770727126,46959.849319140754,47175.329383342025,47324.40981290985,96.0,5.257053878296574,91.54234463306784,76.3804857383002,28.735237027965923
205,47488.0,47385.66989883492,47450.63825947761,47399.37456075134,47375.365540583305,336.0,4.698613892905996,303.98023772487795,179.73245778498676,45.324004702622915
206,47552.0,47389.93699851294,47567.80979459051,47534.794298912,47415.057822315095,208.0,3.6336339526496886,196.22050806545667,126.81688761665282,32.845172847544745
207,47904.0,47392.93716674022,47843.07927560852,47653.00833598465,47441.055886278395,-40.0,2.3201699207020283,-29.33414093936517,-7.281794935024664,2.8508582772192312
208,47472.0,47394.57733835434,47509.14151271178,47520.23070904195,47420.75953886953,-152.0,1.1023015698556264,-148.23019933786418,-108.66227242172317,-22.858370465386542
209,47600.0,47395.141769879934,47546.61887693279,47435.6837911412,47395.33914534762,-320.0,0.325578794174362,-294.90026087942533,-166.7050223301485,-35.65343625452806
210,46832.0,47395.22849594269,46919.34099095293,47186.82066438165,47349.45266636048,-144.0,0.23676989595332998,-125.10092145081944,-71.45279456871867,-20.01384566912384
211,47312.0,47395.61530967184,47296.417034031154,47292.77820200376,47355.311454009374,368.0,0.9089440361021843,299.16121323397965,96.34663862398884,8.02436034936909
212,47568.0,47397.046384014895,47517.66341742089,47379.51394162963,47365.501387059216,-48.0,2.2086300970695447,-30.436529505823273,-7.507289559318451,0.0650024028000189
213,47216.0,47400.03256986598,47235.54397501951,47277.763622885126,47355.441458814974,-216.0,3.830456151965336,-184.39956730386257,-70.86850730194419,-3.087855303492688
214,47136.0,47404.707296318826,47148.86428281316,47237.77692702574,47359.32567645223,-32.0,5.370460598234786,-22.358278140523907,10.901767653489514,15.050501459867519
215,47152.0,47410.77349106245,47190.82741873846,47299.567158192105,47385.54246173471,264.0,6.430080228874431,236.1002296175866,135.5738102624091,37.89390836921302
216,47664.0,47417.567456776575,47621.06474204834,47508.92454755056,47435.113493190656,240.0,6.731432070577284,215.56103355153755,131.81966313374141,38.1267061154831
217,47632.0,47424.236355203604,47621.949485841535,47563.20648445959,47461.795873965675,-88.0,6.190510577118403,-49.367826999114186,19.885179138818785,18.1721744733004
218,47488.0,47429.94847793081,47522.32908805011,47548.6949058282,47471.45784213726,104.0,4.940871857659658,72.02504245911405,15.835874282711302,8.834860278446286
219,47840.0,47434.11809891892,47765.99957075976,47594.87823302501,47479.46559452257,-168.0,3.3090178654201736,-153.34644710534485,-76.37755629068488,-10.018967888561747
220,47152.0,47436.56651366165,47215.63619383942,47395.93979324683,47451.41990636013,-256.0,1.7281497399671935,-205.1676241094574,-76.96854315476594,-13.074692844427773
221,47328.0,47437.57439839886,47355.66432254085,47440.94114671548,47453.31620883371,328.0,0.6248697994778922,278.3497414056801,101.47192682638706,8.162112915266334
222,47808.0,47437.81625326061,47772.33567665078,47598.8836468996,47467.744132190666,280.0,0.3171050723285589,238.34973736380562,53.384323633927124,-2.5848700335154717
223,47888.0,47438.208608543515,47832.36379726846,47547.70979398333,47448.14646876668,-544.0,0.9413025542307878,-485.6238104790282,-221.3189559246057,-41.590339985647006
224,46720.0,47439.69885836907,46801.08805569272,47156.24573505039,47384.56345221937,-376.0,2.4340626706107287,-358.3645456731174,-173.3411914077442,-30.35484393634397
225,47136.0,47443.076733884736,47115.634705922224,47201.027411167845,47387.43678089399,240.0,4.564231127653329,212.72017984061677,77.29538170137312,15.445167719321034
226,47200.0,47448.827320624376,47226.528415373956,47310.836498453136,47415.453787658014,240.0,6.99637845707548,243.53578632152858,165.22733651186354,38.789696146923234
227,47616.0,47457.06949079889,47602.70627856528,47531.48208419157,47465.01617318784,344.0,9.361401747813943,309.70925601774434,178.38662783421387,42.01319418921412
228,47888.0,47467.55012412,47845.946927409444,47667.609754121564,47499.48017603644,40.0,11.321099074608355,32.97528589140347,25.932546990781702,15.038011650427507
229,47696.0,47479.711688948104,47668.65685034809,47583.347178173135,47495.092196488695,-368.0,12.612851252961264,-314.00582532093176,-140.58898686186512,-14.433369723312353
230,47152.0,47492.775826625926,47217.93527676758,47386.431780397834,47470.61343658982,-120.0,13.04440163770414,-121.04518974260282,-79.69950757638435,-8.548088069386722
231,47456.0,47505.80049222351,47426.56647086288,47423.948163020366,47477.99602034992,72.0,12.486462879085593,61.46354840973072,21.490464132719353,8.482384777598782
232,47296.0,47517.7487523841,47340.86237358704,47429.41270866327,47487.578206145015,152.0,10.859670947975246,138.60777065936054,72.17089997454241,19.161096102343436
233,47760.0,47527.51983411946,47703.782012181604,47568.28996296945,47516.31821255461,104.0,8.125944085048104,81.82969950259212,43.02223579090423,16.555917037323525
234,47504.0,47534.00064055419,47504.52177259223,47515.45718024508,47520.69004021966,-256.0,4.3079749078751775,-196.65137662824054,-47.10419260182607,5.206329676038877
235,47248.0,47536.13578393521,47310.47925892512,47474.0815777658,47526.730871906686,136.0,-0.48483321638195775,118.35378095849592,71.66518640361392,19.9773752823603
236,47776.0,47533.03097412143,47741.22933450922,47658.78755305231,47560.64479078438,304.0,-6.02547572342155,256.89674813017336,126.09975181266418,23.14615841691193
237,47856.0,47524.08483248837,47824.27275518547,47726.28108139113,47573.02318874051,-120.0,-11.945880116902117,-75.5928033963828,2.6340690343822644,-1.770442606844881
238,47536.0,47509.139213887625,47590.04372771645,47664.05569112107,47557.10390557069,56.0,-17.749231880115985,35.98961111326207,1.8024552904862503,-14.864087891284726
239,47968.0,47488.58636872814,47896.251977411994,47729.8859919721,47543.29501295794,-48.0,-22.856708924202394,-52.53186324447597,-53.22670316292715,-35.044141964852315
240,47440.0,47463.42579603922,47484.9800012275,47557.60228479522,47487.01562164099,-216.0,-26.68090246801148,-186.37197004697737,-113.4825647792677,-53.928610234906955
241,47536.0,47435.224563792115,47523.50803731804,47502.920862413564,47435.43779248813,-16.0,-28.709478359010973,-23.93177731925971,-71.22099117487232,-56.605939528453746
242,47408.0,47406.0068393212,47437.11644658898,47415.160302445474,47373.80374258408,88.0,-28.58767391863512,59.1906422158645,-84.18040874535654,-63.34386277484009
243,47712.0,47378.049215954845,47641.88932174977,47334.56004492285,47308.750066938446,-504.0,-26.209592807375884,-479.5303803707684,-269.3202350611973,-85.21617229871117
244,46400.0,47353.58765370645,46478.055685847445,46876.51983232308,47203.37139798666,-480.0,-21.740849457059085,-439.8053423847268,-219.7802964382281,-65.21009905245592
245,46752.0,47334.56751704073,46762.278636980314,46894.999452046395,47178.329868833534,400.0,-15.599326907438808,335.61613603444493,89.97934574651299,-3.725035711449891
246,47200.0,47322.38899989157,47149.287957916335,47056.478523816106,47195.92132656376,128.0,-8.41060334428039,133.44911051769668,89.7183336777598,17.387524058412964
247,47008.0,47317.746310352166,47029.17685801571,47074.436119401915,47213.10491695036,-40.0,-0.9191921344026923,-14.22680982208476,51.175655286766414,27.4388362341233
248,47120.0,47320.550615622764,47120.834338272165,47158.82983438964,47250.798999032006,88.0,6.126848693824286,95.82917161728255,103.80863218254672,44.23403203324051
249,47184.0,47330.000007739814,47220.83520125027,47282.05338376701,47301.57298101684,320.0,12.072162733671576,284.1768692294718,172.2502412608701,56.652631035682134
250,47760.0,47344.69494109011,47689.18807673111,47503.33031691138,47364.10426110337,120.0,16.42178546055584,114.29325913636421,92.94209160006358,42.73649314169597
251,47424.0,47362.843578660926,47449.421719523,47467.937566967135,47387.04596730023,-160.0,18.891694856731192,-112.65775959310486,-13.423966460679367,21.09400456187359
252,47440.0,47382.47833080357,47463.8725575449,47476.48238399002,47406.29227022712,184.0,19.417164663780568,133.8136257463957,26.786009017894685,17.560916438240383
253,47792.0,47401.67790798849,47717.04897101579,47521.509585002925,47422.167800176714,-248.0,18.126273649308132,-214.25763609201385,-90.2180064856293,-2.6160800415709673
254,46944.0,47418.730878102186,47035.35728536087,47296.04637101876,47401.060110143975,-152.0,15.285794294104562,-132.2263542087021,-49.440028474778956,1.7453154744653148
255,47488.0,47432.2494965767,47452.59626259839,47422.62952805337,47425.658431125645,288.0,11.25295679332703,240.22029022945208,93.89792106128152,21.481242537949583
256,47520.0,47441.23679168884,47515.797865819775,47483.842213141324,47444.022595219874,24.0,6.440212386005442,42.19093232028172,43.13379165862716,14.56529385522299
257,47536.0,47445.12992134871,47536.97812723895,47508.89711137062,47454.78901883609,40.0,1.2597076178135467,26.0708976139249,11.503453914603597,6.7058745580216055
258,47600.0,47443.75620692447,47567.939661047625,47506.84912097053,47457.43434433592,-152.0,-3.898416425487085,-129.34016095321203,-48.623429914823646,-4.482957283380529
259,47232.0,47437.33308849773,47278.29780533253,47411.650251540974,47445.82310426933,-80.0,-8.675878618665593,-58.15282905244385,-5.373743659067259,-0.9200848531181691
260,47440.0,47426.404449687136,47451.63400294274,47496.1016336524,47455.59417462968,256.0,-12.785796854645014,231.50621232389676,112.50219893761823,10.550779091834556
261,47744.0,47411.76149478844,47741.31022998032,47636.65464941621,47466.924662453,320.0,-16.018568651419628,276.2273769391977,86.88034047191468,-2.523279054032173
262,48080.0,47394.3673123843,48004.08875682113,47669.86231459623,47450.54761652162,-320.0,-18.250635037395114,-308.05006281021997,-171.86117752186692,-47.84966510529921
263,47104.0,47375.26022471365,47125.21010435988,47292.93229437248,47371.2253322424,-656.0,-19.4595621284534,-581.5557569051707,-282.46387303751544,-65.96101766710126
264,46768.0,47355.44818812739,46840.97724301079,47104.934568521196,47318.625581187414,104.0,-19.699359382786497,80.653353704849,-19.530441590686678,-25.068471995611617
265,47312.0,47335.86150594808,47286.51681176958,47253.8714111911,47321.08838825118,376.0,-19.069798124175577,318.123627606692,119.87254826546268,2.9172264763219573
266,47520.0,47317.30859187904,47477.224498224175,47344.67966505212,47324.46003414006,-40.0,-17.700111803536856,-23.16982242453014,3.148086387078365,-6.405352404119185
267,47232.0,47300.461282341006,47240.17716692052,47260.16758396526,47308.27768344294,-240.0,-15.698593424291175,-196.16149670107916,-70.42828910423486,-12.368466524967516
268,47040.0,47285.911405030456,47084.90150482202,47203.82308684365,47299.72310109012,96.0,-13.127242326423584,69.23186201157296,25.56704630022068,4.431572701687401
269,47424.0,47274.20679768816,47378.640890943665,47311.3016765657,47317.14082884631,72.0,-10.023345480560238,66.94384083999466,51.129428004904184,12.074769198505237
270,47184.0,47265.864714069336,47218.78918650201,47306.08194285346,47323.872639487134,-24.0,-6.419263461550145,14.094228068355733,55.821237714484596,13.725442615177599
271,47376.0,47261.36827076506,47406.82934708038,47422.94415199467,47344.59171407667,464.0,-2.3735163574820035,396.9720367240843,140.33428513854597,19.148660293369176
272,48112.0,47261.11768135437,48012.733259950175,47586.75051313055,47362.16996007387,-192.0,1.977579223414068,-186.82759434380569,-98.81838229884306,-19.913255999104877
273,46992.0,47265.32342921189,47033.174158392765,47225.307387396984,47304.76520207846,-592.0,6.402483034893521,-532.0756433729184,-244.7894320350788,-41.76649789149087
274,46928.0,47273.92264742416,46948.58197320434,47097.171649060394,47278.63696429089,32.0,10.600782876557787,18.317680833275517,-43.54991380638967,-8.596389573020133
275,47056.0,47286.524994965,47069.809520059316,47138.207559784205,47287.57242293242,224.0,14.252240003264887,190.27514715156212,82.13969061591706,20.514079788146773
276,47376.0,47302.42712743069,47329.13226750746,47261.45103029223,47319.665123867184,0.0,17.089847140228812,24.984084985462687,65.96898565412994,29.27595712812399
277,47056.0,47320.70468924546,47119.77769003024,47270.145531092465,47346.12433718867,96.0,18.989063950957643,109.53387267396465,115.76726634647275,40.96543018091688
278,47568.0,47340.405255332604,47548.20001285539,47492.98556298517,47401.59598422902,376.0,20.00057553935403,329.4223871021095,185.33281338529923,47.151446251802554
279,47808.0,47360.70584032417,47778.62246423446,47640.81115786306,47440.42722969227,80.0,20.34163009933036,83.53477255136022,64.2311738094213,20.452606947867025
280,47728.0,47381.088515531264,47715.26955795811,47621.447910604016,47442.50119812475,-144.0,20.358991059249092,-127.00511648577594,-72.63929195704259,-12.200971661284711
281,47520.0,47401.423822442666,47524.61223126291,47495.53257394898,47416.0252863697,-160.0,20.421098394694127,-167.5961703806497,-138.1490496805527,-31.674647436560917
282,47408.0,47421.93071232065,47380.07721719681,47345.14981124291,47379.15190325163,-304.0,20.80253368335252,-284.14892808201694,-181.80785708460826,-38.31578795549285
283,46912.0,47443.02888980937,46956.314375098875,47131.91685977976,47339.39371045872,-240.0,21.61100192444428,-202.1909666035499,-103.27452157326843,-18.38850726997407
284,46928.0,47465.15271616954,46975.69528398971,47138.600768096374,47342.37488871168,320.0,22.74837735070105,259.16224024198164,111.98429236479569,23.699922688545485
285,47552.0,47488.52564451077,47474.63885558284,47355.88544450935,47386.79355583581,96.0,23.930620598392125,110.83293810473333,119.22739866765914,36.15834491591886
286,47120.0,47513.013957366325,47197.36116019918,47377.05556543169,47414.69157854352,232.0,24.76297386334045,239.1972102731088,149.69790363818538,42.63260163488303
287,48016.0,47538.051592237454,47953.033276129056,47655.281251785724,47472.058759105574,368.0,24.836272700915288,311.1693919142599,97.86631224688972,30.17011851733696
288,47856.0,47562.686502768156,47819.6999440277,47572.78818992547,47475.03181557819,-736.0,23.826643610362225,-654.8832491157336,-224.09896689751258,-16.075352748470323
289,46544.0,47585.70487945818,46643.26677789759,47207.0833179907,47439.90805360863,-104.0,21.554558807711146,-101.08579602789541,-34.16321293942383,9.671640710868814
290,47648.0,47605.79562038358,47617.52835197191,47504.461764046624,47494.37509699993,648.0,18.010689129507227,582.9394904724795,225.60932807923746,46.785798241297016
291,47840.0,47621.72625771719,47809.14575884255,47658.30197414917,47533.47965009123,32.0,13.347590283599857,37.34620108337185,62.9911971771362,23.778535595858557
292,47712.0,47632.49080095078,47692.22075413865,47630.4441584009,47541.93216819165,-264.0,7.8307532833423465,-215.8212340106329,-68.63573654782886,-0.05087348999950336
293,47312.0,47637.38776428388,47377.50329082128,47521.030501053516,47533.37790311123,32.0,1.7793304365441145,12.798990789022355,-4.8984068206264055,2.514630075143941
294,47776.0,47636.049461823866,47717.8187357167,47620.64734475964,47546.961428341936,56.0,-4.473542512343556,49.40912347891572,21.940516085953277,2.131596647803235
295,47424.0,47628.44067925919,47476.32153777911,47564.91153322542,47537.641096406835,0.0,-10.609286183396762,20.11049095799899,14.719955078489875,-3.638277114761877
296,47776.0,47614.83088945707,47758.039717632695,47650.08725491662,47539.68487411241,248.0,-16.355264392630488,191.91676801705762,22.219349149516347,-9.771978588800266
297,47920.0,47595.73015047393,47860.15507381323,47609.350231524455,47518.097139229234,-512.0,-21.489202402884985,-457.5364968816066,-196.06190762994083,-41.68287792171395
298,46752.0,47571.8524846513,46842.96672386948,47257.96343965674,47456.319118268984,-336.0,-25.82327581345089,-301.9275084680303,-98.40507203934612,-26.562065046800853
299,47248.0,47544.08359884703,47256.30005687717,47412.54008744576,47464.97300913563,712.0,-29.214267825918796,623.2452832364615,236.8466915119061,19.50254132342525
300,48176.0,47513.423948999465,48089.457290342405,47731.656822680554,47495.324200915835,232.0,-31.57065776679883,232.03201933432865,96.94514657506443,-3.6825981740003044
301,47712.0,47480.94228331343,47720.364095545825,47606.43038059589,47457.60781278763,-360.0,-32.84543676595422,-327.2727170674625,-178.01125178671282,-50.435997488824796
302,47456.0,47447.73307546756,47434.91185620748,47375.63431910713,47394.452205938185,-576.0,-33.033316476383334,-530.5486832270872,-270.9789019351956,-66.23299655253504
303,46560.0,47414.875650360664,46659.26672909165,47064.4725767255,47325.14181968256,-56.0,-32.1715058705995,-68.13649499023086,-58.92545401888128,-31.053295271500247
304,47344.0,47383.39006372636,47298.63886622702,47257.783411069366,47332.345615395185,368.0,-30.325181101434282,341.047206529267,150.20253987855176,6.621076482388162
305,47296.0,47354.225288157795,47341.361142150185,47364.877656482604,47338.38397264734,360.0,-27.584080019722023,333.04719198098246,141.5330736545402,8.157555884517933
306,48064.0,47328.221903686914,47964.73325018898,47540.849558378446,47348.66072716422,-224.0,-24.05791106073957,-208.54684937698767,-85.60331891493479,-25.49020912490596
307,46848.0,47306.109466036316,46924.26744339621,47193.671018652734,47287.403554397526,-416.0,-19.861498043996107,-387.0625867579074,-174.34303039934093,-39.28699504681936
308,47232.0,47288.49890759892,47190.60807667317,47192.163497579764,47270.08673707058,80.0,-15.138128406902979,59.38101664280839,-21.425772283095284,-15.412480473416508
309,47008.0,47275.83320922251,47043.029476681826,47150.819474086544,47256.57859345069,0.0,-10.07695199275986,27.56878341779884,30.06571355005508,-1.0792139473524003
310,47232.0,47268.3450036134,47245.745643508766,47252.294924679874,47267.92830917588,328.0,-4.912491940045584,271.44438437075587,111.62291293327144,13.146131183977559
311,47664.0,47266.00822534242,47585.91824542334,47374.06529995309,47282.87085581865,-64.0,0.07097562939452473,-50.2361709687284,-23.196974750248046,-4.11391056629509
312,47104.0,47268.48695487219,47145.27330157131,47205.90097517938,47259.70048804329,-256.0,4.548992777159583,-234.27843599549306,-117.21383718402285,-15.385343373200158
313,47152.0,47275.10621089674,47117.36137343235,47139.63762558504,47252.10016907225,-224.0,8.193248727304308,-201.10506097721736,-72.44453680181323,-2.5953105174230586
314,46656.0,47284.8734523268,46743.063179616875,47061.01190157575,47254.50986700844,320.0,10.718211245664861,287.6859723415546,123.88022677858316,32.335191286612826
315,47792.0,47296.54263338807,47692.73331811546,47387.39807914221,47316.77055164547,208.0,11.929235852079728,206.9447999129152,124.08521713755908,38.49921221930708
316,47072.0,47308.73192403096,47156.952779442705,47309.18233585087,47331.508291447055,-136.0,11.77756177007177,-91.29298036891123,40.375424634101364,27.713154373930593
317,47520.0,47320.09775692821,47510.14735737764,47468.14892841041,47372.196860393335,376.0,10.369900811303523,303.93136482311456,133.04105676474865,33.298411965952255
318,47824.0,47329.471725653566,47764.815509088934,47575.26444938037,47398.10511537896,-48.0,7.94945439068033,-41.25430284403046,-17.25225433986634,4.61351075456696
319,47424.0,47335.99666570957,47427.63875168958,47433.64441973068,47381.42388190247,-376.0,4.88314525955866,-318.9829989514619,-136.79781978434767,-18.810039381362003
320,47072.0,47339.23801617268,47126.84951118601,47301.66880981167,47360.485036616235,-32.0,1.5888714688262553,-26.54168457353444,-17.141205013165745,-6.514593455423892
321,47360.0,47339.174408647224,47374.55538254251,47399.362009704346,47368.39469499162,384.0,-1.5516723148502933,320.4827840690559,117.37420474484315,8.329393124964554
322,47840.0,47336.13467154298,47767.81507932412,47536.41721930136,47377.143822866165,48.0,-4.229815214534028,32.33509340222736,-14.736180752312066,-14.39368098214618
323,47456.0,47330.71477821816,47439.22556934696,47369.88964819972,47339.60733302733,-480.0,-6.2437409059093625,-418.5145051276013,-209.58274700177572,-43.356123187470075
324,46880.0,47323.647189731164,46930.78606906892,47117.25172529781,47290.431576491224,-272.0,-7.513747432854871,-248.4563130481547,-134.0120602530078,-28.654177711541706
325,46912.0,47315.68728335245,46942.312943250654,47101.865527693706,47282.298977604245,184.0,-8.053683083871874,163.0915904350113,79.54656624275594,10.38234999323322
326,47248.0,47307.53982356342,47256.96924993894,47276.34485778332,47311.19627647769,400.0,-7.920412564784783,359.50255638297676,188.65175898126836,32.05711269733001
327,47712.0,47299.84645822288,47661.31805601661,47479.16904565624,47346.413202998905,168.0,-7.172349019827379,150.93908616071712,86.4087107010455,16.93758667115617
328,47584.0,47293.195125523765,47558.847422260376,47449.16227918541,47345.07144982,-264.0,-5.842967043437966,-228.23352245433853,-97.42562687812824,-13.288180687897693
329,47184.0,47288.160524136,47204.85101110793,47284.317791899986,47319.83684162311,-288.0,-3.9245496309013106,-249.74135561277944,-114.68559133543386,-18.442766115738777
330,47008.0,47285.34602626196,47059.36471103482,47219.79109651454,47308.185917588526,128.0,-1.3910398523767071,111.33725510097793,41.36885287183031,3.3583718448426225
331,47440.0,47285.37844443125,47427.525521309886,47367.05549764365,47326.553585312795,368.0,1.7615929917592439,305.78841682451457,110.7921499509248,12.695346989905374
332,47744.0,47288.86921224548,47670.94154468385,47441.37539641639,47333.57661156834,-128.0,5.4671501687662385,-121.87625320679217,-76.99240301905593,-13.498143166038062
333,47184.0,47296.31274476878,47183.7730148963,47213.070691605535,47299.55729898072,-568.0,9.555181582862133,-488.30345530603154,-213.76935900808894,-28.24144763858203
334,46608.0,47307.979575411206,46694.33463407178,47013.836678400214,47277.09371629117,-64.0,13.745292106381385,-57.765210465611744,3.6843259947891056,10.99110312501216
335,47056.0,47323.80332898154,47068.24259396508,47220.43934359511,47321.53950523074,704.0,17.663484634958877,623.3493215946182,288.8223369924526,57.722764201109385
336,48016.0,47343.30654468112,47941.03327726102,47591.48135238512,47392.53924469339,328.0,20.89977053595794,309.72867772508107,158.78268498256512,39.826701697315
337,47712.0,47365.60287005346,47687.69994941524,47538.00471356024,47401.19290862537,-480.0,23.091917658111925,-405.399132997929,-140.47428204475,-6.886690636747517
338,47056.0,47389.49037999735,47130.23501126516,47310.53278829562,47378.765863419896,-136.0,23.998497846761893,-155.72432959591242,-100.20553111681875,-6.288752034484787
339,47440.0,47413.59986574698,47376.251290223416,47337.593651326606,47388.6154045564,-80.0,23.557661327980895,-72.72726992464959,-24.142311305706244,7.280311364331283
340,46896.0,47436.60570265331,46984.78047141586,47262.24816568421,47393.32648614856,192.0,21.92535399056942,192.98551010471056,107.77859719970365,29.57740589958121
341,47824.0,47457.45057372812,47762.22231043284,47553.15084572601,47447.770216355566,368.0,19.458616825853824,327.99941934822346,155.4781029048172,35.63224102478489
342,47632.0,47475.52293630502,47640.77931011231,47573.20437149384,47464.59096819813,-88.0,16.653038582448062,-77.54644975898191,-9.344288485255674,8.450300252468878
343,47648.0,47490.75665089302,47607.12941091487,47534.4622687555,47464.670816860504,-280.0,14.043241629075055,-238.00284462309355,-95.51096836058787,-9.086610494599881
344,47072.0,47503.60941956317,47164.77362086612,47382.182434772665,47446.41774720893,24.0,12.103116414262331,21.512314281881117,2.811383403495711,0.4678177088717348
345,47696.0,47514.96288372154,47650.154039478635,47540.08503556249,47465.60645227825,320.0,11.138823202174535,256.15061600568515,79.94511857107864,7.669027683230524
346,47712.0,47525.887065967516,47677.07485287749,47542.07267191482,47461.75580257539,-184.0,11.213787166794646,-147.70492221366294,-82.97602769026344,-16.36285957408836
347,47328.0,47537.39045805513,47354.74419505131,47374.13298018197,47432.88073313007,-184.0,12.142479700563854,-188.60968256965134,-144.87320164187258,-23.631032788813172
348,47344.0,47550.17202536864,47299.85548773819,47252.32626863108,47414.49373699776,-448.0,13.51682175843598,-411.7387130899697,-167.64357723534704,-14.862309282420028
349,46432.0,47564.424101572,46531.26676887137,47038.84582571127,47403.15611456523,136.0,14.793439759272587,142.50463316318564,89.94246993582419,37.22018329572893
350,47616.0,47579.75890488719,47584.86475406456,47432.211208502726,47488.93410358922,688.0,15.42956667899125,619.2896923106236,301.47098704282325,79.42469420345151
351,47808.0,47595.283234929986,47769.84615349262,47641.78779979692,47562.00550297213,-56.0,14.979057242577255,-5.787833108850464,126.4704911926492,60.77167453151924
352,47504.0,47609.71701937234,47573.28908784686,47685.152190888024,47610.47745265226,200.0,13.173067373991216,180.04219522080166,133.9404865351171,53.795822312735254
353,48208.0,47621.62936967797,48129.93054393422,47909.66877286715,47669.597147597604,160.0,9.985601471307746,136.14035412620797,75.35096841270934,32.19955232522989
354,47824.0,47629.68822231496,47845.56979609928,47835.85412771344,47674.87655730272,-216.0,5.625026928370062,-176.511767338543,-67.88758129699272,-2.1767624297499424
355,47776.0,47632.87942353471,47776.907009257135,47773.89361027317,47665.243622738104,-56.0,0.47233979967495543,-64.1277405564797,-63.013712303694774,-15.170753427712043
356,47712.0,47630.63290191431,47717.31431498632,47709.82670310605,47644.535050447295,-16.0,-4.981680620938278,-33.02111933922788,-65.15355561408433,-24.081819768442074
357,47744.0,47622.91606229283,47710.86477057868,47643.586499045,47617.07998320122,-184.0,-10.201899591214897,-172.12569151426578,-116.44695453855093,-33.80106808601704
358,47344.0,47610.22910273188,47373.062931957786,47476.93279402895,47576.93291427526,-224.0,-14.678104958544282,-192.4871788319433,-100.18730800157937,-28.50042321219371
359,47296.0,47593.55985237574,47325.89041291479,47443.21188304184,47560.07913677683,128.0,-17.99339627116933,102.27954553097152,39.88503053381646,-3.64982065958975
360,47600.0,47574.24231018954,47577.62202301973,47556.702855096584,47569.63327295608,152.0,-19.853053832972364,139.84172520356515,91.84239960303239,8.035799827055598
361,47600.0,47553.8537447098,47605.57386332192,47626.896682247905,47576.150736430944,24.0,-20.091349248068582,55.821156911799335,83.64216827527707,5.325000296408689
362,47648.0,47534.0596116934,47689.26433684333,47723.98719164714,47580.2832735489,472.0,-18.697382828853733,419.57968257883476,135.08410522279883,0.7467007954001019
363,48544.0,47516.45897905209,48444.73322847959,47897.0648926935,47577.644138021744,-200.0,-15.822460495968699,-213.72445118619726,-150.38985260688787,-50.956928626066656
364,47248.0,47502.414690701466,47261.81543447093,47423.20748643336,47478.369416296766,-832.0,-11.773465829872293,-770.5486612743225,-386.25366304345516,-87.75625091013717
365,46880.0,47492.91204739235,46903.63590593095,47124.55756660659,47402.13163620147,-264.0,-6.984593696077354,-239.9999988852578,-176.37113652347398,-50.13119828522758
366,46720.0,47488.44550330931,46781.81543670042,47070.465213386415,47378.10701972631,368.0,-1.9792415972842718,321.7510743697494,121.14025347302595,8.880734511159972
367,47616.0,47488.95356419778,47547.138054670446,47366.838073552644,47419.89310522379,288.0,2.685676647710352,286.5185312240901,171.79189694255547,31.98074075866316
368,47296.0,47493.81685660473,47354.8524991486,47414.049007271526,47442.06850124364,96.0,6.501486902539909,101.97694022114592,106.23543735464773,29.47882108203339
369,47808.0,47501.95653800286,47751.09193511274,47579.30894826194,47478.850747387856,152.0,9.08993001332783,111.69911152782879,50.91441512138044,20.32478351361351
370,47600.0,47511.99671663139,47578.250722204255,47515.87783751429,47482.718068270864,-336.0,10.243095589361474,-281.58760188720044,-105.49219199051367,-1.9967757034537499
371,47136.0,47522.44272918158,47187.91673133834,47368.32456428091,47474.85719598095,-160.0,9.95786532810962,-130.7503341742231,-31.39099109291783,9.081987509136525
372,47280.0,47531.91244728761,47316.75005385581,47453.09585532845,47500.88204328914,424.0,8.429086025655124,363.1618896990367,171.31921871176746,37.068949472643
373,47984.0,47539.30090123289,47914.24051073641,47710.96300170445,47548.995094926235,192.0,5.998364751267218,198.11471266013177,121.34864722822022,26.362806383411225
374,47664.0,47543.90917679014,47712.97947917607,47695.79314978489,47553.60765605596,48.0,3.0691269376766286,43.63636432002022,0.7267229728895472,-0.9070560674772423
375,48080.0,47545.439155108244,48001.51323937645,47712.41644765023,47547.18098279128,-408.0,0.023140445078752236,-382.85635680401174,-167.1684783095552,-33.06762412511671
376,46848.0,47543.9554576803,46947.26676556805,47361.45619316578,47487.472407805726,-32.0,-2.845967925815785,-42.39000263048001,-94.23215790155518,-27.73495459527112
377,48016.0,47539.74721925661,47916.73323411549,47523.952131847116,47491.71107360074,-48.0,-5.369406553749286,-54.70988419276182,-83.52799539510306,-21.975780524946458
378,46752.0,47533.2166445728,46837.846997182525,47194.400202375575,47443.52084675583,-408.0,-7.503509175516228,-358.37505715372754,-108.35182828375036,-13.61418450711426
379,47200.0,47524.74020090558,47199.983119808036,47307.248475279615,47464.48270458651,408.0,-9.302043886680622,362.0517216657099,166.4725105438447,34.18599306000033
380,47568.0,47514.61255679944,47561.950440513945,47527.345223463264,47511.892832875834,360.0,-10.838620232047106,331.71952327564213,199.7693599152808,44.604769933117495
381,47920.0,47503.062960441486,47863.42216635932,47706.78719511018,47553.692244452744,-16.0,-12.142162517284305,18.582557641959284,72.83556920199771,23.484023799548595
382,47536.0,47490.32823176487,47599.11555579786,47673.01636186726,47558.86088047493,56.0,-13.170530324976426,51.27116842785108,34.73734769071234,6.3116800459320075
383,48032.0,47476.72189979153,47965.96450321502,47776.2618904916,47566.31560454461,72.0,-13.809946737390419,36.67146349227187,-24.623526129853417,-15.829495703092107
384,47680.0,47462.70833829009,47672.45848278241,47623.76930960755,47527.20188906875,-384.0,-13.904123627955414,-331.21360652057047,-180.6079260802726,-46.75362102242434
385,47264.0,47448.91365253562,47303.53729017388,47415.04603833106,47472.80836249976,-168.0,-13.329574193776352,-171.23474173913564,-133.20025211096436,-43.953108443998644
386,47344.0,47436.04918990254,47329.988999304136,47357.368805385624,47439.29567218075,-40.0,-12.0672844882356,-43.60329434906089,-50.99283025262048,-28.747906709970266
387,47184.0,47424.77908355915,47216.33070147576,47313.060377825816,47415.31254907982,32.0,-10.240967764148081,47.99520955042681,20.221761353099282,-12.41749564694328
388,47408.0,47415.56725437424,47425.97941840499,47397.81232809182,47414.46068088686,360.0,-8.123172178384266,299.5458089541971,79.65811431191469,-0.5288341486120771
389,47904.0,47408.53273920238,47815.42231938415,47472.376606449645,47414.254880782595,-408.0,-6.085072184676392,-368.83968069902767,-141.24741841735522,-24.693056065134442
390,46592.0,47403.39711000489,46688.300057006934,47115.31749125711,47365.074568756594,-376.0,-4.5255531510629226,-330.22779874356274,-95.40036956398035,-10.526583588176436
391,47152.0,47399.48163290026,47154.96672189703,47281.575867321684,47393.20171360624,680.0,-3.7796880188107025,584.0471489492484,231.04630972541418,40.18723052996211
392,47952.0,47395.837733967266,47856.39435490543,47577.41011070794,47445.44902981652,80.0,-4.00591629201881,120.85253296155133,108.53929874023015,26.91976770110341
393,47312.0,47391.46980031622,47396.67178782013,47498.654464802145,47447.04124900845,-40.0,-5.151270817219483,-36.36362798466507,14.57158649527264,8.344281642352144
394,47872.0,47385.53519233283,47783.6670989361,47606.553283698486,47462.13759310122,-80.0,-6.961200192246906,-74.09694959897388,-24.824539254415868,-5.396776252164273
395,47152.0,47377.547399931726,47248.47788862218,47449.00538629331,47436.24769650412,-64.0,-9.02513293228185,-33.37201180755437,-9.045204258512967,-11.677511771897116
396,47744.0,47367.48492646826,47716.92307532099,47588.46287518146,47438.78256955743,416.0,-10.862307165505626,333.0605633037849,61.688926478876965,-12.725998468820762
397,47984.0,47355.822785600714,47914.59901522975,47572.38323925107,47410.79569956648,-488.0,-12.031069537159055,-443.5620284619399,-221.88801630485978,-56.6470850126243
398,46768.0,47343.422787393945,46829.79901839711,47144.68684257174,47325.48839953218,-520.0,-12.218288447915256,-481.57186032761456,-239.35297539345993,-57.432880057691364
399,46944.0,47331.386208704884,46951.45529457452,47093.67728846415,47295.929939451096,184.0,-11.262730966591334,158.93274905004728,23.829090124487266,-11.961963108529744
400,47136.0,47320.89732546076,47147.66451649721,47192.345022820715,47301.56447331512,272.0,-9.159484496885852,254.53180440869983,126.84024576691809,13.912757529782539
401,47488.0,47313.06723971111,47460.51890339192,47347.35777999798,47323.75545451066,208.0,-6.04122508105138,175.44890385432882,84.69164717626336,13.978753921073803
402,47552.0,47308.81487529866,47498.562324205865,47361.72831717324,47329.52198115727,-344.0,-2.125216078809899,-280.62611032257337,-80.76530423812073,-5.3573742955341
403,46800.0,47308.81680755349,46899.26668274678,47185.82717152174,47313.04070591959,88.0,2.3357152614480583,71.95239879526707,17.0124401093708,9.170760058310407
404,47728.0,47313.486305821556,47642.4671217964,47395.75319739198,47347.86350127389,240.0,7.075567896310531,192.10257367698796,43.8026245662295,15.815970417988865
405,47280.0,47322.96794334611,47283.47183010075,47273.4324206542,47344.67264675557,-408.0,11.819190655405691,-341.63614119186605,-125.60456641067503,0.042777819457114674
406,46912.0,47337.12468713237,46959.19483941267,47144.54406457063,47347.9490569128,-104.0,16.280914666374883,-88.30279362473448,-12.616323798258236,25.07386300287544
407,47072.0,47355.52977267886,47106.86624285128,47248.199773057684,47394.82037276132,432.0,20.170831458457542,363.72200426732525,191.7555950158967,63.012334486582404
408,47776.0,47377.46635004928,47686.63884794732,47528.05525460243,47473.97372588597,64.0,23.20993317387547,91.2474582603063,155.88310884595558,64.05203941894797
409,47200.0,47401.949639026614,47289.361159371896,47559.965990749595,47522.92445159922,464.0,25.160670270877745,459.04718561493064,211.89373152196276,65.0969482932087
410,48704.0,47427.78769059104,48604.73321917718,47951.84271764635,47604.167622472385,16.0,25.85979657527423,8.895716533741506,15.798085719936353,26.251551996789203
411,47232.0,47453.66923217716,47307.15259243938,47591.56216218947,47575.427555592796,-560.0,25.26091053768687,-521.1943027143643,-180.49947436215007,-11.56868909995319
412,47584.0,47478.30951166641,47562.34461374845,47590.84376892205,47581.03024427248,192.0,23.443198969220248,146.9150900513123,2.703491193613445,5.454200893309462
413,47616.0,47500.5556301156,47600.982772542004,47596.969144576695,47586.335957379415,-72.0,20.604900981848914,-36.447978496424184,-3.3900520570132358,3.8225109759041516
414,47440.0,47519.51931363011,47489.4486567556,47584.063664808025,47588.67526622429,160.0,17.036484085794655,135.70916799159022,59.12635263534321,9.773072156087437
415,47936.0,47534.62859828719,47872.401108525184,47715.22184984738,47605.88210169159,80.0,13.075973056318617,64.95799439549592,20.769109963046503,0.7009405518838321
416,47600.0,47545.67125974275,47619.36464554659,47625.60188473412,47590.077147328055,-192.0,9.06121739784794,-156.2132352456283,-76.81902274620734,-16.301096997132845
417,47552.0,47552.75103308289,47559.97463803393,47561.58380435497,47573.279907697324,16.0,5.288292983346764,-19.516817343017465,-59.22617820166488,-15.733244245864626
418,47632.0,47556.24784570944,47580.33101086056,47507.14952833079,47558.610658836325,-344.0,1.9796502209246682,-298.3539604959042,-116.8595118587873,-18.338715919184324
419,46864.0,47556.71033352474,46963.26671704212,47327.86478063739,47536.602475858956,112.0,-0.7261996030792943,104.18552878624905,52.64764262529934,11.621940815581183
420,47856.0,47554.79544650328,47788.70206843306,47612.44481358139,47581.85454046749,344.0,-2.7753141497560136,324.394843787406,162.8024397346926,31.544791631902626
421,47552.0,47551.159705225225,47612.05640461693,47653.46966010678,47599.69205912276,136.0,-4.214775902466499,123.63635926853749,91.75967657877845,20.222121611415787
422,48128.0,47546.36589469835,48035.97478697013,47795.964166738944,47622.29878369032,-48.0,-5.180018416544044,-54.109985971910646,-23.523409998360876,-2.67833624792911
423,47456.0,47540.79966839214,47503.83643267311,47606.422840110055,47594.3353866269,-336.0,-5.864193482615519,-275.0538877556937,-114.32990657385744,-21.046627732070192
424,47456.0,47534.63750773312,47485.867011458744,47567.30435359123,47580.20552822618,184.0,-6.503096500055108,131.36563607935386,16.53369027678491,-7.919581989415747
425,47824.0,47527.79347539203,47766.56770483182,47639.490220663625,47578.49622264807,-8.0,-7.335702106356621,-6.460782467835088,-20.069022595795104,-13.984494445703604
426,47440.0,47519.966103520404,47472.945446523074,47527.16630839964,47552.23653933477,-144.0,-8.542875148959865,-128.8950256933531,-68.74075806416295,-20.64785634656073
427,47536.0,47510.70772509411,47508.77765344511,47502.0087045353,47537.20050995495,-120.0,-10.197889585266239,-100.27952585242747,-42.1532515966901,-14.97600388207502
428,47200.0,47499.57032434987,47272.38639481822,47442.85980520626,47522.28453157062,144.0,-12.235009514010017,125.54071546421619,62.28100327408538,1.1982481942031882
429,47824.0,47486.23770606609,47759.859084373544,47626.57071108347,47539.597006343356,192.0,-14.451697179643816,166.76811142302176,84.99626141894987,3.09232508990317
430,47584.0,47470.666929990584,47605.92261766426,47612.85232804416,47528.46918175043,-80.0,-16.538924187952944,-44.32337838794774,0.707780982767872,-13.904365505404712
431,47664.0,47453.15985769018,47671.21232759765,47627.986273049006,47511.78827533255,144.0,-18.128260776164097,101.35134792164536,-2.8729184706535307,-24.291492651256704
432,47872.0,47434.410408438256,47808.62531350755,47607.10649110285,47479.886196447915,-280.0,-18.867122143197776,-255.50399096718684,-153.32653639472483,-51.50776906223837
433,47104.0,47415.425613403786,47160.204345663275,47321.333200259556,47408.77273720807,-320.0,-18.5118612094775,-291.3556951130595,-177.1066907135173,-55.87482237943914
434,47232.0,47397.3866860193,47225.913923281434,47252.89310967582,47368.13655168904,80.0,-16.973379743492842,35.279194025340985,-57.99353574583074,-33.82935793458091
435,47264.0,47381.4788539168,47230.76273371396,47205.346128767895,47341.11402133891,-200.0,-14.345501397230692,-161.33752099767662,-76.87391652397491,-23.16682928318187
436,46832.0,47368.69568322484,46903.23888128608,47099.14527662787,47321.80289312267,32.0,-10.897094726289652,28.67055400251047,27.371786173906003,5.179016439895349
437,47328.0,47359.68466446422,47288.10384171898,47260.08970111571,47351.4720542187,200.0,-7.025627205064666,185.38416902779136,126.98927504569292,30.842763806962466
438,47232.0,47354.64442881471,47274.00721934166,47353.12382671925,47383.4884207366,184.0,-3.179292506436468,195.93947433100402,153.59603896317276,39.59078755473092
439,47696.0,47353.32607945135,47679.982790380986,47567.28177904205,47430.65362932816,384.0,0.22651932304506772,325.8895229442387,149.79884184382172,33.89789005796774
440,48000.0,47355.0974674608,47925.78626523014,47652.7215104069,47451.28420085253,-200.0,2.8815448372224637,-182.57141740175575,-88.19951343170396,-6.805218432997208
441,47296.0,47359.08916912579,47314.839955577474,47390.882752178644,47417.043192462166,-520.0,4.647123757771624,-459.44031336364424,-214.39738213892997,-28.188848767262243
442,46960.0,47364.391714976344,47006.90563850285,47223.92674612904,47394.90650331801,-80.0,5.576696431529854,-73.40612456036979,-34.99263298508595,-0.39136397825495806
443,47136.0,47370.24256198885,47168.027706456734,47320.89748620847,47416.260464505656,344.0,5.9024841343562,321.260600237536,189.41948318367213,35.366984412929014
444,47648.0,47376.196683245056,47649.426838977924,47602.76571249638,47465.64047214387,536.0,5.975423760348349,488.53332741079794,259.2510825360987,40.262031245401886
445,48208.0,47382.19340950955,48145.09436127833,47839.39965128067,47496.78452699646,200.0,6.174175760148501,181.13932869205382,52.33376442462031,-4.416718797579961
446,48048.0,47388.54503476535,48011.70549636203,47707.43324134562,47456.80703454871,-600.0,6.814392197837151,-561.0638192476217,-302.24978926223775,-69.53714072032017
447,47008.0,47395.822193905224,47022.96672278309,47234.900072756194,47357.71024555582,-728.0,8.046959796050942,-667.7027235220194,-359.0831322113263,-81.6112767150953
448,46592.0,47404.638954357455,46676.30004931799,46989.26697692297,47293.584481118516,176.0,9.818222119567508,123.71687014834606,-46.99960737174115,-29.0465403813796
449,47360.0,47415.45863814436,47270.40046307978,47140.90085801271,47299.61716479306,96.0,11.888941410099505,97.21943213718623,42.084310096099216,3.0135419142025057
450,46784.0,47428.416837177654,46870.738913592366,47073.43559711517,47299.61156494692,8.0,13.888866480760043,34.033018474401615,77.25253766003516,25.774978401201224
451,47376.0,47443.23637110588,47338.46650002858,47295.40593333278,47351.16712159546,312.0,15.44343090415714,280.06008657913117,181.6733028840099,50.31391272831752
452,47408.0,47459.30369898597,47430.85908675063,47436.78220288319,47400.239390403556,208.0,16.29673714380624,206.68802047516874,155.76737099199454,48.68423832827102
453,47792.0,47475.82984539349,47751.84254097892,47606.94067531677,47448.535598252005,128.0,16.399224137443525,120.19615912291192,77.62881009196644,31.122987761049444
454,47664.0,47492.102147260855,47671.25140499645,47592.03982306712,47462.485365925655,-40.0,15.958390211224469,-44.334111000207486,-50.880940716087935,3.874035969929537
455,47712.0,47507.74662581594,47663.174318978505,47505.178793884596,47456.283670191864,-576.0,15.414504806129116,-529.9923127047514,-190.27163224022297,-18.98751222419378
456,46512.0,47522.931156873114,46611.26677958695,47211.496558586674,47424.51034147727,208.0,15.341366403081338,188.26281227368236,56.066043995411746,13.852188359262072
457,48128.0,47538.4293586221,48039.69994352587,47617.31088187542,47483.98804691039,576.0,16.300909589019284,520.8832494171074,150.46976422645093,27.277107778645586
458,47664.0,47555.53297605115,47653.033278421164,47512.436087039576,47479.06455703456,-616.0,18.707291453632934,-527.3501117059968,-180.65675131605167,-14.170262024104886
459,46896.0,47575.84394152937,46984.999720113876,47255.997379243316,47455.64752286218,-120.0,22.705953717093507,-137.1851190308189,-76.44001817459866,4.565341970726877
460,47424.0,47600.94488348534,47378.663040359526,47359.55605069038,47488.19524097601,192.0,28.095119072029775,166.97852204327137,71.33669679225204,35.757480162639695
461,47280.0,47632.03417967343,47318.95676420042,47398.67077282782,47527.16248318746,128.0,34.35254875362443,135.07754484298493,98.45010855134751,51.32536637081648
462,47680.0,47669.64998099259,47648.818130045496,47556.45626779307,47590.845973717645,208.0,40.704114683019725,173.95201607254785,96.0136288617905,59.225789216066914
463,47696.0,47713.44240903947,47666.860796345514,47590.6980305514,47645.61406161959,-160.0,46.245058976277505,-127.65335197241075,-18.409221965972392,52.24879098292877
464,47360.0,47762.14009894514,47393.511426100675,47519.63782386113,47695.3435556835,-136.0,50.0966266444193,-105.7922397414477,8.758705240295967,66.49667184808277
465,47424.0,47813.635662328306,47455.27631686262,47608.21544103199,47778.60740531576,232.0,51.56451840623049,218.14647507504196,180.6853376868603,100.99421989804614
466,47824.0,47865.269135757604,47829.80437625076,47881.00849923485,47897.331995479595,416.0,50.257455726143235,403.5499406419294,301.2973078202813,122.39118993781813
467,48256.0,47914.15057378059,48262.37619814648,48210.810056672555,48023.38978519139,512.0,46.11588073111852,471.5856864102643,307.20658577398353,114.42727897136501
468,48848.0,47957.50089721984,48772.97574907129,48495.42167078282,48126.186553422325,136.0,39.424129170020024,128.34542249911465,108.32244950166933,66.70609590204913
469,48528.0,47992.99883212063,48519.06704314471,48427.454955675894,48156.80197699549,-352.0,30.736491890143952,-298.5734902030272,-118.23923726897192,12.055522422939248
470,48144.0,48018.97388100013,48175.82876866523,48258.94319624487,48150.297598268204,-200.0,20.7549446010853,-184.0944311533167,-111.04016130858872,-6.189498813873797
471,48128.0,48034.5087213228,48150.87818083807,48205.37463305872,48144.422979367744,136.0,10.226717522571562,89.44031636322325,-14.881246656797884,-5.053469932074222
472,48416.0,48039.42731604527,48354.70940139168,48229.18070293128,48140.190658404055,-104.0,-0.16402845003904076,-102.62177248799344,-69.60357866179766,-18.0227880434868
473,47920.0,48034.180664422725,47945.63463586209,48066.16747573512,48108.37740328077,-344.0,-9.862212197189365,-280.9015862191518,-89.92948932859508,-22.394384959246963
474,47728.0,48019.70289165089,47792.906228953376,48049.32172427409,48095.40188848556,512.0,-18.42258065313945,449.5492938784082,143.81511067600877,5.3945796290718135
475,48944.0,47997.33550311645,48844.7332236189,48353.79769708714,48119.166562538914,16.0,-25.497040429894696,19.614775673642725,9.374821356621396,-17.476997819703683
476,47760.0,47968.708810791104,47832.13578030066,48068.07136698733,48060.447892846154,-440.0,-30.83297190982921,-393.7867607487533,-131.69064660614094,-43.69627505045355
477,48064.0,47935.66955929679,48057.1597021214,48090.41640387486,48031.77401243801,232.0,-34.252417066185444,190.82243242773256,35.55323882495213,-30.285179786242225
478,48224.0,47900.20397665873,48213.78064515613,48139.177844637234,47999.87753327367,120.0,-35.67566072437694,105.52416881534009,6.35036308099734,-43.10260250065767
479,48304.0,47864.318237848034,48268.20803975208,48103.11713003685,47945.56880743669,-120.0,-35.21077427439377,-124.53240664365512,-136.5021495819601,-72.23028546514252
480,47984.0,47829.782428109946,47964.715831868816,47866.17354547331,47855.416962343385,-504.0,-33.246965952406754,-467.4480502161423,-295.8568118268777,-96.58099697613943
481,47296.0,47797.82430594322,47333.31193931979,47511.403506383096,47752.40681348441,-392.0,-30.493036983727507,-377.30919427310437,-247.0682858986729,-80.18980818475029
482,47200.0,47768.79635414249,47210.09744332261,47372.03697367597,47695.037345973884,-80.0,-28.002465228495566,-72.72727938416574,-53.3480458691447,-32.61760021183363
483,47136.0,47741.81937548623,47187.85738055146,47404.70741464481,47687.171613060746,248.0,-27.113870101278735,242.95129472795816,167.02414829124245,19.692847739897843
484,47696.0,47714.56861393993,47696.000032778524,47706.08527025845,47734.42304145368,544.0,-29.3070402109297,503.92127372078903,306.42049074287206,49.17258046561619
485,48224.0,47683.20529506437,48195.69992799304,48017.54839613055,47785.51677399198,392.0,-36.026214760539006,356.5166228367998,208.23732393737373,29.169571237900527
486,48480.0,47642.516184418855,48409.03327845212,48122.5599181332,47792.76218392948,-312.0,-48.41889214541516,-265.6999399506094,-73.70851893075087,-27.116480866025086
487,47600.0,47586.36751077354,47664.30004809182,47870.13135826905,47731.28381225993,-352.0,-67.14470600616914,-299.0333072308713,-117.36288072962998,-54.91418105655612
488,47776.0,47508.22677240652,47810.96666399038,47887.83415667394,47682.93382181637,424.0,-92.18677542737714,342.2166332361521,73.61987674186093,-53.003299352738395
489,48448.0,47401.993959918786,48348.733314564124,48017.37111175277,47625.27721355445,-208.0,-122.64420754457024,-182.219235356024,-85.77748904478722,-98.79274758419706
490,47360.0,47262.938357317376,47446.52819327833,47716.279178584366,47485.348326647974,-304.0,-156.67624970156612,-266.62839352939045,-122.95234387621895,-133.6614705740758
491,47840.0,47088.64146051565,47815.47652750534,47771.46642400033,47357.9542724063,304.0,-191.52839481698902,246.33097175374496,20.92045741613765,-151.49634062136465
492,47968.0,46879.8815676834,47939.19013678582,47758.12009341664,47182.355645405245,-16.0,-223.63114858456902,-20.335706790421682,-118.28628387537174,-214.88084473078925
493,47808.0,46641.379163346515,47774.8051139245,47534.89385624959,46928.19258294472,-504.0,-248.8338805817948,-489.5950719038592,-399.061762823123,-298.1534333132877
494,46960.0,46382.21380651981,46959.999992978104,46959.996567770395,46586.04877877867,-688.0,-262.76835907670466,-668.0553086972832,-538.0572721341341,-360.84136522711924
495,46432.0,46115.842445193106,46438.69449652993,46458.77931198132,46206.50985249048,-472.0,-261.3451893025922,-475.3472424920765,-485.38687847741676,-390.81343366366127
496,46016.0,45859.523427914624,46009.30550799395,45989.22281081556,45804.42191145135,-672.0,-241.31317615446096,-675.3472481790341,-685.3897860732759,-412.6668454665669
497,45088.0,45633.216092884184,45088.000000171865,45087.99973983477,45381.17616155735,-1160.0,-200.81344805384288,-1131.0711428429604,-988.8959354138788,-408.586941816131
498,43696.0,45457.89653180694,43747.16322230803,44011.430939987804,44987.248027819085,-672.0,-139.911950639751,-662.7692308306323,-628.7359051872882,-329.3657323473126
499,43744.0,45353.39219160468,43762.4615385106,43830.52792946019,44722.44469686272,168.0,-60.96678197462461,107.60600875556702,-137.6390457975176,-215.88109611322216
500,44032.0,45335.96296785769,43962.375239819165,43736.15284839277,44555.48583559264,-280.0,31.26892260508248,-279.91745636333144,-242.2986568710403,-140.78456949044994
501,43184.0,45415.93003681485,43202.62662578394,43345.93061571811,44440.87555788182,-576.0,129.87084418426457,-534.9081283478226,-309.25692481559963,-51.766499816731084
502,42880.0,45595.70465622622,42892.55898312352,43117.63899876157,44451.95283595918,-272.0,226.32056366609686,-247.2727270428295,-109.47211757575496,89.67491987532048
503,42640.0,45868.57116414704,42708.08117169828,43126.9863805666,44620.225397632465,488.0,311.4635517873685,481.7205086841677,369.1806208359849,267.2838315549052
504,43856.0,46218.631759800955,43856.000000491855,43856.00024043354,44986.52049906899,1328.0,376.6949161060511,1293.9594138759094,1084.5067156239784,422.8211263899757
505,45296.0,46621.96099635914,45295.9999994501,45295.99981181456,45465.867650412416,1216.0,415.2070920692604,1215.999999894797,1215.9999323917655,650.7396967322966
506,46288.0,47049.045943939476,46288.00000028145,46288.00010521707,46287.99989253358,2080.0,423.0835010876435,2080.0000005792645,2080.0000861925837,1762.9478525869454
507,49456.0,47468.12799853443,49456.00000060863,49455.99998419973,48991.76335558631,2608.0,399.9869753977837,2578.6527512725515,2436.0791237682315,1576.8368521246884
508,51504.0,47849.01989473504,51445.30550282655,51160.15835275353,49441.67359678296,920.0,349.3088637351175,949.3472221806041,928.3253126719319,346.7939210358054
509,51296.0,48166.745726004665,51354.694444969835,51312.65060954359,49685.35119765792,272.0,277.63790775650705,251.71390422090553,160.81756156185656,163.14516075784923
510,52048.0,48404.29571024806,51948.73331126836,51481.793475877246,49767.96391829866,-56.0,193.7235590252567,-85.3472485716884,-113.9603957277177,-31.38908344432275
511,51184.0,48554.19284405518,51183.99994782646,51084.729818088155,49622.57303076927,-1080.0,107.09863300420693,-1030.3666484353635,-796.8968535223248,-223.46223599092627
512,49888.0,48618.49297625647,49888.000014397636,49887.9997688326,49321.039446316805,-1160.0,26.610400236786518,-1159.9999759841303,-1110.364744983348,-329.88161213662534
513,48864.0,48607.41364452875,48863.9999958582,48864.00032812146,48962.80980649602,-1032.0,-40.7810924995938,-1013.0354520127039,-900.7663522039256,-353.289149495984
514,47824.0,48536.930791257284,47861.92911037223,48086.467064424745,48614.46114732484,-568.0,-90.75723112038759,-559.5568482077906,-505.6999710094242,-308.82560180493965
515,47728.0,48425.899182287976,47744.886299442616,47852.60038610261,48345.15860288614,8.0,-121.86850889095513,-32.611313716512086,-171.5664852708287,-238.44461429438888
516,47840.0,48293.193773475374,47796.706482939204,47743.33409388309,48137.57191873606,-176.0,-135.2317014677792,-164.64740180739318,-157.5992452779792,-192.70808821327955
517,47376.0,48155.43577935242,47415.59149582783,47537.40189554665,47959.74242645958,-208.0,-133.8488591337591,-183.15750797223882,-125.23125056310892,-148.64237095349745
518,47424.0,48025.496055207856,47430.391466994726,47492.87159275687,47840.287176829064,64.0,-121.79379025810704,46.75730614054555,-10.0945064113439,-98.64089078906545
519,47504.0,47911.848198836204,47509.10610810892,47517.212882723965,47762.46064488145,128.0,-103.39678746576101,104.24518165878544,30.947731329077214,-64.90349970353782
520,47680.0,47818.70248027633,47638.8818303123,47554.767055415025,47710.48017742199,-96.0,-82.56702893592956,-75.81512623512754,-25.062299601428094,-50.45645858836724
521,47312.0,47746.714140964345,47357.475855638666,47467.08828352111,47661.54772770472,-72.0,-62.37431486498099,-54.026696480283135,-10.134630133365135,-31.455063332032296
522,47536.0,47693.95385054637,47530.82843735173,47534.497795148294,47647.570050757924,184.0,-44.886992318301054,147.49476847173355,66.65840920133269,-8.399174408896215
523,47680.0,47656.94015632774,47652.46539258213,47600.405101923774,47644.749378886925,-40.0,-31.18254238071313,-16.036081858925172,26.109857737370476,-4.583202926656668
524,47456.0,47631.588765784945,47498.75627363388,47586.717510623035,47638.40364490461,64.0,-21.48880946404097,60.072249221146194,51.67116401077874,2.7744482629204867
525,47808.0,47613.96253739966,47772.609891024425,47703.74742994533,47650.298275412766,104.0,-15.403911905432324,96.90307251266131,64.90363429495847,4.00954427878969
526,47664.0,47600.78094197408,47692.5624186592,47716.52477921295,47646.42273346219,64.0,-12.117076865069976,62.764620930785895,39.039738874100294,-4.754405277464684
527,47936.0,47589.72838366952,47898.139132886,47781.82690769353,47640.78946485784,24.0,-10.658480813213828,16.27237865677307,-11.784417672657582,-20.393795361462253
528,47712.0,47579.46398034765,47725.10717597275,47692.95594386764,47605.635142739266,-104.0,-10.025346086222271,-107.4960770495054,-98.39299189207668,-40.47256498160641
529,47728.0,47569.677691497076,47683.14697878699,47585.04092390938,47559.844334894624,-280.0,-9.336642697260686,-266.2253032508488,-179.39455800356518,-54.19859109991012
530,47152.0,47560.79069495313,47192.65656947105,47334.16682786051,47497.237960539445,-328.0,-7.963641694735998,-287.20756196065486,-159.79068211861886,-45.344476328209566
531,47072.0,47553.750408107604,47108.73185486568,47265.45955967214,47469.155382238205,128.0,-5.521676240510715,99.73455972299053,28.022511647708598,-8.224809189327061
532,47408.0,47549.74734247211,47392.12568891703,47390.211851155924,47480.78834216079,216.0,-1.897776794488891,204.02227863650114,115.85821706174102,15.272377030625648
533,47504.0,47549.954854518626,47516.77641213868,47497.17599379562,47499.700136299456,208.0,2.7329831512615783,188.53278391502317,103.55213953751445,18.69680095363583
534,47824.0,47555.21330877463,47769.19125674708,47597.31613023095,47518.18194406806,-16.0,7.925362844711344,-21.628871656186675,-13.201798449197668,3.190904972012504
535,47472.0,47565.80558020805,47473.518668826306,47470.77239689723,47506.08194624348,-336.0,12.98239334916434,-288.0792437892487,-127.15753488511109,-10.395900512408843
536,47152.0,47581.17809547296,47193.03276916858,47343.00106046073,47497.390143043245,-80.0,16.955573154242302,-75.32205381482709,-32.2708062061356,8.577703951927106
537,47312.0,47599.71672651653,47322.87456119665,47406.23078448496,47523.237354147335,200.0,18.660767641162238,184.21459801132733,110.34511626670428,36.4090788114554
538,47552.0,47618.49963075529,47561.461965191236,47563.69129299414,47570.208300666156,320.0,16.70222123284475,285.8972299507732,163.30615500625572,47.88136155212851
539,47952.0,47633.12116898222,47894.6690210982,47732.84309449747,47619.00007725159,40.0,9.58006937544269,46.552161397961754,59.573348752059246,32.1417804480152
540,47632.0,47637.65976950617,47654.56628798716,47682.83799049826,47634.49186156219,-152.0,-4.142305122219113,-127.27129317524668,-24.586108750077983,15.616377388705587
541,47648.0,47624.836558737785,47640.126434747704,47683.67087699731,47650.232832029,-72.0,-25.617237119739002,-53.80767950091831,18.668324997706804,15.852612068265444
542,47488.0,47586.425295266694,47546.95092898532,47720.17464049367,47666.19708569872,224.0,-55.42610635062374,208.33215063457465,152.59108374319476,24.874107954652573
543,48096.0,47513.98434603654,48056.790736016854,47988.8530444837,47699.98104793831,328.0,-93.31123483382908,307.0404756454591,215.10492623188475,13.983014636502048
544,48144.0,47399.802825599036,48161.03188027624,48150.38449295744,47694.16311497172,176.0,-137.94038364501102,189.40054564060483,164.72369495245948,-28.30977721799718
545,48448.0,47238.103578746515,48435.59182729806,48318.30043438862,47643.361493502314,240.0,-186.79797375892667,212.51908351213206,103.06615862548642,-91.03354679429322
546,48624.0,47026.20687808118,48586.070047300505,48356.51681020841,47512.096021383135,-32.0,-236.28963198464407,-39.17154349504199,-95.52521907600021,-186.86067105002076
547,48384.0,46765.52431477723,48357.24874030798,48127.24999623662,47269.64015140227,-504.0,-282.023979573416,-481.02111100491675,-357.6418158534834,-298.1738624107529
548,47616.0,46462.15891893435,47624.02782529067,47641.23317850145,46915.74829656163,-584.0,-319.2684201996817,-574.6382830116781,-473.40022848445005,-388.90444001255673
549,47216.0,46126.987474377864,47207.97217428462,47180.44953926772,46491.83127137716,-1032.0,-343.49207925613155,-1036.0139125304886,-1044.6158689600197,-603.6742339307784
550,45552.0,45775.17476042209,45552.000000229695,45552.00144058141,45708.39982870007,-1168.0,-350.93786160249147,-1163.9860874595906,-1150.225887322751,-632.0626789269227
551,44880.0,45425.11175117288,44879.99999936544,44879.99776462222,45227.705913523314,-696.0,-339.1149805547393,-695.9999996252227,-695.9962387110827,-463.308619500589
552,44160.0,45096.94479931261,44160.00000097925,44160.00896315924,44781.782589698894,-648.0,-307.11817919845635,-646.9516642872477,-608.1573665330616,-414.83419433947347
553,43584.0,44810.87539277597,43586.09667079095,43663.683031556095,44398.03752484437,-536.0,-255.77182991352674,-524.6352623474377,-456.4844158250926,-343.0431886123115
554,43088.0,44585.401139485555,43110.729476284374,43247.04013150906,44095.69621247427,-368.0,-187.5943137467948,-361.71981308472095,-337.1228342925169,-251.95650174638286
555,42848.0,44435.68676528238,42862.657044621505,42989.43736297106,43894.1245213516,-168.0,-106.60258687092937,-174.78720855533538,-186.8840870524582,-149.26546505508668
556,42752.0,44372.1959657437,42761.1550591737,42873.27195740414,43797.1652823641,-64.0,-17.987584049300494,-55.7266895793,-55.52942686485767,-44.70097486930172
557,42720.0,44399.71159718378,42751.203665462905,42878.378509241345,43804.722571613,168.0,72.30638046174136,146.0669336037281,84.29580645787792,61.79341782955089
558,43088.0,44516.80872666718,43053.28892638116,43041.863570319896,43920.7521180232,128.0,158.07556786673376,128.52989282405179,140.4168462384987,157.66715231136186
559,42976.0,44715.862732917245,43008.26345111101,43159.21220171834,44120.05687623572,88.0,233.40282615012984,116.29178028489332,208.95473225761452,256.50760202430683
560,43264.0,44983.61437896744,43285.872486950946,43459.773034835125,44433.76732207181,616.0,293.2464992538953,599.8682746553313,524.3939234095087,372.1988119396847
561,44208.0,45302.355731425036,44208.00000042167,44208.00004853736,44864.45450011509,1072.0,333.96968424395163,1061.0637564567296,974.1135046622658,487.1254580209388
562,45408.0,45651.55374745534,45407.999999864405,45408.00004415966,45408.01823811369,1536.0,353.74830386164103,1535.999999619762,1535.999824954517,852.4735052255128
563,47280.0,46009.85233914832,47279.999999661195,47279.999698446394,46569.40151056612,1272.0,352.7977523949339,1268.357933341762,1205.572710026816,793.3289376875946
564,47952.0,46357.14925224521,47944.71586654793,47819.14546421329,46994.67611348888,560.0,333.31301647529835,544.1042185940823,451.31244453775435,377.4084085972099
565,48400.0,46676.478372098914,48368.20843684936,48182.6245875219,47324.218327760536,264.0,299.09881249973114,264.5347545482218,254.7914170695658,275.75313065968294
566,48480.0,46955.34687724467,48473.78537564437,48328.72829835242,47546.182374808246,80.0,254.99103752161318,74.50381701687365,70.46786000672364,175.2731657881195
567,48560.0,47186.46044714214,48517.21607088311,48323.56030753535,47674.764659336775,-168.0,206.15270607467392,-170.4889503457489,-123.38783704939124,84.32051749536913
568,48144.0,47367.65228939402,48132.807474952875,48081.95262425364,47714.823409798984,-488.0,157.3637652534453,-449.12689286398745,-272.6313711548901,18.599920952157845
569,47584.0,47501.18797764903,47618.96228515513,47778.29756522557,47711.96450124109,-352.0,112.45384972236207,-330.2780923239552,-206.5062764152899,3.5393165041641623
570,47440.0,47592.559988838744,47472.251290304965,47668.94007142306,47721.90204280731,16.0,73.99169266265017,14.545456674648449,5.112541909024003,24.032643706585077
571,47616.0,47649.17136297433,47648.05319850443,47788.52264904362,47760.02978865426,488.0,43.206266890683764,438.7861422326787,205.8439021423619,45.32923527965977
572,48416.0,47678.97252262011,48349.82357477032,48080.62787570778,47812.56051336663,296.0,20.15785662158305,268.1700086064593,124.41916451806173,22.358750380706624
573,48208.0,47689.4870762175,48184.39321571735,48037.36097807974,47804.747289415674,-328.0,4.04818742389034,-283.46428046623987,-128.58640858817307,-27.97585948017877
574,47760.0,47687.06889746789,47782.89501383784,47823.455058531435,47756.608794406275,-304.0,-6.4327674664818915,-287.02313269031583,-182.17839028258823,-48.308055289082404
575,47600.0,47676.621541284534,47610.346950336716,47673.004197514565,47708.13117883751,-120.0,-12.746879822752817,-120.8133118175283,-113.9487622595916,-43.07105662688991
576,47520.0,47661.57513782239,47541.268390202786,47595.55753401225,47670.466681152495,72.0,-16.267771971892216,37.26339088000532,-39.66789649618295,-30.141163627391506
577,47744.0,47644.08599734075,47684.87373209673,47593.6684045222,47647.84885158273,-176.0,-18.106976200004283,-152.02599762241516,-77.05492722894996,-27.425386990631523
578,47168.0,47625.36118542238,47237.216394957955,47441.44767955435,47615.61590717123,-136.0,-19.04542450956069,-101.57536234901272,-15.49688519067422,-9.852149052931054
579,47472.0,47605.99514832163,47481.7230073987,47562.67463414085,47628.144553476865,320.0,-19.528124684242357,293.12164943426615,166.5642716569273,20.335873979471216
580,47808.0,47586.30493605389,47823.45969382649,47774.57622286821,47656.287655130174,520.0,-19.72161909771239,465.5051250682154,195.1897001614634,20.55748440982279
581,48512.0,47566.5519101262,48412.73325753513,47953.05403446378,47669.25952229651,-328.0,-19.592467727194162,-287.8755464979149,-100.99517117254436,-29.16515671883826
582,47152.0,47547.120000599505,47247.70860083066,47572.58588052312,47597.9573416925,-368.0,-18.9821353018051,-352.13622417698207,-170.1752136790965,-49.00431351939187
583,47776.0,47528.58763952259,47708.46080918117,47612.703607105585,47571.25089525773,168.0,-17.71610579600383,123.0562542563348,-41.53046986474874,-36.943901671882486
584,47488.0,47511.6877890075,47493.82110934333,47489.52494079362,47524.06953834873,-216.0,-15.67292760318378,-185.53415312121433,-122.41619591514609,-45.377879991556256
585,47344.0,47497.241784316226,47337.39250293874,47367.87121527529,47480.495135274614,-216.0,-12.856990520547697,-189.46609171090677,-109.7181178806859,-36.749646310388925
586,47056.0,47485.9738079664,47114.888925921514,47270.08870503225,47450.570245727955,96.0,-9.422848457026703,71.94105259032949,9.261842273081129,-10.196377260261215
587,47536.0,47478.39608740217,47481.2746081194,47386.394899821455,47460.10238075409,112.0,-5.638511918958102,92.75872279486066,41.50364469992928,5.737254063842556
588,47280.0,47474.696784128486,47300.406371511235,47353.09599443211,47462.04475385564,-112.0,-1.854810859036661,-78.8363790519652,3.2490918267103552,11.044610794328037
589,47312.0,47474.6864656841,47323.60185001547,47392.893083474875,47482.19160234275,80.0,1.5645687315991381,81.20472858154972,80.24363078020542,28.656428604248504
590,47440.0,47477.825921591684,47462.815828674335,47513.58325599252,47519.35761106414,272.0,4.309376219465776,253.29312203055815,157.48180051390227,41.133889274595276
591,47856.0,47483.30521812303,47830.188094076584,47707.85668450268,47564.45938089194,280.0,6.184480709616764,238.31273578516993,120.20177076150503,30.524738872394664
592,48000.0,47490.19488301092,47939.441300244674,47753.98679751553,47580.407088808926,-248.0,7.137570615654113,-207.95200726989424,-76.87648822939082,-5.031937642561388
593,47360.0,47497.58035935434,47414.284079536796,47554.1037080439,47554.395505606815,-288.0,7.25353788848588,-239.32510836252914,-102.83123544968112,-16.291807921774307
594,47424.0,47504.70195878789,47460.791083519616,47548.324326616166,47547.82347296538,296.0,6.728972110016912,230.46242158088717,56.382781880347466,-0.38085899316502037
595,47952.0,47511.03830357437,47875.20892269857,47666.86927180459,47553.633787620485,56.0,5.830639654785045,30.462452671807114,-24.02041890927285,-14.107995963870053
596,47536.0,47516.36323809746,47521.71598886323,47500.28348879762,47519.60748103764,-536.0,4.848208804320166,-447.97114386598696,-184.44403860815873,-34.84593253096318
597,46880.0,47520.73472118301,46979.266634966596,47297.981194588276,47483.94192255856,104.0,4.040588476418634,75.8319782153012,6.688303084789368,-5.4684623511529935
598,47744.0,47524.4444150503,47673.37994529383,47513.6600949672,47508.67055633533,272.0,3.6082606443669647,242.123033864249,100.5089478625232,12.96216159353935
599,47424.0,47527.95124247175,47463.512702695094,47498.99909031332,47509.86624574564,-24.0,3.6672304521453043,-12.303729123290395,22.838540502780234,5.48900169758781
600,47696.0,47531.77887595459,47648.77248704725,47559.33717597276,47519.64855973051,-64.0,4.235133615136874,-50.877780411599815,-7.9933263541825,0.9647419713946874
601,47296.0,47536.42150970202,47361.757141871894,47483.01243760496,47511.79572968843,48.0,5.217809749305161,41.770364184128994,17.181480434679543,2.9369564423395786
602,47792.0,47542.2144954532,47732.31321541551,47593.70013684212,47525.52247261519,96.0,6.4256159684373415,72.12215062117684,11.53776765821749,0.4028665575206105
603,47488.0,47549.272741638895,47506.00144311425,47506.08797292139,47512.60146280347,-152.0,7.594046667945804,-136.30455673000324,-78.56817746003071,-11.690936671544478
604,47488.0,47557.40258878909,47459.7041019555,47436.56378192206,47502.1405992721,-208.0,8.401274322794052,-187.7768313812303,-95.24230003830235,-9.75383356776365
605,47072.0,47566.07529028448,47130.44778035179,47315.60337284479,47493.09379566794,-56.0,8.526837071331101,-37.01741984478576,0.8412773451200337,12.007886179238994
606,47376.0,47574.45626293175,47385.66926226593,47438.2463366123,47526.156371630575,360.0,7.722659000981366,303.5677932438193,153.76613207366245,40.57039454416008
607,47792.0,47581.520608286446,47737.583366839426,47623.13563699211,47574.23458475626,56.0,5.858506479115022,79.83093877063948,100.45711887587458,37.18994236350045
608,47488.0,47586.17327588998,47545.33113980721,47639.16057436405,47600.536256357576,88.0,2.964322861043911,94.4034720038253,91.60522455395403,31.928484419197048
609,47968.0,47587.449254008534,47926.39031084708,47806.34608610002,47638.091553594655,208.0,-0.7397008040497894,173.01072527526412,86.35855478598751,21.05987491680935
610,47904.0,47584.69387428188,47891.35259035774,47811.87768393602,47642.656006191195,-120.0,-4.866317335763597,-98.27476870066312,-40.52956019599151,-8.502747093902144
611,47728.0,47577.71661933701,47729.84077344575,47725.28696570804,47621.08605940685,-168.0,-8.920303084836632,-152.30794968322152,-87.94723537396203,-26.91564381400167
612,47568.0,47566.85326811221,47586.736690991296,47635.9832131881,47588.82471856319,-48.0,-12.382997861725016,-49.42062749798424,-55.31214592589458,-31.22010491549736
613,47632.0,47552.95062361356,47630.99951844978,47614.66267385625,47558.645849575856,64.0,-14.793612672710879,39.260419707403344,-29.989202403728996,-33.84657650854206
614,47696.0,47537.26604276679,47665.2575304061,47576.00480838064,47521.13156554611,-128.0,-15.825136413262953,-119.45433601318291,-98.65546128528149,-46.257705752443144
615,47376.0,47521.30035078703,47392.090846423416,47417.351751285685,47466.13043807097,-200.0,-15.355512529316911,-192.7124518656201,-137.97718145211547,-50.49460557159182
616,47296.0,47506.55501770815,47279.83262667486,47300.05044547641,47420.142354402924,-216.0,-13.475740363446675,-193.09508637424733,-115.27608307107585,-39.78096594789895
617,46944.0,47494.34887006014,47005.90067367492,47186.79958514353,47386.56850617517,40.0,-10.447658236189454,35.5714153746776,8.148932238898851,-11.445422918994154
618,47376.0,47485.659701235774,47350.97545742422,47316.348309954206,47397.251508564936,264.0,-6.659705251677224,219.952070870404,99.7228797877724,11.74557781801559
619,47472.0,47481.02945955678,47445.80481541573,47386.24534471908,47410.0596618112,-72.0,-2.5632244938242366,-36.14656492983704,27.019707124407432,9.711136336820346
620,47232.0,47480.533252248126,47278.682327564544,47370.38772420302,47416.673781238576,72.0,1.4036251759753213,66.28914997155152,53.33624158546081,15.847808489306772
621,47616.0,47483.83670990873,47578.38311535883,47492.91782789,47441.75527878982,128.0,4.879355580629635,111.61636458844805,60.989017631971365,16.369261490730423
622,47488.0,47490.291963409385,47501.91505674144,47492.365759466964,47449.41230422004,-16.0,7.591863241432293,-6.892774910189473,1.6308113104496442,5.727640641223843
623,47584.0,47499.0204363916,47564.59756553845,47496.1794505109,47453.210560072264,-16.0,9.37303737797265,-34.3296635106999,-40.09658370061152,-2.7412161441643548
624,47456.0,47509.03803816533,47433.25572972004,47412.17259206574,47443.92987193171,-296.0,10.161027343187016,-245.06318721820207,-105.92056241229147,-9.884194543967169
625,46992.0,47519.34249107797,47074.47119110205,47284.338325686316,47433.44217098433,64.0,9.9676364870611,53.57141689224591,18.334896463737095,11.584407601840212
626,47584.0,47528.97331113945,47540.39856350453,47448.842384993215,47467.09868713539,312.0,8.876199815014843,247.92018992512385,96.92525180350276,27.81145050782652
627,47616.0,47537.094890708,47570.3115709523,47478.18882929332,47489.06507199998,-264.0,7.026522222935455,-198.5291377907488,-39.559141053228814,15.619638464591844
628,47056.0,47543.02635558532,47143.340287923034,47369.72410288676,47498.33796406457,-8.0,4.5971927691025485,9.730156585908844,48.397325036818074,31.38979026781817
629,47600.0,47546.28927624621,47589.771884124115,47574.98347936696,47551.84465253562,480.0,1.811586668882228,395.29101682164037,192.75111616367576,51.09892109782959
630,48016.0,47546.64952892309,47933.922321566315,47755.22633521411,47600.53580626023,-120.0,-1.0889387269162398,-66.23795472622442,49.85602345420921,27.917944037621055
631,47360.0,47544.111398792375,47457.295974671666,47674.695526275376,47607.68054061086,168.0,-3.8705576812426443,159.4055194650864,76.8169541989555,19.5287613811779
632,48352.0,47538.9084135606,48252.73336049649,47908.86024361202,47639.59332902259,176.0,-6.324204631760949,133.1251999527958,12.594839142657293,-3.707545137149282
633,47712.0,47531.46298952885,47723.54637457726,47699.88520456069,47600.26545033656,-528.0,-8.289713824364298,-455.02811767986714,-215.03243677098362,-44.914606169193576
634,47296.0,47522.328985911874,47342.67712513675,47478.79537007005,47549.7641166842,-128.0,-9.674238988627621,-147.48362375672878,-129.6921494556118,-37.81312781815723
635,47456.0,47512.1145115516,47428.5791270638,47440.50090564947,47524.63919470025,-56.0,-10.453421023499686,-51.202362753942,-46.04401159585541,-21.692962248933327
636,47184.0,47501.422143864875,47240.27239962887,47386.70734687834,47506.378192186334,96.0,-10.659569640647533,93.05527070940298,47.56011466804557,-2.142092904603487
637,47648.0,47490.7953722703,47614.689668482606,47535.62113498556,47520.35500889104,248.0,-10.359572693159862,207.8656112667777,92.72435559999576,7.59456714926273
638,47680.0,47480.702998478555,47656.003622162425,47572.15605807833,47521.56732648486,-104.0,-9.630532859613595,-78.66793550807779,-17.38704786805829,-6.709316081938596
639,47440.0,47471.534306551075,47457.35379746645,47500.84703924944,47506.936376727164,-136.0,-8.560034406546038,-111.88083736370754,-40.88549920416699,-11.284130921339965
640,47408.0,47463.58292966546,47432.24194743501,47490.38505967,47498.99906464218,128.0,-7.229881981289509,96.09788714359456,30.73055025555732,-3.387358852873149
641,47696.0,47457.074542588496,47649.54957175364,47562.30813976056,47500.16165902142,-40.0,-5.721105725904636,-14.944516913154075,5.077149970835308,-8.629322669690737
642,47328.0,47452.14071821365,47402.3529136087,47500.53935961167,47481.7404193028,152.0,-4.134123959371209,125.59194156185549,24.500899656952242,-10.7342187534814
643,48000.0,47448.806294669754,47900.73345487735,47611.30993907446,47478.693221514455,-56.0,-2.5782926803512964,-86.35980464790555,-83.57445099998222,-29.11253671261875
644,47216.0,47446.98413285295,47229.63330431289,47333.390457611706,47423.51534587756,-608.0,-1.166982082362665,-515.5500403599763,-219.22425265690254,-44.80210834301761
645,46784.0,47446.47233050503,46869.6333741574,47172.861433760656,47389.08900482842,152.0,-0.00413299246065435,128.03446441580672,33.90169302928189,-4.171890807720047
646,47520.0,47446.97586686803,47485.702233144504,47401.19384367027,47415.17156426212,448.0,0.8468426428444218,384.7125009253141,168.9293317447482,20.8411376468066
647,47680.0,47448.16601579072,47639.058376008026,47510.72009725015,47430.77128012203,-96.0,1.3794793398992624,-51.3519770963394,24.886302204959065,3.1382798660160915
648,47328.0,47449.73482554783,47382.998278951825,47450.96644808019,47421.44812399415,24.0,1.655001554696355,18.931297702943993,1.7295748701289995,-4.650749928172445
649,47728.0,47451.47601890011,47676.920971413914,47514.17924699041,47421.46978026569,80.0,1.798859786860703,38.52754953166368,-43.69757759456843,-15.304854715184774
650,47488.0,47453.33254512155,47460.05337801515,47363.57129289105,47390.83841456378,-592.0,1.9663297538645566,-516.8271039989704,-212.82230765384156,-35.489444973711215
651,46544.0,47455.40867840784,46643.26676341597,47088.53463168273,47350.490890318266,40.0,2.3070047022993094,24.40960396462833,-2.7693453669526207,-0.022979729605140164
652,47568.0,47457.94655452615,47508.87258594441,47358.032602157145,47390.79245510457,416.0,2.9294335099439195,385.3327514425291,164.5142715529837,31.441187541535328
653,47376.0,47461.26754542773,47413.93226630103,47417.563174788695,47413.37326540134,104.0,3.8611657760775415,94.72101186179862,80.31216002590372,24.44947356683042
654,47776.0,47465.6688860783,47698.31460966801,47518.65692220895,47439.69140223823,-120.0,5.029094248817273,-104.04460829297386,-27.577791475268896,9.502706948809646
655,47136.0,47471.32573392536,47205.843049715084,47362.40759183816,47432.378679298956,-184.0,6.282217865111306,-143.25631137748496,-43.04553445172132,7.506211025669472
656,47408.0,47478.233321808526,47411.80198691304,47432.56585330551,47454.70382428957,288.0,7.420272607621882,224.96887176313248,82.44118812011584,24.66033620509552
657,47712.0,47486.166279140605,47655.78079324135,47527.28996807839,47481.69935170915,-56.0,8.232658169694332,-37.11722746495798,2.3690988120652037,15.480495005031116
658,47296.0,47494.698638147915,47337.56753198312,47437.30405092964,47485.664814299635,-144.0,8.543932419055636,-110.37560134262822,-19.333891683923866,13.44870330546837
659,47424.0,47503.25414397872,47435.02959055609,47488.62218471054,47508.59675832008,176.0,8.267371266068949,152.61001135342303,83.62922613617047,27.161781936454645
660,47648.0,47511.23338068005,47642.78755468997,47604.56250320198,47539.988378172544,208.0,7.427121028078545,181.69573758370097,94.22157009243529,25.99103876108711
661,47840.0,47518.10838603487,47798.421065723494,47677.06532489541,47560.57883584226,-72.0,6.1454394446118386,-52.26116034900406,-8.964515858868253,6.619399461829744
662,47504.0,47523.524259569276,47538.26523399196,47586.633471484245,47553.2271770962,-96.0,4.643897836816905,-88.82966177174967,-49.115117669040046,-4.890299891249015
663,47648.0,47527.39618170851,47620.761742179995,47578.83508955733,47550.79823605976,-40.0,3.208478840711905,-53.694780911991984,-42.38083714824825,-7.289029233452311
664,47424.0,47529.9412172507,47430.875672167975,47501.87179718775,47538.6491186293,-200.0,2.13467068456157,-155.50770917215414,-38.02739377571197,-6.416661498999019
665,47248.0,47531.66552307763,47309.74632383569,47502.78030200591,47537.96491306176,368.0,1.685415755611757,316.8839498296147,128.29865582111597,13.814040085555462
666,48160.0,47533.31204876192,48064.643571827204,47758.46910882998,47566.27719880041,160.0,2.05382718715191,148.8334281440657,54.923361239059886,-1.3738543213366938
667,47568.0,47535.773177451934,47607.41318012382,47612.62702448403,47535.21720441909,-304.0,3.316886560027342,-260.16449108431334,-123.52857210394359,-32.69913416036434
668,47552.0,47539.94582188198,47544.31458965858,47511.41196462209,47500.87893047968,-64.0,5.422025485742779,-101.52564217236795,-121.50907755088338,-36.894327415422595
669,47440.0,47546.61722842342,47404.36189577908,47369.60886938226,47461.42854958824,-384.0,8.192108445236954,-331.9183486784823,-176.99866054870654,-38.37895341202602
670,46784.0,47556.33003877245,46880.47789230161,47157.41464352468,47424.12102365563,-32.0,11.342653170457197,-27.71940827499202,-25.486904095243517,-5.301474749834597
671,47376.0,47569.302534764334,47348.9230792291,47318.63506119177,47450.825600088574,416.0,14.519284815676656,333.06058307296917,132.53794826298326,30.44585643737446
672,47616.0,47585.368608403805,47546.59905844755,47422.49054005065,47485.01273653038,-248.0,17.355054172505334,-184.82818339481673,7.100748884193308,27.637773268324963
673,46880.0,47604.012643109345,46979.266712439465,47332.83655896016,47506.101146625224,200.0,19.52953039123895,200.9396151779547,136.76429838958938,52.393467426107236
674,48016.0,47624.42766918628,47948.47828880346,47696.019136829826,47589.79967138259,424.0,20.789013792484184,395.16407624362546,203.19214628458212,62.388508326497686
675,47728.0,47645.59067069431,47769.594864926716,47739.220851529324,47630.87816327822,32.0,20.985991095189092,29.09090075684071,48.81214046416062,36.222400059534266
676,48080.0,47666.39965137666,48006.66009031714,47793.64341775815,47662.24447150166,-240.0,20.096952811436495,-225.31407251447672,-88.7557248921039,10.47853179852973
677,47248.0,47685.784576317186,47318.96671989776,47561.709401745116,47651.83522687528,-288.0,18.19772718913373,-237.18002143995182,-75.07931514046868,9.782516717375984
678,47504.0,47702.79510575493,47532.30004743724,47643.48478747721,47681.80950493641,448.0,15.44288706543739,375.91282478726134,151.51777947069422,38.8647533079602
679,48144.0,47716.67035044806,48070.792369472285,47864.744960686505,47729.5647334912,168.0,12.042257976772817,151.37490933486697,81.63265355255135,27.033465229342255
680,47840.0,47726.879621708475,47835.04986610697,47806.75009458231,47735.8764353951,-328.0,8.242062471370446,-260.49317283044365,-74.61981881304018,1.1055236736574443
681,47488.0,47733.1544753908,47549.8060238114,47715.505323060424,47731.775780838514,24.0,4.299615119423834,23.786276761420595,22.507890008320828,8.088134485336923
682,47888.0,47735.47885194732,47882.62241962981,47851.765874598954,47752.05270436577,368.0,0.46922402290147147,305.92849396746533,118.14348883801358,13.479558745551913
683,48224.0,47734.092923436605,48161.66301174633,47951.79230073645,47758.73489832962,-32.0,-3.0053370347413875,-32.64434915185484,-36.07742349428008,-16.581061119675724
684,47824.0,47729.46817787784,47817.333721326104,47779.611027610394,47718.89058212642,-432.0,-5.912926867418719,-377.6606837897016,-194.37575932086474,-45.09978709687857
685,47360.0,47722.26706970177,47406.341644166925,47563.04078209472,47668.53532413586,-192.0,-8.081710994330933,-179.2838563245532,-115.04985446831051,-34.92849178376491
686,47440.0,47713.30475588918,47458.766008677,47549.51131867377,47649.03359855889,184.0,-9.39977364504739,146.2544078950741,41.22619591594048,-9.050045649026288
687,47728.0,47703.46752241167,47698.85045995707,47645.4931739266,47650.43523283781,96.0,-9.8275232559281,94.33675106544979,54.72844221613559,-2.47660407919102
688,47632.0,47693.64970937732,47647.4395108079,47658.968203106044,47644.08039040051,8.0,-9.38959385141061,25.786604890319722,26.959130732459016,-5.750822917278128
689,47744.0,47684.68833470885,47750.42366973771,47699.41143539152,47638.93358700325,176.0,-8.17561749235756,135.10250761840143,18.14894998123782,-10.400124047089776
690,47984.0,47677.298474392606,47917.6445260447,47695.26610306852,47623.28014230633,-240.0,-6.344547931148554,-238.39514060976944,-148.51228078874192,-33.68943758160822
691,47264.0,47671.999238846554,47273.633388518174,47402.38687381404,47571.554711840035,-600.0,-4.084053708782449,-522.0055677954151,-223.68579234746358,-36.34769487429003
692,46784.0,47669.13036697504,46873.63339045387,47247.89451837359,47550.58475255775,280.0,-1.587214240211324,236.50272598024094,77.45490374635483,17.359278345600615
693,47824.0,47668.82481036613,47746.638840478656,47557.29668130675,47606.27326853124,304.0,0.9499407181319839,297.8638806428571,176.05050358652443,44.80217940004877
694,47392.0,47671.030248411305,47469.361151739584,47599.99552554664,47640.189111357846,136.0,3.355816961473465,149.19722161080426,146.69660701321845,46.32529839450217
695,48096.0,47675.53644428908,48045.033283700264,47850.689895333184,47698.92386532024,344.0,5.477595995966112,281.1693988100378,128.0393174531382,38.88094722840833
696,48080.0,47681.98544040324,48031.69994935966,47856.07416045292,47717.95100581466,-368.0,7.188517087219225,-306.85368138178455,-106.5786546538111,0.9246907851520518
697,47360.0,47689.91347846352,47431.325920936695,47637.53258602556,47700.773246890545,-208.0,8.36200630694293,-191.72432990001107,-79.77528141457879,-0.13909657958720345
698,47664.0,47698.70945301712,47648.25128955964,47696.52359762376,47717.67281265549,152.0,8.857636081665987,138.18181642110721,75.25281041007838,19.58320639771773
699,47664.0,47707.62875062685,47707.68955377891,47788.03820684572,47739.93965968598,448.0,8.49600892471426,406.2409735579822,153.5337126448212,26.063830014787527
700,48560.0,47715.70147086655,48460.7332366756,48003.5910229134,47769.80047268506,-88.0,7.057295919723401,-101.69475187675198,-62.65167247561476,-9.649163366659195
701,47488.0,47721.743342466296,47504.300050025406,47662.73486189449,47720.64133295266,-736.0,4.34509980427174,-644.8832588158693,-253.48873007167276,-37.527073084769654
702,47088.0,47724.391670475095,47170.96671904386,47496.61356277006,47694.746326515524,160.0,0.1917555698128126,141.47624983120477,38.18548226060011,4.442309888636373
703,47808.0,47722.12685360592,47787.252549687815,47739.10582641569,47729.525952729935,512.0,-5.502214088515757,452.5725934896145,208.0451768534731,30.855923850907857
704,48112.0,47713.387242298064,48076.11190602309,47912.703916477,47756.45817421734,120.0,-12.694596702829585,109.41888645075232,73.95004829981553,9.155130198272673
705,48048.0,47696.73766020026,48006.09032258932,47887.00592301532,47747.83621312648,-328.0,-21.1688661981716,-279.56997048715857,-106.19503195401921,-23.630150434535608
706,47456.0,47671.04950990172,47516.971965048775,47700.313852568965,47709.19787334827,-224.0,-30.514927093645383,-184.25853229669156,-64.53514416187681,-25.97844611079927
707,47600.0,47635.70780601297,47637.57325799594,47757.93563469157,47695.87932090488,456.0,-40.11833240429405,380.27807725912135,136.58959946838513,-8.524586398143583
708,48368.0,47590.81284509313,48277.52811956702,47973.493051505735,47692.14870055198,136.0,-49.18265299450286,115.78496507388263,18.303942567035847,-37.52318532530262
709,47872.0,47537.342500023966,47869.1431881437,47794.54351982564,47620.83295025428,-480.0,-56.77719699593217,-422.6689907047912,-217.6777717672776,-83.87410278498646
710,47408.0,47477.25845110127,47432.190138157435,47538.13750797118,47524.40049498201,-352.0,-61.934679598609364,-316.00235919908664,-191.33725786887226,-90.6124305231715
711,47168.0,47413.47314082675,47237.13846974553,47411.869004087894,47439.60808920793,248.0,-63.780605693737016,186.27161802884075,-4.334001839335542,-71.21200131367368
712,47904.0,47349.697239713794,47804.73337421512,47529.46950429251,47381.97649235466,-56.0,-61.6680219497357,-55.14150094756042,-69.66474764913437,-83.73277223554396
713,47056.0,47290.137096927276,47126.85546785041,47272.539508789625,47272.142544736846,-272.0,-55.33965952066501,-232.8282283330591,-148.66024110806757,-99.02682038097191
714,47360.0,47239.017920672464,47339.076917549,47232.14902207637,47183.92285159272,168.0,-45.041102998184215,107.60603744360196,-104.31597567506469,-97.02355056449233
715,47392.0,47200.05489093091,47342.06754273761,47063.907557439496,47078.09544360786,-584.0,-31.54780739589114,-573.538452486624,-438.94929580518874,-121.52263580446379
716,46192.0,47175.92230588068,46192.00001257575,46354.250430465996,46940.87757998379,-976.0,-16.120808129333454,-902.2170799341911,-521.8703018524393,-99.77398462488054
717,45440.0,47167.81327467224,45537.63338286923,46020.16695373462,46878.5474743581,-88.0,-0.3409193101069832,-87.18331134601249,-43.9999998640742,9.597268092213199
718,46016.0,47175.24046726047,46017.633389883726,46266.25043073785,46960.072116168216,1024.0,14.157241302760667,968.0161714435599,636.5224059219436,128.72824761852826
719,47488.0,47196.12775727776,47473.66572575635,47293.211765578504,47136.00396959516,928.0,25.95437591069276,904.511749643938,664.2535040801231,158.33205190669833
720,47872.0,47227.14921908185,47826.6568891716,47594.757438898094,47276.73621998161,128.0,34.08441739909176,126.27560927327067,162.92439276863297,110.96906138553823
721,47744.0,47264.296592075945,47726.21694430289,47619.06055111577,47357.94209236623,-224.0,38.180029682218446,-189.3552233542723,-38.16661222443872,61.90297700293013
722,47424.0,47303.50927844629,47447.94644246306,47518.42421444922,47400.54217398747,-184.0,38.4885212473564,-158.5382895245566,-53.42422944194914,41.42719032061723
723,47376.0,47341.27363457066,47409.14036525378,47512.21209223187,47440.79647300747,144.0,35.764877413294016,126.89574905958943,61.89392389859495,43.49412267036314
724,47712.0,47375.03903327288,47701.737940582236,47642.212062246406,47487.5304193282,288.0,31.063865832751617,241.28727823962254,95.10600113773398,35.51046728714573
725,47952.0,47403.40136623616,47891.71492173302,47702.42409450734,47511.81740758176,-128.0,25.49994295749275,-111.44841018408988,-64.57592048539664,2.2778586326458026
726,47456.0,47426.038919187864,47478.841120214056,47513.06022127561,47492.08613659349,-320.0,20.034758223420795,-298.6682004486938,-160.83376259391662,-17.926964158592455
727,47312.0,47443.470882683,47294.378520835635,47380.75656931951,47475.963479264574,-304.0,15.341083384508238,-272.5699952002651,-97.92536729635685,-7.924483365688502
728,46848.0,47456.72108595688,46933.701129813526,47317.2094866829,47476.237169862114,464.0,11.738582158228382,424.09409868651346,171.05766070484606,31.68554909064187
729,48240.0,47466.94804699946,48142.56671820866,47722.8718907292,47539.33457744586,400.0,9.221440861780138,365.4333387974657,147.09834941089503,28.064136456039705
730,47648.0,47475.16396768044,47664.56780740846,47611.40618550469,47532.36544277419,-464.0,7.566852458501671,-395.1598737579079,-129.76261247216462,-12.75086253295376
731,47312.0,47482.08175191646,47352.246970692846,47463.34666578487,47513.83285237995,-96.0,6.465227488875826,-111.08598325139246,-72.38618682738161,-8.44094777524515
732,47456.0,47488.09442265819,47442.39584090567,47466.633811849926,47515.4835472237,24.0,5.601693284505018,22.128074741205637,8.60405199001616,4.624872204934945
733,47360.0,47493.28513848547,47396.50312017526,47480.5547697649,47523.08259678982,152.0,4.751664588191488,136.62288014585647,74.19834279742645,15.753179405612173
734,47760.0,47497.597751834575,47715.641601197385,47615.03049744478,47546.98990603493,104.0,3.827842399110523,97.34648700906473,61.99097640227046,13.256804546850617
735,47568.0,47500.940823283694,47591.19609419339,47604.53672256944,47549.59620588352,-24.0,2.8456764197544544,-8.465036037061509,7.7745864093813,1.6861101427712128
736,47712.0,47503.289104674084,47698.71152912326,47630.57967026354,47550.36212632047,72.0,1.8943540526852303,41.07308054619716,-14.667217174126563,-7.3159732470303425
737,47712.0,47504.729531389065,47673.34225528578,47575.20228822119,47534.96425938946,-248.0,1.0722404050757177,-218.6579974085871,-123.77623793176099,-24.249653961534932
738,47216.0,47505.433585484236,47261.39553430609,47383.02719440002,47501.8628183974,-200.0,0.4675890664875624,-184.969049449257,-108.66149662116368,-18.808300072189013
739,47312.0,47505.66470952204,47303.40415638727,47357.87929497886,47497.34765924508,0.0,0.1345993953254947,-0.9705959824823367,-2.2082519317227707,4.752223809937277
740,47216.0,47505.70278427489,47259.45434234112,47378.610690536574,47511.367266017274,192.0,0.13601618456596043,173.32189765946532,102.036740825999,28.787970073051838
741,47696.0,47505.93674189117,47650.0479517062,47561.95277663086,47554.923599391186,176.0,0.5513515861275664,160.83336789604436,116.31847440971615,36.502513343475584
742,47568.0,47506.80548744714,47581.12107813321,47611.24763935601,47584.372292704225,-48.0,1.467494289852766,-3.3214829069329426,70.9186824031458,30.267307948248344
743,47600.0,47508.87173047088,47643.40498589233,47703.79014143715,47615.45821528768,336.0,3.027723658567993,289.3219362271848,144.4375727997285,31.858833347840118
744,48240.0,47512.86093476428,48159.76495058758,47900.12278495546,47648.089959399906,136.0,5.382163782847783,105.1716186267331,26.39403599603611,3.0362420822202694
745,47872.0,47519.63605803657,47853.7482231458,47756.578213429224,47621.53069945212,-464.0,8.603406090041972,-397.2756117127792,-201.25546481162382,-39.08272497517464
746,47312.0,47530.06774694436,47365.21372716202,47497.611855332216,47569.924509449556,-224.0,12.606385631661396,-222.46586017364098,-166.16043043089667,-38.70996453009138
747,47424.0,47544.848829299895,47408.816502798516,47424.25735256743,47544.11077039194,-8.0,17.10290019969034,-32.314710370916146,-73.22582648107345,-19.808200538020174
748,47296.0,47564.27354734374,47300.58430642019,47351.16020237007,47530.308108373516,-104.0,21.581982011019136,-85.3106642773746,-45.51704901233097,-2.08725659974516
749,47216.0,47588.012793321934,47238.19517424377,47333.22325454277,47539.93625719245,56.0,25.350187530937546,48.586739042410045,40.674679444087815,25.824961678554246
750,47408.0,47614.97392240562,47397.75778450501,47432.509561258245,47581.958031730624,104.0,27.642677420149994,108.35153278628059,111.54108734459442,50.71967612470689
751,47424.0,47643.298148162234,47454.89823981633,47556.30542923196,47641.375609441864,200.0,27.787748618397018,211.63165439296426,189.9485825896918,70.28635818332987
752,47808.0,47670.54941964241,47821.02109329094,47812.40672643763,47722.530748097284,488.0,25.360501538099925,435.8555601948974,258.30466042448097,76.88167606028946
753,48400.0,47694.01915123843,48326.60936020612,48072.91475008092,47795.13896156244,152.0,20.300508447206084,134.00782768020508,96.96539868375476,42.36516154327546
754,48112.0,47711.150436536824,48089.03674865135,48006.33752380514,47807.261071183835,-432.0,12.984420838594815,-352.38886829800686,-119.40846437320943,-3.114836819411721
755,47536.0,47719.98799291562,47621.83162361011,47834.0978213345,47788.90928792362,-40.0,4.196563240679097,-38.047006990687805,-23.19079180339031,-5.7063188640386215
756,48032.0,47719.54356301818,48012.942734669974,47959.95594019836,47795.84843345576,360.0,-4.9923430786438985,295.8247844097423,89.83608896303122,-4.8684327950722945
757,48256.0,47710.003306758335,48213.481192429594,48013.76999926056,47779.172422333475,-8.0,-13.409416976439388,-12.055580092401215,-67.30094130750877,-40.51739000560701
758,48016.0,47692.7247290653,47988.83157448517,47825.35405758334,47714.813653444544,-568.0,-19.991987467550643,-520.5905723908909,-283.7389128855539,-79.41808621670498
759,47120.0,47670.019331823234,47172.30004764781,47446.292173489455,47620.336249900065,-432.0,-23.984137447889225,-394.9324617259772,-215.91579734916013,-69.46059104947926
760,47152.0,47644.756454169525,47198.96665103322,47393.52246288502,47575.892471345585,408.0,-25.07006191804976,332.2166717332402,67.99152083807348,-23.249154987195652
761,47936.0,47619.879207987135,47836.73339111429,47582.2752151656,47573.837939925674,24.0,-23.426041369719314,33.98635488360378,11.890359863387857,-20.162634423628333
762,47200.0,47597.904371430086,47266.939360800425,47417.303182611795,47535.56720249833,-256.0,-19.66525534714674,-198.36669872453422,-56.32044124790991,-21.492377302431123
763,47424.0,47580.54869729284,47439.999993665224,47469.63433266978,47530.85318532081,328.0,-14.711276034020557,253.06060119090034,75.14831639287877,0.6286420885262487
764,47856.0,47568.481819362045,47773.060563182225,47567.59981539755,47536.82448667538,-128.0,-9.615058670711733,-110.51664025809805,-46.23460957345742,-9.98747431166339
765,47168.0,47561.31857995142,47218.96671314903,47377.16511352287,47510.878236697485,-336.0,-5.35020699623783,-270.3802586018319,-85.85214511325103,-8.802338143024826
766,47184.0,47557.78140536957,47232.30004597856,47395.89552517105,47519.21981038933,328.0,-2.6483366996981204,276.4825848425389,124.67817423370434,25.10256421131635
767,47824.0,47556.02190655202,47771.931882834106,47626.521461990276,47561.08336512012,288.0,-1.8949979050194088,257.6422289058646,131.88666781436405,28.71772298679207
768,47760.0,47553.99140955953,47747.58450379029,47659.66886079978,47576.655256362916,-104.0,-3.096595051309123,-86.42486009235654,-17.018170790608565,6.404654060945177
769,47616.0,47549.8287164494,47599.08216264939,47592.48512040906,47573.89267324201,-280.0,-5.919216903501365,-233.0915278939392,-78.9411801861861,-4.867949458810472
770,47200.0,47542.15297575253,47281.40144800241,47501.786500427406,47566.919357445295,104.0,-9.785116545219353,100.97556347199497,60.19463023205026,11.37265207555538
771,47824.0,47530.258483358964,47801.03328959338,47712.87438087316,47596.63797739312,472.0,-13.996619355017174,393.1492514509664,155.5250708823296,18.350518817478587
772,48144.0,47514.15973704249,48067.699950904345,47812.836642192065,47603.62039508025,-208.0,-17.88412217037694,-165.7332862667572,-65.61941758506146,-20.03656255885653
773,47408.0,47494.49023901821,47469.56671705987,47581.63554570304,47556.564852275405,-256.0,-20.89121625790358,-239.39994644566104,-144.38332363751397,-39.62730019107403
774,47632.0,47472.377304526686,47588.90005801302,47524.06999491704,47524.365794698104,-72.0,-22.64932096897246,-96.16636898171782,-111.53055332747681,-37.58076784239893
775,47264.0,47449.191597080266,47277.23397909643,47358.57443904808,47481.40331659061,-288.0,-23.015276269143214,-245.4961834344249,-118.20833634491646,-32.09231227796408
776,47056.0,47426.3467519884,47097.90769114417,47287.653322227205,47460.181170142176,24.0,-22.03742245860849,30.21216776860456,44.90554429272379,-1.0130879413227376
777,47312.0,47405.11675216305,47337.65831463364,47448.38552763353,47479.37714070796,608.0,-19.912323157786886,537.412779402166,228.9249692230951,27.564827601185243
778,48272.0,47386.522105672826,48172.733249948506,47745.503260673395,47515.310825344546,64.0,-16.909118447645596,65.83425340129179,33.86936337655425,-1.900774096189707
779,47440.0,47371.29851526776,47469.326821436225,47516.12425438664,47475.57559251558,-512.0,-13.308546683991153,-453.2359724195376,-191.31687909342872,-37.956453203187266
780,47248.0,47359.905012304844,47266.26130510943,47362.86950248654,47439.39791893817,-104.0,-9.35521256226275,-111.75899077963186,-95.82000065683678,-26.607777630499186
781,47232.0,47352.58809014323,47245.80883987696,47324.484253072966,47422.360037254584,56.0,-5.24688124117165,48.59173415234545,7.856877122914739,-7.519879820858478
782,47360.0,47349.4112498225,47363.44477341412,47378.58325673237,47424.358159296455,160.0,-1.128037276743271,134.8598006077773,63.390632025581,5.216030006693472
783,47552.0,47350.332015589745,47515.528441092516,47451.26551712413,47432.79209726797,-64.0,2.887811202221201,-30.274126859007083,22.31501895382098,2.473542834915861
784,47232.0,47355.18687222694,47302.89651969611,47423.21329464001,47429.30524496629,232.0,6.672501988392469,200.6024506692338,67.55442483588922,6.378409946628381
785,48016.0,47363.67701956653,47916.73334243098,47586.374366795906,47445.54891716123,24.0,10.069934329614625,-8.456652795295668,-51.65174444614604,-12.27888194699699
786,47280.0,47375.32674088617,47285.983214105516,47319.90980574772,47404.74748107229,-608.0,12.912196530094661,-533.6256436979129,-246.50965817433462,-34.564062035318784
787,46800.0,47389.50141262672,46849.48205503516,47093.35505044724,47376.42079309059,-208.0,15.051230999401014,-189.09088389455792,-79.87723007686145,0.49435167282717885
788,46864.0,47405.429202884974,46907.8014463164,47160.155345593994,47405.73618441795,328.0,16.38321183271546,303.2589763727701,214.87796794375026,56.40220054825113
789,47456.0,47422.26783629215,47456.0000077807,47523.11098633474,47489.22519418709,776.0,16.906530095242488,727.9492470219484,396.5111339081195,85.15026947850492
790,48416.0,47439.24226307546,48363.6999403603,47953.17761341023,47576.03672337496,464.0,16.761877059539984,440.5166342173543,198.65543378060465,44.81336535660739
791,48384.0,47455.79159041123,48337.03327621541,47920.42185389595,47578.85192490031,-936.0,16.21771436365816,-860.2165804606411,-348.6951085484652,-37.44220222963122
792,46544.0,47471.677691802775,46643.266779439014,47255.7873963133,47501.152318915694,-416.0,15.626677876905887,-402.3301086782594,-224.59048344384064,-29.84199003883259
793,47552.0,47487.04494616504,47532.37305885889,47471.240887008265,47519.16794482264,680.0,15.35773988161236,594.5853802040401,175.0739341990993,16.374023148084234
794,47904.0,47502.393171566,47832.437539847095,47605.9352647115,47533.90036521186,-72.0,15.704940512907342,-57.747819776319375,-14.33798994101744,-3.7725613501861517
795,47408.0,47518.45482719086,47416.87741930625,47442.56490712623,47511.62282212227,-440.0,16.797265453162254,-371.17302400961125,-146.08790402215527,-17.096401983482792
796,47024.0,47535.987702472325,47090.09149182787,47313.75945666719,47499.7075612449,0.0,18.555908058922796,3.6715316609697766,16.074277874558902,11.87011718487338
797,47408.0,47555.5666433087,47424.22048262819,47474.71346287535,47535.36305649202,512.0,20.693123761673633,435.67907802672926,194.31073764582834,42.023648071721254
798,48048.0,47577.37394999567,47961.44964788133,47702.38093195885,47583.75485738834,88.0,22.748650605281,84.02973057432246,54.85793506292248,25.179543765741982
799,47584.0,47601.063944519265,47592.27994377683,47584.42933300119,47585.7221440235,-400.0,24.176075565239444,-327.76998522031136,-117.73693245705363,2.053393836333271
800,47248.0,47625.72610112615,47305.90967744071,47466.90706704474,47587.861645061006,32.0,24.453978658169945,3.178120867407415,-8.068732434086996,19.132583290556795
801,47648.0,47649.971901835605,47598.63618551165,47568.29186813302,47623.987310604614,40.0,23.167504396220465,45.9074356291967,61.53073515479264,34.92503107383891
802,47328.0,47672.06110991859,47397.7245486991,47589.968537354325,47657.711707208684,160.0,20.100029587087192,179.1168484187947,152.66093789847218,50.20998196450091
803,47968.0,47690.17196100978,47956.86988234924,47873.613743929964,47724.407274533616,544.0,15.276231455078232,472.08900366049784,236.452078540613,54.51593105161737
804,48416.0,47702.61357282875,48341.9025560201,48062.87269443555,47766.74356931192,16.0,8.941320059217105,14.545453771355824,12.69529772336682,9.873473243893386
805,48000.0,47708.05460112821,47985.96078989195,47899.0043393767,47744.1542210214,-560.0,1.529409542112262,-480.32969313499416,-214.36618537050163,-35.38163723944308
806,47296.0,47705.67239191297,47381.24316975011,47634.14032369455,47695.98029483303,-112.0,-6.404471325331542,-124.30989492470326,-95.79385383487897,-28.174911446716578
807,47776.0,47695.24565847755,47737.34100004254,47707.41663170694,47687.80439812797,200.0,-14.254321354750573,162.80283050514117,38.98462386586107,-12.5856767986661
808,47696.0,47677.16374920347,47706.84883076039,47712.10957142627,47670.8089412357,8.0,-21.43580953845958,23.751984519822145,12.747725432469451,-18.255009830485506
809,47792.0,47652.37403940063,47784.84496908219,47732.91208257188,47651.294378467,64.0,-27.445904966807575,42.22098373272456,-8.741447568456351,-26.54984384535055
810,47824.0,47622.27193926986,47791.29079822584,47694.62667628936,47617.709253545,-168.0,-31.896189713366766,-157.10017972713467,-102.9720681378385,-43.89966224474847
811,47456.0,47588.5816599739,47470.64460962792,47526.9679462962,47563.4950539775,-288.0,-34.53169426038585,-247.423140458337,-132.1747568450628,-48.83944686862378
812,47248.0,47553.208550749085,47296.444517309166,47430.27716259923,47520.03035980775,96.0,-35.245091247630626,68.0224942270761,-5.552202397346264,-29.8631761793622
813,47648.0,47518.091477478636,47606.68959808207,47515.86354150151,47503.76870161878,128.0,-34.048207186318905,103.69307118325014,19.51814965302765,-23.47322310803429
814,47504.0,47485.11213637645,47503.83065967567,47469.31346190529,47473.08391359168,-120.0,-31.06910584252546,-103.70564002808896,-63.89334864357443,-32.23059234751054
815,47408.0,47455.953265793585,47399.27831802589,47388.07684421436,47439.307516923756,-160.0,-26.539354080836347,-148.16075152032136,-91.19819558375093,-32.2110208217382
816,47184.0,47432.033428214774,47207.509156635024,47286.917070737785,47408.66187194821,-72.0,-20.75309497318085,-74.22337821573456,-49.701238107682,-19.41255137814005
817,47264.0,47414.44707584722,47250.83156159442,47288.674367998996,47400.482414167476,-40.0,-14.043972489111184,-22.51978706848604,14.0944812607122,-1.3553370723566331
818,47104.0,47403.94548323655,47162.46958249805,47315.10603325921,47405.95119780349,248.0,-6.768256881201523,239.1008599988345,131.98468188981496,20.566343526192213
819,47760.0,47400.91056208482,47729.03328159209,47552.643731778626,47441.61510121986,440.0,0.7185367585661879,376.61518044952754,133.85956440872906,19.744658477357007
820,47984.0,47405.382556753684,47915.69994339711,47582.82516207667,47445.44051475821,-496.0,8.077406621934642,-437.42454020483274,-170.4059886636278,-23.10256072373886
821,46768.0,47417.06537532869,46854.18420118243,47211.83175445137,47395.40997977238,-384.0,14.976158924531774,-348.0038173071698,-149.07753039961244,-18.66003599720716
822,47216.0,47435.33487460275,47219.69230878277,47284.67010127744,47408.12044276379,472.0,21.102322774389904,383.9696515141659,107.17339746479774,22.316485129598732
823,47712.0,47459.27002087747,47622.12350421076,47426.178549380966,47440.04295003158,-112.0,26.1784030456256,-69.43622740270439,-1.4022772059979616,18.32465476937068
824,46992.0,47487.691680694,47080.81985397736,47281.86554686545,47444.769752302534,-96.0,29.989409742363932,-74.7194364621173,0.6197709172047325,27.365289886078244
825,47520.0,47519.2488403622,47472.684631286524,47427.418091215375,47494.77352980374,184.0,32.39646884650938,155.28793374177985,99.2615899576158,48.742453991388174
826,47360.0,47552.48461838702,47391.39572146092,47480.38872678068,47542.25466028531,40.0,33.35237783175762,75.68969747898154,113.16499895564266,56.593863495840196
827,47600.0,47585.95359602571,47624.06402624449,47653.74808912666,47607.96125679542,408.0,32.91246581876476,352.9884360059841,200.23340690930854,66.10465934987587
828,48176.0,47618.30955002455,48097.37259347289,47880.855540599296,47674.46397898506,72.0,31.212554526366148,80.17153459282417,79.5352217722866,41.42592113889987
829,47744.0,47648.378705078445,47784.407095430135,47812.818532671234,47690.81309907322,-144.0,28.432357531542948,-110.93002089209403,-33.62774159244509,13.689775041813846
830,47888.0,47675.17426508763,47875.5125516887,47813.600057414405,47701.84352906869,72.0,24.738303069989342,28.66821470205832,-36.418446549625514,1.7226064489077544
831,47888.0,47697.85531121842,47841.74352483425,47739.98163957198,47694.25831197103,-344.0,20.236605577105365,-291.9325269545443,-147.62759805643145,-17.272301499106106
832,47200.0,47715.647476241844,47291.64749777961,47518.34486130154,47667.29892607048,-48.0,14.964339263922739,-64.97741388526993,-62.46434761966884,-3.5944395970291225
833,47792.0,47727.78398974627,47711.78869706371,47615.052944332645,47687.069432776974,40.0,8.92189867164052,19.084684602679772,8.234555197428563,14.523978345343494
834,47280.0,47733.491273585125,47329.81686698497,47534.8139716964,47696.346882761165,-192.0,2.127728200295678,-132.88749515390373,47.16801321195453,30.094794122251187
835,47408.0,47732.03944614686,47446.013706755904,47709.388970756554,47747.25902102148,696.0,-5.307919322531234,633.5824491086605,325.26948443842775,67.87508931138291
836,48672.0,47722.87543494006,48596.98176520229,48185.352940573255,47832.09706138393,464.0,-13.099261837000086,448.5598088996012,232.64044010332873,42.842893431654375
837,48336.0,47705.84092247286,48343.13332455511,48174.66985096321,47832.944807884785,-240.0,-20.770865494847385,-218.18181787166395,-91.34816412843429,-24.30501310490945
838,48192.0,47681.33370395037,48160.61812945896,48002.65661231639,47783.48703517411,-512.0,-27.69408545979968,-479.3017754282955,-266.68493248863524,-69.8834209519664
839,47312.0,47650.45275155326,47384.529773698516,47641.29998598594,47693.17796598085,-272.0,-33.161075080486626,-273.562259640883,-196.70663333747507,-71.25017089421817
840,47648.0,47615.011553789394,47613.4936101772,47609.24334564144,47640.986693385676,88.0,-36.51638051947157,56.43188736465163,-51.43496752378269,-52.54193792589285
841,47488.0,47577.41999051432,47497.39354842782,47538.430050938376,47588.09409012907,-104.0,-37.28646936318182,-69.13231961027122,-45.59826923388027,-47.88789875015209
842,47440.0,47540.43861506303,47475.228970956654,47518.046807173676,47545.21089588537,200.0,-35.26089851044526,153.98027731209004,18.640159822145506,-37.622649449429446
843,47888.0,47506.89819349343,47805.354103052,47575.71037058267,47512.84879123021,-112.0,-30.561077245936758,-116.1429999199645,-98.48125129968321,-51.119665093654476
844,47216.0,47479.31646057116,47242.942971116725,47321.08430457431,47442.97156569806,-456.0,-23.632189741871116,-394.6576290763405,-202.08391372119513,-58.5286472472435
845,46976.0,47459.633814009685,47016.03884489932,47171.54254314028,47395.79149673572,-8.0,-15.15570380401914,-26.709901720812923,-51.770489863902185,-26.190494125552505
846,47200.0,47449.00505296312,47189.5231676751,47217.543324846505,47390.59057744696,136.0,-5.961161176594032,121.1001611512911,54.772444129488576,4.328609583582875
847,47248.0,47447.7114916565,47258.2391672019,47281.08743139925,47404.44871590289,128.0,3.0828848463497707,119.91183553629526,80.08782225237155,21.680574251076905
848,47456.0,47455.17082265582,47429.34683874769,47377.71896935125,47433.95172594911,24.0,11.18837343447376,37.84186528421924,57.491022627615166,28.400596343675716
849,47296.0,47470.088238525444,47333.92289777034,47396.069476654484,47461.24990859024,112.0,17.753722927485796,94.19054787434288,68.38524563047758,35.56067807064028
850,47680.0,47490.67826851079,47617.727934496375,47514.4894606122,47505.07308209039,-48.0,22.43064420832161,-27.55529079209009,35.66471426382486,35.07682760467651
851,47200.0,47514.94952694209,47278.81231618616,47467.39890518213,47531.40356379959,24.0,25.13829842996347,55.14596262059422,86.60889716099337,42.90065989917639
852,47728.0,47540.95486537072,47728.019859737564,47687.70725493419,47590.874401888745,536.0,26.050064191109414,449.30684223920616,200.16197721915523,52.61455818358809
853,48272.0,47567.04965532431,48177.42600066457,47867.722859620444,47636.63268016677,-96.0,25.54438267889782,-83.86319248953077,-22.122965503527666,13.989912286364415
854,47536.0,47592.04363072851,47560.2934747585,47643.461323927135,47618.85422646147,-520.0,24.121701921165368,-435.2658153741868,-170.53087372974187,-13.635742382219178
855,47232.0,47615.29305916664,47306.8943699162,47526.66111216096,47609.36119540233,152.0,22.3148169968008,121.07274473868893,30.530344314302056,9.375028710968763
856,47840.0,47636.673264722114,47802.43896423588,47704.52201255574,47637.60428388341,376.0,20.601144516593195,307.7394154990943,110.12190667265168,18.123302675256127
857,47984.0,47656.495348199824,47922.373200914386,47746.904925506264,47645.60780075284,-256.0,19.31745497272277,-200.3440581910727,-76.16462429634703,-8.916093092931987
858,47328.0,47675.30817466756,47401.750847853735,47552.192763963045,47619.77209769755,-144.0,18.592617662765406,-139.72381435046555,-82.6157795616964,-11.247098170413665
859,47696.0,47693.680583525354,47642.925572213455,47581.67336638287,47623.113604412014,-16.0,18.352778407508595,-24.19741457299824,-27.68271438874217,-0.30281306493270677
860,47296.0,47712.01373148258,47353.35601870774,47496.82733518556,47619.16647156768,-24.0,18.339072871793178,-2.789459967014409,15.567636395473528,12.211190734051343
861,47648.0,47730.35872926894,47637.346652279426,47612.80863917382,47647.53598588012,280.0,18.178296065587347,230.72389496879623,98.38562357516275,28.34631360644198
862,47856.0,47748.37032361375,47814.80380864533,47693.598582335886,47675.859098780566,-32.0,17.49311645998023,-28.52380040744538,-0.41076566998526687,19.31606783947791
863,47584.0,47765.3449621889,47580.299051464535,47611.98710783385,47686.16812155907,-312.0,15.995242868692003,-253.00949985814077,-67.61792058511855,15.417428856457263
864,47232.0,47780.360809351136,47308.78480892905,47558.36274116565,47706.69395649348,152.0,13.557919827682781,145.59358626626636,109.55700391462597,44.26053275908271
865,47888.0,47792.46080184427,47871.48622399707,47831.1011156631,47774.68918707724,512.0,10.256024719077686,446.9487508968814,244.28893232899645,62.32968993762188
866,48256.0,47800.87285878929,48202.68231072281,48046.94060582364,47831.353336368724,24.0,6.358819659919391,64.6076403398256,111.30979307236703,35.431816109918145
867,47936.0,47805.178441164106,48000.70150467672,48053.72070180783,47845.552819297074,128.0,2.2437025786748563,121.52671733748866,65.64044688810827,9.677123893205135
868,48512.0,47805.36026394664,48445.73574539779,48178.22149959986,47850.707584155134,160.0,-1.7131731268491421,113.71296771003836,-42.38845240804949,-27.909855934180086
869,48256.0,47801.75209491041,48228.127440096796,47968.943796991734,47789.733107428714,-776.0,-5.235102049366105,-726.7178447570477,-426.25706688317587,-84.28782135498841
870,46960.0,47794.89005984791,46992.300055883694,47325.70736583351,47682.13194144516,-752.0,-8.212601665698458,-704.5803648545916,-386.9314854705517,-71.49456891129739
871,46752.0,47785.32689157901,46818.96671038761,47195.08082605063,47646.74396960612,208.0,-10.698969606211904,191.84998389723478,90.91387324243624,9.349226641268615
872,47376.0,47773.492120635485,47376.00002367816,47507.53511231838,47700.830394727695,728.0,-12.8316455409622,681.7708109688574,378.2218424269413,70.3279448579633
873,48208.0,47759.663600497086,48182.50833232533,47951.52451090451,47787.399859322046,560.0,-14.7400534880544,523.962813531045,315.7516540383949,65.53945756044777
874,48496.0,47744.012013659376,48423.92565074025,48139.03842039517,47831.90930984859,-144.0,-16.447135072845413,-118.95442788381115,9.033119688236184,11.304916018976655
875,47920.0,47726.769330351395,47944.599476557705,47969.590750280986,47810.00969136,-424.0,-17.774204143017414,-356.3287913940112,-144.65229497369364,-27.39913392058952
876,47648.0,47708.46360537334,47711.26806795223,47849.73383044778,47777.11104200741,128.0,-18.349907302617794,83.00893115566578,-18.990004609309835,-26.44309725222047
877,48176.0,47690.06951574616,48110.61733886904,47931.610741062366,47757.12349685556,112.0,-17.696545883118233,72.43596526197143,-40.317718854232226,-40.93137030907383
878,47872.0,47673.070513607105,47856.139998476174,47769.09839273932,47695.24830138926,-384.0,-15.338032287218084,-333.7773480120086,-213.96315195338684,-70.71278039683239
879,47408.0,47659.39345117172,47443.06264284502,47503.68443715559,47615.69793606189,-224.0,-10.907266600614093,-237.76414140604902,-217.57173700593194,-69.16546852427564
880,47424.0,47651.25598040588,47380.611715664076,47333.95491872745,47556.91736434071,-440.0,-4.237696769800095,-407.89794510891807,-214.75205906440897,-52.134703504143545
881,46528.0,47650.91805763212,46627.26675262718,47074.180319026775,47511.428529053606,-56.0,4.599356693637674,-34.305849108648545,13.315559812701395,3.6825911655723758
882,47312.0,47660.45469379315,47312.00001744678,47360.586038352856,47564.28254667186,856.0,15.344180408050306,756.7332332092119,310.6987385025168,65.46814495184299
883,48240.0,47681.606418448224,48140.73321904561,47695.57779603181,47642.36481895729,-104.0,27.585951803212083,-55.054381709738664,62.78065569485261,48.200513233299716
884,47104.0,47715.626597399576,47201.8912540273,47486.14734974256,47660.683573138456,-256.0,40.79693024275184,-228.13165204487814,-18.35677141796623,46.15293283808933
885,47728.0,47763.20027893373,47684.46991495585,47658.864253195876,47734.67068463347,304.0,54.34529169728194,264.92823570778637,138.14903005125234,74.32064572668605
886,47712.0,47824.31718079414,47731.747725442874,47762.445409845066,47809.32486459183,128.0,67.41253338816023,146.01643770141163,128.8038615717196,79.52042318795066
887,47984.0,47898.02534571005,47976.502790358674,47916.471976339315,47893.71153100937,240.0,78.90284091796639,207.26901670916413,120.26255466391012,79.87224296800923
888,48192.0,47982.12286263007,48146.2857588612,48002.970519172886,47969.06935052785,-72.0,87.35900676299934,-58.78823719146749,-8.016197579985601,64.2112870448691
889,47840.0,48072.74335923605,47858.92631597574,47900.439581179344,48022.13410509911,-224.0,90.90805025912414,-192.72786300678126,-72.3111474038742,62.17145982621878
890,47744.0,48163.93896314832,47760.83003284764,47858.34822436514,48093.412270180284,0.0,87.40489401601371,-13.946118889896752,15.082755368362996,88.74877859019034
891,47840.0,48247.553147268074,47831.034078195946,47930.60509191607,48199.63166227949,8.0,74.71917719058547,25.374436328023876,117.55941350896683,124.20097521317803
892,47760.0,48313.37731752949,47811.57890550369,48093.46705138307,48341.81422060664,376.0,51.1516765731576,380.4829636796494,330.70163065917586,171.2732693574835
893,48592.0,48349.85650041439,48592.000005555245,48592.00835323442,48542.17820099446,776.0,15.979506204861536,742.196633017993,574.8318900555423,197.87289043754208
894,49312.0,48345.336329939215,49295.97217153967,49243.130831494156,48737.560001481725,512.0,-30.059488294944458,520.0139096391467,539.2953369191928,166.65980056134867
895,49616.0,48289.7375238245,49632.02782483354,49670.59902707281,48875.497802117156,648.0,-84.47228711708522,629.8638861229701,454.76770911505446,100.91269074129377
896,50608.0,48176.391755705044,50555.699943785614,50152.666249724265,48939.38538296431,480.0,-142.98708670317865,448.5027292186969,254.40034751359053,-19.54315000463248
897,50576.0,48003.76335041814,50529.03328327093,50179.39972209999,48836.41150210789,-336.0,-199.87747321372808,-309.8499777893012,-171.5666665742865,-189.95330575102344
898,49936.0,47776.63680927759,49935.99998820701,49809.53291657569,48559.478771462265,-872.0,-248.65539176160382,-848.5166389469814,-673.6999017238049,-345.75879207251637
899,48832.0,47506.452566894935,48832.00000537697,48831.99991865238,48144.89391796286,-1072.0,-282.99336705683163,-1071.999995048198,-1008.7663988574168,-448.9401576012606
900,47792.0,47210.650075163925,47791.999998110616,47792.00011886086,47661.598456259744,-1144.0,-297.7501256043579,-1144.0000025791742,-1144.0000098593664,-800.4192418820421
901,46544.0,46910.95231568622,46544.00000021862,46543.999898933645,46544.05543419877,-1416.0,-289.85172732542196,-1415.9999989691933,-1416.0000035713274,-831.4509323394086
902,44960.0,46630.94662051308,44960.00000017223,44960.000111718204,45998.69659158093,-1392.0,-258.88076740765246,-1358.1386685475263,-1177.2028171484453,-468.9096280585072
903,43760.0,46393.190780870915,43827.72266312357,44189.594264636755,45606.23617808176,-480.0,-207.2549171332248,-475.6923063819486,-418.5727116141097,-300.1486045950842
904,44000.0,46216.43678624663,44008.61538740833,44122.854688489984,45398.39938239076,296.0,-139.9386605148211,223.9696613264423,-5.312231901774794,-137.91682657146157
905,44352.0,46113.31345984127,44275.66198577645,44178.969800833205,45330.402524938836,-240.0,-63.752036291942204,-194.67434023257374,-30.399987240180053,-19.07673120497566
906,43520.0,46088.93271366275,43619.266706943185,44062.054714009624,45360.24591998081,32.0,13.608671618578228,70.16904032379898,154.112270181231,121.85569104100432
907,44416.0,46140.53080307843,44416.00006642405,44487.19434119567,45574.113907020845,824.0,84.64624532280868,774.3666287997075,552.9725933972222,271.77368239108546
908,45168.0,46258.225204308364,45167.9999645426,45167.99990080407,45903.79328476298,968.0,143.07592448079595,957.3193906302185,889.680530947935,366.46904198027914
909,46352.0,46426.68265204002,46330.63884768449,46266.55540309154,46307.0519909814,712.0,184.58322201459669,722.6805976088981,754.7223872823888,401.0113057674971
910,46592.0,46627.39164833756,46613.361159760396,46677.444675368846,46705.81589629797,608.0,207.23276873730356,618.6805760115749,650.7222637691157,404.45470013146405
911,47568.0,46841.14818951463,47567.99999970764,47567.99993062977,47115.96139124433,1104.0,211.4885188018743,1088.5027248930892,931.9155709242332,387.54356450857813
912,48800.0,47050.36868594131,48790.366609546574,48541.27581721731,47480.90302531513,856.0,199.86397920068703,811.1833060304634,605.4427910403901,298.986785336554
913,49280.0,47240.876147916,49190.366611768564,48778.88551271055,47713.93496191744,-112.0,176.29196062280607,-105.82547107220671,-12.947548151485535,154.72868469818422
914,48576.0,47402.95260718692,48578.71566740216,48515.38072091434,47790.3603947115,-616.0,145.37292017712025,-540.4140752185886,-293.81443133903304,37.14345252963176
915,48048.0,47531.62198827024,48109.53846133139,48191.25665003248,47788.2218669767,-128.0,111.61591900292842,-161.4848994138374,-252.49574586562085,-15.127434385958622
916,48320.0,47626.184445192775,48255.745868574486,48010.3892291831,47760.10552593958,-392.0,78.8217359810078,-417.42794544679055,-335.6728062578295,-56.11106474014741
917,47264.0,47689.26546023226,47274.682570437806,47519.911037516824,47675.99973749641,-760.0,49.728127112204675,-685.2857503853265,-362.52267290786403,-63.50580156834985
918,46800.0,47725.640699417185,46885.17436780383,47285.34388336737,47633.09392280288,40.0,25.90465844582286,36.363636385176505,8.104787534233765,-1.2511185533803655
919,47344.0,47741.074777123904,47347.40984320816,47536.12061258529,47673.49750038965,776.0,7.887283603384276,706.7009014874639,346.83703551056533,56.87845260624454
920,48352.0,47741.41526662395,48298.57617077876,47979.0179543885,47746.85082801537,464.0,-4.563704447449709,456.63097142206607,256.4063189974586,43.09586902649244
921,48272.0,47731.947368229004,48260.67178605229,48048.93325058021,47759.68923844263,-104.0,-12.147846304316772,-94.54545446499469,-41.61807851818594,-12.777127650606417
922,48144.0,47717.11957401532,48109.48526184877,47895.78179735213,47721.296572714156,-584.0,-15.733816278494487,-540.1173472630762,-277.2605545520164,-59.527837092766276
923,47104.0,47700.479735672016,47180.43709152614,47494.412141476176,47640.6335642571,-336.0,-16.205096899022465,-330.5055803885116,-206.16358513786327,-53.83133024420022
924,47472.0,47684.709380217275,47448.47410107175,47483.454627076404,47613.633912225756,192.0,-14.363499977243919,150.40751490433104,-5.230200861569756,-19.917956420060364
925,47488.0,47671.75273571753,47481.2521213348,47483.951739753036,47600.79765141698,-16.0,-10.92257913958747,-0.9613730629280326,-1.5270174468460027,-7.196378237924364
926,47440.0,47662.8642219381,47446.55135494589,47480.40059218271,47599.24115574991,-8.0,-6.542641382384318,-1.9439916594710667,16.649148521031748,6.4055621204206545
927,47472.0,47658.66745295276,47477.36413801586,47517.2500367951,47613.60877565782,56.0,-1.8321857227929286,57.63347314926796,59.47446300993761,21.448058690806647
928,47552.0,47659.199850492514,47561.81830124443,47599.34951820259,47642.13727313152,128.0,2.65492543903747,133.54566945072293,105.77424050878108,33.035361130278034
929,47728.0,47663.977303830834,47744.455476917305,47728.79851781266,47679.679497918376,312.0,6.461858330760151,264.91456025939624,129.84825851640198,35.126199682770675
930,48176.0,47672.123567154034,48091.64742176322,47859.04603523539,47712.38967249706,-144.0,9.306280891578353,-118.87538712067544,-28.229464959571487,9.529658203540748
931,47440.0,47682.58986561399,47506.704702675954,47672.33958789352,47698.73881432546,-248.0,11.07639724366527,-207.11476492480506,-70.53665339511281,-0.7139174553340126
932,47680.0,47694.276361641365,47677.41789191361,47717.972728445166,47710.961837586394,192.0,11.827535104079288,157.80264880569666,64.61950477422579,13.771115140258189
933,47824.0,47706.24493582215,47822.31000028735,47801.57859744197,47726.281044605974,144.0,11.76688509559608,136.44210981046126,72.39516771779017,10.433259249879484
934,47968.0,47717.81013183256,47950.30211153453,47862.763063880746,47731.82835608615,48.0,11.13842518868114,39.502668919845746,8.565998379152006,-6.261270715513092
935,47920.0,47728.52178619951,47901.31533812704,47818.710594200274,47713.75850317495,-160.0,10.151081683066877,-142.41008277229776,-94.69717258033415,-28.381927752459887
936,47648.0,47738.11229519869,47665.48194598994,47673.36871872008,47675.06450058123,-136.0,8.923003181906097,-148.42366218741518,-132.65751612015447,-37.340777564651944
937,47648.0,47746.367792563324,47604.46801375221,47553.395561959966,47639.076948045644,-328.0,7.445228564662102,-296.5112978476791,-167.27537578013653,-36.43370513330592
938,46992.0,47753.002752328015,47072.45935029458,47338.817967159805,47602.19709031462,-136.0,5.594587375959236,-111.87447761376461,-41.16861122025148,-6.370003215291945
939,47376.0,47757.55696731524,47380.71905852468,47471.05833951946,47626.33694161506,376.0,3.2009546941990266,331.85500085350577,179.76954211938573,36.656698381189926
940,47744.0,47759.40466171641,47736.16935200159,47698.357051398576,47675.510487077,336.0,0.1188446730702708,316.29705348487914,204.47723757839776,45.74906981579261
941,48048.0,47757.79465666138,48013.31316549444,47880.01281467626,47717.835081246645,88.0,-3.6866862872884667,103.70964096503667,97.66217061581119,25.816348231976008
942,47920.0,47752.031289141836,47943.588633931664,47893.6813926302,47727.14318354095,64.0,-8.094722452427959,48.21863809555725,0.5092742690430896,-0.3347385286433564
943,48176.0,47741.60521175653,48109.75044168555,47881.031363214344,47717.16560418936,-408.0,-12.821097392403317,-370.16094236186836,-160.13434780868192,-32.9192991421296
944,47104.0,47726.38909435703,47203.26674920793,47573.412697012835,47661.304585256694,-96.0,-17.440900094825338,-101.05565817580282,-72.9123176950925,-27.99578966982881
945,47984.0,47706.723411566876,47907.639125333946,47735.20672782416,47661.1740248497,248.0,-21.451386823311623,218.54867307705717,37.39739472340807,-16.271859164506168
946,47600.0,47683.486320710406,47640.36409536204,47648.20748645965,47628.76086692768,-72.0,-24.35231627520625,-65.45455316167863,-62.895498134683294,-30.975114575638145
947,47840.0,47658.018779016464,47776.73001901059,47609.41573155479,47599.223795698425,-280.0,-25.74682142612437,-276.03201995667405,-154.08388912746523,-41.57588144433248
948,47040.0,47631.99267785816,47088.30005544869,47340.03970820472,47545.60910403902,-408.0,-25.40703658034181,-350.8816476602733,-119.35616924770875,-28.334236457460065
949,47024.0,47607.20470585578,47074.96672369004,47370.703393059375,47542.555322783504,576.0,-23.321625498956564,513.7380524635009,204.01538138433898,22.87398488366307
950,48192.0,47585.349426860244,48115.776160375695,47748.0704709734,47591.35707380634,424.0,-19.708814175883163,387.4524727921962,155.40231340072205,18.769604713157605
951,47872.0,47567.787077504014,47849.871669274435,47681.50801986082,47580.09453220982,-416.0,-14.98844611419554,-376.54614472910544,-161.80844118216555,-25.85781498603319
952,47360.0,47555.37253463185,47362.683870917484,47424.45358860907,47539.641443834276,-528.0,-9.725669623807335,-473.76844376953886,-224.82763694722235,-31.471016183830216
953,46816.0,47548.3357382564,46902.33478173536,47231.852745966375,47517.15249984216,-32.0,-4.56227010780276,-28.675180505324533,15.325530340494879,12.568680999993376
954,47296.0,47546.24799441625,47305.333509906835,47455.10464929006,47564.77880583426,784.0,-0.1211749863505247,691.1992287819085,302.8042279687106,61.06524628381521
955,48384.0,47548.0933882837,48284.733239299174,47837.461201903796,47639.28299240979,112.0,3.0943712702537596,134.01408266844373,109.08715356563698,37.2683361960153
956,47520.0,47552.436736956755,47573.36167524372,47673.27895642133,47639.31547822629,-392.0,4.756608163854253,-337.04429569333297,-87.54276727180331,5.99825972781764
957,47600.0,47557.60660461141,47610.64464791251,47662.37566736019,47651.279511865425,128.0,4.748914957403031,90.50621223131748,20.284544618953078,14.528009232406475
958,47776.0,47561.93456687156,47754.37409970636,47713.84804565924,47668.37149669111,40.0,3.2010073785786517,35.59995032564984,20.396401128666184,11.71055966023414
959,47680.0,47564.008619368564,47681.84454856381,47703.16846961752,47674.70063118589,-88.0,0.4489498407856445,-63.306808323523,0.9046587670418376,6.064166054082307
960,47600.0,47562.83246655313,47627.76048305931,47715.65736319332,47680.49982879927,72.0,-3.044230465660803,84.71834979207051,70.31757517246297,9.824189053342707
961,47824.0,47557.92015843724,47851.28124814795,47843.80361996245,47694.34900929258,440.0,-6.735896162899735,376.4864178102871,138.04806675034706,7.366630957934831
962,48480.0,47549.36067422733,48380.733318679886,47991.753496694015,47695.23309071514,-160.0,-10.075235414613417,-152.293393374679,-96.17337492142178,-38.354264041681745
963,47504.0,47537.769687608015,47546.69446139859,47651.456870119604,47617.640481209215,-480.0,-12.588659149547311,-451.7139049641919,-266.56819151460877,-71.91058544546468
964,47520.0,47524.18335592824,47477.3055087515,47458.6171136648,47551.41191982421,-336.0,-13.919555161854078,-316.9704457921289,-223.53119962240453,-64.65796539379153
965,46832.0,47509.93057728431,46912.75356981433,47204.394470874795,47488.32455042163,-152.0,-13.850309883800946,-126.67505296294621,-68.02540735260845,-30.271141881497897
966,47216.0,47496.48273616064,47223.95540282561,47322.56629895958,47490.869636061216,392.0,-12.328995786781888,350.9788471393331,171.45497756457553,16.28856744263976
967,47616.0,47485.27258571074,47614.711264093,47547.304426003946,47520.90168530691,432.0,-9.470161228502548,384.3121817323881,190.39034004633504,25.277133511048305
968,48080.0,47477.54241370363,47992.579766290386,47703.34697905225,47541.42390308331,-112.0,-5.532415118792414,-94.33558280530269,-32.28395742557041,-6.406587069439411
969,47392.0,47474.20775547316,47426.040098482394,47482.736511152805,47508.08851116803,-408.0,-0.9056104573501216,-361.2362589414006,-175.24221232304262,-27.53096635687325
970,47264.0,47475.73119278893,47270.107248407585,47352.862554406165,47486.361970369566,-128.0,3.9369288364650856,-125.3966080369064,-85.44267954355746,-10.608442279990413
971,47136.0,47482.08161314609,47175.24688240858,47311.85115206569,47486.87162660805,128.0,8.479618103159737,101.37404604389303,46.91417369237024,18.05323756888538
972,47520.0,47492.69042899525,47472.85534049537,47446.690901790906,47522.46844550734,48.0,12.234619147649937,61.88516056365188,98.18520062066455,35.7202411746548
973,47232.0,47506.55085144139,47299.017203535885,47508.22155330702,47558.31210895736,344.0,14.818322679442645,336.0889683854839,199.64142816962703,52.159268897892616
974,48208.0,47522.327074354136,48145.03327726634,47845.97375813016,47626.78698330312,408.0,15.995140990431537,356.34137239659685,156.73908388822383,39.41422351091751
975,48048.0,47538.54113342225,48011.69994832908,47821.69972108347,47637.1405559792,-392.0,15.716871160504525,-348.3666128826044,-137.42417650496282,-10.189399524966575
976,47424.0,47553.760816675145,47448.30005150113,47571.125405120234,47606.40818425319,-464.0,14.131050197473087,-408.3666137315595,-177.01161340311592,-21.611962513346953
977,47120.0,47566.8032338172,47194.96672086596,47467.676494277235,47593.9166309525,248.0,11.55232289088599,212.1223683623066,70.38933629562234,11.204278246936155
978,47920.0,47576.86546245692,47872.54478822574,47711.90407771148,47628.81674074706,408.0,8.400629173545894,349.67991382082255,140.1796222899793,20.340946831911424
979,47936.0,47583.60449216429,47894.326548507604,47748.035738857194,47634.598524616325,-232.0,5.14348990768849,-186.5854971801091,-57.85046942568806,-9.28828989991598
980,47456.0,47587.152442272294,47499.373793865525,47596.2031388601,47610.24016094723,-208.0,2.2201973890878435,-178.08378531445123,-81.73103056704349,-16.64635562173862
981,47520.0,47588.044886942465,47538.1589778787,47584.57367772311,47601.30581337285,184.0,-0.022374739855877124,129.58007340668337,20.65737772456123,-4.869056905736215
982,47824.0,47587.10769279258,47758.53394067889,47637.517894309225,47600.50204713576,-136.0,-1.3646302886481863,-106.95533380534471,-40.296836259269185,-11.97866388030161
983,47248.0,47585.31562636517,47324.24831026801,47503.98000520457,47577.348485612245,-88.0,-1.733277489660395,-53.0440790708235,-5.547886502372421,-6.686137242901168
984,47648.0,47583.64113781326,47652.445782537245,47626.42212130448,47587.129772649954,432.0,-1.2078375195233093,350.42638495545543,111.65317675215556,6.737775670204428
985,48112.0,47582.89995132612,48025.10108017892,47727.28635870888,47590.824036952654,-256.0,0.0019291908465675078,-222.27098078465497,-91.49258324116454,-22.36453384966444
986,47136.0,47583.644996194955,47207.903820967935,47443.43695482215,47542.400704950625,-336.0,1.59502671033988,-297.246475050375,-130.13092647564918,-28.103296754499752
987,47440.0,47586.0900047468,47430.60813007817,47467.02450575758,47534.617443443654,224.0,3.2253142910267343,175.74495950109122,37.09980381422065,-3.0523893347890407
988,47584.0,47590.09562477701,47559.39373997012,47517.63656245059,47536.29592628105,-16.0,4.558815133419557,5.7543097425186716,17.430337918307487,-0.7067208485532319
989,47408.0,47595.20763501364,47442.11674956321,47501.885181594196,47533.20400174655,48.0,5.336938723834464,53.30675740916922,31.191209940698172,3.1682755528308917
990,47680.0,47600.76950222468,47666.007254788456,47580.01898233199,47542.63247738671,200.0,5.424847364607558,153.92677916753019,28.14329190378703,2.560099509493739
991,47808.0,47606.05732974286,47749.97030789827,47558.17176540177,47538.324200765535,-488.0,4.846670968432591,-431.37024050176115,-146.7613342293298,-17.79206658289695
992,46704.0,47610.46284416154,46803.26677378493,47286.49631387333,47507.048344220915,16.0,3.7766171253315406,17.265750704482343,19.572705408219917,8.876560666423757
993,47840.0,47613.61056399352,47784.501809307236,47597.31717621821,47556.07732209838,504.0,2.497047340773861,461.29349926824216,189.47945045398956,34.83284398238902
994,47712.0,47615.45693884309,47725.85377232142,47665.45521478131,47576.71403218569,0.0,1.349664274159295,10.620824621273641,44.86564595374875,13.872411696596828
995,47840.0,47616.30989254184,47805.74345854978,47687.04846812571,47583.82214549158,-88.0,0.6581207647577685,-91.39302102271176,-54.882512592743296,-5.7007794195415045
996,47536.0,47616.773180372606,47543.067730275994,47555.69018959582,47565.31247334661,-248.0,0.6415453125773638,-227.33707689380026,-121.51318373197137,-17.044048477633623
997,47344.0,47617.59298316699,47351.06930476218,47444.022100661765,47549.73404853631,-184.0,1.377876198366721,-156.6519017028986,-61.65703860317808,-5.291722383488377
998,47168.0,47619.52893276934,47229.7639268702,47432.376112389466,47554.72902857963,344.0,2.7915794670443574,297.9326882512869,120.54206792243349,24.331431472310214
999,48032.0,47623.17614210108,47946.93468126476,47685.10623650663,47598.39691148093,216.0,4.648401446087519,181.42572892605676,79.28324237048218,21.987728475338372
1000,47600.0,47628.825735661514,47592.61538472231,47590.94259713043,47598.70448553031,-480.0,6.635527474885748,-391.24237293090846,-98.69234081098693,0.24279832590036676
1001,47072.0,47636.44719705085,47164.44993540294,47487.72155488466,47598.88250813273,296.0,8.431688838874834,257.49383516349917,104.63973519655701,26.522148009054945
1002,48192.0,47645.689113339264,48107.60305504931,47800.222067523544,47651.74878154842,336.0,9.742075359921728,297.75878742472923,116.61154640065797,25.853712493109924
1003,47744.0,47655.9313477707,47759.9675102524,47720.944647685974,47650.58993311895,-312.0,10.354795891620597,-267.79799353493945,-90.80509599457946,-5.829351773521921
1004,47568.0,47666.398705122505,47572.00706797943,47618.611875534385,47640.090078001376,-184.0,10.17452784391935,-167.92510237582974,-77.02683438439635,-6.895351217506686
1005,47376.0,47676.280403458535,47424.11730550074,47566.89097891718,47636.79923068394,104.0,9.206466616349644,92.69676502501534,43.72459284138313,9.749114216760063
1006,47776.0,47684.811638355204,47757.40059802946,47706.06106121715,47659.5883064349,280.0,7.520943325973349,240.28628267603563,104.20061290854574,16.968491072701
1007,47936.0,47691.32229011048,47904.68987085281,47775.29220473427,47670.73621282934,-8.0,5.235633557869733,-9.261372912591469,-11.122754115742282,-2.115282964088692
1008,47760.0,47695.282905470944,47738.87785220428,47683.81555298567,47655.35774050672,-312.0,2.4711378049069026,-271.4227576271296,-129.56887525577622,-20.61058529728325
1009,47312.0,47696.264565720296,47361.84435559855,47516.15445422272,47629.51504223477,-144.0,-0.6676030134076427,-127.81171861299663,-65.58387165158274,-9.966946160206135
1010,47472.0,47693.94769944413,47483.254414978284,47552.6478096825,47635.42384818631,208.0,-4.07141125121052,177.68213427117007,76.81726030103528,14.079998360844911
1011,47728.0,47688.121743217875,47717.20862414089,47669.78897482479,47657.67503895646,216.0,-7.624848951832973,179.99732986706294,88.03565255467765,18.73494271798336
1012,47904.0,47678.69800154046,47843.24907471241,47728.71911479186,47672.89373362227,-232.0,-11.163205155153264,-177.7141758664111,-28.710302636998676,3.6633813469234155
1013,47264.0,47665.79533290757,47361.78027240807,47612.36836955079,47665.00180165031,8.0,-14.450059297967528,38.37545946224782,57.83343953432632,12.158158110549266
1014,47920.0,47649.79788294453,47919.999993636906,47844.38599386051,47697.21004984337,656.0,-17.18500069454967,557.4764764589563,194.21062123997763,21.06875068523368
1015,48576.0,47631.42533151847,48476.73322532598,48000.78961203075,47707.13930302078,-376.0,-19.02024040960896,-336.7179631630315,-131.2015758143898,-33.51378167155781
1016,47168.0,47611.75740212531,47246.56406731084,47581.98284223173,47630.182486500256,-512.0,-19.61037700559973,-470.43118675076767,-211.8153486831543,-53.84769219550799
1017,47552.0,47592.20457750727,47535.870851824446,47577.15891466444,47599.44391862976,256.0,-18.685328275565553,208.66104363582417,7.755529764930543,-28.366371939006058
1018,47680.0,47574.38674557418,47663.88615458249,47597.49390176159,47573.449742622244,56.0,-16.125829827360576,47.446075670490245,-20.91806202205771,-31.32168887640728
1019,47664.0,47559.95291785255,47630.763003165426,47535.322790620325,47536.800540876946,-224.0,-12.01607206636254,-199.30813558994123,-126.50971583110368,-43.0091747014485
1020,47232.0,47550.35460144145,47265.26988340261,47344.47447009938,47487.43139321935,-200.0,-6.666981536181993,-199.1437027497559,-134.61108547124604,-36.59757799662839
1021,47264.0,47546.618954780184,47232.475597665914,47266.10061967783,47463.60538488369,-216.0,-0.592612911190372,-190.41629740714052,-77.32354058263809,-13.845739091477299
1022,46800.0,47549.16937561907,46884.43728858833,47189.82738893411,47459.73991503639,152.0,5.555267545754759,167.76209194622425,118.64046372332814,29.121525904523878
1023,47568.0,47557.729489871694,47567.99978155836,47503.38154712449,47521.84843669274,696.0,11.078790088475216,604.1480932793238,281.2449317526298,59.80094349097999
1024,48192.0,47571.32695579602,48092.733475146975,47752.31725243937,47579.34180201835,-32.0,15.353690220345015,-24.140341150610766,29.09433153455757,26.860455426533008
1025,47504.0,47588.436870312384,47519.71909925714,47561.570210193604,47575.5693475458,-544.0,17.940407412210334,-456.07811972971103,-161.96193714895708,-0.1939870952592173
1026,47104.0,47607.20777062044,47180.57723568755,47428.39337814145,47578.953827827834,56.0,18.646597438182653,43.74431486819594,29.01985701857484,27.132171673423727
1027,47616.0,47625.73006518875,47607.20772899353,47619.609924230754,47629.83369089265,440.0,17.55877526043696,382.6691382736608,193.02150820467432,51.57154760944832
1028,47984.0,47642.32532114132,47945.915512234875,47814.4363945508,47682.09692304673,144.0,15.026019991732028,148.28534441569354,110.04466759544812,37.168078306418465
1029,47904.0,47655.78210517221,47903.77841782492,47839.69925942165,47704.16984750549,-48.0,11.581698036508897,-43.24500528533463,-6.887505418326327,12.081416834029369
1030,47888.0,47665.488717214335,47859.425501664206,47800.66138371415,47706.25975671479,-224.0,7.842746487764089,-187.22540783968725,-82.70718385042346,-6.997102954959701
1031,47456.0,47671.46759814774,47529.327602145546,47674.2848917208,47690.17564159557,64.0,4.406108331710129,36.540111209073075,-17.234046132951335,-4.375333039439283
1032,48016.0,47674.300933877756,47932.50572408235,47766.193291448246,47697.50909063591,0.0,1.7481846122973366,-14.293257651432214,-32.994954548426904,-8.591096427866432
1033,47456.0,47674.963967372336,47500.74108684268,47608.29498262395,47672.993448739835,-256.0,0.1621477105509257,-208.05920302628147,-81.75081751232938,-13.66596945908168
1034,47504.0,47674.62522929886,47516.38731802979,47602.69165642359,47670.17715171775,88.0,-0.2670142722672608,77.58282133606917,43.74250201143877,5.492560563801817
1035,47632.0,47674.4299388278,47655.90672951482,47695.77998664683,47683.97856986744,288.0,0.3386187274081749,259.0530590591152,124.97832354664934,16.400346643058583
1036,48080.0,47675.302466753674,48034.49343614802,47852.648303516886,47702.977845003865,184.0,1.6898031393357087,151.05388737331305,43.19246862849832,0.14816738662557327
1037,48000.0,47677.80954510647,47958.014504261446,47782.16492390382,47684.27490464069,-424.0,3.3862892969700624,-374.3242290016424,-179.4009176611471,-34.489195131147426
1038,47232.0,47682.075045347614,47285.844978144734,47493.84646819459,47633.99945474157,-352.0,4.97492712379244,-315.02681697073785,-157.39522161193963,-30.17547716203626
1039,47296.0,47687.75939935406,47327.96087031997,47467.374480679944,47623.92395031662,248.0,6.003403825081477,201.92024377507914,59.21525282532821,6.320693090874556
1040,47728.0,47694.08185299778,47689.68546569489,47612.27697384525,47646.64084092332,192.0,6.069316005377914,170.15192384936745,87.04098008792425,18.648932652871736
1041,47680.0,47699.89803136481,47668.264718018705,47641.45644085579,47661.22181562236,-120.0,4.859864106208988,-80.09715758267703,9.907687438440917,13.642065480158635
1042,47488.0,47703.801581210195,47529.49115052954,47632.09234872213,47673.924971883636,72.0,2.1947363445651717,68.68218515851913,62.68208222740577,21.999404855454486
1043,47824.0,47704.287504053944,47805.62908833574,47766.820605310604,47705.22062533327,200.0,-1.932842901263939,184.28337948491753,106.1385592437764,25.356684716298332
1044,47888.0,47699.93589540767,47898.05790949937,47844.36946720968,47724.63834131623,168.0,-7.346402251030668,142.71836866051308,55.73359550391615,11.249633048777469
1045,48160.0,47689.59469955188,48091.06582565677,47878.28779631844,47727.719891430825,-376.0,-13.666140104956867,-331.3955716311757,-106.93777273203159,-18.53245531387074
1046,47136.0,47672.60361519775,47235.26676623702,47630.49392174562,47687.57343068849,40.0,-20.325118689845112,31.061255694698048,-0.5469137000036426,-12.567789207903843
1047,48240.0,47648.94446217219,48153.188337046166,47877.19396891843,47702.58431301502,312.0,-26.62245560388692,273.0693881830848,65.2970316320243,-11.859902022726601
1048,47760.0,47619.35870398998,47781.40554260319,47761.08798500967,47663.85362664304,-304.0,-31.786857096929452,-264.75508142703256,-115.56199140392346,-43.53800503982711
1049,47632.0,47585.37074797833,47623.6781741921,47646.06998611058,47615.50830293536,-224.0,-35.07268855773145,-199.33649745059301,-107.98300584379831,-49.1699085609107
1050,47312.0,47549.21332687452,47382.732547702006,47545.12197332207,47565.51380952122,136.0,-35.88220555866428,112.71711201994185,15.61297387252489,-37.3188029380799
1051,47904.0,47513.606336861005,47849.112398231984,47677.29593385563,47540.8706970592,248.0,-33.87019495460845,191.9418416898843,18.821927461380255,-42.79957760905381
1052,47808.0,47481.4729369653,47766.616231081774,47582.76582824483,47479.91465430311,-344.0,-29.010513127988816,-311.21659582359644,-207.14719148838776,-77.36031004094184
1053,47216.0,47455.58531060503,47226.67920658479,47263.00155087886,47386.15007697732,-496.0,-21.632136817632272,-464.7394074907752,-296.2635019265472,-85.2570734769215
1054,46816.0,47438.208663330035,46837.137416100224,46990.23882439174,47309.400507349266,-304.0,-12.384452592392336,-283.85470998345045,-185.6433142912465,-52.07954426059223
1055,46608.0,47430.81640542024,46658.96978661789,46891.71492229636,47281.990988456135,80.0,-2.144739895786188,76.68130360713985,43.33355905280405,6.290030529678916
1056,46976.0,47433.91918353846,46990.500023314504,47076.905942497346,47321.980568408624,448.0,8.098922877579753,404.0303532691214,235.643991449655,57.288608372917224
1057,47504.0,47447.0142511754,47467.03049315613,47363.00290519567,47396.56820520197,304.0,17.39323520905964,291.6829356223134,215.5984152961646,69.21604705344726
1058,47584.0,47468.70565395658,47573.86589455913,47508.102773089675,47460.41266251552,24.0,24.939724992840638,56.16487419866462,107.1512544388388,57.66509043932092
1059,47552.0,47496.89370116108,47579.36024155346,47577.30541407335,47511.89838608061,176.0,30.191841537500295,142.29555476165842,81.85534802035181,49.480642869126314
1060,47936.0,47529.08933703158,47858.45700408245,47671.81346913038,47559.37394825377,-208.0,32.89595100548104,-172.04679750016294,-37.58521037778701,28.644259585846157
1061,47136.0,47562.685603172045,47235.26664655314,47502.13499331778,47569.1869052523,32.0,33.08377248256511,23.891608833757346,13.389020846287167,31.472302261150617
1062,48000.0,47595.25688199671,47906.24022174996,47698.59151082295,47622.31855277607,136.0,31.058875674323644,114.85453079062063,45.752272916652146,34.24757516257159
1063,47408.0,47624.80335452069,47464.97570813438,47593.63953915108,47637.68205557745,-216.0,27.324841870366072,-156.38597294371357,-12.132202096327092,26.847605580245727
1064,47568.0,47649.906565737445,47593.468275862535,47674.3271066303,47676.013763936564,304.0,22.512835235007515,255.83394704084276,133.85112079436658,43.73239655594443
1065,48016.0,47669.82902499071,47976.64360221606,47861.341780739815,47725.146848689335,208.0,17.305318430968327,186.39333743384122,109.68556447942319,34.590427187238674
1066,47984.0,47684.51720259938,47966.25495073022,47893.698235589145,47745.19461831104,-144.0,12.34777347067211,-99.11389783476625,-12.794427356097003,8.107500537258602
1067,47728.0,47694.52457193205,47778.41580654653,47835.75292602762,47741.36184976385,96.0,8.168652162687067,64.23988854896015,-4.068846547710564,-3.1646760589937912
1068,48176.0,47700.854506924756,48094.73472782814,47885.560542493724,47738.865266193054,-104.0,5.104404321726179,-109.2067724372937,-95.41211228703469,-24.353320261150657
1069,47520.0,47704.733380575504,47560.00226167194,47644.92870145355,47692.65520924155,-352.0,3.254913474411296,-315.52182493687724,-178.16749031339714,-37.577296489420405
1070,47472.0,47707.36433387358,47463.69107795438,47529.22556186693,47663.71067321421,-144.0,2.4899755039659794,-137.85579394564775,-87.09035865316037,-19.359002366629284
1071,47232.0,47709.713331583436,47284.29067378065,47470.74798414723,47653.93720450829,72.0,2.48368383255729,82.05296472950067,60.89641435391604,11.323391519490542
1072,47616.0,47712.33170153869,47627.797007413385,47651.01839057476,47686.357456253194,464.0,2.7903234946134035,402.49137069967037,197.77960171491577,35.93812455756415
1073,48160.0,47715.29397857266,48089.27341517999,47866.30718757706,47725.81345362342,120.0,2.9463358037464786,107.84348366653285,68.44239079083127,17.746670051401452
1074,47856.0,47718.224373146186,47843.48397474645,47787.903172156424,47721.850796356,-384.0,2.575927067799057,-308.36956670127256,-112.45242934242924,-10.670117449630197
1075,47392.0,47720.44583270826,47472.53428177744,47641.4023288922,47704.47321872416,72.0,1.4477187884695013,31.721715918192785,-21.79967881811899,-1.7539166956230474
1076,48000.0,47721.119810723125,47906.927406582836,47744.303814520186,47718.34296296475,-80.0,-0.4884317999021732,-70.63385190481495,-24.946607111920457,-0.21310761117638322
1077,47232.0,47719.46896910846,47331.266577967814,47591.50911466836,47704.04700350181,24.0,-3.0998715494461067,32.95767485402757,26.959857482353982,9.30639071215046
1078,48048.0,47714.92006762423,47972.84275629089,47798.223529484894,47736.95574438905,224.0,-6.121488470114855,193.16835577191887,81.8261795589824,17.356528106691258
1079,47680.0,47707.22599216823,47717.60328951165,47755.16147378633,47738.76005971519,-80.0,-9.21192468386289,-67.22301922097904,-5.481318805399496,4.742318311902636
1080,47888.0,47696.49621825651,47838.39671784893,47787.260891874095,47746.44038101286,-152.0,-12.023665448388783,-127.2229824180431,-18.27013597518817,0.602340348308644
1081,47376.0,47683.17866127145,47463.157324675565,47718.62120183595,47739.96474041181,320.0,-14.243077907107363,295.1682561086018,102.67091087983135,11.722596419542242
1082,48528.0,47668.01006244229,48428.73323006614,47992.60271363376,47769.88557385194,56.0,-15.622826627262839,41.84349185678002,6.282868614685867,-7.984887867271027
1083,47488.0,47651.933008016924,47546.844308389125,47731.18693906532,47723.994964677266,-456.0,-15.995509312699141,-394.8898417710334,-139.82230503577375,-34.09086094081067
1084,47616.0,47636.019043816894,47638.95354652407,47712.95810356221,47701.70385197032,272.0,-15.27934753795489,206.87697075530377,30.250216277992877,-18.0059201084332
1085,48032.0,47621.374312941014,47960.59824989973,47791.68737162131,47687.9831244604,-48.0,-13.464947566993942,-35.36404712568765,-41.427046130251256,-30.921571286897233
1086,47520.0,47609.089148682906,47568.225452272694,47630.10401130171,47639.860709396526,-160.0,-10.628533106293617,-151.24553626356646,-106.53135466874664,-42.12937959404735
1087,47712.0,47600.11724672843,47658.1071773726,47578.624662283815,47603.724365272305,-192.0,-6.9317369075797615,-179.5823880371172,-118.16701787598504,-41.550125860609114
1088,47136.0,47595.22567486775,47209.06067619846,47393.76997554974,47556.76045767531,-96.0,-2.6119045710038336,-83.743120181829,-55.96969895920847,-25.925884713229607
1089,47520.0,47594.89343758642,47490.62093700894,47466.6852643654,47551.872595845845,168.0,1.9990842549013905,134.66494585519467,46.25792099835962,-3.2942320371694223
1090,47472.0,47599.22384337755,47478.39056790885,47486.28581754646,47550.17199360097,16.0,6.508864440089383,19.722470444146893,26.743461954283703,2.2079974351690907
1091,47552.0,47607.9111664666,47530.065877897236,47520.172188273966,47556.28859071618,-88.0,10.501073894389265,-57.995300525421044,17.972464864495123,6.331026651027059
1092,47296.0,47620.22599116633,47362.39996685801,47522.23074727545,47562.83404690302,328.0,13.591266795985575,289.3336861250609,115.17393263920167,19.88715853199028
1093,48208.0,47635.09370005857,48108.73325014736,47750.52005355237,47596.062907780164,88.0,15.49873838338317,54.80000741891854,-0.45066694689012365,2.632006266147073
1094,47472.0,47651.223467933094,47471.999981695844,47521.32941338167,47568.09805943532,-704.0,16.110101341291738,-604.7332350655633,-204.52593347987204,-23.159945373081428
1095,46800.0,47667.31390274115,46899.26678001623,47341.468186592625,47549.743017034,240.0,15.518118769654393,220.05732673537204,90.87286650727037,19.132108450387022
1096,47952.0,47682.2597054724,47912.11463516659,47703.07514639621,47606.36227633609,616.0,14.00720813056978,555.1640414756803,237.14453300168316,39.3373731188949
1097,48032.0,47695.32831900229,48009.59486296759,47815.75725259599,47628.41776327179,-16.0,12.010082757820783,-14.545457361040462,4.5607324977827375,1.876375099287543
1098,47920.0,47706.279870988044,47883.02372044451,47712.19661139177,47610.115026534666,-504.0,10.028372170418152,-446.1168467371717,-207.4623355083313,-33.79698541039397
1099,47024.0,47715.38506334313,47117.36116949325,47400.83258157933,47560.823792451,-136.0,8.533871348528919,-164.19239704840948,-122.9477390227803,-22.45004446110761
1100,47648.0,47723.3476136851,47554.63892634769,47466.30113334621,47565.21493761245,-48.0,7.864597651943768,-45.047262173367926,-25.380881560005946,0.2518920420661743
1101,46928.0,47731.114258647016,47027.26664514651,47350.07081845932,47561.327576535135,176.0,8.17155537150029,182.9450994221188,94.80509434275882,27.779017749442573
1102,48000.0,47739.6907244281,47920.529125191926,47655.91132203173,47620.772973111336,344.0,9.391359302058845,297.4436018805609,133.7961645882824,40.484045231769414
1103,47616.0,47749.896977251134,47622.153848907634,47617.66314763588,47642.295666998674,-344.0,11.256973191037105,-267.6060317461015,-37.41660057790796,22.837477237269923
1104,47312.0,47762.20467081018,47385.31706169972,47581.078120875914,47666.447927585876,200.0,13.36387657242085,164.44279506924067,97.95403367798644,41.87465696649451
1105,48016.0,47776.624730395975,47951.039439046115,47813.571214991855,47726.04498093166,216.0,15.233487231107574,206.22529879842477,131.27870161186365,45.09930239237292
1106,47744.0,47792.67164527239,47797.76765929657,47843.63552409964,47756.64653237062,120.0,16.407664367041434,115.56651673331362,79.88207115761179,31.233878057490074
1107,48256.0,47809.44005913006,48182.17247251274,47973.33535730708,47788.51273704664,32.0,16.514076668183407,15.26717577988893,-11.632488139021007,8.49184152835005
1108,47808.0,47825.69979860876,47828.30201085635,47820.3705478216,47773.63021542732,-272.0,15.312456194875267,-252.36040737464282,-146.7795355746821,-16.601010847953148
1109,47712.0,47840.06497151981,47677.45165776346,47679.776286157714,47755.31071535074,-448.0,12.759111118353758,-408.5176242204616,-156.70611858502525,-16.153964309047296
1110,46912.0,47851.21802084547,47011.26676241543,47506.95831065155,47741.32228680923,256.0,9.00112914150668,252.66016130015487,124.66117981960633,27.477685798952734
1111,48224.0,47858.06722980282,48182.77198036377,47929.09864579693,47810.26608694864,688.0,4.341117602110899,627.7794351409902,274.68965804383697,48.25710448684549
1112,48288.0,47859.90025604969,48266.82563269741,48056.33762673922,47837.83649578292,-24.0,-0.7893235669580463,-21.818184179315722,11.407794311911857,5.062233623419161
1113,48176.0,47856.488582668906,48139.135612005135,47951.91423442075,47820.39055419548,-544.0,-5.910184025331546,-486.81077115770677,-216.46627510809776,-35.22641387765907
1114,47200.0,47848.079887999025,47293.204090381994,47623.40507652303,47767.3836680276,-200.0,-10.571594072396692,-205.11225922204903,-116.80661963620514,-24.637702766503935
1115,47776.0,47835.34539452411,47728.91109356104,47718.30099514834,47771.11514866247,224.0,-14.415712959416851,200.26247098423846,66.0464161994787,3.4872380679953494
1116,47648.0,47819.24846208019,47693.72903235047,47755.497908921985,47774.35814416359,208.0,-17.196794523875724,193.46310054180867,90.94586823464124,9.560902709301445
1117,48192.0,47800.95180547636,48115.837294644654,47900.19273161762,47790.236954081076,72.0,-18.817208666394436,41.294735517469235,-1.2088114955513447,-4.209342378464498
1118,47792.0,47781.6140447474,47776.31850338541,47753.08028593088,47765.93945940666,-496.0,-19.303342492861702,-419.76862561105736,-166.57230272130255,-25.600521704080165
1119,47200.0,47762.34512049064,47276.30004342254,47567.04812617502,47739.035910672916,-136.0,-18.730761371210974,-116.67589157131079,-2.508096668352664,0.04824679990269942
1120,47520.0,47744.15252200498,47542.96672024279,47748.06409259418,47766.03595300647,808.0,-17.232447574169782,720.216590454078,295.0480127162482,39.301839983872924
1121,48816.0,47727.8802253423,48716.733224330696,48157.144151607514,47817.63959064066,192.0,-14.947255487015354,192.530553285138,79.65213481709361,1.6856171662257111
1122,47904.0,47714.25801103095,47928.027826813064,47907.368362228364,47769.40718733892,-560.0,-12.000686904317263,-522.3805034159668,-248.09160826496372,-54.962043934796384
1123,47696.0,47703.878851533664,47671.97221749876,47660.960935077586,47707.71550277107,-496.0,-8.53697714734517,-458.3805730672502,-263.9269596119848,-61.10590942929775
1124,46912.0,47697.18405673626,47011.266680678564,47379.514443004395,47647.19536848032,-24.0,-4.734977240441367,-25.437988467168907,-47.68927057099427,-23.760365866724896
1125,47648.0,47694.40889705278,47621.096240564424,47565.5823939356,47660.19477103762,504.0,-0.8021704752136429,418.56266899453476,144.85914789899834,13.609141109172924
1126,47920.0,47695.57971578583,47848.39201866763,47669.23273880239,47674.41365069867,-168.0,3.020918317783071,-130.74412855864284,-21.73328573200706,1.939562195984763
1127,47312.0,47700.45073368835,47359.60798344714,47522.115822471584,47664.07389542959,-312.0,6.479849874838692,-250.74411798478832,-42.05900509501589,7.263939502397989
1128,47296.0,47708.53941553551,47346.90378269806,47585.11472861236,47688.941529703465,552.0,9.36467509861177,478.5626674261912,207.55627044695575,44.514710759049194
1129,48416.0,47719.18008388557,48316.73331829952,47937.228363365495,47753.10331694769,248.0,11.552353484552441,234.04692841180804,112.72781643588314,31.01695309161005
1130,47792.0,47731.644122504615,47814.99763952167,47810.570361484126,47750.975435886685,-464.0,13.043709166875487,-384.04623716717833,-117.37282113930269,-4.17910926667173
1131,47488.0,47745.26750221932,47548.640843965164,47702.48272108689,47744.74509841434,64.0,13.952875320588646,36.84742426930825,-0.8462798537984781,6.606917448378226
1132,47920.0,47759.54987314579,47888.69248806029,47808.87780177653,47764.18927078344,240.0,14.475107277783536,183.5140843965528,50.83398157791089,11.653635908271099
1133,47968.0,47774.21771677489,47915.66901275827,47804.15068424271,47768.052370230886,-344.0,14.801302932977705,-278.71289953562155,-86.65177541246521,-6.134282041013648
1134,47232.0,47789.15247901175,47331.266688989046,47635.5742509516,47751.920706701414,112.0,15.032012403997214,99.95773755393748,33.21069218468256,9.86437180559733
1135,48192.0,47804.28174158288,48115.584487866145,47870.57206861208,47787.78111384208,312.0,15.115995261428907,258.24810985485965,74.28385196652016,15.64946283277095
1136,47856.0,47819.384469534605,47847.762908698765,47784.14195488464,47783.219632366956,-360.0,14.827592932462721,-309.00703567357414,-122.3591362851148,-8.200499856775423
1137,47472.0,47833.93692744781,47497.570416518996,47625.85379604185,47771.38011412853,-256.0,13.81458346603904,-222.34040958478,-81.3612608218682,3.1294874680024805
1138,47344.0,47847.01363646668,47403.082089529205,47621.4194332409,47789.47860730296,368.0,11.685481876807899,305.5816018307087,134.27535381950293,40.37242353957481
1139,48208.0,47857.307891201424,48108.733620180414,47894.40450368085,47852.12496120768,72.0,8.129740150019643,92.09215959506764,116.18732228038061,44.85260196510353
1140,47488.0,47863.27311676672,47587.26640871934,47853.794077801664,47879.18381123317,120.0,3.0466954915464157,141.8564315720796,142.2866130216389,46.61804058714915
1141,48448.0,47863.40128218452,48392.44648332457,48178.97772972413,47945.36104238198,424.0,-3.385932455352304,372.98888257535873,190.67251678452885,41.04528326790751
1142,48336.0,47856.50125185602,48333.24417387006,48235.13911137072,47961.27437776898,-112.0,-10.734329523118504,-72.98144010420583,5.7309373319549195,-2.8229457245433878
1143,48224.0,47841.93262313828,48246.48360311616,48190.43960438804,47939.71515093289,56.0,-18.37894584444075,25.65744482692753,-61.47970478865682,-35.773469289451896
1144,48448.0,47819.74336016714,48384.55906352391,48112.17970179341,47889.72743919008,-392.0,-25.63075952966028,-380.1103067169024,-246.170051697929,-77.90133978330414
1145,47440.0,47790.67110407896,47486.26298968236,47698.09950099218,47783.91247136628,-488.0,-31.873611431241443,-466.0000406855579,-285.0304503051375,-88.6193442554868
1146,47472.0,47755.99613730465,47452.5589821528,47542.11880118313,47712.488750679106,-144.0,-36.65131270263373,-130.9090967655684,-120.92129921748347,-59.399283153219585
1147,47152.0,47717.36847867369,47224.44479615122,47456.256902557216,47665.11390505984,136.0,-39.702349957024126,136.2410274387621,66.26655265269437,-21.719150366268877
1148,47744.0,47676.591437390605,47725.04103703032,47674.65190648852,47669.05044994657,472.0,-40.927707389470015,403.67019334646466,183.72095717556294,0.18906738405348733
1149,48096.0,47635.51306389475,48031.78518284415,47823.69881690834,47665.49203982795,-32.0,-40.32825515388322,-14.329939965424273,12.896318873987184,-25.083808127219527
1150,47680.0,47595.93492708284,47696.38115709947,47700.444544236496,47618.88283369213,-304.0,-37.9663360945633,-253.49824024732152,-113.03200055359048,-49.66506445121922
1151,47488.0,47559.580391705626,47524.788702349506,47597.63481580116,47566.16191092551,40.0,-33.9116589758778,12.35105699754422,-47.99232053476226,-48.81282722033575
1152,47760.0,47528.11160913108,47721.08327109456,47604.45990316697,47521.25717925146,24.0,-28.259615922732337,1.7109242178703425,-70.94496105069629,-56.84187271148767
1153,47536.0,47503.06115986016,47528.21055078525,47455.74489369977,47452.478165502536,-240.0,-21.198650409110996,-231.81996638307828,-188.84256261732662,-72.95510547378944
1154,47280.0,47485.71430831286,47257.443338328405,47226.77477793232,47375.34696830388,-424.0,-13.046990361173812,-396.9737839798254,-255.5827268012872,-72.36384878346507
1155,46688.0,47476.96717913781,46734.262982825596,46944.57944009719,47307.750467935606,-312.0,-4.28525701145918,-278.44217820979975,-153.90561778652773,-36.608976971492666
1156,46656.0,47477.14379428994,46700.558981908805,46918.96354235926,47302.12901436089,208.0,4.456856004748261,189.09090862722587,105.86587344170039,26.684997143329383
1157,47104.0,47485.88089114731,47112.44480008005,47156.311186980594,47361.120462222265,528.0,12.473740284989617,468.7074358301106,263.50323811162525,71.84747097248692
1158,47712.0,47502.09127485992,47637.97385356903,47445.97001858251,47445.82395630587,120.0,19.10805377178258,140.80070407548556,156.643840893179,71.3946918988986
1159,47344.0,47524.096998690875,47394.04620823102,47469.59886876695,47503.90984602006,-24.0,23.852806454549864,6.303395817067212,86.42828456791904,66.08138201519614
1160,47664.0,47549.79688776902,47650.58064520316,47618.82658771835,47577.98672033626,232.0,26.43934972126226,189.43766298793707,126.64101281057083,69.77621033300966
1161,47808.0,47576.9756981334,47772.92153420689,47722.880894388094,47643.46226668608,-96.0,26.90216865855109,-53.05143996181869,61.49475386379345,57.248659684122686
1162,47472.0,47603.601225086124,47544.477765279524,47741.81609544594,47692.484039704505,240.0,25.52283549378626,235.38920545224755,153.8432487808168,60.04597500365344
1163,48288.0,47628.02136912097,48243.69994511139,48030.56739194973,47763.55421669339,440.0,22.75875802043447,376.27775740680954,160.03499247864966,44.84788782355099
1164,48352.0,47649.11874112699,48297.03328009314,48061.88608040324,47782.17981535161,-328.0,19.156116541609663,-281.94114444665684,-113.73827134486783,-9.865410574202542
1165,47632.0,47666.33360220419,47679.817656218074,47803.09084925999,47743.82339554498,-352.0,15.234015259589796,-317.6864628905678,-173.24980651324586,-32.76525002936978
1166,47648.0,47679.58677164617,47661.66035431201,47715.386467376746,47716.64931529287,96.0,11.39866681636704,50.14446965398383,-54.01114819487702,-23.74161448747691
1167,47824.0,47689.130935836925,47780.10659552604,47695.06855287024,47696.34016657003,-104.0,7.922381404336193,-101.02078115575569,-84.78363807139249,-26.692140394334274
1168,47440.0,47695.431534454845,47459.618792000496,47545.81919123396,47663.2650345042,-272.0,4.942809479609423,-222.39384352307025,-96.3397660192968,-21.91188034062361
1169,47280.0,47699.016554796144,47335.3189084799,47502.389020831644,47652.51640588878,184.0,2.477580933715217,152.29465887892366,67.76434001350935,7.8771916790246905
1170,47808.0,47700.386696322275,47764.20810975834,47681.34787126098,47679.01941786225,232.0,0.48164608627484995,209.92975007016867,115.63278605982487,20.053982866578735
1171,47744.0,47699.979846968694,47755.17840862024,47733.654592951294,47692.62437162194,40.0,-1.114220142881095,46.86234196306759,47.13401816595797,11.036172340787743
1172,47888.0,47698.15825603651,47857.93279368448,47775.615907592895,47701.09176254382,-56.0,-2.3677407326104003,-47.581646513357555,-14.230731561950961,-0.8780209509241104
1173,47632.0,47695.24436550347,47660.015115593524,47705.19312982739,47690.86832972009,-64.0,-3.3048263391574437,-57.84210012332187,-33.82621285180721,-7.280016337728739
1174,47760.0,47691.5486033582,47742.248593437835,47707.96348188928,47686.531729868366,8.0,-3.9100605102139525,-6.523554966493975,-23.247906993474317,-8.010013358307333
1175,47648.0,47687.424244483045,47646.968005660536,47658.69731584044,47674.84830300348,-128.0,-4.144346575052623,-100.44055947464221,-43.9175081286121,-10.341011714717752
1176,47504.0,47683.25991020809,47541.36747448855,47620.12846563206,47665.84970643893,112.0,-3.9615255139797227,81.23684127075103,19.495382607645297,-0.906111242595216
1177,47872.0,47679.501193455086,47809.44168820204,47697.688081055734,47673.036080518286,-64.0,-3.3210031702765264,-44.7173452763418,-9.596344048462925,-2.7618218947318383
1178,47376.0,47676.61790386754,47451.93278393587,47600.93577753513,47660.32606264947,16.0,-2.2215332686610054,22.155015413172805,15.715585246969567,1.5062852636510797
1179,47904.0,47675.058126917764,47853.75171902838,47729.11925154967,47676.04865104559,200.0,-0.7160840915348672,150.5775302344482,40.743099789375265,4.3250209484031075
1180,47776.0,47675.18573568447,47753.08784440476,47682.42197711388,47668.97610454627,-264.0,1.0866856256325264,-215.224652599798,-93.48628587885105,-12.42374127199946
1181,47376.0,47677.23149816903,47423.30241382879,47542.14667979197,47651.20116850159,-96.0,3.019098662334727,-93.27336143201683,-57.20195742592114,-4.014877619607432
1182,47584.0,47681.22393300914,47566.54112154073,47568.01806226204,47660.94634930706,80.0,4.863064667209983,55.94431541556696,17.88041360108764,13.592498270823853
1183,47536.0,47686.95762750345,47535.19104465992,47577.90750699415,47678.38616504324,-64.0,6.399632254637254,-35.394853581194184,30.843198229180416,24.559123988339707
1184,47456.0,47694.023197518414,47495.75141437834,47629.7044587204,47710.06459728374,152.0,7.444525896145933,159.3174416101392,138.64918108644997,44.38166210468626
1185,47840.0,47701.84667929574,47853.8259278802,47855.205869167046,47767.14948925261,488.0,7.875136310995003,434.64093624191446,233.1043450301695,53.442366431503615
1186,48432.0,47709.773470140404,48365.03328686217,48095.91314878074,47816.949330146745,192.0,7.656816930837522,168.9370099537482,72.6638540040658,19.047307401473518
1187,48224.0,47717.160313157416,48191.699947787696,48000.53357717518,47805.24410405556,-440.0,6.841173788550805,-401.03328421155675,-207.11278301796847,-32.64302088841214
1188,47552.0,47723.455817717506,47562.96671843906,47681.6875827448,47751.66328836992,-568.0,5.544822309318988,-507.69995307777936,-254.00220305798211,-43.597651267136825
1189,47088.0,47728.24995777605,47176.30004163214,47492.529171059214,47718.04880152128,112.0,3.924166450447956,97.03329319518161,13.106173844025761,-2.1120467725741037
1190,47776.0,47731.3041506184,47757.03330482942,47707.89993043285,47747.43919482477,528.0,2.1450196909863735,443.7000255029852,181.3207245900594,27.962353044724296
1191,48144.0,47732.53999715803,48063.70009263811,47855.17062023933,47773.97350761073,-184.0,0.3640747239260236,-124.88342425428709,2.8559999261487974,8.032988166498399
1192,47408.0,47732.032300066254,47507.266456320845,47713.61193028515,47763.50517115777,0.0,-1.2866960166174977,-2.201482524713356,11.24727518839427,7.306922104926343
1193,48144.0,47729.96660512479,48059.29712758868,47877.66517061612,47788.587351820584,128.0,-2.698551091580157,100.66711227640553,30.885825639026734,7.311548253841465
1194,47664.0,47726.63519788309,47708.60068087366,47775.383581563205,47778.12826766545,-160.0,-3.7746058939046634,-127.69304234673109,-46.58979827131043,-4.752670771857083
1195,47824.0,47722.41739333698,47803.91104289522,47784.4855740735,47779.08201027687,0.0,-4.435090298127761,-5.134423502335267,-10.65522045295802,-1.2921568747406127
1196,47664.0,47717.76501728684,47698.331833868986,47754.07314065729,47775.54395391597,88.0,-4.621051649541187,66.07996031867879,14.62413691243637,2.0391413349025242
1197,48000.0,47713.1752900379,47936.07096353258,47813.73384789837,47783.160292946675,-96.0,-4.302452054711466,-81.90605267351566,-33.472368809725594,-3.2256463219637226
1198,47472.0,47709.160113177415,47534.519728521955,47687.12840303784,47769.09266127204,-120.0,-3.4972043472953374,-88.95259240086307,-19.04124334162043,0.7870013889696565
1199,47760.0,47706.18088134331,47758.16577873085,47775.65136121513,47784.734295724615,256.0,-2.2826972962284344,214.47494386315157,96.3486387848643,16.87834923880291
1200,47984.0,47704.59471858496,47963.46961624826,47879.825680607566,47802.84935974965,224.0,-1.586162758350838,205.30383751740737,104.17431939243397,18.11506402503437
