distance,Raw,Median+Gaussian,Huber MRF lambda=0.1,Huber MRF lambda=1,Huber MRF lambda=10,derivative:Raw,derivative:Median+Gaussian,derivative:Huber MRF lambda=0.1,derivative:Huber MRF lambda=1,derivative:Huber MRF lambda=10
0,32944.0,34827.59629824737,32942.38196314587,32973.030036570126,33672.778769555545,-32.0,162.15537447316456,-16.18036854132515,29.030036570125958,72.87787695555744
1,32912.0,34989.75167272054,32926.20159460454,33002.06007314025,33745.6566465111,56.0,240.32652209388107,54.827604481386516,74.06007314024828,114.56070928111149
2,33056.0,35308.249342435134,33052.03717210864,33121.15018285062,33901.90018811777,96.0,390.8509265321518,106.02143804731168,151.6652011356855,198.5385510125525
3,33104.0,35771.45352578484,33138.24447069917,33305.39047541162,34142.73374853621,296.0,526.8511925211278,297.98141429947646,284.93553026680456,292.770247845252
4,33648.0,36361.95172747739,33648.000000707594,33691.02124338423,34487.44068380827,1064.0,642.7436638307445,1046.8777645711525,963.3047622955128,544.6411728303865
5,35232.0,37056.94085344633,35231.99999984147,35232.00000000265,35232.01609419698,1592.0,733.54800884828,1591.9999996630359,1570.4893783037987,1172.2753691334437
6,36832.0,37829.04774517395,36832.000000033666,36831.99999999183,36831.99142207516,1712.0,795.3891723680863,1712.0000000757937,1712.0000000089676,1711.9938904644077
7,38656.0,38647.7191981825,38655.99999999306,38656.000000020584,38656.003875125796,1544.0,826.0489684806635,1543.9999999842366,1543.9999999915235,1544.0036792216524
8,39920.0,39481.14568213528,39920.00000000214,39919.999999974876,39919.998780518465,1736.0,825.4084448826907,1736.0000000030304,1736.0000000040855,1735.9976335230713
9,42128.0,40298.53608794788,42127.99999999912,42128.000000028755,42127.99914217194,1672.0,795.6059180329394,1665.4728328592391,1645.8913314453894,1509.4143898246111
10,43264.0,41072.357518201155,43250.94566572062,43211.782662865655,42938.82756016769,704.0,740.942139943545,710.5271671401642,730.1086685390437,603.4815545371202
11,43536.0,41780.42036783497,43549.05433427945,43588.21733710684,43334.96225124618,728.0,667.4270391290338,719.4502286634997,637.467511715673,386.082803640802
12,44720.0,42407.21159645922,44689.84612304762,44486.717686297,43710.99316744929,648.0,582.0402545665747,633.9525152988426,546.9350234175945,325.5805745755715
13,44832.0,42944.50087696812,44816.95936487713,44682.08738394203,43986.12340039732,40.0,491.95734990257915,51.91006621516135,120.4133896160456,232.83640296790327
14,44800.0,43391.12629626438,44793.66625547794,44727.54446552909,44176.6659733851,-72.0,403.7271669456859,-54.9618320094778,9.229314351607172,159.37587165702644
15,44688.0,43751.955210859494,44707.03570085818,44700.546012645245,44304.875143711375,32.0,322.5982086491931,8.547949671112292,-20.72544656122045,109.05292751184606
16,44864.0,44036.32271356277,44810.762154820164,44686.09357240665,44394.77182840879,-200.0,252.11742088867686,-180.54735686703498,-103.40565403526853,66.43527611785612
17,44288.0,44256.19005263685,44345.94098712411,44493.73470457471,44437.74569594709,-176.0,193.99922707060614,-157.03164714569357,-89.49151554458876,50.461152335650695
18,44512.0,44424.32116770398,44496.69886052878,44507.110541317474,44495.69413308009,112.0,148.25401931690794,74.25217604857244,10.931107401502231,57.1331437870067
19,44512.0,44552.698091270664,44494.44533922125,44515.59691937771,44552.0119835211,-128.0,113.51766351749029,-90.02682520125018,10.284837749099097,58.318449617068836
20,44256.0,44651.35649473896,44316.64521012628,44527.68021681567,44612.33103231423,336.0,87.53370376686507,301.91213510114176,147.92340584579506,78.13560040883749
21,45184.0,44727.765498804394,45098.269609423536,44811.4437310693,44708.283184338776,160.0,67.68482843682068,147.77665859004992,97.48537978828244,72.16631124148262
22,44576.0,44786.7261516126,44612.19852730638,44722.65097639224,44756.663654797194,-344.0,51.477912164154986,-276.368871325114,-15.467266480951366,57.41365319828037
23,44496.0,44830.721323132704,44545.53186677331,44780.5091981074,44823.11049073534,352.0,36.929555761424126,319.8838108237287,200.1128207688671,82.80236047491053
24,45280.0,44860.58526313545,45251.966148953834,45122.87661792997,44922.268375747015,448.0,22.79323684796691,427.3738894594426,263.8057287875563,81.27130379902883
25,45392.0,44876.30779682864,45400.27964569219,45308.12065568251,44985.653098333394,208.0,8.635323060425435,189.71172519931133,143.3043655937945,43.06737750304819
26,45696.0,44877.8559092563,45631.38959935246,45409.48534911756,45008.40313075311,-104.0,-5.2463418229344825,-91.94204957743568,-41.89263200617643,-11.629811042625079
27,45184.0,44865.81511318277,45216.39554653732,45224.33539167016,44962.393476248144,-272.0,-18.051751138093096,-253.0163201285286,-164.98226161231287,-57.089980692562676
28,45152.0,44841.752406980115,45125.3569590954,45079.520825892934,44894.223169367986,-224.0,-28.756119828256487,-224.2537919649294,-181.05415283076582,-81.059148411754
29,44736.0,44808.302873526256,44767.88796260746,44862.22708600863,44800.275179424636,-232.0,-36.4134215588856,-198.02918345060607,-154.18019687998458,-90.73423097212435
30,44688.0,44768.92556386234,44729.29859219419,44771.160432132965,44712.75470742374,224.0,-40.38813531427877,167.90359055766748,-49.48643780918792,-86.28273662970969
31,45184.0,44727.5266028977,45103.6951437228,44763.25421039025,44627.70970616522,-528.0,-40.50896331826516,-527.2166955537468,-384.3674847324146,-112.85951595025836
32,43632.0,44687.90763722581,43674.86520108669,44002.425462668136,44487.03567552322,-776.0,-37.14102826686212,-714.4149715062595,-409.52764820322045,-97.92224686583359
33,43632.0,44653.244546363974,43674.86520071028,43944.19891398381,44431.86521243355,272.0,-31.080934722500388,246.94520845222723,97.87290830758138,-15.177202467995812
34,44176.0,44625.74576778081,44168.75561799115,44198.1712792833,44456.68127058723,448.0,-23.40512327948818,425.04930195936686,265.05800494113646,38.850121683040925
35,44528.0,44606.434299805,44524.96380462901,44474.314923866084,44509.56545579963,352.0,-15.27789136755382,341.0272097829147,249.301106515828,51.96245800238103
36,44880.0,44595.189985045705,44850.81003755698,44696.773492314955,44560.60618659199,200.0,-7.739399210320698,179.89642071284834,130.84531460635117,35.07104012196578
37,44928.0,44590.95550138436,44884.75664605471,44736.00555307879,44579.70753604356,-224.0,-1.5656875757740636,-182.270161228731,-56.765162696774496,1.6867262537452916
38,44432.0,44592.05860989416,44486.269715099515,44583.243166921406,44563.97963909948,-128.0,2.808978739718441,-127.13835545760958,-77.14080269667829,-9.128914989105397
39,44672.0,44596.57345886379,44630.47993513949,44581.72394768543,44561.44970606535,-64.0,5.287378390872618,-63.39010426259483,-46.657245393256744,-8.057447730865533
40,44304.0,44602.6333666759,44359.489506574326,44489.92867613489,44547.86474363775,0.0,6.043983239116642,6.457104306486144,1.1690665169007843,-1.3917252457104041
41,44672.0,44608.66142534203,44643.39414375246,44584.06208071923,44558.66625557393,176.0,5.425354979037365,140.87535594043948,50.1644449439591,5.13482471487805
42,44656.0,44613.48407663398,44641.240218455205,44590.25756602281,44558.13439306751,-104.0,3.84385529393694,-75.95283302123426,-26.67573168501258,-5.425142853051511
43,44464.0,44616.3491359299,44491.488477709994,44530.71061734921,44547.81596986783,8.0,1.695402538174676,-12.309352195246902,-26.19163999900411,-6.1276247062887705
44,44672.0,44616.874881710326,44616.62151406471,44537.8742860248,44545.87914365493,-192.0,-0.6755399878893513,-162.8790528394784,-59.89918831199975,-8.24286903014945
45,44080.0,44614.99805595412,44165.73037203104,44410.91224072521,44531.33023180753,104.0,-2.9992656723006803,93.57790893866695,38.49407506301213,8.017599742976017
46,44880.0,44610.876350365725,44803.777331942045,44614.86243615083,44561.91434314088,168.0,-5.08123544494083,152.23608832184982,71.38141350102887,14.679828490392538
47,44416.0,44604.83558506424,44470.20254867474,44553.675067727265,44560.689888788314,-96.0,-6.7638611256443255,-62.56203989361893,7.650165440067212,6.010040086854133
48,44688.0,44597.348628114436,44678.65325215481,44630.16276703096,44573.93442331459,216.0,-7.916904390996933,161.716964254123,47.56908281918004,7.541255692001869
49,44848.0,44589.001776282246,44793.63647718298,44648.813233365625,44575.77240017232,-240.0,-8.440851527979248,-194.13279256485112,-80.9429169825271,-11.773403133654938
50,44208.0,44580.46692505848,44290.387667025105,44468.27693306591,44550.38761704728,-40.0,-8.272779096736485,-54.01207152441202,-50.39783376676496,-8.265402272674692
51,44768.0,44572.45621808877,44685.61233413416,44548.017565832095,44559.24159562697,-24.0,-7.41649928035622,-35.7612338623876,-30.250584317760513,-1.5839416389644612
52,44160.0,44565.633926497765,44218.86519930033,44407.775764430386,44547.21973376935,-208.0,-5.943835186510114,-153.37356668997745,-16.353919186520216,7.339124830850778
53,44352.0,44560.56854771575,44378.865200754204,44515.309727459055,44573.91984528867,496.0,-4.008299444205477,427.9559072020056,189.18882675819623,37.79610378375219
54,45152.0,44557.617327609354,45074.77701370434,44786.15341794678,44622.811941336855,184.0,-1.8297430074671865,176.16697949474474,87.92039946111618,22.432693115031725
55,44720.0,44556.90906170082,44731.19915974369,44691.15052638129,44618.785231518734,-336.0,0.3455903936592222,-287.5820552421974,-109.4276283748477,-9.087448242189566
56,44480.0,44558.30850839667,44499.612903219946,44567.29816119708,44604.637044852476,-128.0,2.278626958195673,-133.5217404239993,-80.20328458566655,-7.916334423633089
57,44464.0,44561.46631561721,44464.155678895695,44530.743957209954,44602.95256267147,-48.0,3.7797114984969085,-34.67882984578682,-3.1822253821483173,5.263145952565537
58,44384.0,44565.86793139367,44430.25524352837,44560.933710432786,44615.16333675761,232.0,4.745148382204206,213.2529369979784,118.65660843922524,23.7689409240229
59,44928.0,44570.95661238162,44890.66155289165,44768.057174088404,44650.49044451951,296.0,5.176053682760539,257.8369190980993,127.15205069981675,21.451629987877823
60,44976.0,44576.22003875919,44945.92908172457,44815.23781183242,44658.06659673336,-120.0,5.169785181617044,-95.0870625442185,-33.200456339771335,-8.320517949479836
61,44688.0,44581.29618274485,44700.487427803215,44701.65626140886,44633.849408620554,-200.0,4.897671275775792,-183.0045149052894,-106.75341971912712,-26.924717681784387
62,44576.0,44586.01538131074,44579.92005191399,44601.730972394165,44604.217161369794,-104.0,4.560149844906846,-100.96711631925064,-87.05980281761367,-28.221389182268467
63,44480.0,44590.416482434666,44498.55319516471,44527.536655773634,44577.40663025602,40.0,4.338919105171954,11.399119074274495,-50.42598873371389,-21.940199600972846
64,44656.0,44594.69321952108,44602.71829006254,44500.87899492674,44560.33676216785,-232.0,4.358389884240751,-208.5106640072845,-104.21816338352801,-21.853029979778512
65,44016.0,44599.13326220315,44081.531867150145,44319.10032900658,44533.70057029646,-184.0,4.665978799945151,-147.25987794388857,-30.22850141687377,-0.7511633565663942
66,44288.0,44604.02517712097,44308.198534174764,44440.42199209299,44558.834435454715,464.0,5.21416807829155,409.1686771318273,197.5326591329067,38.675586930989084
67,44944.0,44609.56159835973,44899.8692214138,44714.16564727239,44611.05174415844,312.0,5.876324338692939,289.507455074654,158.82647881560115,35.56989591164893
68,44912.0,44615.77782579836,44887.21344432407,44758.07494972419,44629.97422727801,-168.0,6.475277279580041,-136.5885554693814,-33.05322268610689,4.8211944834729366
69,44608.0,44622.51215291889,44626.692110475036,44648.05920190018,44620.694133125384,-176.0,6.806898474518675,-167.06078147385415,-89.9861468739291,-8.645387496359035
70,44560.0,44629.3916227474,44553.091881376364,44578.102655976334,44612.683452285295,-120.0,6.683427884076082,-108.14082221685385,-60.905217935673136,-5.376508225825091
71,44368.0,44635.87900868704,44410.41046604133,44526.24876602883,44609.94111667373,80.0,5.980556014143076,69.37091487161888,27.270493066913332,9.35472022212707
72,44720.0,44641.35273477568,44691.8337111196,44632.64364211016,44631.39289272955,176.0,4.666736156505067,140.5918006762804,62.716697136405855,17.02142069229012
73,44720.0,44645.21248100005,44691.59406739389,44651.68216030164,44643.983958058314,-192.0,2.823353649539058,-142.269306756265,-15.120401657692128,8.790263231683639
74,44336.0,44646.99944207476,44407.29509760707,44602.40283879478,44648.97341919292,120.0,0.6565865543307154,119.43236655955116,83.9220978905214,20.63813209424916
75,44960.0,44646.525654108715,44930.45880051299,44819.526356082686,44685.26022224681,384.0,-1.5400965532680857,328.2018571598637,146.88669532924905,22.549814166231954
76,45104.0,44643.919248968225,45063.6988119268,44896.176229453275,44694.07304752538,-88.0,-3.4317299436297617,-68.26592895220529,-27.26201190276697,-11.683522345159872
77,44784.0,44639.662194221455,44793.92694260858,44765.00233227715,44661.89317755649,-232.0,-4.694570447281876,-220.13715627530473,-140.6727310375536,-38.28521109106077
78,44640.0,44634.53010807366,44623.42449937619,44614.83076737817,44617.50262534326,-272.0,-5.100493267302227,-253.37994635143696,-162.75618120989748,-45.5154209460743
79,44240.0,44629.46120768685,44287.16704990571,44439.48996985736,44570.862335664344,-112.0,-4.571330868475343,-100.42219994193874,-75.59581259213519,-30.09717289569744
80,44416.0,44625.38744633671,44422.58009949231,44463.6391421939,44557.308279551864,216.0,-3.2016921312751947,168.3135470481575,47.96874343348827,-6.488642134885595
81,44672.0,44623.0578234243,44623.79414400202,44535.427456724334,44557.88505139457,-72.0,-1.2544201100427017,-39.81523548019686,3.502042892607278,-5.128975587565947
82,44272.0,44622.878606116625,44342.94962853192,44470.64322797911,44547.05032837673,120.0,0.8809150730812689,101.23775075064259,34.537385244333564,2.917793401000381
83,44912.0,44624.81965357046,44826.26964550331,44604.502227213,44563.72063819657,-88.0,2.7721481187654717,-80.60963482232546,-19.889887159606587,-0.7436582703339809
84,44096.0,44628.422902354156,44181.73035888727,44430.8634536599,44545.563011836064,-80.0,4.030315199721372,-62.32827520095452,-6.207046723156964,4.320524231297895
85,44752.0,44632.880283969906,44701.6130951014,44592.08813376669,44572.36168665917,272.0,4.384055304370122,222.33275049145595,81.2687469901357,17.81675915605956
86,44640.0,44637.191012962896,44626.39585987018,44593.40094764017,44581.19653014818,-200.0,3.726473784256086,-143.23793588033004,-21.98671230643231,5.894669996425364
87,44352.0,44640.33323153842,44415.13722334074,44548.11470915382,44584.15102665202,120.0,2.140982249238732,104.42748017426493,52.77111609056374,14.562047836439888
88,44880.0,44641.47297746137,44835.25082021871,44698.9431798213,44610.32062582106,248.0,-0.13070851331940503,196.36769797150555,60.30006057811988,12.685630460095126
89,44848.0,44640.07181451178,44807.87261928375,44668.71483031006,44609.52228757221,-472.0,-2.7499865439676796,-406.7602092391826,-119.87093435620045,-12.722223870245216
90,43936.0,44635.97300437344,44021.730401740344,44459.201311108896,44584.87617808057,168.0,-5.347019554996223,147.97904801900222,52.0871363532824,7.797699412392831
91,45184.0,44629.37777540179,45103.830715321754,44772.88910301663,44625.117686396996,392.0,-7.596846575695963,354.5297380524571,108.13234341604038,12.297392636275617
92,44720.0,44620.779311222046,44730.78987784526,44675.46599794098,44609.470963353124,-368.0,-9.271343381886254,-319.0914482502121,-119.69010610516125,-21.17317487622131
93,44448.0,44610.835088638014,44465.64781882133,44533.508890806304,44582.77133664455,-184.0,-10.274108821682603,-176.90296491729168,-99.20266173151686,-19.961059876339277
94,44352.0,44600.23109357868,44376.983948010675,44477.06067447794,44569.548843600445,48.0,-10.628100177196757,36.255869242708286,6.0821209106143215,-2.3450508640853513
95,44544.0,44589.57888828362,44538.159557306746,44545.67313262753,44578.08123491638,144.0,-10.447527460502897,131.97339582981658,69.44902446335254,10.236453061756038
96,44640.0,44579.336038657675,44640.93073967031,44615.95872340465,44590.02174972396,120.0,-9.890775168962136,107.42488071509433,58.26495247943603,9.44160229377303
97,44784.0,44569.797337945696,44753.009318736935,44662.203037586405,44596.96443950393,-48.0,-9.104550850068335,-42.874827248688234,-14.654167025037168,-2.409088244832674
98,44544.0,44561.12693695754,44555.18108517293,44586.650389354574,44585.20357323429,-176.0,-8.183066275309102,-141.92280769935314,-54.227453554551175,-9.700687607921282
99,44432.0,44553.43120539508,44469.16370333823,44553.7481304773,44577.563064288086,128.0,-7.1476828827399,99.8011348564578,27.97180636138728,-0.36235573180238134
100,44800.0,44546.83157119206,44754.78335488585,44642.59400207735,44584.47886177069,80.0,-5.945030145408964,59.53642597686121,10.142872638716653,-3.860259428864083
101,44592.0,44541.54114510426,44588.23655529195,44574.033875754736,44569.84254543036,-224.0,-4.471926265498041,-185.3640231341342,-77.54318844524096,-15.744189068809646
102,44352.0,44537.88771866106,44384.05530861758,44487.50762518687,44552.99048363307,-56.0,-2.6085400612792,-43.90470358648963,-18.77243797443589,-6.802537615640176
103,44480.0,44536.3240649817,44500.42714811897,44536.488999805864,44556.23747019908,272.0,-0.26150548900841386,218.50758009624042,77.22587452192602,7.05886007596564
104,44896.0,44537.364707683046,44821.07046881006,44641.95937423072,44567.108203785,-88.0,2.599201796856505,-65.41050736350735,-21.549938459786063,-5.573856224826159
105,44304.0,44541.522468575415,44369.60613339196,44493.38912288629,44545.089757749425,-128.0,5.912350555798184,-112.02749635339569,-53.87568990127693,-9.96395814810603
106,44640.0,44549.18940879464,44597.01547610327,44534.207994428165,44547.18028748879,24.0,9.511427296096372,12.48672322764105,-12.07713124404836,-2.5504558861975966
107,44352.0,44560.54532316761,44394.57957984724,44469.234860398195,44539.98884597703,16.0,13.143158406917792,10.46200298016629,-6.355703830871789,2.208000787097262
108,44672.0,44575.47572560848,44617.9394820636,44521.49658676642,44551.59628906298,-48.0,16.497424757952103,-46.94268746565285,-22.989980248567008,5.587257539096754
109,44256.0,44593.54017268351,44300.69420491593,44423.25489990106,44551.16336105522,-128.0,19.24286338823731,-93.77425256801871,-14.614236914829235,14.325240045007376
110,44416.0,44613.96145238495,44430.39097692756,44492.26811293676,44580.246769153,240.0,21.088747307545418,201.6516566494247,107.14726950408658,37.29574655541728
111,44736.0,44635.7176672986,44703.99751821478,44637.549438909235,44625.75485416606,112.0,21.832376015870977,113.59413236115506,96.05604542709261,39.995827721370006
112,44640.0,44657.626204416694,44657.57924164987,44684.38020379095,44660.23842459574,24.0,21.37698119158449,41.477931684450596,69.02086677718034,35.49549165946155
113,44784.0,44678.47162968177,44786.953381583684,44775.591172463595,44696.74583748498,160.0,19.749779709269205,144.1410478522448,87.00655490444842,32.14470476349379
114,44960.0,44697.12576383523,44945.86133735436,44858.393313599845,44724.527834122724,112.0,17.091108192656975,88.21464254247621,31.998797936172195,16.00838834388196
115,45008.0,44712.653846067085,44963.38266666864,44839.58876833594,44728.762614172745,-288.0,13.632350595849857,-244.436034690847,-103.01016109593547,-9.72708924134713
116,44384.0,44724.39046502693,44456.98926797267,44652.372991407974,44705.07365564003,-112.0,9.630797010922834,-102.57636148433812,-53.02928122397498,-7.635275750708388
117,44784.0,44731.91544008893,44758.22994369996,44733.53020588799,44713.49206267133,208.0,5.327602212146303,172.39039422708447,55.922317424010544,4.893010164862062
118,44800.0,44735.045669451225,44801.77005642684,44764.217626255995,44714.859675969754,64.0,0.9390072967325978,52.39039486108959,12.796233496006607,-2.8894029030852835
119,44912.0,44733.793454682396,44863.01073342214,44759.12267288,44707.71325686516,-224.0,-3.3722101193088747,-188.3910080872738,-81.533616935998,-17.360756261339702
120,44352.0,44728.30124921261,44424.98804025229,44601.150392384,44680.138163447074,-80.0,-7.512554986962641,-68.39713971515448,-33.39708430399696,-11.168185245729546
121,44752.0,44718.76834470847,44726.21645399183,44692.32850427201,44685.3768863737,216.0,-11.426405151720246,172.31068369868808,61.34236402401075,1.9075672453109291
122,44784.0,44705.44843890917,44769.60940764967,44723.83512043202,44683.953297937696,-48.0,-15.054712904639018,-28.5600080938093,1.4241763760219328,-6.42592353911823
123,44656.0,44688.65891889919,44669.09643780421,44695.17685702405,44672.52503929546,-48.0,-18.30418295587515,-35.03078082441061,-9.069834895941312,-10.602006677458121
124,44688.0,44668.84007299742,44699.547846000845,44705.69545064014,44662.74928458278,120.0,-21.021654072501406,88.19063820085648,19.366318936157768,-11.038290483546007
125,44896.0,44646.61561075419,44845.477714205925,44733.90949489637,44650.44845832837,-128.0,-22.982489519079536,-106.6815607652934,-52.831208295585384,-24.578403337993223
126,44432.0,44622.87509395926,44486.18472447026,44600.03303404897,44613.592477906794,-104.0,-23.903000666403386,-88.36936738437726,-49.859943822921196,-27.77635652623576
127,44688.0,44598.80960942138,44668.73897943717,44634.189607250526,44594.8957452759,112.0,-23.483739176961535,86.24915215277724,7.251376826825435,-23.351945367099688
128,44656.0,44575.907615605334,44658.68302877581,44614.53578770262,44566.888587172594,16.0,-21.482290756659495,3.359193217725988,-40.38592569660614,-32.46272874467468
129,44720.0,44555.845027908064,44675.45736587262,44553.417755857314,44529.97028778655,-264.0,-17.77616231121283,-239.99124454865887,-144.4091539166402,-46.41978499671677
130,44128.0,44540.35529098291,44178.700539678495,44325.71747986934,44474.04901717916,-232.0,-12.418184994432522,-209.2017167930644,-128.84153605331085,-38.618819748429814
131,44256.0,44531.0086579192,44257.05393228649,44295.73468375069,44452.73264828969,120.0,-5.671037980609981,83.62305404044673,-10.115454243295972,-11.479736474986566
132,44368.0,44529.01321502169,44345.94664775939,44305.486571382746,44451.08954422919,-8.0,2.004683120019763,-21.37404573016829,-21.50482667657343,2.511373150955478
133,44240.0,44535.01802415924,44214.30584082616,44252.725030397545,44457.7553945916,-312.0,10.004884074129222,-260.11160280244803,-46.399025786431594,17.55362009199598
134,43744.0,44549.02298316995,43825.72344215449,44212.68851980988,44486.19678441318,328.0,17.667642317388527,340.84707700176295,230.8485011926241,65.55122904223754
135,44896.0,44570.353308794016,44895.99999482968,44714.42203278279,44588.857852676076,904.0,24.354331064947473,820.2730808889282,374.4037774889657,87.30396089669739
136,45552.0,44597.73164529984,45466.26960393235,44961.496074787814,44660.804706206574,-352.0,29.544543090352818,-309.1347993409836,-48.1779206010724,27.387088840827346
137,44192.0,44629.44239497472,44277.730396147716,44618.06619158065,44643.63203035773,-328.0,32.887960289888724,-323.93075242852865,-130.39678741683747,5.408925669045857
138,44896.0,44663.50756587962,44818.40809907529,44700.70249995414,44671.622557544666,120.0,34.21898253195832,96.70533282560064,-15.012441649443645,16.771655064167135
139,44432.0,44697.88036003864,44471.14106179892,44588.04130828176,44677.175340486065,-208.0,33.553602335650794,-151.5617282817766,-34.64053753150074,17.81154996569967
140,44480.0,44730.61477055092,44515.28464251174,44631.42142489114,44707.245657476065,256.0,31.0617191870042,220.5667932715296,119.0908290549487,41.43259986380872
141,44944.0,44760.00379841265,44912.274648341976,44826.22296639166,44760.04054021368,264.0,27.006985297255596,238.3632475400991,135.91302469635048,43.59690974829937
142,45008.0,44784.62874114543,44992.01113759194,44903.24747428384,44794.439476972664,-8.0,21.71569432236356,-0.20782279035120155,24.64824503409909,23.720910607611586
143,44928.0,44803.435187057374,44911.85900276127,44875.51945645986,44807.482361428905,-192.0,15.542284092232876,-160.8571210243099,-53.96828959405684,7.017002527689328
144,44624.0,44815.7133093299,44670.29689554332,44795.310895095725,44808.47348202804,-16.0,8.825920840885374,-10.07762950138931,5.446886183730385,10.214794700539642
145,44896.0,44821.087028739144,44891.703743758495,44886.41322882732,44827.911950829985,240.0,1.8842848740023328,199.92556700764908,86.308948145248,16.034066343439918
146,45104.0,44819.4818790779,45070.148029558615,44967.92879138622,44840.54161471492,0.0,-4.993761159174028,9.184433593174617,13.479958252013603,-0.5432553793143597
147,44896.0,44811.0995064208,44910.072610944844,44913.373145331345,44826.825440071356,-104.0,-11.54473392084401,-89.7123638895282,-45.86907338919991,-17.174902639999345
148,44896.0,44796.392411236215,44890.72330177956,44876.19064460782,44806.191809434924,-40.0,-17.522686052958306,-45.732800267476705,-47.087178419616976,-25.12404016468281
149,44816.0,44776.05413431488,44818.60701040989,44819.19878849211,44776.57735974199,-56.0,-22.687587051994342,-59.08123932021772,-55.39246186965829,-31.585581705836375
150,44784.0,44751.017237132226,44772.56082313912,44765.405720868504,44743.02064602325,-120.0,-26.79795473964259,-103.24207157513956,-63.09020718935062,-35.605681417579035
151,44576.0,44722.458224835595,44612.12286725961,44693.01837411341,44705.36599690683,32.0,-29.633178994681657,20.176380418550252,-13.878159698389936,-31.186349271076324
152,44848.0,44691.75087914286,44812.913583976224,44737.649401471725,44680.6479474811,32.0,-31.010200966189586,25.35863659773895,-10.544271905822825,-33.085652051675424
153,44640.0,44660.437822903215,44662.84014045509,44671.929830301764,44639.19469280348,-32.0,-30.80294751592737,-35.872741245686484,-49.7546560190749,-41.493520037445705
154,44784.0,44630.14498411101,44741.16810148485,44638.140089433575,44597.66090740621,-152.0,-28.99236283422215,-135.83153154599495,-106.71969615140551,-50.85074002696274
155,44336.0,44602.45309723477,44391.1770773631,44458.49043799895,44537.493212749556,-64.0,-25.694961578519724,-74.10563730623835,-118.40443243514164,-50.09303401917714
156,44656.0,44578.75506095397,44592.956826872374,44401.33122456329,44497.47483936785,-376.0,-21.170209742609586,-360.7233440074524,-184.49360115401942,-47.944631413305615
157,43584.0,44560.11267774955,43669.730389348195,44089.503235690914,44441.603949922945,-272.0,-15.781032506012707,-240.4784070747737,-59.07637102692024,-12.990691948762105
158,44112.0,44547.19299594194,44112.00001272283,44283.17848250945,44471.49345547033,784.0,-9.953181578017393,698.269602438213,279.2644880732587,47.864178320898645
159,45152.0,44540.20631459352,45066.26959422462,44648.03221183743,44537.33230656474,120.0,-4.123419000992726,140.76592785721004,112.86983524669995,35.10546642265035
160,44352.0,44538.94615793996,44393.53186843725,44508.91815300285,44541.70438831563,-408.0,1.3581882718390261,-343.03553011277836,-60.6549823331552,13.857301166670368
161,44336.0,44542.922691137195,44380.198533999064,44526.72224717112,44565.04690889808,304.0,6.2790449287276715,256.46106835671526,113.16521775383444,34.794866027357784
162,44960.0,44551.50424779741,44906.45400515068,44735.24858851052,44611.294120370345,240.0,10.561266825203347,209.72376410540528,96.15063559465852,28.811917490780615
163,44816.0,44564.0452247876,44799.646062209875,44719.02351836044,44622.670743879644,-232.0,14.237170011936541,-188.5776318914177,-64.71331096986614,1.710160703278234
164,44496.0,44579.978587821286,44529.29874136784,44605.82196657079,44614.7144417769,-112.0,17.410488055054884,-103.85361400284091,-58.290568504253315,-2.0205800138937775
165,44592.0,44598.86620089771,44591.93883420419,44602.44238135193,44618.629583851856,88.0,20.179217411467107,62.33426385732673,1.8416054571061977,5.2466212675426505
166,44672.0,44620.33702264422,44653.967269082495,44609.505177485,44625.20768431199,-32.0,22.56413678923127,-28.135219709241937,-24.184615124428092,4.238484675734071
167,44528.0,44643.994474476174,44535.66839478571,44554.073151103075,44627.106553203324,-80.0,24.482903565811284,-79.95690036824453,-42.395450830386835,6.854196551503264
168,44512.0,44669.30282977584,44494.05346834601,44524.714275824226,44638.91607741499,-160.0,25.737817353900027,-131.34758470966335,-23.00173736673605,18.155328082415508
169,44208.0,44695.470109183974,44272.97322536638,44508.0696763696,44663.417209368155,240.0,26.055863463359856,229.4075280922334,133.39023873018232,47.271992421574396
170,44992.0,44721.41455670256,44952.86852453047,44791.49475328459,44733.46006225814,408.0,25.156697633203294,358.61627757654423,183.172453557283,57.115856002888904
171,45024.0,44745.78350445038,44990.20578051947,44874.41458348417,44777.64892137393,-184.0,22.809844957435416,-131.63384141365532,8.127121941663063,31.871305184489756
172,44624.0,44767.03424661743,44689.60084170316,44807.74899716792,44797.20267262712,40.0,18.89998526254203,27.399269699522847,25.208912267706182,28.213884884546133
173,45104.0,44783.583474975465,45045.00431991852,44924.83240801958,44834.076691143026,80.0,13.472777358303574,60.42507780795131,27.499614861459122,23.37785307305603
174,44784.0,44793.97980133404,44810.450997319065,44862.748226890835,44843.95837877323,-136.0,6.746410040988849,-102.2983360041435,-22.710067683332454,12.87960656886571
175,44832.0,44797.07629505744,44840.40764791023,44879.41227265292,44859.83590428076,88.0,-0.8905064247082919,71.99489014231222,40.370182088543515,17.269320721563417
176,44960.0,44792.198788484624,44954.44077760369,44943.48859106792,44878.49702021636,96.0,-8.90049496629581,86.23701771190463,55.82061394896664,14.585966946422559
177,45024.0,44779.27530512485,45012.88168333404,44991.05350055085,44889.0078381736,-24.0,-16.645719597832795,2.849322400550591,31.091659758349124,3.761209865922865
178,44912.0,44758.90734928896,44960.13942240479,45005.67191058462,44886.019439948206,264.0,-23.434213862212346,226.69396066525587,61.45436532608073,-4.287426227987453
179,45552.0,44732.406877400426,45466.26960466455,45113.96223120301,44880.43298571763,-200.0,-28.58483762175456,-199.25080815564797,-110.72856378009965,-39.164804944699426
180,44512.0,44701.73767404545,44561.637806093495,44784.21478302442,44807.68983005881,-464.0,-31.5141726240181,-418.4528639359851,-193.64005666638332,-57.95866415587807
181,44624.0,44669.37853215239,44629.36387679258,44726.682117870245,44764.51565740587,104.0,-31.819684377689555,94.54545466198397,-6.191606219053938,-36.14838978264379
182,44720.0,44638.09830529007,44750.72871541746,44771.83157058631,44735.39305049352,384.0,-29.3371943445527,338.4528617578726,71.06523800922878,-28.35295438767207
183,45392.0,44610.704143463285,45306.269600308326,44868.8125938887,44707.80974863053,-288.0,-24.20784341271792,-283.8601394623329,-164.61267975325973,-61.79281443146829
184,44144.0,44589.682618464634,44183.0084364928,44442.606211079794,44611.80742163058,-632.0,-16.886693515032675,-580.9144015023849,-276.9032772690116,-72.61195591841533
185,44128.0,44576.93075643322,44144.440797303556,44315.00603935068,44562.585836793696,48.0,-8.08869689059793,43.636347328530974,-34.09715205377506,-27.49229299720173
186,44240.0,44573.50522468344,44270.28113114986,44374.411906972244,44556.82283563618,368.0,1.2771352648705943,316.91444497825796,126.61182110768277,10.078140624293155
187,44864.0,44579.48502696296,44778.26968726007,44568.229681566045,44582.74211804228,-24.0,10.233484754477104,3.724592772203323,45.93261537682338,11.856388308216992
188,44192.0,44593.97219419239,44277.730316694266,44466.27713772589,44580.535612252614,8.0,17.868077127091965,17.730639338187757,35.18602502279464,17.220274822961073
189,44880.0,44615.221181217144,44813.73096593645,44638.601731611634,44617.182667688205,200.0,23.455447920950974,150.9809967474539,51.62545969155326,23.506188820003445
190,44592.0,44640.883090034295,44579.69231018917,44569.528057109,44627.54798989262,-368.0,26.54694666946307,-295.57710480139576,-80.30964594813122,12.142721699045069
191,44144.0,44668.31507455607,44222.576756333656,44477.98243971537,44641.468111086295,120.0,27.009859405134193,108.24604861073749,75.44560246405672,38.793526747987926
192,44832.0,44694.90280884456,44796.18440741065,44720.41926203711,44705.1350433886,352.0,25.02456507168972,322.0518673322549,186.6464533402941,57.32368447173212
193,44848.0,44718.36420469945,44866.680490998166,44851.27534639596,44756.11548002976,168.0,21.025810354629357,163.89853857835988,132.49375755682559,46.38621064264953
194,45168.0,44736.95442955382,45123.98148456737,44985.40677715076,44797.907464673895,40.0,15.604982185614062,37.208416406028846,42.834819330182654,23.2873578778308
195,44928.0,44749.57416907068,44941.09732381022,44936.944985056325,44802.69019578542,-152.0,9.428787553842994,-117.39754170604647,-43.98929956627035,-1.4827590992026671
196,44864.0,44755.81200466151,44889.186401155275,44897.42817801822,44794.94194647549,112.0,3.155227583949454,74.0210831214099,-22.802718028990057,-11.20115198615531
197,45152.0,44755.88462423858,45089.13949005304,44891.339548998345,44780.28789181311,-272.0,-2.6443259267944086,-247.3131760027536,-136.4188545207071,-33.23966007172203
198,44320.0,44750.52335280792,44394.56004914977,44624.59046897681,44728.462626332046,-192.0,-7.525884118444083,-188.8154799887052,-114.45384553313488,-31.40213416446568
199,44768.0,44740.83285600169,44711.50853007563,44662.431857932075,44717.48362348418,48.0,-11.187213191922638,34.491131304013834,-14.942682078693906,-13.504821673657716
200,44416.0,44728.14892642407,44463.542311757796,44594.70510481942,44701.45298298473,-40.0,-13.45933451385281,-10.25465952885861,21.625799297053163,-1.7579913502086129
201,44688.0,44713.91418697398,44690.999211017916,44705.68345652618,44713.96764078376,280.0,-14.290335060995858,242.45295434971194,119.82007996984976,13.813039838216355
202,44976.0,44699.56825630208,44948.44822045722,44834.34526475912,44729.07906266116,136.0,-13.719316411148611,119.69011172539103,57.83444061249975,2.7653750104618666
203,44960.0,44686.475554151686,44930.3794344687,44821.35233775118,44719.498390804685,-192.0,-11.864863325630722,-166.17161364504864,-82.31675813234688,-21.605752316245344
204,44592.0,44675.83852965082,44616.10499316712,44669.711748494425,44685.86755802867,-216.0,-8.910916495875426,-193.7494754659565,-112.78471500954402,-28.93745487458
205,44528.0,44668.653721159935,44542.880483536785,44595.78290773209,44661.623481055525,24.0,-5.113281023946911,1.1779080536034598,-40.03738689628153,-17.562902920370107
206,44640.0,44665.61196760293,44618.46080927433,44589.63697470186,44650.74175218793,-32.0,-0.8000058605975937,-32.11562789080563,-31.32744567930058,-10.344641258197953
207,44464.0,44667.05370943874,44478.64922775517,44533.12801637349,44640.93419853913,-88.0,3.6462895108488738,-66.56544274327462,-21.94495014162385,-0.9608437218448671
208,44464.0,44672.904546624624,44485.32992378778,44545.747074418614,44648.82006474424,136.0,7.79220564453135,113.3303149715066,53.492595254429034,17.126869442327006
209,44736.0,44682.6381207278,44705.30985769819,44640.11320688235,44675.18793742378,72.0,11.203804085365846,66.5292224013574,46.42273590491095,23.327269550729397
210,44608.0,44695.312154795356,44618.388368590495,44638.592546228436,44695.4746038457,-40.0,13.490070186795492,-34.97964615519959,13.775612460303819,24.66039661420291
211,44656.0,44709.618261101394,44635.35056538779,44667.66443180296,44724.50873065219,-112.0,14.35481744455683,-86.2849762637561,34.904101476000505,32.45956333909635
212,44384.0,44724.02178968447,44445.81841606298,44708.40074918044,44760.393730523894,424.0,13.657008075679187,394.8187791169803,202.9366919676977,54.7046863978976
213,45504.0,44736.93227725275,45424.98812362175,45073.53781573835,44833.918103447984,336.0,11.432645854318253,308.85147754063655,149.9059744270926,40.02027809649371
214,45056.0,44746.887081393106,45063.521371144256,45008.21269803462,44840.43428671688,-392.0,7.900584759441699,-323.8598967562066,-89.21876868641993,-4.262102395263355
215,44720.0,44752.733446771635,44777.268330109335,44895.10027836551,44825.39389865746,24.0,3.439094200144609,0.0886095117602963,-25.562280486348754,-9.770693126545666
216,45104.0,44753.765269793395,45063.698590167776,44957.088137061924,44820.89290046379,120.0,-1.4651346083373937,84.9232108973265,-11.468072772633604,-18.656353170481452
217,44960.0,44749.80317755496,44947.11475190399,44872.164132820246,44788.081192316495,-192.0,-6.280242658813222,-181.01007874387142,-128.84193783154842,-41.40764853146902
218,44720.0,44741.20478447577,44701.67843268003,44699.40426139883,44738.07760340085,-384.0,-10.497807616076898,-340.852225877974,-183.05774072200802,-49.099708745601674
219,44192.0,44728.80756232281,44265.41030014804,44506.04865137623,44689.88177482529,-80.0,-13.67670542923588,-65.40856173758948,-36.331284334486554,-23.301739834296313
220,44560.0,44713.8513736173,44570.861309204854,44626.741692729855,44691.47412373226,424.0,-15.491252427262225,359.7575550810907,154.06388771855563,8.166055093581235
221,45040.0,44697.82505746828,44984.92541031022,44814.17642681334,44706.213885012454,144.0,-15.761651342767436,138.69115265649452,74.5229474901571,-1.9495444691820012
222,44848.0,44682.32807093176,44848.24361451784,44775.78758771017,44687.575034793896,-152.0,-14.447475714652683,-135.46372320318187,-74.49504524808799,-26.66009847886744
223,44736.0,44668.93010603898,44713.99796390386,44665.186336317165,44652.89368805472,-264.0,-11.66048587946716,-244.25583109468425,-146.00808323442106,-38.83666233643453
224,44320.0,44659.00709917283,44359.731952328475,44483.77142124133,44609.90171012103,-168.0,-7.667907685154205,-155.60624993299643,-99.52920445517884,-28.496892427647253
225,44400.0,44653.59429066867,44402.785464037865,44466.12792740681,44595.899903199424,72.0,-2.8562443266819173,56.98083189870522,15.420469868884538,-4.206811761625431
226,44464.0,44653.294610519464,44473.693616125885,44514.612360979096,44601.488086597776,120.0,2.2994233935642114,119.37623271744815,73.79061406183973,12.46258772823785
227,44640.0,44658.1931374558,44641.53792947276,44613.70915553049,44620.8250786559,208.0,7.272606679292949,175.53396071069437,85.95137231663466,18.378245990919822
228,44880.0,44667.83982387805,44824.761537547274,44686.515105612365,44638.244578579615,-120.0,11.548952331639157,-92.96870418911931,-23.93649711193939,5.33172885269596
229,44400.0,44681.291042119075,44455.60052109452,44565.83616130661,44631.48853636129,-96.0,14.689360549735284,-91.15841098015517,-37.76086365244919,4.818384599740966
230,44688.0,44697.21854497752,44642.444715586964,44610.99337830747,44647.8813477791,-48.0,16.37861911586151,-40.93222757274998,6.653906154588185,14.386878806759341
231,44304.0,44714.0482803508,44373.73606594902,44579.143973615784,44660.26229397481,184.0,16.45936787908795,179.02126523731204,105.72258211620647,30.194060894453287
232,45056.0,44730.1372807357,45000.48724606159,44822.43854253988,44708.269469568004,280.0,14.950071969407873,250.13782529038508,126.51384019403486,30.620649071595835
233,44864.0,44743.948424289614,44874.01171652979,44832.171654003854,44721.503592118,-96.0,12.024349451836315,-76.41694688284406,-6.181061534094624,6.109302155895421
234,44864.0,44754.18597963937,44847.6533522959,44810.07641947169,44720.488073879795,-128.0,7.978294301348797,-108.09160275437534,-49.05702479631509,-8.191114544217271
235,44608.0,44759.90501289231,44657.82851102104,44734.057604411224,44705.12136302957,88.0,3.1962795107319835,59.31771383033265,-12.990012854857923,-10.510642698747688
236,45040.0,44760.57853866083,44966.288779956565,44784.096393761974,44699.4667884823,-184.0,-1.9050359812172246,-166.04906424567525,-77.91301376826596,-22.681235123152874
237,44240.0,44756.09494092988,44325.73038252969,44578.23157687469,44659.75889278326,-88.0,-6.9169137737153505,-73.2436517436472,-36.749028449932666,-18.719951059872983
238,44864.0,44746.7447111134,44819.80147646927,44710.59833686211,44662.02688636255,304.0,-11.465617309178924,240.3688762151687,55.665928418467956,-7.830662102584029
239,44848.0,44733.16370631152,44806.46813496003,44689.56343371163,44644.097568578094,-312.0,-15.225866043110727,-254.58920339429824,-100.25318629466346,-28.124439355553477
240,44240.0,44716.29297902718,44310.623069680674,44510.09196427278,44605.77800765145,-128.0,-17.93304020620417,-109.13318019077997,-44.425487302451074,-20.030660544074635
241,44592.0,44697.29762589911,44588.20177457847,44600.712459106726,44604.036247489945,304.0,-19.400498418133793,258.58757779014195,94.97672438730297,-1.1399477870072587
242,44848.0,44677.49198219091,44827.79822526096,44700.04541304739,44603.49811207743,160.0,-19.52089564826383,138.5875769872946,25.355660464352695,-12.763229808639153
243,44912.0,44658.25583460258,44865.37692855306,44651.42378003543,44578.50978787267,-456.0,-18.279555574190454,-404.9348274182812,-178.9097429942376,-41.66283481112987
244,43936.0,44640.93287104253,44017.928570424396,44342.22592705891,44520.17244245517,-248.0,-15.762784908863978,-228.40733253100552,-106.08488944706187,-29.128723294739757
245,44416.0,44626.730264784856,44408.56226349105,44439.25400114131,44520.25234128319,424.0,-12.163690362795023,353.44501052188934,108.65507465304836,5.292515892178926
246,44784.0,44616.60549031694,44724.818591468174,44559.53607636501,44530.75747423953,16.0,-7.767083925118641,20.34928531800324,8.050113406210585,-2.1569933316823153
247,44448.0,44611.19609693462,44449.26083412705,44455.35422795373,44515.93835461982,-328.0,-2.9231279939922388,-269.25358670586866,-100.50473443442024,-11.422201888719428
248,44128.0,44610.75923432896,44186.31141805644,44358.52660749617,44507.91307046209,40.0,1.9826841734393383,28.607674211591075,18.43568329052505,10.970369365375518
249,44528.0,44615.1614652815,44506.476182550236,44492.22559453478,44537.87909335057,240.0,6.579443350346992,212.54567724496155,115.81178430599539,30.459977556012745
250,44608.0,44623.91812102965,44611.40277254636,44590.15017610816,44568.83302557412,112.0,10.546610970388429,121.94045272792209,88.99966962746475,28.9955835022447
251,44752.0,44636.254687222274,44750.35708800608,44670.22493378971,44595.87026035506,160.0,13.647222981133382,130.7397554901254,39.187224576402514,19.230747798705124
252,44928.0,44651.21256699192,44872.88228352661,44668.524625260965,44607.29452117153,-376.0,15.749171785053477,-332.31334945021445,-131.43799589826085,-4.611013124962483
253,44000.0,44667.75303079238,44085.73038910565,44407.34894199319,44586.64823410514,-176.0,16.823490309085173,-161.06494315752207,-57.50121227118143,8.686124638865294
254,44576.0,44684.85954761009,44550.75239721157,44553.5222007186,44624.66677044926,368.0,16.927277646296716,320.59895103231975,134.93435908471292,40.45187486658324
255,44736.0,44701.607586084974,44726.92829117029,44677.21766016261,44667.551983838304,128.0,16.185086330100603,130.81734981016052,94.30428952531656,39.462812580964965
256,44832.0,44717.22972027029,44812.38709683189,44742.130779769235,44703.59239561119,-8.0,14.761597141940001,-12.605710178981099,19.97850949124404,29.62003155344064
257,44720.0,44731.130780368854,44701.71687081233,44717.1746791451,44726.792046945186,-248.0,12.835551711592416,-202.0858719579337,-26.368761051584443,23.539253681257833
258,44336.0,44742.900823693475,44408.21535291602,44689.393257666066,44750.6709029737,352.0,10.58997947008902,320.7618232196037,148.915207353999,44.61240117720445
259,45424.0,44752.31073930903,45343.240517251535,45015.0050938531,44816.016849299594,304.0,8.19717121497888,278.0411740574091,121.11438311358506,34.946788790868595
260,44944.0,44759.29516612343,44964.29770103084,44931.62202389324,44820.56448055544,-328.0,5.807978689848824,-277.4543110665072,-89.57205801325108,-1.6241447163811245
261,44768.0,44763.92669668873,44788.33189511852,44835.860977826596,44812.76855986683,-56.0,3.5601107622205745,-74.30633031973048,-61.83055715333467,-5.557492695264955
262,44832.0,44766.415387647874,44815.68504039138,44807.96090958657,44809.44949516491,-56.0,1.5760148585468414,-54.2216527702476,-39.91961344674928,-4.446589943676372
263,44656.0,44767.07872640582,44679.888589578026,44756.0217509331,44803.87537997948,-32.0,-0.04218917597972904,-16.3535029232371,-1.9282831869204529,1.8196538135416631
264,44768.0,44766.331009295915,44782.9780345449,44804.104343212726,44813.088802791994,224.0,-1.196000240091962,177.97961769137328,66.13476388599156,11.467862952114956
265,45104.0,44764.68672592564,45035.84782496077,44888.29127870508,44826.81110588371,-112.0,-1.7805814423263655,-88.72308686584074,-23.667425155101228,-0.13714161410098313
266,44544.0,44762.76984641126,44605.53186081322,44756.769492902524,44812.81451956379,-168.0,-1.7009280901875172,-121.82465799583224,-25.137039351295243,-0.5558603417266568
267,44768.0,44761.284869745265,44792.19850896911,44838.01720000249,44825.699385200256,392.0,-0.8765396073213196,318.3688940215543,116.2563071012155,15.76983489648046
268,45328.0,44761.01676719662,45242.26964885633,44989.282107104955,44844.35418935675,-16.0,0.7437244834181911,-21.333331538429775,-18.0940393450619,-5.5274863756712875
269,44736.0,44762.7723187121,44749.53184589225,44801.82912131237,44814.64441244891,-472.0,3.1506389857786417,-393.03555881564535,-154.53842513640484,-25.777556285389437
270,44384.0,44767.31804516818,44456.19853122504,44680.205256832145,44792.799076785974,184.0,6.244702275140298,144.20676722163262,26.478763935847383,-1.4053818236425286
271,45104.0,44775.26172326238,45037.94538033551,44854.78664918406,44811.83364880163,208.0,9.818866723231622,174.92632502440028,49.97471694394699,4.426254455735034
272,44800.0,44786.95577861464,44806.05118127384,44780.15469072004,44801.651585697444,-240.0,13.563581616319425,-201.63829269249254,-84.55461310400278,-10.09948381931099
273,44624.0,44802.38888649502,44634.66879495053,44685.677422976056,44791.63468116301,-120.0,17.087901973533008,-118.03841157065108,-63.6385562559517,-1.635170476285566
274,44560.0,44821.131582561706,44569.97435813254,44652.877578208136,44798.38124474487,-24.0,19.979750060225342,-14.822646155309485,13.63894433614405,18.665625819106936
275,44576.0,44842.34838661547,44605.02350263991,44712.955311648344,44828.96593280122,192.0,21.8601464317544,180.16665770690815,128.55538926438385,43.23298469641304
276,44944.0,44864.851875425215,44930.307673546355,44909.9883567369,44884.8472141377,264.0,22.444894459196803,256.8225386382146,180.0272234570075,52.923642043358996
277,45104.0,44887.238175533865,45118.66857991634,45073.00975856236,44934.81321688794,288.0,21.58525749036562,261.70380595167444,147.52628110663863,41.50666359463867
278,45520.0,44908.022390405946,45453.7152854497,45205.04091895018,44967.860541326976,16.0,19.27379542475319,3.6231327818750287,-25.448380137087952,5.440351505385479
279,45136.0,44925.78576638337,45125.91484548009,45022.11299828818,44945.69391989871,-616.0,15.637771586778399,-539.9924450121689,-239.8714215179025,-31.681925433331344
280,44288.0,44939.2979335795,44373.730395425366,44725.298075914376,44904.49669046031,-88.0,10.89958635921721,-105.96246835378406,-78.16588441662316,-10.372394915379118
281,44960.0,44947.584939101806,44913.98990877252,44865.78122945494,44924.94913006795,288.0,5.336128157880012,254.40528507864656,93.37376826802938,18.69989611103665
282,44864.0,44949.97018989526,44882.54096558266,44912.045612450434,44941.89648268239,48.0,-0.7473279721998551,61.25588472343952,70.28718922071857,20.842176748552447
283,45056.0,44946.090283157406,45036.5016782194,45006.355607896374,44966.633483565056,48.0,-7.027377000707929,56.46910373375067,69.48779939412998,20.26867506092094
284,44960.0,44935.91543589385,44995.47917305016,45051.021211238694,44982.43383280423,144.0,-13.166809591311903,136.37336008156126,90.17620896166045,16.92204087938444
285,45344.0,44919.75666397478,45309.24839838252,45186.708025819695,45000.477565323825,168.0,-18.80984826927306,140.01121724495533,57.04082749085501,0.8676107857900206
286,45296.0,44898.2957393553,45275.50160754007,45165.102866220404,44984.16905437581,-152.0,-23.598159037650476,-136.23875314211546,-87.05372648909179,-31.900058229228307
287,45040.0,44872.56034589948,45036.77089209829,45012.60057284151,44936.67744886537,-264.0,-27.202982016246096,-254.87625495032626,-166.20200695814128,-52.65773306716801
288,44768.0,44843.88977532281,44765.74909763942,44832.69885230412,44878.85358824147,-320.0,-29.37022185681053,-282.2763062617669,-147.55229438532479,-52.28118121182706
289,44400.0,44813.81990218586,44472.21827957476,44717.49598407086,44832.115086441714,272.0,-29.98480826688683,230.26025469751403,43.5451238021742,-25.13274747766991
290,45312.0,44783.920158789035,45226.26960703445,44919.78909990847,44828.58809328613,152.0,-29.107346035969385,122.61535250764064,6.187665791840118,-27.697588491275383
291,44704.0,44755.60521011392,44717.44898459004,44729.87131565454,44776.71990945916,-464.0,-26.974259095615707,-401.49136425831966,-176.98212642665385,-48.23218835400985
292,44384.0,44729.9716405978,44423.28687851781,44565.82484705516,44732.12371657811,-88.0,-23.963345225856756,-97.72771348319293,-73.13404507180167,-27.19000705214785
293,44528.0,44707.67851966221,44521.99355762365,44583.60322551094,44722.33989535487,72.0,-20.5262682506509,68.67446722410023,45.57999121124885,-0.06682645549881272
294,44528.0,44688.9191040965,44560.63581296601,44656.98482947766,44731.990063667115,200.0,-17.087901523795153,201.8213201724102,137.87401870555186,19.849671495601797
295,44928.0,44673.50271661462,44925.63619796847,44859.35126292204,44762.03923834607,408.0,-13.961950077780784,353.18137484482577,168.04206490539946,21.7511365962564
296,45344.0,44660.99520394094,45266.99856265566,44993.06895928846,44775.49233685963,-128.0,-11.30958858268059,-114.98543661276562,-41.747823989349854,-14.972284643456078
297,44672.0,44650.883539449256,44695.66532474294,44775.85561494334,44732.09466905916,-448.0,-9.131386321030732,-381.6659996197741,-165.28553687344902,-40.3929343475138
298,44448.0,44642.73243129888,44503.66656341611,44662.49788554156,44694.7064681646,112.0,-7.316033706330927,86.33405575373763,-6.108786631000839,-25.052877486330544
299,44896.0,44636.251472036594,44868.33343625042,44763.63804168134,44681.9889140865,280.0,-5.721191307136905,226.3340540864083,34.9591769804465,-23.418108373774885
300,45008.0,44631.290048684605,44956.33467158893,44732.416239502454,44647.87025141705,-232.0,-4.243347697822173,-218.16671359386964,-169.01368242765966,-52.12515009859635
301,44432.0,44627.76477664095,44432.00000906268,44425.61067682602,44577.738613889305,-712.0,-2.867608746040787,-643.3021425123188,-310.0002242634182,-62.844706833278906
302,43584.0,44625.55483119252,43669.73038656429,44112.41579097562,44522.18083775049,-136.0,-1.665155607406632,-135.999997189625,-48.98699036259859,-8.648734251284623
303,44160.0,44624.43446542614,44160.00001468343,44327.636696100824,44560.441145386736,656.0,-0.7553058442063048,606.3688709125672,299.03925317561516,58.28236490557538
304,44896.0,44624.04421950411,44882.468128389424,44710.49429732685,44638.745567561644,544.0,-0.2531752411669004,507.90072596601385,290.10474988945134,65.44170055299037
305,45248.0,44623.9281149438,45175.801466615456,44907.84619587973,44691.32454649272,-96.0,-0.19765812363039004,-79.13479771214406,27.274996492738865,24.74520625570949
306,44704.0,44623.64890325685,44724.198532965136,44765.044290312326,44688.23598007306,-408.0,-0.5115083057316951,-339.13479980919874,-112.27976041123839,-3.8767674160008028
307,44432.0,44622.90509833234,44497.53186699706,44683.28667505725,44683.571011660715,232.0,-1.0106583167835197,179.4794885629599,43.88572227354598,7.913582170687732
308,45168.0,44621.62758662328,45083.157510091056,44852.81573485942,44704.06314441444,104.0,-1.4320394625647168,82.92637400350213,11.936927231883601,-2.7047100255513215
309,44640.0,44620.04101940721,44663.38461500406,44707.16052952102,44678.16159160961,-376.0,-1.499858936018427,-302.8498200666909,-112.07494057789881,-23.993473224349145
310,44416.0,44618.627868751246,44477.457869957674,44628.66585370362,44656.07619796574,248.0,-1.0031270848303393,193.44249699805732,27.838251034416317,-10.081583745584794
311,45136.0,44618.03476523755,45050.26960900018,44762.83703158985,44657.99842411844,24.0,0.15879223888987326,-5.963003689528705,-52.41030631884132,-21.977852641375648
312,44464.0,44618.945453229026,44465.53186257862,44523.84524106594,44612.12049268299,-584.0,1.9572537292297056,-499.03553805166666,-209.06916999094392,-38.4719068013037
313,43968.0,44621.94927269601,44052.198532896844,44344.69869160796,44581.054610515836,64.0,4.2360645138942346,54.76638049563917,9.202796346002287,-0.41315164135812665
314,44592.0,44627.417582256814,44575.064623569895,44542.25083375794,44611.29418940027,456.0,6.750030936669646,391.08216282930516,172.67755902894714,31.204288354445453
315,44880.0,44635.44933456935,44834.362858555454,44690.05380966586,44643.46318722473,16.0,9.215650440812169,31.11252776281617,52.82988074085006,20.342157185692486
316,44624.0,44645.84888313844,44637.28967909553,44647.91059523964,44651.97850377166,-160.0,11.359222837680136,-130.62478398228268,-30.18791680639697,9.914241735514224
317,44560.0,44658.16778024471,44573.11329059089,44629.67797605306,44663.291670695755,0.0,12.956150637182873,1.39006444979168,16.606368839951756,16.477750458885566
318,44624.0,44671.761184412804,44640.06980799511,44681.123332919546,44684.93400468943,168.0,13.866598909360619,147.3055573797974,80.00702332625588,24.68903422814401
319,44896.0,44685.90097806343,44867.724405350484,44789.692022705574,44712.66973915204,96.0,14.0513897760502,86.27662410779158,55.41470113881587,18.569221420217218
320,44816.0,44699.863963964905,44812.623056210694,44791.95273519718,44722.07244752986,-112.0,13.567678042760235,-71.98606808630939,-9.76291990980826,4.706330754310329
321,44672.0,44713.03633414895,44723.752269177865,44770.16618288596,44722.08240066066,216.0,12.567759463559923,174.82327783257278,27.296539131755708,2.514073163834837
322,45248.0,44724.999482892024,45162.26961187584,44846.54581346069,44727.10059385753,-280.0,11.284879585280578,-266.9809689578178,-124.34746269492098,-21.026777110251714
323,44112.0,44735.60609331951,44189.79033126223,44521.471257496116,44680.02884644016,-352.0,10.003248065007938,-311.6139722435728,-120.33892721651137,-18.67030509536562
324,44544.0,44745.00597902204,44539.041667388694,44605.867959027666,44689.7599836668,376.0,9.008286772972497,324.4596730699195,115.3306810453796,17.019136409981
325,44864.0,44753.622666865456,44838.70967740207,44752.132619586875,44714.06711926012,176.0,8.544249298240175,173.21639702373068,90.33097035265018,16.81049155632718
326,44896.0,44762.09447761852,44885.474461436155,44786.52989973297,44723.380966779456,0.0,8.76371895714692,-5.8629087851441,-20.337769987429056,0.6828958583064377
327,44864.0,44771.15010477975,44826.98385983178,44711.45707961202,44715.432910976735,-288.0,9.687821159237501,-271.9712972598463,-151.34428031493735,-15.376410253884387
328,44320.0,44781.470119936996,44341.53186691646,44483.84133910309,44692.62814627169,-400.0,11.18616760756413,-349.392663518629,-145.695070957383,-4.1733573914643785
329,44064.0,44793.52243999488,44128.19853279452,44420.06693769725,44707.086196193806,128.0,12.999479138463357,117.2340676792519,114.25906744278836,46.61235973181101
330,44576.0,44807.46907821392,44576.00000227497,44712.35947398867,44785.85286573531,936.0,14.793558372733969,861.0355318199254,414.80887515721406,89.25931282826423
331,45936.0,44823.109556740346,45850.26959643437,45249.68468801168,44885.604821850335,96.0,16.22038082547442,126.5271677911478,139.83095615738785,47.23219720754787
332,44768.0,44839.90983986487,44829.05433785726,44992.021386303444,44880.317260150405,-432.0,16.99243694928373,-419.6619495439263,-145.65260855651286,0.3283013075852068
333,45072.0,44857.094430638914,45010.94569734652,44958.37947089865,44886.261424465505,-136.0,16.945504864343093,-123.66199806482473,-90.45217995546773,-3.3427644616203906
334,44496.0,44873.80084959356,44581.73034172761,44811.11702639251,44873.631731227164,40.0,16.063091477837588,44.74966975787174,10.296068690113316,6.251893323016702
335,45152.0,44889.22061359459,45100.445036862264,44978.97160827888,44898.76521111154,256.0,14.455195000457024,215.90840699393812,81.34038602581495,12.471740439948917
336,45008.0,44902.71123959447,45013.54715571549,44973.79779844414,44898.57521210706,-80.0,12.317748656234471,-59.16210256933118,-22.27491061267574,-5.661238399123249
337,44992.0,44913.85611090706,44982.1208317236,44934.42178705353,44887.44273431329,-72.0,9.8742010695496,-80.82216537388013,-68.16511786384945,-16.360341078103374
338,44864.0,44922.45964173357,44851.90282496773,44837.46756271644,44865.854529950855,-208.0,7.317657814710401,-190.7038819172085,-110.22044297886532,-21.495477864893473
339,44576.0,44928.49142653648,44600.713067889184,44713.9809010958,44844.451778583505,-152.0,4.781231193803251,-127.62441763263996,-54.49621107274652,-7.980162438176194
340,44560.0,44932.02210412118,44596.65398970245,44728.47514057095,44849.8942050745,200.0,2.335646382874984,179.21087032551804,98.73180976062577,19.93713674472383
341,44976.0,44933.16271930223,44959.13480854022,44911.44452061705,44884.32605207295,312.0,0.017012919401167892,278.1548615388674,150.69164035462381,29.848149602097692
342,45184.0,44932.05612995998,45152.96371278018,45029.858421280194,44909.5905042787,32.0,-2.13722983525804,38.64746814088721,41.34311130324568,11.543977419678413
343,45040.0,44928.88825963171,45036.429744821995,44994.13074322354,44907.41400691231,-152.0,-4.05288387352266,-134.38524384819902,-58.662306444879505,-8.805797020770115
344,44880.0,44923.950362212934,44884.193225083785,44912.533808390435,44891.97891023716,-152.0,-5.59409283048808,-131.27039431926823,-65.33003063789147,-14.836151163297473
345,44736.0,44917.70007397074,44773.88895618346,44863.47068194776,44877.741704585715,96.0,-6.580556992761558,79.14051201695474,14.672214531201462,-7.1501204221567605
346,45072.0,44910.78924822741,45042.474249117695,44941.87823745284,44877.678669392844,160.0,-6.827975881376915,120.95653852269606,13.346674231495854,-9.779101723226631
347,45056.0,44904.04412220798,45015.80203322885,44890.16403041075,44858.18350113926,-368.0,-6.204195970782166,-310.3719392708517,-134.6321918367139,-29.385993196621712
348,44336.0,44898.38085628585,44421.73037057599,44672.61385377941,44818.9066829996,-64.0,-4.675827038605348,-70.45455400600258,-49.24324974163028,-15.13148398967678
349,44928.0,44894.69246813077,44874.892925216845,44791.67753092749,44827.92053315991,216.0,-2.354791026446037,175.371814484457,50.90244261182306,4.009876818301564
350,44768.0,44893.671274232955,44772.473999544905,44774.41873900306,44826.926436636204,-112.0,0.4889810863714956,-80.04892794739135,-14.04942242290781,1.9522253081049712
351,44704.0,44895.670430303515,44714.79506932206,44763.57868608167,44831.82498377612,-8.0,3.453984684249008,-3.703583612536022,18.949290119457146,11.289796328717784
352,44752.0,44900.57924360145,44765.06683231983,44812.31731924197,44849.50602929364,120.0,6.054974622860755,115.60592459693726,78.89729278128652,22.55634698220456
353,44944.0,44907.78037954924,44946.00691851594,44921.37327164425,44876.93767774053,224.0,7.7959795343267615,190.97467877577583,97.74258822439515,24.078532333915064
354,45200.0,44916.171202670106,45147.016189871385,45007.80249569076,44897.66309396147,-88.0,8.262696714195044,-63.90977928764187,-9.669528108104714,5.608570919015619
355,44768.0,44924.30577297763,44818.18735994065,44902.03421542804,44888.15481957856,-96.0,7.20282345007945,-77.89203022746733,-38.751172548705654,-3.5005334039815352
356,45008.0,44930.576849570265,44991.23212941645,44930.30015059335,44890.66202715351,136.0,4.581670911851688,89.20541655804482,-10.583989538008609,-3.3596910673804814
357,45040.0,44933.46911480133,44996.59819305674,44880.86623635202,44881.4354374438,-424.0,0.6255857756841579,-372.7508640674823,-129.0007960653238,-17.15481783751602
358,44160.0,44931.82802112163,44245.730401281486,44672.2985584627,44856.352391478475,64.0,-4.197526393421867,70.3489590376521,47.5816013420299,9.734573608599021
359,45168.0,44925.074062014486,45137.29611113205,44976.02943903608,44900.904584660995,576.0,-9.23891796337557,506.58941409679755,207.74560009142078,31.197422415571054
360,45312.0,44913.35018519488,45258.90922947508,45087.789758645544,44918.74723630962,-200.0,-13.766208189401368,-143.8407342815699,-0.3448010677639104,-1.8199865358983516
361,44768.0,44897.54164563568,44849.61464256891,44975.33983690055,44897.2646115892,0.0,-17.086586574310786,-1.22137406163165,-8.780003294716153,-15.019394140956138
362,45312.0,44879.17701204626,45256.46648135182,45070.22975205611,44888.708448027704,184.0,-18.673291616949427,129.18424554198646,-25.995208816384547,-29.720741160112084
363,45136.0,44860.195062401785,45107.98313365288,44923.34941926778,44837.823129268974,-512.0,-18.27188610738085,-463.1735446252278,-253.20562315443385,-65.79416229527851
364,44288.0,44842.6332398315,44330.11939210136,44563.818505747244,44757.12012343715,-416.0,-15.953859189437935,-392.66091585400864,-221.621660646917,-57.246999659968424
365,44304.0,44828.28734402291,44322.66130194486,44480.10609797395,44723.32912994904,104.0,-12.099271605864487,85.84841956781747,4.340641213679191,-12.824536990661727
366,44496.0,44818.43469661977,44501.816231237,44572.4997881746,44731.471049455824,208.0,-7.3242671127736685,208.23608547709955,130.64358428795094,19.915471979580616
367,44720.0,44813.63880979736,44739.13347289906,44741.39326654985,44763.1600739082,376.0,-2.3634320121709607,334.99261989227307,179.59011165017728,33.84702814778211
368,45248.0,44813.70783259543,45171.80147102154,44931.68001147496,44799.16510575139,64.0,2.0789903997902,49.66733949529953,32.12675066258089,13.563287130760727
369,44848.0,44817.79679059694,44838.46815188966,44805.64676787501,44790.28664816972,-480.0,5.460028521505592,-399.03555391741975,-147.2098596624346,-11.764125173183857
370,44288.0,44824.62788963844,44373.7303631867,44637.26029215009,44775.63685540502,40.0,7.482046092100063,25.145280779492168,6.243670350122557,9.732050005553901
371,44928.0,44832.76088278114,44888.758713448646,44818.13410857526,44809.75074818083,320.0,8.123071557682124,275.63365819010505,125.940870712795,28.201430184846686
372,44928.0,44840.8740327538,44924.99767956691,44889.14203357568,44832.039715774714,0.0,7.604233576468687,21.22736395282118,51.57894178825882,17.49095338262123
373,44928.0,44847.96934993408,44931.21344135429,44921.291992151775,44844.73265494607,16.0,6.3157612193354,22.282968558822176,28.795954651985085,8.529571918661532
374,44960.0,44853.505555192474,44969.56361668456,44946.73394287965,44849.09885961204,112.0,4.71015580655876,86.16825875308132,18.808922167700075,-1.1788523534341948
375,45152.0,44857.3896615472,45103.54995886045,44958.909836487175,44842.3749502392,-104.0,3.1990127798198955,-108.26386352186455,-84.36918814888486,-22.205161860871158
376,44752.0,44859.903580752114,44753.03588964083,44777.99556658188,44804.688535890295,-408.0,2.0783594257336517,-345.3346210154923,-167.9164866143583,-35.051987554394145
377,44336.0,44861.546380398664,44412.880716829466,44623.07686325846,44772.270975130414,120.0,1.4865552455703437,77.77317728597336,-11.380271694186376,-10.604012003361277
378,44992.0,44862.876691243255,44908.582244212776,44755.235023193505,44783.48051188357,48.0,1.3993346355600806,45.087982497199846,13.775671531795524,0.7835623473365558
379,44432.0,44864.345049669784,44503.056681823866,44650.62820632205,44773.83809982509,-72.0,1.665637332796905,-50.2421532695771,4.707286289565673,7.449492932770227
380,44848.0,44866.20796590885,44808.09793767362,44764.64959577264,44798.37949774911,120.0,2.0631355172008625,105.53094421784772,72.34618733690877,22.06037281148383
381,44672.0,44868.471320704186,44714.11857025956,44795.32058099587,44817.958845448054,112.0,2.3606525714931195,116.61348388374608,92.33127572116427,26.87728997134036
382,45072.0,44870.929271051835,45041.32490544111,44949.312147214965,44852.13407769179,200.0,2.3516996837352053,173.83086238711985,92.64763982658042,23.181936128330562
383,45072.0,44873.174720071656,45061.7802950338,44980.61586064903,44864.322717704716,-40.0,1.8856204096737201,-30.64313523832243,-14.388356241419388,1.8047758981592779
384,44992.0,44874.70051187118,44980.03863496447,44920.535434732126,44855.74362948811,-144.0,0.8987914184181136,-141.54848524699264,-95.81270855084222,-15.391906742199353
385,44784.0,44874.97230290849,44778.683324539816,44788.99044354734,44833.53890422032,-248.0,-0.6015162335570494,-227.9386877255747,-129.0497694111109,-19.72778005677901
386,44496.0,44873.49747940407,44524.16125951332,44662.435895909905,44816.288069374554,-136.0,-2.526456767674972,-113.71576745988932,-43.33659968249049,-1.2364313770340232
387,44512.0,44869.91938937314,44551.25178962004,44702.31724418236,44831.06604146625,240.0,-4.708592479426443,223.34947820689922,135.03997036364308,30.731274165005743
388,44976.0,44864.080294445215,44970.86021592712,44932.51583663719,44877.750617704565,448.0,-6.911934717507393,393.9095059426654,208.45651077341972,41.77210712354645
389,45408.0,44856.09551993813,45339.07080150537,45119.2302657292,44914.61025571334,8.0,-8.850785155813355,23.56459310507489,42.32956195661609,12.190150794442161
390,44992.0,44846.37872413359,45017.98940213727,45017.17496055042,44902.13091929345,-216.0,-10.223838421799883,-191.13438868176672,-89.46782490357145,-16.972790455220093
391,44976.0,44835.64784309453,44956.802024141834,44940.29461592206,44880.6646748029,-176.0,-10.754854916252953,-157.17725728625373,-94.73303666733409,-26.233010750402173
392,44640.0,44824.86901430108,44703.63488756476,44827.708887215755,44849.664897792645,96.0,-10.259612375248253,65.00730124673646,-18.73128509842718,-20.516532120625925
393,45168.0,44815.12861834403,45086.81662663531,44902.832045725205,44839.63161056165,-24.0,-8.69429436478822,-45.718177325939905,-57.46081862794745,-26.451706702911906
394,44592.0,44807.480425571506,44612.19853291288,44712.78724995986,44796.76148438682,-424.0,-6.186140704270656,-350.64237958500235,-129.6511707854188,-32.63205195548653
395,44320.0,44802.75633693549,44385.5318674653,44643.52970415437,44774.36750665068,456.0,-3.0257651428655663,403.0355326156496,92.50730627169469,0.3243975963887351
396,45504.0,44801.428895285775,45418.26959814418,44897.80186250325,44797.4102795796,-160.0,0.38037753670141683,-149.90073280267825,-48.826910399500775,-12.286713092096761
397,44000.0,44803.51709200889,44085.730401859946,44545.875883355366,44749.79408046648,-288.0,3.584680890700838,-277.66196621012205,-78.98803747019338,-10.126495089793025
398,44928.0,44808.59825706718,44862.945665723935,44739.82578756286,44777.15728940001,288.0,6.175016322569718,277.66196517498975,99.86279798892429,19.821073403531045
399,44576.0,44815.86712465403,44641.054332209926,44745.601479333214,44789.436227273545,96.0,7.848490104879602,105.76123429883955,90.5764314369626,22.950749237206765
400,45120.0,44824.295237276936,45074.468134321614,44920.97865043679,44823.058787874426,256.0,8.45259065965729,203.3735669565358,75.8664963219635,18.775499994608253
401,45088.0,44832.77230597335,45047.801466123,44897.33447197714,44826.98722726276,-384.0,7.996627494630957,-325.1348001486949,-118.9769424710721,-9.122199248529796
402,44352.0,44840.2884922662,44424.198534024225,44683.02476549464,44804.81438937737,-192.0,6.630884278489248,-165.13479941260448,-48.79732373517618,0.46788158347044373
403,44704.0,44846.034074530326,44717.53186729779,44799.73982450679,44827.9229904297,488.0,4.600208748495788,413.9325066809215,164.5849712655363,29.304750573825004
404,45328.0,44849.48890976319,45252.06354738607,45012.194708025716,44863.42389052502,104.0,2.205722881382826,101.90958010022587,54.552237531788705,12.272094621563156
405,44912.0,44850.44552029309,44921.35102749824,44908.844299570366,44852.46717967283,-344.0,-0.23947103105092538,-283.9573823966166,-104.9282586701629,-13.933351868545287
406,44640.0,44849.00996770109,44684.148782592834,44802.33819068539,44835.557186787926,0.0,-2.4492690053230035,-16.45833194122315,-25.337013542284694,-7.132133545506804
407,44912.0,44845.546982282445,44888.434363615794,44858.1702724858,44838.202912581815,104.0,-4.185846595890325,86.45739910193515,28.91721804330882,-1.0441285770211834
408,44848.0,44840.63827450931,44857.063580796705,44860.17262677201,44833.468929633884,0.0,-5.272688451677823,13.947121164455893,8.088667672214797,-5.460536466234771
409,44912.0,44835.00160537909,44916.328605944705,44874.34760783023,44827.281839649346,112.0,-5.6066509039956145,80.90805487150647,-4.651215026668069,-10.422998002071836
410,45072.0,44829.424972701316,45018.87969053972,44850.87019671867,44812.62293362974,-296.0,-5.173342192789278,-264.91211871089035,-134.042312752219,-27.627759338120086
411,44320.0,44824.65492099351,44386.504368522925,44606.26298232579,44772.026320973106,-208.0,-4.044129283767688,-197.99182339769322,-101.4757232299853,-17.995296607976343
412,44656.0,44821.33671413378,44622.89604374433,44647.9187502587,44776.63234041379,80.0,-2.3561235334491357,70.87189394306188,37.61514306225945,10.637636461371585
413,44480.0,44819.94267392661,44528.24815640905,44681.49326845031,44793.30159389585,128.0,-0.30868001428825664,146.59289470995282,134.32115241676365,32.33433317685194
414,44912.0,44820.719354105204,44916.08183316424,44916.56105509223,44841.30100676749,520.0,1.8620435634002206,461.776654682566,237.34831418803515,44.46446321001713
415,45520.0,44823.66676105341,45451.80146577418,45156.18989682638,44882.23052031588,152.0,3.912735315367172,141.1931493746306,57.72379014734179,9.041039564184757
416,45216.0,44828.54482473594,45198.4681319135,45032.00863538691,44859.38308589586,-408.0,5.623287974838604,-373.90073259193014,-216.17694374601706,-40.67828012523023
417,44704.0,44834.91333700309,44704.00000059032,44723.83600933434,44800.87396006542,-528.0,6.818444338070549,-505.13479873190954,-298.2546213853893,-53.66542782716351
418,44160.0,44842.18171341208,44188.19853444968,44435.49939261613,44752.052230241534,-360.0,7.3917570276789775,-331.23406523316226,-150.5869204101473,-19.21911831181569
419,43984.0,44849.69685105845,44041.531870123996,44422.66216851405,44762.43572344179,392.0,7.341650312060665,377.9007268887981,206.49386015493656,49.305279372350924
420,44944.0,44856.8650140362,44943.999988227275,44848.48711292601,44850.662788986236,816.0,6.764013678235642,744.3688744116735,378.06850087496423,83.56020499375518
421,45616.0,44863.22487841492,45530.26961894734,45178.79917026398,44929.5561334293,72.0,5.831549942307902,72.09926756465939,111.71164246996341,44.57115111452731
422,45088.0,44868.52811392082,45088.198523356594,45071.91039786593,44939.80509121529,-520.0,4.760685289296816,-434.3688766821797,-114.93357346508492,2.8392123467565398
423,44576.0,44872.74624899351,44661.53186558298,44948.93202333381,44935.234558122815,288.0,3.7596504644861852,245.03553883091809,63.48763713478547,13.391194813666516
424,45664.0,44876.04741484979,45578.26960101843,45198.885672135504,44966.58748084262,184.0,2.960039309982676,149.7163729231579,17.396484869441338,-3.5177032380634046
425,44944.0,44878.66632761348,44960.9646114293,44983.72499307269,44928.19915164669,-496.0,2.3550561276933877,-438.1554335278124,-195.2981825264651,-39.17837161359785
426,44672.0,44880.757527105176,44701.958733962805,44808.289307082574,44888.23073761543,-96.0,1.810080961073254,-109.21220765244652,-107.29103244882572,-29.15687715049353
427,44752.0,44882.286489535625,44742.540196124406,44769.14292817504,44869.8853973457,8.0,1.0754451492066437,-6.71755721637237,-30.574914820015692,-12.451070402436017
428,44688.0,44882.90841740359,44688.52361953006,44747.13947744254,44863.328596810556,-80.0,-0.14244624457569444,-51.39847894405102,7.566287988771364,2.2096293053800764
429,44592.0,44882.001597046474,44639.743238236304,44784.27550415258,44874.30465595646,224.0,-2.0791537689619872,207.98222374935358,133.27377878633342,25.091291943725082
430,45136.0,44878.750109865665,45104.48806702877,45013.68703501521,44913.511180698006,312.0,-4.838572033375385,289.138750074726,168.25504837023254,28.08208377644769
431,45216.0,44872.32445297972,45218.020738385756,45120.78560089305,44930.468823509356,136.0,-8.344577350402687,123.63636328574648,59.49136632435693,2.6810839868194307
432,45408.0,44862.06095516486,45351.76079360026,45132.66976766392,44918.873348671645,-208.0,-12.335538132952934,-207.57776875771015,-125.78094939716175,-36.05180740412834
433,44800.0,44847.65337671382,44802.865200870336,44869.22370209872,44858.3652087011,-544.0,-16.408835018166428,-474.4477964047255,-228.83421451584218,-57.58987953549149
434,44320.0,44829.24328512853,44402.86520079081,44675.00133863224,44803.69358960066,160.0,-20.11189872371324,122.46813255239249,-16.721694150361145,-30.48693962040852
435,45120.0,44807.42957926639,45047.80146597512,44835.780313798,44797.39132946028,224.0,-23.021561946523434,175.8014663820395,18.66913206476238,-22.43269366736058
436,44768.0,44783.20016123548,44754.46813355489,44712.339602761764,44758.82820226594,-456.0,-24.823498285699316,-382.4681331107495,-151.27090965535535,-39.02171708104652
437,44208.0,44757.78258269499,44282.86519975362,44533.23849448729,44719.34789529819,-88.0,-25.354723624561302,-75.80146656819488,-16.48186103082844,-13.912912202838925
438,44592.0,44732.49071398636,44602.8652004185,44679.37588070011,44731.00237786026,480.0,-24.605988928793522,417.3275988507994,189.82532656287003,18.604601455084776
439,45168.0,44708.570604837405,45117.52039745522,44912.88914761303,44756.55709820836,240.0,-22.696328083591652,219.25558821939558,105.95784071943854,4.982575258512952
440,45072.0,44687.098057819174,45041.37637685729,44891.291562138984,44740.96752837729,-264.0,-19.838429945630196,-229.2621363114631,-111.95180440455078,-32.14119341220794
441,44640.0,44668.893744946145,44658.996124832294,44688.98553880393,44692.27471138394,-304.0,-16.290012959074375,-287.3996278635059,-177.81325393309817,-46.07908142414453
442,44464.0,44654.518031901025,44466.57712113028,44535.66505427279,44648.809365529,-192.0,-12.320759945869213,-179.53339805064388,-117.48795739474008,-34.22487757849376
443,44256.0,44644.252225054406,44299.92932873101,44454.00962401445,44623.824956226956,56.0,-8.191250976826268,52.99885125577566,17.34938174887793,-6.593161490698549
444,44576.0,44638.13552994737,44572.57482364183,44570.36381777054,44635.6230425476,304.0,-4.126656017473579,255.51961311995183,113.53610264137023,14.77923844803081
445,44864.0,44635.99891301946,44810.96855497091,44681.08182929719,44653.38343312302,-56.0,-0.3121412685359246,-26.763493816379196,19.25892617524005,7.229562231561431
446,44464.0,44637.5112474103,44519.04783600907,44608.88167012102,44650.082167010725,-16.0,3.1193510719240294,-16.6815389164949,0.24067588434991194,6.002842238249286
447,44832.0,44642.23761516331,44777.60547713792,44681.56318106589,44665.389117599516,-16.0,6.094319552379602,-13.414973181545065,-2.536898522190313,6.976406468762434
448,44432.0,44649.69988651506,44492.21788964598,44603.80787307664,44664.03497994825,16.0,8.609731754975655,15.701860737943207,8.14862854907551,10.247611346148915
449,44864.0,44659.45707867326,44809.00919861381,44697.86043816404,44685.884340291814,64.0,10.738209252478555,41.83730203687446,10.982784169413208,12.943577358153561
450,44560.0,44671.17630502002,44575.89249371973,44625.77344141547,44689.92213466456,-200.0,12.615852621715021,-153.65423629544603,-39.20027604083225,10.533901105969562
451,44464.0,44684.68878391669,44501.700726022915,44619.459886082375,44706.95214250375,128.0,14.442910479556303,114.3118624177514,71.41638770809004,29.177614964384702
452,44816.0,44700.06212597913,44804.51621855523,44768.60621683165,44748.27736459333,288.0,16.445563573161053,245.39658530846282,125.44943916510238,37.93909031923977
453,45040.0,44717.57991106301,44992.49389663984,44870.35876441258,44782.83032314223,-88.0,18.832202355373738,-49.55283871619031,16.931929787224362,21.69447470601517
454,44640.0,44737.72653068988,44705.41054112285,44802.4700764061,44791.66631400536,56.0,21.768373669241555,39.96935009727167,13.346350196563435,16.419306563395367
455,45152.0,44761.11665840149,45072.432596834384,44897.05146480571,44815.66893626902,-24.0,25.335183031274937,-31.016945192732237,-32.89287919753406,7.186069077117281
456,44592.0,44788.39689675243,44643.37665073739,44736.68431801103,44806.03845215959,-200.0,29.511260371436947,-171.97070733390137,-88.02498778916197,1.07143849854765
457,44752.0,44820.13917914437,44728.49118216658,44721.00148922738,44817.81181326612,-16.0,34.17271755760521,-32.42955773789072,-31.182084169955488,15.063951769832784
458,44560.0,44856.74233186764,44578.517535261606,44674.32014967112,44836.16635569926,-88.0,39.11762675072532,-57.38597059694803,10.478735279295506,32.16286021810083
459,44576.0,44898.37443264582,44613.719240972685,44741.958959785974,44882.13753370232,240.0,44.09211618127301,223.7979105744853,150.61829000784564,61.27805468818042
460,45040.0,44944.92656423018,45026.11335641058,44975.55672968681,44958.72246507562,384.0,48.82215975167492,342.960897490786,201.3761347442378,72.52105462707914
461,45344.0,44996.01875214917,45299.64103595426,45144.71122927445,45027.17964295648,40.0,53.0413617381455,51.732859314946836,69.51011422486772,52.616160028683225
462,45120.0,45051.009287706474,45129.57907504047,45114.576958136546,45063.954785132984,-152.0,56.49358948218651,-122.16658571143125,-32.845792069634626,33.972881433153816
463,45040.0,45109.00593111354,45055.307864531394,45079.01964513518,45095.125405822786,24.0,58.91871726915997,2.2681121478963178,-16.047490433778876,33.92689098093979
464,45168.0,45168.846722244794,45134.11529933626,45082.48197726899,45131.808567094864,-96.0,60.05121184948439,-90.61606851382749,-39.296679231694725,34.87358962682629
465,44848.0,45229.10835481251,44874.07572750374,45000.42628667179,45164.87258507644,-168.0,59.615480462191044,-129.6609343138225,-5.842547261305299,48.90764723539178
466,44832.0,45288.07768316918,44874.79343070862,45070.79688274638,45229.62386156565,328.0,57.34195921405262,304.2545723765106,189.7690374477752,84.63246956749208
467,45504.0,45343.792273240615,45482.58487225676,45379.96436156734,45334.13752421142,448.0,53.0060064606223,411.1460872034186,247.1496596046345,96.02053885634814
468,45728.0,45394.08969609042,45697.085605115455,45565.09620195565,45421.664939278344,48.0,46.493326484003774,59.92875843596266,103.6799413661247,72.21066203083683
469,45600.0,45436.77892620862,45602.442389128686,45587.32424429959,45478.5588482731,-112.0,37.848532559182786,-82.43127034331701,15.890164493746852,50.82185140841102
470,45504.0,45469.78676120879,45532.22306442882,45596.87653094314,45523.308642095166,80.0,27.31763729930026,70.89599744423322,55.99055211511586,45.71522592682231
471,45760.0,45491.41420080722,45744.23438401715,45699.30534852982,45569.98930012674,168.0,15.38189118772425,133.18323967410834,72.08149185158982,37.18012303791693
472,45840.0,45500.550543584235,45798.58954377704,45741.03951464632,45597.668888171,-200.0,2.731926789459976,-152.697121354915,-7.746076560339134,15.56303245280651
473,45360.0,45496.87805438614,45438.84014130732,45683.813195409144,45601.115365032354,176.0,-9.80970097786485,180.6059609152435,104.68027846739642,15.502245112969831
474,46192.0,45480.931141628505,46159.801465607525,45950.40007158111,45628.67337839694,480.0,-21.348550914877706,413.813995489465,145.78691196252112,-0.6083177155633166
475,46320.0,45454.18095255639,46266.46813228625,45975.387019334186,45599.89872960123,-296.0,-31.03014323435491,-274.15469808736816,-147.31954257982943,-64.77971231565607
476,45600.0,45418.870855159796,45611.49206943279,45655.760986421454,45499.11395376563,-528.0,-38.188412236977456,-484.353689492149,-291.74553970200213,-105.82907814731516
477,45264.0,45377.80412808243,45297.760753301955,45391.89593993018,45388.2405733066,-120.0,-42.42248669514083,-144.92754962104664,-199.91707652618788,-104.6613517937003
478,45360.0,45334.025881769514,45321.636970190695,45255.92683336908,45289.79125017823,-152.0,-43.67595241562958,-167.93893215779462,-188.00568987656152,-101.95976061946203
479,44960.0,45290.45222325117,44961.882888986365,45015.88456017706,45184.32105206767,-408.0,-42.28212514276311,-350.3396362724852,-212.09999310348576,-94.25414550716596
480,44544.0,45249.46163148399,44620.957697645725,44831.72684716211,45101.282959163895,112.0,-38.96451404210529,68.19337488665042,-40.29428943390667,-55.17394494558539
481,45184.0,45212.52319516696,45098.269638759666,44935.295981309246,45073.9731621765,-40.0,-34.773522897794464,-36.65296025088173,-20.78287519823425,-32.811138878565544
482,44464.0,45179.9145856884,44547.65177714396,44790.16109676564,45035.66068140676,-104.0,-31.010430653972435,-71.375958731438,17.94566383921483,-9.729446699402615
483,44976.0,45150.50233385902,44955.51772129679,44971.187308987675,45054.5142687777,336.0,-29.13017568590294,305.45455063677946,178.61986671587147,22.77930080981605
484,45136.0,45121.65423431659,45158.56087841752,45147.40083019738,45081.219283026396,384.0,-30.59000154504247,351.3759437105509,181.91393630839593,23.965978400021413
485,45744.0,45089.32233076893,45658.26960871789,45335.01518160447,45102.44622557774,-136.0,-36.70161902860855,-117.4757015226387,-16.87805779068003,-10.850746169769991
486,44864.0,45048.250996259376,44923.60947537224,45113.64471461602,45059.517790686856,-328.0,-48.47824994870825,-283.6086755741817,-96.54810968043239,-33.15254535654094
487,45088.0,44992.36583087152,45091.05225756953,45141.9189622436,45036.14113486466,224.0,-66.4533070981488,182.70407004493245,55.23372874938286,-25.969599078962347
488,45312.0,44915.34438206308,45289.01761546211,45224.11217211479,45007.57859252893,96.0,-90.51971891127323,83.05343520312454,38.24929592857734,-43.78361270928144
489,45280.0,44811.32639304897,45257.15912797578,45218.41755410076,44948.573909446095,-192.0,-119.80116395237565,-146.06284760743438,-36.485840963650844,-75.57598761053305
490,44928.0,44675.74205415833,44996.89192024724,45151.140490187485,44856.426617307865,112.0,-152.56883519881012,97.81831597024211,44.29318118046649,-95.7259612728376
491,45504.0,44506.18872265135,45452.79575991626,45307.00391646169,44757.12198690042,216.0,-186.2829028620872,186.25671678776052,57.365384505050315,-136.648531062423
492,45360.0,44303.17624843415,45369.40535382276,45265.871259197585,44583.12955518302,-40.0,-217.72542840481765,-36.36363697968045,-88.19702766531191,-212.83595395824887
493,45424.0,44070.737865841715,45380.0684859569,45130.609861131066,44331.45007898392,-616.0,-243.19055170060892,-620.7026780598135,-568.9371028319656,-306.3069722499022
494,44128.0,43816.795145032935,44127.99999770313,44127.997053533654,43970.515610683215,-888.0,-258.84566007350804,-866.0342409605764,-741.3024283715567,-368.80868776654825
495,43648.0,43553.0465456947,43648.00000403575,43648.00500438795,43593.832703450826,-536.0,-261.12825585535757,-536.0000006690389,-536.000901412659,-379.3912720598455
496,43056.0,43294.53863332222,43055.999996365055,43055.995250708336,43211.73306656352,-616.0,-247.14718986279695,-616.0000008182506,-616.0004441886449,-374.3129835591244
497,42416.0,43058.752165969105,42416.00000239925,42416.00411601066,42845.20673633258,-696.0,-215.11726112429824,-666.7815504865866,-549.8352249590716,-345.06599341431865
498,41664.0,42864.30411107362,41722.43689539188,41956.32480079019,42521.601079734886,-256.0,-164.74586233459922,-268.9230781767983,-298.0023133625691,-280.7256026109462
499,41904.0,42729.260441299906,41878.15384604565,41819.999489285525,42283.755531110684,72.0,-97.56576995211799,26.486180882020562,-178.3255668619022,-218.85777206866987
500,41808.0,42669.17257116939,41775.40925715592,41599.67366706639,42083.88553559755,-440.0,-17.102851058934903,-427.0769220730108,-351.49664871266214,-186.0757187332565
501,41024.0,42695.05473918204,41024.00000189963,41117.0061918602,41911.60409364417,-624.0,71.17276435008898,-593.123487391571,-409.15671924936396,-127.90123727116952
502,40560.0,42811.518099869565,40589.16228237278,40781.36022856766,41828.08306105521,-296.0,160.18162148356714,-285.933447066629,-224.96584900871312,-20.11687953620276
503,40432.0,43015.41798214917,40452.13310776637,40667.074493842774,41871.370334571766,-40.0,241.90697304123023,-36.36363577455995,3.2515121965043363,115.25579024514809
504,40480.0,43295.332045952026,40516.43501082366,40787.86325296067,42058.594641545504,568.0,308.3688947406081,557.933446121202,450.46275292081555,266.15403905101266
505,41568.0,43632.15577163039,41568.000000008775,41567.999999684405,42403.67841267379,1472.0,352.7636062456113,1453.782494586303,1318.0683731976605,682.7069180973849
506,43424.0,44000.85925844325,43423.99999999627,43423.99999935599,43424.00847774027,1960.0,370.5833522650064,1959.9999999973625,1960.0000003804053,1542.1541527524096
507,45488.0,44373.3224761604,45488.0000000035,45488.000000445216,45487.98671817861,2000.0,360.4611263420047,1999.9999999972715,2000.0000000542059,1410.8250320445113
508,47424.0,44721.78151112726,47423.99999999081,47423.9999994644,46245.658541829296,1584.0,324.5060980182716,1575.2340661057206,1432.2554956240601,534.244404910587
509,48656.0,45022.33467219694,48638.46813221494,48352.510991693336,46556.475527999784,768.0,268.02840446486516,733.9007328304142,526.8369974754169,205.8407625704749
510,48960.0,45257.83832005699,48891.80146565164,48477.673994415236,46657.340066970246,-232.0,198.67865911536137,-223.2340661923372,-116.00000007047493,-14.268457681024302
511,48192.0,45419.691990427666,48191.99999983027,48120.510991552386,46527.938612637736,-1008.0,125.15383043793918,-973.900732838596,-766.8369972401488,-212.60452370062558
512,46944.0,45508.145980932866,46943.99999997445,46943.99999993494,46232.131019568995,-1496.0,55.762016444150504,-1495.999999730404,-1435.4384919361728,-331.4010420902923
513,45200.0,45531.21602331597,45200.00000036946,45249.63400768004,45865.13652845715,-1216.0,-2.8331192031000683,-1178.9403040665857,-1036.6919979751983,-333.7376646889825
514,44512.0,45502.479742526666,44586.119391841276,44870.61600398454,45564.65569019103,-120.0,-46.44279417024882,-150.66934921028587,-199.7100017032244,-247.84805375657015
515,44960.0,45438.33043497547,44898.66130194889,44850.21400427359,45369.44042094401,40.0,-73.65741786070794,5.848419852045481,-75.29499757415397,-174.74324819982212
516,44592.0,45355.16490680525,44597.81623154537,44720.026008836234,45215.169193791386,-336.0,-85.55512596548579,-271.7639126766844,-66.17499101924113,-123.11276746305157
517,44288.0,45267.2201830445,44355.13347659552,44717.86402223511,45123.21488601791,600.0,-85.02422811854194,554.2266831367306,212.77002451642693,-50.19356347258508
518,45792.0,45185.116450568166,45706.26959781883,45145.56605786909,45114.782066846215,176.0,-75.9313616507061,180.3504312110017,104.48506456852192,-42.293715829378925
519,44640.0,45115.357459743085,44715.83433901752,44926.83415137215,45038.62745435915,-360.0,-62.26894544264724,-330.3719397162713,-75.31483081085389,-56.22323976911139
520,45072.0,45060.57855968287,45045.525718386285,44994.93639624738,45002.33558730799,248.0,-47.49634031491587,197.31997130021045,29.570442998920043,-39.77508768575353
521,45136.0,45020.36477911325,45110.47428161794,44985.97503736999,44959.07727898764,-64.0,-34.151963399071974,-62.68002867863834,-83.97384019239325,-52.10444437097249
522,44944.0,44992.27463288473,44920.16566102901,44826.98871586259,44898.12669856605,-456.0,-23.75422501216235,-416.47120696048296,-217.49196357610344,-63.24424549328978
523,44224.0,44972.85632908893,44277.53186769698,44550.99111021779,44832.58878800106,-296.0,-16.883591511486884,-267.9835633305629,-112.50205053591344,-35.10847116493096
524,44352.0,44958.507449861754,44384.19853436788,44601.98461479077,44827.909756236186,408.0,-13.390262880373484,369.19519716228024,175.98581196836676,19.11645604692967
525,45040.0,44946.07580332818,45015.92226202154,44902.96273415452,44870.82170009492,440.0,-12.665100575602992,409.7991791093882,232.45948644101372,34.45302886348145
526,45232.0,44933.17724871055,45203.79689258666,45066.903587672794,44896.81581396315,24.0,-13.867076562877628,46.85909349839858,81.39264735467077,9.234904566386831
527,45088.0,44918.34165020243,45109.640449018334,45065.74802886386,44889.291509227696,24.0,-16.097238711401587,14.045801523352566,-12.281544377005048,-17.459729274069105
528,45280.0,44900.982771287745,45231.888495633364,45042.340498918784,44861.89635541501,-104.0,-18.52938483224716,-118.30947521813505,-142.23728048568228,-48.30033604193159
529,44880.0,44881.28288053793,44873.021498582064,44781.2734678925,44792.69083714383,-648.0,-20.481668367159727,-586.7987506417267,-310.4302970800418,-73.57097641399014
530,43984.0,44860.019434553426,44058.29099434991,44421.4799047587,44714.75440258703,-256.0,-21.44630796835918,-250.23628598182768,-141.05361075443943,-41.398714427450614
531,44368.0,44838.390264601214,44372.54892661841,44499.16624638362,44709.89340828893,376.0,-21.11438620179979,337.00256536052984,143.26946481671985,12.23367611634967
532,44736.0,44817.790662149826,44732.29612507097,44708.01883439214,44739.22175481973,368.0,-19.3658868278726,341.227823807425,194.86200520459533,29.489434271781647
533,45104.0,44799.65849094547,45055.00457423326,44888.89025679281,44768.872276832495,64.0,-16.313397801721294,77.73132032857393,73.3165507970698,12.894135854392516
534,44864.0,44785.16386654638,44887.75876572812,44854.65193598628,44765.010026528515,-48.0,-12.350349128082598,-48.451979864548775,-38.91235281338595,-8.811748977554089
535,45008.0,44774.9577926893,44958.10061450416,44811.06555116604,44751.24877887739,-224.0,-8.112534523857903,-220.40313642703768,-142.05360923722765,-26.598808707261924
536,44416.0,44768.93879749867,44446.95249287404,44570.544717511824,44711.81240911399,-344.0,-4.515769145593367,-315.1375995360286,-163.248474898297,-24.645749307692313
537,44320.0,44765.92625439812,44327.825415432104,44484.56860136944,44701.957280262,-88.0,-2.7428503530827584,-80.00000028141585,-3.691815457663324,9.242735161107703
538,44240.0,44763.4530967925,44286.95249231121,44563.1610865965,44730.297879436206,560.0,-4.142262002911593,513.222093275188,240.17302852530702,52.85549314601667
539,45440.0,44757.64173039229,45354.26960198248,44964.91465842006,44807.668266554036,272.0,-10.097258943169436,272.6439807230272,164.21090103358802,45.75380044553094
540,44784.0,44743.25857890616,44832.240453757266,44891.582888663674,44821.80548032727,-280.0,-21.84999092918588,-234.13829541826635,-19.54032542454297,16.02748778959358
541,44880.0,44713.94174853392,44885.99301114595,44925.83400757097,44839.72324213322,112.0,-40.26805131515721,83.71761311840237,57.168122692779434,15.903923912617756
542,45008.0,44662.72247627585,44999.67567999407,45005.91913404923,44853.6133281525,72.0,-65.63585800082001,72.06106881847882,79.04469350288127,6.170752426907711
543,45024.0,44582.67003253228,45030.115148782905,45083.923394576734,44852.06474698704,40.0,-97.48306972283171,61.01521270335434,107.96595781586802,-10.1453438161152
544,45088.0,44467.756336830185,45121.70610540078,45221.85104968097,44833.32264052027,432.0,-134.42800777960292,395.50982508248853,204.85317994471916,-31.47597444074927
545,45888.0,44313.814016973076,45821.13479894788,45493.62975446617,44789.11279810554,256.0,-174.16768905758363,229.71434682578547,74.59358201829309,-99.15420250946045
546,45600.0,44119.42095871502,45581.13479905235,45371.038213717555,44635.01423550135,-416.0,-213.60324107795168,-380.70689909486464,-237.07243388983989,-202.3478508291155
547,45056.0,43886.60753481717,45059.72100075815,45019.48488668649,44384.41709644731,-464.0,-249.08768283634345,-456.42790004235576,-369.81088368782,-284.1762842316821
548,44672.0,43621.24559304233,44668.27899896764,44631.416446341915,44066.66166703799,-432.0,-276.78651470890327,-433.8605003173434,-413.7424493205435,-348.0223460574198
549,44192.0,43333.034505399366,44192.000000123466,44191.999988045405,43688.37240433247,-848.0,-293.11267137516916,-846.1394995607989,-827.7082443302206,-532.024405039243
550,42976.0,43035.02025029199,42975.99999984604,42975.99995768147,43002.6128569595,-984.0,-295.16575437997744,-983.9999999783613,-983.9999618447109,-555.8751419746441
551,42224.0,42742.70299663941,42224.00000016674,42224.00006435598,42576.62212038318,-872.0,-281.1046665856011,-851.2855451151663,-766.256127674973,-408.3596305571591
552,41232.0,42472.81091712079,41273.42890961571,41443.48770233153,42185.893595845184,-464.0,-250.4076423870829,-482.467002572801,-498.83832180636455,-343.0338447457434
553,41296.0,42241.887711865245,41259.06599502114,41226.323420743254,41890.554430891694,-184.0,-203.991106703681,-199.0329394888504,-252.00257121664617,-265.6114434088995
554,40864.0,42064.82870371343,40875.36303063801,40939.482559898235,41654.670709027385,-360.0,-144.16758081500666,-326.88781119309715,-249.09958089589782,-196.350186412943
555,40576.0,41953.55255023523,40605.29037263495,40728.12425895146,41497.85405806581,-112.0,-74.46525093731543,-123.62079482831905,-135.2961714710509,-110.72394805828662
556,40640.0,41915.8982018388,40628.12144098137,40668.89021695613,41433.22281291081,-32.0,0.6699947448905732,-36.561726746738714,-44.78893351725128,-24.97010450945527
557,40512.0,41954.89253972501,40532.16691914147,40638.546391916956,41447.9138490469,0.0,76.25672645062878,4.880073867429019,32.92937091929707,61.486728588432015
558,40640.0,42068.411654740055,40637.88158871623,40734.74895879473,41556.196270087676,88.0,147.23026619753,95.12261315590877,143.57704627513522,154.09223454516177
559,40688.0,42249.35307212007,40722.41214545329,40925.70048446723,41756.09831813722,456.0,208.92067330164718,445.86537183859036,363.8501858227646,253.30696395640916
560,41552.0,42486.25300134335,41529.61233239341,41462.44933044026,42062.810198000494,512.0,257.5091904396322,505.9877610720905,437.9250932765026,332.25238976329274
561,41712.0,42764.37145299934,41734.38766759747,41801.55067102023,42420.60309766381,880.0,290.4145050397201,891.1938338516229,924.7753345950659,624.579803585355
562,43312.0,43067.08201142279,43312.000000096654,43311.99999963039,43311.969805171204,1496.0,306.53041765781745,1484.8061660343192,1443.587710663207,753.5492268537928
563,44704.0,43377.43228831497,44703.999999666106,44688.726092346646,43927.70155137139,1032.0,306.3082355425904,1017.9007328707376,895.0520981467525,483.3760456420714
564,45376.0,43679.69848250797,45347.80146583813,45102.104195923894,44278.72189645535,424.0,291.60360656901685,395.2340666797936,276.43020153919133,296.1564399067247
565,45552.0,43960.639501453006,45494.46813302569,45241.58649542503,44520.01443118484,-200.0,265.3367746785807,-169.65242056022907,-15.724452786351321,189.69325628873412
566,44976.0,44210.37203186513,45008.49662471767,45070.65529035119,44658.108409032815,-328.0,231.0564107666578,-294.82863184342204,-123.6035598982453,122.19939829961368
567,44896.0,44422.75232298632,44904.81086933885,44994.37937562854,44764.41322778407,-64.0,192.443988742667,-59.631408684555936,-27.08622690838456,99.7254801404597
568,44848.0,44595.260009350466,44889.23380734856,45016.48283653442,44857.559369313734,208.0,152.8748319754559,190.59197475248584,106.34487917309525,93.62410999535132
569,45312.0,44728.50198693723,45285.99481884382,45207.06913397473,44951.66144777477,304.0,115.11493383209381,266.73510571436054,138.12086442767395,76.08515084977626
570,45456.0,44825.489877014654,45422.70401877728,45292.72456538977,45009.72967101329,-48.0,81.171760753321,-29.770706180155685,4.017714109922963,35.75470678917918
571,45216.0,44890.845508443876,45226.45340648351,45215.104562194574,45023.17086135313,-160.0,52.27140025484914,-143.98357987622512,-78.0677220979087,3.799733407500753
572,45136.0,44930.03267752435,45134.73685902483,45136.58912119395,45017.32913782829,-96.0,28.958762035657855,-98.03225233454214,-78.22088040364179,-11.775266633427236
573,45024.0,44948.76303251519,45030.388901814425,45058.66280138729,44999.620328086276,-80.0,11.243967961403541,-72.40344813827323,-60.59491911301302,-18.927793337701587
574,44976.0,44952.52061344716,44989.92996274828,45015.39928296793,44979.473551152885,48.0,-1.2454274362062279,29.19087467528152,-23.56387693540819,-19.973099375743914
575,45120.0,44946.27217764278,45088.77065116499,45011.535047516474,44959.67412933479,-56.0,-9.131111146441981,-57.30605575837035,-58.09671169320791,-27.81571535135663
576,44864.0,44934.258391154275,44875.31785123154,44899.20585958151,44923.84212045017,-176.0,-13.185150467510539,-156.8635437757148,-94.7262581442119,-32.83990286210974
577,44768.0,44919.90187670776,44775.04356361356,44822.08253122805,44893.99432361057,-64.0,-14.235517441444244,-65.05646955019984,-50.08206273943506,-23.548080659071275
578,44736.0,44905.78735627139,44745.20491213114,44799.04173410264,44876.74595913203,8.0,-13.102564875476673,16.185909173284017,8.480069925906719,-10.211066521940666
579,44784.0,44893.696746956804,44807.41538196013,44839.042671079864,44873.57219056669,216.0,-10.545239449736982,179.28737962963714,67.52227251716249,1.3048409629918751
580,45168.0,44884.69687737191,45103.77967139042,44934.086279136965,44879.35564105801,-16.0,-7.219452724493749,-24.73735361763829,-21.913252374419244,-8.648767455772031
581,44752.0,44879.25784150782,44757.94067472485,44795.216166331025,44856.27465565514,-384.0,-3.6253367686840647,-316.13562304132574,-117.26202964043114,-17.867252620115323
582,44400.0,44877.446203834545,44471.508425307766,44699.5622198561,44843.62113581778,136.0,-0.12354703735763906,120.2637291446299,54.12716345313311,9.527536953530216
583,45024.0,44879.0107474331,44998.46813301411,44903.47049323729,44875.3297295622,416.0,3.061670310489717,350.14652075399863,143.64351999983046,24.27508022253096
584,45232.0,44883.569544455524,45171.80146681576,44986.849259855764,44892.171296262844,-216.0,5.826867492753081,-164.1945752126885,-39.196603453649004,-0.14986848621629179
585,44592.0,44890.66448241861,44670.07898258873,44825.07728632999,44875.02999258977,-72.0,8.100681519888894,-74.79232819022582,-45.233330360770196,-2.9898040435873554
586,45088.0,44899.7709074953,45022.21681043531,44896.382599134224,44886.19168817567,56.0,9.820413002096757,23.221880023145786,-24.50338762865431,1.0712799946850282
587,44704.0,44910.3053084228,44716.522742635025,44776.070511072685,44877.17255257914,-304.0,10.920525186469604,-243.08035462515545,-84.2768325252,-0.36050796757263015
588,44480.0,44921.61195786824,44536.056101185,44727.828934083824,44885.470672240524,104.0,11.320344189898606,99.81386447497425,75.67289005305065,28.57165327340772
589,44912.0,44932.9459968026,44916.15047158497,44927.416291178786,44934.315859125956,464.0,10.939295233274606,400.84672832483557,207.29550268435196,49.960979841733206
590,45408.0,44943.49054833479,45337.74955783467,45142.41993945253,44985.39263192399,48.0,9.736814478310407,70.34687542304164,82.21361800000523,29.94640439423165
591,45008.0,44952.41962575922,45056.84422243106,45091.8435271788,44994.20866791442,-40.0,7.738156157705816,-36.68422324831408,-8.654648684329004,8.126469386148528
592,45328.0,44958.9668606502,45264.38111133804,45125.11064208387,45001.64557069629,-144.0,5.061206697144371,-133.01667939569234,-68.17756405299588,-8.8808186833121
593,44720.0,44962.54203915351,44790.81086363967,44955.488399072805,44976.447030547795,-112.0,1.9307077722733084,-97.05680450709042,-51.878043474658625,-12.376188621106849
594,45104.0,44962.82827619475,45070.26750232386,45021.35455513455,44976.893193454074,136.0,-1.3454856752687192,110.79415030349992,24.54343362902,-5.909177421017375
595,44992.0,44959.85106780297,45012.39916424667,45004.575266330845,44964.62867570576,56.0,-4.409574000761495,44.127483156171365,-10.49165563828501,-13.633083963024546
596,45216.0,44954.009128193225,45158.522468636205,45000.37124385798,44949.627025528025,-272.0,-6.897144341735839,-241.27134155960448,-112.01840054386776,-28.320298901333445
597,44448.0,44946.0567791195,44529.85648112746,44780.53846524311,44907.988077903094,-136.0,-8.489059226158133,-119.37659274127145,-53.56354599331462,-18.63954372977969
598,44944.0,44937.03100974091,44919.76928315366,44893.24415187135,44912.347938068466,336.0,-8.966311580377806,268.75921779453347,87.32776256391298,2.777257068795734
599,45120.0,44928.12415595874,45067.37491671653,44955.193990370935,44913.542592040685,-168.0,-8.25043520507461,-115.51978285450605,-20.45316631494279,-9.128216425742721
600,44608.0,44920.53013933076,44688.72971744465,44852.33781924147,44894.09150521698,128.0,-6.425326089924056,111.44734363867974,19.312738491258642,-5.146511562859814
601,45376.0,44915.273503778895,45290.26960399389,44993.81946735345,44903.249568914965,-64.0,-3.7420893789712864,-72.13117098445218,-49.60861821128492,-14.479457856265071
602,44480.0,44913.04596057282,44544.467375475746,44753.1205828189,44865.13258950445,-304.0,-0.5916755952603125,-264.8902293235915,-104.13859312510249,-18.860349935290287
603,44768.0,44914.090152588375,44760.489145346706,44785.54228110325,44865.528869044385,224.0,2.55396213403219,178.4674966044695,41.19283883597018,5.2727229921511025
604,44928.0,44918.15388484088,44901.402368684685,44835.50626049084,44875.67803548875,8.0,5.211264255023707,7.925066761421476,3.717109633013024,7.533068218803237
605,44784.0,44924.51268109842,44776.33927886955,44792.976500369274,44880.59500548199,-208.0,6.984574020953005,-163.36669546741177,-38.04150993692747,9.746720267343335
606,44512.0,44932.12303288279,44574.66897774986,44759.42324061698,44895.17147602344,120.0,7.649883702029911,111.67458762963724,90.15836055620093,33.735044342618494
607,45024.0,44939.81244850248,44999.688454128824,44973.293221481676,44948.06509416723,328.0,7.185797514503065,303.4617470230587,188.5165916055339,49.0968728521475
608,45168.0,44946.494627911794,45181.59247179598,45136.45642382805,44993.365221727734,272.0,5.7934494365727005,249.86637664706723,147.3914142603935,36.568388646894164
609,45568.0,44951.39934737563,45499.42120742296,45268.07605000246,45021.20187146102,-16.0,3.866198832722148,-25.065227258222876,-18.342348824349756,0.4967433063357021
610,45136.0,44954.22702557724,45131.46201727953,45099.77172617935,44994.358708340405,-456.0,1.875879761439137,-390.6491037457454,-186.41846073343913,-33.92522770359574
611,44656.0,44955.151106898506,44718.12299993147,44895.239128535584,44953.351416053825,-104.0,0.26228068955242634,-102.72401769071075,-84.91303337597856,-26.139721483887115
612,44928.0,44954.75158695634,44926.01398189811,44929.945659427394,44942.07926537263,256.0,-0.6613193800549197,197.96089145717997,35.67936060551074,-10.568187412558473
613,45168.0,44953.828468138396,45114.04478284583,44966.597849746606,44932.21504122871,-88.0,-0.7885872384576942,-81.7452848231369,-64.04888480748559,-21.653472082492954
614,44752.0,44953.17441247943,44762.52341225184,44801.84788981242,44898.772321207645,-352.0,-0.2506095098979131,-298.90430933481184,-139.82601502796751,-26.104103960678913
615,44464.0,44953.3272491186,44516.2361641762,44686.94581969067,44880.00683330735,32.0,0.6324789708596654,14.893572805391159,-3.429160276424227,2.0348537650752405
616,44816.0,44954.43937042115,44792.31055786262,44794.989569259575,44902.842028737796,176.0,1.4492844186461298,157.62718299953485,97.53853419869483,27.17729686733219
617,44816.0,44956.22581795589,44831.49053017527,44882.02288808806,44934.361427042015,96.0,1.7937818466198223,116.63262318903799,120.04476287251964,37.4374696563209
618,45008.0,44958.02693411439,45025.575804240696,45035.079095004614,44977.71696805044,320.0,1.394994637277705,281.96429526891006,166.5957544188568,41.84138941094352
619,45456.0,44959.01580723045,45395.41912071309,45215.214396925774,45018.0442058639,64.0,0.19374892601626925,66.93892003786823,59.7425003840508,18.429448106660857
620,45136.0,44958.41443196642,45159.45364431643,45154.564095772716,45014.57586426376,-144.0,-1.648892649627669,-118.69725481451314,-51.368253266704414,-9.539548386954266
621,45168.0,44955.71802193119,45158.02461108407,45112.477890392365,44998.96510908999,-32.0,-3.775865496660117,-51.30597781204051,-69.84726018416404,-24.06249971926809
622,45072.0,44950.8627009731,45056.84168869235,45014.86957540439,44966.45086482522,-184.0,-5.720111632526823,-176.97447892995115,-126.17352728578771,-37.7917010235069
623,44800.0,44944.27779866614,44804.075653224165,44860.13083582079,44923.38170704298,-272.0,-7.010782864621433,-232.38776934738053,-124.6733216731991,-36.90007243009677
624,44528.0,44936.841135243856,44592.06614999759,44765.52293205799,44892.65071996503,160.0,-7.266966093186056,126.99336133047836,24.153562266194058,-12.498451079696679
625,45120.0,44929.74386647977,45058.06237588512,44908.43796035318,44898.384804883586,168.0,-6.278052073743311,137.635990744031,37.13400847177763,-5.346674837266619
626,44864.0,44924.28503109637,44867.33813148565,44839.790949001545,44881.957370290496,-200.0,-4.045189390733867,-174.03358697120348,-80.75153685086116,-15.52956607856322
627,44720.0,44921.6534876983,44709.995201942715,44746.934886651456,44867.32567272646,-240.0,-0.7573451032403682,-207.3669198293719,-79.38861902435747,-7.265413927711052
628,44384.0,44922.77034088989,44452.60429182691,44681.01371095283,44867.426542435074,128.0,3.252504306186893,132.23646527881647,82.58567977778512,24.272196830366738
629,44976.0,44928.15849631067,44974.46813250035,44912.106246207026,44915.87006638719,544.0,7.550007204754365,467.5985869150645,199.14565835771282,45.437027271476836
630,45472.0,44937.8703552994,45387.80146565704,45079.305027668255,44958.30059697803,-224.0,11.672544006261887,-181.14150638970386,-29.14870470464666,16.745560439736437
631,44528.0,44951.503584323196,44612.18511972094,44853.80883679773,44949.361187266666,-192.0,15.1969009675704,-181.20857949978745,-62.5917724716528,12.1286496519715
632,45088.0,44968.26415723454,45025.38430665746,44954.12148272495,44982.55789628197,128.0,17.775842557181022,100.1207202238511,33.37338728968825,27.924603829404077
633,44784.0,44987.05526943756,44812.42656016864,44920.55561137711,45005.210394925474,-120.0,19.153243142016436,-70.82494564561057,34.71193434071756,33.71301838977524
634,44848.0,45006.57064351857,44883.73441536624,45023.545351406385,45049.98393306152,368.0,19.179860565396666,337.0207861749841,190.76241573246807,54.87273478912539
635,45520.0,45025.41499056835,45486.46813251861,45302.080442842045,45114.955864503725,392.0,17.828588917789602,348.0335255992468,169.57531285667937,44.71972466738953
636,45632.0,45042.22782135415,45579.801466564735,45362.69597711974,45139.4233823963,-232.0,15.181916681875009,-204.46813297459084,-74.03647716242267,-0.1613129876095627
637,45056.0,45055.7788239321,45077.53186656943,45154.0074885172,45114.633238528506,-416.0,11.416992924263468,-357.80146730379784,-159.68474434395102,-21.858481941369973
638,44800.0,45065.06180720268,44864.19853195714,45043.32648843184,45095.70641851356,160.0,6.795698024398007,114.3139598202797,10.982244130569597,-4.14149908926629
639,45376.0,45069.3702199809,45306.15978620999,45175.97197677834,45106.35024034997,96.0,1.6472116126860783,86.10555065593508,32.631476735663455,-2.838666146086325
640,44992.0,45068.35623042805,45036.40963326901,45108.58944190317,45090.02908622139,-72.0,-3.6623894966833177,-47.701986595930066,-9.087813923590147,-11.419699817521177
641,45232.0,45062.04544098753,45210.75581301813,45157.79634893116,45083.51084071493,96.0,-8.76529375087921,68.1252448397754,12.10508149357338,-13.942703470707784
642,45184.0,45050.82564292629,45172.66012294856,45132.799604890315,45062.14367927997,-120.0,-13.326008384370652,-94.79507532676507,-50.596941595686076,-27.4599774709568
643,44992.0,45035.39342421879,45021.1656623646,45056.60246573979,45028.59088577302,16.0,-17.08781558818373,-5.666148760974465,-43.895906280635245,-31.72324921831023
644,45216.0,45016.65001174992,45161.32782542661,45045.007792329045,44998.69718084335,-136.0,-19.90390691192806,-133.19870980494306,-97.0907772462233,-40.7588458874925
645,44720.0,44995.58561039493,44754.76824275471,44862.42091124734,44947.07319399803,-280.0,-21.755169368494535,-232.71836889833867,-111.37642545803465,-40.270327145422925
646,44656.0,44973.139673012935,44695.891087629934,44822.254941412975,44918.156526552506,168.0,-22.751208884015796,140.57828302487542,42.961500872126635,-15.808841117897828
647,45056.0,44950.0831926269,45035.92480880446,44948.34391299159,44915.45551176224,288.0,-23.09763551089418,239.65776519685824,72.26092807441819,-9.728239202155237
648,45232.0,44926.944401991146,45175.20661802365,44966.77679756181,44898.700048148195,-304.0,-23.04175609174854,-265.549385521801,-114.17871664887934,-33.42046120663508
649,44448.0,44903.999680443405,44504.82603776086,44719.986479693835,44848.61458934897,-304.0,-22.808833698432863,-265.38610659924234,-110.79707802105986,-30.054729331779527
650,44624.0,44881.32673459428,44644.434404825166,44745.18264151969,44838.59058948464,288.0,-22.54086520297642,241.7803911901574,85.78748258569976,0.7055296098988038
651,45024.0,44858.91795003745,44988.386820141175,44891.561444865234,44850.025648568764,184.0,-22.23914508306916,165.88651602188474,80.15952577816279,2.736341512569197
652,44992.0,44836.84844442814,44976.207436868935,44905.50169307602,44844.063272509775,-112.0,-21.761736777436454,-91.14219892757683,-29.308905251204123,-13.359212433500943
653,44800.0,44815.39447648258,44806.10242228602,44832.943634362826,44823.30722370176,-168.0,-20.865162420603156,-139.59290315281396,-56.086241531782434,-19.590687622923724
654,44656.0,44795.118119586936,44697.02163056331,44793.32921001245,44804.88189726393,112.0,-19.261589761554205,96.02736109384568,29.050180655849545,-10.981231574638514
655,45024.0,44776.87129695947,44998.15714447371,44891.043995674525,44801.344760552485,216.0,-16.71260654308935,171.9212362789658,31.236783499334706,-14.669898683820065
656,45088.0,44761.69290650076,45040.86410312124,44855.80277701112,44775.54209989629,-328.0,-13.122909814821469,-291.03558961861563,-151.33983015783815,-41.42555566138253
657,44368.0,44750.62547732983,44416.08596523648,44588.36433535885,44718.49364922972,-312.0,-8.594691471153055,-286.28524783001194,-157.25627397284552,-39.52376820507925
658,44464.0,44744.50352355845,44468.293607461215,44541.29022906543,44696.49456348613,104.0,-3.4265784552699188,73.67567953079197,-8.428991760705685,-10.374357569286076
659,44576.0,44743.77232041929,44563.437324298066,44571.50635183744,44697.74493409115,24.0,1.9173554101471382,32.330338327188656,27.96929869072119,7.337617309574853
660,44512.0,44748.338234378745,44532.95428411559,44597.22882644687,44711.16979810528,64.0,6.900525880184432,74.28838039547554,68.33688783287653,23.38335391939472
661,44704.0,44757.57337217966,44712.01408508902,44708.18012750319,44744.51164192994,264.0,11.038837043586682,219.1302264185033,113.04136480791567,35.36742592115479
662,45040.0,44770.41590846592,44971.2147369526,44823.311556062705,44781.90464994759,-128.0,13.991891202582337,-90.47954587195636,6.787206590859569,24.488240515034704
663,44448.0,44785.55715458482,44531.054993345104,44721.75454068491,44793.48812296001,-40.0,15.635965908866638,-19.130894383441046,35.320254964666674,28.857879160415905
664,44960.0,44801.68784028365,44932.95294818572,44893.95206599204,44839.62040826842,304.0,16.08590570135857,266.6626957691842,139.1735583031441,40.11330572183215
665,45056.0,44817.72896598754,45064.38038488347,45000.1016572912,44873.71473440367,192.0,15.649788068632915,173.3293611151239,78.20041994475832,24.9800628554367
666,45344.0,44832.98741642092,45279.611670415965,45050.352905881555,44889.58053397929,-240.0,14.747716596350074,-217.5124374338484,-96.57229846886912,-6.855173725412897
667,44576.0,44847.22439918024,44629.355510015776,44806.95706035346,44860.004386952845,-304.0,13.816589112477232,-272.6765352751172,-127.91731535136205,-15.375927678804146
668,44736.0,44860.62059464587,44734.25859986573,44794.51827517883,44858.828678621685,120.0,13.194214251238009,96.19608917859296,16.820352414786612,4.9657255999227345
669,44816.0,44873.612827682715,44821.74768837296,44840.59776518303,44869.93583815269,120.0,13.056476102290617,116.22753037201983,58.378372595721885,13.80395143864007
670,44976.0,44886.73354685045,44966.71366060977,44911.275020370274,44886.436581498965,120.0,13.421797962928395,98.53427528564498,38.314765372375405,12.022572421221412
671,45056.0,44900.45642360857,45018.81623894425,44917.22729592778,44893.980982995134,-152.0,14.152716740074538,-133.81622694424004,-63.43407647859567,-0.5565493540707394
672,44672.0,44915.0389803306,44699.08120672129,44784.40686741308,44885.32348279082,-216.0,15.005363162475987,-184.32899861650367,-76.61699480816242,2.0086739352263976
673,44624.0,44930.46714993352,44650.158241711244,44763.99330631146,44897.99833086559,96.0,15.723682305706461,81.86824354617784,49.58309205410478,26.374764618045447
674,44864.0,44946.486344942015,44862.817693813646,44883.57305152129,44938.073012026915,224.0,16.107638050332753,206.74792117061224,129.36627097047676,43.7783317626745
675,45072.0,44962.68242603419,45063.65408405247,45022.72584825241,44985.554994390935,168.0,16.05207542487915,159.10681050114727,114.51572085733278,43.15973208356445
676,45200.0,44978.590495791774,45181.03131481594,45112.60449323596,45024.39247619404,8.0,15.562161222627765,22.53380484315494,46.18089160152158,30.057105612813757
677,45088.0,44993.806748479445,45108.72169373878,45115.087631455455,45045.66920561656,40.0,14.74108229887861,31.298847616722924,16.026953947221045,19.16018970334335
678,45280.0,45008.07266038953,45243.629010049386,45144.6584011304,45062.71285560073,-40.0,13.746089828255208,-46.94763344244711,-38.100029759854806,6.1792927642054565
679,45008.0,45021.298928135955,45014.826426853884,45038.887571935746,45058.027791144974,-224.0,12.73051879488412,-194.67044892608828,-90.32704322677819,-2.1836748985042505
680,44832.0,45033.5336979793,44854.28811219721,44964.004314676844,45058.34550580372,-64.0,11.792949146940373,-49.097753670626844,-8.881099920483393,11.634989948928705
681,44880.0,45044.884826429836,44916.63091951263,45021.12537209478,45081.29777104283,328.0,10.94647008850734,279.33075102548537,127.68374346532437,33.017153791253804
682,45488.0,45055.426638156314,45412.94961424818,45219.37180160749,45124.37981338623,80.0,10.108538679171033,87.23341982955026,63.932330316463776,24.901033012709377
683,45040.0,45065.10190378818,45091.09775917173,45148.99003272771,45131.09983706825,-80.0,9.129190771076537,-66.36305921777966,-15.88675251593304,11.27501553543334
684,45328.0,45073.68501969847,45280.22349581262,45187.59829657563,45146.929844457096,-40.0,7.845324514088134,-49.75678429599793,-31.592587864262896,6.776499611700274
685,44960.0,45080.792552816354,44991.584190579735,45085.80485699918,45144.65283629165,-168.0,6.127550590750616,-130.71835233421734,-38.891011076859286,6.955633649136871
686,44992.0,45085.94012087997,45018.786791144186,45109.81627442191,45160.84111175537,200.0,3.9135361049447965,161.1365562853971,82.91955463368504,24.63033105148861
687,45360.0,45088.619625026244,45313.85730315053,45251.64396626655,45193.91349839463,48.0,1.2716111879708478,64.35702775896789,87.6496749779144,24.768061558988848
688,45088.0,45088.48334325591,45147.50084666212,45285.11562437774,45210.37723487335,256.0,-1.604058450084267,245.63874791702256,132.02947030005453,22.582598222390516
689,45872.0,45085.411508126075,45805.134798984574,45515.70290686666,45239.07869483941,248.0,-4.439862163049838,208.81697615053054,52.43873592225282,-2.9446052919738577
690,45584.0,45079.60361892981,45565.13479896318,45389.99309622224,45204.4880242894,-472.0,-6.908023657422746,-430.2641371740792,-222.71326253329607,-53.566269335533434
691,44928.0,45071.59546081123,44944.606524636416,45070.27638180007,45131.94615616834,-480.0,-8.69725109265346,-441.5575191760945,-248.57852352214104,-62.344560312645626
692,44624.0,45062.2091167445,44682.019760610994,44892.83604917796,45079.79890366411,48.0,-9.570896588109463,27.51203902956331,-43.022308033130685,-29.357307321024564
693,45024.0,45052.45366763501,44999.63060269554,44984.231765733806,45073.23154152629,232.0,-9.408207366293937,195.76385556226887,71.51159942274899,-4.105785061503411
694,45088.0,45043.392702011915,45073.54747173553,45035.85924802346,45071.5873335411,-24.0,-8.221961701776308,1.6542277176376956,25.557106301381282,-2.464841308134055
695,44976.0,45036.00974423146,45002.93905813082,45035.34597833657,45068.301858910025,80.0,-6.164891000669741,64.08687704938711,29.159719481398497,1.3296183144229872
696,45248.0,45031.062920010576,45201.721225834306,45094.178686986255,45074.24657016995,-32.0,-3.508556758697523,-32.61170312497052,-18.07794785718579,-2.7429602315824013
697,44912.0,45028.99263071406,44937.71565188088,44999.1900826222,45062.81593844686,-160.0,-0.6132164985465351,-135.42731454906243,-51.393563052963145,-3.889834800738754
698,44928.0,45029.83648701348,44930.86659673618,44991.39156088033,45066.46690056847,0.0,2.106267666989879,7.48392853621408,23.897258698299993,10.574307150029199
699,44912.0,45033.20516604804,44952.683508953305,45046.9846000188,45083.96455274692,304.0,4.233709292926505,262.62731592256387,123.08533914786676,26.095879815795342
700,45536.0,45038.303905599336,45456.12122858131,45237.56223917606,45118.65866020006,72.0,5.383072493656073,66.65100359560529,41.35875874530029,13.82704046314393
701,45056.0,45043.971311035355,45085.985516144516,45129.7021175094,45111.618633673206,-272.0,5.238962838840962,-220.20813171419286,-71.00906291196952,-4.259094843193452
702,44992.0,45048.78183127702,45015.70496515292,45095.54411335212,45110.140470513674,56.0,3.598685337768984,48.244274773016514,17.614052518787503,4.428860366151639
703,45168.0,45051.16868171089,45182.47406569055,45164.93022254697,45120.47635440551,288.0,0.39331788941126433,239.1394289903801,67.8512204683393,7.95970161211153
704,45568.0,45049.56846705584,45493.98382313368,45231.2465542888,45126.0598737379,-320.0,-4.299380663604097,-288.4710989508894,-102.06039111376958,-16.513486980715243
705,44528.0,45042.569920383685,44605.53186778877,44960.80944031943,45087.44938044408,-312.0,-10.248876460271276,-270.8926443386299,-54.032393809648056,-10.638024271618633
706,44944.0,45029.0707141353,44952.198534456424,45123.181766669506,45104.78382519466,688.0,-17.078637408543727,616.4681322105607,251.96320968482542,25.37363601031757
707,45904.0,45008.4126455666,45838.46813220989,45464.735859689084,45138.196652464714,344.0,-24.289065425229637,329.80146554215753,121.92202286411703,-4.877340106711927
708,45632.0,44980.49258328484,45611.80146554074,45367.02581239774,45095.029144981236,-632.0,-31.28994240638349,-561.8774402372001,-230.1971410924707,-70.01605023441516
709,44640.0,44945.83276075383,44714.71325173549,45004.34157750414,44998.164551995884,-280.0,-37.43641724938789,-289.30385385603586,-180.5134461415255,-78.95636538555846
710,45072.0,44905.61974878606,45033.19375782867,45005.99892011469,44937.11641421012,160.0,-42.09284685997409,124.4492952365108,-31.34319733211305,-67.79231707526196
711,44960.0,44861.64706703388,44963.61184220851,44941.65518283992,44862.57991784536,-56.0,-44.70357556531235,-51.52270457757186,-73.51614585481366,-79.4075004724873
712,44960.0,44816.21259765544,44930.14834867352,44858.96662840506,44778.301413265144,-208.0,-44.844266499992955,-182.72175016739493,-133.20524023232792,-93.3634339169621
713,44544.0,44771.958534033896,44598.16834187372,44675.24470237526,44675.853050011436,-48.0,-42.29373529330769,-61.13829743118913,-118.09957484216648,-95.85571075313419
714,44864.0,44731.62512706882,44807.871753811145,44622.76747872073,44586.589991758876,-40.0,-37.096335580878076,-70.93781900686736,-173.09348429416787,-103.13355866461643
715,44464.0,44697.76586287214,44456.29270385999,44329.057733786925,44469.5859326822,-848.0,-29.570726107886003,-779.1699430045337,-444.37513401417164,-116.72476244256177
716,43168.0,44672.48367485305,43249.53186780208,43734.017210692386,44353.14046687375,-416.0,-20.294721756352374,-410.047084694208,-228.8376617745198,-57.188442464761465
717,43632.0,44657.176419359435,43636.19853447157,43871.382410237886,44355.20904775268,592.0,-10.051007005746214,547.9017566423536,257.05640466444675,38.22903326655796
718,44352.0,44652.38166084156,44345.335381086785,44248.13002002128,44429.59853340687,560.0,0.27892959074597456,535.5713344341239,324.8126197940328,78.26941232453464
719,44752.0,44657.73427854093,44707.34120333982,44521.00764982595,44511.74787240175,144.0,9.82991258399852,138.71183895215654,157.38145471765165,70.1367326149666
720,44640.0,44672.041486009555,44622.7590589911,44562.89292945658,44569.8719986368,-224.0,17.86407620058162,-170.78684939322193,3.331744358918513,54.61772616689268
721,44304.0,44693.46243094209,44365.767504553376,44527.67113854379,44620.983324735535,56.0,23.86106311337062,51.84596832914394,76.61377835910389,66.96049233551093
722,44752.0,44719.7636122363,44726.450995649386,44716.12048617479,44703.79298330782,248.0,27.55466053054988,232.93846934292014,170.5095907183968,80.39930773767628
723,44800.0,44748.57175200319,44831.644443239216,44868.69031998058,44781.78194021089,272.0,28.93806748829593,263.4156637858978,186.9149937960865,77.07805391361399
724,45296.0,44777.63974721289,45253.28232322118,45089.95047376696,44857.94909113505,240.0,28.2211481154809,208.0494960878641,118.23539066985904,54.264605480911996
725,45280.0,44805.01404823415,45247.743435414945,45105.1611013203,44890.31115117271,-192.0,25.75964232772094,-166.82171073153586,-72.20882178650936,12.87761759629575
726,44912.0,44829.15903186833,44919.63890175811,44945.532830193944,44883.70432632764,-328.0,21.99622978294792,-289.91002486626894,-142.86185602938713,-8.021608528684737
727,44624.0,44849.00650780005,44667.92338568241,44819.437389261526,44874.26793411534,-32.0,17.405940193100832,-32.09858766367324,-28.376746301659296,3.0770044934652105
728,44848.0,44863.97091225453,44855.44172643076,44888.779337590626,44889.85833531457,272.0,12.441607241686143,224.72697290217548,89.73161712441652,17.683317964962043
729,45168.0,44873.88972228342,45117.37733148676,44998.90062351036,44909.634570045266,-8.0,7.5309269028148265,8.822262489775312,25.571597674908844,6.857963232952898
730,44832.0,44879.03276606016,44873.086251410314,44939.92253294044,44903.57426178048,-56.0,3.069270554202376,-38.85982302486809,-5.016824099693622,-2.4815951757591392
731,45056.0,44880.028263391825,45039.65768543702,44988.86697531097,44904.67137969375,112.0,-0.6169241437055462,84.8598612118185,15.377930026017566,-6.469313102046726
732,45056.0,44877.79891777275,45042.80597383395,44970.67839299248,44890.635635576386,-56.0,-3.275382457897649,-62.8218424333063,-60.84938582225732,-22.30396233854117
733,44944.0,44873.47749847603,44914.01400057041,44867.16820366646,44860.063455016665,-328.0,-4.776291755239072,-279.2316074278242,-141.9260874927968,-34.769007808889
734,44400.0,44868.24633426227,44484.3427589783,44686.826218006885,44821.09761995861,8.0,-5.142536313833261,-7.447809684294043,-36.928876656125794,-17.910954060123913
735,44960.0,44863.19242584836,44899.11838120182,44793.310450354205,44824.24154689642,144.0,-4.560392345465516,110.36752823262577,23.139457524419413,-3.643995717371581
736,44688.0,44859.12554957134,44705.077815443554,44733.105133055724,44813.809628523864,-144.0,-3.358333559895982,-108.65148854051586,-37.65275077062324,-4.141436946360045
737,44672.0,44856.47575872857,44681.81540412079,44718.00494881296,44815.9586730037,48.0,-1.9509769712567504,25.814609281187586,7.902290163718135,9.346978130015486
738,44784.0,44855.22359562883,44756.70703400593,44748.90971338316,44832.503584783895,-88.0,-0.7612447572646488,-61.57320008519673,13.359621261777647,18.970091019396932
739,44496.0,44854.95326921404,44558.669003950396,44744.724191336514,44853.89885504249,216.0,-0.11674905636755284,200.42803500877926,120.17657362161117,39.29021301071771
740,45216.0,44854.99009751609,45157.56310402349,44989.26286062638,44911.08401080533,248.0,-0.1632934838271467,221.58857487819114,131.1700996030595,41.93935630310807
741,44992.0,44854.62668224639,45001.84615370678,45007.06439054263,44937.77756764871,-160.0,-0.8257859281002311,-106.48618178281686,25.333725187570963,23.98243522581106
742,44896.0,44853.33852565989,44944.590740457854,45039.930311001524,44959.04888125695,208.0,-1.8226377891405718,186.31099017084853,104.83107595964975,24.423757671091153
743,45408.0,44850.98140666811,45374.468134048475,45216.72654246193,44986.62508299089,312.0,-2.729708914146613,261.60536270248485,81.1595026913783,6.507455883485818
744,45520.0,44847.8791078316,45467.80146586282,45202.24931638428,44972.063793023925,-320.0,-3.0964542900655943,-298.5810048969179,-173.35256788551123,-41.958100315772754
745,44768.0,44844.788498087975,44777.30612425464,44870.02140669091,44902.708882359344,-560.0,-2.5693236978913774,-513.0430543096045,-281.2172063479193,-62.619466546613694
746,44400.0,44842.740460435816,44441.715357243615,44639.81490368844,44846.8248599307,-136.0,-0.9929827743508213,-127.01398079295905,-110.29905115824295,-33.542779432107636
747,44496.0,44842.802532539274,44523.27816266872,44649.423304374424,44835.62332349513,248.0,1.5316644673002884,217.95361876871175,86.32005287319771,5.779629739183292
748,44896.0,44845.80378937042,44877.62259478104,44812.45500943484,44858.384119409064,304.0,4.657406398939202,262.4574060174964,121.2592097778288,20.880001884390367
749,45104.0,44852.11734533715,45048.192974703714,44891.94172393008,44877.38332726391,-136.0,7.8522433909347455,-108.46474655876591,-26.542423539711308,7.668374218043027
750,44624.0,44861.508276152286,44660.693101663506,44759.370162355415,44873.72086784515,-240.0,10.520081946458959,-204.03436472268004,-64.88648039695909,8.82358397349526
751,44624.0,44873.15750923007,44640.124245258354,44762.168763136164,44895.0304952109,64.0,12.147084244978032,60.05236988663455,71.88298234883405,34.861152126293746
752,44752.0,44885.80244464224,44780.797841436775,44903.13612705308,44943.44317209774,440.0,12.407697385271604,399.06773607704235,216.5354274434576,57.9848354917267
753,45504.0,44897.97290400061,45438.25971741244,45195.23961802308,45011.00016619435,216.0,11.238652879488654,214.35553032310418,137.72329998153145,42.90700240633305
754,45184.0,44908.27975040122,45209.508902082984,45178.582727016146,45029.2571769104,-120.0,8.875748855414713,-101.20630491451448,-19.365527498855954,10.519869561569067
755,45264.0,44915.72440171144,45235.84710758341,45156.50856302537,45032.03990531749,-112.0,5.811741168825392,-114.42625658254474,-75.81988247809932,-8.815276327037282
756,44960.0,44919.90323273887,44980.656388917894,45026.94296205995,45011.62662425633,-160.0,2.6851240097421396,-151.9087740760333,-96.094119935442,-17.831949848343356
757,44944.0,44921.09464973093,44932.02955943134,44964.32032315448,44996.376005620805,-128.0,0.16812428152843495,-108.47903232985118,-52.46247732822667,-12.631818354486313
758,44704.0,44920.23948130193,44763.69832425819,44922.018007403494,44986.362987547356,232.0,-1.1592082499882963,198.4154687715527,66.70668795075471,4.105131303920643
759,45408.0,44918.77623323095,45328.86049697445,45097.73369905599,45004.586268228646,128.0,-0.9305982847872656,101.20957493474998,20.582541180498083,-1.9474059072781529
760,44960.0,44918.37828473235,44966.11747412769,44963.18308976449,44982.4681757328,-392.0,0.9465330178209115,-332.1556522083083,-132.95906440926046,-20.994683709206583
761,44624.0,44920.66929926659,44664.54919255783,44831.81557023747,44962.59690081023,-112.0,4.272444118731073,-98.82231878068342,-27.45973440828675,-2.9414298820593103
762,44736.0,44926.923172969815,44768.472836566325,44908.26362094792,44976.58531596868,552.0,8.581650389765855,488.8602027365523,162.57986118441113,26.01768095688749
763,45728.0,44937.832600046124,45642.269598030936,45156.975292606294,45014.63226272401,-80.0,13.229840544390754,-78.29863320663208,-36.8006820384835,2.378559891527402
764,44576.0,44953.3828540586,44611.87557015306,44834.66225687095,44981.342435751736,-616.0,17.497960882043117,-550.1451681830476,-192.98190729986527,-13.022705184688675
765,44496.0,44972.82852181021,44541.97926166484,44771.01147800656,44988.58685235463,176.0,20.711625119380187,159.999999835989,73.85496013889497,31.873759220627107
766,44928.0,44994.80610429736,44931.87556982504,44982.37217714874,45045.08995419299,472.0,22.358527614858758,430.5720730992143,238.54678771654653,62.3575995480096
767,45440.0,45017.54557703993,45403.12340786327,45248.105053439656,45113.30205145065,288.0,22.15589004805588,265.56696154074234,169.785403010741,51.877199830192694
768,45504.0,45039.11788439347,45463.00949290652,45321.94298317022,45148.844353853376,-184.0,20.082059839420253,-145.06645042411765,-17.190578684319917,17.784520095396147
769,45072.0,45057.70969671877,45112.990507015034,45213.72389607102,45148.87109164144,-184.0,16.339865744088456,-145.06645081633542,-37.357139063697105,3.870292370134848
770,45136.0,45071.797615881645,45172.87659127385,45247.22870504283,45156.584938593645,336.0,11.30191572298645,273.4054799432852,89.11916149322496,8.743093881890672
771,45744.0,45080.31352816474,45659.801466901605,45391.96221905747,45166.35727940522,56.0,5.4417041304877785,36.79577082060132,-31.285376456628,-19.109795218166255
772,45248.0,45082.68102414262,45246.468132915055,45184.65795212957,45118.36534815731,-536.0,-0.769875994665199,-471.801466594683,-238.9752908631126,-54.47366384003908
773,44672.0,45078.77377617541,44716.19853371224,44914.01163733124,45057.409951725145,-280.0,-6.921951395692304,-258.46813345825285,-149.64049613270618,-41.684898845916905
774,44688.0,45068.83712135124,44729.53186599855,44885.37695986416,45034.99555046548,280.0,-12.682881527038262,228.60424370716646,70.05380246499772,-5.064623736387148
775,45232.0,45053.408013121334,45173.40702112657,45054.11924226124,45047.28070425237,152.0,-17.815099423136417,143.29867933280912,79.80190352769569,3.049188999506441
776,44992.0,45033.20692250496,45016.12922466417,45044.98076691955,45041.09392846449,-64.0,-22.146600604286505,-36.63167314155726,17.35190811809298,-3.732079364650417
777,45104.0,45009.11481191276,45100.14367484346,45088.82305849742,45039.81654552307,72.0,-25.525133075745543,64.73282439659306,36.25382082657961,-4.486555665269407
778,45136.0,44982.15665635347,45145.594873457354,45117.48840857271,45032.12081713395,120.0,-27.801268149738462,93.42556590066306,19.409554361642222,-12.889687532420794
779,45344.0,44953.512275613284,45286.99480664478,45127.64216722071,45014.03717045823,-184.0,-28.816714128224703,-166.0291656626905,-98.02515774165295,-34.581788152812805
780,44768.0,44924.52322809702,44813.53654213197,44921.438093089404,44962.95724082833,-248.0,-28.428843271049118,-223.37242177891676,-129.48502758660106,-41.33206758848246
781,44848.0,44896.654589071186,44840.24996308695,44868.672112047505,44931.37303528126,8.0,-26.561998016266443,-12.03676361027101,-42.42992501814297,-27.415553783004725
782,44784.0,44871.39923206449,44789.46301491143,44836.57824305312,44908.12613326232,-40.0,-23.239962707230006,-23.47187361835313,-5.804747467831476,-17.040595355825644
783,44768.0,44850.174663656726,44793.30621585024,44857.06261711184,44897.29184456961,136.0,-18.63261921313824,130.37428019005165,65.01568261464126,-4.369696464225854
784,45056.0,44834.133993638214,45050.211575291534,44966.6096082824,44899.386740333866,272.0,-13.070762310595455,227.96323589894382,64.85179531176254,-5.73576721905556
785,45312.0,44824.033139035535,45249.23268764813,44986.76620773537,44885.8203101315,-304.0,-7.033112019937107,-280.5386318747878,-142.46029667935363,-34.875414695787185
786,44448.0,44820.06776959834,44489.13431154196,44681.68901492369,44829.63591094229,-416.0,-1.0967400775989518,-388.7036359243393,-188.23268534982708,-37.102603642095346
787,44480.0,44821.83965888034,44471.82541579945,44610.30083703571,44811.61510284731,-64.0,4.165492837990314,-58.1818167452293,-6.2377593701203295,-1.4400529526137689
788,44320.0,44828.39875527432,44372.7706780515,44669.21349618345,44826.755805037064,392.0,8.265989630559488,396.08728533299654,233.51940723946245,40.47849244160534
789,45264.0,44838.371638141456,45263.999986465446,45077.33965151464,44892.57208773052,760.0,10.88580999055921,690.749468013044,314.79598108850405,47.24488707998171
790,45840.0,44850.17037525544,45754.26961407759,45298.80545836046,44921.24557919703,-88.0,11.944641268455598,-87.99999671483602,-49.131463973950304,-17.264229573640478
791,45088.0,44862.26092067837,45087.99999303577,44979.07672356674,44858.04362858324,-1104.0,11.610750501746224,-1018.269605281188,-474.9596804740904,-74.69976918462635
792,43632.0,44873.39187625893,43717.73040351521,44348.88609741228,44771.846040827775,-184.0,10.268513818311476,-192.13243867246274,-170.97826998457458,-29.205285714077036
793,44720.0,44882.79794831499,44703.73511569085,44637.12018359759,44799.633057155086,688.0,8.462119975603855,626.0039413956547,246.79417798409486,31.768669185064937
794,45008.0,44890.31611621014,44969.73828630652,44842.47445338047,44835.383379197905,48.0,6.799050102112233,74.6946021482945,122.5914964731237,27.119491002715222
795,44816.0,44896.396048519215,44853.12431998744,44882.303176543835,44853.87203916052,64.0,5.838613100702787,69.0076336181155,72.98031143527623,20.382261920636665
796,45136.0,44901.993342411544,45107.75355354275,44988.43507625102,44876.14790303918,152.0,6.003840952071187,113.39700126907701,32.34943783270501,9.283259030624322
797,45120.0,44908.40373042336,45079.91832252559,44947.002052209245,44872.438557221765,-328.0,7.5092094748797535,-277.1586664262031,-127.93199793715758,-16.087417956328864
798,44480.0,44917.011761361304,44553.436220690346,44732.57108037671,44843.97306712652,-96.0,10.322766159868479,-110.3859503464846,-88.14543164418501,-10.266836738916027
799,44928.0,44929.049262743094,44859.14642183262,44770.711188920875,44851.90488374393,-32.0,14.163751358795707,-38.55768969462224,-40.50429699539018,4.1270608046070265
800,44416.0,44945.339264078895,44476.3208413011,44651.56248638593,44852.227188735735,-112.0,18.541124931336526,-81.22137402599401,-1.3674593419891607,22.133664428591146
801,44704.0,44966.13151260577,44696.703673780634,44767.9762702369,44896.172212601115,200.0,22.837705245656252,183.9012013827014,148.40191896941906,53.55363449543438
802,44816.0,44991.01467457021,44844.123244066504,44948.366324324765,44959.3344577266,448.0,26.41847561299437,428.88222922739806,246.57321625024633,70.32896801181778
803,45600.0,45018.968463831756,45554.46813223543,45261.12270273739,45036.83014862475,376.0,28.737928871803888,341.8391107370808,143.31772978131994,49.33719832938368
804,45568.0,45048.490532313815,45527.801465540666,45235.001783887405,45058.00885438537,-568.0,29.424711011877662,-519.8014655531078,-192.62002690627924,-4.320851520111319
805,44464.0,45077.81788585551,44514.865201129214,44875.88264892483,45028.18844558453,-504.0,28.33400717191398,-466.4681322036922,-153.17781050016129,-1.6109865216130856
806,44560.0,45105.15854665764,44594.86520113328,44928.64616288708,45054.786881342145,648.0,25.552822878536972,593.345908642812,237.08659540579174,51.3377798247202
807,45760.0,45128.923531612585,45701.55701841484,45350.055839736415,45130.86400523397,504.0,21.352543169661658,475.4570063834326,216.43759671754378,44.62032415352587
808,45568.0,45147.86363299697,45545.77921390015,45361.52135632217,45144.0275296492,-296.0,16.12426029488779,-266.88173501396886,-91.77380525316403,-8.035099102315144
809,45168.0,45161.17205220236,45167.7935483869,45166.50822923009,45114.79380702934,-408.0,10.303499316709349,-379.01792357875456,-195.7590124770395,-31.8940322683884
810,44752.0,45168.470631630385,44787.74336674264,44970.00333136809,45080.23946511242,-224.0,4.312761789886281,-201.33334793106042,-87.50323217794721,-18.14236866129795
811,44720.0,45169.79757578213,44765.12685252478,44991.50176487419,45078.50906970674,400.0,-1.4804003543504223,357.20007598229495,157.24931594319423,16.195058079658338
812,45552.0,45165.509830921685,45502.14351870723,45284.50196325448,45112.629581271736,360.0,-6.77672596073171,333.5519321423053,159.2511800075299,12.15199062857937
813,45440.0,45156.24412386067,45432.23071680939,45310.00412488925,45102.8130509639,-136.0,-11.327280293829972,-108.75921785087485,-39.4957759206045,-26.675877759636933
814,45280.0,45142.855270334025,45284.62508300548,45205.51041141327,45059.27782575246,-112.0,-14.938432081311475,-124.48021877652354,-141.7385077693434,-54.57133392381729
815,45216.0,45126.36725969805,45183.27027925634,45026.527109350565,44993.67038311627,-424.0,-17.466687770087447,-422.8799409429157,-273.7197473874221,-76.72392348038193
816,44432.0,45107.92189479385,44438.86520111965,44658.070916638426,44905.8299787917,-608.0,-18.828077831374685,-552.2025390629715,-255.4207343929229,-64.14890538498366
817,44000.0,45088.7111040353,44078.8652011304,44515.68564056472,44865.3725723463,360.0,-19.024930656370998,337.57444648884484,115.45754420864978,2.8112221719129593
818,45152.0,45069.87203348111,45114.014094097336,44888.986005055725,44911.452423135524,600.0,-18.158008986523782,541.9709226275445,241.79336701886496,34.052471946004516
819,45200.0,45052.39508606225,45162.80704638549,44999.27237460245,44933.47751623831,-176.0,-16.413053478026995,-137.17181578439704,9.922556847952364,8.698968914701254
820,44800.0,45037.045926525054,44839.67046252854,44908.83111875163,44928.85036096493,-144.0,-14.048507122795854,-124.78427121421919,-36.025696475004224,1.815362774861569
821,44912.0,45024.29807181666,44913.23850395705,44927.22098165244,44937.10824178803,104.0,-11.359408819262171,79.76056121378133,26.000353727027687,9.513292912506586
822,45008.0,45014.32710888653,44999.191584956105,44960.831826205686,44947.87694678994,56.0,-8.621992352651432,41.911005779558764,10.02675765609456,7.762552341406263
823,45024.0,45007.054087111355,44997.06051551617,44947.27449696463,44952.633346470844,-168.0,-6.0634538943450025,-136.82849185907617,-51.920080758747645,1.188067004448385
824,44672.0,45002.20020109784,44725.53460123795,44856.99166468819,44950.25308079884,0.0,-3.831605800296529,-3.8529080884400173,2.213000067658868,11.532388367930253
825,45024.0,44999.39087551076,44989.35469933929,44951.70049709995,44975.698123206705,96.0,-1.9847185035250732,90.59359479778868,58.55908096172789,23.029948568204418
826,44864.0,44998.23076409079,44906.72179083353,44974.109826611646,44996.312977935246,144.0,-0.48999274690140737,130.97604566188966,77.46424281752115,27.230503625305573
827,45312.0,44998.41089001696,45251.30679066307,45106.62898273499,45030.159130457316,48.0,0.745442627074226,41.11895314487265,29.83364749084285,19.75410904493401
828,44960.0,44999.72164934494,44988.959697123275,45033.77712159333,45035.821196025114,-144.0,1.8327082848263672,-117.54860792343607,-35.96330034499624,9.45312536905476
829,45024.0,45002.07630658661,45016.209574816196,45034.702382045,45049.065381195425,-16.0,2.8864168711734237,-11.702248226116353,6.276451474168425,14.49745423008062
830,44928.0,45005.494483087285,44965.55520067104,45046.33002454167,45064.816104485275,152.0,3.9898734337730275,137.12162921005074,70.79265476750516,22.591528514116362
831,45328.0,45010.05605345416,45290.4528332363,45176.28769158001,45094.24843822366,168.0,5.169875711999339,137.161798746758,54.10151282834704,17.744755649564468
832,45264.0,45015.83423451128,45239.87879816456,45154.53305019836,45100.305615784404,-200.0,6.3852297328048735,-171.1800442489439,-76.48811628246767,-2.1275416500357096
833,44928.0,45022.82651291977,44948.09274473841,45023.31145901507,45089.99335492359,-216.0,7.528942054646905,-191.3223297341101,-83.56586167575006,-2.2125931146365474
834,44832.0,45030.89211862058,44857.23413869634,44987.40132684686,45095.88042955513,32.0,8.446813074151578,35.31208743960087,41.790531255213864,19.081096109301143
835,44992.0,45039.72013906807,45018.71691961761,45106.8925215255,45128.15554714219,464.0,8.968833546183305,408.5177333228785,176.9374554413953,39.08289494416749
836,45760.0,45048.829785712944,45674.269605342095,45341.27623772965,45174.046219443466,48.0,8.948473283053318,40.74080548748316,25.021835068975633,16.592983273450955
837,45088.0,45057.61708563418,45100.19853059258,45156.93619166345,45161.34151368909,-520.0,8.30606716512193,-440.3688691526877,-149.87195023447566,-9.037630069920851
838,44720.0,45065.44192004319,44793.53186703672,45041.5323372607,45155.970959303624,208.0,7.064844974069274,163.3955735520467,45.36231422760102,16.427993579716713
839,45504.0,45071.746775582316,45426.98967769667,45247.660820118654,45194.197500848524,160.0,5.356752529089135,146.0032972189765,77.95889291728236,22.736416587325948
840,45040.0,45076.155425101366,45085.53846147467,45197.45012309527,45201.443792478276,-168.0,3.418964865657472,-113.7589088486202,28.51436452424241,15.318481253663776
841,45168.0,45078.58470531363,45199.47185999943,45304.68954916714,45224.83446335585,496.0,1.5612497937872831,430.36556955266497,175.58420065544487,26.232394045367982
842,46032.0,45079.27792468894,45946.26960058,45548.618524406156,45253.90858056901,56.0,0.09779115501441993,47.56734690676967,2.2382374420922133,-9.830453758389922
843,45280.0,45078.78028762366,45294.60655381297,45309.16602405132,45205.17355583907,-520.0,-0.7202994021790801,-467.1247521591213,-224.86948832916823,-52.47634693798682
844,44992.0,45077.83732588458,45012.02009626176,45098.87954774782,45148.95588669304,-176.0,-0.7581009749192162,-182.48597624241302,-156.84670242959692,-48.369874811378395
845,44928.0,45077.26408567382,44929.63460132814,44995.47261919213,45108.433806216315,-80.0,-0.02939832788615604,-74.21248829288379,-69.67061895962615,-31.500390165911085
846,44832.0,45077.77852922881,44863.59511967599,44959.53830982857,45085.955106361216,104.0,1.3000903981919691,91.93611672781117,27.83484555072573,-9.780944537036703
847,45136.0,45079.864266470206,45113.506834783766,45051.14231029358,45088.87191714224,168.0,2.949642945550295,137.44588902659962,49.17515561179971,0.5604066381383745
848,45168.0,45083.67781511991,45138.48689772919,45057.88862105217,45087.07591963749,-144.0,4.590258442713093,-122.5854484086085,-48.3093787153266,-5.842201522875257
849,44848.0,45089.04478335563,44868.33593796655,44954.52355286293,45077.18751409649,-208.0,5.929212495506363,-168.47126992988706,-50.103291757779516,1.5709701638261322
850,44752.0,45095.53624011092,44801.54435786942,44957.68203753661,45090.217859965145,232.0,6.775686988330563,197.5468762997807,105.99950344198442,29.941238866907952
851,45312.0,45102.59615733229,45263.42969056611,45166.522559746896,45137.06999183031,208.0,7.06086768552268,202.41711847740953,136.1018020837364,38.105631456677656
852,45168.0,45109.65797548197,45206.37859482424,45229.88564170408,45166.4291228785,144.0,6.85699751136417,134.84187837932768,94.30590280922843,29.28058719211913
853,45600.0,45116.31015235502,45533.113447324766,45355.13436536535,45195.631166214545,-8.0,6.34736505861656,-7.697910875656817,2.815906343945244,8.983601646770694
854,45152.0,45122.3527055992,45190.98277307292,45235.51745439197,45184.39632617204,-168.0,5.739709605106327,-147.21680888722767,-77.85818377739633,-9.61502373390249
855,45264.0,45127.789571565234,45238.67982955031,45199.41799781056,45176.40111874674,-72.0,5.212119288324175,-78.90379577107888,-68.39045767612697,-12.375151487962285
856,45008.0,45132.77694417585,45033.175181530765,45098.73653903972,45159.64602319612,-88.0,4.856346388474776,-79.62874036571156,-55.313189250991854,-9.172794390815397
857,45088.0,45137.50226434218,45079.42234881889,45088.79161930858,45158.05552996511,16.0,4.644520469810232,3.358911382569204,-9.549110076844954,1.9122832672437653
858,45040.0,45142.06598511547,45039.893004295904,45079.63831888603,45163.470589730605,-56.0,4.441891253412905,-40.06432304347982,10.66585902046063,11.588589252027305
859,44976.0,45146.38604684901,44999.29370273193,45110.1233373495,45181.232708469164,64.0,4.043315008220816,75.86921209564389,97.54668713821957,28.02375416201903
860,45168.0,45150.15261513191,45191.63142848719,45274.73169316247,45219.51809805464,504.0,3.242225825739297,451.587214771811,217.9742023942017,40.86129448820793
861,45984.0,45152.87049850049,45902.46813227555,45546.0717421379,45262.95529744558,176.0,1.903574557058164,162.08501858548698,52.375920044389204,7.3849642632194445
862,45520.0,45153.95976424603,45515.801465658165,45379.483533251245,45234.28802658108,-584.0,0.01430251785859582,-523.8014656700507,-236.84644226103774,-42.95286953544928
863,44816.0,45152.899103536205,44854.86520093545,45072.378857615826,45177.04955837468,-376.0,-2.2816391209344147,-350.46813270200437,-178.91524682750605,-39.18599028766039
864,44768.0,45149.39648600416,44814.86520025416,45021.65303959623,45155.91604600576,232.0,-4.689272627292667,207.98825859845238,76.10070177852322,-1.7377100686353515
865,45280.0,45143.52055828162,45270.84171813235,45224.58026117287,45173.57413823741,456.0,-6.813318394753878,396.52285053097876,175.21735216307934,12.336799143518874
866,45680.0,45135.76984921465,45607.910901316114,45372.08774392239,45180.5896442928,-32.0,-8.228601589798927,-23.376310235664278,-6.448645289285196,-17.955011729969556
867,45216.0,45127.06335510202,45224.089097661024,45211.6829705943,45137.66411477747,-416.0,-8.569978219653422,-343.37631534997126,-162.5632880309422,-46.84232377645458
868,44848.0,45118.629892775345,44921.15827061617,45046.96116786051,45086.90499673989,112.0,-7.62222989403017,65.09025884485527,-65.24121880353414,-38.81386820058469
869,45440.0,45111.81889531396,45354.269615350735,45081.20053298723,45060.0363783763,-264.0,-5.37642357391087,-259.81320346305074,-145.16036837966385,-45.8667994447751
870,44320.0,45107.87704562752,44401.53186369007,44756.64043110118,44995.17139785034,-328.0,-2.0388144103999366,-283.0355410678785,-106.23988633545741,-31.10641063344883
871,44784.0,45107.74126649316,44788.19853321498,44868.72076031632,44997.823557109405,504.0,1.9920311724454223,436.46813470112465,154.4407093732916,13.34333711454019
872,45328.0,45111.861107972414,45274.46813309232,45065.52184984776,45021.85807207942,208.0,6.201318643146806,189.80146623759356,65.56201445532861,8.727418573984323
873,45200.0,45120.143903779455,45167.801465690165,44999.844789226976,45015.27839425737,-512.0,10.076044555113185,-445.13479935367286,-165.7546660072985,-15.815758109176386
874,44304.0,45132.01319708264,44384.198534384974,44734.012517833165,44990.22655586107,-224.0,13.20354189455611,-205.13479897800426,-50.82601247722778,9.259489396743447
875,44752.0,45146.55098756857,44757.53186773416,44898.19276427252,45033.79737305086,576.0,15.360592090753926,511.4117283680498,237.27662857561518,57.66068584234017
876,45456.0,45162.73438126415,45407.02199112107,45208.565774984396,45105.54792754575,296.0,16.551990607229527,294.1810226442067,186.6558982040733,54.227950872173096
877,45344.0,45179.65496878303,45345.89391302257,45271.50456068067,45142.25327479521,-72.0,17.01029003581789,-51.65851298563939,26.69106603660839,26.61801098921933
878,45312.0,45196.754961335784,45303.704965149795,45261.94790705761,45158.783949524186,-104.0,17.147915310451936,-83.6641221237951,-34.58270009425178,8.869872205188585
879,45136.0,45213.95079940393,45178.56566877498,45202.33916049216,45159.99301920558,120.0,17.472935867044725,87.68904750008369,-26.439166319370997,2.408720641677064
880,45552.0,45231.70083306987,45479.08306014996,45209.06957441887,45163.60139080754,-392.0,18.502678312175703,-370.4176338743091,-164.73479886385394,-15.81155885766566
881,44352.0,45250.95615602828,44437.73040102636,44872.869562764456,45128.36990149025,-216.0,20.661512646565825,-192.6371029883485,-75.76523027218718,3.587005757224688
882,45120.0,45273.023858363005,45093.808854173265,45057.539113874496,45170.77540232199,464.0,24.24683620379801,411.40949900887426,153.43910804728512,44.94427094783532
883,45280.0,45299.44982843588,45260.54939904411,45179.747778859026,45218.25844338592,72.0,29.379119781631744,69.4875400913952,72.08255441404253,44.39596323323349
884,45264.0,45331.78209792627,45232.783934356055,45201.70422270258,45259.56732878846,-232.0,35.94533587049591,-183.84579290778493,-9.191444805153878,41.08725184195282
885,44816.0,45371.34050017687,44892.85781322854,45161.36488924872,45300.43294706983,288.0,43.59570701080884,263.0288914661469,132.3431111704922,65.08726563486198
886,45840.0,45418.97351194789,45758.84171728835,45466.390445043566,45389.74186005818,264.0,51.71064038615805,241.5265440505791,118.2207783166341,66.7960059912657
887,45344.0,45474.761780949186,45375.9109013297,45397.806445881986,45434.02495905236,-264.0,59.379215820881655,-223.37630931016247,-41.680776220589905,48.78434694679527
888,45312.0,45537.73194358965,45312.089098668024,45383.028892602386,45487.31055395177,-72.0,65.41418885579697,-63.376309321563895,20.736893021588912,62.05112259699672
889,45200.0,45605.59015866078,45249.15828268657,45439.280231925164,45558.12720424635,360.0,68.36194188819718,327.5471784568981,175.89145528536392,88.72301050690294
890,46032.0,45674.455827366044,45967.18345558182,45734.811803173114,45664.75657496558,272.0,66.60093783225602,249.25586979884247,146.93747283450648,88.26719946750381
891,45744.0,45738.79203432529,45747.670022284256,45733.15517759418,45734.66160318136,-256.0,58.55610206807978,-201.16332187626176,-7.079036781851755,69.43810837484853
892,45520.0,45791.568031502204,45564.8568118293,45720.65372960941,45803.632791715274,40.0,42.976581471128156,41.470848691507854,87.82541681994189,83.152828119677
893,45824.0,45824.74519726755,45830.61171966727,45908.80601123406,45900.967259420715,328.0,19.241014049752266,298.8135061743451,230.55528724168107,101.18283067648008
894,46176.0,45830.05005960171,46162.48382417799,46181.76430409277,46005.998453068234,256.0,-12.314156713189732,264.29122540064054,275.8404449050977,96.53111630092826
895,46336.0,45800.11688384117,46359.19417046855,46460.486901044256,46094.02949202257,408.0,-50.13829834276112,414.758082243854,340.96604747360834,75.93251355546454
896,46992.0,45729.773462916186,46991.999988665695,46863.69639903999,46157.86348017916,680.0,-91.41330188919164,625.537721735458,339.057697515731,22.127162165550544
897,47696.0,45617.290280062785,47610.26961393947,47138.60229607572,46138.28381635367,0.0,-132.20996583767192,-3.2530806493014097e-06,-3.7929549264154048,-97.46547300780367
898,46992.0,45465.35353124084,46991.999982159534,46856.11048918716,45962.932534163556,-624.0,-167.91121265475886,-581.1347998808451,-350.43656229498083,-226.80465548194115
899,46448.0,45281.46785475327,46448.00001417778,46437.72917148576,45684.67450538979,-560.0,-193.85006250270453,-559.9999943694456,-492.0551025134191,-316.4243035042782
900,45872.0,45077.65340623543,45871.99999342064,45872.00028416032,45330.083927155,-664.0,-206.0475086042461,-664.0000063477783,-658.8647075309127,-381.6863818770398
901,45120.0,44869.372837544775,45120.00000148222,45119.99975642393,44921.30174163571,-1280.0,-201.93379064251712,-1279.9999967126678,-1279.9998895455537,-498.860339032366
902,43312.0,44673.7858249504,43311.99999999531,43312.00050506921,44332.36324909027,-1272.0,-180.89652325214047,-1249.1391387127405,-1118.9906960634034,-457.7770894960631
903,42576.0,44507.579791040494,42621.72172405674,42882.018364297124,44005.747562643584,-320.0,-144.50125240666603,-330.85652299431604,-276.3076885185692,-255.12830831450992
904,42672.0,44384.78332013707,42650.286954006675,42759.385128032074,43822.10663246125,-88.0,-96.34186745855914,-80.0000000166765,-78.94067224900937,-126.13559855927087
905,42400.0,44314.896056123376,42461.72172402339,42724.137019799105,43753.47636552504,240.0,-41.54711832684188,227.008704348631,126.8204016665768,-0.9564486599520023
906,43152.0,44301.68908348338,43104.30436270394,43013.02593136523,43820.19373514134,312.0,13.974362458233372,297.13913798528665,219.40187724873977,100.12705637336694
907,43024.0,44342.84478103984,43055.99999999396,43162.940774296585,43953.73047827178,80.0,64.41792048010029,111.69563725981425,219.3852300796534,180.02326704402003
908,43312.0,44430.52492444358,43327.695637223565,43451.796391524535,44180.24026922938,744.0,104.93210560016087,728.0000004858593,674.5296156771365,269.9218044190784
909,44512.0,44552.708992240165,44512.00000096568,44512.00000565086,44493.57408710993,984.0,132.248461939751,976.1521803623909,892.5082206129773,312.41252223604533
910,45280.0,44695.021848323086,45279.99999794835,45236.81283275049,44805.065313701474,648.0,145.0235010542856,633.9080406940411,555.1388371267276,287.7444922766117
911,45808.0,44842.755994348736,45779.81608235376,45622.27767990431,45069.06307166316,328.0,143.85265210203215,323.31445327424444,292.6036871059805,227.05091154484398
912,45936.0,44982.72715252715,45926.628904496836,45822.02020696245,45259.16713679116,88.0,130.96600411011968,99.95734462725522,142.75263053936578,156.26242196756357
913,45984.0,45104.688002568975,45979.73077160827,45907.782940983045,45381.587915598284,24.0,109.69647531291776,31.75572515278691,47.65420451212049,92.30017458703514
914,45984.0,45202.120103152985,45990.14035480241,45917.32861598669,45443.76748596523,64.0,83.84393575723516,41.11135720620223,-23.790017003015237,35.16794466521242
915,46112.0,45272.375874083446,46061.95348602068,45860.202906977014,45451.92380492871,-232.0,57.06934338358042,-229.77645505072724,-183.0242555211662,-24.847490790092706
916,45520.0,45316.258789920146,45530.587444700956,45551.28010494436,45394.07250438505,-448.0,32.3891540722434,-427.07180144256927,-293.28274956047244,-64.14767532440601
917,45216.0,45337.15418222793,45207.80988313554,45273.63740785607,45323.6284542799,-392.0,11.89011803262838,-363.7281458877151,-248.8239931602584,-65.06262739115482
918,44736.0,45340.0390259854,44803.131152925525,45053.63211862384,45263.94724960274,-80.0,-3.3641464184765937,-69.02296558239323,-61.18922992030639,-33.28384219702275
919,45056.0,45330.42588939098,45069.76395197075,45151.25894801546,45257.06076988585,384.0,-13.244833260556334,335.4525588989927,145.25630339934287,3.166558777404134
920,45504.0,45313.54935946429,45474.03627072351,45344.14472542253,45270.280367157546,288.0,-18.319282969296182,254.45367237033133,112.95814011833863,1.5336156295743422
921,45632.0,45293.78732345239,45578.671296711414,45377.175228252134,45260.128001145,-240.0,-19.578288669887115,-214.25220167518273,-94.3818830443306,-28.745965955298743
922,45024.0,45274.392782124516,45045.531867373145,45155.38095933387,45212.78843524695,-432.0,-18.15916220755389,-373.2363812523545,-156.1037892513341,-37.90014413570316
923,44768.0,45257.46899903728,44832.198534206706,45064.967649749466,45184.32771287359,240.0,-15.167754579793836,204.69488270349757,58.07051529033561,-7.644336729674251
924,45504.0,45244.05727296493,45454.92163278014,45271.52198991454,45197.4997617876,328.0,-11.549447493613116,280.2957176377531,90.31533512234091,-2.152962996613496
925,45424.0,45234.37010405005,45392.78996948221,45245.59831999415,45180.02178688037,-240.0,-8.015753169249365,-218.18181588685184,-115.12450992331287,-29.676885563218093
926,45024.0,45228.02576662643,45018.55800100644,45041.27297006791,45138.14599066116,-504.0,-5.078411359616439,-445.5297879086029,-195.68886489228316,-36.168496686139406
927,44416.0,45224.21328133082,44501.730393665006,44854.22059020958,45107.68479350809,112.0,-3.082270218023041,98.88167288358454,32.057915246456105,4.123042522325704
928,45248.0,45221.86122619038,45216.321346773606,45105.388800560824,45146.392075705815,472.0,-2.2319696158301667,413.22819954168517,179.86261063165875,33.62688598301611
929,45360.0,45219.74934209916,45328.186792748376,45213.9458114729,45174.93856547412,-80.0,-2.60482874207446,-47.200590283358906,35.52991664852016,19.29341804201249
930,45088.0,45216.651568706235,45121.92016620689,45176.448633857864,45184.97891178984,-40.0,-4.126591628875758,-36.66579550704773,6.727139313901716,14.889291905212303
931,45280.0,45211.49615884141,45254.85520173428,45227.4000901007,45204.717149284545,8.0,-6.593371552124154,7.211044198782474,24.65150129318863,15.974094958932255
932,45104.0,45203.46482560199,45136.34225460445,45225.75163644424,45216.927101707704,24.0,-9.677529110023897,43.19832589242651,59.227364565664175,17.856307508543978
933,45328.0,45192.14110062136,45341.251853519134,45345.85481923203,45240.42976430163,320.0,-12.947352997929556,271.16886651036475,129.0305924038039,19.124150809009734
934,45744.0,45177.57011960613,45678.67998762518,45483.81282125185,45255.175403325724,0.0,-15.928833287372981,10.828072231954138,7.864412645740231,-9.695590809624264
935,45328.0,45160.283434046614,45362.90799798304,45361.58364452351,45221.038582682384,-152.0,-18.17653227145638,-141.2319997269442,-105.43735446657956,-39.48489150921887
936,45440.0,45141.217055063215,45396.215988171294,45272.93811231869,45176.205620307286,-168.0,-19.360309543269977,-185.61206895528085,-172.17647604547892,-58.022681359732815
937,44992.0,45121.562814960074,44991.68386007248,45017.23069243255,45104.99321996292,-456.0,-19.337634919997072,-406.1128277364005,-243.0920736698572,-65.56273934622368
938,44528.0,45102.54178522322,44583.99033269849,44786.753964978976,45045.08014161484,-128.0,-18.180455973877542,-127.74186388152884,-101.09974496408904,-34.05907126734019
939,44736.0,45085.20190301232,44736.20013230942,44815.031202504375,45036.87507742824,184.0,-16.161337941342936,153.2104611580653,67.79283877759008,6.838689684816927
940,44896.0,45070.219109340534,44890.411255014624,44922.339642534156,45058.75752098447,112.0,-13.706639931409882,126.26739777830517,120.47826129685564,30.02031960545355
941,44960.0,45057.7886231495,44988.73492786603,45055.987725098086,45096.915716639145,240.0,-11.30631082079708,241.99831218158943,181.64194511297683,45.003981486632256
942,45376.0,45047.60648769894,45374.4078793778,45285.62353276011,45148.76548395774,432.0,-9.411437811293581,377.7123484007752,184.44757404208212,40.4880415164771
943,45824.0,45038.96574752691,45744.15962466758,45424.88287318225,45177.8917996721,-232.0,-8.333743659575703,-204.43800624956202,-60.29922298673773,-3.1790943020314444
944,44912.0,45030.93900037979,44965.53186687868,45165.025086786634,45142.407295353674,-392.0,-8.18915203884535,-335.9805485182551,-133.34524300229896,-23.964139550738764
945,45040.0,45022.58744344922,45072.19852763107,45158.19238717765,45129.96352057062,368.0,-8.889954631053115,298.3688710654533,52.263493979848135,-7.945598754526145
946,45648.0,45013.15909111768,45562.269609009585,45269.55207474633,45126.51609784462,-152.0,-10.151936465204926,-141.1597742937265,-77.86427505816027,-29.52161783376505
947,44736.0,45002.28357051881,44789.87897904362,45002.46383706133,45070.92028490309,-384.0,-11.561880014691269,-331.1264061853544,-133.8563191543326,-38.84979869637755
948,44880.0,44990.0353310883,44900.016796638876,45001.839436437665,45048.81650045187,248.0,-12.675542824748845,210.2218007896372,60.29531759516976,-13.6629594286278
949,45232.0,44976.932484869314,45210.322580622895,45123.05447225167,45043.594366045836,232.0,-13.103098503339424,201.9186870984995,66.74227193984188,-14.642416103743017
950,45344.0,44963.82913408162,45303.854170835875,45135.32398031735,45019.53166824438,-112.0,-12.582475772283942,-107.19755560765043,-92.06850177564775,-40.2861143892369
951,45008.0,44951.767533324746,44995.927469407594,44938.917468700376,44963.02213726736,-448.0,-11.04462503088871,-406.1216880040156,-230.9477772667815,-58.75842411364647
952,44448.0,44941.739884019844,44491.610794827844,44673.428425783786,44902.01482001709,-264.0,-8.61611767496288,-248.4303668268185,-152.77483002470035,-38.306576249422505
953,44480.0,44934.53529797482,44499.06673575396,44633.367808650975,44886.40898476852,120.0,-5.5784922789280245,102.78961969587908,36.623287192680436,4.714613989854115
954,44688.0,44930.58289946199,44697.1900342196,44746.67500016915,44911.444047996796,272.0,-2.318328787547216,244.0734695636529,142.6446916027453,36.207265628119785
955,45024.0,44929.898640399726,44987.21367488126,44918.657191856466,44958.82351602476,96.0,0.772882665231009,106.0920150679849,119.31078761555182,44.12064382919925
956,44880.0,44932.12866479245,44909.37406435557,44985.29657540025,44999.685335655195,40.0,3.3877406974934274,69.03071125218048,119.28767124391015,46.84608641319937
957,45104.0,44936.67412179471,45125.275097385624,45157.232534344286,45052.515688851156,528.0,5.369453616760438,470.4477670452907,198.55222611617864,50.25613763851652
958,45936.0,44942.86757202597,45850.26959844615,45382.40102763261,45100.19761093223,-168.0,6.732250849883712,-154.21025319080582,-51.63099289537058,5.891802627684228
959,44768.0,44950.13862349448,44816.85459100401,45053.970548553545,45064.299294106524,-536.0,7.648085924520274,-486.7605530270994,-185.4452048022904,-21.08335212037855
960,44864.0,44958.16374387501,44876.748492391955,45011.51061802803,45058.03090669147,136.0,8.392245772698516,123.63636334772673,31.29537848849577,3.433157919520454
961,45040.0,44966.92311503988,45064.127317699465,45116.56130553054,45071.165609945565,416.0,9.246596785644215,366.85982031929234,143.33134026778134,14.692983751370775
962,45696.0,44976.6569374463,45610.46813303054,45298.17329856359,45087.41687419421,72.0,10.420147563272621,59.837073969320045,-17.30135768515538,-14.177892041640007
963,45184.0,44987.76341016642,45183.801465638106,45081.958590160226,45042.809825862285,-640.0,11.983748878930783,-563.4292097973812,-267.23541332325476,-51.66655703881406
964,44416.0,45000.62443520416,44483.60971343578,44763.70247191708,44984.083760116584,-216.0,13.845618372059107,-226.3733144279613,-144.40488228460526,-30.321877739868796
965,44752.0,45015.45464691054,44731.05483678218,44793.148825591015,44982.16607038255,160.0,15.782376227703935,142.71930725733546,50.020766469446244,9.590613785087044
966,44736.0,45032.18918765957,44769.04832795045,44863.74400485597,45003.26498768676,208.0,17.496888603778643,203.23513092048233,134.467181692944,34.4621666885505
967,45168.0,45050.4484241181,45137.52509862315,45062.0831889769,45051.09040375965,224.0,18.695880228035094,216.10226378845255,145.38077860937847,41.97993626087191
968,45184.0,45069.58094811564,45201.25285552735,45154.50556207473,45087.2248602085,168.0,19.184697917728045,149.99203454095914,77.6751541351914,31.295699459278694
969,45504.0,45088.817819953554,45437.509167705066,45217.433497247286,45113.681802678206,-272.0,18.909102351444744,-241.88096991089697,-80.35531620380061,6.941032603615895
970,44640.0,45107.39915281853,44717.49091570556,44993.79492966713,45101.106925415734,-224.0,17.948662440940097,-186.880552857765,-46.74110274659688,10.480469008311047
971,45056.0,45124.715144835434,45063.748061989536,45123.95129175409,45134.64274069483,448.0,16.501168544713437,384.997456231642,164.1320079640136,37.46795231383658
972,45536.0,45140.401489907956,45487.48582816884,45322.058945595156,45176.04283004341,200.0,14.822309078794206,181.1669070235148,91.13712663864135,23.40223085075195
973,45456.0,45154.35976299302,45426.081876036566,45306.225545031375,45181.44720239633,-248.0,13.132989809073479,-210.99457194945353,-90.72062804809684,-8.323267527262942
974,45040.0,45166.6674695261,45065.496684269936,45140.61768949896,45159.39629498888,-264.0,11.56248944528852,-233.1017704169608,-115.29901078293187,-16.08109265800158
975,44928.0,45177.4847418836,44959.878335202644,45075.62752346551,45149.28501708033,72.0,10.12239587125805,53.77332694593861,8.823595699308498,0.952972945458896
976,45184.0,45186.91226126862,45173.04333816181,45158.26488089758,45161.3022408798,184.0,8.700822443573998,158.38169376824226,69.76979788085373,10.882335843463807
977,45296.0,45194.88638677075,45276.64172273913,45215.16711922722,45171.049688767256,-8.0,7.099867983179138,6.806998272972123,16.485797943249054,3.4999323258198274
978,45168.0,45201.11199723498,45186.65733470776,45191.23647678408,45168.30210553144,16.0,5.104697249786113,3.3022855074050312,-12.31240405110293,-2.7324779592490813
979,45328.0,45205.09578127032,45283.24629375394,45190.54231112501,45165.58473284876,-136.0,2.5636200986955373,-127.17957218411539,-69.42301009656148,-10.838136040238169
980,44896.0,45206.23923743237,44932.29819033953,45052.390456590954,45146.62583345096,-208.0,-0.52745851137297,-169.45715171679694,-59.95662623857788,-6.427607725250709
981,44912.0,45204.040864247574,44944.331990320345,45070.62905864786,45152.72951739826,200.0,-3.992377568210941,173.6937515825266,97.55313138083147,18.14015981720877
982,45296.0,45198.254482295946,45279.68569350458,45247.49671935262,45182.90615308538,272.0,-7.488900653832388,253.7821707071489,152.61602038106503,24.521943341391307
983,45456.0,45189.06306293991,45451.89633173464,45375.86109940999,45201.77340408104,152.0,-10.551914599254815,151.6922969032894,88.29492976236361,6.155921199711884
984,45600.0,45177.15065309744,45583.07028731116,45424.086578877344,45195.2179954848,64.0,-12.702778731108992,46.525392132294655,-39.731231093970564,-26.794508821996715
985,45584.0,45163.65750547769,45544.94711599923,45296.398637222046,45148.184386437046,-528.0,-13.573522693484847,-495.3313265125835,-271.48862304427894,-68.82438972590535
986,44544.0,45150.00360771047,44592.40763428599,44881.10933278879,45057.56921603299,-480.0,-13.013096411807055,-448.5575750864773,-246.73463803885898,-64.93670960240343
987,44624.0,45137.63131265408,44647.83196582628,44802.92936114433,45018.31096723224,208.0,-11.158742554831406,174.584160671664,11.284708927698375,-19.54270043913857
988,44960.0,45127.686122600804,44941.57595562932,44903.67875064418,45018.483815154716,240.0,-8.428725139117887,201.62376794962984,72.58876482195046,3.0970386802073335
989,45104.0,45120.77386237584,45051.07950172554,44948.10689078823,45024.50504459265,-200.0,-5.451019571653887,-155.09894527609868,-33.51841446183607,2.046481667573971
990,44560.0,45116.784083457496,44631.37806507712,44836.64192172051,45022.57677848986,-96.0,-2.932915058994695,-62.811111262821214,26.85599179253404,21.200572821704554
991,44912.0,45114.90803225785,44925.457279199894,45001.8188743733,45066.90619023606,456.0,-1.496433286669344,396.49874491087394,210.08638983943456,52.074721257999045
992,45472.0,45113.79121688416,45424.37555489887,45256.81470139938,45126.72622100586,240.0,-1.5322392320122162,225.66291540472594,147.4031777257769,42.55634182009453
993,45392.0,45111.84355379383,45376.783110009346,45296.62522982485,45152.01887387625,-168.0,-3.1115505572306574,-123.67689484278162,-7.876856662103819,13.293596564202744
994,45136.0,45107.568115769696,45177.02176521331,45241.06098807517,45153.31341413427,16.0,-5.9635889250348555,5.347481270477147,-3.0337477120956464,2.1602109647246834
995,45424.0,45099.91637594376,45387.4780725503,45290.55773440066,45156.3392958057,48.0,-9.521435336111608,27.846670088485553,-17.22438647418312,-10.35715353827618
996,45232.0,45088.52524509747,45232.71510539028,45206.61221512681,45132.599107057715,-160.0,-13.053349732577772,-151.1874402086396,-96.63941171045008,-28.710233395104297
997,45104.0,45073.8096764786,45085.10319213302,45097.27891097976,45098.91882901549,-280.0,-15.80807180050033,-242.09595259213165,-112.69384865716711,-33.93433659144284
998,44672.0,45056.90910149647,44748.523200206015,44981.22451781247,45064.73043387483,184.0,-17.163625639099337,159.02383250065395,38.55786573894511,-14.551873446926038
999,45472.0,45039.482425200404,45403.15085713433,45174.39464245765,45069.81508212164,240.0,-16.752624631299113,197.39411920237035,44.36744587400608,-15.02459764710511
1000,45152.0,45023.403852233874,45143.311438610755,45069.959409560484,45034.68123858062,-352.0,-14.525734377148183,-303.28222546981124,-145.45552811692323,-40.99978161199397
1001,44768.0,45010.43095644611,44796.58640619471,44883.4835862238,44987.81551889765,-216.0,-10.752570847445895,-203.7930014425292,-128.73403022477942,-35.87494373807931
1002,44720.0,45001.89871053898,44735.7254357257,44812.491349110926,44962.93135110446,40.0,-5.962963426074566,17.766208159478992,-24.74656255741138,-12.737600237971492
1003,44848.0,44998.50502959396,44832.118822513665,44833.99046110898,44962.34031842171,16.0,-0.8379966097854776,16.987499356273474,14.494342552541639,5.12598323833663
1004,44752.0,45000.22271731941,44769.700434438244,44841.48003421601,44973.18331758113,8.0,3.9257150241428462,26.083784115799062,52.229590215036296,21.902165038478415
1005,44864.0,45006.356459642244,44884.28639074526,44938.44964153905,45006.144648498666,240.0,7.734467013789981,216.0179100333553,134.19442809256725,40.068563342465495
1006,45232.0,45015.69165134699,45201.736254504955,45109.86889040114,45053.320444266064,184.0,10.202045531255862,166.1311362844499,110.35369406266545,38.24181798070276
1007,45232.0,45026.760550704756,45216.54866331416,45159.157029664384,45082.62828446007,-96.0,11.198410796736425,-62.44427461997475,12.86665409543275,21.839254417009215
1008,45040.0,45038.088472940464,45076.847705265005,45135.60219859201,45096.99895310008,56.0,10.848076916685386,44.53756827588222,24.246268223632796,17.220616295016953
1009,45344.0,45048.456704538126,45305.62379986593,45207.64956611165,45117.069517050106,56.0,9.479664098900685,36.895093930543226,3.872150575462001,8.724039802531479
1010,45152.0,45057.047801138266,45150.63789312609,45143.34649974293,45114.447032705146,-192.0,7.537140285734495,-161.79644110938534,-68.6298164972468,-4.500132709708851
1011,44960.0,45063.530985109595,44982.03091764716,45070.389933117156,45108.06925163069,-72.0,5.480583082098747,-58.45238724316732,-17.76160006720238,1.0256815070824814
1012,45008.0,45068.00896730246,45033.73311863976,45107.82329960853,45116.49839571931,200.0,3.69495460429971,180.36779419139202,87.34501629563238,13.854063874583517
1013,45360.0,45070.920894318195,45342.76650602994,45245.07996570842,45135.777379379855,264.0,2.434227821231616,222.86591753988614,79.79664895410679,8.067852629541449
1014,45536.0,45072.87742294493,45479.46495371953,45267.41659751674,45132.634100978394,-216.0,1.7989906682487344,-202.61731802698705,-111.95506943330474,-23.311573352544656
1015,44928.0,45074.51887565469,44937.53186997597,45021.16982684181,45089.154232674766,-504.0,1.744769155200629,-437.63319954954204,-199.66185725402465,-35.42215666989068
1016,44528.0,45076.36696125533,44604.198554620445,44868.09288300869,45061.78978763861,56.0,2.118161196805886,51.23403907607644,16.969497671223507,-0.6749556542199571
1017,45040.0,45078.755198048304,45039.99994812812,45055.10882218426,45087.804321366326,536.0,2.7084074924860033,455.0355468372727,194.57035026769518,28.404749796027318
1018,45600.0,45081.7837762403,45514.26964829499,45257.23358354408,45118.59928723067,-32.0,3.294056073649699,-5.0192976540274685,30.741553131869296,6.724930225875141
1019,44976.0,45085.3433101956,45029.961352820064,45116.591928448,45101.254181818076,-224.0,3.6818946571329434,-186.6732860971424,-70.34569087209093,-11.082396321686247
1020,45152.0,45089.147565554566,45140.923076100706,45116.5422017999,45096.434494587294,104.0,3.73720580814188,55.577103784169594,-17.778625748142076,-7.597962501418806
1021,45184.0,45092.81772181189,45141.1155603884,45081.03467695171,45086.05825681524,-288.0,3.385494108450075,-239.59634447985445,-86.9901863723353,-15.273324931295065
1022,44576.0,45095.918553771466,44661.730387141,44942.56182905523,45065.887844724704,160.0,2.614560519265069,139.571225876065,44.808066631128895,4.323980145705718
1023,45504.0,45098.04684285042,45420.25801214053,45170.65081021397,45094.70621710665,200.0,1.4800532055160147,174.87985299327556,61.41438626572926,8.353683237273799
1024,44976.0,45098.8786601825,45011.49009312755,45065.39060158669,45082.59521119925,-288.0,0.08825705355775426,-231.31745337522443,-60.56490783393383,-6.781245347432559
1025,44928.0,45098.22335695753,44957.623105390085,45049.5209945461,45081.143726411785,120.0,-1.4080241598967405,94.24853921295653,44.89089023246197,6.2057015331192815
1026,45216.0,45096.062611862704,45199.98717155346,45155.17238205161,45095.00661426549,176.0,-2.826355965135008,162.29992393069188,75.23757853131974,7.813218566981959
1027,45280.0,45092.57064502726,45282.22295325147,45199.99615160874,45096.77016354575,112.0,-3.9699146906204987,93.35054795533142,4.821845361500891,-7.3979425424549845
1028,45440.0,45088.12278248146,45386.688267464124,45164.816072774614,45080.21072918058,-384.0,-4.648164753507444,-354.4184467433479,-172.7720424468207,-34.54889790613743
1029,44512.0,45083.27431552025,44573.38605976477,44854.4520667151,45027.672367733474,-344.0,-4.7156054230217705,-314.04681059885115,-139.137972701963,-26.75474306043543
1030,44752.0,45078.69157163542,44758.59464626642,44886.54012737069,45026.70124305971,240.0,-4.093457725208282,218.18181783373439,99.35812434093532,12.763937479219749
1031,44992.0,45075.08740006983,45009.74969543224,45053.16831539697,45053.20024269191,464.0,-2.779668705581571,419.27007704560674,197.21234572476533,29.55901176680345
1032,45680.0,45073.13223422426,45597.134800357635,45280.96481882022,45085.81926659332,104.0,-0.8535251658395282,93.6925559950032,28.278912833360664,2.9099872310689534
1033,45200.0,45073.38034973815,45197.13480742225,45109.72614106369,45059.02021715405,-600.0,1.531846740435867,-515.7022112546365,-216.37560722468334,-33.84803858156738
1034,44480.0,45076.19592770513,44565.73037784836,44848.21360437085,45018.12318943018,-64.0,4.1626369394070935,-93.0945639452948,-77.40573450740703,-13.99086825235645
1035,45072.0,45081.70562361697,45010.94567953166,44954.91467204888,45031.03848064934,144.0,6.802854268720694,131.66197838532025,48.1584037024586,10.867215251622838
1036,44768.0,45089.80163624257,44829.054334619,44944.53041177577,45039.85761993343,136.0,9.216352141804236,128.5356580835105,77.8809456147792,22.41202028076077
1037,45344.0,45100.138327900575,45268.01699569868,45110.67656327844,45075.86252121086,56.0,11.183710571276606,53.892309671919065,49.48443314188262,22.59802733797551
1038,44880.0,45112.16905738512,44936.83895396284,45043.499278059535,45085.05367460938,-80.0,12.527745662155212,-46.983271921653795,14.572353810868663,19.44383712898707
1039,45184.0,45125.193819224885,45174.05045185537,45139.821270900175,45114.750195468834,240.0,13.12883783478901,187.46375716939292,74.232628290727,26.234030632895156
1040,45360.0,45138.4267330547,45311.76646830163,45191.96453464099,45137.52173587517,-128.0,12.93623815990577,-103.45164204560933,-31.87446893868764,11.647627200098214
1041,44928.0,45151.0662955447,44967.14716776415,45076.0723330228,45138.04544986903,-184.0,11.969323999775952,-148.8834617167231,-41.85603510679357,11.025986487307819
1042,44992.0,45162.36538105425,45013.99954486818,45108.2524644274,45159.573708849784,176.0,10.319925794210576,156.85010144493572,90.30636361830693,29.906944423248206
1043,45280.0,45171.70614713312,45280.847370654024,45256.68506025941,45197.85933871553,312.0,8.148118508685002,271.08467905596626,136.77512596172164,34.17859680151378
1044,45616.0,45178.66161807162,45556.16890298011,45381.802716350845,45227.93090245281,-32.0,5.6626356926244625,-23.833952773351484,8.019014266850718,10.668108859928907
1045,45216.0,45183.03141851837,45233.17946510732,45272.723088793115,45219.195556435385,-296.0,3.102496932075155,-237.09211233616588,-80.71808316116949,-8.57556819565798
1046,45024.0,45184.86661193577,45081.98467830778,45220.366550028506,45210.779766061496,200.0,0.7170893891488959,156.7039768222785,45.826736249644455,0.923197929183516
1047,45616.0,45184.465597296665,45546.58741875188,45364.3765612924,45221.04195229375,128.0,-1.2716535784384178,99.56446212055744,18.198291910099215,-9.485716153052635
1048,45280.0,45182.323304778896,45281.113602548896,45256.763133848704,45191.80833375539,-312.0,-2.697753637050482,-259.905803458485,-119.23186051935045,-33.64320185059478
1049,44992.0,45179.070090022564,45026.77581183491,45125.9128402537,45153.75554859256,-80.0,-3.459008353325771,-80.45873153943103,-63.89387346814692,-29.965007733197126
1050,45120.0,45175.405288072245,45120.196139470034,45128.97538691241,45131.878318289,120.0,-3.5409649487410206,94.40102498527995,7.550240114909684,-21.28331438911846
1051,45232.0,45171.98816012508,45215.57786180547,45141.01332048352,45111.188919814325,24.0,-3.0172509697767964,13.271031362790382,-33.455406187127664,-26.72995248395455
1052,45168.0,45169.37078613269,45146.738202195615,45062.064574538155,45078.41841332109,-176.0,-2.028358528175886,-175.14864863178082,-131.91645867628904,-37.24958582718682
1053,44880.0,45167.93144306873,44865.28056454191,44877.180403130944,45036.68974815995,-488.0,-0.7705982587613107,-434.50390148020597,-186.29396984173945,-33.89417775313268
1054,44192.0,45167.82958961517,44277.7303992352,44689.47663485468,45010.63005781482,136.0,0.5320070900488645,130.66549074646173,61.03454915106704,14.8718125456071
1055,45152.0,45168.99545724883,45126.61154603483,44999.24950143308,45066.433373251166,576.0,1.6609674698629533,511.8243036326421,233.39761729494057,51.524984098905406
1056,45344.0,45171.151524554894,45301.37900650049,45156.27186944456,45113.68002601263,-72.0,2.4351264866527345,-38.33750703191254,63.15830273375832,35.73065406209571
1057,45008.0,45173.86571022213,45049.936531971005,45125.566106900595,45137.89468137536,-56.0,2.727816716542293,-41.75981467447491,28.07729090633802,30.709389431496675
1058,45232.0,45176.60715798798,45217.85937715154,45212.42645125723,45175.098804875626,104.0,2.4868920245680783,97.2197309382027,77.07356998524847,34.35906374404658
1059,45216.0,45178.83949427127,45244.37599384741,45279.71324687109,45206.61280886345,176.0,1.7357643195937271,168.39658593292188,99.14341904941102,31.044644430996414
1060,45584.0,45180.07868662717,45554.65254901738,45410.713289356056,45237.18809373762,200.0,0.5549023216590285,163.5393002568635,44.35668716298824,13.23468956104989
1061,45616.0,45179.94929891459,45571.45459436114,45368.42662119707,45233.08218798555,-416.0,-0.9357692008452432,-368.38205015353014,-166.0733575604536,-23.251796352789825
1062,44752.0,45178.207148225476,44817.88844871032,45078.56657423515,45190.68450103204,-280.0,-2.586007812355092,-261.6668347962295,-126.576759844349,-20.463461901908886
1063,45056.0,45174.77728328988,45048.12092476868,45115.27310150837,45192.15526418173,216.0,-4.236204427907069,190.83709990176067,66.34307802741023,8.278526358779345
1064,45184.0,45169.73473936966,45199.56264851384,45211.25273028997,45207.2415537496,256.0,-5.744152264895092,229.25496631437636,109.60599392658332,16.24836725534624
1065,45568.0,45163.28897876009,45506.63085739743,45334.48508936154,45224.651998692425,0.0,-6.985827585547668,0.22249587076657917,6.474903752336104,0.243044877450302
1066,45184.0,45155.76308419857,45200.007640255375,45224.20253779464,45207.7276435045,-272.0,-7.861981862984976,-226.58501586520288,-90.18128266957501,-15.737973012706789
1067,45024.0,45147.56501503412,45053.460825667025,45154.12252402239,45193.17605266701,0.0,-8.309255143587507,0.7573137467807101,-5.018751761064777,-6.0927882041323755
1068,45184.0,45139.14457391139,45201.52226774894,45214.16503427251,45195.542067096234,288.0,-8.30925144678622,235.67278082660778,75.12502738638068,2.943117784030619
1069,45600.0,45130.946512140545,45524.80638732024,45304.37257879515,45199.06228823507,-120.0,-7.8940596275970165,-110.19106770502185,-57.60616607978591,-16.526664449404052
1070,44944.0,45123.3564546562,44981.14013233889,45098.95270211294,45162.488738197426,-352.0,-7.142670730365353,-300.45846940933916,-127.94352562574204,-25.649113127776218
1071,44896.0,45116.661170679814,44923.88944850156,45048.485527543664,45147.76406197952,96.0,-6.193757426026423,82.19655867048641,25.77558920255251,-2.1364731189314625
1072,45136.0,45110.968939804145,45145.533249679866,45150.503880518045,45158.21579195956,320.0,-5.224695037330093,269.3100495776489,109.27029323340685,11.562519578023057
1073,45536.0,45106.211780605154,45462.50954765686,45267.02611401048,45170.889101135566,-64.0,-4.418328406678484,-50.47596373869237,-17.96470950233197,-5.582235767222301
1074,45008.0,45102.13228299079,45044.58132220248,45114.57446151338,45147.05132042512,-280.0,-3.949526067779516,-235.02161444197918,-99.1644217404064,-16.885214689187706
1075,44976.0,45098.312728469595,44992.4663187729,45068.697270529665,45137.11867175719,48.0,-3.948849855842127,30.216590434953105,0.471444281120057,-1.8767150800704258
1076,45104.0,45094.2345832791,45105.01450307239,45115.51735007562,45143.29789026498,136.0,-4.462503904647747,117.62069966140552,52.57875458376657,8.144113021036901
1077,45248.0,45089.3877206603,45227.70771809571,45173.8547796972,45153.406897799265,16.0,-5.445707912414946,21.231805501894996,21.264819470176008,5.379352424250101
1078,45136.0,45083.34316745427,45147.47811407618,45158.04698901597,45154.05659511348,-24.0,-6.77065628138007,-22.839033638651017,-4.784296173234907,1.5525270698854001
1079,45200.0,45075.84640809754,45182.02965081841,45164.28618735073,45156.511951939035,-64.0,-8.235500083796069,-55.30020916571448,-11.617707989880728,0.2809544225092395
1080,45008.0,45066.87216728668,45036.87769574475,45134.81157303621,45154.618503958496,-24.0,-9.603722376996302,-0.7634763499336259,33.93117220358545,5.437477217386913
1081,45152.0,45056.63896334355,45180.502698118544,45232.1485317579,45167.38690637381,424.0,-10.648952186431416,366.6959533752124,137.41122460064435,13.537747734000732
1082,45856.0,45045.57426291382,45770.26960249517,45409.6340222375,45181.6939994265,-80.0,-11.194092838220968,-76.72451614026431,-45.69749840165605,-19.408206975982466
1083,44992.0,45034.250777667105,45027.053665838015,45140.75353495459,45128.570492421844,-456.0,-11.144497941819282,-410.6656348830438,-194.50371980561613,-46.294982383562456
1084,44944.0,45023.28526703018,44948.938332729085,45020.62658262627,45089.10403465937,-40.0,-10.500433539677033,-53.42366946350376,-81.81366101518506,-32.21125602950633
1085,44912.0,45013.24991058775,44920.20632691101,44977.12621292422,45064.14798036283,8.0,-9.346538343437715,12.299628736949671,-10.937263239939057,-17.34865527839429
1086,44960.0,45004.592190343305,44973.537590202985,44998.75205614639,45054.406724102584,152.0,-7.827078066322429,121.0192143068889,41.001871295360615,-5.020920055121678
1087,45216.0,44997.595754455106,45162.244755524785,45059.12995551494,45054.10614025259,-112.0,-6.1066028597415425,-80.0690570542829,-18.05712287397546,-8.395276837363781
1088,44736.0,44992.37898462382,44813.39947609442,44962.63781039844,45037.61617042786,48.0,-4.329515862511471,38.152101041720016,16.826760082716646,-1.4091613033415342
1089,45312.0,44988.93672273008,45238.548957608225,45092.78347568037,45051.287817645905,80.0,-2.5874704224006564,57.89426955494491,20.53740312211812,0.6360381003432849
1090,44896.0,44987.20404377902,44929.18801520431,45003.712616642675,45038.88824662854,-192.0,-0.9072795821412001,-143.42086638235924,-35.214550716355006,-5.255158685933566
1091,44928.0,44987.1221635658,44951.70722484351,45022.35437424766,45040.77750027404,160.0,0.7516133181052282,141.0553338567188,65.81894472881686,7.528128659196227
1092,45216.0,44988.70727041523,45211.298682917746,45135.35050610031,45053.944503946936,280.0,2.472990037404088,236.08487266298107,72.67138490279831,5.064228870247462
1093,45488.0,44992.06814364061,45423.87697016947,45167.69714405326,45050.90595801453,-296.0,4.3388238705119875,-271.1594019857548,-127.80479002042193,-24.893248031679832
1094,44624.0,44997.384918156255,44668.97987894624,44879.740926059465,45004.158007883576,-416.0,6.402534021104657,-366.8751564072372,-160.08575496405683,-27.74004973677802
1095,44656.0,45004.87321168282,44690.126657354995,44847.525634125144,44995.42585854098,216.0,8.661164915694826,191.78006518374968,63.5475251282478,8.239143584454723
1096,45056.0,45014.707247987644,45052.540009313736,45006.83597631596,45020.636295052485,400.0,11.034909670604975,345.11339852740275,134.72833034880023,23.442251264128572
1097,45456.0,45026.94303102403,45380.3534544098,45116.982294822745,45042.310361069234,-248.0,13.374991792010405,-206.93560768630778,-59.362534081847116,0.989584070208366
1098,44560.0,45041.457231571665,44638.66879394112,44888.110908152266,45022.6154631929,-216.0,15.493473826019908,-191.82436593170496,-64.81593259434521,3.4358752833177277
1099,45024.0,45057.92997867607,44996.70472254639,44987.350429634054,45049.18211163587,272.0,17.19561801708187,221.55954133722116,80.91473629881511,27.82575402475777
1100,45104.0,45075.84846760583,45081.78787661556,45049.9403807499,45078.26697124242,-64.0,18.317682565648283,-25.97746285300309,35.560141490790556,27.798208168671408
1101,44896.0,45094.565343807364,44944.749796840384,45058.470712615635,45104.77852797321,104.0,18.754387948338263,106.71090442675631,89.76568817356019,36.95048312945437
1102,45312.0,45113.357243502505,45295.209685469075,45229.47175709702,45152.16793750133,320.0,18.475668137743924,266.50831597406795,129.73692302988638,39.39780640317986
1103,45536.0,45131.51668008285,45477.76642878852,45317.94455867541,45183.57414077957,-144.0,17.52726083064772,-108.61111273796996,-20.554919083908317,13.784910317222966
1104,45024.0,45148.4117651638,45077.987459993135,45188.3619189292,45179.73775813577,-152.0,16.020839309043367,-129.84166882969657,-47.40168028160406,3.950505262990191
1105,45232.0,45163.55835870094,45218.08309112913,45223.1411981122,45191.47515130555,80.0,14.114001916506822,70.511086781622,30.34987823909978,9.711150735056435
1106,45184.0,45176.639768996814,45219.00963355638,45249.0616754074,45199.160059605885,208.0,11.982325584023783,175.97471020914236,58.45131499889976,8.442911280628323
1107,45648.0,45187.523009868986,45570.03251154741,45340.04382811,45208.36097386681,-88.0,9.804694653033948,-94.21152123140564,-62.99593324239686,-12.781037045737321
1108,45008.0,45196.24915830288,45030.58659109357,45123.069808922606,45173.59798551441,-440.0,7.750296963029541,-371.1160080265181,-159.43911472609398,-26.483089076675242
1109,44768.0,45203.023603795045,44827.800495494375,45021.16559865781,45155.39479571346,120.0,5.972724423452746,96.21638187267672,24.67858906411493,1.1665499847185856
1110,45248.0,45208.19460714979,45223.01935483892,45172.426987050836,45175.93108548385,312.0,4.6012833574313845,270.31563353914316,113.4748819184424,16.932844044582453
1111,45392.0,45212.22617050991,45368.43176257266,45248.1153624947,45189.260483802624,32.0,3.7327530745060358,27.57122059703397,3.7460566912122886,3.192422508909658
1112,45312.0,45215.6601132988,45278.16179603299,45179.91910043326,45182.31593050167,-376.0,3.423441595528857,-322.677312223248,-134.23671184480918,-13.428756775876536
1113,44640.0,45219.073053700966,44723.077138126166,44979.64193880508,45162.40297025087,-80.0,3.6717565990002186,-76.48264142745757,-30.456192225639825,6.207188261749252
1114,45152.0,45223.0036264968,45125.196513178074,45119.00671598198,45194.730307025166,320.0,4.400186806127749,268.10194094227336,122.8681351678897,34.46385212555106
1115,45280.0,45227.87342731322,45259.28102001071,45225.37820914086,45231.33067450197,-8.0,5.467686465046427,30.489606886188994,79.06059772930894,34.16690120190469
1116,45136.0,45233.93899942689,45186.17572695045,45277.1279114406,45263.064109428975,296.0,6.673323013164918,263.4942920223366,122.31365802003711,38.08664039845462
1117,45872.0,45241.22007333955,45786.269604055386,45470.00552518093,45307.50395529888,-48.0,7.767912816572789,-46.1430866278497,-8.119623669201246,16.21504363484928
1118,45040.0,45249.47482506004,45093.88955369475,45260.888664102196,45295.49419669867,-328.0,8.51853901969298,-291.06824820747715,-98.67252902764085,0.7649512347270502
1119,45216.0,45258.25715137894,45204.13310764043,45272.66046712565,45309.033857768336,56.0,8.740205395894009,50.90909214781277,40.1020365862787,18.191353958074615
1120,45152.0,45266.95523585183,45195.70773799038,45341.092737274754,45331.87690461482,352.0,8.315290980750433,324.23370548848834,162.9786387864806,31.836892077233642
1121,45920.0,45274.88773334044,45852.60051861741,45598.61774469861,45372.7076419228,224.0,7.224413415369781,205.77498852745703,96.8338797731667,13.466119404114579
1122,45600.0,45281.404062682566,45607.25771504529,45534.76049682109,45358.80914342305,-240.0,5.541334104309499,-209.05422834566707,-96.47699946698413,-25.958041328594845
1123,45440.0,45285.97040154906,45434.492061926074,45405.66374576464,45320.79155926561,-208.0,3.408720435159921,-200.30534348884612,-146.2648781741227,-43.97800619415648
1124,45184.0,45288.221503552886,45206.6470280676,45242.23074047284,45270.85313103474,-96.0,1.01191833449775,-114.60989352048273,-134.31763505537674,-45.59577167914176
1125,45248.0,45287.99423821805,45205.27227488511,45137.02847565389,45229.60001590733,-392.0,-1.4574514563755656,-360.45831351682864,-160.68802699200387,-42.173114332039404
1126,44400.0,45285.306600640135,44485.73040103394,44920.854686488834,45186.50690237066,64.0,-3.8164166162641777,74.71731228346471,44.25355407935422,-3.7677684181362565
1127,45376.0,45280.361404985524,45354.70689945204,45225.5355838126,45222.06447907106,608.0,-5.90124248911161,542.3487494732253,229.44868923006652,27.86080065394708
1128,45616.0,45273.50411566191,45570.427899980394,45379.75206494897,45242.228503678554,-32.0,-7.579449147677224,-12.13949956966826,36.09251361085626,1.4754497914291278
1129,45312.0,45265.20250669017,45330.4279003127,45297.72061103431,45225.015378653916,-152.0,-8.74424077027652,-147.8604981041899,-89.17114839750866,-21.56235609194846
1130,45312.0,45256.01563412136,45274.706903772014,45201.40976815395,45199.10379149466,-352.0,-9.319642027105147,-318.3487539957423,-151.60595880338224,-31.55639758452162
1131,44608.0,45246.56322263596,44693.73039232122,44994.508693427546,45161.90258348487,40.0,-9.280070235141466,23.22694527510248,-13.646728012627136,-9.506078835540393
1132,45392.0,45237.455493651076,45321.16079432222,45174.116312128695,45180.09163382358,184.0,-8.662836870513274,173.84515480741538,70.66577476549355,7.5936320298824285
1133,44976.0,45229.23754889493,45041.42070193605,45135.84024295853,45177.08984754464,48.0,-7.569904001105897,47.363417294080136,41.64405230910779,7.052706098289491
1134,45488.0,45222.315685648864,45415.88762891038,45257.40441674691,45194.197046020156,24.0,-6.188352684843267,13.905071526234678,6.266382161829824,2.417050776526594
1135,45024.0,45216.860843525246,45069.23084498852,45148.37300728219,45181.92394909769,-144.0,-4.768099813863955,-120.5025589792931,-46.84490582362196,-4.376899467577459
1136,45200.0,45212.779486021136,45174.88251095179,45163.71460509967,45185.443247085,-24.0,-3.578433988350298,-19.93577927777733,-2.8010996326884197,2.7914603415592865
1137,44976.0,45209.703975548546,45029.35928643296,45142.770808016816,45187.50686978081,136.0,-2.8804086751842988,121.27320764597243,62.4416069255567,12.638966184847959
1138,45472.0,45207.01866867077,45417.42892624374,45288.59781895078,45210.7211794547,136.0,-2.872858227143297,115.21427102945381,54.125920409354876,10.150368646620336
1139,45248.0,45203.95825909426,45259.78782849187,45251.022648835526,45207.80760707405,-120.0,-3.6505180255990126,-98.70195529251941,-36.06384569749207,-4.923192026941251
1140,45232.0,45199.71763261957,45220.0250156587,45216.470127555796,45200.874795400814,-112.0,-5.184131015488674,-99.6377345396686,-42.317457501831086,-8.489071903197328
1141,45024.0,45193.58999706328,45060.51235941253,45166.38773383186,45190.829463267655,16.0,-7.319223189937475,23.049140816507133,21.11147319200245,-1.7038589697767748
1142,45264.0,45185.079186239695,45266.12329729171,45258.6930739398,45197.46707746126,248.0,-9.797150171631074,216.22742433773965,89.65187707783844,3.310968066671194
1143,45520.0,45173.99569672002,45492.96720808801,45345.69148798754,45197.451399401,112.0,-12.299193844413821,91.67995123637229,-0.15584195849078242,-16.14310809021481
1144,45488.0,45160.48079855087,45449.48319976446,45258.38139002282,45165.18086128083,-432.0,-14.492777824514633,-396.3843368569069,-202.11940295331078,-48.411495056123385
1145,44656.0,45145.01014107099,44700.1985343742,44941.45268208092,45100.62840928875,-408.0,-16.081113799413288,-367.9756661636202,-174.2023669014452,-42.321031527644664
1146,44672.0,45128.31857095204,44713.53186743722,44909.97665621993,45080.53879822554,336.0,-16.840878038809024,282.229008266484,87.51230224897517,0.3373288480688643
1147,45328.0,45111.32838499337,45264.656550907166,45116.47728657887,45101.30306698489,168.0,-16.63404591165454,173.1710999884126,100.739273648378,9.429422108591098
1148,45008.0,45095.05047912873,45059.87406741404,45111.455203516685,45099.397642442724,56.0,-15.412279472377122,54.587853577108035,46.70551869615883,2.6644575799691665
1149,45440.0,45080.50382604862,45373.83225806138,45209.88832397119,45106.63198214483,0.0,-13.232490777318162,-16.880519045735127,-16.62271755990878,-9.434061190655484
1150,45008.0,45068.585497574095,45026.11302932257,45078.20976839687,45080.52952006141,-320.0,-10.217295691436448,-257.15408212596594,-96.5736713758779,-22.47598608033877
1151,44800.0,45060.069234665745,44859.52409380945,45016.74098121943,45061.68000998415,208.0,-6.5321441701598815,167.91479154119952,46.90170343227146,-5.765509578061028
1152,45424.0,45055.521209233775,45361.94261240497,45172.01317526141,45068.99850090529,192.0,-2.3936226851328684,155.24832261330448,29.278781672688638,-10.431584033591207
1153,45184.0,45055.28198929548,45170.02073903606,45075.29854456481,45040.81684191697,-288.0,1.9599023326591123,-261.81817818863783,-151.06535841419827,-35.34081689247614
1154,44848.0,45059.44101389909,44838.306256027696,44869.882458433014,44998.31686712034,-456.0,6.266407564220572,-406.14517538047585,-194.47485691529073,-34.984131440611236
1155,44272.0,45067.81480442392,44357.73038827511,44686.34883073423,44970.848579035744,136.0,10.275463915342698,107.6530404919431,23.640787668326084,7.474140867190727
1156,45120.0,45079.99194172978,45053.61233701158,44917.164033769666,45013.26514885472,240.0,13.75380730685356,230.32863943595657,129.39721992027262,37.079827261713945
1157,44752.0,45095.32241903763,44818.38766714702,44945.14327057477,45045.00823355917,88.0,16.50553428177591,104.86365000276783,124.55087209249541,46.393496382410376
1158,45296.0,45113.00301029333,45263.33963701712,45166.26577795466,45106.05214161954,320.0,18.402394380445912,273.5001708234413,156.25539635720997,51.54651514134821
1159,45392.0,45132.12720779852,45365.3880087939,45257.65406328919,45148.10126384187,-56.0,19.37573883348523,-31.011584253701585,24.215316979134514,29.85418541441686
1160,45184.0,45151.7544879603,45201.316468509714,45214.696411912926,45165.760512448374,-88.0,19.417243729210895,-77.48919773560192,-27.609445419799158,16.74727422892829
1161,45216.0,45170.96169525694,45210.4096133227,45202.435172449594,45181.595812299725,-8.0,18.566427560108423,-18.858788573532365,-19.043653238542902,14.115090466337278
1162,45168.0,45188.88734308052,45163.59889136265,45176.60910543584,45193.99069338105,-88.0,16.897973674767854,-68.8162651467901,-21.521514295829547,13.694415750374901
1163,45040.0,45204.75764260648,45072.77708302912,45159.392143857935,45208.984643800475,80.0,14.50636090806438,73.06360681204387,42.479110351061536,23.44318260944783
1164,45328.0,45217.90006489665,45309.72610498674,45261.56732613796,45240.877058599945,184.0,11.51277572122126,145.57954689132748,68.95884534901052,27.53626772946882
1165,45408.0,45227.78319404892,45363.936176811774,45297.309834555956,45264.05717925941,-216.0,8.079325662994961,-166.1090441160777,-19.602574304029986,15.982979622436687
1166,44896.0,45234.05871622264,44977.50801675458,45222.3621775299,45272.84301784482,272.0,4.421117058795062,251.16671085682174,88.23343173890316,27.627989477648953
1167,45952.0,45236.62542816651,45866.26959852542,45473.77669803376,45319.31315821471,16.0,0.803408248397318,8.011925322436582,12.30286952073584,14.835798280626477
1168,44928.0,45235.66553271943,44993.531867399455,45246.967916571375,45302.51461440607,-376.0,-2.4682746373327973,-323.0355321942625,-67.32482317669565,1.927186911663739
1169,45200.0,45231.688878891844,45220.19853413689,45339.12705168037,45323.16753203804,448.0,-5.08121280130581,395.13479921723047,161.72266094917723,26.811294233866647
1170,45824.0,45225.50310711682,45783.801465833916,45570.41323846973,45356.137202873804,328.0,-6.768204996475106,295.13479907128203,104.49280602422004,9.576530979458767
1171,45856.0,45218.152468898894,45810.46813227946,45548.11266372881,45342.320593996956,-392.0,-7.3679127589239215,-357.7111995538253,-176.24424287650982,-39.50057917700178
1172,45040.0,45210.76728159897,45068.379066726266,45217.92475271671,45277.1360445198,-472.0,-6.858801772228617,-443.4752045252426,-241.22553465374222,-53.32774725116178
1173,44912.0,45204.43486535444,44923.51772322897,45065.661594421326,45235.66509949463,-96.0,-5.363032409604784,-87.27272735245424,-75.4323610847241,-25.28769005043796
1174,44848.0,45200.04121677976,44893.83361202136,45067.06003054726,45226.560664418925,312.0,-3.135962868222123,275.0087044084503,110.9284513995699,9.823598145234428
1175,45536.0,45198.16293961799,45473.53513204587,45287.518497220466,45255.3122957851,216.0,-0.4969281984922418,191.85242474460392,96.21771528343743,14.717246155436442
1176,45280.0,45199.04736038278,45277.538461510565,45259.49546111414,45255.9951567298,-272.0,2.21332408656599,-208.3043629824897,-38.27530554926125,-0.5173812188149896
1177,44992.0,45202.589587791124,45056.92640608089,45210.96788612194,45254.27753334747,192.0,4.6959033210005146,155.02920977675967,60.95636806877883,11.396253285045532
1178,45664.0,45208.43916702478,45587.596881064084,45381.408197251694,45278.78766329989,120.0,6.745375356516888,97.64564550166688,29.144409755597735,5.24951311741097
1179,45232.0,45216.08033850416,45252.21769708423,45269.25670563314,45264.77655958229,-288.0,8.252550225821324,-234.29069855873968,-93.52313880198199,-12.372275738478493
1180,45088.0,45224.94426747642,45119.015483946605,45194.36191964773,45254.04311182293,56.0,9.202484905781603,21.87520659541042,-21.71382616154733,-2.431292168213986
1181,45344.0,45234.48530831572,45295.96811027505,45225.829053310044,45259.913975245865,-72.0,9.649692999169929,-63.2068222963062,-27.618339682667283,1.666562185222574
1182,44944.0,45244.24365347476,44992.60183935399,45139.125240282396,45257.37623619338,-96.0,9.699101283789787,-60.35707415107754,10.858807113556395,13.131072757183574
1183,45152.0,45253.8835108833,45175.25396197289,45247.54666753716,45286.17612076023,344.0,9.46930568953394,298.9219324833648,156.19476102333647,35.5086906048673
1184,45632.0,45263.18226485383,45590.44570432072,45451.51476232907,45328.39361740311,232.0,9.078264367642987,207.4202639514515,113.7254759564421,27.037177513037022
1185,45616.0,45272.04003961859,45590.094489875795,45474.99761945004,45340.250475786306,-160.0,8.6197317744045,-129.87876506595057,-47.0183331540029,-1.9306178274928243
1186,45312.0,45280.42172840264,45330.68817418882,45357.47809602106,45324.532381748126,-176.0,8.149152154328476,-165.96544474285474,-94.7804754184508,-15.091474950775591
1187,45264.0,45288.338343927244,45258.163600390086,45285.43666861314,45310.067525884755,-112.0,7.678245818118739,-101.70657184830634,-61.32309310135679,-12.161479569131188
1188,45088.0,45295.778220038876,45127.27503049221,45234.83190981835,45300.20942260986,72.0,7.163337159097864,65.48658256317867,22.811196114387712,0.7523678556026425
1189,45408.0,45302.66501824544,45389.13676551644,45331.059060841915,45311.57226159596,208.0,6.522078303882154,167.54556260645404,57.75668144451993,6.541452065892372
1190,45504.0,45308.82237664664,45462.36615570512,45350.34527270739,45313.29232674165,-160.0,5.6690885944262845,-134.93983128576656,-57.54115178083521,-7.815318517226842
1191,45088.0,45314.00319543429,45119.25710294491,45215.976757280245,45295.94162456151,-224.0,4.534828407529858,-186.8235380356382,-70.38013678701827,-6.953620952070196
1192,45056.0,45317.8920334617,45088.71907963384,45209.58499913335,45299.38508483751,152.0,3.1039711161101877,133.05737485811915,70.40074141978403,15.612714517879795
1193,45392.0,45320.21113766651,45385.37185266115,45356.77824011981,45327.167053597266,304.0,1.4542978700374078,263.51203633305704,129.58236104637035,24.54032143962104
1194,45664.0,45320.800629201774,45615.743152299954,45468.74972122609,45348.46572771675,-32.0,-0.24931043029209832,-10.912938861420116,14.346341719327029,5.521960505320749
1195,45328.0,45319.71251680593,45363.54597493831,45385.47092355847,45338.21097460791,-72.0,-1.7734846314961032,-74.4673026701239,-54.54333588839654,-9.744204378446739
1196,45520.0,45317.25365993878,45466.808546959706,45359.6630494493,45328.977318959856,-264.0,-2.8728683267218003,-238.90779115358964,-105.97634938451301,-18.784789700061083
1197,44800.0,45313.966780152485,44885.73039263113,45173.51822478944,45300.641395207786,56.0,-3.344008757652773,42.54208742965784,0.6142877348574984,-3.3038539916778973
1198,45632.0,45310.56564242348,45551.89272181902,45360.891624919015,45322.3696109765,160.0,-3.0936872790152847,146.8707576539382,51.81921258908187,6.2466963175393175
1199,45120.0,45307.779405594454,45179.471907939005,45277.156649967605,45313.134787842864,-104.0,-2.1756200083364092,-75.06127418501273,-5.156649967604608,0.4219162585068261
1200,45424.0,45306.214402406804,45401.770173449,45350.578324983806,45323.213443493514,304.0,-1.5650031876502908,222.29826550999132,73.42167501620133,10.078655650650035
