distance,Raw,Median+Gaussian,Huber MRF lambda=0.1,Huber MRF lambda=1,Huber MRF lambda=10,derivative:Raw,derivative:Median+Gaussian,derivative:Huber MRF lambda=0.1,derivative:Huber MRF lambda=1,derivative:Huber MRF lambda=10
0,32880.0,33738.05014533085,32883.942593108615,32906.33007456793,33365.16376477669,48.0,81.99926655331365,39.42593108616711,26.33007456792984,48.5163764776662
1,32928.0,33820.04941188417,32923.36852419478,32932.66014913586,33413.68014125436,16.0,121.99781927699951,16.268552060078946,28.660149135856045,72.80038354038697
2,32912.0,33982.04578388485,32916.47969722877,32963.65037283964,33510.764531857465,8.0,199.91216547392833,15.509659177860158,56.81541012360685,127.02261719597664
3,32944.0,34219.873742832024,32954.3878425505,33046.29096938307,33667.72537564631,80.0,272.4554907265119,89.84735807421748,133.7860812349645,193.14711257116505
4,33072.0,34526.956765337876,33096.17441337721,33231.22253530957,33897.058756999795,296.0,337.1188082134322,290.8060815646568,264.5428335812867,270.58631920347034
5,33536.0,34894.11135925889,33536.000005679816,33575.37663654565,34208.89801405325,736.0,391.3050917760338,723.912792410465,656.388752087907,345.48415775612375
6,34544.0,35309.566948889944,34543.99999819814,34544.000039485385,34588.02707251204,1032.0,432.59663941023973,1031.9999973201338,1012.3116211350898,695.5268213549643
7,35600.0,35759.30463807937,35600.000000320084,35599.99987881583,35599.95165676318,808.0,459.0931592319612,808.0000009895157,808.0000473308028,786.015271101689
8,36160.0,36227.753267353866,36160.00000017717,36160.00013414699,36160.05761471542,712.0,469.7376726410075,711.9999997356899,712.0000341052219,712.0114160341182
9,37024.0,36698.77998336138,37023.999999791464,37023.99994702627,37023.974488831416,1120.0,464.56755196523955,1101.3528855633267,1045.4114786317186,887.244163856325
10,38400.0,37156.888371284345,38362.70577130382,38250.82309141043,37934.54594242807,656.0,444.81934403719424,674.64711540801,730.5884865253902,623.7780947902247
11,38336.0,37588.41867143577,38373.294230607484,38485.17692007705,38271.530678411866,352.0,412.8018763164473,370.6471116913781,405.44367975546265,333.761269904393
12,39104.0,37982.49212391724,39103.99999468658,39061.71045092135,38602.06848223686,640.0,371.64217666821787,600.1358960667458,458.8873652546681,305.4412279368298
13,39616.0,38331.70302477221,39573.566022740975,39402.95165058639,38882.413134285525,200.0,324.9369502959016,214.37848385423786,234.71702495821955,243.66530876294564
14,39504.0,38632.36602450904,39532.756962395055,39531.14450083779,39089.39909976275,88.0,276.28757252858486,102.97575162935391,141.76510067030904,186.25592046536258
15,39792.0,38884.27816982938,39779.51752599968,39686.481851927005,39254.92497521625,224.0,228.89494841390115,184.3481936030512,102.57827705270756,138.67212421431395
16,39952.0,39090.155921336845,39901.45334960116,39736.30105494321,39366.743348191376,-176.0,185.26838588024475,-150.97391483341198,-58.03026951218999,82.555540384692
17,39440.0,39254.814941589866,39477.56969633286,39570.421312902625,39420.036055985634,-248.0,147.0319991460492,-215.85868516332266,-100.66908558926661,52.2945105935396
18,39456.0,39384.219919628944,39469.73597927451,39534.962883764674,39471.332369378455,88.0,114.88140921395097,60.846179314219626,4.023012744382868,52.06293186174662
19,39616.0,39484.57776001777,39599.2620549613,39578.46733839139,39524.16191970913,48.0,88.68525380575011,45.83635049327859,24.73812382241158,48.23764631612721
20,39552.0,39561.590427240444,39561.40868026107,39584.4391314095,39567.80766201071,0.0,67.69056539874873,9.190026605112507,22.19135872285915,44.436125402116886
21,39616.0,39619.958890815265,39617.64210817152,39622.85005583711,39613.03417051336,80.0,50.78616749725188,64.44396876808605,41.83595234616223,45.07821702832007
22,39712.0,39663.16276223495,39690.29661779724,39668.11103610182,39657.96409606735,-56.0,36.780302867584396,-35.862401388068974,23.316498315623903,42.22813035735817
23,39504.0,39693.519496550434,39545.917305395385,39669.48305246836,39697.49043122808,56.0,24.64014373376267,65.20721457506079,84.11354260071312,49.20085672213099
24,39824.0,39712.44304970247,39820.71104694736,39836.33812130325,39756.36580951161,280.0,13.662525555002503,258.34897628878025,173.02412948651545,55.49366875911437
25,40064.0,39720.84454766044,40062.615257972946,40015.53131144139,39808.47776874631,248.0,3.5461679374202504,234.9805008903204,154.9588458588296,39.33584767200955
26,40320.0,39719.535385577314,40290.672048728,40146.25581302091,39835.03750485563,88.0,-5.635558803631284,81.41703439506455,43.85240808997332,2.3116113521064108
27,40240.0,39709.57343005318,40225.449326763075,40103.236127621334,39813.10099145052,-144.0,-13.532222927096882,-137.97608814953492,-111.40162158890598,-43.28146383258718
28,40032.0,39692.47093972312,40014.719872428934,39923.452569843095,39748.474577190456,-368.0,-19.67850073394584,-344.98558065071484,-234.05727285669127,-78.80268540054021
29,39504.0,39670.216428585285,39535.478165461645,39635.12158190795,39655.49562064944,-272.0,-23.67840369003534,-273.99539119784095,-222.7701969811642,-85.40417550854181
30,39488.0,39645.11413234305,39466.72909003325,39477.91217588077,39577.66622617337,-184.0,-25.33009792557641,-175.1036252621343,-162.25331808680494,-73.34608316740196
31,39136.0,39619.55623273413,39185.27091493738,39310.61494573434,39508.803454314635,-16.0,-24.684432662572362,-35.10360040899832,-79.98975727925063,-50.2225991430023
32,39456.0,39595.745267017905,39396.521889215255,39317.932661322266,39477.22102788737,-136.0,-22.086965591453918,-122.2824395292082,-61.71595375093966,-30.521375032902142
33,38864.0,39575.382301551224,38940.70603587896,39187.18303823246,39447.76070424883,16.0,-18.106448761187494,22.42529677501443,30.841896026424365,-0.2722884260947467
34,39488.0,39559.53236949553,39441.372482765284,39379.616453375114,39476.67645103518,224.0,-13.41697108491644,208.9607498796213,138.24164183020912,28.349569338108267
35,39312.0,39548.54835938139,39358.6275356382,39463.66632189288,39504.45984292505,280.0,-8.695764744570624,264.9607339275535,159.88302946421027,37.40638403611956
36,40048.0,39542.14084000639,39971.29395062039,39699.382512303535,39551.48921910742,120.0,-4.506012337969878,108.09919573941079,61.407446562418045,22.203837137742084
37,39552.0,39539.53633470545,39574.825927117025,39586.48121501772,39548.86751720053,-328.0,-1.2213510504698206,-275.86941843713794,-95.66068977695977,-2.7783260468604567
38,39392.0,39539.69813790545,39419.555113746115,39508.061132749615,39545.9325670137,0.0,1.0131875100523757,-17.495244640344026,-20.389515893297357,4.761678163849865
39,39552.0,39541.56270972556,39539.83543783634,39545.70218323112,39558.39087352823,64.0,2.269371402762772,59.45751327191101,34.49214209707134,12.777850190948811
40,39520.0,39544.236880710974,39538.47014028994,39577.04541694376,39571.488267395594,96.0,2.7845185439618945,90.98540390326525,59.86594218451137,15.671807237140456
41,39744.0,39547.13174681348,39721.80624564287,39665.434067600145,39589.73448800251,72.0,2.891276885067782,72.36733356726472,49.10568445645913,10.532945007045782
42,39664.0,39550.01943448111,39683.20480742447,39675.256785856676,39592.554157409686,72.0,2.9399689244928595,57.42259890395508,15.451111184873298,-0.7526227223461319
43,39888.0,39553.011684662466,39836.65144345078,39696.33628996989,39588.22924255782,-104.0,3.2195818571381096,-103.29614671980744,-74.75235090184287,-19.31345272397084
44,39456.0,39556.458598195386,39476.61251398485,39525.75208405299,39553.927251961744,-296.0,3.903038498119713,-256.97635954168436,-135.70816389040192,-29.40562799798863
45,39296.0,39560.817761658705,39322.69872436741,39424.91996218909,39529.41798656184,-16.0,5.025555122949299,-20.42016778040488,-36.372140769362886,-12.838366071813653
46,39424.0,39566.509708441285,39435.77217842404,39453.007802514265,39528.25051981812,216.0,6.49135173317336,171.93434617683306,42.59174158231326,4.0450592471861455
47,39728.0,39573.80046512505,39666.567416721075,39510.103445353714,39537.508105056215,-216.0,8.108551723787969,-183.5330301892791,-51.85263448369733,-0.2670095090943505
48,38992.0,39582.72681188886,39068.706118045484,39349.30253354687,39527.71650079993,-24.0,9.638939662705525,-16.59748247562311,17.850354966587474,16.994220783708442
49,39680.0,39593.07834445046,39633.37245176983,39545.80415528689,39571.49654662363,256.0,10.860727775565465,240.9607186926114,129.40369938346703,38.35487315488717
50,39504.0,39604.44826743999,39550.62755543071,39608.109932313804,39604.4262471097,160.0,11.600631185043312,155.67067838695948,114.36074318381361,37.951012841553165
51,40000.0,39616.27960682055,39944.71380854375,39774.525641654516,39647.39857230674,144.0,11.771401624613645,112.37749825921128,53.67853016796653,25.34225381237411
52,39792.0,39627.99107068922,39775.38255194913,39715.46699264974,39655.11075473445,-304.0,11.378447685558058,-252.41849684896806,-97.32515267990675,0.8677201644350134
53,39392.0,39639.036502191666,39439.87681484581,39579.8753362947,39649.13401263561,-104.0,10.493437282177183,-96.1216628742477,-41.65398820768314,6.8799585329361435
54,39584.0,39648.97794525357,39583.139226200634,39632.15901623437,39668.87067180032,152.0,9.242263191474194,138.9585423579956,76.36318805685733,23.980192754734162
55,39696.0,39657.521028574614,39717.7938995618,39732.60171240842,39697.09439814508,280.0,7.784287282353034,243.6241711701914,118.74355237825148,28.278446252006688
56,40144.0,39664.54651981828,40070.38756854102,39869.646120990874,39725.42756430434,-48.0,6.296760262739554,-37.386286076969554,-0.13253092211016337,7.404544374476245
57,39600.0,39670.11454910009,39643.02132740786,39732.3366505642,39711.90348689403,-232.0,4.9565926690920605,-190.3418063325953,-71.1411451445747,-7.928903065607301
58,39680.0,39674.45970515646,39689.703955875826,39727.363830701725,39709.56975817312,128.0,3.928676852974604,95.20240784708221,18.70909548838972,-0.8552408122486668
59,39856.0,39677.97190280604,39833.42614310203,39769.75484154098,39710.19300526953,40.0,3.3453080536346533,30.852902736318356,-0.7315683902634191,-6.6671026401127165
60,39760.0,39681.15032126373,39751.40976134846,39725.9006939212,39696.2355528929,-152.0,3.2837565065456147,-124.96757501126558,-60.90380065917634,-17.145674731993495
61,39552.0,39684.539415819134,39583.4909930795,39647.947240222624,39675.901655805545,0.0,3.7487642500636866,-10.46380287149077,-29.979833587258327,-14.138814297071804
62,39760.0,39688.64784976386,39730.48215560548,39665.94102674668,39667.95792429875,16.0,4.66037315736321,-0.5980594465909235,-29.035700102605915,-12.545835291857657
63,39584.0,39693.86016213386,39582.294874186315,39589.87584001741,39650.80998522183,-192.0,5.859481054969365,-156.71291048760395,-73.1272667205667,-13.807439815831458
64,39376.0,39700.3668118738,39417.05633463027,39519.68649330555,39640.34304466709,64.0,7.132396080487524,40.04313359531807,1.6538999409131065,2.750211678616324
65,39712.0,39708.124954294835,39662.38114137695,39593.18363989924,39656.31040857906,-8.0,8.259982807645429,-2.769486368575599,14.08896654331329,13.182884340927558
66,39360.0,39716.88677748909,39411.51736189312,39547.864426392174,39666.708813348945,-16.0,9.066475182284194,6.723029981778382,48.61299968901949,25.733845437327545
67,39680.0,39726.257904659404,39675.82720134051,39690.40963927728,39707.77809945372,272.0,9.452088604768505,243.44584614994164,147.75003252374518,42.45819107745774
68,39904.0,39735.79095469863,39898.409054193005,39843.364491439665,39751.62519550386,208.0,9.41397267301727,194.6271238175359,122.63709788221604,36.22835582533662
69,40096.0,39745.08585000544,40065.08144897558,39935.68383504171,39780.23481110439,16.0,9.039863360216259,12.07963966047464,12.161261122902943,12.821356155753165
70,39936.0,39753.87068141906,39922.568333513955,39867.68701368547,39777.26790781537,-240.0,8.466934016778396,-209.67144789186932,-102.15331451350357,-10.903507898259704
71,39616.0,39762.019718038995,39645.73855319184,39731.3772060147,39758.42779530787,-136.0,7.830497678973188,-128.1370143628883,-78.62120466341366,-11.718722742101818
72,39664.0,39769.531676777005,39666.29430478818,39710.44460435864,39753.83046233116,40.0,7.219891826487583,32.02727553724617,2.2897005232625816,-0.10580986014610971
73,39696.0,39776.45950169197,39709.79310426633,39735.95660706123,39758.21617558758,136.0,6.645782623989362,112.4643208098023,45.49030623319777,7.496522035791713
74,39936.0,39782.823242024984,39891.22294640778,39801.42521682504,39768.82350640275,-64.0,6.035944279170508,-42.45542581965492,-1.8187818236729072,2.2485061353072524
75,39568.0,39788.53139025031,39624.88225262702,39732.31904341388,39762.71318785819,16.0,5.258236079960625,18.07056935433502,13.053348295783508,3.6253408483535168
76,39968.0,39793.339714184905,39927.36408511645,39827.531913416606,39776.074188099454,136.0,4.162186504854617,99.30225807171519,24.978826711030706,3.764709646235133
77,39840.0,39796.85576326002,39823.48676877045,39782.27669683594,39770.24260715066,-232.0,2.642807238502428,-186.4434724937273,-74.11686816268775,-9.31945059125428
78,39504.0,39798.62532866191,39554.477140129,39679.29817709123,39757.435286916945,-8.0,0.6839534518912842,-16.623927996475686,-15.329431199104874,-0.13555588787494344
79,39824.0,39798.2236701638,39790.2389127775,39751.61783443773,39769.97149537491,80.0,-1.6080604796989064,66.95633653603,36.128574565376766,9.834783226717263
80,39664.0,39795.40920770251,39688.38981320106,39751.555326221984,39777.10485337038,0.0,-3.994496090548637,20.099966428850166,43.71515489523517,12.788600663981924
81,39824.0,39790.234677982706,39830.4388456352,39839.0481442282,39795.54869670288,200.0,-6.131481692063971,174.24326061015017,95.01689012032512,17.021278167645505
82,40064.0,39783.146244318385,40036.87633442136,39941.589106462634,39811.14740970567,64.0,-7.619614609804557,70.81916089295919,41.33551546574745,2.9560834880758193
83,39952.0,39774.9954487631,39972.07716742112,39921.7191751597,39801.46086367903,48.0,-8.088358760873234,35.5866701053601,-35.010343723090045,-17.213502842692833
84,40160.0,39766.96952679664,40108.04967463208,39871.568419016454,39776.720404020285,-392.0,-7.2703506073885364,-368.89472333166486,-194.36654663501395,-43.90443945772495
85,39168.0,39760.45474754832,39234.28772075779,39532.98608188967,39713.65198476358,-312.0,-5.069231798301189,-297.20774638228977,-156.0892961819518,-35.78582001853283
86,39536.0,39756.831063200036,39513.6341818675,39559.38982665255,39705.14876398322,192.0,-1.6096187650873617,167.5173704471781,38.09865808915856,-0.04578258119363454
87,39552.0,39757.235510018145,39569.32246165215,39609.18339806799,39713.56041960119,144.0,2.768554689049779,142.30058804539294,78.38527044943112,16.4896765980302
88,39824.0,39762.368172578135,39798.235357958285,39716.16036755141,39738.12811717928,120.0,7.558612524124328,100.08968609758085,53.057153259131155,20.274103437051963
89,39792.0,39772.35273506639,39769.50183384731,39715.29770458625,39754.108626475296,-168.0,12.166937413523556,-141.22435487444454,-39.21381067204129,14.085940619781468
90,39488.0,39786.70204740518,39515.786648209396,39637.73274620733,39766.29999841884,-144.0,16.019049937207456,-114.78194459095539,-2.6985852752513892,26.1063718644873
91,39504.0,39804.39083494081,39539.9379446654,39709.90053403575,39806.32137020427,400.0,18.657739587968535,351.59601939613276,175.11805484628712,55.13744029564259
92,40288.0,39824.01752658112,40218.97868700166,39987.968855899904,39876.57487901013,176.0,19.817011389215622,186.1791777314429,128.05274981410912,49.682252756363596
93,39856.0,39844.02485771924,39912.296300128284,39966.006033663965,39905.685875717,-32.0,19.461805058876052,-25.200886231959885,33.04019459604024,31.595290492721688
94,40224.0,39862.94113669887,40168.57691453774,40054.049245091985,39939.76545999557,-16.0,17.781279228205676,-20.834812901855912,3.0678339740115916,19.86785727835013
95,39824.0,39879.58741617565,39870.62667432457,39972.14170161199,39945.4215902737,-96.0,15.138497352723789,-64.8168685903147,-7.836692673998186,11.727209791813948
96,40032.0,39893.21813140432,40038.94317735711,40038.37585974399,39963.2198795792,256.0,11.998621518156142,203.0323898180868,69.42208800399385,14.359283284458797
97,40336.0,39903.58465921196,40276.691453960746,40110.985877619976,39974.140156842615,-64.0,8.838676023035077,-58.79445359265446,-39.89704331402754,-7.172714894451929
98,39904.0,39910.89548345039,39921.3542701718,39958.58177311593,39948.874449790295,-320.0,6.067146913399483,-268.56583292992946,-125.11321794607284,-23.0219845628053
99,39696.0,39915.71895303876,39739.55978810089,39860.75944172783,39928.096187717005,64.0,3.969659327292902,36.004458433504624,-15.44261052418733,-9.173452687442477
100,40032.0,39918.834802104975,39993.36318703881,39927.69655206756,39930.52754441541,72.0,2.6749107971154444,60.61933413198494,14.785386373510846,-2.6422660808202636
101,39840.0,39921.06877463299,39860.79845636486,39890.33021447485,39922.811655555364,-40.0,2.1663702430814737,-28.57244884969259,-12.201230355280131,-3.575306082278985
102,39952.0,39923.16754259114,39936.21828933943,39903.294091357,39923.37693225085,8.0,2.309237409153866,-3.48872032827785,-11.389077439354878,-0.8658766919688787
103,39856.0,39925.6872494513,39853.8210157083,39867.55205959614,39921.07990217143,-120.0,2.909750600956613,-93.29219508962706,-29.96600196278814,0.9569650291450671
104,39712.0,39928.98704379305,39749.63389916017,39843.36208743142,39925.29086230914,104.0,3.768551508896053,83.98237925271678,41.49107155099409,14.87550325317352
105,40064.0,39933.22435246909,40021.785774213735,39950.53420269813,39950.83090867777,64.0,4.720599014955951,61.08074612224664,50.43921661577042,19.881591802517505
106,39840.0,39938.42824182296,39871.79539140467,39944.24052066296,39965.05404591418,-16.0,5.659556728922325,8.986574214271968,45.826578296317166,20.47583953211506
107,40032.0,39944.54346592694,40039.75892264228,40042.187359290765,39991.782587742004,240.0,6.539630328185012,206.75814444898424,103.04051827318472,24.717671214926668
108,40320.0,39951.50750247933,40285.311680302635,40150.32155720933,40014.48938834403,88.0,7.352289660091628,72.111159173528,23.294976523236983,7.431270019227668
109,40208.0,39959.24804524712,40183.981240989335,40088.77731233724,40006.64512778046,-248.0,8.083011285289103,-221.42423436662648,-121.15558870348104,-17.91200417455184
110,39824.0,39967.67352504991,39842.46321156938,39908.01037980237,39978.66537999493,-272.0,8.690705772223737,-249.20197157304574,-138.76174263367648,-20.24647878577889
111,39664.0,39976.62945679157,39685.57729784324,39811.253827069886,39966.1521702089,-56.0,9.097635185800755,-48.999424509918754,-23.129639197548386,2.5943987244136224
112,39712.0,39985.86879542151,39744.464362549545,39861.75110140727,39983.854177443754,280.0,9.209972637039755,243.76306615373323,125.37282504102768,31.294716107044223
113,40224.0,39995.04940206565,40173.10343015071,40061.99947715194,40028.74160242299,144.0,8.941075613063731,151.60202965501958,119.24811432064234,35.12450510038252
114,40000.0,40003.75094664764,40047.668421859584,40100.24733004856,40054.10318764452,120.0,8.253161916924,112.90710100677825,88.37151792089571,28.066744603758707
115,40464.0,40011.555725899496,40398.917632164266,40238.74251299373,40084.87509163051,32.0,7.177806938492722,25.83737112601375,25.866439442037517,11.815658567509672
116,40064.0,40018.106560524626,40099.34316411161,40151.98020893263,40077.73450477954,-160.0,5.819249253912858,-122.8586474945987,-42.77219959477952,-6.453861611986213
117,40144.0,40023.19422440732,40153.20033717507,40153.198113804174,40071.967368406535,144.0,4.333554374519736,99.85885893881277,5.816961773627554,-9.368767952681083
118,40352.0,40026.773669273665,40299.06088198924,40163.61413247989,40058.99696887418,-144.0,2.8757117503228073,-125.80784556250728,-83.77691508433782,-27.620551088650245
119,39856.0,40028.94564790797,39901.584646050054,39985.6442836355,40016.726266229234,-168.0,1.5733170507082832,-162.58020536606273,-113.14770702664828,-34.23438933348007
120,40016.0,40029.92030337508,39973.90047125711,39937.31871842659,39990.52819020722,-152.0,0.4929866493221198,-138.1818185074044,-87.66620599560702,-27.471666511653893
121,39552.0,40029.93162120661,39625.221009035246,39810.311871644284,39961.78293320593,56.0,-0.36345438082207693,42.96843675132186,2.1490890398381453,-8.256110340993473
122,40128.0,40029.19339461344,40059.837344759755,39941.61689650627,39974.01596952523,72.0,-1.0225131114566466,68.26020572634297,38.113473115114175,4.533834795562143
123,39696.0,40027.8865949837,39761.74142048793,39886.53881787451,39970.85060279705,24.0,-1.5073782646140899,30.611178167833714,40.19133030550074,10.57716341167179
124,40176.0,40026.17863808421,40121.05970109542,40021.99955711727,39995.17029634857,96.0,-1.794215119418368,84.61678608459624,58.46051780139169,15.278208368956257
125,39888.0,40024.29816474486,39930.974992657124,40003.459853477296,40001.40701953496,8.0,-1.788798347242846,24.790254847317556,39.19022309867432,11.907074163133075
126,40192.0,40022.601041389724,40170.64021079006,40100.38000331462,40018.98444467484,168.0,-1.3448030909312365,132.86627208320715,51.11015149463492,8.926647373624292
127,40224.0,40021.608558563,40196.70753682354,40105.680156466566,40019.26031428221,-136.0,-0.3025610416952986,-110.39498984883903,-53.8597686147732,-9.961114678520971
128,39920.0,40021.99591930633,39949.85023109238,39992.66046608507,39999.0622153178,-96.0,1.4529309736099094,-97.60615026925007,-76.6894573389618,-16.2449881985267
129,40032.0,40024.51442051022,40001.49523628504,39952.30124178864,39986.77033788516,-96.0,3.929705208644009,-100.87881338212901,-80.20860340210857,-14.553360538375273
130,39728.0,40029.85532972362,39748.09260432812,39832.243259280855,39969.95549424105,-184.0,6.998234731450793,-152.9396103163308,-67.93635286736026,-4.71706893206283
131,39664.0,40038.51088997312,39695.61601565238,39816.42853605392,39977.33620002103,112.0,10.399095634096739,105.60348958612303,60.399544800031435,23.047515781036054
132,39952.0,40050.653520991815,39959.29958350037,39953.04234888092,40016.05052580312,352.0,13.77912122485941,300.1814853498363,137.1349872674473,41.91685207224509
133,40368.0,40066.06913242284,40295.97898635205,40090.698510588816,40061.16990416552,-152.0,16.761729856356396,-123.80658835728536,-0.9945829976895766,29.77787357068155
134,39648.0,40084.17698070453,39711.6864067858,39951.05318288554,40075.60627294448,-208.0,19.03368627177406,-165.47962266804097,11.881263739494898,35.816682426182524
135,39952.0,40104.13650496639,39965.01974101597,40114.461038067806,40132.80326901789,560.0,20.394871868582413,502.38112105818436,244.638374216167,66.23715952429848
136,40768.0,40124.96672444169,40716.448648902166,40440.32993131787,40208.08059199308,328.0,20.778981633757212,309.7230706488408,162.03385890900609,47.281352574846096
137,40608.0,40145.6944682339,40584.46588231365,40438.52875588582,40227.36597416758,-296.0,20.248932416587195,-249.6533550202803,-86.53679748914874,0.25368088287723367
138,40176.0,40165.46458927487,40217.141938861605,40267.256336339575,40208.58795375883,-152.0,18.954460544660833,-161.6142491440187,-125.64425137645594,-17.14862272080063
139,40304.0,40183.60338932322,40261.23738402561,40187.240253132906,40193.06872872598,-240.0,17.081804674882733,-225.56848154420732,-138.3959566402118,-21.065788596559287
140,39696.0,40199.62819862463,39766.00497577319,39990.46442305915,40166.456376565715,-96.0,14.810981115995673,-89.35668255016935,-49.54361854418312,-3.0895333319749625
141,40112.0,40213.225351555215,40082.52401892527,40088.15301604454,40186.88966206203,192.0,12.290714190683502,169.139137778453,85.76510100765518,24.177768599412957
142,40080.0,40224.209627006,40104.2832513301,40161.99462507446,40214.81191376454,136.0,9.632834304258722,143.17548905528383,114.83892156715592,34.66284739074035
143,40384.0,40232.49102016373,40368.87499703584,40317.83085917885,40256.21535684351,208.0,6.939912194939097,188.9667308849639,122.75166369381986,35.014210921144695
144,40496.0,40238.08945139588,40482.216713100024,40407.4979524621,40284.84033560683,40.0,4.308615717021894,44.42528156430126,45.416069514300034,18.066995543664234
145,40464.0,40241.108251597776,40457.72556016444,40408.66299820745,40292.34934793084,-64.0,1.8373483235263848,-55.86335211337064,-26.50345515092704,-1.0735202794530778
146,40368.0,40241.76414804293,40370.49000887328,40354.49104216025,40282.693295047924,-72.0,-0.37503806962195085,-74.78550692474528,-60.92643496708115,-13.921388130518608
147,40320.0,40240.35817545853,40308.15454631495,40286.81012827329,40264.5065716698,-128.0,-2.254646533765481,-121.5627309835545,-84.27584975030913,-20.961394794630905
148,40112.0,40237.2548549754,40127.364546906174,40185.93934265963,40240.77050545866,-112.0,-3.7663243023562245,-103.96726487791966,-63.901114283846255,-17.29754093820884
149,40096.0,40232.82552685382,40100.22001655911,40159.0078997056,40229.91148979338,-16.0,-4.918493765344465,-6.044447551514168,4.572506898766733,-4.16344117560584
150,40080.0,40227.41786744471,40115.275651803146,40195.08435645716,40232.44362310745,216.0,-5.755632290176436,191.43389425977875,93.61863498014282,10.15431446943694
151,40528.0,40221.31426227347,40483.08780507867,40346.24516966588,40250.22011873226,176.0,-6.337338284654834,143.25117866887376,60.28339804166535,3.8875015614212316
152,40432.0,40214.7431908754,40401.77800914089,40315.65115254049,40240.21862623029,-312.0,-6.706674231736542,-251.19092683556664,-88.76844085514313,-19.59056119044908
153,39904.0,40207.900913809994,39980.70595140754,40168.7082879556,40211.03899635136,32.0,-6.8839694221424,15.944153625441686,-14.588720607102005,-13.827680061363935
154,40496.0,40200.975252031116,40433.66631639178,40286.47371132629,40212.563266107565,136.0,-6.8512581753821,106.57666922426142,13.002279033837112,-12.647566938419914
155,40176.0,40194.19839745923,40193.85928985606,40194.71284602327,40185.74386247452,-176.0,-6.570923859326285,-150.5105772554234,-82.40444229138302,-26.33221050931752
156,40144.0,40187.83340431246,40132.64516188093,40121.66482674352,40159.89884508893,-112.0,-6.006009101642121,-117.98831857046389,-84.21560590798254,-25.050075131144695
157,39952.0,40182.186379255945,39957.88265271513,40026.281634207306,40135.64371221223,-176.0,-5.145774183798494,-145.34924559013234,-58.242375432568224,-15.072947266085976
158,39792.0,40177.541855944866,39841.946670700665,40005.18007587839,40129.75295055676,224.0,-4.0179160196385055,195.654524007703,85.48847961027786,10.996885872365965
159,40400.0,40174.15054721667,40349.19170073054,40197.25859342786,40157.63748395696,216.0,-2.6756174656438816,191.34638116371934,90.70781426340545,15.766407598053775
160,40224.0,40172.19062101358,40224.639433028104,40186.5957044052,40161.285765752866,-152.0,-1.1975708531572309,-121.35510256190537,-29.36503682006878,0.5125700835451426
161,40096.0,40171.755405510354,40106.48149560673,40138.528519787724,40158.66262412405,-72.0,0.3385976716053847,-65.75045938774565,-26.802924723611795,0.5099895773855678
162,40080.0,40172.86781635679,40093.13851425261,40132.989854957974,40162.30574490764,64.0,1.8737590869277483,52.34958990893938,20.956262649233395,7.7584080289707344
163,40224.0,40175.50292368421,40211.180675424606,40180.44104508619,40174.17944018199,64.0,3.3696750012240955,53.94553829501092,25.671712671319256,9.382667283454794
164,40208.0,40179.60716635924,40201.029590842634,40184.33328030061,40181.07107947455,-64.0,4.811125872001867,-45.003130368822895,-7.941124635275628,5.545193266283604
165,40096.0,40185.12517542821,40121.17441468696,40164.55879581564,40185.26982671456,64.0,6.185140698606119,46.016897279136174,14.504913422842947,8.662238575740048
166,40336.0,40191.97744775645,40293.06338540091,40213.3431071463,40198.39555662603,-56.0,7.469036251495709,-42.79410228154302,-12.544135096191894,6.245507742765767
167,39984.0,40200.063247931204,40035.586210123874,40139.470525623256,40197.76084220009,0.0,8.62681697302105,0.45387534232941107,3.8626812885886466,10.053327684072428
168,40336.0,40209.23108170249,40293.971136085565,40221.068469723476,40218.50221199417,64.0,9.598389679060347,48.2406063895105,24.132178961954196,14.866480393786333
169,40112.0,40219.260027289325,40132.067422902895,40187.734883547164,40227.493802987665,-96.0,10.307452229793853,-61.566598668210645,4.533855597273941,14.766281142878142
170,40144.0,40229.84598616208,40170.837938749144,40230.13618091802,40248.03477427993,208.0,10.681744495406747,172.96020959197995,85.46938782987127,25.742710006259585
171,40528.0,40240.62351628014,40477.987842086855,40358.67365920691,40278.979223000184,56.0,10.668468817100802,57.089113771988195,43.87430789233986,18.493409870265168
172,40256.0,40251.18292379628,40285.01616629312,40317.8847967027,40285.02159402046,-64.0,10.23578294373874,-47.890844328150706,-9.846464152855333,7.49345072129654
173,40400.0,40261.095082167616,40382.206153430554,40338.980730901196,40293.96612444278,24.0,9.3876054360735,8.220754290181503,-9.413700350905856,3.6428366444597486
174,40304.0,40269.95813466843,40301.45767487348,40299.05739600089,40292.30726730938,-112.0,8.156767305401445,-93.46010418963488,-42.3946368998586,-2.2434937679354334
175,40176.0,40277.40861677842,40195.285945051284,40254.19145710148,40289.479136906906,-8.0,6.580517413574853,-9.742004565796378,-5.770210348669934,2.8458264428809343
176,40288.0,40283.11916949558,40281.97366574189,40287.51697530355,40297.99892019514,64.0,4.706014270992455,56.55604940007106,33.08400585384152,9.019729297986487
177,40304.0,40286.820645320404,40308.398043851426,40320.35946880916,40307.51859550288,40.0,2.5869416988607554,48.41459736665638,41.02222791019449,9.69560508288123
178,40368.0,40288.2930528933,40378.8028604752,40369.56143112394,40317.3901303609,152.0,0.2779079966021527,124.41911899979095,49.98267787675286,7.3410413760720985
179,40608.0,40287.37646131361,40557.23628185101,40420.32482456267,40322.20067825502,-80.0,-2.1504034536119434,-75.3851693691613,-43.07419427993955,-9.479418193128367
180,40208.0,40283.992245986075,40228.03252173688,40283.41304256406,40298.431293974645,-272.0,-4.5986338511247595,-229.04115142973023,-99.20526071657878,-19.24781958164749
181,40064.0,40278.17919361136,40099.15397899155,40221.91430312951,40283.70503909173,56.0,-6.928449023915164,46.891352212387574,17.458412130206852,-3.7410029283309996
182,40320.0,40270.135347938245,40321.815226161656,40318.329866824475,40290.94928811798,272.0,-8.952358642571198,231.73737797836657,95.58049710720297,5.791713432154211
183,40608.0,40260.274476326216,40562.62873494828,40413.075297343916,40295.28846595604,16.0,-10.442595659631479,13.957183528051246,-2.7169208086052095,-11.296398864142247
184,40352.0,40249.25015661898,40349.72959321776,40312.896025207265,40268.3564903897,-248.0,-11.16774876294221,-224.25117564175162,-119.73125953302224,-31.114151046855113
185,40112.0,40237.93897880033,40114.12638366478,40173.61277827787,40233.06016386233,-256.0,-10.9190376557126,-224.97129122908518,-108.4768577904506,-29.24331833425458
186,39840.0,40227.41208130756,39899.78701075959,40095.94230962636,40209.86985372119,216.0,-9.548456435910339,180.33876032844273,50.30068616166682,-4.696817455074779
187,40544.0,40218.84206592851,40474.80390432166,40274.214150601205,40223.66652895218,152.0,-7.020984000406315,133.29333573471376,43.37891627544741,-2.2199983214086387
188,40144.0,40213.370113306744,40166.373682229016,40182.70014217726,40205.42985707837,-240.0,-3.4415505615870643,-196.56181094755812,-72.16393733531731,-15.16517901988118
189,40064.0,40211.95896480534,40081.68028242655,40129.88627593057,40193.336170912415,24.0,0.939689105412981,3.70801233025486,-19.87072828140299,-5.6268776203396556
190,40192.0,40215.24949151757,40173.789706889525,40142.95868561445,40194.17610183769,8.0,5.737128312128334,1.057958910590969,-11.448247508891654,0.9487360171624459
191,40080.0,40223.433221429594,40083.79620024773,40106.98978091279,40195.23364294674,-88.0,10.467057674253738,-71.01250540314504,-22.474014245268336,6.819223256385158
192,40016.0,40236.18360686608,40031.764696083235,40098.010657123916,40207.81454835046,24.0,14.613627833015926,26.791976251675806,32.02620477307937,22.17163282124966
193,40128.0,40252.660477095626,40137.38015275108,40171.042190458946,40239.57690858924,168.0,17.704149704735755,152.51622042324743,94.55262856451009,37.34120566823185
194,40352.0,40271.59190627555,40336.79713692973,40287.115914252936,40282.49695968693,144.0,19.382466266164556,123.40266882731157,83.63168092045453,39.44489908203832
195,40416.0,40291.425409627955,40384.1854904057,40338.305552299855,40318.466706753316,-152.0,19.475092522661726,-111.68419449551948,12.342414196849859,31.093082404055167
196,40048.0,40310.54209132087,40113.42874793869,40311.800742646636,40344.68312449504,144.0,18.030167182845616,145.95594362044358,105.39556167009505,41.05057396646953
197,40704.0,40327.485743993646,40676.09737764659,40549.096675640045,40400.567854686255,384.0,15.308970244521333,333.58657154683897,159.84427081343165,40.71312292553557
198,40816.0,40341.160031809915,40780.60189103237,40631.4892842735,40426.10937034611,-96.0,11.742773196114285,-72.4860314523612,-9.862749229796464,6.046984177155537
199,40512.0,40350.971290385874,40531.12531474187,40529.37117718045,40412.661823040566,-160.0,7.857009182549518,-153.85000258114815,-93.43251850282468,-18.41445615351404
200,40496.0,40356.874050175014,40472.90188587007,40444.62424726785,40389.28045803908,-192.0,4.17301701375618,-173.71399952144202,-110.43480627867393,-28.71734209953138
201,40128.0,40359.31732441339,40183.697315698984,40308.501564623104,40355.2271388415,0.0,1.1181472621610737,-10.717991676159727,-45.87190033319712,-22.691962255499675
202,40496.0,40359.11034469934,40451.46590251775,40352.880446601455,40343.89653352808,80.0,-1.0412962985756167,45.09809940753621,-27.180894720917422,-18.93577863702012
203,40288.0,40357.234731816236,40273.89351451406,40254.13977518127,40317.35558156746,-296.0,-2.2271326307709387,-248.10481543340939,-115.67078382955515,-25.07317288224658
204,39904.0,40354.656079437795,39955.256271650935,40121.538878942345,40293.75018776359,-72.0,-2.531202583675622,-62.355884608445194,-23.83145676775166,-4.11788441569297
205,40144.0,40352.172326648884,40149.181745297166,40206.476861645766,40309.11981273608,248.0,-2.162572205601464,219.83420013207433,116.1764135263038,23.625615609289525
206,40400.0,40350.33093502659,40394.92467191508,40353.89170599495,40341.00141898217,248.0,-1.3740120010661485,220.36628619330804,124.36069734665944,28.93167719519988
207,40640.0,40349.42430264675,40589.91431768378,40455.198256339085,40366.98316712648,-80.0,-0.3983963778009638,-55.43876581237055,8.90567851367814,12.330906500636047
208,40240.0,40349.53414227099,40284.04714029034,40371.70306302231,40365.66323198344,-112.0,0.6011920106648176,-85.6314759417146,-17.643661805621377,4.96322645613327
209,40416.0,40350.62668666808,40418.65136580035,40419.91093272784,40376.90962003874,192.0,1.5504333614080679,147.86105451178082,50.16333606945409,9.291869057240547
210,40624.0,40352.635008993806,40579.769249313904,40472.02973516122,40384.24697009792,-88.0,2.4431247255961352,-60.035869916948286,-23.86632998601999,-4.65030143592594
211,40240.0,40355.512936119274,40298.57962596646,40372.1782727558,40367.60901716689,24.0,3.3061003026232356,11.70850648483247,-33.762326027510426,-10.257502072683565
212,40672.0,40359.24720959905,40603.18626228357,40404.505083106196,40363.73196595255,-168.0,4.161959806428058,-170.19095211195236,-101.42064809650765,-19.290452916713548
213,39904.0,40363.83685573213,39958.19772174255,40169.33697656279,40329.028111333464,-280.0,5.003230656089727,-243.27103198134864,-102.4996182620198,-13.452449052412703
214,40112.0,40369.25367091123,40116.64419832087,40199.50584658216,40336.82706784773,216.0,5.775889410757372,181.66746818267347,73.92179331044827,19.040309906646144
215,40336.0,40375.388634553645,40321.5326581079,40317.18056318368,40367.108731146756,120.0,6.3934613579695,132.55175032650732,108.26499819337187,31.837099856369605
216,40352.0,40382.04059362717,40381.747698973886,40416.0358429689,40400.50126756047,232.0,6.770025315556268,208.9535357354289,130.87320126966733,35.81759979173512
217,40800.0,40388.92868518476,40739.43972957876,40578.92696572302,40438.74393073023,48.0,6.8403804065455915,54.89067849863932,52.3546056156265,20.17985970626978
218,40448.0,40395.72135444026,40491.529055971165,40520.74505420015,40440.860986973006,-32.0,6.58371352260292,-30.265393751749798,-21.80938442279148,1.7601055914310564
219,40736.0,40402.09611222996,40678.90894207526,40535.308196877435,40442.26414191309,-120.0,6.035226119067374,-125.56326018898471,-85.78275888400094,-13.283637964264926
220,40208.0,40407.7918066784,40240.402535593195,40349.17953643215,40414.29371104448,-296.0,5.278194280224852,-249.00587184669348,-115.53889222920407,-17.655745316387765
221,40144.0,40412.65250079041,40180.89719838187,40304.23041241903,40406.95265128031,160.0,4.4267796017666114,124.98065469800713,35.16608219638147,5.806572799850983
222,40528.0,40416.64536588193,40490.36384498921,40419.511700824914,40425.90685664418,136.0,3.6053017044905573,121.28587155338755,61.037138818352105,13.849548196078104
223,40416.0,40419.863104199394,40423.468941488645,40426.30469005573,40434.65174767247,-48.0,2.9266221581165155,-29.55019605734924,11.945334258678486,9.67747841191158
224,40432.0,40422.49861019816,40431.26345287451,40443.40236934227,40445.261813468,0.0,2.4698488081230607,4.111775758436124,22.798863957676076,11.27315646893112
225,40416.0,40424.80280181564,40431.69249300552,40471.90241797108,40457.19806061033,72.0,2.2793901657350943,78.89150515860456,56.45125761434974,13.996150172846683
226,40576.0,40427.05739052963,40589.04646319172,40556.30488457097,40473.254113813695,264.0,2.3591343158695963,222.58628614481495,74.55490888538043,10.91875889405128
227,40944.0,40429.52107044738,40876.86506529515,40621.012235741844,40479.035578398434,-248.0,2.6691498525506177,-222.91380331595428,-96.7865309582121,-17.466756495341542
228,40080.0,40432.395690234735,40143.21885655981,40362.73182265455,40438.32060082301,-264.0,3.1380795436853077,-242.49419404115542,-116.91450176002036,-22.798947534269246
229,40416.0,40435.79722953475,40391.87667721284,40387.1832322218,40433.437683329896,168.0,3.6724082362343324,128.04120671721466,10.043025678154663,-4.011033326623874
230,40416.0,40439.7405067072,40399.30126999424,40382.817874010856,40430.298534169764,-112.0,4.167364308304968,-76.06905724739408,-20.95642120552293,-2.424222451641981
231,40192.0,40444.13195815136,40239.73856271805,40345.27038981076,40428.58923842661,96.0,4.526482402419788,79.13010631405632,39.08771070528019,10.120166178177897
232,40608.0,40448.79347151204,40557.561482622354,40460.99329542142,40450.53886652612,72.0,4.680893205502798,65.63033301609175,42.219553321374406,14.07657142581229
233,40336.0,40453.493744562365,40370.99922875023,40429.709496453506,40456.742381278236,-24.0,4.597797564551001,-11.566110120962549,15.570949258835753,12.240633816032641
234,40560.0,40457.989066641145,40534.42926238043,40492.13519393909,40475.020134158185,40.0,4.295997043060197,35.5763455323322,28.493294455129217,14.028759587854438
235,40416.0,40462.085738648486,40442.151919814896,40486.696085363765,40484.799900453945,40.0,3.848435488598625,38.482256508941646,29.908934106555535,13.21976131845804
236,40640.0,40465.68593761834,40611.39377539831,40551.9530621522,40501.4596567951,32.0,3.365239429855137,26.210732574956637,21.233507864537387,9.732739180912176
237,40480.0,40468.816217508196,40494.57338496481,40529.16310109284,40504.26537881577,-72.0,2.96599413837248,-43.95346560945109,1.7915894870602642,4.0189909614564385
238,40496.0,40471.61792589509,40523.48684417941,40555.53624112632,40509.497638718014,208.0,2.7559796888017445,166.34768011165215,56.141260596643406,5.9071418381427065
239,40896.0,40474.3281768858,40827.268745188114,40641.445622286126,40516.079662492055,-48.0,2.7983335987955797,-50.65097243081982,-41.36780769713005,-12.41399310135239
240,40400.0,40477.21459309268,40422.18489931777,40472.80062573206,40484.66965251531,-336.0,3.0855678281586734,-283.3827499013678,-132.24468368804082,-27.176527350980905
241,40224.0,40480.49931254212,40260.50324538538,40376.956254910045,40461.72660779009,40.0,3.538369621623133,20.834572994499467,-19.36624336699242,-11.056714335714787
242,40480.0,40484.291332335924,40463.85404530677,40434.068138998075,40462.55622384388,152.0,4.022169424668391,122.6210264552501,34.1459535870672,-0.04257275401687366
243,40528.0,40488.543651391454,40505.74529829588,40445.24816208418,40461.64146228206,-80.0,4.379680855421611,-69.38225553152006,-30.195895871809626,-4.232688447715191
244,40320.0,40493.05069404677,40325.08953424373,40373.676347254455,40454.09084694845,-192.0,4.4723878950680955,-155.208092833509,-44.733641202496074,-0.8460729861908476
245,40144.0,40497.48842718159,40195.32911262886,40355.78087967919,40459.94931630968,176.0,4.228050614303356,159.1084746062552,87.99497226432868,21.655935176713683
246,40672.0,40501.506795275374,40643.30648345624,40549.66629178311,40497.40271730188,312.0,3.6707785404942115,272.28645503173175,132.71855799548212,28.723536857294675
247,40768.0,40504.82998426258,40739.902022692324,40621.21799567015,40517.39639002427,-56.0,2.9228696466707333,-43.89434730229186,-1.8392982778859732,7.463492223600042
248,40560.0,40507.352534568716,40555.517788851655,40545.98769522734,40512.32970174908,-248.0,2.188383055217855,-206.79528958239825,-82.23645282914003,-7.450203187734587
249,40272.0,40509.206750373014,40326.31144352753,40456.74509001187,40502.4959836488,64.0,1.7059652220596035,42.350872313501895,3.129939790469507,1.691081082160963
250,40688.0,40510.764465012835,40640.21953347866,40552.24757480828,40515.7118639134,88.0,1.6786228776363714,75.005757344421,27.626272200548556,4.601473460272246
251,40448.0,40512.56399612829,40476.32295821637,40511.99763441297,40511.69893056934,-32.0,2.2160034736516536,-22.281784180460818,-8.251123188831116,-0.8279868155877921
252,40624.0,40515.19647196014,40595.65596511774,40535.74532843062,40514.05589028222,-16.0,3.296830172457703,-22.387167509947176,-20.379641767041903,-3.1402457730109745
253,40416.0,40519.1576564732,40431.548623196475,40471.238350878884,40505.41843902332,-112.0,4.753456203430687,-86.36422593886891,-36.88780211228732,-4.166529307738529
254,40400.0,40524.703384367,40422.92751324,40461.96972420604,40505.722831666746,144.0,6.293773306530056,106.01645624350931,21.71623543017995,5.590534226768796
255,40704.0,40531.74520308626,40643.581535683494,40514.670821739244,40516.59950747686,-96.0,7.563835420038231,-85.93173244734498,-41.96349159717283,1.5066511839504528
256,40208.0,40539.831055207076,40251.06404834531,40378.0427410117,40508.73613403465,-216.0,8.220665925193316,-172.70381230333805,-51.60671022169845,7.173433259522426
257,40272.0,40548.18653493665,40298.17391107682,40411.45740129585,40530.9463739959,208.0,8.010443074363138,177.9794181155812,103.14336093207385,35.157558661048824
258,40624.0,40555.8519413558,40607.02288457647,40584.329462875845,40579.051251356745,232.0,6.835718470483698,223.96339638199788,153.03679301791635,45.85743992868447
259,40736.0,40561.85797187762,40746.10070384081,40717.53098733168,40622.66125385327,208.0,4.782565291268838,189.58133846842975,123.96701812167885,37.94306518918529
260,41040.0,40565.41707193834,40986.18556151333,40832.2634991192,40654.937381735115,-48.0,2.115273010884266,-28.987334760819067,10.864261347120191,13.022996968604275
261,40640.0,40566.088517899385,40688.126034319175,40739.25951002592,40648.70724779048,-56.0,-0.768504618692532,-57.42935559829493,-43.374234080318274,-5.794771555116313
262,40928.0,40563.880062700955,40871.32685031674,40745.515030958566,40643.34783862488,-128.0,-3.4098043518133636,-126.02816205241106,-84.98696358807501,-19.59201723435035
263,40384.0,40559.26890919576,40436.06971021435,40569.28558284977,40609.52321332178,-168.0,-5.372850405572535,-149.04535939694324,-83.58665668390677,-22.54846463701324
264,40592.0,40553.13436188981,40573.236131522855,40578.34171759075,40598.250909350856,48.0,-6.328496737598471,43.347078922761284,2.226993536354712,-10.959758503380726
265,40480.0,40546.61191572056,40522.763868059876,40573.73956992248,40587.60369631502,192.0,-6.105408258379612,163.34707683641682,42.2676372929709,-5.267028220085194
266,40976.0,40540.92354537305,40899.93028519569,40662.876992176694,40587.716852910686,-120.0,-4.7156338298736955,-121.56532998220428,-67.42408165743473,-19.30100075880182
267,40240.0,40537.180648060814,40279.63320809547,40438.89140660761,40549.001694797415,-360.0,-2.351001276056195,-303.74786352641604,-124.53988226528236,-23.26507337340081
268,40256.0,40536.22154282094,40292.43455814286,40413.79722764613,40541.186706163884,248.0,0.6620905322306498,194.9741407616857,53.80443486158765,6.444346674667031
269,40736.0,40538.504829125275,40669.58148961884,40546.500276330786,40561.89038814675,40.0,3.929564757487242,45.054379570174206,37.95318685004531,11.998201390200848
270,40336.0,40544.08067233591,40382.543317283205,40489.70360134622,40565.183108944286,-96.0,7.055737062659318,-54.321585919617064,20.055125688548287,14.751876244750747
271,40544.0,40552.616303250594,40560.938317779604,40586.61052770788,40591.39414063625,320.0,9.712376715338905,263.08658939441375,118.21219021560319,28.58073872377645
272,40976.0,40563.50542576659,40908.71649607203,40726.12798177743,40622.34458639184,16.0,11.684820485195814,11.360658652611164,14.581444958257634,13.267675075181614
273,40576.0,40575.985944220985,40583.65963508483,40615.7734176244,40617.92949078661,-352.0,12.890119248266274,-286.75868556307614,-90.46785534082665,-2.3186210658932396
274,40272.0,40589.28566426312,40335.19912494588,40545.19227109577,40617.70734426005,216.0,13.375552681394765,179.83961788777015,66.01498901925879,17.06322068643931
275,41008.0,40602.737049583775,40943.33887086037,40747.803395662915,40652.05593215949,192.0,13.280548009613995,172.5295969190047,72.51282239860302,16.551384507416515
276,40656.0,40615.84676028235,40680.25831878389,40690.21791589298,40650.810113274885,-176.0,12.793731567438954,-141.78895815701617,-40.476521823442454,-1.5053132208631723
277,40656.0,40628.32451271865,40659.760954546335,40666.85035201603,40649.045305717766,16.0,12.1067034154039,-1.6925915059036925,-17.942387868937658,-2.112542271232087
278,40688.0,40640.06016711316,40676.87313577208,40654.333140155104,40646.58502873242,-40.0,11.376583093129739,-38.52213991384633,-29.350641783377796,-4.531025548723846
279,40576.0,40651.07767890491,40582.71667471864,40608.149068449275,40639.98325462032,-72.0,10.694441417748749,-60.57308746022318,-30.109537481188454,-3.402611381086899
280,40544.0,40661.44904994866,40555.726960851636,40594.11406519273,40639.77980597025,40.0,10.085143330394203,31.64509039117911,11.022029339816072,4.585541648440994
281,40656.0,40671.2479655657,40646.006855501,40630.19312712891,40649.1543379172,40.0,9.52780597841047,40.314172154347034,23.17562550063667,9.032248842813715
282,40624.0,40680.50466190548,40636.35530516033,40640.465316194,40657.844303655875,72.0,8.97773909632815,52.12497546096347,18.504847162093938,10.382180921467807
283,40800.0,40689.20344375836,40750.25680642293,40667.202821453095,40669.918699760135,-208.0,8.3913174649133,-175.824603027766,-39.661084014358494,5.5703310922654055
284,40208.0,40697.287296835304,40284.7060991048,40561.14314816528,40668.984965840405,88.0,7.756460496926593,99.69506853743587,70.51190079482694,22.115514372293546
285,40976.0,40704.71636475221,40949.6469434978,40808.22662304275,40714.14972850472,456.0,7.107969712535123,392.47041795541736,163.19678639884296,32.072249089553225
286,41120.0,40711.503236260374,41069.64693501563,40887.53672096297,40733.12946401951,-192.0,6.5085990539737395,-155.42098407400408,-36.92154159829806,-0.3637912842350488
287,40592.0,40717.73356286016,40638.80497534979,40734.38353984615,40713.42214593625,-192.0,6.03210048947949,-173.1614322468813,-81.96141119374079,-13.636210786447919
288,40736.0,40723.56743723933,40723.32407052187,40723.61389857549,40705.857042446616,40.0,5.739848379336763,21.139447781428316,-16.96269198292066,-9.072251367306308
289,40672.0,40729.21325961883,40681.08387091265,40700.45815588031,40695.27764320164,-8.0,5.650887191190122,3.1791549540321284,-8.92666475502483,-9.415517084893509
290,40720.0,40734.86921162171,40729.682380429935,40705.76056906544,40687.02600827683,128.0,5.725598685534351,97.01041166694267,-1.8173022821501945,-9.900334510966786
291,40928.0,40740.6644569899,40875.10469424653,40696.82355131601,40675.476974179706,-296.0,5.877353247229621,-267.34991142994113,-124.52524209141848,-24.175185388139653
292,40128.0,40746.62391811617,40194.98255757005,40456.7100848826,40638.67563750055,-224.0,5.993834787448577,-196.913652347037,-75.75842399211615,-11.267554804129759
293,40480.0,40752.6521265648,40481.27738955246,40545.30670333178,40652.94186457145,344.0,5.957710935599607,292.68177974471837,121.24997011507003,22.913320299470797
294,40816.0,40758.53933998737,40780.34611705949,40699.21002511274,40684.50227809949,112.0,5.685694189891365,120.79931280447272,95.50833433733715,24.985527433018433
295,40704.0,40764.02351494458,40722.876015161404,40736.32337200645,40702.912919437484,24.0,5.161309548821009,36.90997390892153,53.27503289693777,18.356287309867184
296,40864.0,40768.861959085014,40854.16606487733,40805.76009090662,40721.214852719226,96.0,4.427746202269191,82.12037410258927,40.316764353472536,11.162675917701563
297,40896.0,40772.87900734912,40887.11676336658,40816.9569007134,40725.23827127289,0.0,3.5698530968766136,-11.465484677853965,-28.324739836523804,-4.514667882693175
298,40864.0,40776.00166527877,40831.235095521624,40749.11061123357,40712.18551695384,-304.0,2.706220901458437,-265.5769034357327,-125.29098386304031,-20.643478471352864
299,40288.0,40778.291449152035,40355.96295649512,40566.37493298732,40683.95131433018,-104.0,1.9435078053393227,-89.58664335199137,-43.54821175259349,-8.436636907154025
300,40656.0,40779.888680889446,40652.06180881764,40662.01418772838,40695.31224313953,336.0,1.3438703034771606,276.4078964107175,98.64634860525621,13.326540966329048
301,40960.0,40780.97918975899,40908.77874931655,40763.66763019783,40710.60439626284,0.0,0.9217507358916919,0.6106870816802257,3.4872575683621108,2.822372936450847
302,40656.0,40781.73218236123,40653.283182981,40668.98870286511,40700.95698901243,-328.0,0.6419763072808564,-269.0796514305366,-88.18457590016988,-7.399557799784816
303,40304.0,40782.26314237355,40370.61944645548,40587.29847839749,40695.80528066327,128.0,0.4376454900339013,115.68667626703609,59.95901473112826,14.438555684002495
304,40912.0,40782.6074733413,40884.656535515074,40788.90673232736,40729.83410038044,360.0,0.23068172160128597,312.06658611982857,140.06162009355103,24.920524736186053
305,41024.0,40782.724505816754,40994.752618695136,40867.42171858459,40745.64633013564,-48.0,-0.037137775972951204,-36.140823344238015,0.22584554952845792,1.8945462619885802
306,40816.0,40782.53319778935,40812.3748888266,40789.35842342642,40733.623192904415,-232.0,-0.39389758238758077,-200.50328573553634,-91.38408344496565,-16.14197758600858
307,40560.0,40781.93671065198,40593.746047224064,40684.65355169466,40713.362374963624,-56.0,-0.832269938866375,-49.89860548223078,-42.37809588442906,-12.592699192606233
308,40704.0,40780.86865791162,40712.57767786214,40704.60223165756,40708.4377945192,208.0,-1.3053999848452804,161.72001994876337,20.24979579167848,-4.702690718462691
309,40976.0,40779.32591068229,40917.18608712159,40725.15314327802,40703.9569935267,-328.0,-1.7392439257346268,-293.93576723045044,-104.87251674052823,-18.082951316169783
310,40048.0,40777.39017006015,40124.706143401236,40494.857198176505,40672.27189188686,-56.0,-2.05872448500304,-43.27316754730418,-6.867346013266797,-0.4715070454913075
311,40864.0,40775.20846171228,40830.63975202698,40711.418451251484,40703.01397943572,432.0,-2.198088102923066,377.9309216916372,140.2704787007242,22.692786520638037
312,40912.0,40772.9939938543,40880.56798678451,40775.398155577954,40717.65746492814,-144.0,-2.1129513924970524,-107.23183131990663,-4.321217884553334,4.926358738830459
313,40576.0,40770.98255892729,40616.17608938717,40702.77601548238,40712.86669691338,-88.0,-1.8039942999712366,-63.51145046149395,-9.2341323543842,2.052566830905562
314,40736.0,40769.38600525436,40753.54508586152,40756.929890869185,40721.76259858995,280.0,-1.3160083143920929,225.0944257819683,64.61882082140073,8.184031606073404
315,41136.0,40768.3505422985,41066.364940951105,40832.01365712518,40729.234760125524,-128.0,-0.7298441648090375,-130.26267282001572,-76.90940518142088,-12.866100458151777
316,40480.0,40767.92631692474,40493.01974022149,40603.11108050634,40696.03039767365,-480.0,-0.1435980993155681,-413.3392669570385,-167.34703636565973,-22.40284256819723
317,40176.0,40768.06334609987,40239.68640703703,40497.31958439386,40684.42907498913,192.0,0.3563334801547171,167.04992153032072,54.86829608444168,13.820131064941961
318,40864.0,40768.63898388505,40827.11958328213,40712.84767267523,40723.67065980353,344.0,0.7176093396483338,301.07987312612386,139.95192461898478,32.22511780457717
319,40864.0,40769.49856477917,40841.846153289276,40777.22343363183,40748.879310598284,-144.0,0.9501898431517475,-96.04266354648644,20.987477772516286,19.45261632467009
320,40576.0,40770.539363571355,40635.03425618916,40754.82262822026,40762.57589245287,120.0,1.1391661406923959,107.29752397986522,67.01050869856408,23.025376477227837
321,41104.0,40771.776897060554,41056.44120124901,40911.24445102896,40794.93006355274,208.0,1.42696776354569,164.6748111706729,60.04404832316868,16.90067427750546
322,40992.0,40773.39329909845,40964.383878530505,40874.9107248666,40796.37724100788,-280.0,1.9931777684869303,-230.13793006597552,-94.8783637290544,-8.3339604944631
323,40544.0,40775.76325259753,40596.165341117056,40721.48772357085,40778.26214256381,-112.0,3.012779237687937,-107.39183182819033,-64.67913951033188,-6.401991315873602
324,40768.0,40779.41885757382,40749.600214874125,40745.55244584593,40783.573258376135,80.0,4.6191896488307975,61.43594812770607,12.840945198055124,6.089778731122351
325,40704.0,40785.00163189519,40719.03723737247,40747.16961396696,40790.44170002606,48.0,6.8670772396581015,44.623209360666806,23.201975104508165,11.190526651229447
326,40864.0,40793.15301205314,40838.84663359546,40791.95639605495,40805.95431167859,-16.0,9.717972976843157,-5.957435799708037,8.764980115462095,12.61032723646349
327,40672.0,40804.437577848876,40707.12236577305,40764.69957419788,40815.662354498985,56.0,13.051473937281116,43.887561042829475,19.09296524187448,16.891160545343155
328,40976.0,40819.2559599277,40926.62175568112,40830.1423265387,40839.73663276928,-24.0,16.678019084913103,-27.391831686338264,-7.486084389838652,17.261109908755316
329,40624.0,40837.7936160187,40652.338702400375,40749.727405418205,40850.184574316496,-176.0,20.369196874064073,-132.58954127884863,-17.5512184113868,21.757170263044827
330,40624.0,40859.99435367583,40661.44267312342,40795.039889715925,40883.25097329537,240.0,23.88853408970681,220.65411361982842,130.83242915567826,46.028947643641004
331,41104.0,40885.570684198115,41093.64692964003,41011.39226372956,40942.24246960378,408.0,27.020988774213038,356.10212743707234,170.04850587842157,50.90361978859437
332,41440.0,40914.036331224255,41373.646927997564,41135.13690147277,40985.05821287256,-136.0,29.58057025801827,-116.9108227575125,-28.68691152040992,20.06865391241081
333,40832.0,40944.73182471415,40859.82528412501,40954.01844068874,40982.3797774286,-360.0,31.409489503963414,-309.54976214467024,-120.10924043965133,4.840553427471605
334,40720.0,40976.85531023218,40754.547403708224,40894.918420593465,40994.7393197275,80.0,32.39121248729498,67.45913812433719,28.359190201452293,26.096508285278105
335,40992.0,41009.51424968874,40994.74356037368,41010.73682109165,41034.572793999156,296.0,32.44366175408868,253.91395853384165,125.18681104400821,41.96211397161096
336,41312.0,41041.74263374036,41262.37532077591,41145.29204268148,41078.66354767072,-8.0,31.5193729000639,19.508364281780814,51.20124293057597,32.423931055102
337,40976.0,41072.55299548887,41033.76028893724,41113.1393069528,41099.42065610936,72.0,29.627211768915004,60.18641284753903,36.41691774771971,26.928141244105063
338,41456.0,41100.99705727819,41382.748146470985,41218.12587817692,41132.51983015893,-64.0,26.837359457484126,-58.96366667057737,-13.950489687420486,16.925165557520813
339,40848.0,41126.22771440384,40915.83295559609,41085.23832757796,41133.2709872244,-112.0,23.276846779088373,-86.05815633520615,-14.268386809984804,15.014706426689372
340,41232.0,41147.550750836366,41210.63183380057,41189.58910455695,41162.54924301231,224.0,19.146709501743317,187.9580472073685,83.14532925746971,25.80571793852505
341,41296.0,41164.521133407325,41291.749050010825,41251.5289860929,41184.88242310145,56.0,14.696489556969027,59.86246626436332,39.7043745823903,16.777301244215778
342,41344.0,41176.943729950304,41330.3567663293,41268.99785372173,41196.103845500744,-24.0,10.18221182432535,-29.608452035015944,-20.03220551029881,3.8266146743262652
343,41248.0,41184.885557055975,41232.53214594079,41211.4645750723,41192.535652450104,-208.0,5.850431340801151,-175.163890684551,-75.80099111328309,-6.341410428136442
344,40928.0,41188.64459263191,40980.0289849602,41117.395871495166,41183.42102464447,16.0,1.887645695660467,7.641763820374763,0.6292321704531787,3.656423426593392
345,41280.0,41188.660848447296,41247.81567358154,41212.723039413206,41199.84849930329,112.0,-1.6054522394115338,106.86505652904816,61.688687624642625,12.419899623982928
346,41152.0,41185.43368815308,41193.759098018294,41240.77324674445,41208.26082389244,176.0,-4.617657264832815,154.73891452821044,72.43683070347106,11.225365783768211
347,41632.0,41179.42553391763,41557.293502637964,41357.59670082015,41222.29923087083,0.0,-7.215985361435742,-12.566144547596195,-20.378195514233084,-6.446631478069321
348,41152.0,41171.00171743021,41168.6268089231,41200.016855715985,41195.3675609363,-360.0,-9.511324199862429,-302.9645867422478,-133.5714172461703,-24.763291887709784
349,40912.0,41160.402885517906,40951.36432915347,41090.45386632781,41172.77264709541,-16.0,-11.608695187747799,-20.44083400229647,-20.336056224274216,-9.556281486122316
350,41120.0,41147.78432705472,41127.74514091851,41159.34474326744,41176.25499796405,256.0,-13.57293765779832,215.10651635757313,88.56324857334403,6.29510076684528
351,41424.0,41133.25701020231,41381.577361868614,41267.580363474495,41185.3628486291,40.0,-15.384356556405692,41.71903029315945,30.025801944306295,-2.82400690349823
352,41200.0,41117.015613941905,41211.18320150483,41219.39634715605,41170.60698415706,-144.0,-16.936198994029837,-114.47815283964519,-38.485842740417866,-16.22551526418829
353,41136.0,41099.38461221425,41152.621056189324,41190.60867799366,41152.91181810072,32.0,-18.07001171007505,24.543135631134646,-1.4833301655635296,-16.84957515129645
354,41264.0,41080.875590521755,41260.2694727671,41216.42968682492,41136.907833854464,120.0,-18.598318832828227,88.99578041325003,2.035852243723639,-22.358592553537164
355,41376.0,41062.18797454859,41330.612617015824,41194.68038248111,41108.19463299365,-200.0,-18.368320112695073,-178.3778428696496,-112.40911310326192,-42.103469211135234
356,40864.0,41044.138950296365,40903.5137870278,40991.6114606184,41052.700895432194,-224.0,-17.313580714850104,-207.7458226515373,-139.26319155350575,-46.05869278984028
357,40928.0,41027.56081311889,40915.12097171275,40916.153999374095,41016.07724741397,-24.0,-15.471593000114808,-52.78795675131187,-81.3804615572626,-32.21978564753226
358,40816.0,41013.195764296135,40797.937873525174,40828.85053750387,40988.26132413713,-248.0,-12.987991885071096,-207.49373056172044,-80.87819311827843,-19.202857069976744
359,40432.0,41001.58482934875,40500.13351058931,40754.39761313754,40977.67153327401,208.0,-10.090023685392225,184.99644904739034,86.74588220243095,16.693785800580372
360,41232.0,40993.01571692535,41167.930771619955,41002.342301908735,41021.64889573829,216.0,-7.041850660691125,205.31786009370262,133.11583972556036,33.459807251194434
361,40864.0,40987.50112802737,40910.769230776714,41020.62929258866,41044.5911477764,-64.0,-4.101311540656752,-23.315386959660827,96.60163697425378,31.971809426930122
362,41104.0,40984.81309384404,41121.29999770063,41195.54557585724,41085.59251459215,624.0,-1.4806787861707562,562.2623101724894,220.6890711972046,40.08099254535773
363,42112.0,40984.53977045503,42035.29385112169,41462.00743498307,41124.75313286712,-128.0,0.6767569482508407,-129.6015190657272,-76.67536352365642,-10.201725081678887
364,40848.0,40986.16660774054,40862.09695956918,41042.19484880993,41065.18906442879,-776.0,2.2941709482656734,-707.8790203568169,-304.5742216271574,-48.70461521688412
365,40560.0,40989.12811235156,40619.53581040806,40852.85899172875,41027.34390243335,80.0,3.3452755303296726,55.1179028791812,-42.90636121679563,-14.477966873775586
366,41008.0,40992.8571588012,40972.33276532754,40956.38212637634,41036.23313068124,192.0,3.847216282538284,174.4607815572017,77.71419783575402,10.300884781954665
367,40944.0,40996.822544916635,40968.45737352246,41008.28738740026,41047.94567199726,112.0,3.8408328218101815,118.41147580721736,84.04895472405406,16.909824915877834
368,41232.0,41000.53882444482,41209.155716941976,41124.48003582445,41070.052780513,152.0,3.389906704534951,126.47692812939567,62.432666336411785,14.009747541389515
369,41248.0,41003.602358325705,41221.41122978125,41133.152720073085,41075.96516708004,-136.0,2.584784744605713,-120.68833825446927,-48.75095571482234,-2.6893550789536675
370,40960.0,41005.70839393403,40967.77904043304,41026.9781243948,41064.67407035509,-256.0,1.5404249468228954,-214.73698718303785,-72.68553348088244,-6.057393207200221
371,40736.0,41006.68320821935,40791.93725541518,40987.78165311132,41063.85038066564,256.0,0.40749264604164637,214.79669348396055,86.69435527218229,15.568829343836114
372,41472.0,41006.52337922611,41397.37242740096,41200.36683493917,41095.81172904276,112.0,-0.6378855532857415,121.34510756461896,76.76859929742932,13.151934829256788
373,40960.0,41005.40743711278,41034.627470544416,41141.31885170618,41090.15425032415,48.0,-1.40866182231548,46.960816698006965,31.611442620098387,0.8502337975987757
374,41568.0,41003.70605558148,41491.29406079697,41263.58972017936,41097.51219663796,48.0,-1.7249791240465129,15.333600658250361,-29.93427143713052,-16.166443854290264
375,41056.0,41001.957478864686,41065.29467186092,41081.45030883192,41057.82136261557,-424.0,-1.444318120549724,-358.2911568847667,-169.4142569314863,-39.59976589161306
376,40720.0,41000.81741934038,40774.71174702744,40924.76120631639,41018.31266485473,8.0,-0.48710696213674964,-17.024189696287067,-54.30849935733204,-24.59306451809971
377,41072.0,41000.98326494041,41031.24629246834,40972.833310117254,41008.63523357937,72.0,1.1476522096345434,52.766007782618544,-1.51124114050981,-12.845669596397784
378,40864.0,41003.11272375965,40880.243762592676,40921.73872403537,40992.62132566194,-96.0,3.372816059323668,-69.78371691230495,-22.22522406420103,-9.582841634331999
379,40880.0,41007.72889705906,40891.67885864373,40928.38286198885,40989.46955031071,88.0,6.010458542998094,69.8293892697111,30.835568947906722,2.321702164303133
380,41040.0,41015.13364084565,41019.9025411321,40983.409861931184,40997.264729990544,24.0,8.806447227510944,27.73638814885271,26.731930907928472,5.658416179365304
381,40928.0,41025.34179151408,40947.15163494144,40981.84672380471,41000.78638266944,8.0,11.456378328082792,23.007268516539625,25.360223775875056,7.16097181236546
382,41056.0,41038.046397501814,41065.91707816518,41034.130309482935,41011.586673615275,208.0,13.63255641156502,168.35083404963007,41.34874041969306,8.57962462659998
383,41344.0,41052.60690433721,41283.8533030407,41064.544204644095,41017.94563192264,-272.0,15.016738151753088,-248.14684735718765,-109.31400251679588,-9.943760096502956
384,40512.0,41068.07987380532,40569.6233834508,40815.50230444934,40991.69915342227,-296.0,15.34289947088837,-260.7634148996731,-97.29074797007343,-2.26152082925546
385,40752.0,41083.29270327899,40762.32647324135,40869.96270870395,41013.42259026413,280.0,14.439630163393304,244.33545599731224,113.4417586065756,34.79456635506358
386,41072.0,41096.95913413211,41058.29429544543,41042.385821662494,41061.288286132396,232.0,12.252421801164019,227.43929943120747,157.61602378978932,47.33011017488752
387,41216.0,41107.79754688132,41217.20507210377,41185.19475628353,41108.0828106139,168.0,8.865014470877213,164.93613717718472,127.406312762796,41.3986650122024
388,41408.0,41114.68916307386,41388.166569799796,41297.198447188086,41144.0856161568,80.0,4.513718602400331,71.79434669500552,56.60291449860597,22.807086350738246
389,41376.0,41116.82498408612,41360.79376549378,41298.40058528074,41153.69698331538,-128.0,-0.4427322250594443,-103.4039768371149,-37.597569266981736,-1.5037836756528122
390,41152.0,41113.80369862374,41181.358616125566,41222.00330865412,41141.078048805495,-24.0,-5.55135404127941,-32.64206874039883,-41.39562229954754,-13.165032069609879
391,41328.0,41105.72227600356,41295.50962801298,41215.60934068164,41127.36691917616,-32.0,-10.309661433693691,-48.30084804769285,-62.58929763166452,-23.742783670528297
392,41088.0,41093.184375756355,41084.75692003018,41096.82471339079,41093.59248146444,-272.0,-14.250441387968749,-226.96810783187902,-114.37227059544966,-33.49481363849554
393,40784.0,41077.22139322762,40841.57341234922,40986.864799490744,41060.37729189917,64.0,-16.998483301689703,44.68355406514456,-8.52751415468083,-19.396324970315618
394,41216.0,41059.187409152975,41174.12402816047,41079.76968508143,41054.79983152381,160.0,-18.318099512493063,123.1707566135774,24.78972813141081,-13.637468799166527
395,41104.0,41040.585194202635,41087.91492557638,41036.444255753566,41033.102354300834,-208.0,-18.159664505205,-166.6344747022231,-77.10330145109037,-25.242359507934452
396,40800.0,41022.868080142565,40840.85507875602,40925.56308217925,41004.31511250794,-32.0,-16.661335993281682,-42.78445304025081,-48.09963248468557,-18.571486167496914
397,41040.0,41007.26252221607,41002.346019495875,40940.244990784195,40995.95938196584,-16.0,-14.118959452811396,-26.778961780761165,-35.1955960029627,-10.557761443807976
398,40768.0,40994.63016123694,40787.2971551945,40855.171890173326,40983.19958962032,-144.0,-10.936239551243489,-118.56308832888317,-41.4871555241989,-1.9998128645020188
399,40752.0,40985.390043113584,40765.21984283811,40857.2706797358,40991.959756236836,40.0,-7.5465539810902555,44.02190183414132,54.73412943036237,20.758154428356647
400,40848.0,40979.53705327476,40875.340958862784,40964.64014903405,41024.715898477036,264.0,-4.335712231335492,254.88020986509218,165.68954381528238,41.59193716405207
401,41280.0,40976.71861865091,41274.98026256829,41188.64976736636,41075.14363056494,416.0,-1.5840705109003466,366.4863170204553,178.33450201549567,40.18491361615452
402,41680.0,40976.36891225296,41608.313592903694,41321.30915306504,41105.085725709345,-208.0,0.5683481229316385,-174.70240519511208,-46.686037768802635,1.1963814298687794
403,40864.0,40977.85531489678,40925.57545217807,41095.277691828756,41077.53639342468,-240.0,2.119167131899303,-225.2571797862911,-110.39261532191085,-16.872512613434083
404,41200.0,40980.60724651676,41157.79923333111,41100.52392242122,41071.34070048248,48.0,3.1691666620972683,21.21994780861496,-44.49180819692265,-12.628657918077806
405,40960.0,40984.19364822097,40968.0153477953,41006.29407543491,41052.27907758852,-192.0,3.8788521555070474,-149.70714655932898,-71.08280926885345,-14.447669014527492
406,40816.0,40988.364950827774,40858.384940212454,40958.35830388351,41042.44536245342,136.0,4.411626131244702,102.29429347942641,23.243380390358652,1.488552987571893
407,41232.0,40993.01690048346,41172.60393475415,41052.78083621563,41055.256183563666,24.0,4.887522336819529,17.238668312442314,4.812950439929409,3.973630288426648
408,40864.0,40998.13999550141,40892.86227683734,40967.98420476337,41050.392623030275,-176.0,5.376872344932053,-135.43027373010773,-32.804529070570425,4.456070618125523
409,40880.0,41003.770645173325,40901.74338729394,40987.17177807449,41064.16832479992,128.0,5.902432021233835,117.59804692629041,72.77346234835568,22.984118009633676
410,41120.0,41009.94485954388,41128.05837068992,41113.53112946008,41096.36085904954,312.0,6.462010244409612,266.6068368455708,123.12491611563746,31.010577202105196
411,41504.0,41016.694665662144,41434.95706098508,41233.42161030576,41126.18947920413,-96.0,7.054674256592989,-77.34874743981709,-15.398714001443295,10.938094114793785
412,40928.0,41024.05420805707,40973.360875810286,41082.7337014572,41118.23704727913,-224.0,7.692748569810647,-195.75906346299962,-73.32105811996371,1.5594204389562947
413,41056.0,41032.080162801765,41043.43893405908,41086.779494065835,41129.30832008204,8.0,8.417436150422873,7.272728544201527,19.435539641555806,14.736688807010069
414,40944.0,41040.88908035791,40987.90633289869,41121.60478074031,41147.71042489315,248.0,9.275091395538766,235.1039965631535,123.62767704463113,28.58762605577067
415,41552.0,41050.63034559284,41513.646927185386,41334.0348481551,41186.48357219358,304.0,10.297057400457561,262.8702969834958,103.44749149233394,20.497325910109794
416,41552.0,41061.48319515883,41513.64692686568,41328.499763724976,41188.70507671337,-312.0,11.486139385568094,-271.7767296100137,-117.28520256763295,-15.943241644545196
417,40928.0,41073.60262436398,40970.09346796536,41099.46444301983,41154.59708890449,-264.0,12.801064028190012,-253.0747554548143,-143.30309919522915,-22.77813336365216
418,41024.0,41087.08532321521,41007.49741595605,41041.89356533452,41143.148809986065,-40.0,14.150808957183472,-45.10897222904168,-48.624095018050866,-5.490838419122156
419,40848.0,41101.904242278346,40879.875523507275,41002.21625298373,41143.61541206625,24.0,15.421631808763777,31.755725087587052,37.430814141072915,15.247372683494177
420,41072.0,41117.928586832735,41071.008866131226,41116.755193616664,41173.643555353054,192.0,16.518172056261392,186.17767328008267,136.91653744126597,35.11032105445702
421,41232.0,41134.94058639087,41252.23087006744,41276.04932786626,41213.83605417516,440.0,17.35297465738404,402.14249560585813,181.318798182725,39.284301530868106
422,41952.0,41152.6345361475,41875.29385734294,41479.392789982114,41252.21215841479,-160.0,17.871512821533543,-137.028867638066,-32.96014289308732,3.3867121603689156
423,40912.0,41170.683612033936,40978.17313479131,41210.12904208009,41220.6094784959,-336.0,18.06771440690136,-309.46004829927915,-120.19922686198333,-16.172205994098476
424,41280.0,41188.769964961306,41256.37376074438,41238.99433625815,41219.86774642659,208.0,17.947527938416897,160.069429675008,8.362462307133683,-3.748344747975352
425,41328.0,41206.57866791077,41298.311994141324,41226.853966694354,41213.11278899995,-136.0,17.503820461228315,-106.50179589645268,-62.713386216619256,-12.499317976649763
426,41008.0,41223.77760588376,41043.37016895148,41113.56756382491,41194.86911047329,-72.0,16.71905875581433,-78.0909804324474,-60.50262095699509,-8.900223002987332
427,41184.0,41240.0167854224,41142.13003327643,41105.848724780364,41195.31234299397,-128.0,15.56227796580788,-110.5899692929197,-46.794476654355094,1.008849670379277
428,40752.0,41254.90216181538,40822.19023036564,41019.9786105162,41196.88680981405,16.0,13.989593700076512,31.011348917392752,48.11919099392617,23.81880731077763
429,41216.0,41267.99597282255,41204.152731111215,41202.08710676822,41242.94995761553,376.0,11.985916381003335,322.7261563016691,175.1520496361336,47.41064568225556
430,41504.0,41278.873994577385,41467.64254296898,41370.282709788466,41291.70810117856,56.0,9.59952561938917,81.7025267026329,101.33695791447462,38.14354862196342
431,41328.0,41287.19502406133,41367.55778451648,41404.761022597166,41319.237054859455,104.0,6.946159186903969,97.70416412992563,72.85882410728664,27.090806423864706
432,41712.0,41292.76631295119,41663.05087122883,41516.00035800304,41345.88971402629,72.0,4.211908234570728,50.74744285650013,13.2395144073962,8.3471448681521
433,41472.0,41295.61884053047,41469.05267022948,41431.24005141196,41335.93134459576,-240.0,1.634257597335818,-208.73484985193863,-105.14028088510531,-16.76180220074457
434,41232.0,41296.034828145865,41245.58117152495,41305.71979623283,41312.3661096248,-176.0,-0.5493102271138923,-155.5656410797783,-88.66035706271941,-19.546929489719332
435,41120.0,41294.52022007624,41157.921388069924,41253.91933728652,41296.83748561632,136.0,-2.1468749648774974,101.94715689460645,15.159209696954349,-6.686749727661663
436,41504.0,41291.74107821611,41449.475485314164,41336.03821562674,41298.99261016948,32.0,-3.0639125721463643,18.931523815041146,-1.8620138464139018,-8.095244938373071
437,41184.0,41288.39239493195,41195.78443570001,41250.19530959369,41280.646995739575,-248.0,-3.324255488540075,-194.7688711141309,-52.745251236196054,-13.513264642922877
438,41008.0,41285.09256723903,41059.9377430859,41230.547713154345,41271.966080883634,280.0,-3.0581456153813633,242.26457867301724,91.6262601378221,4.517389188244124
439,41744.0,41282.27610370119,41680.31359304604,41433.447829869336,41289.68177411606,216.0,-2.4738347812854045,183.5212593327342,47.62403164965508,-5.000218061770283
440,41440.0,41280.14489767646,41426.98026175137,41325.795776453655,41261.965644760094,-376.0,-1.8154430389986373,-339.646927384274,-164.75416518884595,-36.61784711796645
441,40992.0,41278.64521762319,41001.01973827749,41103.939499491644,41216.44607988013,-400.0,-1.2936723420898488,-359.6469272399372,-165.88652721619292,-34.29726088595635
442,40640.0,41277.55755299228,40707.686407271496,40994.02272202127,41193.37112298818,224.0,-1.0334782778554654,194.61616174706433,67.09458354025628,4.593599257459573
443,41440.0,41276.57826106748,41390.25206177162,41238.12866657216,41225.63327839505,304.0,-1.0561691814145888,284.3085069626468,143.1702778369654,21.543819326623634
444,41248.0,41275.44521462945,41276.30342119679,41280.3632776952,41236.45876164143,16.0,-1.2735862532463216,27.56846540910192,58.416249970647186,10.248421328447876
445,41472.0,41274.03108856099,41445.388992589826,41354.96116651345,41246.130121051945,40.0,-1.5185234083983232,36.03053434215326,16.078472074976162,-1.6221345368867333
446,41328.0,41272.40816781265,41348.364489881096,41312.52022184515,41233.214492567655,16.0,-1.5915353996497288,4.797946696762665,-50.18083374572598,-17.654903855902376
447,41504.0,41270.84801776169,41454.98488598335,41254.599499022,41210.82031334014,-360.0,-1.3209972046934126,-342.33904118245846,-182.6209733121541,-37.053163560511166
448,40608.0,41269.766173403266,40663.68640751618,40947.278275220844,41159.10816544663,-344.0,-0.6013541447209718,-308.9825736848361,-137.6820861907363,-24.15673962117944
449,40816.0,41269.645309472246,40837.01973861368,40979.235326640526,41162.50683409778,384.0,0.5852339749471867,326.2205310163263,113.57471473994883,20.724010356043436
450,41376.0,41270.93664135316,41316.12746954883,41174.42770470074,41200.55618615872,120.0,2.1696471851610113,131.95657182888317,94.40623041058643,29.27716136887102
451,41056.0,41273.98460384257,41100.932882271445,41168.0477874617,41221.06115683552,0.0,4.029545334240538,9.469824079857062,49.64397649180319,28.758028518579522
452,41376.0,41278.99573202164,41335.067117708546,41273.71565768435,41258.07224319588,24.0,6.0365933514804055,29.469823979812645,54.52569906482313,31.11469852015216
453,41104.0,41286.05779054553,41159.87253023107,41277.099185591345,41283.29055387583,168.0,8.089812066238665,157.0680646657238,89.93312070266984,34.182838373741106
454,41712.0,41295.17535615412,41649.20324703999,41453.58189908969,41326.43791994336,152.0,10.144654261512187,122.44695102103287,47.27366304318275,23.869262064697978
455,41408.0,41306.34709906855,41404.766432273136,41371.64651167771,41331.029078005224,-312.0,12.236701526249817,-260.6046534011839,-100.11213157312159,0.7426119621231919
456,41088.0,41319.64875920662,41127.993940237626,41253.357635943445,41327.92314386761,-88.0,14.452612533073989,-76.8027908473814,-35.61005776254024,8.890223055768729
457,41232.0,41335.2523241347,41251.16085057837,41300.42639615263,41348.80952411676,272.0,16.897327944272547,218.97116323259615,81.28195828550088,26.726856454988592
458,41632.0,41353.443415095164,41565.93626670282,41415.92155251445,41381.376856777584,-24.0,19.67575640468567,-15.543250361468381,7.455932619039231,20.03617549970295
459,41184.0,41374.60383694407,41220.07434985544,41315.33826139071,41388.88187511617,-216.0,22.848977333502262,-165.49016757020217,-34.91416042838682,17.749112094388693
460,41200.0,41399.14136976217,41234.955931562414,41346.09323165767,41416.87508096636,216.0,26.39480484660453,189.66123951906047,103.80158609580394,38.83695989851549
461,41616.0,41427.39344663728,41599.39682889356,41522.94143358232,41466.5557949132,328.0,30.196139695599413,281.42504179894604,130.31891871579865,42.2085036924982
462,41856.0,41459.53364915337,41797.806015160306,41606.73106908927,41501.29208835136,-120.0,34.0552359757894,-102.27598755373765,-40.844829948408005,17.00089785572345
463,41376.0,41495.50391858886,41394.84485378608,41441.2517736855,41500.557590624645,-344.0,37.68499146519753,-299.02164282179365,-132.85340856102266,5.49338180452105
464,41168.0,41534.90363208376,41199.76272951672,41341.024251967225,41512.2788519604,-32.0,40.732282505068724,-36.26847668577102,-13.715395734667254,28.935203933775483
465,41312.0,41576.968483599,41322.30790041454,41413.820982216166,41558.427998492196,184.0,42.82996335762073,174.08467297052994,123.70722135702817,58.47054645640674
466,41536.0,41620.563558799004,41547.93207545778,41588.43869468128,41629.21994487321,296.0,43.625388881726394,285.28455233214845,200.83705980575178,75.45294362467757
467,41904.0,41664.21926136245,41892.87700507884,41815.49510182767,41709.33388574155,320.0,42.81688371506607,289.3299550152442,182.80395806022716,70.38063515541216
468,42176.0,41706.197326229136,42126.59198548827,41954.046610801735,41769.98121518404,-24.0,40.19199819774076,-13.32509214923266,27.574814374936977,40.346390201691975
469,41856.0,41744.60325775793,41866.22682078037,41870.644730577544,41790.026666144935,-248.0,35.65916486645074,-209.23106080601792,-76.0795149354235,16.74678426814353
470,41680.0,41777.51565596204,41708.12986387623,41801.88758093089,41803.474783720325,-16.0,29.258092792155367,-17.44763752297149,-7.813359181211126,19.62185676140507
471,41824.0,41803.11944334224,41831.33154573443,41855.01801221512,41829.270379667745,200.0,21.18136325966043,159.8594105303382,68.6394373917974,26.0591149308093
472,42080.0,41819.87838248136,42027.84868493691,41939.16645571448,41855.59301358194,-96.0,11.784550080450572,-64.23943611297727,13.731671356603329,15.102284593296645
473,41632.0,41826.68854350314,41702.852673508474,41882.48135492833,41859.47494885434,104.0,1.5738144948227273,104.84355085489369,68.55557667800531,15.255682715109288
474,42288.0,41823.026011471,42237.535786646695,42076.277609070494,41886.10437901216,240.0,-8.810974153551797,206.7858516307533,87.93505867740896,6.53464910843104
475,42112.0,41809.06659519604,42116.42437676998,42058.351472283146,41872.5442470712,-112.0,-18.661585461210052,-98.98952602678764,-44.75040064577115,-25.5329195874001
476,42064.0,41785.70284054858,42039.55673459312,41986.77680777895,41835.03853983736,-232.0,-27.28149298172866,-199.08396921128588,-110.18626061471878,-48.95378024196907
477,41648.0,41754.50360923258,41718.25643834741,41837.97895105371,41774.63668658726,56.0,-34.060461455104814,29.981895491324394,-53.80838119838518,-54.07001892073822
478,42176.0,41717.581917638374,42099.52052557577,41879.16004538218,41726.898501995885,-16.0,-38.60029823171499,-50.98172069002612,-107.23888298044403,-70.19325949158156
479,41616.0,41677.30301276915,41616.29299696736,41623.50118509282,41634.2501676041,-496.0,-40.807953825707955,-431.9141079744222,-251.90826774294692,-91.73582601158341
480,41184.0,41635.96600998696,41235.692309626924,41375.34350989629,41543.42684997272,-96.0,-40.916272465485235,-122.13913920581399,-152.4859202483858,-72.85197513274034
481,41424.0,41595.47046783818,41372.01471855573,41318.52934459605,41488.54621733862,-200.0,-39.47926663679027,-187.49311514239162,-109.54949300221415,-51.65332176717493
482,40784.0,41557.00747671338,40860.70607934214,41156.24452389186,41440.12020643837,-32.0,-37.34035773986761,-8.212258396157267,23.837441241736087,-15.620000578328472
483,41360.0,41520.78975235845,41355.590201763414,41366.20422707952,41457.30621618196,464.0,-35.52030080795521,417.1582639814296,213.0618167274297,22.051320552691323
484,41712.0,41485.96687509747,41695.022607305,41582.36815734672,41484.22284754375,280.0,-35.07244608677502,254.54544206657738,151.34800894054933,15.527773738976975
485,41920.0,41450.6448601849,41864.68108589657,41668.90024496062,41488.361763659916,-136.0,-36.96300847581733,-117.19878232382325,-39.01778990578532,-17.442995700836036
486,41440.0,41412.04085814583,41460.62504265735,41504.33257753515,41449.33685614208,-336.0,-41.942122204734915,-290.66813955421094,-132.40137865789802,-38.55806471073811
487,41248.0,41366.76061577543,41283.34480678815,41404.09748764482,41411.24563423844,16.0,-50.42509098531082,-0.5562019284734561,-22.186346067912382,-29.92894019171581
488,41472.0,41311.19067617521,41459.51263880041,41459.95988539932,41389.47897575865,128.0,-62.3857620389972,113.731026014284,49.842340454164514,-25.892709691859636
489,41504.0,41241.98909169743,41510.806858816715,41503.78216855315,41359.46021485472,96.0,-77.28668323405145,85.32851409990326,43.713367430405924,-37.24575016118979
490,41664.0,41156.61730970711,41630.16966700021,41547.386620260135,41314.98747543627,-72.0,-94.04927317572219,-49.78885681544125,-14.702238162946742,-61.92336564663856
491,41360.0,41053.89054534599,41411.22914518583,41474.37769222726,41235.61348356144,48.0,-111.08635915617197,37.205204114783555,-15.820081919249787,-85.59331769675555
492,41760.0,40934.444591394764,41704.58007522978,41515.746456421635,41143.80084004276,48.0,-126.3768898022754,16.251306192858465,-80.7580075948099,-122.62260151654482
493,41456.0,40801.13676574144,41443.73175757155,41312.86167703764,40990.36828052835,-448.0,-137.61578066731818,-404.3095900075241,-274.4539408651726,-176.7141454879893
494,40864.0,40659.21303006013,40895.96089521473,40966.83857469129,40790.37254906678,-296.0,-142.45693600971936,-305.8463260761382,-294.60381500070434,-203.6771040082349
495,40864.0,40516.222893722,40832.03910541927,40723.65404703623,40583.01407251188,-288.0,-138.78519405154293,-303.9804486170178,-339.41951706926193,-221.40777292929852
496,40288.0,40381.64264195704,40287.999997980696,40287.999540552766,40347.55700320818,-632.0,-125.01521915850026,-605.9142716323186,-496.3754511151528,-232.47921914329345
497,39600.0,40266.192455405,39620.210562154636,39730.903144805925,40118.0556342253,-416.0,-100.38781284184006,-424.6072850377168,-404.86209550348576,-203.59858727162282
498,39456.0,40180.86701627336,39438.78542790526,39478.275349545795,39940.359828664936,-288.0,-65.20657982613557,-267.49799472307495,-241.49012048722943,-153.47781412711265
499,39024.0,40135.77929575273,39085.214572708486,39247.922903831466,39811.10000597107,-24.0,-20.985709708395007,-47.497991654356156,-118.39099379859908,-89.90482239531048
500,39408.0,40138.89559685657,39343.78944459655,39241.4933619486,39760.550183874315,-80.0,29.54098102766511,-88.39968877288993,-89.6828609085751,-32.92231290303971
501,38864.0,40194.86125780806,38908.41519516271,39068.557182014316,39745.25538016499,-232.0,82.58127579796565,-187.3764899766138,-70.65758892711892,28.767965298924537
502,38944.0,40304.0581484525,38969.03646464332,39100.17818409436,39818.086114472164,224.0,133.61078619993714,185.80359269722612,109.7100941272256,116.53504003078342
503,39312.0,40462.08283020793,39280.02238055716,39287.97737026877,39978.32546022656,144.0,177.89466773909226,151.097818699629,175.78787130878845,193.55561876572028
504,39232.0,40659.84748393069,39271.23210204258,39451.753926711935,40205.197352003604,312.0,211.08486718054337,327.9888101073484,324.0114974295175,275.531759377227
505,39936.0,40884.25256456902,39936.000000771855,39936.0003651278,40529.38897898101,944.0,229.85521712413538,924.3839487663863,834.1229708695646,457.40333185423515
506,41120.0,41119.55791817896,41119.99999957535,41119.999868451065,41120.004015712075,1248.0,232.46038925759058,1247.9999999081338,1247.999833291513,651.7308589069071
507,42432.0,41349.1733430842,42432.00000058812,42432.00003171083,41832.85069679483,1064.0,219.04838606278645,1057.3528851592891,1010.8231710674263,518.2313386044771
508,43248.0,41557.65469030453,43234.70576989393,43141.64621058592,42156.46669292103,520.0,191.68624898417693,526.6471097548165,493.41156895289896,269.03933077225156
509,43472.0,41732.54584105255,43485.294220097756,43418.823169616626,42370.92935833933,456.0,154.05117317157783,424.2940503506434,250.58854383902144,159.40913333526987
510,44160.0,41865.75703664769,44083.29387059522,43642.82329826396,42475.28495959157,-16.0,110.83737356658821,-22.647117118634924,-34.58822222068193,20.11984923181444
511,43440.0,41954.22058818573,43439.999985860486,43349.64672517526,42411.16905680296,-824.0,66.9847853363608,-785.6469329749089,-565.4134730775731,-115.557449948461
512,42512.0,41999.72660732041,42512.0000046454,42511.996352108814,42244.17005969465,-800.0,26.922094395285967,-799.9999932267274,-754.820031875297,-180.3904941235778
513,41840.0,42008.0647769763,41839.99999940703,41840.00666142467,42050.3880685558,-752.0,-6.051769936711935,-717.4404010982798,-543.9069935907137,-183.26258771105495
514,41008.0,41987.623067446984,41077.11920244884,41424.18236492739,41877.64488427254,-224.0,-30.117853725812893,-227.6097581035392,-191.58438297492467,-129.2609400696383
515,41392.0,41947.829069524676,41384.78048319995,41456.83789547482,41791.86618841653,328.0,-44.96355623478303,271.56369675085443,65.07447828484146,-65.7853864351855
516,41664.0,41897.69595497742,41620.24659595055,41554.33132149707,41746.074111402166,-16.0,-51.526904544098215,16.69909250336059,42.659086770789145,-41.68837144425197
517,41360.0,41844.77526043648,41418.178668206674,41542.1560690164,41708.48944552802,80.0,-51.57852683207966,88.82541328948355,78.90278202752233,-20.160193597741454
518,41824.0,41794.53890131326,41797.89742252952,41712.136885552114,41705.75372420668,296.0,-47.24278594664429,249.20586697042017,114.04925931177786,-8.64803511100763
519,41952.0,41750.28968854319,41916.590402147514,41770.25458763995,41691.19337530601,-64.0,-40.54194228889537,-58.3550096444269,-32.75500409218148,-27.600680135376024
520,41696.0,41713.45501673547,41681.18740324066,41646.62687736775,41650.55236393593,-384.0,-33.103807859406515,-327.94232783526604,-148.31427158832958,-42.913393173275836
521,41184.0,41684.08207282438,41260.70574647698,41473.62604446329,41605.366588959456,64.0,-26.047351461758808,33.0534327672176,-28.18781067281452,-24.117445528507233
522,41824.0,41661.36031381195,41747.2942687751,41590.25125602212,41602.317472878916,40.0,-19.970976338827313,38.29415412870003,-0.24916043010307476,-14.13324243659008
523,41264.0,41644.14012014672,41337.29405473438,41473.12772360309,41577.100104086276,-32.0,-15.042001346751931,-30.294240338160307,-12.559670617494703,-9.562363588327571
524,41760.0,41631.27631111845,41686.70578809878,41565.13191478713,41583.19274570226,-56.0,-11.165126297077222,-54.293983637955535,-5.42985142238831,-2.7477210989018204
525,41152.0,41621.80986755257,41228.70608745847,41462.26802075831,41571.60466188847,88.0,-8.115485388996603,92.61250337500314,52.27011635032977,9.392149280636659
526,41936.0,41615.04534034045,41871.930794848784,41669.67214748779,41601.977044263534,232.0,-5.631866360552522,193.03157240750807,74.24020047338126,13.671234588236985
527,41616.0,41610.546134831464,41614.76923227349,41610.74842170507,41598.947131064946,-328.0,-3.4831420908594737,-263.3154012078776,-61.54951493018234,-3.8825566453415377
528,41280.0,41608.079056158735,41345.29999243303,41546.57311762743,41594.21193097285,264.0,-1.497218006690673,226.26231692979854,69.11125473606808,10.975396456549788
529,42144.0,41607.55169881808,42067.293866133085,41748.97093117721,41620.897923978046,112.0,0.42148490384352044,80.52653673349414,4.883279138382932,0.530889204092091
530,41504.0,41608.92202596642,41506.35306590002,41556.33967590419,41595.273709381036,-536.0,2.3150212615692,-460.47039770612173,-166.46141732091928,-21.060529127953487
531,41072.0,41612.18174134122,41146.35307072084,41416.04809653537,41578.77686572214,96.0,4.189880380876275,92.98026535101599,31.732468898859224,8.841999627209589
532,41696.0,41617.301786728174,41692.31359660205,41619.80461370191,41612.957708635455,520.0,6.022249353023653,446.31360196548485,165.6588240175006,30.028728345085256
533,42112.0,41624.22624004727,42038.98027465181,41747.36574457037,41638.83432241231,-264.0,7.727742805924208,-223.8037486504909,-54.75599684635745,2.2183298974741774
534,41168.0,41632.75727234002,41244.70609930107,41510.2926200092,41617.3943684304,-144.0,9.157273606393574,-145.69868929480072,-65.92681455657294,1.029764439612336
535,41824.0,41642.540787260055,41747.58289606221,41615.512115457226,41640.893851291534,72.0,10.098083875909651,61.11808748085241,0.9755531766459171,14.344175425707363
536,41312.0,41652.95344009184,41366.94227426277,41512.24372636249,41646.08271928182,-144.0,10.22247121527107,-105.92925048555844,-3.146525913496589,21.893003954373853
537,41536.0,41662.9857296906,41535.72439509109,41609.21906363023,41684.67985920028,184.0,9.080752871628647,167.40409628378256,133.58486908286432,46.031132878477365
538,41680.0,41671.1149458351,41701.75046683034,41779.41346452822,41738.14498503877,368.0,6.115744881397404,357.62793209364827,219.90113316208954,56.37237509043189
539,42272.0,41675.21721945339,42250.98025927839,42049.02132995441,41797.424609381145,400.0,0.6727940366545226,361.2815626372758,158.11853040340065,35.55085481142669
540,42480.0,41672.46053390841,42424.31359210489,42095.65052533502,41809.246694661626,-384.0,-7.929052097064414,-355.89830757749587,-145.54554195188393,-21.715579986434022
541,41504.0,41659.35911525926,41539.1836441234,41757.930246050644,41753.99344940828,-504.0,-20.279342139037908,-458.41212643606195,-210.75515625904882,-42.753572782938136
542,41472.0,41631.90184963033,41507.489339232765,41674.14021281692,41723.73954909575,184.0,-36.74896087449088,145.75239127318855,17.28007317473748,-17.666922857737518
543,41872.0,41585.86119351028,41830.688426669774,41792.49039240012,41718.6596036928,120.0,-57.335911000540364,116.64122078589935,78.59537578326126,-12.746965218309924
544,41712.0,41517.23002762925,41740.77178080456,41831.330964383444,41698.24561865913,24.0,-81.52744556445032,53.94225815759273,98.50605417504266,-21.101704100714414
545,41920.0,41422.80630238138,41938.57294298496,41989.502500750204,41676.45619549137,464.0,-108.16587675471237,411.2610537313594,192.92278674186673,-33.96661339318962
546,42640.0,41300.89827411983,42563.29388826728,42217.17653786718,41630.31239187275,72.0,-135.45209513962254,68.3425383246431,16.262306050564803,-96.62818402498306
547,42064.0,41151.902112102136,42075.258019634246,42022.027112851334,41483.19982744141,-424.0,-161.04214446292463,-379.493098793846,-216.1358685901796,-176.15257305927298
548,41792.0,40978.81398519398,41804.30769067959,41784.90480068682,41278.007245754205,-192.0,-182.22714871793505,-209.41187555672514,-240.66991182110723,-230.89221939949493
549,41680.0,40787.447814666266,41656.434268520796,41540.68728920912,41021.41538864242,-544.0,-196.2465887310609,-550.153847432066,-540.453449769946,-289.5210876796664
550,40704.0,40586.320807731856,40703.99999581546,40703.997901146926,40698.96507039487,-784.0,-200.6405528942887,-772.2171314660918,-714.342122277736,-322.70206472780046
551,40112.0,40386.16670887769,40112.00000558861,40112.00304465365,40376.01125918682,-616.0,-193.60570012392054,-599.3528844957073,-539.5402607840151,-309.75324824871495
552,39472.0,40199.109407484015,39505.294226824044,39624.917379578896,40079.45857389744,-312.0,-174.2870708837545,-328.64711671710756,-358.84878098193803,-266.17975659450167
553,39488.0,40037.59256711018,39454.7057721544,39394.30548268977,39843.65174599781,-272.0,-142.98509238668703,-274.3021769490406,-277.4591555442348,-218.02424059973782
554,38928.0,39913.13922271064,38956.68987292596,39069.999068490426,39643.410092697966,-304.0,-101.20372031754232,-297.3239515472451,-253.3068799541361,-164.47114866494667
555,38880.0,39835.185126475095,38860.05786905991,38887.6917227815,39514.70944866792,-200.0,-51.55114043526555,-196.34265856654747,-178.4614843181771,-96.96517159665382
556,38528.0,39810.03694184011,38564.00455579287,38713.07609985407,39449.47974950466,-120.0,2.48324920331288,-116.03053430271393,-82.07757300039157,-19.155711688024894
557,38640.0,39840.15162488172,38627.99680045448,38723.536576780716,39476.39802529187,0.0,56.88915979248122,3.976246934005758,52.22876531699876,68.73817705180045
558,38528.0,39923.81526142507,38571.95704966088,38817.53363048807,39586.95610360826,320.0,107.57210546379429,319.3544853485582,251.64327761156164,163.50588349680402
559,39280.0,40055.29583580931,39266.705771151595,39226.82313200384,39803.40979228548,488.0,150.8039341482181,472.66858941089595,369.821658857516,242.6241782914949
560,39504.0,40225.42312972151,39517.29422848267,39557.1769482031,40072.20446019125,456.0,183.64881594225153,462.64711495337906,482.58842790938434,297.2048909153309
561,40192.0,40422.59346769381,40192.00000105835,40191.99998782261,40397.81957411614,608.0,204.2950186495509,601.3528857135752,581.4115203592883,335.9060926306993
562,40720.0,40634.01316702061,40719.99999990982,40719.99998892168,40744.01664545265,800.0,212.23856904463537,798.6862165808379,770.2900837163579,347.3979036091405
563,41792.0,40847.07060578308,41789.37243422003,41732.580155255324,41092.61538133442,712.0,208.2622373367194,713.3137641750291,668.3455313678096,313.62950494849065
564,42144.0,41050.53764169405,42146.62752825988,42056.6910516573,41371.27565534963,456.0,194.24402779571392,418.9607442571614,280.4564222306217,240.02405678269497
565,42704.0,41235.55866137451,42627.29392273435,42293.49299971657,41572.66349489981,-16.0,172.82034392386777,-8.92261437491834,31.54844791755022,144.82101429516842
566,42112.0,41396.178329541784,42128.78229951004,42119.7879474924,41660.917683939966,-400.0,146.93224303561874,-357.1095120708924,-169.81107847796738,65.70007323715618
567,41904.0,41529.42314744575,41913.07489859257,41953.87084276063,41704.06364137412,-168.0,119.3989774839356,-170.33290795463472,-140.9816833514451,33.149139502860635
568,41776.0,41634.976284509656,41788.116483600774,41837.82458078951,41727.21596294569,-48.0,92.57481053378433,-64.37599698790655,-85.13397157637883,20.713119718850066
569,41808.0,41714.57276851332,41784.322904616754,41783.602899607875,41745.48988081182,-144.0,68.12382755809085,-122.17905590026567,-66.42023137769138,15.148411906724505
570,41488.0,41771.22393962584,41543.75837180024,41704.984118034125,41757.512786759136,32.0,46.97604618936384,38.22732618471491,29.8732774433156,25.498545285274304
571,41872.0,41808.524860892045,41860.777556986184,41843.349454494506,41796.48697138237,304.0,29.41150323473994,260.90697011684097,124.04006370762727,35.198533192349714
572,42096.0,41830.04694609532,42065.572312033924,41953.06424544938,41827.909853143836,56.0,15.240550095913932,52.65631521736941,38.24691367956984,18.01837441866155
573,41984.0,41839.00596108387,41966.09018742092,41919.843281853646,41832.523720219695,-232.0,4.0219454942052835,-189.0311875083935,-65.2993226689141,-2.9599469131608203
574,41632.0,41838.09083708373,41687.50993701714,41822.46560011155,41821.989959317514,0.0,-4.741185067661718,-1.0305653180912486,-2.1448816863194224,-1.0342629363040032
575,41984.0,41829.52359094855,41964.02905678474,41915.55351848101,41830.45519434709,216.0,-11.47832308381112,176.6644036912985,58.86467760996311,0.7879947469264152
576,42064.0,41815.134190916106,42040.838744399734,41940.19495533148,41823.56594881137,-40.0,-16.488815701421117,-38.99659038635582,-37.26108548379125,-18.91094809515198
577,41904.0,41796.54595954571,41886.03587601203,41841.031347513424,41792.63329815678,-280.0,-19.927494495565043,-244.6234883275465,-130.64793406134413,-36.50098574674121
578,41504.0,41775.279201924975,41551.59176774464,41678.89908720879,41750.563977317885,-96.0,-21.85433371664476,-96.48526954417684,-74.68271670024114,-29.741121973009285
579,41712.0,41752.83729211242,41693.065336923675,41691.66591411294,41733.151054210764,56.0,-22.29367285184344,46.800253797406185,2.599783960620698,-16.3553703965772
580,41616.0,41730.69185622129,41645.192275339454,41684.09865513003,41717.85323652473,120.0,-21.287198009013082,98.08831511302924,26.48206858210324,-10.20515585979956
581,41952.0,41710.26289609439,41889.241967149734,41744.63005127715,41712.740742491165,-128.0,-18.948987137508084,-104.97010386932016,-43.15357821430371,-17.075456909009517
582,41360.0,41692.79388194627,41435.25206760081,41597.79149870142,41683.70232270671,-40.0,-15.497549508825614,-42.49993011656261,-27.942803225017997,-12.853303649113514
583,41872.0,41679.26779707674,41804.24210691661,41688.74444482711,41687.03413519294,40.0,-11.258256833771156,30.20057389883732,-0.6748314607539214,-5.916480754131044
584,41440.0,41670.27736827873,41495.65321539849,41596.441835779915,41671.86936119845,-40.0,-6.646992684723955,-30.322814525690774,-14.08169115724013,-3.5713059345616784
585,41792.0,41665.97381170729,41743.59647786523,41660.58106251263,41679.891523323815,24.0,-2.133398877533182,5.925651792858844,-1.5702420109664672,2.4167382915547932
586,41488.0,41666.010570523664,41507.504518984206,41593.30135175798,41676.70283778156,-184.0,1.8026449011631485,-138.56936395998855,-14.629034875659272,6.246456346820196
587,41424.0,41669.57910150962,41466.45774994525,41631.322992761314,41692.384436017455,456.0,4.7656147263878665,407.89466776189875,141.68313738398865,29.10082003676871
588,42400.0,41675.54179997644,42323.293854508,41876.66762652596,41734.904477855096,-144.0,6.507721786369075,-126.87580313842409,-16.321552972371137,9.265265730398824
589,41136.0,41682.59454508236,41212.7061436684,41598.67988681657,41710.91496747825,-248.0,6.975060404074611,-225.60927949887264,-46.64779630110206,4.756237997065909
590,41904.0,41689.49192078459,41872.07529551026,41783.372033923755,41744.41695384923,408.0,6.334671598982823,361.8264095610102,124.37816406905768,25.522834063438495
591,41952.0,41695.26388828032,41936.35896279042,41847.43621495469,41761.96063560513,-24.0,4.941019076162775,-13.921518767707312,11.782288508282363,8.041713536160387
592,41856.0,41699.373958936914,41844.23225797484,41806.93661094032,41760.50038092155,-168.0,3.2686436561816663,-150.96541494134362,-65.03129854421422,-6.235235637504957
593,41616.0,41701.801175592685,41634.428132907735,41717.37361786626,41749.49016433012,-144.0,1.8218156091861601,-117.66346052844892,-38.87618414092867,-4.3357083749251615
594,41568.0,41703.01759015529,41608.905336917946,41729.18424265846,41751.8289641717,320.0,1.0424528320872923,272.4328752397705,92.40274612143548,11.530248050166847
595,42256.0,41703.88608125686,42179.293883387276,41902.17911010913,41772.550660430454,-40.0,1.232031377239764,-24.751334825425147,-3.915577494764875,-3.450770719726279
596,41488.0,41705.481652909766,41559.402667267095,41721.35308766893,41744.927422732246,-152.0,2.512211443467095,-144.6975681933909,-64.14947860573011,-14.776866561591305
597,41952.0,41708.910504143794,41889.898747000494,41773.88015289767,41742.99692730727,48.0,4.821605812860071,19.989814735854452,-36.53285832243273,-12.38064905961437
598,41584.0,41715.124864535486,41599.382296738804,41648.28737102407,41720.16612461302,-264.0,7.94340400899091,-213.60496656767282,-93.44909636156444,-16.022496463599964
599,41424.0,41724.797312161776,41462.68881386515,41586.98196017454,41710.95193438007,72.0,11.55459529030486,56.75058645207173,20.1855692377394,5.133406486052991
600,41728.0,41738.234055116096,41712.88346964295,41688.658509499546,41730.43293758512,200.0,15.272482909167593,174.61200399252266,82.00580407477901,19.60265008431088
601,41824.0,41755.34227798011,41811.912821850194,41750.9935683241,41750.15723454869,40.0,18.702253647155885,38.59346145821837,25.83184298659762,16.03215869100677
602,41808.0,41775.63856241041,41790.070392559384,41740.32219547274,41762.49725496714,-128.0,21.480937626682135,-111.49046649389493,-44.51027511498614,10.06488316679679
603,41568.0,41798.304153233476,41588.931888862404,41661.973018094126,41770.28700088229,-112.0,23.300783086397132,-96.47905938495023,-31.362668331548775,17.90409595926394
604,41584.0,41822.2401285832,41597.112273789484,41677.596858809644,41798.305446885664,80.0,23.94091750672669,73.7417538745176,62.42227012033254,38.73371834766294
605,41728.0,41846.18598824693,41736.41539661144,41786.81755833479,41847.75443757761,184.0,23.289420466531737,181.38010587913232,138.62947869255004,55.436712570826785
606,41952.0,41868.818969516265,41959.87248554775,41954.855816194744,41909.17887202732,288.0,21.36427596249996,262.81951667505564,169.4661659573212,59.28337805107367
607,42304.0,41888.91454017193,42262.05442996155,42125.74989024943,41966.32119367976,96.0,18.335573342403222,92.45409422157172,81.76901917940995,40.25838133642901
608,42144.0,41905.49011620107,42144.78067399089,42118.393854553564,41989.695634700176,-152.0,14.499183856019954,-113.37038601619497,-20.159108419087715,15.659222755428345
609,42000.0,41917.91290788397,42035.31365792916,42085.43167341126,41997.63963919062,96.0,10.247005365486984,67.10127358405953,9.753655563319626,7.8259864499668765
610,42336.0,41925.984126932046,42278.98322115901,42137.9011656802,42005.34760760011,-32.0,6.034527043255366,-41.414330975094344,-46.57992489095341,-8.824651210499724
611,41936.0,41929.98196197048,41952.48499597897,41992.27182362935,41979.99033676962,-288.0,2.3025085665576626,-244.07324528518438,-117.49343023617985,-23.15775399201084
612,41760.0,41930.58914406516,41790.83673058864,41902.91430520784,41959.03209961609,0.0,-0.5930048865338904,-7.464612447140098,-17.90036581757886,-11.006632172728132
613,41936.0,41928.79595219741,41937.55577108469,41956.47109199419,41957.97707242416,176.0,-2.412637770641595,154.49789591951412,63.79233278344327,0.04382642928612768
614,42112.0,41925.76386852388,42099.83252242767,42030.49897077473,41959.11975247466,120.0,-3.066038524142641,101.43936348134594,33.27736416789776,-6.5013323257699085
615,42176.0,41922.66387514913,42140.43449804738,42023.02582032999,41944.97440777262,-152.0,-2.6171124301545206,-137.22553414335562,-83.96024027974636,-25.69662431341203
616,41808.0,41920.52964366357,41825.38145414096,41862.57849021524,41907.726503847836,-248.0,-1.257259803445777,-228.14577320163153,-133.15808500712956,-32.26157873238844
617,41680.0,41920.149355542235,41684.14295164412,41756.70965031573,41880.451250307844,-136.0,0.7390604299289407,-120.52374427625182,-67.51401474164231,-17.252691024601518
618,41536.0,41922.00776452343,41584.333965588456,41727.55046073195,41873.22112179863,192.0,3.064899155349849,161.79193548122566,66.61604078220262,9.630927580721618
619,42064.0,41926.279153852935,42007.72682260657,41889.941731880135,41899.71310546929,128.0,5.424989321560133,122.0958764563693,75.36213708825017,18.277638944116916
620,41792.0,41932.85774316655,41828.525718501194,41878.27473490845,41909.77639968687,-16.0,7.580156352465565,3.4274884006044886,31.470370482540602,15.952114201925724
621,42032.0,41941.439466557866,42014.58179940778,41952.88247284522,41931.61733387314,136.0,9.358799176708999,98.96507794550052,35.048974359368,16.82180087992674
622,42064.0,41951.575341519965,42026.455874392195,41948.37268362719,41943.42000144672,-216.0,10.659481000813685,-175.8465530546091,-62.32344740442932,5.773667645917158
623,41600.0,41962.75842855949,41662.88869329856,41828.23557803636,41943.16466916497,-56.0,11.45007811533651,-49.1237146008134,-6.019316572652315,16.902901176501473
624,41952.0,41974.47549775064,41928.20844519057,41936.334050481884,41977.22580379972,160.0,11.7467744474161,146.3619778448592,100.26549768647237,35.322424824738846
625,41920.0,41986.251977454325,41955.61264898828,42028.7665734093,42013.80951881445,232.0,11.60073734989055,228.71924253038742,146.81580963206943,41.2741909554461
626,42416.0,41997.67697245042,42385.64693025134,42229.96566974602,42059.774185710616,296.0,11.085630849898735,255.01713872851906,108.18193120972865,28.15337618169724
627,42512.0,42008.42323915412,42465.64692644532,42245.13043582876,42070.116271177845,-320.0,10.291048261638934,-285.1590430375654,-118.27001600287986,-11.752100973877532
628,41776.0,42018.2590689737,41815.32884417621,41993.42563774026,42036.26998376286,-360.0,9.300321984996117,-320.280189929912,-142.99197921836821,-20.832788226838602
629,41792.0,42027.023883124115,41825.086546585495,41959.14647739202,42028.45069472417,208.0,8.177892121249897,175.19043533674994,49.29407834777521,4.003245697513194
630,42192.0,42034.6148532162,42165.70971484971,42092.013794435814,42044.27647515789,240.0,6.952859259599791,209.1717425127863,82.87421426169749,8.43960419161158
631,42272.0,42040.929601643315,42243.43003161107,42124.89490591542,42045.32990310739,-72.0,5.605183241161285,-65.12952518332531,-40.671435562682746,-10.280076895127422
632,42048.0,42045.82521969852,42035.45066448306,42010.67092331045,42023.71632136763,-312.0,4.073672492184414,-270.72604471270097,-132.888520949753,-22.827765671372617
633,41648.0,42049.07694662768,41701.977942185666,41859.11786401591,41999.674371764646,-56.0,2.2744631895329803,-63.58301136906812,-45.99412728657262,-6.458231014756166
634,41936.0,42050.374146077585,41908.284641744925,41918.6826687373,42010.79985933812,72.0,0.14046911127661588,67.72990828387265,50.90613909003878,14.865480540378485
635,41792.0,42049.35788485024,41837.43775875341,41960.93014219599,42029.4053328454,192.0,-2.3333329710258113,188.52142055935474,126.71254455668168,30.47574014955535
636,42320.0,42045.707480135534,42285.327482863635,42172.10775785067,42071.75133963723,272.0,-5.058526667366095,242.34762864459844,137.23149458000626,29.933573773687385
637,42336.0,42039.240831515504,42322.13301604261,42235.393131356,42089.27248039278,-56.0,-7.8461558067647275,-32.52938660797372,12.981939183340728,5.184764775185613
638,42208.0,42030.015168522004,42220.26870964769,42198.07163621735,42082.1208691876,-32.0,-10.428160929208389,-40.52075815647913,-42.285677029980434,-13.445567745791777
639,42272.0,42018.38450965709,42241.09149972965,42150.82177729604,42062.381344901194,-128.0,-12.516693791010766,-133.71971126980134,-107.83897027328567,-30.220457041352347
640,41952.0,42004.98178093998,41952.829287108085,41982.39369567078,42021.6799551049,-320.0,-13.880974201190838,-284.1157770811187,-153.23123378987657,-37.21739204104961
641,41632.0,41990.622561254706,41672.85994556741,41844.35930971629,41987.946560819095,-88.0,-14.403179309443658,-75.6696137036306,-31.85473109634404,-15.936066244848917
642,41776.0,41976.175422321096,41801.49005970082,41918.68423347809,41989.8078226152,472.0,-14.11200125695541,413.21695590508534,145.6670405008481,12.551652926864335
643,42576.0,41962.398558740795,42499.29385737758,42135.693390717985,42013.04986667282,-40.0,-13.18209459715581,-29.049250009695243,-3.144147401115333,-4.905462608734524
644,41696.0,41949.811233126784,41743.39155968143,41912.39593867586,41979.99689739773,-376.0,-11.873132057469775,-332.7587079822006,-115.09948270419409,-18.853124405206472
645,41824.0,41938.652294625856,41833.77644141318,41905.4944253096,41975.34361786241,176.0,-10.45277498170617,139.26708879767102,33.845699288540345,2.91390135779875
646,42048.0,41928.90568316337,42021.925737276775,41980.08733725294,41985.82470011333,56.0,-9.126082711707568,57.77798224748767,40.63658056980785,7.3723172565878485
647,41936.0,41920.40012920244,41949.33240590816,41986.76758644921,41990.088252375586,-32.0,-7.984102136510046,-5.931301827826246,32.06404242087592,6.967964881034277
648,41984.0,41912.93747889035,42010.06313362112,42044.21542209469,41999.760629875396,224.0,-6.983729491359554,191.04639581857919,87.55554669283083,10.46040899358195
649,42384.0,41906.43267021972,42331.425197545315,42161.878679834874,42011.00907036275,80.0,-5.971933456141414,58.488051650769194,6.602597657612932,-7.401105994511454
650,42144.0,41900.99361197807,42127.03923692266,42057.420617409916,41984.95841788637,-336.0,-4.7490795876401535,-289.18977600935614,-147.74775371999567,-34.002731582055276
651,41712.0,41896.93451104444,41753.0456455266,41866.38317239488,41943.00360719864,-176.0,-3.136747011096304,-168.7653637630283,-113.84585881759267,-30.404630327804625
652,41792.0,41894.720117955876,41789.508509396604,41829.72889977473,41924.149157230764,40.0,-1.0352068817737745,24.005410853034846,-17.78982273278598,-12.246992106334801
653,41792.0,41894.86409728089,41801.05646723267,41830.80352692931,41918.50962298597,72.0,1.5414666287688306,56.8302939994428,20.476390619231097,0.6859469045011792
654,41936.0,41897.803051213414,41903.16909739549,41870.68168101319,41925.52105103977,-88.0,4.452046893009538,-62.041882859743055,7.218994590482907,6.487480605788733
655,41616.0,41903.76819106691,41676.97270151319,41845.241516110276,41931.48458419755,232.0,7.4494031673748395,210.06239032327358,89.18059315222126,21.737762367654796
656,42400.0,41912.70185754816,42323.29387804204,42049.042867317636,41968.996575775076,24.0,10.21386995539433,29.148317463485,28.322784866180882,15.961820366286702
657,41664.0,41924.1959309777,41735.26933644016,41901.88708584264,41963.40822493012,-144.0,12.403840519757068,-129.43088876522233,-28.212238553682255,9.38206040154546
658,42112.0,41937.50953858768,42064.43210051159,41992.61839021027,41987.76069657817,120.0,13.701181204622117,91.32326662941705,31.040499472772353,18.140506476956944
659,41904.0,41951.598293386945,41917.91586969899,41963.96808478818,41999.689237884035,-120.0,13.853485040803207,-76.93688231764827,1.3337369719993148,16.713003200071398
660,41872.0,41965.216508669284,41910.558335876296,41995.28586415427,42021.18670297831,224.0,12.726124099917797,185.43414555880736,92.96071144321832,28.9568002431879
661,42352.0,41977.05054158678,42288.784160816605,42149.88950767462,42057.60283837041,56.0,10.309568512439,62.14662902332202,53.548397357666545,21.696277310624282
662,41984.0,41985.83564569416,42034.85159392294,42102.3826588696,42064.57925759956,0.0,6.762012078626867,0.3254027210168715,11.68448062978132,11.005382109124184
663,42352.0,41990.574565744035,42289.43496625864,42173.25846893418,42079.61360258866,-64.0,2.4119492724385054,-58.24179637110501,-18.4949554683335,1.415025118531048
664,41856.0,41990.65954423904,41918.36800118073,42065.392747932936,42067.40930783662,-96.0,-2.2861643405449286,-59.22695917425881,-3.169347034774546,-1.6338293602057092
665,42160.0,41986.002237062945,42170.98104791012,42166.91977486463,42076.34594386825,376.0,-6.786794255494897,307.5182862799884,104.98691436400986,4.753933225041692
666,42608.0,41977.08595572805,42533.40457374071,42275.366576660956,42076.917174286704,-152.0,-10.530516994112986,-124.17674325560438,-57.86990987320314,-25.982910867212922
667,41856.0,41964.94120307472,41922.62756139891,42051.17995511823,42024.38012213382,-168.0,-13.03014545798942,-164.01606755747707,-126.59664398361201,-44.118046046187374
668,42272.0,41951.02566481207,42205.37243862575,42022.17328869373,41988.68108219433,-224.0,-13.947206670731248,-225.47057815337394,-153.9200220776329,-49.86498582977583
669,41408.0,41937.04678973326,41471.686405092165,41743.33991096296,41924.65015047427,-280.0,-13.154326516560104,-240.17635956378945,-111.1634222492903,-38.19842419634733
670,41712.0,41924.71701177895,41725.019719498174,41799.84644419515,41912.284233801634,440.0,-10.756035240134224,369.8037420274595,100.42975532976561,-2.3517049825532013
671,42288.0,41915.53471925299,42211.293889147084,41944.19942162249,41919.946740509164,-120.0,-7.068960855649493,-93.71071668035438,-27.54731176140922,-10.740156267016573
672,41472.0,41910.57909006765,41537.598286137465,41744.75182067233,41890.8039212676,-232.0,-2.577346743652015,-200.62167038820553,-63.07169061399327,-8.202623178178328
673,41824.0,41910.380025765684,41810.05054837067,41818.056040394506,41903.54149415281,256.0,2.1518175312558014,202.70500408656517,70.33223991942941,16.714647592845722
674,41984.0,41914.88272513016,41943.008294310595,41885.41630051119,41924.23321645329,-112.0,6.556088498182362,-72.00078250708611,18.068410372277867,17.70338312315289
675,41600.0,41923.49220276205,41666.0489833565,41854.19286113906,41938.94826039911,208.0,10.156147203520959,190.1428086361957,95.87299119739691,31.662456965772435
676,42400.0,41935.195019537205,42323.29391158299,42077.162282905985,41987.55813038484,104.0,12.623057659635379,96.15202631683496,61.55056321992379,27.98777650496413
677,41808.0,41948.73831808132,41858.35303599017,41977.29398757891,41994.92381340904,-224.0,13.820745933979197,-172.47043862513965,-15.22130153762555,16.711873694661335
678,41952.0,41962.83651140516,41978.35303433271,42046.719679830734,42020.98187777416,368.0,13.808055592435267,304.47045353647263,116.78553216719229,29.507158253822126
679,42544.0,41976.35442926619,42467.293943063116,42210.86505191329,42053.938129916685,32.0,12.821943804709008,18.823444058856694,-2.4221019607975904,8.453158638363675
680,42016.0,41988.48039901458,42015.99992245042,42041.87547590914,42037.88819505089,-552.0,11.234618603091803,-475.2938825359779,-156.05183804958506,-14.955525113255135
681,41440.0,41998.82366647237,41516.70617799116,41898.76137581412,42024.027079690175,264.0,9.489184739115444,240.82350007833884,86.26658781204605,15.340238623793994
682,42544.0,42007.45876849281,42497.6469226071,42214.40865153323,42068.568672298476,504.0,8.023355981222267,450.4703737017044,150.85160148572322,20.770026223228342
683,42448.0,42014.87037843482,42417.64692539457,42200.46457878557,42065.56713213663,-432.0,7.204617504372436,-380.43672772795617,-137.71178335487275,-22.12318355501702
684,41680.0,42021.86800350156,41736.773467151186,41938.985084823486,42024.32230518844,-248.0,7.285311601295689,-248.33476499918834,-131.98695155034147,-24.028711688762996
685,41952.0,42029.44100163741,41920.97739539619,41936.49067568489,42017.509708759106,32.0,8.35798343159695,29.090905225988536,-10.249071296155307,-3.537110991383088
686,41744.0,42038.58397036475,41794.95527760316,41918.486942231175,42017.248083205675,160.0,10.350463430899254,145.8974023819792,69.23973766187919,13.400778606854146
687,42272.0,42050.14192849921,42212.77220016015,42074.970151008645,42044.311265972814,112.0,13.047068103769561,104.53479119851181,57.96828428178924,15.678746065776068
688,41968.0,42064.67810657229,42004.02486000019,42034.42351079475,42048.60557533723,-32.0,16.122115073936584,-28.62304015902191,-7.334884816515114,8.324588131279597
689,42208.0,42082.38615864708,42155.52611984211,42060.300381375615,42060.96044223537,-128.0,19.18983572243087,-110.86814094756483,-47.97293873133458,5.002889009909268
690,41712.0,42103.05777801715,41782.28857810506,41938.477633332084,42058.611353357046,-24.0,21.842249881636235,-21.794651211748715,-8.583931377484987,14.981478789530229
691,42160.0,42126.070658410354,42111.93681741861,42043.132518620645,42090.923399814434,112.0,23.719655592569325,89.33232640661299,46.22114459888326,28.85821644810494
692,41936.0,42150.49708920229,41960.95323091828,42030.91992252985,42116.327786253256,-56.0,24.555561186043633,-26.217431908906292,35.24736517413112,34.42077575148869
693,42048.0,42175.18178078244,42059.5019536008,42113.62724896891,42159.76495131741,168.0,24.192527995815908,156.0584906865115,115.52095092351374,49.02541263002422
694,42272.0,42198.88214519392,42273.070212291306,42261.96182437688,42214.378611513304,240.0,22.60733646259905,218.91932014701888,143.3154875964101,51.732590771556715
695,42528.0,42220.39645370764,42497.340593894834,42400.25822416173,42263.230132860524,56.0,19.909791540096194,70.97335107770778,74.42551186570927,35.613027990249975
696,42384.0,42238.701728274114,42415.01691444672,42410.8128481083,42285.604667493804,88.0,16.319416316637216,72.76089278547806,23.961048000721348,17.454768007966777
697,42704.0,42253.03528634091,42642.86237946579,42448.18032016317,42298.13966887646,-208.0,12.123556560287398,-193.09331768277843,-90.54236786354159,-7.758015173520107
698,41968.0,42262.94884139469,42028.830279081165,42229.72811238121,42270.088637146764,-224.0,7.629122476209886,-194.63002494801913,-87.5881515913461,-12.946599872357183
699,42256.0,42268.29353129333,42253.60232956975,42273.00401698048,42272.246469131744,264.0,3.1115503169312433,212.78369833736724,51.77791308950327,2.970155441566021
700,42496.0,42269.17194202855,42454.3976757559,42333.28393856022,42276.028948029896,0.0,-1.2244601075690298,-7.216275034355931,-21.078109140147717,-7.216073700354173
701,42256.0,42265.844611078195,42239.16977950104,42230.84779870018,42257.814321731035,-368.0,-5.267728039412759,-308.8458147702295,-115.01224050995006,-18.123910212307237
702,41760.0,42258.636485949726,41836.70604621544,42103.25945754032,42239.78112760528,88.0,-8.995231607550522,87.90525753002657,44.04138761030117,5.955862254511885
703,42432.0,42247.854147863094,42414.98029456109,42318.930573920785,42269.72604624006,464.0,-12.465536651958246,395.80377743328063,159.13640334085358,21.83122094677674
704,42688.0,42233.70541264581,42628.313601082,42421.53226422203,42283.443569498835,-160.0,-15.77782592108997,-130.09642347990302,-30.632177587740443,-6.510298266279278
705,42112.0,42216.298496020914,42154.78744760129,42257.666218745304,42256.7054497075,-240.0,-19.012189080363896,-214.59118006349308,-91.0329361040749,-19.50284730596104
706,42208.0,42195.68103448508,42199.131240955016,42239.46639201388,42244.43787488691,0.0,-22.197005390102277,-1.871176209533587e-06,-2.4666307244842756,-10.445681076242181
707,42112.0,42171.90448524071,42154.787443858935,42252.732957296335,42235.814087555016,192.0,-25.26529218232463,177.25784710323205,83.63304393062936,-2.433082954143174
708,42592.0,42145.15045012043,42553.64693516148,42406.732479875136,42239.57170897863,240.0,-28.0395995288236,199.42974220530596,61.365762516368704,-13.863793127460667
709,42592.0,42115.82528618306,42553.64692826955,42375.46448232907,42208.086501300095,-336.0,-30.251044195869326,-297.6469316991279,-139.53575638153052,-50.6808826135275
710,41920.0,42084.648361728694,41958.353071763224,42127.660967112075,42138.20994375157,-336.0,-31.562018437438383,-297.64693153528424,-143.9730316609639,-58.96606036094454
711,41920.0,42052.701249308186,41958.35306519898,42087.518419007145,42090.154380578206,344.0,-31.633330876022228,286.4703979898004,43.6166613986461,-39.54784414445385
712,42608.0,42021.38169997665,42531.293867742825,42214.89428990937,42059.114255462664,-88.0,-30.190681553740433,-82.19087252244208,-69.17698414309416,-58.484412342411815
713,41744.0,41992.319886200705,41793.971320154094,41949.16445072096,41973.18555589338,-344.0,-27.084097140701488,-310.5700115969703,-163.14761382793222,-74.46942177461096
714,41920.0,41967.21350569525,41910.153844548884,41888.5990622535,41910.17541191344,112.0,-22.347144518866116,66.95174713921006,-76.26585734070613,-63.501373384267936
715,41968.0,41947.62559716297,41927.874814432515,41796.632736039544,41846.182809124846,-224.0,-16.220676831453602,-219.076908853458,-177.64995819418618,-70.08346233235352
716,41472.0,41934.77215203234,41472.00002684197,41533.29914586513,41770.008487248735,-568.0,-9.149757918319665,-509.5843412210306,-232.68401724184514,-61.273897513674456
717,40832.0,41929.32608132633,40908.70613199045,41331.264701555854,41723.6350140975,152.0,-1.744912435155129,137.31954858018798,47.597906468647125,-1.7917224463599268
718,41776.0,41931.28232716203,41746.639124002344,41628.494958802425,41766.425042356015,496.0,5.291499130216835,463.92746728417114,223.47773664778288,42.311280376314244
719,41824.0,41939.90907958677,41836.561066558796,41778.22017485142,41808.257574850126,168.0,11.258995521260658,152.72727535043305,126.83530347470878,41.045411236620566
720,42112.0,41953.80031820455,42052.09367470321,41882.16556575184,41848.515864829256,-104.0,15.555397003659891,-95.10400072677294,-10.971826223656535,27.0840832205904
721,41616.0,41971.01987359409,41646.35306510525,41756.27652240411,41862.42574129131,-296.0,17.77623575938196,-242.87030168447745,-55.750782145678386,26.231163526616
722,41520.0,41989.352789723314,41566.353071334255,41770.664001460485,41900.97819188249,232.0,17.783146976089483,211.6487320017368,139.71947978662138,57.601360185308295
723,42080.0,42006.586167546266,42069.65052910872,42035.71548197735,41977.62846166192,416.0,15.73345473234076,391.66673421664746,242.90922150553888,71.53169286252887
724,42352.0,42020.819699187996,42349.68653976755,42256.48244447156,42044.041577607546,288.0,12.053969280863384,268.4687094965702,173.00818472999163,51.01519482599906
725,42656.0,42030.69410610799,42606.587948101864,42381.73185143733,42079.65885131392,16.0,7.375738864186133,9.841148843650444,-11.884667315560364,6.800216272073158
726,42384.0,42035.57117691637,42369.36883745485,42232.71310984044,42057.64201015169,-432.0,2.4361507861067366,-402.1174374965158,-224.66218667666908,-38.33474065464543
727,41792.0,42035.566407680206,41802.35307310883,41932.407478083995,42002.98937000463,-464.0,-2.048973414210195,-423.50788467809616,-230.10189271445415,-44.10317164683147
728,41456.0,42031.47323008795,41522.35306809866,41772.509324411534,41969.43566685803,88.0,-5.489477767456265,67.50968536801156,-1.6434914666897384,-7.881919803698111
729,41968.0,42024.58745214529,41937.372443844855,41929.120495150615,41987.225530397234,264.0,-7.499013424952864,246.1372450855779,137.17141831438857,18.75114005906653
730,41984.0,42016.47520323804,42014.627558269814,42046.85216104031,42006.93794697616,360.0,-7.936179301905213,336.9607075829663,149.15774640985182,20.859313927736366
731,42688.0,42008.71509354148,42611.29385901079,42227.43598797032,42028.94415825271,-104.0,-6.882467020706827,-105.91113735633553,-49.69817908482946,-10.946580810817977
732,41776.0,42002.71026919663,41802.80528355714,41947.45580287065,41985.04478535453,-520.0,-4.616752642890788,-461.98322632565396,-194.2522836643402,-33.44713363045594
733,41648.0,41999.4815882557,41687.32740635948,41838.93142064164,41962.049890991795,112.0,-1.5584454282470688,81.1591545997544,-13.05867190819481,-7.292399813140946
734,42000.0,41999.593378340134,41965.12359275665,41921.33845905426,41970.459985728245,112.0,1.8289322759810602,103.41415018041153,43.07626793975214,6.933094022861042
735,41872.0,42003.13945280766,41894.1557067203,41925.08395652114,41975.91607903752,40.0,5.09419538948714,39.81064756518026,30.287475727458514,10.651897261148406
736,42080.0,42009.78176911911,42044.74488788701,41981.91341050918,41991.76378025054,-40.0,7.853545775396924,-25.686379398226563,7.78615924261976,11.435890225548064
737,41792.0,42018.84654435846,41842.78294792385,41940.65627500638,41998.78785948861,56.0,9.841190620285488,51.9527996560646,33.07100200039713,17.363472212506167
738,42192.0,42029.46415035968,42148.65048719914,42048.055414509974,42026.490724675554,120.0,10.93755764019079,89.11997527102358,35.426846758578904,19.427401420718525
739,42032.0,42040.72165963884,42021.0228984659,42011.50996852354,42037.64266233005,-232.0,11.178201812581392,-182.51309640375985,-46.79046172466769,11.434070770996186
740,41728.0,42051.82055398484,41783.62429439162,41954.47449106064,42049.358866217546,32.0,10.750227188651479,40.72286788382553,56.20176806742529,27.784147198377468
741,42096.0,42062.22211401614,42102.46863423355,42123.91350465839,42093.210956726805,432.0,9.9635412007774,370.44639558201743,183.39576592693993,43.71263834559795
742,42592.0,42071.7476363864,42524.51708555566,42321.26602291452,42136.78414290874,48.0,9.201978225228231,65.37499452804332,61.9855297133945,20.812393327370955
743,42192.0,42080.6260704666,42233.218623289635,42247.88456408518,42134.83574338155,-96.0,8.865852030194219,-85.20534581783795,-45.439176786752796,-4.806612358115672
744,42400.0,42089.479340446785,42354.10639391998,42230.38766934101,42127.17091819251,-88.0,9.291035026028112,-108.58025976973295,-102.3030600736638,-21.306279279411683
745,42016.0,42099.208140518655,42016.05810375017,42043.27844393785,42092.223184822724,-392.0,10.681673434581171,-337.7577714189538,-173.47000343423133,-31.136574128646316
746,41616.0,42110.84268731595,41678.590851082074,41883.44766247255,42064.89776993522,-24.0,13.054734191795433,-24.512997257726965,-26.10695022903019,-4.880526390748855
747,41968.0,42125.317608902245,41967.032109234715,41991.06454347979,42082.462132041226,336.0,16.219465595739166,283.60180432622656,119.14915274714076,23.287468708069355
748,42288.0,42143.281618507426,42245.79445973453,42121.74596796683,42111.47270735136,64.0,19.78301792203638,67.73464917242381,47.55440847045975,20.184210677696683
749,42096.0,42164.88364474632,42102.50140757956,42086.17336042071,42122.83055339662,-128.0,23.209447209366772,-110.78601425714805,-40.48592733576879,12.699373715095135
750,42032.0,42189.70051292616,42024.22243122023,42040.774113295294,42136.87145478155,-128.0,25.920840164522815,-117.16682025818227,-41.012190477769764,19.28447412400783
751,41840.0,42216.725325075364,41868.1677670632,42004.14897946517,42161.399501644635,-32.0,27.392159841947432,-15.21582884104646,45.4493559024595,40.59802194531585
752,41968.0,42244.484832610055,41993.79077353814,42131.67282510021,42218.06749867218,392.0,27.261404004355427,358.4949695476207,209.36025818515554,69.17137196115436
753,42624.0,42271.248133084075,42585.15770615844,42422.86949583548,42299.742245566944,304.0,25.40228293830296,293.23736803052816,190.6314186530035,65.46185917311595
754,42576.0,42295.28939848666,42580.265509599194,42512.93566240622,42348.99121701841,8.0,21.95561843327596,16.435351436724886,58.5339977738513,37.89853230238077
755,42640.0,42315.15936995063,42618.02840903189,42539.937491383185,42375.539310171705,-80.0,17.307852615977026,-72.09505540786631,-23.029425331442326,13.325058661885123
756,42416.0,42329.905103718615,42436.07539878346,42466.876811743336,42375.64133434218,-88.0,12.017119328756962,-81.57601633112063,-47.62227376818191,-1.915909112416557
757,42464.0,42339.19360860814,42454.87637636965,42444.69294384682,42371.70749194687,-24.0,6.712559657833481,-26.817140565592126,-31.837395973103412,-8.548467797969352
758,42368.0,42343.33022303428,42382.44111765228,42403.20201979713,42358.54439874624,8.0,1.9866750717628747,-0.22967045599216362,-23.889914151128323,-13.635873263312533
759,42480.0,42343.166958751666,42454.41703545766,42396.913115544565,42344.43574542025,-56.0,-1.6984464209781436,-55.93890490629201,-47.83234648028156,-20.88686605498515
760,42256.0,42339.933330192325,42270.56330783969,42307.537326836566,42316.77066663627,-128.0,-4.071451300591434,-111.03718841951195,-63.60712528971635,-24.626545452163555
761,42224.0,42335.02405615048,42232.34265861864,42269.69886496513,42295.18265451592,8.0,-5.07143741674372,3.492643872159533,-14.989029388863855,-18.02887939455104
762,42272.0,42329.79045535884,42277.54859558401,42277.55926805884,42280.71290784717,88.0,-4.835085682279896,72.94891488543726,10.640037123124785,-14.034101276396541
763,42400.0,42325.35388478592,42378.240488389514,42290.97893921138,42267.11445196313,8.0,-3.653187495416205,-8.105665246945136,-41.09085924176543,-20.242733285882423
764,42288.0,42322.484080368005,42261.33726509012,42195.37754957531,42240.227441275405,-384.0,-1.9158646489595412,-334.7671863733085,-141.91261484841743,-29.275638623952545
765,41632.0,42321.522155488005,41708.7061156429,42007.15370951455,42208.56317471522,16.0,-0.04005425013383501,13.393751962856186,-0.646985303486872,-2.8361078244233795
766,42320.0,42322.40397186774,42288.124769015834,42194.08357896833,42234.55522562656,376.0,1.5967980587993225,322.09846378102884,123.97165893795318,21.719812192663085
767,42384.0,42324.7157516056,42352.903043204955,42255.09702739045,42252.00279910055,-120.0,2.6916867617255775,-90.70650978611957,-3.438037882653589,10.847713429018768
768,42080.0,42327.78734539119,42106.711749443595,42187.207503203026,42256.250652484596,-144.0,3.071342491901305,-112.63254654338743,-14.285772585910308,13.060386008273781
769,42096.0,42330.858436589406,42127.63795011818,42226.52548221863,42278.123571117096,208.0,2.7154895360727096,179.11595126547036,104.58072012492266,30.979097188359447
770,42496.0,42333.218324463334,42464.943651974536,42396.36894345287,42318.208846861315,184.0,1.7394370992733457,182.0239617290281,120.02793296067102,31.19571808728142
771,42464.0,42334.33731078795,42491.685873576236,42466.581348139975,42340.51500729166,184.0,0.36740315528732026,165.17158948288852,71.5030787570904,16.131910794931173
772,42864.0,42333.95313077391,42795.28683094031,42539.37510096705,42350.47266845118,-168.0,-1.1153233173608896,-168.66640064086096,-89.5186966893998,-15.718705417926685
773,42128.0,42332.10666415323,42154.353072294514,42287.543954761175,42309.077596455805,-440.0,-2.428363382427051,-380.4668844667358,-172.05916882528618,-32.3411921725783
774,41984.0,42329.096404009055,42034.35306200684,42195.25676331648,42285.79028410602,176.0,-3.340269003794674,136.25397543574582,13.341190213544905,-8.197798144487024
775,42480.0,42325.42612614564,42426.861023166006,42314.226335188265,42292.68200016683,144.0,-3.714521019381209,122.32440129996394,36.08273946591726,-2.474183930848085
776,42272.0,42321.66736197029,42279.00186460677,42267.422242248314,42280.841916244324,-136.0,-3.531184048828436,-112.84983552539052,-49.09297181579677,-11.39798811028595
777,42208.0,42318.363758047984,42201.161352115225,42216.04039155667,42269.88602394626,-128.0,-2.855670343957172,-112.03375191541272,-47.361654913307575,-7.861591100754595
778,42016.0,42315.95602128238,42054.934360775944,42172.6989324217,42265.118734042815,48.0,-1.8087847505848913,48.44481254043785,35.008007075877686,7.6886467986951175
779,42304.0,42314.746188546815,42298.0509771961,42286.05640570843,42285.26331754365,248.0,-0.535684804784978,213.3715024006633,104.385676140937,19.20774937801616
780,42512.0,42314.88465167281,42481.67736557727,42381.47028470357,42303.53423279885,24.0,0.8219468297138519,32.013216267539974,30.149021346936934,7.84762689514173
781,42352.0,42316.39008220624,42362.07740973118,42346.3544484023,42300.95857133393,-72.0,2.1443299762431707,-69.21290719017634,-37.93861210011892,-5.1277328982178005
782,42368.0,42319.173311625294,42343.25155119692,42305.593060503335,42293.27876700241,-152.0,3.326679197467456,-142.56810254965603,-71.96485764730096,-11.415865981402021
783,42048.0,42323.04344060118,42076.94120463187,42202.4247331077,42278.12683937113,-152.0,4.266764962801972,-121.60432340571424,-25.955960841783963,-3.6455856627217145
784,42064.0,42327.7068415509,42100.04290438549,42253.68113881977,42285.98759567697,392.0,4.868519623596512,348.3528604999301,146.0969751219527,18.960136089681328
785,42832.0,42332.78047984837,42773.64692563173,42494.618683351604,42316.04711155049,264.0,5.037227794909995,236.80201058603416,72.24688620764209,4.261871451053594
786,42592.0,42337.78129714072,42573.64692555756,42398.17491123505,42294.511338579076,-480.0,4.699379426074302,-439.6469255834563,-193.35631649903007,-36.4102060424666
787,41872.0,42342.17923870052,41894.353074464816,42107.906050353544,42243.22669946556,-456.0,3.8398936963385495,-419.646925471603,-172.31583570473595,-32.723304140235996
788,41680.0,42345.461084533395,41734.35307461435,42053.54323982558,42229.0647302986,408.0,2.5147164534428157,369.6674982592958,132.4088093848295,13.29126734797319
789,42688.0,42347.208671607405,42633.68807098341,42372.7236691232,42269.809234161505,392.0,0.8695228458927886,369.87322624808803,161.54226385922448,19.834965570975328
790,42464.0,42347.20013022518,42474.09952711053,42376.62776754403,42268.734661440554,-120.0,-0.8742894405368133,-109.09090832022775,-39.78201780715972,-10.837839648920635
791,42448.0,42345.46009272633,42415.50625434295,42293.15963350888,42248.13355486366,-312.0,-2.4592106424788653,-298.53989389912385,-160.88831728070363,-30.594428833708662
792,41840.0,42342.28170894022,41877.01973931228,42054.85113298262,42207.54580377314,-312.0,-3.6344488995091524,-275.90992562298925,-130.88293403495481,-22.210460901871556
793,41824.0,42338.19119492731,41863.686403096974,42031.393765438974,42203.71263305992,248.0,-4.199529013592837,212.76043891843437,80.23951517584646,15.152460939782031
794,42336.0,42333.88265091304,42302.54061714915,42215.330163334314,42237.8507256527,272.0,-4.036134239122475,243.89554014905298,123.60147956249057,29.230628875415277
795,42368.0,42330.11892644907,42351.47748339508,42278.596724563955,42262.17389081075,-48.0,-3.1302966824478062,-33.67571677865999,18.56492351162524,19.03185969858896
796,42240.0,42327.62205754814,42235.18918359183,42252.460010357565,42275.91444504988,-176.0,-1.5536091506073717,-140.3423818441297,-19.906709027614852,15.53627649162081
797,42016.0,42327.01170814785,42070.79271970682,42238.783306508725,42293.24644379399,248.0,0.5575890110339969,213.4958767165772,97.71494940552657,31.194320933813287
798,42736.0,42328.73723557021,42662.18093702498,42447.88990916862,42338.303086917505,120.0,3.0202625944548345,118.36416037557865,65.05155724420547,25.171797469389276
799,42256.0,42333.05223333676,42307.52104045798,42368.886420997136,42343.59003873277,-120.0,5.634685129189165,-97.05469427713251,-22.560277672917437,9.666453751902736
800,42496.0,42340.00660582859,42468.07154847072,42402.76935382278,42357.63599442131,48.0,8.202757256854966,20.908250366323045,-12.732390262965055,7.127755409605015
801,42352.0,42349.45774785047,42349.33754119062,42343.421640471206,42357.84554955198,-152.0,10.535397805586399,-132.04630132698003,-63.63689311597045,0.5018326082681597
802,42192.0,42361.07740143976,42203.97894581676,42275.49556759084,42358.63965963785,-104.0,12.452038530162099,-85.46386629007247,-26.1782890849463,9.126093067759939
803,42144.0,42374.3618249108,42178.40980861048,42291.06506230131,42376.0977356875,152.0,13.786421789045562,146.47990584609943,89.10202586112428,29.06296283402844
804,42496.0,42388.65024501785,42496.93875750896,42453.69961931309,42416.765585305904,376.0,14.392607424848393,323.22273644326924,141.4843666683264,36.70612888369578
805,42896.0,42403.14703976049,42824.85528149702,42574.033795637966,42449.50999345489,-240.0,14.146771120344056,-202.116314733139,-40.64892585614143,10.41990782173525
806,42016.0,42416.94378725854,42092.70612804268,42372.40176760081,42437.605400949375,-96.0,12.954337743311044,-87.35888379749304,-23.431144236757973,9.175677541948971
807,42704.0,42429.055715247116,42650.13751390203,42527.17150716445,42467.86134853879,232.0,10.76972294836014,201.16857213235198,66.35549314586751,18.449015016358317
808,42480.0,42438.48323315526,42495.04327230738,42505.11275389254,42474.50343098209,-112.0,7.617914411079255,-79.87788005773109,-9.502376325639489,6.367253992404585
809,42480.0,42444.291544069274,42490.38175378657,42508.16675451317,42480.5958565236,64.0,3.5846239615748345,47.24725041201236,17.13737787721766,6.12221836768731
810,42608.0,42445.65248107841,42589.53777313141,42539.38750964698,42486.747867717466,16.0,-1.171089425079117,6.8448850018576195,-3.0854900427075336,0.08940457973949378
811,42512.0,42441.949365219116,42504.071523790284,42501.995774427756,42480.77466568308,-160.0,-6.406425977136678,-125.10863038969183,-42.3938480053439,-7.534468750232918
812,42288.0,42432.83962912414,42339.320512352024,42454.59981363629,42471.678930217,112.0,-11.805635668533796,91.85155032187686,35.90394602667584,0.08821104477101471
813,42736.0,42418.33809388205,42687.77462443404,42573.80366648111,42480.95108777262,136.0,-16.990045435883076,107.3272342522032,38.105686085375055,-3.4802880557472236
814,42560.0,42398.85953825237,42553.97498085643,42530.81118580704,42464.718354105506,-216.0,-21.5458070130735,-163.92473929547123,-57.586887770550675,-20.996815961840184
815,42304.0,42375.2464798559,42359.925145843095,42458.62989094001,42438.95745584894,120.0,-25.060249417572777,85.57589420212753,5.133650602965645,-19.013025464115344
816,42800.0,42348.739039417225,42725.126769260685,42541.07848701297,42426.692303177275,-48.0,-27.16629948422633,-53.4943949843946,-47.012160420545115,-30.93053751280604
817,42208.0,42320.91388088745,42252.936355874306,42364.605570098916,42377.09638082333,-248.0,-27.587510211815243,-203.17876930943748,-98.17013186459735,-41.141103312780615
818,42304.0,42293.564018993595,42318.76923064181,42344.73822328378,42344.410096551714,192.0,-26.17894752403663,139.67902797654824,0.5017648267457844,-30.665779444025247
819,42592.0,42268.555985839375,42532.2944118274,42365.60909975241,42315.76482193528,-112.0,-22.95300152798154,-111.75312843674328,-92.32457365516166,-42.45703351967313
820,42080.0,42247.65801593763,42095.262973768324,42160.089075973454,42259.49602951237,-384.0,-18.086303469306586,-333.9662004581114,-165.47548579223076,-47.29399094729524
821,41824.0,42232.38337890076,41864.36201091118,42034.65812816795,42221.17684004069,-32.0,-11.905153909898218,-29.090908301259333,-20.10188372153425,-18.460347469645058
822,42016.0,42223.847708117835,42037.081157165805,42119.885308530385,42222.57533457308,376.0,-4.861249656274595,325.00868493410235,137.16983462763528,11.727261261046806
823,42576.0,42222.66087958821,42514.379380779385,42308.99779742322,42244.63136256278,136.0,2.5205046600531205,122.31137466005384,55.611387604443735,5.4875961178404395
824,42288.0,42228.88871743794,42281.70390648591,42231.10808373927,42233.55052680876,-312.0,9.693739625705348,-264.15594186389717,-106.33567181431135,-13.80330941358261
825,41952.0,42242.048358839624,41986.06749705159,42096.326453794594,42217.024743735616,-136.0,16.127258810829517,-125.29892417637166,-62.618403047381435,-3.274545886364649
826,42016.0,42261.1432350596,42031.10605813317,42105.87127764451,42227.00143503603,144.0,21.361635938297695,120.56885174741183,54.48046267216705,20.526763052217575
827,42240.0,42284.77163071622,42227.205200546414,42205.28737913893,42258.07826984005,144.0,25.038648442943668,132.1251451453063,82.05979106388259,31.980748296024103
828,42304.0,42311.22053194549,42295.35634842378,42269.990859772275,42290.96293162808,16.0,26.921488807151036,24.932889996292943,47.69891051948434,32.23280836942649
829,42272.0,42338.61460833052,42277.070980539,42300.6852001779,42322.543886578904,-8.0,26.926142424708814,7.069534810230834,45.03694049456681,34.10814927977481
830,42288.0,42365.072816794906,42309.495418044244,42360.06474076141,42359.17923018763,152.0,25.130466398299177,139.90152772644433,95.41191096421971,40.19430511810424
831,42576.0,42388.87554112712,42556.87403599189,42491.50902210634,42402.93249681511,168.0,21.769132067634928,151.74879790708655,89.19879239809234,35.09989146824228
832,42624.0,42408.611080930175,42612.99301385842,42538.46232555759,42429.37901312411,8.0,17.215380500460014,1.0840471586016065,4.184466230053658,16.715466965200903
833,42592.0,42423.30630212804,42559.04213030909,42499.877954566444,42436.363430745514,-272.0,11.9451652039279,-228.14353920128633,-84.64539370792409,-0.7974108413181966
834,42080.0,42432.50141133803,42156.705935455844,42369.171538141745,42427.784191441475,32.0,6.474090643827367,26.749588291750115,13.879352646170446,8.809970268033794
835,42656.0,42436.254483415694,42612.54130689259,42527.636659858785,42453.98337128158,224.0,1.2924370814325812,202.38910723134177,94.28345164642815,16.098348404186254
836,42528.0,42435.086285500896,42561.48414991853,42557.7384414346,42459.98088824985,128.0,-3.2010469773413206,116.3635926185816,44.97100229312127,2.5965613807566115
837,42912.0,42429.85238946101,42845.268492129755,42617.57866444503,42459.176494043095,-160.0,-6.751197880032123,-156.6299541968583,-87.37044476706069,-23.44556950459446
838,42208.0,42421.58388974083,42248.22424152481,42382.99755190048,42413.08974924066,-320.0,-9.256699186054902,-289.1662859240314,-147.08233659431062,-35.83225734040752
839,42272.0,42411.3389910889,42266.93592028169,42323.413991256406,42387.51197936228,0.0,-10.759529821800243,-6.608719834643125,-33.8765650158748,-19.802170910264977
840,42208.0,42400.06483009723,42235.006801855525,42315.24442186873,42373.48540742013,112.0,-11.404366042097536,103.10489085144945,45.452641546693485,-5.752301571141288
841,42496.0,42388.53025900471,42473.14570198459,42414.31927434979,42376.00737622,144.0,-11.380700986908778,123.86741005204385,58.234489655962534,-3.4776623891339113
842,42496.0,42377.303428123414,42482.74162195961,42431.713401180656,42366.53008264186,-80.0,-10.867200584569218,-56.69597022693415,-14.749172578809521,-15.95078944604029
843,42336.0,42366.79585783557,42359.75376153072,42384.820929192174,42344.10579732792,0.0,-9.994716607016016,-4.2190527752864,-22.482007392398373,-22.018995447553607
844,42496.0,42357.31399490938,42474.30351640904,42386.74938639586,42322.49209174675,32.0,-8.843340154875477,6.067336923537368,-52.69684959838196,-30.289100993821194
845,42400.0,42349.10917752582,42371.8884353778,42279.42722999541,42283.527595340274,-328.0,-7.450490693736356,-296.88303974030714,-167.6085414027475,-44.78811663946544
846,41840.0,42342.41301352191,41880.537436928425,42051.532303590364,42232.91585846782,-264.0,-5.833129996772186,-234.7536782091811,-122.1287746098642,-30.96594394906424
847,41872.0,42337.44291753227,41902.381078959435,42035.16968077568,42221.595707442146,208.0,-4.020161428488791,173.74903682817603,65.2222175731622,6.1596343464334495
848,42256.0,42334.37269066493,42228.03551058478,42181.97673873669,42245.23512716069,200.0,-2.068460322690953,185.83198454922604,109.79542732935079,23.10117607657594
849,42272.0,42333.30599688689,42274.04504805789,42254.76053543438,42267.7980595953,48.0,-0.04355046658383799,56.23477776256186,64.16406441488289,22.352835414378205
850,42352.0,42334.285589731764,42340.5050661099,42310.304867566454,42289.940797989446,0.0,1.9831696672154067,8.985348601527221,34.696765915297874,19.03977829361611
851,42272.0,42337.27233622132,42292.01574526094,42324.15406726498,42305.87761618253,56.0,3.947486334316636,51.589405455757515,39.92623333101801,17.63069900220944
852,42464.0,42342.1805624004,42443.683877021416,42390.15733422849,42325.202195993865,48.0,5.822999724688998,50.08751686756659,29.08193407775252,12.384689611029899
853,42368.0,42348.9183356707,42392.190778996075,42382.317935420484,42330.64699540459,88.0,7.607442758097022,69.4607969550525,-0.6804310977604473,3.577149180953711
854,42640.0,42357.39544791659,42582.60547093152,42388.79647203297,42332.35649435577,-304.0,9.310041439952329,-277.74233853154146,-119.12322737103386,-13.672676331028924
855,41760.0,42367.538418550605,41836.70610193299,42144.071480678416,42303.30164274253,-184.0,10.92340769243674,-158.32685417456014,-52.68925101534114,-1.8897694761108141
856,42272.0,42379.242263301465,42265.9517625824,42283.41797000229,42328.57695540355,440.0,12.412450427545991,376.1468535270178,145.0554743250177,28.104160431194032
857,42640.0,42392.3633194057,42588.99980898703,42434.18242932845,42359.50996360492,64.0,13.697781110931828,68.04709133977303,47.855673990387004,16.908506381612824
858,42400.0,42406.63782552333,42402.04594526195,42379.12931798306,42362.393968166776,-208.0,14.650606078008423,-176.72413741533092,-65.48845235386398,1.0037029701998108
859,42224.0,42421.66453156171,42235.551534156366,42303.205524620724,42361.51736954532,-128.0,15.13824449614549,-108.73674032375493,-36.32103105197166,5.9992698558053235
860,42144.0,42436.91431451562,42184.57246461444,42306.48725587912,42374.39250787839,168.0,15.053521847989032,151.88325353024265,84.525359197949,24.394763726988458
861,42560.0,42451.77157525769,42539.31804121685,42472.25624301662,42410.3068969993,288.0,14.348217006147024,251.33578268668862,121.89710864581866,28.42973397087553
862,42720.0,42465.61074852791,42687.244029987814,42550.281473170755,42431.25197582014,-16.0,13.063105651675869,-15.853861289971974,-6.834033260489377,6.507677611843974
863,42528.0,42477.89778656104,42507.61031863691,42458.58817649564,42423.322252222984,-392.0,11.339591560194094,-337.2689587572604,-126.3992084272868,-13.163610986001004
864,41936.0,42488.2899316483,42012.70611247329,42297.48305631618,42404.924753848136,96.0,9.394221860191465,81.09365619641903,19.636407978628995,5.04873931756083
865,42720.0,42496.686230281426,42669.797631029745,42497.8609924529,42433.419730858106,320.0,7.481060712059843,269.29921430252944,89.3084323631665,14.16596355287038
866,42576.0,42503.25205307242,42551.30454107835,42476.099921042514,42433.25668095388,-304.0,5.835726672557939,-241.97038455963047,-71.71111088912585,-7.300215856532304
867,42112.0,42508.35768362654,42185.856861910484,42354.43877067465,42418.81929914504,8.0,4.629722359335574,3.8366303845432412,-0.4417650305367715,0.9035831484143273
868,42592.0,42512.51149779109,42558.97780184744,42475.21639098144,42435.063847250705,264.0,3.929639260080876,208.00994917416392,62.38581579750826,8.397740468200936
869,42640.0,42516.216962146704,42601.87676025881,42479.210402269666,42435.61478008144,-168.0,3.6755698942979507,-147.71724029455436,-76.4007875769421,-9.66832816518945
870,42256.0,42519.86263757969,42263.54332125833,42322.41481582756,42415.72719092033,-352.0,3.707683794753393,-300.6168327088453,-123.5881785283309,-11.901229615101329
871,41936.0,42523.63232973621,42000.64309484112,42232.034045213004,42411.81232085124,120.0,3.8095254877698608,109.65816710205036,57.636251991945755,19.875745973473386
872,42496.0,42527.48168855523,42482.85965546243,42437.68731981145,42455.47868286727,424.0,3.7775391488539753,367.17191861982064,176.49693450416817,41.64029615939944
873,42784.0,42531.18740803392,42734.98693208076,42585.02791422134,42495.09291317004,-8.0,3.4904300421330845,7.061937022128404,47.85455152056602,25.168875961266167
874,42480.0,42534.462548639494,42496.98352950669,42533.39642285258,42505.816434789805,-200.0,2.9620899605433806,-153.085755040629,-24.933279942470108,12.014343359260238
875,42384.0,42537.111587955005,42428.815421999505,42535.1613543364,42519.12159988856,184.0,2.357081062018551,155.90900249033803,77.34560865202002,20.061245093180332
876,42848.0,42539.17671076353,42808.801534487364,42688.08764015662,42545.938924976166,224.0,1.9859455009900557,183.99378492466712,72.97010589852653,11.714271336411912
877,42832.0,42541.083478956985,42796.80299184884,42681.10156613345,42542.550142561384,-240.0,2.257106705215847,-187.98358339431434,-82.43529095644044,-17.861275286712043
878,42368.0,42543.69092417396,42432.834367698735,42523.21705824374,42510.21637440274,-24.0,3.5769696715178725,-39.796785656428256,-80.27597876784057,-25.222949438502837
879,42784.0,42548.23741830002,42717.20942053598,42520.54960859777,42492.10424368438,-160.0,6.30012041009104,-176.64118828782375,-134.39264534708127,-32.7069185341461
880,42048.0,42556.291164994145,42079.55199112309,42254.43176754958,42444.80253733445,-408.0,10.644338615631568,-352.83412999245047,-162.90195727340688,-27.46157948320615
881,41968.0,42569.526095531284,42011.54116055108,42194.74569405096,42437.181084717966,176.0,16.620651911362074,149.69497218338074,53.68677352686427,15.837601619416091
882,42400.0,42589.53246881687,42378.94193548985,42361.805314603305,42476.47774057328,280.0,24.056170133429987,262.1104523880131,147.9622778539997,43.12054288397849
883,42528.0,42617.638435798144,42535.76206532711,42490.67024975896,42523.42217048592,216.0,32.585134899669356,195.63045647279068,110.20006003513117,46.71553843693982
884,42832.0,42654.70273861621,42770.20284843543,42582.20543467357,42569.90881744716,-200.0,41.64981915928365,-167.94023313988146,-33.36209774860981,33.38208783359369
885,42128.0,42700.93807411671,42199.881599047345,42423.94605426174,42590.18634615311,-144.0,50.52490091275831,-117.5179957260334,-10.28635328096425,43.38684601360728
886,42544.0,42755.752540441725,42535.166856983364,42561.63272811164,42656.682509474376,336.0,58.318448407975666,291.1195428528299,146.50303790572798,72.13028879498233
887,42800.0,42817.57497093266,42782.120684753005,42716.952130073194,42734.446923743075,168.0,63.96484647523903,157.5572515346721,113.79546699814819,74.48676045584943
888,42880.0,42883.6822333922,42850.28136005271,42789.223662107936,42805.656030386075,-120.0,66.22986782710723,-80.43252443674646,26.883363088709302,67.49190816230839
889,42560.0,42950.03470658688,42621.25563587951,42770.71885625061,42869.43074006769,88.0,63.77657600309976,84.10146228562007,86.85462226798336,79.2462466850011
890,43056.0,43011.2353853984,43018.48428462395,42962.9329066439,42964.14852375608,224.0,55.274262908260425,202.80106480293034,145.68050371523714,90.125209876187
891,43008.0,43060.5832324034,43026.85776548537,43062.07986368109,43049.681159820066,96.0,39.626993777244934,102.66230828827247,126.18688887772805,87.61669405499197
892,43248.0,43090.48937295289,43223.80890120049,43215.30668439936,43139.38191186606,64.0,16.23590300362048,75.99564171759994,136.8801629179543,84.26984763929795
893,43136.0,43093.05503841064,43178.84904892057,43335.840189516995,43218.22085509866,184.0,-14.719615986145072,196.0955588460165,220.4535998761312,82.94998598753591
894,43616.0,43061.0501409806,43616.000018892526,43656.21388415162,43305.28188384113,520.0,-52.00556150487682,492.84608082280465,340.480636710432,71.52512293452673
895,44176.0,42989.043915400885,44164.54121056618,44016.80146293786,43361.271100967715,424.0,-93.2457130545663,408.7420615932606,280.9883102551721,15.252772174968413
896,44464.0,42874.55871487147,44433.48414207905,44218.190504661965,43335.78742819107,128.0,-134.97736233139585,116.36364190812674,78.48429405508796,-81.89430136709416
897,44432.0,42719.089190738094,44397.268494382435,44173.770051048035,43197.48249823353,-256.0,-172.97108353344083,-240.74207369608848,-173.53542808991187,-200.0308050458625
898,43952.0,42528.61654780459,43951.99999468687,43871.11964848214,42935.725818099345,-896.0,-202.7499775658871,-875.3204655929258,-753.6298863023658,-312.57038922921856
899,42640.0,42313.58923560632,42646.627563196584,42666.510278443304,42572.34171977509,-808.0,-220.22422072744666,-811.3137782639933,-780.8149228396396,-366.7670123354983
900,42336.0,42088.168106349694,42329.37243815888,42309.48980280286,42202.19179342835,-576.0,-222.37843238681307,-579.3137819520998,-589.2552336873923,-478.98699142458645
901,41488.0,41868.83237083269,41487.999999292384,41487.99981106852,41614.36773692592,-1000.0,-207.80439166526412,-996.6862187327024,-986.7447353528441,-479.35901490687684
902,40336.0,41672.559323019166,40336.00000069348,40336.000332097174,41243.473763614595,-1064.0,-177.02232739807368,-1027.1632912706264,-848.7310987102064,-325.5202851305912
903,39360.0,41514.787716036546,39433.67341675113,39790.537613648106,40963.327166664734,-256.0,-132.51538939383317,-274.5615800106316,-249.22781723642402,-199.98023861662296
904,39824.0,41407.5285442315,39786.876840672216,39837.544697624326,40843.51328638135,192.0,-78.43560760615583,167.58762728215515,53.77943278838211,-68.83821596431517
905,39744.0,41357.916500824234,39768.84867131544,39898.09647922487,40825.650734736104,80.0,-20.046584863663156,106.21518722045221,137.60002121297657,36.21998509155674
906,39984.0,41367.43537450417,39999.30721511312,40112.74474005028,40915.95325656446,336.0,36.99040220280949,323.57566830725773,279.02063085055124,136.90018465658068
907,40416.0,41431.89730522985,40416.00000792996,40456.13774092597,41099.451104049265,544.0,87.38031515772309,535.6992767333431,477.0391743120308,217.6704026872685
908,41072.0,41542.19600481962,41070.705768579806,41066.82308867434,41351.294061939,512.0,126.86344635493151,512.6471103381809,494.51958911219117,265.8076609866839
909,41440.0,41685.62419793972,41441.29422860632,41445.176919150355,41631.06642602263,584.0,152.71396476115115,576.0000012925084,551.9999965866882,289.325685384767
910,42240.0,41847.62393434192,42222.70577116482,42170.82308184772,41929.94543270853,488.0,163.98132207489107,496.0000001482367,519.9999970857207,283.3762783213242
911,42416.0,42013.5868420895,42433.29422890279,42485.1769133218,42197.81898266528,536.0,161.44729338722027,529.5850537825572,453.30133056795603,256.9644990900124
912,43312.0,42170.51852111636,43281.87587872994,43077.42574298363,42443.87443088856,480.0,147.356437123246,465.4355919462214,370.6026587206725,202.64916976770473
913,43376.0,42308.29971633599,43364.165412795235,43226.38223076314,42603.11732220069,8.0,124.94711635900967,23.11659804149167,74.14760316108368,120.598757422169
914,43328.0,42420.41275383438,43328.10907481292,43225.720949305796,42685.071945732896,-24.0,97.89877554557097,-35.51096391771716,-51.80080680444735,49.808220818849804
915,43328.0,42504.09726742713,43293.1434849598,43122.78061715425,42702.73376383839,-296.0,69.77935667979182,-290.18836643776376,-205.55002357442208,-13.601493702586595
916,42736.0,42559.971467193966,42747.73234193739,42814.62090215695,42657.86895832772,-432.0,43.58983063222331,-405.80923195180003,-268.8492639188189,-48.77135759428347
917,42464.0,42591.27692869158,42481.5250210562,42585.08208931661,42605.191048649824,-176.0,21.463497123520938,-178.58221560017773,-168.9977681820419,-45.618357245406514
918,42384.0,42602.89846144101,42390.56791073704,42476.62536579287,42566.63224383691,-64.0,4.556343443931837,-58.117556633995264,-62.144040627303184,-29.42719262106766
919,42336.0,42600.38961557944,42365.28990778821,42460.794008062,42546.33666340769,136.0,-6.878311505755846,121.17153599224184,46.565646300135995,-9.778747258838848
920,42656.0,42589.141838429496,42632.91098272152,42569.75665839314,42547.07474931923,176.0,-13.322908541944344,152.1759885409192,65.84097952770753,-4.708176622494648
921,42688.0,42573.743798495554,42669.64188487005,42592.47596711742,42536.9203101627,-72.0,-15.717171764528757,-55.059673501229554,-25.042707717017038,-17.708423648397
922,42512.0,42557.70749490044,42522.79163571906,42519.671242959106,42511.65790202244,-88.0,-15.201411592497607,-92.89207055565203,-68.96910267875865,-25.279513039138692
923,42512.0,42543.34097531056,42483.857743758745,42454.5377617599,42486.36128408442,-208.0,-12.937837783571013,-179.64517316660204,-93.86460031925162,-26.57855373379425
924,42096.0,42531.831819333296,42163.50128938586,42331.9420423206,42458.50079455485,24.0,-9.95370099540014,17.1499925563985,-4.624698278999858,-9.735449801832146
925,42560.0,42523.43357331976,42518.15772887154,42445.2883652019,42466.89038448076,176.0,-7.067199569741206,145.4450838433877,55.99050548224841,3.7341091499474715
926,42448.0,42517.697420193814,42454.391457072634,42443.9230532851,42465.969012854745,-48.0,-4.877334004260774,-31.808986435757106,-3.403785274254915,-0.02292098327598069
927,42464.0,42513.67890531124,42454.53975600003,42438.48079465339,42466.844542514205,-48.0,-3.771845028950338,-47.15292107248388,-18.201861305009515,1.017756785171514
928,42352.0,42510.15373013591,42360.085614927666,42407.51933067508,42468.00452642509,-72.0,-3.9266935548694164,-54.026066434034874,-3.2017986407736316,6.9602102321368875
929,42320.0,42505.8255182015,42346.48762313196,42432.077197371844,42480.76496297848,128.0,-5.312417645367532,118.84012386408358,80.59646538268862,20.798684702316677
930,42608.0,42499.52889484518,42597.76586265583,42568.71226144046,42509.60189582972,224.0,-7.70917598115193,200.10755280305966,116.9911947888395,23.91702764272486
931,42768.0,42490.407166239194,42746.70272873808,42666.05958694952,42528.59901826393,32.0,-10.720748108979024,42.45050977263236,46.37711898382622,7.027073347406258
932,42672.0,42478.08739862722,42682.6668822011,42661.46649940811,42523.65604252453,-8.0,-13.817347822794545,-10.701435531467723,-9.859837837353552,-12.360173613167717
933,42752.0,42462.772470593605,42725.29985767514,42646.339911274816,42503.87867103759,-96.0,-16.40407156285437,-90.8677361502705,-67.95663249588688,-32.1834379350621
934,42480.0,42445.27925550151,42500.93140990056,42525.55323441634,42459.28916665441,-128.0,-17.92601996796293,-119.71139827180014,-98.01005965031436,-45.625046050463425
935,42496.0,42426.92043065768,42485.87706113154,42450.31979197419,42412.62857893667,-48.0,-17.96747640443209,-65.66904311131657,-98.0735464550562,-50.82915877091
936,42384.0,42409.34430269265,42369.593323677924,42329.406141506224,42357.63084911259,-192.0,-16.322568000519823,-188.3171190640096,-148.21057971485425,-56.31618736844757
937,42112.0,42394.27529465664,42109.24282300352,42153.89863254448,42299.99620419977,-312.0,-13.065191366036743,-274.1363856567732,-154.5581926895029,-48.23483470282736
938,41760.0,42383.21391996057,41821.32055236438,42020.28975612722,42261.161179706934,24.0,-8.54635844634322,18.680491182742117,-3.4639983536544605,-13.776965507491695
939,42160.0,42377.18257776395,42146.603805369006,42146.97063583717,42272.44227318479,304.0,-3.3333802523557097,258.3022798496713,120.16619762853952,16.903207137092977
940,42368.0,42376.54715945586,42337.92511206372,42260.6221513843,42294.96759398112,24.0,1.873593763597455,40.94686701330647,59.962591239273024,18.87370049538731
941,42208.0,42380.92976529115,42228.49753939562,42266.895818315716,42310.18967417556,-32.0,6.357539377164358,-6.9398756900081935,35.72157608927955,20.33156390322256
942,42304.0,42389.26223821019,42324.0453606837,42332.06530356286,42335.630721787566,240.0,9.508903255933546,195.77462470662067,79.20213702856927,27.022583701378608
943,42688.0,42399.947571803015,42620.04678880886,42425.300092372854,42364.23484157832,-224.0,10.926265348414745,-195.66961244487538,-38.115165003575385,12.415861869671062
944,41856.0,42411.11476890702,41932.70613579395,42255.834973555706,42360.46244552691,-56.0,10.482712318651465,-28.032502273119462,30.452367960704578,21.450726224931714
945,42576.0,42420.91299644032,42563.98178426262,42486.20482829426,42407.13629402818,512.0,8.340880871041009,447.31208262405926,185.47226888568548,38.23066320268845
946,42880.0,42427.7965306491,42827.33030104207,42626.77951132708,42436.923771932285,0.0,4.918558674911765,2.1989813831169158e-05,13.964438696351863,7.633666500714753
947,42576.0,42430.75011379014,42563.98182824225,42514.13370568697,42422.40362702961,-424.0,0.8141041102317104,-359.3121267982897,-143.57895279662625,-22.199963551192923
948,42032.0,42429.424738869566,42108.70604744549,42339.621605733824,42392.5238448299,120.0,-3.2945662542078935,87.65604708170576,-20.701297086230625,-11.853589958220255
949,42816.0,42424.160981281726,42739.29392240566,42472.731111514506,42398.69644711317,-72.0,-6.76583900084006,-71.99997001735392,-38.52493846206198,-14.692575361066702
950,41888.0,42415.893060867886,41964.706107410784,42262.5717288097,42363.138694107765,-88.0,-9.098316809784592,-75.2787452364355,-22.87351829995896,-11.800818300016545
951,42640.0,42405.96434766216,42588.73643193279,42426.98407491459,42375.09481051314,296.0,-10.002014119356318,247.462613045951,57.904383562181465,-1.2891430689705885
952,42480.0,42395.88903262917,42459.631333502686,42378.38049593406,42360.560407969824,-272.0,-9.433933458843967,-230.94843091666917,-99.41333101348937,-20.506382144823874
953,42096.0,42387.09648074447,42126.83957009945,42228.15741288761,42334.08204622349,-200.0,-7.588756211996952,-178.59391290598796,-84.14437660264957,-14.574259435161366
954,42080.0,42380.71152020518,42102.44350769071,42210.091742728764,42331.4118890995,96.0,-4.839090588720865,87.82147604479906,46.980201205537014,9.900437330990826
955,42288.0,42377.41829956703,42302.48252218905,42322.11781529868,42353.88292088547,320.0,-1.6582983919215621,272.45162544356936,129.08498021926425,25.765177830242465
956,42720.0,42377.394923421336,42647.34675857785,42468.26170316729,42382.942244759986,-40.0,1.4861456558464852,-18.40197072196679,20.274739452255744,12.206436112512165
957,42208.0,42380.39059087872,42265.678580745116,42362.667294203195,42378.2957931105,-112.0,4.215696555980685,-93.27527410713446,-28.260761862504296,3.8683380060356285
958,42496.0,42385.8263165333,42460.79621036358,42411.740179442284,42390.67892077206,32.0,6.283215829244,19.098681436353218,6.942974960231368,7.117073700163019
959,42272.0,42392.95702253721,42303.87594361782,42376.55324412366,42392.52994051082,-8.0,7.60649010074485,2.4594513433476095,17.089686743205675,7.8775167643070745
960,42480.0,42401.03929673479,42465.715113050275,42445.919552928695,42406.43395430067,96.0,8.246189077482995,90.41473468382901,52.32608526938566,10.225711504881474
961,42464.0,42409.449400692174,42484.70541298548,42481.20541466243,42412.98136352059,144.0,8.351546104135195,122.51736486262962,43.88856906494766,3.996477395943657
962,42768.0,42417.74238894306,42710.749842775534,42533.69669105859,42414.42690909256,-48.0,8.104370430177369,-60.20635633229176,-64.66037807454632,-16.233108973399794
963,42368.0,42425.65814155253,42364.2927003209,42351.884658513336,42380.51514557379,-472.0,7.646010257278249,-405.02190808603336,-189.86970328858297,-33.28600624007959
964,41824.0,42433.034409457614,41900.70602660347,42153.957284481425,42347.8548966124,24.0,7.0371244099442265,-3.117016053496627,-32.94873179120259,-6.467504130770976
965,42416.0,42439.73239037242,42358.058668213904,42285.98719493093,42367.580137312245,144.0,6.257381017476291,130.73472526923797,67.0235079149752,17.304247565461992
966,42112.0,42445.54917149257,42162.175477141944,42288.004300311375,42382.463391743324,24.0,5.215470146431471,54.99419463774757,90.01925553613182,28.406424018241523
967,42464.0,42450.16333066528,42468.0470574894,42466.025706003195,42424.39298534873,368.0,3.789895959838759,326.1068677944386,179.034258693413,39.94924287284084
968,42848.0,42453.128963412244,42814.38921273082,42646.0728176982,42462.361877489006,200.0,1.887505495102232,178.2882188955191,79.08352054410716,18.686986014727154
969,42864.0,42453.938341655485,42824.62349528044,42624.19274709141,42461.76695737818,-384.0,-0.4974169697452453,-333.2141554553018,-141.78369706108424,-20.70657224191382
970,42080.0,42452.13412947275,42147.96090182022,42362.50542357603,42420.94873300518,-176.0,-3.2489767985534854,-190.29216995203024,-120.43461172735624,-23.77078772274399
971,42512.0,42447.44038805838,42444.03915537638,42383.323523636696,42414.225381932694,-72.0,-6.12380252283765,-67.62742042504397,-43.52013812099176,-11.612081975850742
972,41936.0,42439.88652442708,42012.70606097013,42275.46514733405,42397.72456905348,72.0,-8.765650085129892,92.92521434920491,61.87419736437732,6.585415573455975
973,42656.0,42429.90908788812,42629.88958407479,42507.07191836545,42427.396213079606,424.0,-10.773378978690744,369.80489043684065,157.14273021412737,18.24145468011193
974,42784.0,42418.3397664697,42752.31584184381,42589.750607762304,42434.2074784137,-40.0,-11.771453520708747,-35.99453301190806,-14.446006721995218,-10.678360745219834
975,42576.0,42406.3661808467,42557.90051805097,42478.17990492146,42406.03949158917,-312.0,-11.491406750999886,-284.9127335379999,-160.48075038011302,-36.66601224507758
976,42160.0,42395.3569529677,42182.49037476781,42268.78910700208,42360.875453923545,-288.0,-9.852801196175278,-262.958269444116,-154.99624441834385,-35.120264969446
977,42000.0,42386.66057845435,42031.98397916274,42168.18741608477,42335.798961650275,16.0,-6.98028166995573,9.413500208622281,-16.507982874914887,-8.286544190752466
978,42192.0,42381.396389627786,42201.317375185055,42235.77314125225,42344.30236554204,256.0,-3.196939288296562,215.92027194761613,89.47229579359919,16.11852216886473
979,42512.0,42380.26669987776,42463.82452305797,42347.13200767197,42368.036005988004,16.0,1.0335867427420453,21.629763162763993,28.924870255705173,16.535440745363303
980,42224.0,42383.46356311327,42244.57690151058,42293.62288176366,42377.37324703277,-144.0,5.198376747692237,-116.36311399448823,-18.69768502648003,17.005903396402573
981,42224.0,42390.66345337314,42231.098295068994,42309.73663761901,42402.04781278081,16.0,8.833628228370799,22.012868903362687,58.98207466486201,33.57695638708174
982,42256.0,42401.13081957001,42288.60263931731,42411.58703109338,42444.52715980693,320.0,11.604292669933784,299.91155028854337,179.6439090210588,51.905705016470165
983,42864.0,42413.87203871301,42830.92139564608,42669.02445566113,42505.85922281375,328.0,13.353289897138893,297.5317251055203,159.94965239830708,43.42502414750197
984,42912.0,42427.83739936429,42883.66608952835,42731.48633589,42531.377208101934,-104.0,14.094214211101644,-88.92485847597345,-27.794951826130273,6.4868456932854315
985,42656.0,42442.06046713521,42653.071678694134,42613.43455200887,42518.83291420032,-264.0,13.958978985840076,-245.2360173635425,-139.33450787670154,-19.402648191600747
986,42384.0,42455.75535733597,42393.194054801264,42452.81732013659,42492.57191171873,-232.0,13.14217182233915,-213.90734988653276,-126.2085718039707,-20.832406895646272
987,42192.0,42468.34481077989,42225.25697892107,42361.01740840093,42477.16810040903,-8.0,11.82145326050886,-1.652181274836039,-7.291207535206922,-1.1454062892589718
988,42368.0,42479.39826385699,42389.88969225159,42438.23490506618,42490.281099140215,336.0,10.11339298166422,281.0185319304437,112.33494919834266,19.227053688198794
989,42864.0,42488.57159674322,42787.294042781956,42585.68730679761,42515.622207785425,-72.0,8.079744585804292,-48.263051806814474,8.296055130238528,7.922219034484442
990,42224.0,42495.557753028595,42293.36358863796,42454.82701532666,42506.125537209184,-112.0,5.7357489751630055,-91.91225204917646,-15.446783807623433,4.6096062842152605
991,42640.0,42500.043094693545,42603.4695386836,42554.793739182365,42524.841420353856,152.0,3.0844124526811356,127.45364346363931,57.363593446887535,12.957954162367969
992,42528.0,42501.72657793396,42548.27087556524,42569.55420222043,42532.04144553392,40.0,0.16523354118544376,46.155714707834704,35.537564148289675,7.402097456757474
993,42720.0,42500.373561775916,42695.78096809927,42625.868867478945,42539.64561526737,32.0,-2.925533742571133,26.414933030384418,9.249098997977853,-1.4135495031805476
994,42592.0,42495.875510448815,42601.10074162601,42588.05240021639,42529.21434652756,-48.0,-6.026141537407966,-49.17651834319622,-39.79026715435975,-13.570551413435169
995,42624.0,42488.3212787011,42597.42793141288,42546.288333170225,42512.5045124405,-152.0,-8.9277189242639,-136.53315314875363,-80.61990046104984,-22.284608465030033
996,42288.0,42478.02007260029,42328.0344353285,42426.81259929429,42484.6451295975,-72.0,-11.403667882284935,-69.22131944185821,-50.0694342287934,-18.027126363129355
997,42480.0,42465.51394293653,42458.98529252916,42446.14946471264,42476.45025971424,40.0,-13.240796675949241,25.87731984646598,2.4115977746696444,-8.372356897543796
998,42368.0,42451.53847924839,42379.789075021436,42431.63579484363,42467.90041580241,-48.0,-14.261610775891313,-20.250842400535475,17.30422755280233,-3.554823121710797
999,42384.0,42436.99072138475,42418.48360772809,42480.75791981824,42469.34061347082,248.0,-14.351691138108436,211.4026984115626,97.50108488373735,5.707228341951122
1000,42864.0,42422.83509697217,42802.59447184456,42626.6379646111,42479.31487248631,88.0,-13.480361054193054,76.79309627479961,27.199027098406077,-9.259997360193665
1001,42560.0,42410.02999927636,42572.06980027769,42535.155974015055,42450.82061875043,-192.0,-11.701971347589279,-170.17567017839974,-103.90400358851548,-33.953222798354545
1002,42480.0,42399.431154276994,42462.24313148776,42418.82995743407,42411.408426889604,-200.0,-9.160868153925549,-198.61101135112403,-146.91103786394888,-42.84177051635197
1003,42160.0,42391.70826296851,42174.84777757544,42241.33389828716,42365.13707771773,-224.0,-6.082293290444795,-213.15646603508503,-136.82911000333115,-36.01449528598823
1004,42032.0,42387.266567696104,42035.93019941759,42145.17173742741,42339.37943631763,-136.0,-2.7428823645932425,-119.26658106989635,-39.57629214604822,-10.388669584219315
1005,41888.0,42386.22249823932,41936.31461543565,42162.18131399506,42344.35973854929,384.0,0.5606785558993579,343.6818545650567,154.1002335651865,27.798289159127307
1006,42800.0,42388.3879248079,42723.293908547705,42453.37220455778,42394.97601463588,160.0,3.5323271863853734,172.71810720713984,117.87699284160772,30.365076818387024
1007,42208.0,42393.287152612094,42281.75082984993,42397.935299678276,42405.089892186064,-64.0,5.917307335043006,-43.78256217340822,39.53074495963301,19.968372159484716
1008,42672.0,42400.22253947799,42635.72878420089,42532.43369447705,42434.91275895485,224.0,7.540856132425688,172.62187535539488,64.71524203729132,17.968504716529424
1009,42656.0,42408.368864876946,42626.99458056072,42527.36578375286,42441.02690161912,-184.0,8.304347500594304,-153.76130083656244,-69.38501884775542,-4.634512254771835
1010,42304.0,42416.83123447918,42328.20618252776,42393.66365678154,42425.64373444531,-200.0,8.183774940298463,-177.75748539412598,-88.87029858055757,-9.300980451549549
1011,42256.0,42424.73641475754,42271.47960977247,42349.625186591744,42422.424940716024,32.0,7.236432503654214,20.671476107028866,2.7741231060790597,5.102453306517418
1012,42368.0,42431.304099486486,42369.54913474182,42399.211902993695,42435.84864105834,112.0,5.595894643975043,105.81519867846146,65.19266789880203,16.81613239523358
1013,42480.0,42435.92820404549,42483.11000712939,42480.01052238935,42456.05720550649,136.0,3.470441482404567,129.11090803451953,80.80388059033066,19.011424723474192
1014,42640.0,42438.244982451295,42627.77095081086,42560.819664174356,42473.87149050529,104.0,1.1443452494277153,83.51569773575466,41.21897387217905,9.507859524066589
1015,42688.0,42438.21689454435,42650.1414026009,42562.448470133706,42475.072924554624,-208.0,-1.0344215772238385,-166.92253520543454,-61.14695897379352,-9.444919722936902
1016,42224.0,42436.17613929685,42293.92588039999,42438.52574622677,42454.98165105942,0.0,-2.6855206615728093,-6.586120200940059,-16.659850793552323,-8.542190942240268
1017,42688.0,42432.8458532212,42636.96916219902,42529.1287685466,42457.988542670144,120.0,-3.449757640621101,87.88909279411382,11.16740659313291,-8.493681255760748
1018,42464.0,42429.276624015605,42469.70406598822,42460.860559413035,42437.994288547896,-168.0,-3.0585816214334045,-138.74476626969772,-69.83792942704531,-21.294539694856212
1019,42352.0,42426.728689978336,42359.479629659625,42389.45290969251,42415.39946328043,-88.0,-1.4030232433324272,-72.82628803048647,-52.68119487426884,-19.42485210344239
1020,42288.0,42426.47057752894,42324.051489927246,42355.4981696645,42399.14458434101,184.0,1.421562603336497,144.82930990386012,-0.20565519576121005,-10.697649722369533
1021,42720.0,42429.57181518501,42649.138249467345,42389.04159930099,42394.00416383569,-304.0,5.108068574507342,-284.52013015389093,-131.93577071301843,-21.440212313533266
1022,41680.0,42436.686714677955,41755.011229619464,42091.62662823846,42356.264159713945,-288.0,9.152831693605549,-263.77273471985245,-91.60165694329771,-3.9267961360492336
1023,42144.0,42447.87747857222,42121.59278002764,42205.83828541439,42386.150571563594,280.0,12.94943483886891,254.5454505464004,145.1307998831253,41.9939404278266
1024,42240.0,42462.58558435569,42264.102130712265,42381.88822800471,42440.2520405696,512.0,15.891539701551665,484.8505521553561,246.99405659267723,64.11407103448437
1025,43168.0,42479.66055797532,43091.29388433835,42699.82639859975,42514.37871363256,8.0,17.481622863106168,34.30197204936121,83.85136989490638,41.44560874459057
1026,42256.0,42497.548830081905,42332.70607481099,42549.590967794524,42523.14325805878,-200.0,17.43030909620211,-170.56512167046094,-3.439946907958074,22.121707329159108
1027,42768.0,42514.52117616773,42750.16364099743,42692.94650478383,42558.62212829088,376.0,15.699103118811763,311.31211273070585,105.82878938122303,25.009976646644645
1028,43008.0,42528.94703631953,42955.3303002724,42761.24854655697,42573.16321135207,-64.0,12.50864716923752,-58.18183936303103,-55.07368494837647,-7.200756371210446
1029,42640.0,42539.5384705062,42633.79996227137,42582.79913488708,42544.22061554846,-568.0,8.277125307555252,-503.3120781912621,-207.0498442263488,-33.7315650261844
1030,41872.0,42545.50128693464,41948.706143889875,42347.14885810427,42505.7000812997,96.0,3.5284022010273475,70.04195748832353,1.9241522693264415,-6.835530183776427
1031,42832.0,42546.59527490826,42773.883877248016,42586.64743942573,42530.54955518091,328.0,-1.1894958690063504,313.77361472485063,116.82230103432448,9.776951640254993
1032,42528.0,42543.12229519663,42576.253373339576,42580.79346017292,42525.25398458021,48.0,-5.394406436709687,43.63636278944614,20.542750833650643,-5.432871371685906
1033,42928.0,42535.80646203484,42861.15660282691,42627.73294109303,42519.683812437535,-240.0,-8.741516056648834,-226.43481788377903,-103.19404853337619,-25.985981520800124
1034,42048.0,42525.63926308333,42123.38373757202,42374.40536310617,42473.28202153861,-192.0,-11.032248588195216,-183.73311588917932,-90.12489643377194,-25.1376898219969
1035,42544.0,42513.74196485845,42493.69037104855,42447.48314822549,42469.40843279354,136.0,-12.206028413966123,118.75848871929338,24.81935923205674,-7.60316710538973
1036,42320.0,42501.2272062554,42360.900715010604,42424.04408157028,42458.07568732783,72.0,-12.30533320415634,71.71391901505922,28.58297412993852,-4.428961099318258
1037,42688.0,42489.131298450135,42637.11820907867,42504.649096485366,42460.550510594905,48.0,-11.431106289062882,21.808539461413602,-11.070436842230265,-8.89765120318043
1038,42416.0,42478.36499367727,42404.51779393343,42401.90320788582,42440.28038492147,-352.0,-9.712122498225654,-290.01144547808144,-109.79428465663659,-19.056106427364284
1039,41984.0,42469.70705345368,42057.095318122505,42285.06052717209,42422.43829774018,88.0,-7.279874419196858,80.56456814230842,33.687582872313214,4.079827705718344
1040,42592.0,42463.80524483888,42565.64693021805,42469.27837363045,42448.440040332905,376.0,-4.265925128103845,314.27580984510496,122.85703327358715,18.823744609373534
1041,42736.0,42461.175203197476,42685.646937812715,42530.77459371927,42460.08578695892,-192.0,-0.8237392848204763,-154.98026974612367,-41.116483051555406,-2.149964026037196
1042,42208.0,42462.157766269236,42255.6863907258,42387.04540752734,42444.14011228083,-208.0,2.8528877437274787,-168.3136270535506,-54.206482428257004,-4.138669064050191
1043,42320.0,42466.88097868493,42349.019683705614,42422.36162886275,42451.80844883082,336.0,6.5234164081994095,273.8037896636306,86.4970357667953,14.258758991534705
1044,42880.0,42475.204599085635,42803.29397005306,42560.03947906093,42472.6576302639,0.0,9.90254495175759,-10.666664933156426,-22.30241027136799,0.4820629462701618
1045,42320.0,42486.686068588446,42327.6863538393,42377.75680832002,42452.77257472336,-464.0,12.690966354461125,-391.13712362712977,-153.40426658089564,-13.246426804369548
1046,41952.0,42500.58653179456,42021.0197227988,42253.23094589914,42446.16477665516,56.0,14.618749374221807,46.14379158432348,26.089610528681078,18.100440764559607
1047,42432.0,42515.92356733689,42419.97393700795,42429.93602937738,42488.97345625248,376.0,15.501831437733927,331.11209061810587,175.67309816693887,45.657352409944
1048,42704.0,42531.590194670025,42683.243904035015,42604.577142233014,42537.47948147505,160.0,15.276039207074064,159.48948720212866,124.92968397213917,40.179999296316964
1049,42752.0,42546.47564575104,42738.952911412205,42679.79539732166,42569.33345484512,-32.0,14.009612716563424,-9.526435561765538,39.11595374947137,22.720646112324175
1050,42640.0,42559.60942010315,42664.19103291148,42682.80904973196,42582.9207736997,56.0,11.909161042567575,46.193286056699435,24.418177276278584,10.733357539567805
1051,42864.0,42570.29396783617,42831.339483525604,42728.631751874214,42590.80016992425,16.0,9.269747240490688,3.8458682421405683,-21.861421920631983,-5.780595279233239
1052,42672.0,42578.14891458413,42671.882769395765,42639.08620589069,42571.35958314123,-168.0,6.421471284986183,-160.04286715102717,-106.00244303817453,-24.472607625961246
1053,42528.0,42583.136910406145,42511.25374922355,42516.626865797865,42541.85495467233,-280.0,3.674027464214305,-244.36027405445202,-128.14590719389525,-28.81188073528392
1054,42112.0,42585.49696951256,42183.16222128686,42382.7943915029,42513.73582167066,80.0,1.266517738062248,63.09666029223081,1.564721456485131,-8.03234191813317
1055,42688.0,42585.66994588227,42637.44706980801,42519.756308710836,42525.79027083606,208.0,-0.6483876320817217,166.143115766572,52.840071563354286,3.943962707198807
1056,42528.0,42584.2001942484,42515.448452820005,42488.47453462961,42521.62374708506,-240.0,-2.004785595301655,-184.75635288797275,-51.044506766415,-4.4853363967449695
1057,42208.0,42581.660374691666,42267.934364032066,42417.667295178006,42516.81959804257,64.0,-2.804774450702098,52.15773137240103,34.026408137393446,10.636830859642942
1058,42656.0,42578.590645346994,42619.76391556481,42556.5273509044,42542.89740880435,200.0,-3.0897098762907262,170.64912935677785,89.1237311785917,20.42268120198787
1059,42608.0,42575.480954939085,42609.23262274562,42595.91475753519,42557.66496044655,-32.0,-2.918625629743474,-4.3681790910923155,33.344785398385284,12.25079966452904
1060,42592.0,42572.75339408751,42611.02755738262,42623.21692170117,42567.399008133405,120.0,-2.359499934991618,96.93272155009981,42.910625016564154,8.503998093525297
1061,42848.0,42570.7619550691,42803.09806584582,42681.73600756832,42574.6729566336,-32.0,-1.4977838160157262,-32.439162307702645,-24.612910348689184,-6.392403668123734
1062,42528.0,42569.757826455476,42546.14923276722,42573.99110100379,42554.61420079716,-192.0,-0.4488874367380049,-166.2026692425061,-84.7493560626317,-18.72804579658259
1063,42464.0,42569.864180195626,42470.69272736081,42512.237295443054,42537.216865040435,-40.0,0.6494895714349695,-41.99286860237771,-37.63515783921321,-13.736492504704074
1064,42448.0,42571.056805598346,42462.16349556246,42498.720785325364,42527.14121578775,72.0,1.6262278811700526,62.288246013962635,11.843882544995722,-6.118588463297783
1065,42608.0,42573.116635957966,42595.269219388734,42535.925060533045,42524.97968811384,96.0,2.2965974693725,69.45182076994388,1.1668054742003733,-6.312543268217269
1066,42640.0,42575.65000053709,42601.06713710235,42501.054396273765,42514.516129251315,-272.0,2.5105318636451557,-237.7914074379769,-104.3434661223946,-16.737752399956662
1067,42064.0,42578.137699685256,42119.68640451278,42327.238128288256,42491.504183313926,-184.0,2.182741622964386,-154.02369936232935,-42.197203841376904,-1.6367367716957233
1068,42272.0,42580.01548378302,42293.01973837769,42416.65998859101,42511.24265570792,360.0,1.3165315618934983,319.8414886261635,161.7518545982566,31.700605179397826
1069,42784.0,42580.77076280904,42759.36938176511,42650.74183748477,42554.90539367272,328.0,0.019272948786237976,301.78708934014867,167.45276763614675,32.208007648430794
1070,42928.0,42580.05402968059,42896.59391705799,42751.565523863304,42575.658671004785,-32.0,-1.513662906254467,-19.80587941720296,12.606448310183623,3.136210882301384
1071,42720.0,42577.743436996534,42719.7576229307,42675.95473410514,42561.177815437324,-200.0,-3.0420272057162947,-178.04817947376068,-97.63342270560315,-22.42196479559061
1072,42528.0,42573.96997526916,42540.497558110466,42556.2986784521,42530.814741413604,-104.0,-4.328151735906431,-116.77227426791069,-105.5067164269858,-30.22233695304385
1073,42512.0,42569.08713352472,42486.21307439488,42464.941301251165,42500.73314153124,-208.0,-5.183735169750435,-183.2191117411785,-114.88672657535062,-30.64494280580402
1074,42112.0,42563.60250492966,42174.05933462811,42326.5252253014,42469.524855801996,16.0,-5.5047566682660545,-1.8570666262276063,-31.15346329906606,-13.332042939142411
1075,42544.0,42558.07762018819,42482.498941142425,42402.63437465303,42474.06905565295,0.0,-5.2923216223898635,0.9343122264399426,5.4263366781488,1.0476526336060488
1076,42112.0,42553.01786168488,42175.92795908099,42337.377898657694,42471.62016106921,-16.0,-4.638368554245972,13.068813343514194,47.432473333508824,15.532113469715114
1077,42512.0,42548.8008830797,42508.63656782945,42497.49932132005,42505.13328259238,376.0,-3.696631710157817,315.8914478957231,152.8710833223813,33.16978565279351
1078,42864.0,42545.62459826456,42807.710854872435,42643.12006530246,42537.959732374795,8.0,-2.6523378453057376,17.628561405177607,35.18077663363874,16.524436401152343
1079,42528.0,42543.496207389086,42543.89369063981,42567.86087458733,42538.18215539469,-232.0,-1.6879340733903518,-184.34871103358455,-55.32875342146872,0.7315307896242302
1080,42400.0,42542.24873011778,42439.013432805266,42532.46255845952,42539.42279395404,120.0,-0.9473171112294949,90.18690619181143,30.8329631019551,8.211778257063997
1081,42768.0,42541.60157316663,42724.26750302343,42629.52680079124,42554.605711908815,72.0,-0.526243440923281,66.59158533532536,27.8276427273413,4.513203550206526
1082,42544.0,42541.196243235936,42572.19660347592,42588.1178439142,42548.449201054456,-8.0,-0.4691558224549226,-11.087882167932548,-19.35003491993848,-5.934050801632111
1083,42752.0,42540.66326152172,42702.091738687566,42590.82673095136,42542.73761030555,-120.0,-0.7660838347001118,-119.64617135050139,-77.87774748716402,-16.17471023363032
1084,42304.0,42539.664075566536,42332.904260774914,42432.362348939874,42516.099780587196,-272.0,-1.3654831968888175,-224.66617403806958,-94.28320754154629,-16.03284068899302
1085,42208.0,42537.93229512794,42252.75939061143,42402.26031586827,42510.671928927564,168.0,-2.185709388078976,143.65208289366274,67.02812486253242,9.705744786744617
1086,42640.0,42535.29265679038,42620.20842656224,42566.41859866494,42535.511270160685,312.0,-3.1256878261992824,268.49116876200424,127.36758212913628,19.614904741152714
1087,42832.0,42531.68091947554,42789.741728135436,42656.99548012654,42549.90173840987,-64.0,-4.07325543593106,-41.75805774960827,3.07462152487642,0.28555516968117445
1088,42512.0,42527.146145918516,42536.69231106302,42572.56784171469,42536.08238050005,-152.0,-4.91063263891192,-129.58786175731802,-54.143717554499744,-12.615238884820428
1089,42528.0,42521.85965419772,42530.5660046208,42548.70804501754,42524.67126064023,16.0,-5.5284221612892,6.703716661784711,-13.505774188386567,-11.577556827804074
1090,42544.0,42516.08930159594,42550.09974438659,42545.55629333792,42512.92726684444,72.0,-5.837671140052407,50.032461698763655,-2.3736050106599578,-13.29763045357322
1091,42672.0,42510.18431191761,42630.63092801833,42543.96083499622,42498.07599973308,-152.0,-5.768964836901432,-126.31417627663541,-65.61504084358239,-23.547467124699324
1092,42240.0,42504.551371922134,42297.47139183332,42414.326211650754,42465.83233259504,-48.0,-5.287118615491636,-45.80257701839946,-42.471517520090856,-20.952050508290995
1093,42576.0,42499.61007468663,42539.02577398153,42459.01779995604,42456.1718987165,96.0,-4.403079547846573,56.683252055860066,-13.799511716697452,-15.651838942714676
1094,42432.0,42495.74521282644,42410.83789594504,42386.72718821736,42434.52865470961,-288.0,-3.1618653204604925,-233.99839831127974,-94.92701762999786,-21.51681127140546
1095,42000.0,42493.28634404571,42071.02897735897,42269.163764696044,42413.13827617369,8.0,-1.638475733489031,15.335968208768463,17.0184588267075,-0.7334647272400616
1096,42448.0,42492.46826135946,42441.50983236258,42420.764105870774,42433.06172525513,408.0,0.06294147693552077,338.0300168165013,137.98239411011673,19.176535344195145
1097,42816.0,42493.41222699958,42747.08901099197,42545.12855291628,42451.49134686208,-128.0,1.8270985867238778,-91.3217019406402,-11.071276496357314,0.20418895005786908
1098,42192.0,42496.12245853291,42258.8664284813,42398.62155287806,42433.47010315525,-120.0,3.5433347960897663,-101.5445045742963,-43.19622359918503,-5.947738549075439
1099,42576.0,42500.49889659176,42544.00000184338,42458.73610571791,42439.59586976393,176.0,5.112049324030522,125.13358257897926,1.4826056988058554,-0.6944399031199282
1100,42544.0,42506.34655718097,42509.13359363926,42401.58676427567,42432.08122334901,-368.0,6.4554628615951515,-313.6469612919682,-128.35595930440832,-13.110585247468407
1101,41840.0,42513.40982231495,41916.70607925944,42202.02418710909,42413.37469926899,-88.0,7.529486211740732,-77.1355020575611,-18.550483612030803,9.962210883430089
1102,42368.0,42521.40552960445,42354.862589524135,42364.48579705161,42452.00564511587,400.0,8.321238713382627,345.1563631444187,160.70450846832682,42.83122810267014
1103,42640.0,42530.052299741714,42607.01880554828,42523.433204045745,42499.03715547433,64.0,8.8569931637212,87.25024376552392,100.66400901700399,39.98336813218339
1104,42496.0,42539.119515931896,42529.36307705518,42565.81381508562,42531.972381380234,96.0,9.196028560134437,89.15965678283828,77.28751858268515,34.733844974911335
1105,42832.0,42548.44435686198,42785.338119113956,42678.008241211115,42568.504845424155,16.0,9.421929495252698,22.66563762855003,35.1985467310551,23.35770631512787
1106,42528.0,42557.9633749224,42574.69435231228,42636.21090854773,42578.68779401049,24.0,9.634092441941903,22.82799475973661,12.308121610476519,12.717338286860468
1107,42880.0,42567.71254174587,42830.99410863343,42702.62448443207,42593.939521997876,32.0,9.922608723758458,11.2702994883075,-22.274181899625546,0.9487040872809303
1108,42592.0,42577.80859236992,42597.2349512889,42591.66254474848,42580.58520218505,-232.0,10.348051820299588,-207.5844009000357,-111.13066730934952,-13.925059703571605
1109,42416.0,42588.408645386466,42415.82530683336,42480.36314981337,42566.08940259073,-208.0,10.926764575215202,-182.28311028875396,-79.11782002842301,-6.99132946478494
1110,42176.0,42599.66212152035,42232.66873071139,42433.42690469163,42566.60254325548,184.0,11.617806549591478,169.74781533433998,81.77720722407321,20.043267827524687
1111,42784.0,42611.64425848565,42755.32093750204,42643.917564261516,42606.17593824578,360.0,12.307288593430712,309.69615640146367,140.44944170064264,30.682191902589693
1112,42896.0,42624.27669870721,42852.06104351432,42714.325788092916,42627.96692706066,-160.0,12.82632222949178,-122.9546764161496,-20.428882122145296,8.389335167910758
1113,42464.0,42637.29690294463,42509.41158466974,42603.059800017225,42622.954608581604,-136.0,12.975076993934636,-115.59153549586335,-41.736088067078526,2.9354119500239904
1114,42624.0,42650.22685269508,42620.87797252259,42630.85361195876,42633.83775096071,128.0,12.52432423008213,95.85625046579298,31.220617920916993,11.375029927137803
1115,42720.0,42662.3455514048,42701.124085601325,42665.50103585906,42645.70466843588,-32.0,11.270890965104627,-14.133458914635412,7.39794182982223,8.152150896967214
1116,42560.0,42672.76863462529,42592.61105469332,42645.6494956184,42650.14205275464,64.0,9.099978736194316,54.54224255858935,22.973207568553335,8.944486956494075
1117,42848.0,42680.545508877185,42810.2085707185,42711.447450996166,42663.59364234887,56.0,6.009117427154706,28.640369617696706,-2.4783191241585882,4.231271711669251
1118,42672.0,42684.7868694796,42649.89179392871,42640.692857370086,42658.60459617798,-328.0,2.1423254668989102,-270.85780714624343,-86.40816494103638,-5.658816361989011
1119,42192.0,42684.83015981098,42268.49295642602,42538.63112111409,42652.27600962489,112.0,-2.198929264472099,114.12298188406203,71.25382430104946,16.685213928154553
1120,42896.0,42680.389010950654,42878.13775769684,42783.200505972185,42691.97502403429,464.0,-6.58882702662595,407.27655249834424,188.16963784418476,29.497765611115028
1121,43120.0,42671.65250575773,43083.046061422705,42914.97039680246,42711.27154084712,16.0,-10.525867780052067,20.13861083939264,29.255089231512102,-1.1399061448173597
1122,42928.0,42659.33727539055,42918.41497937562,42841.71068443521,42689.695211744656,-240.0,-13.515734862914542,-212.55618516897812,-116.40437014964846,-33.49156851523003
1123,42640.0,42644.6210360319,42657.93369108475,42682.161656503165,42644.28840381666,-168.0,-15.16600882165585,-170.81283286713733,-138.46819968046475,-45.19238773716279
1124,42592.0,42629.00525774724,42576.78931364135,42564.77428507428,42599.31043627033,-160.0,-15.246006772224064,-157.19780923664803,-131.0002288917458,-44.612445732811466
1125,42320.0,42614.129022487454,42343.53807261145,42420.161198719674,42555.06351235104,-112.0,-13.728412574313552,-115.56087797265354,-94.53248699477263,-32.493748301742016
1126,42368.0,42601.54843259861,42345.66755769604,42375.709311084735,42534.32293966685,-128.0,-10.801938042844995,-109.53272643518721,-40.597232092572085,-12.424425700846768
1127,42064.0,42592.525146401764,42124.47261974108,42338.96673453453,42530.21466094934,120.0,-6.834044363098656,131.16614452128852,100.74079071706365,19.202454329959437
1128,42608.0,42587.88034387241,42607.99984673862,42577.19089251886,42572.727848326766,536.0,-2.3069917662942316,467.4107179241182,222.81960424376302,40.74957979376268
1129,43136.0,42587.911162869175,43059.294055589315,42784.605943022056,42611.71382053687,32.0,2.25297059620425,33.58956030629997,31.718022014225426,12.77166323694837
1130,42672.0,42592.38628506482,42675.17896735122,42640.62693654731,42598.27117480066,-424.0,6.344669916914427,-367.9275659953346,-159.66553820109402,-17.12908699617401
1131,42288.0,42600.600502703004,42323.438923598645,42465.27486661987,42577.45564654452,-192.0,9.547688293248939,-174.54542575933738,-86.7146366175075,-6.342745928915974
1132,42288.0,42611.48166165132,42326.08811583254,42467.1976633123,42585.58568294283,320.0,11.55713233120332,263.92750574489037,91.52162834858245,23.009320545450464
1133,42928.0,42623.71476736541,42851.293935088426,42648.31812331703,42623.47428763542,-48.0,12.20746658698772,-28.6910169745679,41.27952166324758,22.662319074359402
1134,42192.0,42635.896594825295,42268.70608188341,42549.75670663879,42630.91032109155,16.0,11.474554401822388,44.070324919306586,80.31693664116028,29.381549510708282
1135,42960.0,42646.663876169056,42939.43458492704,42808.95199659935,42682.23738665684,488.0,9.450844689741643,424.3024362958422,183.67128826023327,37.438934898131265
1136,43168.0,42654.79828420478,43117.31095447509,42917.09928315926,42705.78819088781,-96.0,6.322197338606202,-75.56885807647632,-17.303071860460477,0.4402137753641
1137,42768.0,42659.30827084627,42788.29686877409,42774.34585287843,42683.117814207566,-240.0,2.3345051093965594,-227.52974183058177,-139.58050384161106,-26.91448596986811
1138,42688.0,42659.46729442357,42662.25147081393,42637.93827547604,42651.959218948075,-304.0,-2.2517997145732807,-283.63856639299047,-161.43843966437998,-32.96063431208677
1139,42160.0,42654.80467141712,42221.019735988106,42451.46897354967,42617.19654558339,-128.0,-7.18982813700859,-107.28253238281104,-40.73481515153253,-11.902846085511555
1140,42432.0,42645.087638149555,42447.686406048306,42556.46864517297,42628.15352677705,448.0,-12.253427166469919,389.0359379392212,167.23399420978967,20.764657532508863
1141,43056.0,42630.29781708418,42999.09161186655,42785.93696196925,42658.72586064841,200.0,-17.24241329962024,182.9260275134693,94.43679778090882,10.708626903782715
1142,42832.0,42610.602811550314,42813.538461075244,42745.34224073479,42649.57078058462,-344.0,-21.969346510370087,-277.860845415089,-83.92360086707049,-18.276541034567344
1143,42368.0,42586.35912406344,42443.36992103637,42618.08976023511,42622.172778579275,72.0,-26.237440849712584,47.76424021012281,-2.2076003821202903,-14.68936307637341
1144,42976.0,42558.12792985089,42909.06694149549,42740.92703997055,42620.19205443187,120.0,-29.83816711491818,89.94855286944949,5.3007997207168955,-19.771121425812453
1145,42608.0,42526.682789833605,42623.26702677527,42628.691359676544,42582.63053572765,-248.0,-32.54936980329876,-209.46478084385308,-101.89000045573994,-38.829991917838925
1146,42480.0,42493.02919024429,42490.137379807784,42537.14703905907,42542.53207059619,-88.0,-34.16034739928,-82.44274792856959,-62.97080108793307,-36.971861601647106
1147,42432.0,42458.362095035045,42458.38153091813,42502.74975750068,42508.686812524356,136.0,-34.50319642987233,100.151805700978,0.9775971919443691,-30.01091744561927
1148,42752.0,42424.02279738455,42690.44099120974,42539.10223344296,42482.510235704955,-80.0,-33.48140357014563,-79.23760369388401,-70.09640733624474,-39.65106503415518
1149,42272.0,42391.399287894754,42299.90632353036,42362.55694282819,42429.384682456046,-280.0,-31.100671834465174,-247.5010299933674,-131.2668192006713,-45.25631912610697
1150,42192.0,42361.82145371562,42195.438931223005,42276.568595041615,42391.99759745274,-96.0,-27.482505353505985,-87.2727361923171,-43.704050265765545,-27.387205130668008
1151,42080.0,42336.43427718774,42125.36085114573,42275.14884229666,42374.61027219471,320.0,-22.8551976259223,279.9275093954093,96.1546684033674,-2.656811648292205
1152,42832.0,42316.11105846377,42755.29395001382,42468.87793184835,42386.683974156156,-24.0,-17.52182804298718,-8.327451015218685,12.168055475867732,-10.192099330750352
1153,42032.0,42301.39062110177,42108.70594911529,42299.48495324839,42354.22607353321,-80.0,-11.836348550776165,-79.99990733910818,-35.650501975756924,-16.346596946281352
1154,42672.0,42292.43836136222,42595.29413533561,42397.57692789684,42353.99078026359,88.0,-6.154983016484039,49.64691428478909,-39.11956140313487,-16.135754256440123
1155,42208.0,42289.0806550688,42207.99977768487,42221.24583044212,42321.95456502033,-472.0,-0.7785480391758028,-395.3582039216417,-169.70818223365495,-26.338486992248363
1156,41728.0,42290.88126528387,41804.577727492324,42058.16056342953,42301.3138062791,0.0,4.052630425678217,-10.588111196699174,1.9950147021663724,8.02493157272329
1157,42208.0,42297.185915920156,42186.82355529147,42225.235859846456,42338.004428165776,304.0,8.171219840634876,276.36360425651947,175.6932263401577,43.190843294967635
1158,42336.0,42307.22370496514,42357.30493600536,42409.54701610984,42387.69549286903,392.0,11.50488525613764,374.7450186498063,221.08466431830675,52.27583934671202
1159,42992.0,42320.19568643243,42936.31359259108,42667.40518848307,42442.5561068592,224.0,14.052970657270635,202.83766163203472,95.56076661476618,27.38841933312142
1160,42784.0,42335.32964627968,42762.98025926943,42600.668549339374,42442.472331535275,-448.0,15.861475318852172,-391.76626516093893,-158.4023644740082,-17.160158747155947
1161,42096.0,42351.918637070135,42152.781062269205,42350.60045953505,42408.23578936489,-216.0,17.003318612696603,-212.9596574677562,-122.76786003679808,-18.624752702147816
1162,42352.0,42369.33628350507,42337.06094433392,42355.13282926578,42405.22282613098,144.0,17.54978908949124,109.58460373429989,6.098784363610321,-0.35182192735373974
1163,42384.0,42387.01821524912,42371.950269737805,42362.798028262274,42407.53214551018,-48.0,17.576538875480765,-25.359325907083985,-2.9357868723600404,3.485926654706418
1164,42256.0,42404.48936125603,42286.34229251975,42349.26125552106,42412.19467944039,80.0,17.16153127648795,66.10348538071412,33.09385501930956,12.47226790223067
1165,42544.0,42421.341277802094,42504.15724049923,42428.98573830089,42432.47668131464,16.0,16.374714740955824,18.6011504756425,22.21735193028144,14.705835939981625
1166,42288.0,42437.238790737945,42323.54459347104,42393.69595938162,42441.606351320355,-16.0,15.319004931669042,-2.8896796730296046,17.558200771538395,16.809987571734382
1167,42512.0,42451.97928766543,42498.377881153174,42464.10213984397,42466.09665645811,144.0,14.136165432853886,106.7226934480168,46.45725038433375,22.19513796065803
1168,42576.0,42465.51112160365,42536.98998036707,42486.61046015029,42485.99662724167,-200.0,12.972074131837871,-156.437998950747,-22.186449618537154,15.39980214564639
1169,42112.0,42477.92343592911,42185.50188325168,42419.729240606895,42496.8962607494,128.0,11.967892901146115,134.99513977906463,86.98340076005479,30.14444654520048
1170,42832.0,42489.446907405945,42806.9802599252,42660.5772616704,42546.28552033207,440.0,11.238343969514972,377.40585566343,155.13665189870153,35.10353559927535
1171,42992.0,42500.40012386814,42940.31359457854,42730.0025444043,42567.103331947954,-216.0,10.826161707122083,-183.64956467629236,-61.57344506395384,-0.4270217867233441
1172,42400.0,42511.09923082019,42439.681130572615,42537.43037154249,42545.431476758626,-264.0,10.678297520982596,-243.67593892051445,-123.85698709055578,-14.40028135139437
1173,42464.0,42521.7567189101,42452.96171673751,42482.28857022319,42538.302769245165,-32.0,10.646059457685624,-41.91083014754258,-45.997516207717126,-3.4135690512048313
1174,42336.0,42532.39134973556,42355.85947027753,42445.435339127056,42538.604338656216,-16.0,10.509136826294707,2.195104927646753,17.86443846740076,10.43178634385913
1175,42432.0,42542.77499256269,42457.351926592804,42518.01744715799,42559.16634193288,264.0,10.012411010033247,228.2520892793109,115.59083160992668,26.920320373315917
1176,42864.0,42552.41617175563,42812.36364883615,42676.61700234691,42592.44497940285,104.0,8.92341808893616,96.82996642409853,64.90805636237565,19.700886440106842
1177,42640.0,42560.621828740565,42651.011859441,42647.83355988274,42598.5681148131,-136.0,7.105280339426827,-106.29249219012127,-24.86666252280338,4.051541150900448
1178,42592.0,42566.62673243448,42599.77866445591,42626.8836773013,42600.54806170465,-8.0,4.548360126806074,-12.339872705550079,-3.5080439307821507,2.4073499767873727
1179,42624.0,42569.71854899418,42626.3321140299,42640.817472021175,42603.38281476667,40.0,1.390918587865599,38.21401972352032,22.342530730460567,1.8038938003555813
1180,42672.0,42569.40856961021,42676.20670390295,42671.568738762224,42604.15584930536,80.0,-2.0744455592357554,70.90810938780123,30.535636122160213,-2.6191729960446537
1181,42784.0,42565.569657875705,42768.148332805504,42701.888744265496,42598.14446877458,16.0,-5.447783727038768,12.683292930094467,-10.735622363983566,-15.304157092046808
1182,42704.0,42558.513002156134,42701.57328976314,42650.09749403426,42573.547535121266,-72.0,-8.29388532343728,-78.70859422667127,-78.74250321411091,-31.11955689725437
1183,42640.0,42548.98188722883,42610.73114435216,42544.403737837274,42535.905354980074,-280.0,-10.21579826951347,-262.94344294715484,-153.49188727834917,-42.84691239218955
1184,42144.0,42538.08140561711,42175.68640386883,42343.11371947756,42487.85371033689,-288.0,-10.911603627599106,-250.85570184219978,-101.73315862092932,-30.85895912634078
1185,42064.0,42527.15867997363,42109.01974066776,42340.937420595415,42474.18743672739,416.0,-10.241769820404443,370.31359421994057,136.29241141555758,6.843098226876464
1186,42976.0,42517.5978659763,42916.31359230871,42615.69854230867,42501.53990679064,328.0,-8.260351353095757,296.98025910230353,94.61039286759842,3.6294654027769866
1187,42720.0,42510.63797726744,42702.98025887237,42530.15820633061,42481.446367532946,-520.0,-5.187601211466244,-460.1042985499116,-180.4612328127514,-32.02122088104443
1188,41936.0,42507.222663553366,41996.10499520889,42254.77607668317,42437.49746502855,-256.0,-1.3812927442704677,-244.67802814361858,-115.99409130586355,-18.874029252969194
1189,42208.0,42507.8753917789,42213.62420258513,42298.170023718885,42443.69830902701,288.0,2.720580209621403,245.64022030188426,88.47895889516076,17.98575944980621
1190,42512.0,42512.66382397261,42487.385435812655,42431.73399447349,42473.468983928164,160.0,6.674923415910598,150.68841229082318,93.43096799135674,27.844124097566237
1191,42528.0,42521.22523861072,42515.00102716678,42485.0319597016,42499.38655722214,-72.0,10.0956533988101,-37.379272812002455,31.81394507890218,24.486901155083615
1192,42368.0,42532.85513077023,42412.62689018865,42495.3618846313,42522.44278623833,136.0,12.689306899213989,120.76031396514009,74.01086724534616,30.77836832810499
1193,42800.0,42546.60385240915,42756.52165509706,42633.05369419229,42560.94329387835,160.0,14.275299514451035,126.50304039369439,54.21865665714358,26.54767233394159
1194,42688.0,42561.40572979913,42665.63297097604,42603.799197945584,42575.538130906214,-248.0,14.797893409766402,-202.72382924082922,-71.35489727392269,8.971743573169078
1195,42304.0,42576.19963922868,42351.0739966154,42490.343899644446,42578.88678102469,-96.0,14.307945894928707,-79.18899128364501,-20.28334847890801,17.092989169712382
1196,42496.0,42590.02162158899,42507.25498840875,42563.23250098777,42609.72410924564,248.0,12.918606921590253,212.4559338370782,106.5048518372023,36.5235336832302
1197,42800.0,42602.03685307186,42775.985864289556,42703.35360331885,42651.93384839115,168.0,10.785824580725603,148.66019732857603,91.79790399051126,34.80643156506994
1198,42832.0,42611.59327075044,42804.5753830659,42746.82830896879,42679.33697237578,-152.0,8.089975447666802,-108.53356589415125,0.8888601343314804,19.769972603415226
1199,42496.0,42618.216803967196,42558.91873250125,42705.13132358751,42691.47379359798,104.0,5.004680099984398,98.53577474465783,62.86867641248318,21.910510902100214
1200,43040.0,42621.60263095041,43001.64693255522,42872.56566179376,42723.15799417998,544.0,3.3858269832126098,442.7282000539635,167.4343382062434,31.684200581999903
