distance,Raw,Median+Gaussian,Huber MRF lambda=0.1,Huber MRF lambda=1,Huber MRF lambda=10,derivative:Raw,derivative:Median+Gaussian,derivative:Huber MRF lambda=0.1,derivative:Huber MRF lambda=1,derivative:Huber MRF lambda=10
0,32864.0,33595.0173953412,32861.356861500055,32863.97686417717,33234.1666233569,-32.0,68.33087363035884,-26.43138499945053,-0.023135822826588992,37.01666233569267
1,32832.0,33663.34826897156,32834.925476500604,32863.95372835435,33271.18328569259,-16.0,101.39872940823261,-11.804002496450266,15.953728354346822,58.97582662032073
2,32832.0,33797.81485415767,32837.748856507154,32895.88432088587,33352.11827659754,24.0,165.3053307630289,31.567662542307517,63.8727529744574,106.94090473482356
3,32880.0,33993.95893049762,32898.06080158522,32991.69923430326,33485.06509516224,152.0,223.59151110670427,150.61595300414774,151.66453056902174,163.2000733228124
4,33136.0,34244.997876371075,33138.98076251545,33199.21338202391,33678.518423243164,408.0,273.9456451568585,398.96959921184316,352.15045419438684,220.57924924308463
5,33696.0,34541.850220811335,33696.000000008906,33696.000142692035,33926.22359364841,608.0,314.18143557863004,606.5096187348463,576.3931930438994,336.7414819821606
6,34352.0,34873.360747528335,34351.99999998514,34351.99976811171,34352.001387207485,552.0,342.483674060717,552.0000000036707,552.0000364884872,436.88770643524913
7,34800.0,35226.81756893277,34800.00000001625,34800.00021566901,34799.999006518905,776.0,357.6844981108661,775.9999999891334,775.9999516094977,775.999414263737
8,35904.0,35588.72974375007,35903.99999996341,35903.999671330705,35904.00021573496,968.0,359.47945317852646,968.000000058837,968.0004866269046,936.7398524353848
9,36736.0,35945.77647528982,36736.00000013392,36736.00118892282,36673.478711389675,616.0,348.55501157760955,615.9999999436004,615.9994483907467,516.9769787549485
10,37136.0,36285.83976690529,37135.99999985061,37135.9985681122,36937.954173244856,520.0,326.5543187474068,510.70885712730524,446.7759414768807,254.5731705174294
11,37776.0,36598.885112784636,37757.41771438853,37629.55307187658,37182.62505242453,360.0,295.9044862591836,353.16122204518615,308.91733011199904,215.0021318008985
12,37856.0,36877.648739423654,37842.32244394098,37753.833228336196,37367.95843684665,8.0,259.5254333777957,16.516949257340457,73.19677062771007,160.93130626445418
13,37792.0,37117.93597954023,37790.45161290321,37775.946613132,37504.48766495344,-72.0,220.45514805257335,-59.612766521699086,14.086691361808334,122.15361135446074
14,37712.0,37318.5590355288,37723.096910897584,37782.00661105981,37612.265659555575,-24.0,181.52395750743744,-11.870147517700389,41.06330345771494,102.79127757991228
15,37744.0,37480.9838945551,37766.71131786781,37858.07322004743,37710.070220113266,248.0,145.07442024145712,228.07401030192705,133.10321901133648,96.10807156335432
16,38208.0,37608.707876011715,38179.24493150144,38048.213049082486,37804.48180268228,216.0,112.77417740732562,197.85525714815594,110.24635357630177,74.23567270313288
17,38176.0,37706.53224936975,38162.421832164124,38078.565927200034,37858.54156551953,-104.0,85.56488125425676,-84.71393851669563,-18.36415828243844,38.186841113223636
18,38000.0,37779.83763852023,38009.81705446805,38011.48473251761,37880.85548490873,-112.0,63.70522766465365,-103.51950535586002,-61.33882842362436,16.35669363463603
19,37952.0,37833.94270469906,37955.382821452404,37955.888270352785,37891.254952788804,-24.0,46.87388917287899,-37.52012575363551,-53.652326988427376,7.362215519511665
20,37952.0,37873.585416865986,37934.776802960776,37904.180078540754,37895.579915947754,-112.0,34.33225558597769,-106.72200368775157,-75.61815254165776,1.5039589563384652
21,37728.0,37902.607215871016,37741.9388140769,37804.65196526947,37894.26287070148,-136.0,25.110695563449553,-123.1439184993651,-61.20213063654592,6.996098288800567
22,37680.0,37923.806807992885,37688.488965962046,37781.77581726766,37909.572112525355,-16.0,18.186057027356583,-11.00501830462963,28.011760632023652,26.78784745014491
23,37696.0,37938.97932992573,37719.92877746764,37860.67548653352,37947.83856560177,312.0,12.645244484905561,285.1418675883215,161.2374125326096,50.85838135650192
24,38304.0,37949.0972969627,38258.77270113869,38104.25064233288,38011.28887523836,168.0,7.803977284562279,178.64926061996084,143.7004769658124,48.814753398502944
25,38032.0,37954.58728449485,38077.22729870756,38148.07644046514,38045.46807239878,88.0,3.2797942215365765,97.07727019549202,101.864018364824,34.85260078035935
26,38480.0,37955.65688540577,38452.92724152967,38307.97867906253,38080.99407679908,224.0,-1.0015555280988337,187.8499713816709,73.89157812865596,15.575708240256063
27,38480.0,37952.584173438656,38452.927241470905,38295.859596722454,38076.61948887929,-224.0,-4.863652215124603,-203.00493303396797,-104.18928397885247,-24.543613475823804
28,38032.0,37945.92958097552,38046.91737546174,38099.600111104824,38031.90684984743,-280.0,-7.9845009264026885,-263.78184837078516,-162.45943006521338,-44.717296539489325
29,37920.0,37936.61517158585,37925.363544729335,37970.94073659203,37987.18489580031,-88.0,-10.005210263123445,-94.73610708571869,-103.18900621678404,-41.36270925710414
30,37856.0,37925.91916044927,37857.4451612903,37893.22209867126,37949.18143133322,-72.0,-10.647460737414804,-60.69257698754882,-59.10758858513873,-33.34439290042792
31,37776.0,37915.32025011102,37803.97839075424,37852.72555942175,37920.496109999454,112.0,-9.82111504857312,86.42518323510376,-2.133759538635786,-21.46051583379085
32,38080.0,37906.27693035213,38030.29552776051,37888.954579593985,37906.26039966564,-120.0,-7.64352743604104,-114.45281611277824,-59.29369003077227,-22.922690350536868
33,37536.0,37900.03319523894,37575.07275852868,37734.138179360205,37874.65072929838,-200.0,-4.442373480538663,-167.61138466685588,-55.74731055367374,-14.677133902336209
34,37680.0,37897.39218339105,37695.072758426795,37777.45995848664,37876.90613186097,296.0,-0.714931993989012,250.3495705997957,92.05175836975104,12.100709155631193
35,38128.0,37898.60333125096,38075.77189972827,37918.24169609971,37898.85214760964,64.0,2.9704425119416555,64.57286137513438,35.90258566291959,10.48862312916026
36,37808.0,37903.33306841493,37824.218481177064,37849.26512981248,37897.88337811929,-208.0,6.060921953783691,-170.46101266586993,-48.34400138099227,3.5253994156082626
37,37712.0,37910.72517515853,37734.84987439653,37821.55369333772,37905.90294644086,32.0,8.11386082863828,24.880765202124167,27.065410194110882,17.71471564361491
38,37872.0,37919.56079007221,37873.98001158131,37903.3959502007,37933.31280940652,160.0,8.868195702427329,149.0301950913199,97.54023196332128,30.475503435984137
39,38032.0,37928.46156656338,38032.91026457917,38016.634157264365,37966.85395331283,176.0,8.278510478794487,163.4815758937293,105.55528569584567,30.28384157194887
40,38224.0,37936.1178110298,38200.94316336877,38114.50652159239,37993.880492550416,56.0,6.522746596871002,52.748715633453685,43.125625124223006,15.520563865113218
41,38144.0,37941.507059757125,38138.40769584608,38102.88540751281,37997.895081043054,-112.0,3.968937867801287,-90.49698829228873,-32.17841032317301,-3.2906574552107486
42,38000.0,37944.0556867654,38019.94918678419,38050.14970094604,37987.299177639994,-16.0,1.099066046084772,-18.7125751409003,-27.66085609374204,-11.230944521063066
43,38112.0,37943.705191849294,38100.98254556428,38047.56369532533,37975.43319200093,48.0,-1.5717758781720477,25.946086601477873,-34.80415795805675,-18.69432603901805
44,38096.0,37940.91213500906,38071.84135998715,37980.54138502993,37949.91052556196,-256.0,-3.5786637305645854,-229.85001916446708,-124.7516177804282,-32.82714016086902
45,37600.0,37936.547864388165,37641.282507235344,37798.06045976447,37909.77891167919,-152.0,-4.5802496055548545,-144.23068305199922,-83.45069538322423,-24.642668298813078
46,37792.0,37931.75163579795,37783.37999388315,37813.63999426348,37900.62518896433,120.0,-4.400369402370416,98.99745606354918,26.399531630748243,-3.7224632666402613
47,37840.0,37927.747125583424,37839.27741936244,37850.85952302597,37902.33398514591,40.0,-3.043365958641516,52.28452229150935,42.64929027546896,4.825495438875805
48,37872.0,37925.664903880664,37887.94903846617,37898.93857481442,37910.27617984208,152.0,-0.6759671226463979,128.41681143457026,61.54833919565863,9.85600368827727
49,38144.0,37926.39519133813,38096.11104223158,37973.956201417284,37922.045992522464,-48.0,2.423953461842757,-38.43540490153464,-10.004272688493074,0.6721123065035499
50,37776.0,37930.51281080435,37811.0782286631,37878.93002943743,37911.62040445509,-120.0,5.9143661944435735,-102.48905042812112,-43.561157261130575,-3.6445678446216334
51,37904.0,37938.22392372702,37891.13294137534,37886.83388689502,37914.75685683322,24.0,9.431257502616063,15.719419588935125,-0.6791990948986495,3.674295219792839
52,37824.0,37949.37532580958,37842.51706784097,37877.571631247636,37918.968994894676,56.0,12.634990962811571,43.96946567049963,17.523559976434626,8.960587806192052
53,38016.0,37963.49390565264,37979.07187271634,37921.88100684789,37932.678032445605,-64.0,15.233710089574743,-48.08583154291409,-2.75012097580111,9.542939173203195
54,37696.0,37979.84274598873,37746.34540475514,37872.071389296034,37938.05487324108,40.0,17.002913848657045,43.5074061201376,38.226077096158406,17.479584457538294
55,38096.0,37997.499733349956,38066.086684956615,37998.33316104021,37967.63720136068,160.0,17.79339514399544,145.66785467892987,77.4283522642836,23.164188187627587
56,38016.0,38015.42953627672,38037.681114113,38026.9280938246,37984.38324961634,88.0,17.53195312931348,79.99999972138176,34.058979696688766,15.165210736475274
57,38272.0,38032.56363960858,38226.08668439938,38066.45112043359,37997.96762283363,-168.0,16.23173773369126,-157.97084444661596,-63.25141317422094,-0.11724564102405566
58,37680.0,38047.893011744105,37721.73942521977,37900.42526747616,37984.14875833429,-208.0,13.985024027890177,-178.84029635088882,-55.81321921934796,1.3885734173709352
59,37856.0,38060.53368766436,37868.4060916976,37954.82468199489,38000.744769668374,272.0,10.957551519270055,237.48277925852017,103.81175551617707,23.83324981750411
60,38224.0,38069.808114782645,38196.70498373681,38108.04877850851,38031.8152579693,168.0,7.384925561163982,163.03815643054622,95.24848576788281,21.461251199390972
61,38192.0,38075.30353878669,38194.482404558694,38145.32165353066,38043.667272067156,8.0,3.5387346799070656,10.189443615363416,13.933701787467726,4.4353777012111095
62,38240.0,38076.88558414246,38217.08387096754,38135.91618208345,38040.68601337172,-88.0,-0.29396988877488184,-91.97917875346684,-61.447380405479635,-12.946958026845095
63,38016.0,38074.71559900914,38010.52404705176,38022.4268927197,38017.773356013466,-272.0,-3.8345514140564774,-233.93958865697277,-110.27584300390663,-22.823989557582536
64,37696.0,38069.216481314346,37749.20469365359,37915.364496075636,37995.038034256555,64.0,-6.84559816852925,50.494605506533844,2.6198513937561074,-7.783420044084778
65,38144.0,38061.02440267208,38111.51325806483,38027.66659550721,38002.206515925296,176.0,-9.143633571773535,154.08436409862043,54.13539718517495,0.07880746500813984
66,38048.0,38050.9292141708,38057.37342185083,38023.635290445985,37995.19564918657,-8.0,-10.612989428445871,-7.272726959843567,-16.213659838223975,-9.651084279397764
67,38128.0,38039.79842381519,38096.96780414514,37995.23927583076,37982.9043473665,-248.0,-11.206689726925106,-225.6139535176044,-94.77637669985052,-19.54608445174381
68,37552.0,38028.51583471695,37606.145514815624,37834.082537046284,37956.10348028308,-64.0,-10.939955499950884,-54.82326307029143,-20.115470261327573,-6.595693069266417
69,38000.0,38017.91851281529,37987.32127800456,37955.008335308106,37969.71296122797,304.0,-9.887690532432316,262.55805756822156,98.4299659158678,12.095129006287607
70,38160.0,38008.740453652084,38131.26162995207,38030.94246887802,37980.29373829566,-8.0,-8.174854810404213,0.24850170782883652,11.405368008927326,1.5954639824703918
71,37984.0,38001.56880319448,37987.818281420215,37977.81907132596,37972.90388919291,-144.0,-5.965017492264451,-124.35194143076296,-56.213861889078544,-7.9446546431063325
72,37872.0,37996.810418667555,37882.55774709054,37918.51474509986,37964.404429009446,-48.0,-3.4532231705343293,-52.471798876980756,-36.046953676166595,-3.879238732984959
73,37888.0,37994.66235685341,37882.874683666254,37905.72516397363,37965.14541172694,-32.0,-0.8537536374387855,-25.30964509302794,-3.926999139421241,4.598253303836827
74,37808.0,37995.10291139268,37831.938456904485,37910.66074682102,37973.60093561712,64.0,1.6257807022411725,68.75605776065277,56.26595625790651,16.73557067103684
75,38016.0,37997.913918257895,38020.38679918756,38018.25707648944,37998.61655306901,240.0,3.796339780874405,210.38233822087932,108.72486791314077,24.146445105339808
76,38288.0,38002.69559095443,38252.703133346244,38128.1104826473,38021.8938258278,64.0,5.499012809563283,55.83200088990998,29.908647481512162,9.971964050182578
77,38144.0,38008.91194387702,38132.05080096738,38078.074371452465,38018.56048116938,-208.0,6.628540464917023,-180.39832754197414,-82.99892546860065,-9.60532059995603
78,37872.0,38015.95267188426,37891.906478262295,37962.1126317101,38002.68318462789,-160.0,7.1373615131306,-140.61193139360694,-70.9054238873141,-9.343137310097518
79,37824.0,38023.18666690328,37850.826938180166,37936.26352367784,37999.87420654918,120.0,7.03753282631078,93.05515081869089,30.28265380665107,5.984732248758519
80,38112.0,38030.02773753688,38078.01677989968,38022.6779393234,38014.652649125404,56.0,6.405687906863022,57.273741217893985,41.753385307270946,9.911075032490771
81,37936.0,38035.99804271701,37965.37442061595,38019.77029429238,38019.696356614164,16.0,5.365479339918238,34.229743796044204,38.977502115169045,9.228525319464097
82,38144.0,38040.75869621672,38146.476267491766,38100.63294355374,38033.10969976433,232.0,4.072811366553651,193.48318433463282,59.179121038228914,7.868828138391109
83,38400.0,38044.143665450116,38352.34078928522,38138.12853636884,38035.434012890946,-288.0,2.7017525319970446,-262.1653752330276,-93.44013900048594,-15.903986228844587
84,37568.0,38046.16220128071,37622.14551702571,37913.75266555277,38001.30172730664,-104.0,1.4016579800772888,-100.04271217012865,-51.4995380396831,-12.467199218965106
85,38192.0,38046.94698141027,38152.25536494496,38035.12946028947,38010.499614453016,232.0,0.26631141588950413,201.69554113581398,42.941524881433,0.12286786902041058
86,38032.0,38046.69482411249,38025.53659929734,37999.635715315635,38001.547463044684,-200.0,-0.672425120297703,-159.0357691609388,-51.67588731601427,-10.474778256098944
87,37792.0,38045.602131169675,37834.183826623084,37931.77768565744,37989.55005794082,32.0,-1.461889587026235,19.56636044116385,2.0308131705278356,-2.119902206824918
88,38096.0,38043.77104493844,38064.669320179666,38003.69734165669,37997.307658631034,96.0,-2.223660740757623,73.83209445492321,25.768326827597775,2.822983621772437
89,37984.0,38041.15480968816,37981.84801553293,37983.31433931264,37995.19602518436,-128.0,-3.1122886274315533,-93.58122698210354,-20.72583268773451,-1.5518321874587855
90,37840.0,38037.546467683576,37877.50686621546,37962.24567628122,37994.20399425612,144.0,-4.271927012261585,118.00324092587107,40.05417510919142,6.718168784562295
91,38272.0,38032.61095566364,38217.85449738467,38063.42268953102,38008.63236275349,-56.0,-5.788701808971382,-47.68068071490052,-3.1116419846875942,1.2599866350465163
92,37728.0,38025.96906406563,37782.14550478566,37956.02239231185,37996.72396752621,-32.0,-7.653086442180211,-20.463625577802304,6.610898936753074,1.5278031490306603
93,38208.0,38017.304782779276,38176.92724622907,38076.64448740453,38011.68796905155,216.0,-9.75174304589018,177.3908691372635,54.94433879493954,5.1483999779156875
94,38160.0,38006.46557797385,38136.927243060185,38065.911069901726,38007.02076748204,-208.0,-11.882800550079992,-168.24174044853135,-57.77788255194173,-12.316163195406261
95,37792.0,37993.539181679116,37840.443765332006,37961.08872230064,37987.055642660736,-48.0,-13.797557593046804,-41.38669848758218,-20.277986450757453,-10.21234268826447
96,38064.0,37978.87046278776,38054.15384608502,38025.35509700021,37986.59608210551,208.0,-15.257532569215982,164.4793111780964,44.94392319967301,-4.329756449951674
97,38208.0,37963.024116540684,38169.4023876882,38050.97656869999,37978.39612976083,-120.0,-16.09131582014379,-100.29298870205457,-52.8902439502308,-19.680145856636955
98,37824.0,37946.68783114747,37853.56786868091,37919.57460909975,37947.23579039224,-160.0,-16.232506740776444,-145.4417068565017,-83.6146550503654,-24.998549848980474
99,37888.0,37930.55910305913,37878.518973975195,37883.74725859926,37928.39903006287,-8.0,-15.722114024261828,-22.454024829738046,-37.953721200861764,-16.816808826224587
100,37808.0,37915.24360309895,37808.659819021435,37843.667166698026,37913.60217273979,-88.0,-14.694228099702741,-66.56005984656804,-22.246508552216255,-9.516748686091887
101,37712.0,37901.170646859726,37745.39885428206,37839.254241494826,37909.36553269069,128.0,-13.330493423542066,116.80037823535167,59.21419554420936,5.631636585432716
102,38064.0,37888.582616251864,38042.26057549214,37962.095557786444,37924.865445910655,208.0,-11.800696174854238,175.0975271063544,71.8890951848407,8.543185515496589
103,38128.0,37877.56925451002,38095.59390849477,37983.03243186451,37926.45190372168,-168.0,-10.228897426826734,-142.3246824645612,-51.54690998968363,-8.49094700288697
104,37728.0,37868.12482139821,37757.611210563016,37859.00173780708,37907.88355190488,-184.0,-8.66955153741219,-156.2990871756556,-58.52982515388794,-9.57417422155413
105,37760.0,37860.23015143519,37782.99573414346,37865.97278155673,37907.30355527857,160.0,-7.106658861936012,140.36319429772266,59.95743452801253,6.785181137616746
106,38048.0,37853.91150367434,38038.33759915846,37978.9166068631,37921.453914180114,240.0,-5.484981673711445,207.0298608073026,78.40212873792552,7.82305461055148
107,38240.0,37849.26018808777,38197.05545575806,38022.77703903258,37922.949664499676,-168.0,-3.745379971998773,-147.99988851560192,-64.75104831422505,-14.356766455457546
108,37712.0,37846.42074373034,37742.33782212726,37849.41451023465,37892.7403812692,-232.0,-1.8603662366331264,-211.03349908900782,-104.6552736806043,-21.172264167016692
109,37776.0,37845.539455614504,37774.988457580046,37813.466491671374,37880.60513616564,48.0,0.13723349427891662,27.592923353022343,-17.21477272759512,-6.904988295274961
110,37808.0,37846.6952107189,37797.5236688333,37814.98496477946,37878.93040467865,-48.0,2.153189380402182,-29.846444580252864,5.010955497822579,1.8717887469429115
111,37680.0,37849.84583437531,37715.29556841954,37823.48840266702,37884.34871365953,240.0,4.052054020001378,218.16540718588294,80.24763922106649,15.635744663850346
112,38288.0,37854.7993187589,38233.85448320507,37975.480243221595,37910.20189400635,-40.0,5.682483353612042,-34.30046946602306,-4.268037834630377,6.963275047142815
113,37600.0,37861.21080108253,37646.694629487494,37814.95232699776,37898.275263753814,-216.0,6.915418321150355,-195.4705715051532,-53.05175272495762,2.987132935155387
114,37856.0,37868.6301554012,37842.91334019476,37869.37673777168,37916.17615987666,152.0,7.672005937132781,130.78541168109587,61.11277965976478,20.909704116678768
115,37904.0,37876.5548129568,37908.265452849686,37937.17788631729,37940.09467198717,72.0,7.934689517933293,86.67937690336112,84.39009170425561,25.723245709868934
116,38000.0,37884.49953443707,38016.272094001484,38038.15692118019,37967.6226512964,304.0,7.756882413763378,274.7945154004665,120.05749545299477,25.909111874043447
117,38512.0,37892.068577784325,38457.85448365062,38177.29287722328,37991.91289573526,-40.0,7.243314319202909,-45.253521076843754,-28.21760534527857,-1.7141107743736939
118,37920.0,37898.986163075475,37925.7650518478,37981.72171048963,37964.19442974765,-416.0,6.526731661375379,-372.58324782600175,-164.7103114888232,-25.508744500224566
119,37680.0,37905.122041107075,37712.687987998615,37847.87225424563,37940.89540673481,-48.0,5.755011396217014,-49.637123856085964,-49.913329121191055,-10.254252676098986
120,37824.0,37910.49618586791,37826.490804135625,37881.89505224725,37943.68592439545,136.0,5.062764431586402,126.2568368151151,62.970324125250045,8.774813880412694
121,37952.0,37915.24756997025,37965.201661628846,37973.81290249613,37958.445034495635,248.0,4.558402027847478,219.681849891178,102.82430149694119,15.081361824966734
122,38320.0,37919.612989923604,38265.85450391798,38087.543655241134,37973.84864804539,-16.0,4.323933280931669,-13.530967811377195,-2.4974196344301163,-1.9039540479825519
123,37920.0,37923.89543653211,37938.13972600609,37968.81806322727,37954.63712639967,-240.0,4.407257452781778,-208.52250244476818,-94.31656040022426,-17.47966532573264
124,37840.0,37928.42750482917,37848.809499028444,37898.910534440685,37938.88931739392,-40.0,4.826463477293146,-45.282731835424784,-40.45226156624631,-10.80334313604908
125,37840.0,37933.5483634867,37847.57426233524,37887.91354009478,37933.03044012757,40.0,5.585068956967007,36.636074983012804,12.959775701478065,-1.207355259975884
126,37920.0,37939.5976427431,37922.08164899447,37924.83008584364,37936.47460687397,96.0,6.668700203244953,84.91563163156752,39.33158867068778,4.267897090099723
127,38032.0,37946.88576389319,38017.40552559838,37966.57671743615,37941.56623430777,24.0,8.03811173086433,22.351504595786537,9.03499031058891,0.569939149190759
128,37968.0,37955.67386620483,37966.78465818604,37942.90006646482,37937.61448517235,-56.0,9.640748755096865,-56.69757648212544,-36.226617738928326,-5.471024876806041
129,37920.0,37966.16726140338,37904.010372634126,37894.1234819583,37930.62418455416,-168.0,11.401518951603066,-142.72242238127365,-61.71484352736661,-6.459091390479443
130,37632.0,37978.476904108036,37681.339813423496,37819.470379410086,37924.69630239139,32.0,13.219084351228958,32.4803137316776,19.082087156824855,8.706932956800301
131,37984.0,37992.60543010584,37968.97100009748,37932.28765627195,37948.03805046776,248.0,14.959853038242727,204.0343813365762,86.96110499783754,21.543650599753164
132,38128.0,38008.39661018452,38089.40857609665,37993.39258940576,37967.7836035909,-104.0,16.461052798698802,-72.51954351759923,-6.198772163308604,11.734733302684617
133,37776.0,38025.52753570324,37823.93191306228,37919.89011194533,37971.50751707313,-32.0,17.55093292089441,-25.81709772296017,-1.5574214877633494,13.499289335890353
134,38064.0,38043.49847602631,38037.77438065073,37990.277746430234,37994.78218226268,112.0,18.06254660590639,82.71437084209174,33.526507700018556,19.81377430268185
135,38000.0,38061.65262891505,37989.360654746466,37986.94312734537,38011.13506567849,-136.0,17.860008044041024,-101.6104521719426,-9.863055412180984,16.90963669973644
136,37792.0,38079.21849211439,37834.55347630684,37970.55163560587,38028.60145566215,104.0,16.8618226653889,102.92251793102696,72.88432606344213,29.296462766767945
137,38208.0,38095.37627424583,38195.20569060852,38132.71177947225,38069.72799121203,288.0,15.059935110039078,251.7183525078617,124.5160336025001,34.21293511048134
138,38368.0,38109.33836233447,38337.990181322566,38219.58370281087,38097.027325883115,-8.0,12.52758657942104,-7.264602673127229,12.663774744058173,13.75070096523632
139,38192.0,38120.43144740467,38180.676485262265,38158.03932896037,38097.2293931425,-256.0,9.409987886330782,-213.93126974899133,-78.5247093703183,-4.536463083484705
140,37856.0,38128.15833810713,37910.12764182458,38062.534284070236,38087.954399716145,56.0,5.90514974323014,46.79204526320609,7.76209714498691,2.3227265594505297
141,38304.0,38132.24174689113,38274.26057578868,38173.56352325034,38101.8748462614,208.0,2.2386930019820284,168.73313332954422,45.811000805279036,3.8141888583268155
142,38272.0,38132.635724111096,38247.59390848367,38154.156285680794,38095.5827774328,-248.0,-1.3656541019627184,-206.72611888687243,-78.3290947291498,-15.112929956962034
143,37808.0,38129.510438687204,37860.80833801493,38016.90533379204,38071.64898634748,-64.0,-4.711830273197847,-64.71488639382369,-32.79828499273572,-10.751341767947451
144,38144.0,38123.2120635647,38118.164135696024,38088.55971569532,38074.080093896904,152.0,-7.64275709314461,128.17647616121758,43.93423975094265,-1.064887755728705
145,38112.0,38114.224924500915,38117.16129033737,38104.77381329393,38069.51921083602,16.0,-10.049188310706086,24.803606328187016,12.601004245570948,-6.684922519081738
146,38176.0,38103.11368694329,38167.7713483524,38113.761724186465,38060.71024885874,24.0,-11.873908450052113,9.466799777037522,-22.131227014229808,-14.573449534342217
147,38160.0,38090.47710760081,38136.09488989144,38060.51135926547,38040.372311767336,-256.0,-13.100729190944548,-224.81291857037286,-102.99468528826037,-26.319321503036917
148,37664.0,38076.9122285614,37718.14551121165,37907.772353609944,38008.07160585267,-24.0,-13.758322489462444,-33.99442623518189,-30.852828850554943,-15.09712562204004
149,38112.0,38062.960462621886,38068.10603742108,37998.80570156436,38010.178060523256,96.0,-13.912139983989618,90.87422649511063,34.43619873659554,-2.984642303243163
150,37856.0,38049.08794859342,37899.893964201874,37976.644751083135,38002.10232124618,120.0,-13.651486250873859,114.87422450134545,38.16142506034885,-0.7706232147720584
151,38352.0,38035.65749012014,38297.85448642377,38075.128551685055,38008.63681409371,-112.0,-13.086414613491797,-106.87422594087184,-39.951923555559915,-10.633666447778523
152,37632.0,38022.91511936644,37686.14551232013,37896.740903972015,37980.83498835062,-144.0,-12.335635625415307,-132.0838925650205,-46.017195727024955,-10.36007632555993
153,38064.0,38010.98621886931,38033.68670129373,37983.094160231005,37987.91666144259,184.0,-11.510977685687976,157.56787907473336,45.90033637448869,3.277506164100487
154,38000.0,37999.89316399506,38001.2812704696,37988.54157672099,37987.390000678824,-40.0,-10.702849194025475,-25.99907847612849,-0.28179514951989404,-1.1571607298283197
155,37984.0,37989.58052048126,37981.68854434147,37982.530569931965,37985.602339982936,-40.0,-9.967301754204527,-31.150004420764162,-6.7457218230410945,-1.7075436967425048
156,37920.0,37979.95856048665,37938.98126162807,37975.05013307491,37983.97491328534,64.0,-9.315360442771635,52.199025426936714,20.04462968040025,1.5713189666748804
157,38112.0,37970.94979959571,38086.086595195346,38022.619829292766,37988.744977916285,24.0,-8.710184064544592,17.538309544015647,2.8796108642418403,-1.3926864732420654
158,37968.0,37962.53819235756,37974.0578807161,37980.809354803394,37981.189540338855,-96.0,-8.072991568515135,-81.73931089872713,-35.40579708767473,-6.895960560490494
159,37920.0,37954.80381645868,37922.60797339789,37951.808235117416,37974.953056795304,-48.0,-7.298923982911219,-38.4100403287448,-13.097002127269661,-3.4888307037836057
160,37872.0,37947.94034439174,37897.23780005861,37954.615350548855,37974.21187893129,120.0,-6.286635404176195,100.81882695377135,44.114790705865744,4.369416082550742
161,38160.0,37942.23054565033,38124.245627305434,38040.03781652915,37983.691888960406,48.0,-4.965163280339766,48.235963773997355,25.441374244863255,0.6646044771332527
162,37968.0,37938.01001783106,37993.709727606605,38005.49809903858,37975.541087885555,0.0,-3.321388716558431,-1.9872616658176412,-15.79066797127598,-7.773746680570184
163,38160.0,37935.587768217214,38120.2711039738,38008.456480586596,37968.144395599265,-112.0,-1.424533087065356,-111.04745517520132,-72.8133781586912,-16.98947250632409
164,37744.0,37935.16095165693,37771.6148172562,37859.8713427212,37941.56214287291,-192.0,0.5767722382843203,-171.61784902519867,-90.64946650479396,-16.704145582716592
165,37776.0,37936.74131269378,37777.0354059234,37827.15754757701,37934.73610443383,24.0,2.472994051517162,10.597618284205964,-7.1350213556870585,1.1107667826181569
166,37792.0,37940.106939759964,37792.810053824614,37845.601300009825,37943.78367643814,8.0,4.030837375732517,19.82491702428888,45.24440243773279,16.636755826217268
167,37792.0,37944.80298744525,37816.68523997198,37917.64635245247,37968.00961608627,264.0,5.041240192480473,242.08031752216266,134.86822866888178,33.0264204524392
168,38320.0,37950.189420144925,38276.97068886894,38115.33775734759,38009.83651734302,152.0,5.362488741800917,150.35996172672458,95.36028356890893,26.318727123903955
169,38096.0,37955.52796492885,38117.40516342543,38108.36691959029,38020.647070334075,-64.0,4.956902224224905,-52.53970831638435,-0.7873779621477297,7.042906507755106
170,38192.0,37960.103224593375,38171.89127223617,38113.76300142329,38023.92233035853,-40.0,3.8971965325217752,-46.057530008401955,-33.72241745535575,-5.128623457614594
171,38016.0,37963.32235799389,38025.290103408624,38040.92208467958,38010.389823418845,-112.0,2.338321591450949,-100.15065178442455,-60.37987440391953,-13.813015768744663
172,37968.0,37964.77986777628,37971.58996866732,37993.003252615454,37996.29629882104,-32.0,0.4976687859125377,-35.7502914046745,-35.417205756402836,-12.678709656749561
173,37952.0,37964.31769556572,37953.789520599275,37970.087673166774,37985.032404105346,-8.0,-1.3964173011590901,-8.852845071683987,-13.871742865292617,-9.612274510429415
174,37952.0,37961.98703317396,37953.884278523954,37965.25976688487,37977.07174980018,8.0,-3.148231175080582,9.516150544448465,1.8019771605249844,-6.7070668151536665
175,37968.0,37958.02123321556,37972.82182168817,37973.691627487824,37971.61827047504,56.0,-4.613390854381578,43.04665160506556,11.27767434686757,-5.272565801391465
176,38064.0,37952.760251465195,38039.977581734085,37987.8151155786,37966.5266181974,-64.0,-5.717219596615905,-52.9563312836799,-23.968954119914997,-9.96532136777023
177,37840.0,37946.586794022325,37866.90915912081,37925.753719247994,37951.6876277395,-48.0,-6.445932043763605,-38.52262700920983,-19.184536706612562,-9.254609070925653
178,37968.0,37939.86838737767,37962.932327715665,37949.44604216538,37948.01740005555,96.0,-6.834789758420811,70.68480717317652,14.415344000070036,-4.669357681170368
179,38032.0,37932.91721450548,38008.278773467166,37954.584407248134,37942.34891237716,-88.0,-6.950958226028888,-73.25968691266462,-33.56943129317733,-10.15104205953321
180,37792.0,37925.96647092561,37816.412953890336,37882.307179579024,37927.71531593648,-88.0,-6.872069242934231,-69.80105012515196,-27.123637879594753,-7.847830643855559
181,37856.0,37919.173076019615,37868.67667321686,37900.337131488945,37926.65325108945,144.0,-6.669645988517004,115.647085410812,40.19851765439307,2.470597707440902
182,38080.0,37912.627178948576,38047.70712471196,37962.70421488781,37932.656511351364,24.0,-6.3943851387703035,17.56607505491411,3.719190842773969,-1.3639141705170914
183,37904.0,37906.384305742075,37903.80882332669,37907.77551317449,37923.92542274841,-176.0,-6.067299469232239,-144.8541847518245,-53.04094512607844,-7.734817465527158
184,37728.0,37900.49258001011,37757.99875520831,37856.62232463565,37917.18687642031,0.0,-5.681124650625861,4.1837079231772805,13.157973778994347,2.7207974929078773
185,37904.0,37895.02205644082,37912.176239173044,37934.09146073248,37929.36701773423,224.0,-5.211667449166271,195.05867982994096,92.51486646306512,13.448492200634064
186,38176.0,37890.06924511178,38148.11611486819,38041.65205756178,37944.08386082158,112.0,-4.631504420853162,96.52045003612147,40.386625610190094,3.1210361284247483
187,38128.0,37885.75904759912,38105.21713924529,38014.86471195286,37935.60908999108,-224.0,-3.929531094734557,-188.879826745866,-83.35498963248756,-18.094316330942092
188,37728.0,37882.21018292231,37770.35646137646,37874.94207829681,37907.895228159694,-88.0,-3.134165248578938,-91.01182363714543,-66.45159450765277,-18.719100423404598
189,37952.0,37879.49071710196,37923.193491971,37881.961522937556,37898.17088914427,24.0,-2.3127105452513206,8.804490449529112,-27.999793890470755,-12.41579455820829
190,37776.0,37877.58476183181,37787.96544227552,37818.94249051587,37883.06363904328,-88.0,-1.5649004807019082,-75.40083831788434,-41.547787163759494,-9.754068148828082
191,37776.0,37876.360916140555,37772.39181533523,37798.86594861004,37878.66275284661,-40.0,-0.9951485138371936,-33.61455026414478,-8.643567600811366,0.7322514456682256
192,37696.0,37875.59446480413,37720.73634174723,37801.655355314244,37884.528141934614,72.0,-0.671475107446895,72.02623514815059,55.617084361329034,15.291796184730629
193,37920.0,37875.01796592566,37916.44428563153,37910.100117332695,37909.246345216074,200.0,-0.5907823706038471,177.9293720419446,103.49482068479847,24.180520542260638
194,38096.0,37874.412900062925,38076.59508583112,38008.64499668384,37932.889183019135,64.0,-0.6577669842736213,63.12622935520267,54.86737769307001,15.487296954022895
195,38048.0,37873.702431957114,38042.696744341934,38019.834872718835,37940.22093912412,-88.0,-0.6956192525649385,-60.414619779534405,-2.892687605595711,1.9428030611852591
196,37920.0,37873.021661557796,37955.76584627205,38002.85962147265,37936.774789141506,152.0,-0.4820571500567894,127.57887080682485,24.454559490146494,-2.60741052553567
197,38352.0,37872.738317657,38297.854485955584,38068.74399169913,37935.00611807305,-112.0,0.19574165027734125,-114.03579451275436,-75.74363392396117,-22.618365164802526
198,37696.0,37873.41314485835,37727.69425724654,37851.37235362473,37891.5380588119,-280.0,1.477702973628766,-261.9726160185892,-139.68546126203728,-33.69115632055764
199,37792.0,37875.69372360426,37773.909253918406,37789.37306917505,37867.62380543193,-40.0,3.386280413302302,-44.23873373610331,-63.31274986214703,-20.133063108369242
200,37616.0,37880.185705684955,37639.216789774335,37724.74685390043,37851.27193259516,-32.0,5.804462666965264,-18.608515272408113,-10.25278832440381,-4.5882762070104945
201,37728.0,37887.30264893819,37736.69222337359,37768.867492526246,37858.44725301791,168.0,8.49431816905053,140.93655046719505,64.5543848889356,13.697683073645749
202,37952.0,37897.174342023056,37921.089890708725,37853.855623678304,37878.66729874245,24.0,11.142024516877427,29.847120878763235,35.91594299121061,16.553410661661474
203,37776.0,37909.58669797194,37796.386465131116,37840.69937850867,37891.554074341235,-40.0,13.41294654489684,-22.77109992205078,19.19344408469624,18.6644793158448
204,37872.0,37924.00023511285,37875.54769086462,37892.2425118477,37915.99625737414,112.0,15.0202538017802,96.8996800566456,61.664389262874465,26.641995901612972
205,38000.0,37939.6272055755,37990.18582524441,37964.028157034416,37944.83806614446,64.0,15.76512278302107,65.56726060181609,53.79972370393443,26.08371207754317
206,38000.0,37955.53048067889,38006.682212068255,37999.841959255566,37968.16368152923,56.0,15.559259239456878,49.907447165140184,35.73478184892883,21.733799461231683
207,38112.0,37970.74572405442,38090.00071957469,38035.49772073227,37988.305665066924,-32.0,14.426825048216415,-26.677894620133884,-2.595378157158848,13.957266791039729
208,37936.0,37984.384130775325,37953.32642282799,37994.65120294125,37996.07821511131,-64.0,12.483952532475087,-50.04218260674679,-11.520916320401739,10.776460799948836
209,37984.0,37995.71362911937,37989.916354361194,38012.45588809147,38009.85858666682,80.0,9.910964360238722,66.1717033391651,32.03262919596091,15.073300888852827
210,38096.0,38004.2060594958,38085.66982950632,38058.71646133317,38026.224816889015,48.0,6.9236610324223875,44.102622676702595,27.618803908284463,12.877471066647558
211,38080.0,38009.56095118421,38078.1215997146,38067.69349590804,38035.61352880012,-24.0,3.755984099323541,-16.940231218712142,2.8237825288888416,7.169388351103407
212,38048.0,38011.71802769445,38051.78936706889,38064.36402639095,38040.56359359122,-16.0,0.6443479436165944,-7.385397301241028,4.852543678378424,4.578244470667414
213,38048.0,38010.849647071445,38063.35080511212,38077.398583264796,38044.77001774145,112.0,-2.1853251910906693,88.31546360379434,27.733848506253707,4.044925037305802
214,38272.0,38007.34737731227,38228.42029427648,38119.831723403455,38048.65344366583,-136.0,-4.522729100834113,-116.60264555753747,-33.65099815962094,-7.283901892329595
215,37776.0,38001.80418886978,37830.14551399704,38010.096586945554,38030.20221395679,40.0,-6.191169906822324,35.4832346440453,7.313157014879835,-5.741119011199771
216,38352.0,37994.96503749862,38299.38676356457,38134.458037433214,38037.17120564343,128.0,-7.063165761363052,106.91822855644205,15.59046920426772,-8.772448031191743
217,38032.0,37987.67785734705,38043.981971109926,38041.27752535409,38012.65731789441,-232.0,-7.080887561576674,-195.49493690503004,-88.54174940208395,-25.481021854298888
218,37888.0,37980.80326237547,37908.39688975451,37957.37453862905,37986.209161934836,-16.0,-6.27884407280726,-33.60063258283844,-49.2157174105123,-21.53769786283374
219,38000.0,37975.12016920144,37976.78070594425,37942.846090533065,37969.58192216874,-48.0,-4.787257322932419,-47.712654089024,-43.10540282945658,-18.148143657654145
220,37792.0,37971.228747729605,37812.971581576465,37871.16373297013,37949.91287461953,-72.0,-2.828434890052449,-58.95121648547865,-32.10049107786108,-11.773403818242514
221,37856.0,37969.46329942133,37858.87827297329,37878.64510837734,37946.03511453226,80.0,-0.6845007193842321,60.29805626330199,18.80392959587698,0.6239956393437751
222,37952.0,37969.85974629084,37933.56769410307,37908.77159216189,37951.160865898215,-32.0,1.3426423147393507,-17.472108354893862,8.512279865492019,5.0837946608698985
223,37792.0,37972.14858405081,37823.934056263504,37895.66966810833,37956.202703853996,56.0,2.9727116802278033,50.0366434779753,38.73291000059908,13.251973148482648
224,38064.0,37975.80516965129,38033.64098105902,37986.237412163086,37977.66481219518,56.0,3.9978501947625773,57.91183009060478,51.68645013630521,17.145348950940388
225,37904.0,37980.144284440335,37939.757716444714,37999.04256838094,37990.49340175588,88.0,4.322371466445475,84.90531760927843,60.32644040832383,17.153259648493986
226,38240.0,37984.44991258418,38203.451616277576,38106.89029297973,38011.97133149217,96.0,3.966118006785109,80.9519812207327,41.29287108865901,10.076496310895891
227,38096.0,37988.076520453906,38101.66167888618,38081.628310558255,38010.64639437767,-88.0,3.046471851026581,-73.48154296049688,-32.447827142350434,-5.59261739561407
228,38064.0,37990.542856286236,38056.48853035658,38041.99463869503,38000.78609670094,-88.0,1.7478341960159014,-82.730496746688,-50.63635251570304,-13.020992841680709
229,37920.0,37991.57218884594,37936.2006853928,37980.35560552685,37984.60440869431,-48.0,0.2710248461262381,-39.28441799974462,-31.46123040475868,-12.951467571918329
230,37968.0,37991.08490597849,37977.91969435709,37979.072177885515,37974.8831615571,120.0,-1.2072683073383814,91.31748074974894,4.252661301419721,-9.377089059347782
231,38160.0,37989.15765223126,38118.8356468923,37988.86092812969,37965.85023057561,-208.0,-2.567403451026621,-185.88708947174018,-75.78078569097488,-18.74041945271165
232,37552.0,37985.950099076435,37606.14551541361,37827.510606503565,37937.40232265168,-56.0,-3.754051600681123,-51.891621207269054,-23.595018374348,-9.177791791345953
233,38048.0,37981.6495490299,38015.05240447776,37941.67089138099,37947.49464699292,200.0,-4.75782798923683,175.0792547180463,60.99573056792724,5.067056690884783
234,37952.0,37976.43444309796,37956.304024849705,37949.50206763942,37947.53643603345,-56.0,-5.58934355409292,-37.22825537953395,6.5822100781333575,-0.1813891577985487
235,37936.0,37970.47086192171,37940.595893718695,37954.83531153726,37947.13186867732,8.0,-6.24549147054131,7.271337462487281,14.75089966647647,0.15202607773971977
236,37968.0,37963.94346015688,37970.84669977468,37979.00386697237,37947.84048818893,48.0,-6.68136813235833,44.48430492937041,29.670488921292417,-0.2993560789509502
237,38032.0,37957.108125656996,38029.564503577436,38014.176289379844,37946.53315651942,40.0,-6.808131638121267,46.54032168993217,26.260567097397143,-5.580673843531258
238,38048.0,37950.32719688064,38063.927343154544,38031.52500116717,37936.67914050187,136.0,-6.510086434107507,113.99955534980836,9.111212370909925,-15.420058992465783
239,38304.0,37944.08795278878,38257.56361427705,38032.398714121664,37915.69303853449,-296.0,-5.677498234297673,-292.4272922723394,-174.32908104283342,-40.40145004064834
240,37456.0,37938.97220041204,37479.072758609866,37682.8668390815,37855.87624042057,-448.0,-4.249392637790152,-409.2454278377372,-196.6963044412514,-39.82298609289501
241,37408.0,37935.5891675132,37439.07275860158,37639.00610523916,37836.0470663487,280.0,-2.2448295357280585,245.0465447165734,71.6423187772416,1.5731792455662799
242,38016.0,37934.482541340585,37969.16584804301,37826.15147663598,37859.0225989117,160.0,0.2211794180511788,166.2395779395083,92.22110971481743,15.126662508588197
243,37728.0,37936.0315263493,37771.551914480595,37823.448324668796,37866.300391365876,16.0,2.9414418276719516,20.145638840556785,45.021010367207055,14.19281202246566
244,38048.0,37940.36542499593,38009.457125724126,37916.1934973704,37887.408222956634,56.0,5.645417712836206,45.190839864164445,26.841921386800095,13.078242738592962
245,37840.0,37947.322361774975,37861.933594208924,37877.132167442396,37892.45687684306,-40.0,8.043664048211213,-37.855560470576165,-20.495246206799493,7.671497728577378
246,37968.0,37956.45275309235,37933.74600478297,37875.2030049568,37902.75121841379,-152.0,9.87629595387989,-135.89404256886337,-48.32766000720221,7.031902491416986
247,37536.0,37967.074953682735,37590.1455090712,37780.47684742799,37906.520681825896,16.0,10.952822388149798,23.25097129995629,27.512266185192857,22.295497503404476
248,38000.0,37978.35839786865,37980.247947382886,37930.227537327184,37947.3422134206,264.0,11.178806045892998,231.65473062812816,114.86445856278442,38.18864226572987
249,38064.0,37989.43256577452,38053.45497032745,38010.20576455356,37982.897966357355,8.0,10.567103405501257,20.48187458182292,53.081109503160405,31.500651254627883
250,38016.0,37999.49260467965,38021.21169654653,38036.389756333505,38010.34351592985,-24.0,9.2270675572654,-6.184791048264742,36.37886994669316,27.162725368987594
251,38016.0,38007.88670088905,38041.085388230924,38082.96350444695,38037.22341709533,176.0,7.343632617074036,150.17829284799154,80.05550033691179,27.941072020243155
252,38368.0,38014.1798699138,38321.568282242515,38196.50075700733,38066.22565997034,48.0,5.139851662723231,43.44664521517916,27.787631064049492,13.91352587352958
253,38112.0,38018.1664042145,38127.97867866128,38138.538766575046,38065.05046884239,-144.0,2.8440607766679022,-113.69621027481844,-44.69260714475968,-3.5226676858328574
254,38080.0,38019.86799146714,38094.17586169288,38107.11554271781,38059.180324598674,64.0,0.6612924016299075,37.076491495965456,-17.86545249833216,-6.911128013780399
255,38240.0,38019.48898901776,38202.13166165321,38102.80786157838,38051.22821281483,-128.0,-1.2581633872032398,-118.04938481235877,-72.90375035023317,-17.390701143103797
256,37824.0,38017.35166469273,37858.07709206816,37961.30804201734,38024.398922312466,-152.0,-2.8252351488881686,-137.0056162054825,-72.84579855236734,-16.809344386740122
257,37936.0,38013.83851871998,37928.12042924225,37957.11626447365,38017.60952404135,40.0,-4.007180943157437,30.645483385334956,6.366354693127505,-2.708922069050459
258,37904.0,38009.337302806416,37919.36805883883,37974.0407514036,38018.981078174365,64.0,-4.813078840379603,68.0879237907211,51.94486263174986,7.120608041735977
259,38064.0,38004.21236103922,38064.29627682369,38061.00598973715,38031.85074012482,152.0,-5.2723065554964705,146.40960210330013,85.4682332021257,11.262198956694192
260,38208.0,37998.79268969542,38212.18726304543,38144.97721780785,38041.505476087754,192.0,-5.417573079888825,168.82730144890957,52.45983697462725,1.330009767323645
261,38448.0,37993.377214879445,38401.95087972151,38165.9256636864,38034.51075965947,-256.0,-5.261553679320059,-244.124900738796,-120.08872227824759,-27.669178445314174
262,37696.0,37988.26958233678,37723.93746156784,37904.799773251354,37986.167119197125,-368.0,-4.799358842050424,-334.68319429205803,-156.72600380937,-33.83528450248559
263,37712.0,37983.778497195344,37732.58449113739,37852.47365606766,37966.8401906545,128.0,-4.013530073374568,111.56948525653934,17.910710850141186,-6.584919009903388
264,37952.0,37980.242522190034,37947.07643208092,37940.62119495164,37972.99728117732,216.0,-2.8813537660935253,189.87410134812308,82.45813635978993,7.20695458168484
265,38144.0,37978.01578966316,38112.33269383364,38017.38992878724,37981.25409981787,0.0,-1.3990977745706914,6.919730920908478,13.463698229228612,0.1195236314451904
266,37952.0,37977.44432664089,37960.915893922735,37967.548591410094,37973.23632844021,-128.0,0.3983205153963354,-106.83733029722498,-42.0670416721041,-6.955954955650668
267,37888.0,37978.81243069395,37898.65803323919,37933.25584544303,37967.342189906565,0.0,2.4300412776319718,-8.967694487582776,-11.664823245548178,-1.9270290383137763
268,37952.0,37982.30440919616,37942.98050494757,37944.218944919,37969.38227036358,-8.0,4.561863006460044,-0.7750035537610529,7.07257193546684,2.9091939751961036
269,37872.0,37987.93615670687,37897.10802613167,37947.40098931397,37973.16057785696,88.0,6.604461992261349,79.66765184244287,40.8825390519487,8.836336386222683
270,38128.0,37995.51333318068,38102.315808632455,38025.984023022895,37987.05494313603,96.0,8.33035522148566,76.78682566306088,27.575045220379252,6.847112435869349
271,38064.0,38004.59686714984,38050.68167745779,38002.551079754725,37986.854802728696,-136.0,9.493441365440958,-118.22574388570501,-54.1574033908073,-4.0574002708926855
272,37856.0,38014.50021591156,37865.864320861045,37917.66921624128,37978.94014259424,-160.0,9.867222995984775,-135.4957522915065,-54.0472553928048,-1.7676530047465349
273,37744.0,38024.33131314181,37779.690172874776,37894.456568969115,37983.3194967192,136.0,9.282997489852278,113.25255285458479,52.015637212389265,16.345328960924235
274,38128.0,38033.066210891266,38092.369426570214,38021.70049066606,38011.63080051609,120.0,7.664972337966901,113.55055007956253,74.09416702997623,22.49284382269252
275,37984.0,38039.661257817745,38006.7912730339,38042.64490302907,38028.30518436459,16.0,5.0637836827700085,28.378211633171304,50.26686387754671,18.88964306672642
276,38160.0,38043.193778256806,38149.12584983656,38122.23421842115,38049.41008664954,96.0,1.6628905155521352,87.96382598544005,60.706424602656625,15.575406617430417
277,38176.0,38042.98703884885,38182.71892500478,38164.05775223438,38059.45599759945,72.0,-2.236513219842891,67.18770019215299,35.852409930419526,4.218710829878546
278,38304.0,38038.72075181712,38283.50125022086,38193.93903828199,38057.8475083093,8.0,-6.2476307494762295,-1.711423679611471,-25.14919481139441,-13.916113874682196
279,38192.0,38030.4917773499,38179.29607764556,38113.75936261159,38031.623769850084,-176.0,-9.959502706064086,-167.72478434752702,-119.29999436460275,-34.24254996671152
280,37952.0,38018.80174640499,37948.05168152581,37955.339049552786,37989.36240837588,-368.0,-13.000642878600047,-334.5752806595192,-156.7507882824175,-40.393241055411636
281,37456.0,38004.490491592696,37510.14551632652,37800.25778604676,37950.83728773926,176.0,-15.090815782732534,150.90140099339624,17.047629517353926,-13.783256249655096
282,38304.0,37988.62011483953,38249.8544835126,37989.43430858749,37961.79589587657,128.0,-16.078924764198746,120.68740411701947,31.893676834479265,-6.151597068866977
283,37712.0,37972.3326420643,37751.52032456056,37864.045139715716,37938.53409360153,-208.0,-15.948372048889723,-186.92924790843244,-49.36659901391977,-11.935097594960098
284,37888.0,37956.72337074175,37875.99598769574,37890.701110559654,37937.92570068665,72.0,-14.785998073391966,64.4556016138522,28.00652612376507,1.8878921194482245
285,37856.0,37942.760645917515,37880.43152778826,37920.058191963246,37942.309877840424,144.0,-12.74758330284385,126.59317903386182,61.386177385218616,8.699671045800642
286,38176.0,37931.22820413606,38129.18234576346,38013.47346533009,37955.32504277825,16.0,-10.018690986566071,14.662546792496869,12.152006031890778,1.9814170767349424
287,37888.0,37922.72326394438,37909.75662137326,37944.36220402703,37946.27271199389,-136.0,-6.774158503874787,-110.64261752392122,-40.93015928954992,-6.1386951846579905
288,37904.0,37917.67988712831,37907.89711071562,37931.61314675099,37943.04765240893,24.0,-3.1674109427221993,17.62604292044489,1.0575160994594626,-1.2726769645123568
289,37936.0,37916.38844205894,37945.00870721415,37946.47723622595,37943.72735806487,104.0,0.6619118364797032,82.1551325692526,20.102707587931945,1.0660735591773118
290,38112.0,37919.00371080127,38072.20737585412,37971.818561926855,37945.17979952729,-80.0,4.569670134802436,-73.01619431260406,-44.749393335667264,-6.8885685612185625
291,37776.0,37925.52778232854,37798.97631858894,37856.97844955461,37929.95022094243,-184.0,8.38744470472011,-157.0977220972818,-74.35088759493374,-7.532067537733383
292,37744.0,37935.77860021071,37758.01193165956,37823.11678673699,37930.11566445182,48.0,11.909082891692378,29.095271368394606,5.696730550873326,9.471226731981005
293,37872.0,37949.34594811193,37857.16686132573,37868.37191065636,37948.892674406394,16.0,14.906814317608223,24.989236294815782,43.44107924754644,22.621643674890947
294,37776.0,37965.592228845926,37807.99040424919,37909.99894523208,37975.3589518016,184.0,17.153780154952983,176.1044464887491,108.62650719176236,36.43422498528889
295,38240.0,37983.653508421834,38209.375754303226,38085.62492503988,38021.76112437697,208.0,18.460337592663564,182.935239250859,98.43844232774427,35.49022879422046
296,38192.0,38002.51290403125,38173.86088275091,38106.87582988757,38046.33940939004,-160.0,18.717420378507086,-126.2104577977916,-21.31118020852591,17.29525548257152
297,37920.0,38021.08834917885,37956.95483870764,38043.00256462283,38056.351635342115,-32.0,17.915831392518157,-32.13185050504762,-2.3719829533220036,16.82980771917937
298,38128.0,38038.34456681629,38109.59718174081,38102.131863980925,38079.9990248284,64.0,16.15332685755493,60.62825173724559,46.195231348552625,21.247340727706614
299,38048.0,38053.39500289396,38078.211342182134,38135.39302731994,38098.84631679753,168.0,13.620345349372656,152.1141136974802,76.95767699898352,21.389607809000154
300,38464.0,38065.585257515035,38413.825409135774,38256.04721797889,38122.7782404464,64.0,10.568079878416029,52.29787028702049,16.677799648394284,6.87083567119771
301,38176.0,38074.53116265079,38182.807082756175,38168.748626616725,38112.58798813992,-224.0,7.271283129382937,-196.98291259870894,-90.92427805379702,-13.360852899484598
302,38016.0,38080.1278237738,38019.859583938356,38074.1986618713,38096.05653464743,-160.0,3.991250768023747,-143.6495791260204,-65.45063380978172,-12.528626760122279
303,37856.0,38082.51366418684,37895.507924504134,38037.84735899716,38087.53073461968,176.0,0.9562493058074324,152.56873226885727,54.57237662444459,3.0507367032332695
304,38368.0,38082.040322385415,38324.99704847607,38183.34341512019,38102.1580080539,152.0,-1.65343048403156,135.09359716986728,53.16776368311912,1.3351738369165105
305,38160.0,38079.206803218774,38165.69511884387,38144.1828863634,38090.20108229351,-160.0,-3.708464618281141,-130.8263354128503,-47.06908557508723,-15.446871645712235
306,38048.0,38074.62339314885,38063.34437765037,38089.20524397001,38071.264264762474,-16.0,-5.127789953425236,-25.628852941648802,-34.37502040837717,-17.77360429291366
307,38128.0,38068.951223311924,38114.43741296057,38075.432845546646,38054.653873707684,0.0,-5.878052043750358,-16.719899886957137,-40.055975650044275,-20.27769736940536
308,38048.0,38062.86728906135,38029.904577876456,38009.093292669924,38030.70887002366,-208.0,-5.971178370567941,-175.00994570185503,-85.79290654176293,-24.80956018283905
309,37712.0,38057.00886657079,37764.41752155686,37903.84703246312,38005.034753342006,0.0,-5.466707645646238,-3.399448535270494,-9.32274397524452,-11.022379014557373
310,38048.0,38051.93387377006,38023.105680805915,37990.447804719435,38008.66411199455,152.0,-4.471707532891742,134.21656327860546,57.824674616036646,1.6625642522703856
311,38016.0,38048.065451505005,38032.85064811407,38019.49638169519,38008.35988184655,104.0,-3.1364204597193748,93.9982078785215,30.796767823354458,-0.686236055673362
312,38256.0,38045.66103285062,38211.10209656296,38052.041340366144,38007.2916398832,-176.0,-1.6390586512134178,-160.24352728770828,-69.43437114598055,-13.503659969188448
313,37664.0,38044.78733420258,37712.363593538656,37880.62763940323,37981.35256190817,-152.0,-0.17844289832282811,-142.9150767796491,-63.09988126129247,-10.07144987961874
314,37952.0,38045.304147053976,37925.27194300366,37925.84157784356,37987.148740123965,88.0,1.0605729004237219,79.26806448332354,32.13472736210679,7.553615221990185
315,37840.0,38046.908480003425,37870.8997225053,37944.897094127446,37996.45979235215,96.0,1.9361119777204294,100.12639202814171,71.50406334760919,17.134041845794854
316,38144.0,38049.17637100942,38125.52472705994,38068.84970453878,38021.416823815554,184.0,2.361269844306662,162.24863985435877,86.37746268072442,18.827872654179373
317,38208.0,38051.63101969204,38195.39700221402,38117.652019488894,38034.11553766051,8.0,2.3169945285444555,6.857286224163545,3.6283246945604333,4.0044907279843756
318,38160.0,38053.810360066505,38139.23929950827,38076.1063539279,38029.42580527152,-176.0,1.8542545176787826,-159.96120516441806,-83.49248859703948,-11.218442125413276
319,37856.0,38055.339528727396,37875.474591885184,37950.667042294815,38011.67865340968,-192.0,1.080457267948077,-166.391748197173,-78.10579048568252,-9.963219191355165
320,37776.0,38055.9712746024,37806.455803113924,37919.89477295653,38009.49936688881,96.0,0.13500400280827307,83.26022679837479,41.17511713998829,9.495681823569612
321,38048.0,38055.60953673301,38041.99504548193,38033.01727657479,38030.67001705682,232.0,-0.8327771315016435,205.51446977766318,105.63114190565102,20.30415102084953
322,38240.0,38054.3057203394,38217.48474266925,38131.157056767835,38050.10766893051,64.0,-1.6905947778104746,62.91341053355427,43.71830857696477,9.943035320215131
323,38176.0,38052.22834717739,38167.82186654904,38120.45389372872,38050.55608769725,-104.0,-2.3360010529868305,-90.5535433750083,-38.47621617475306,-5.823776848395937
324,38032.0,38049.633718233425,38036.377655919234,38054.20462441833,38038.46011523372,-128.0,-2.7142334871314233,-109.55593103365027,-55.1469571012276,-11.772966701842961
325,37920.0,38046.79988020313,37948.71000448174,38010.15997952627,38027.010154293566,80.0,-2.8267787095028325,55.88237097123783,1.035344871066627,-6.099453225480829
326,38192.0,38043.98016081442,38148.14239786171,38056.27531416046,38026.26120878276,-24.0,-2.7174683226112393,-19.855617311499373,-21.74700828557252,-9.035885071665689
327,37872.0,38041.36494355791,37908.99876985874,37966.66596295512,38008.938384150235,-56.0,-2.4671392144591664,-54.149778709244856,-42.276369727784186,-10.47590542501348
328,38080.0,38039.0458823855,38039.84284044322,37971.722574704894,38005.30939793273,-120.0,-2.1805049418180715,-111.42663283990623,-49.0821008977764,-7.3635163208673475
329,37632.0,38037.00393367427,37686.14550417893,37868.50176115957,37994.2113515085,-32.0,-1.9605418645041937,-14.610616261878022,15.030067034454987,7.012521151191322
330,38016.0,38035.12479865649,38010.621607919464,38001.782708773804,38019.334440235114,312.0,-1.887803984896891,270.70984987058546,126.17230200114136,25.28981073837349
331,38256.0,38033.22832570448,38227.5652039201,38120.84636516185,38044.79097298525,80.0,-1.9991367919028562,74.76961560113705,51.486838968969096,14.896081399394461
332,38176.0,38031.12652507269,38160.16083912174,38104.75638671174,38049.1266030339,-176.0,-2.2780881538856192,-146.60016918967813,-51.71178509424135,-2.0080397996498505
333,37904.0,38028.672149396705,37934.364865540745,38017.42279497337,38040.77489338595,-88.0,-2.6574457342467213,-73.97164587725638,-30.62219425168587,-1.512964978654054
334,38000.0,38025.81163360419,38012.217547367225,38043.51199820837,38046.100673076595,176.0,-3.0314182953552518,138.9404186626016,47.84520233918738,7.630813344472699
335,38256.0,38022.609312805995,38212.24570286595,38113.11319965174,38056.03652007489,-32.0,-3.2772140329543618,-18.743330171539128,-1.8421987307592644,-0.062326997955096886
336,37936.0,38019.257205538284,37974.73088702415,38039.82760074685,38045.976019080685,-48.0,-3.286300771014794,-43.8603807210784,-21.371798531465174,-4.56170004017622
337,38160.0,38016.036711263965,38124.52494142379,38070.36960258881,38046.91311999454,-32.0,-2.9969236061479023,-27.581238481408946,-14.27319686363262,-4.717243086415692
338,37872.0,38013.26335832599,37919.56841006133,38011.28120701959,38036.54153290785,48.0,-2.416869852513628,40.430014574136294,10.552207940563676,-2.1445104412960063
339,38256.0,38011.20297155894,38205.384970572064,38091.47401846994,38042.62409911195,40.0,-1.6341329694078013,25.19691774108651,-2.070179314676352,-4.58622884030774
340,37952.0,38009.99509238717,37969.9622455435,38007.140848390234,38027.36907522724,-184.0,-0.8080049727104779,-145.61149731104524,-56.762745884585456,-11.48657012334661
341,37888.0,38009.58696161352,37914.16197594997,37977.94852670077,38019.650958865255,104.0,-0.14033618203393416,75.0096101563322,15.781941660919983,-1.1355684187219595
342,38160.0,38009.714420023105,38119.981465856166,38038.704731712074,38025.097938389794,8.0,0.17023338899889495,5.726819187042565,0.10857086734176846,-1.2981235559709603
343,37904.0,38009.927428391515,37925.61561432406,37978.16566843545,38017.05471175331,-112.0,-0.022285656774329254,-86.2877799118105,-23.456229058894678,-2.3904910488126916
344,37936.0,38009.66984870956,37947.405906032545,37991.792273594285,38020.31695629217,96.0,-0.7624011743173469,78.81982187120957,41.5227419559742,7.478092353459942
345,38096.0,38008.40262604288,38083.25525806648,38061.2111523474,38032.01089646023,72.0,-1.9600564413740358,72.12564236632534,52.02445492681727,8.494484991078934
346,38080.0,38005.74973582681,38091.657190765196,38095.84118344792,38037.305926274326,72.0,-3.3961333103943616,66.68788652469811,42.550622824477614,3.1603261278105492
347,38240.0,38001.61035942209,38216.631031115874,38146.31239799636,38038.331548715854,8.0,-4.751705633716483,8.128995930059318,3.6274135466192092,-9.057800122682238
348,38096.0,37996.246324559375,38107.915182625315,38103.09601054116,38019.19032602896,-56.0,-5.665457058385073,-49.13993536397538,-39.668382184623624,-22.98170638544252
349,38128.0,37990.27944530532,38118.35116038792,38066.97563362711,37992.36813594497,-24.0,-5.8148244541444,-37.80822029777846,-66.63256010049372,-33.60378328674415
350,38048.0,37984.61667565109,38032.29874202976,37969.83089034017,37951.98275945547,-168.0,-4.994337407559215,-164.55870820937707,-136.22929811685026,-45.18623851672237
351,37792.0,37980.2907704902,37789.23374396917,37794.51703739341,37901.995658911525,-352.0,-3.172130769766227,-317.07661524082505,-174.05533425005706,-44.48731759837392
352,37344.0,37978.272414111554,37398.14551154811,37621.720221840056,37863.008124258726,24.0,-0.5113428046970512,0.1028134537555161,-33.936704633320915,-13.037128439864318
353,37840.0,37979.26808488081,37789.43937087668,37726.64362812677,37875.921402031796,80.0,2.6479872652453196,78.2075626037622,48.245220350090676,14.709347874664672
354,37504.0,37983.568388642045,37554.56063675563,37718.21066254024,37892.426820008055,64.0,5.857516991265584,89.28030720884999,98.67236568359658,35.926758976660494
355,37968.0,37990.98311886334,37967.99998529438,37923.98835949396,37947.77491998512,416.0,8.637450035268557,363.64693053741576,183.77187670069543,54.33684597631509
356,38336.0,38000.84328871258,38281.85449783046,38085.75441594163,38001.100511960685,-96.0,10.566638855398196,-68.92723589906745,36.64326441848607,36.58061757360338
357,37776.0,38012.116396574136,37830.145513496245,37997.27488833093,38020.93615513232,-104.0,11.360476888643461,-76.92725567477828,22.157916554766416,32.08245092825746
358,38128.0,38023.56424248987,38127.99998648091,38130.07024905116,38065.2654138172,352.0,10.912291917953553,297.8544978172031,133.8304852458059,41.19252937573401
359,38480.0,38033.94098041004,38425.85450913065,38264.935858822544,38103.32121388379,0.0,9.290739142325037,12.37789177421655,27.333539182662207,19.221860760782874
360,38128.0,38042.14572077452,38152.75577002934,38184.737327416486,38103.709135338766,-184.0,6.714194807536842,-148.13424152304287,-51.82986769781928,-0.8266217780910665
361,38112.0,38047.36937002512,38129.586026084566,38161.276123426906,38101.66797032761,96.0,3.504303671645175,64.76038647805763,1.176857723872672,-2.557766494770476
362,38320.0,38049.15432811781,38282.276542985455,38187.09104286423,38098.593602349225,-32.0,0.02184418119577458,-35.926768171812,-40.639559130559064,-14.144687860927661
363,38048.0,38047.41305838751,38057.73248974094,38079.99700516579,38073.378594605754,-208.0,-3.3811777158189216,-175.88160453981982,-91.0955351155535,-23.94607801318125
364,37904.0,38042.39197268617,37930.513333905816,38004.899972633124,38050.70144632286,24.0,-6.400330859825772,5.347513693937799,-24.647046216097806,-15.34207596674969
365,38096.0,38034.61239666786,38068.42751712882,38030.70291273359,38042.694442672255,0.0,-8.79760723239815,0.051768867084319936,-6.845603532739915,-10.67228151699237
366,37904.0,38024.796758221375,37930.616871639984,37991.208765567644,38029.35688328888,-16.0,-10.413264704060566,-4.726287288922322,4.110235617874423,-7.069715218935016
367,38064.0,38013.785867259736,38058.97494255097,38038.92338396934,38028.555012234385,128.0,-11.160912585219194,103.23278366586965,35.17631038636682,-2.574120442775893
368,38160.0,38002.47493305094,38137.08243897172,38061.56138634038,38024.208642403326,-40.0,-11.021027596689237,-36.48030872061645,-26.581304458773957,-11.135937710889266
369,37984.0,37991.74381206636,37986.01432510974,37985.76077505179,38006.283136812606,-160.0,-10.0358183731405,-140.9964883132925,-74.92022376268869,-16.811348750092293
370,37840.0,37982.403296304656,37855.08946234514,37911.720938815,37990.58594490314,-56.0,-8.299902523747733,-55.47755103890813,-38.17936682928848,-8.167894664304185
371,37872.0,37975.14400701886,37875.05922303192,37909.402041393216,37989.947347484,48.0,-5.949919281410985,35.265875846405834,16.382123274823243,5.25876995505314
372,37936.0,37970.503457741834,37925.62121403795,37944.48518536465,38001.10348481325,-16.0,-3.158596271976421,-1.3319388042145874,39.32573665375094,14.411311569914687
373,37840.0,37968.82681447491,37872.395345423494,37988.05351470072,38018.76997062383,240.0,-0.12063777987350477,223.6530137216796,117.5950866864332,26.604984341771342
374,38416.0,37970.26218218209,38372.92724148131,38179.67535873751,38054.31345349679,192.0,2.964278215622471,170.26594824568383,73.45952340555232,17.459155547800037
375,38224.0,37974.755370906154,38212.92724191486,38134.97256151182,38053.68828171943,-264.0,5.8997321025744895,-227.88180726879,-89.21651646977989,-9.140757691391627
376,37888.0,37982.061646387236,37917.16362694373,38001.24232579795,38036.03193811401,-144.0,8.504099330035388,-137.42746297582926,-77.10907281488835,-10.254746699716634
377,37936.0,37991.763569566225,37938.0723159632,37980.754415882046,38033.178788319994,40.0,10.62085932113041,31.27026883549115,1.8892980251112022,2.0057896219841496
378,37968.0,38003.3033650295,37979.70416461471,38005.020921848176,38040.043517357975,120.0,12.133206823964429,100.15267172507083,42.776966890221956,10.466904905882984
379,38176.0,38016.02998321415,38138.377659413345,38066.30834966249,38054.11259813176,-48.0,12.965316454152344,-29.43820813464845,6.441602645554667,7.974710680369753
380,37872.0,38029.2339979378,37920.827748345415,38017.904127139285,38055.992938718715,40.0,13.08675843990568,36.12428363532308,24.547841046438407,11.079987522891315
381,38256.0,38042.203500093965,38210.62622668399,38115.404031755366,38076.27257317754,64.0,12.521774484717753,53.39415878237196,27.20192049376783,11.293263117702736
382,38000.0,38054.27754690724,38027.61606591016,38072.30796812682,38078.57946495412,-64.0,11.340946286680264,-44.9298312230203,-6.942079565138556,6.235865024285886
383,38128.0,38064.885392667326,38120.76656423795,38101.51987262509,38088.744303226114,80.0,9.653089437702874,56.98331951752334,15.971840810812864,8.202053433302353
384,38160.0,38073.58372578264,38141.582704945205,38104.25164974845,38094.983571820725,-88.0,7.595984898878669,-71.27033456670688,-25.142398002419213,2.988447185642144
385,37952.0,38080.07736246508,37978.22589510454,38051.23507662025,38094.7211975974,-40.0,5.316772760925232,-32.22733431797678,-3.399034818074142,6.873685656544694
386,38080.0,38084.21727130449,38077.12803630925,38097.4535801123,38108.730943133814,88.0,2.9581307696789736,84.54232275095637,54.94529354819679,15.446292693108262
387,38128.0,38085.99362400444,38147.31054060645,38161.125663716644,38125.613782983615,192.0,0.6480811977162375,166.73520732944962,80.23491546266814,16.7635289989812
388,38464.0,38085.513433699925,38410.59845096815,38257.923411037635,38142.25800113178,-48.0,-1.5086544632868026,-37.84854105592967,-6.240547160188726,0.5571182047497132
389,38032.0,38082.97631507787,38071.61345849459,38148.64456939627,38126.728019393115,-120.0,-3.432701647052454,-106.78899374220418,-50.95655694323432,-10.79358076900462
390,38224.0,38078.64803040582,38197.02046348374,38156.010297151166,38120.67083959377,0.0,-5.055277748946537,-9.490677592155407,-26.62912366951423,-11.223637819661235
391,38032.0,38072.865759579974,38052.63210331028,38095.38632205724,38104.28074375379,-48.0,-6.313589285218768,-41.227843622054934,-28.930814065312006,-12.776058652285428
392,38128.0,38066.02085183538,38114.56477623963,38098.14866902054,38095.1187222892,0.0,-7.150364721688675,-5.243445872485609,-12.16331852642179,-10.806085350133799
393,38032.0,38058.5650301366,38042.14521156531,38071.059685004395,38082.668573053525,-32.0,-7.501716513379506,-21.69350684776873,-7.559141513957002,-9.916720582998096
394,38064.0,38051.017418808624,38071.177762544095,38083.03038599263,38075.2852811232,80.0,-7.309927850936219,64.92136369927539,21.485893984554423,-6.819027874164021
395,38192.0,38043.945174434724,38171.98793896386,38114.031472973504,38069.0305173052,0.0,-6.537939093988825,0.749871239066124,-7.983176532376092,-12.403237952745258
396,38064.0,38037.941540620646,38072.67750502223,38067.064032927876,38050.47880521771,-56.0,-5.18699491976804,-55.922908830474626,-45.43542358168634,-19.227771826597746
397,38080.0,38033.57118459519,38060.14212130291,38023.16062581013,38030.574973652,-120.0,-3.314073077064677,-111.82477720477618,-72.32309421267928,-22.375082883110736
398,37824.0,38031.31339446652,37849.027950612675,37922.41784450252,38005.72863945149,-96.0,-1.0434997755328368,-85.97441762685048,-51.53385905635514,-15.759902227939165
399,37888.0,38031.48418504412,37888.19328604921,37920.09290769742,37999.05516919612,48.0,1.4301374407368712,40.1317656825704,13.72151704361022,-1.1207117955600552
400,37920.0,38034.17366934799,37929.291481977816,37949.86087858974,38003.48721586037,96.0,3.8641871212093974,87.55560581769532,44.69841018718944,8.606407457267778
401,38080.0,38039.21255928654,38063.3044976846,38009.4897280718,38016.26798411066,64.0,6.00050199180987,50.53550412975892,24.373713517958095,9.594167455819843
402,38048.0,38046.17467333161,38030.362490237334,37998.608305625654,38022.67555077201,-152.0,7.611115887470078,-121.12955626059193,-35.57726963331879,5.141344199950254
403,37776.0,38054.43479106148,37821.045385163416,37938.33518880516,38026.55067251056,16.0,8.537734138066298,15.909820743167074,20.89447758208553,16.402655364079692
404,38080.0,38063.25014160774,38062.18213172367,38040.397260789825,38055.48086150017,176.0,8.7187778316802,152.04740517857863,82.26070237957538,27.70423206461419
405,38128.0,38071.87234672484,38125.14019552057,38102.85659356431,38081.95913663979,40.0,8.199177437956678,48.65904139979102,49.88762955664424,24.176231971610832
406,38160.0,38079.648496483656,38159.50021452325,38140.17251990311,38103.83332544339,40.0,7.116673872402316,31.861091618909995,27.402186290360987,19.06585507577256
407,38208.0,38086.10569446965,38188.86237875839,38157.660966145035,38120.09084679133,-88.0,5.669664595872746,-66.32594197290018,-7.681070685561281,11.862063687509362
408,37984.0,38090.9878256754,38026.84833057745,38124.81037853199,38127.55745281841,48.0,4.0665460714408255,52.227604706313286,37.55460165295517,14.644478667993098
409,38304.0,38094.23878661253,38293.31758817102,38232.770169450945,38149.37980412732,256.0,2.4909784308438248,213.05719844865598,72.34487564442315,14.091341515279055
410,38496.0,38095.96978253709,38452.96272747476,38269.50012982084,38155.740135848966,-184.0,1.0806065714132274,-166.49933907028026,-76.51997471968934,-10.65266148590672
411,37936.0,38096.399999755355,37960.31891003046,38079.73022001157,38128.074481155505,-288.0,-0.0854781068264856,-260.09115154416213,-117.90479980348391,-18.061930635682074
412,37920.0,38095.79882632344,37932.78042438644,38033.69053021387,38119.6162745776,40.0,-0.9802168023743434,36.36363628815161,10.80557530923761,1.522607150975091
413,38016.0,38094.439566150606,38033.04618260676,38101.34137063004,38131.119695457455,248.0,-1.5979042749968357,224.75103216983553,110.32152573119674,17.259405652726855
414,38416.0,38092.60301777344,38382.28248872611,38254.33358167626,38154.135085883056,152.0,-1.9388524438400054,141.39438883417824,72.15900188435262,9.922144719752396
415,38320.0,38090.561861262926,38315.83496027512,38245.65937439875,38150.96398489696,-96.0,-2.002749502105871,-87.27272707540396,-45.84452007814616,-11.622901741247915
416,38224.0,38088.59751876923,38207.7370345753,38162.64454151997,38130.88928240056,-224.0,-1.783604154308705,-203.12885103301596,-113.6925621187911,-24.730238376370835
417,37872.0,38086.99465295431,37909.57725820909,38018.274250161165,38101.50350814422,-96.0,-1.2975727981611271,-96.55738711109734,-71.23316627822715,-17.91059884912829
418,38032.0,38086.00237317291,38014.622260353106,38020.178208963516,38095.0680847023,32.0,-0.5932927775102144,18.156303909563576,-4.006936715886695,-3.282019206802943
419,37936.0,38085.80806739929,37945.889866028214,38010.26037672939,38094.93946973061,-40.0,0.2322968698281329,-19.283064183804527,27.212356130570697,7.818358514839929
420,37952.0,38086.466966912565,37976.0561319855,38074.60292122466,38110.70480173198,256.0,1.028194336213346,235.53941235370803,125.64400510759879,23.700572087967885
421,38448.0,38087.864456071715,38416.96869073563,38261.54838694459,38142.34061390655,224.0,1.6161605388151656,200.66352595932767,93.71965919222566,16.35284286989554
422,38400.0,38089.699287990195,38377.38318390415,38262.04223960911,38143.410487471774,-168.0,1.8116004634248384,-152.669587310731,-68.48502753092907,-11.75960206118907
423,38112.0,38091.487656998564,38111.62951611417,38124.57833188273,38118.82140978417,-304.0,1.45175994060628,-267.60608721914105,-131.17474178501288,-24.24800719839186
424,37792.0,38092.60280787141,37842.17100946587,37999.69275603908,38094.91447307499,-16.0,0.44088624693540623,-18.603459318936075,-21.039197824102303,-8.761213055433473
425,38080.0,38092.369429492435,38074.422597476296,38082.499936234526,38101.2989836733,240.0,-1.2216416835908603,204.36457539189723,84.05714831270598,7.449459781983023
426,38272.0,38090.159524504226,38250.900160249665,38167.807052664495,38109.81339263896,80.0,-3.4275615505612222,70.97836402170651,33.210642762212956,0.4050785975960025
427,38240.0,38085.51430639131,38216.37932551971,38148.92122175895,38102.109140868495,-200.0,-5.954430226964178,-168.17515949874723,-64.42522002606347,-14.598794727033237
428,37872.0,38078.2506640503,37914.54984125217,38038.95661261237,38080.61580318489,-88.0,-8.488423786304338,-73.52932563934155,-26.48630284040337,-11.062547524361435
429,38064.0,38068.537458818704,38069.320674241026,38095.948616078145,38079.98404581977,216.0,-10.665065210647299,181.3742041939804,72.96631150484609,0.16744492586803972
430,38304.0,38056.920533629,38277.29824964013,38184.88923562206,38080.950693036626,80.0,-12.126142668181274,74.46882359975643,29.38523735495255,-10.185818131310953
431,38224.0,38044.28517348234,38218.25832144054,38154.71909078805,38059.61240955715,-96.0,-12.5895206759742,-87.74832099689593,-64.81059943999207,-29.55766300162213
432,38112.0,38031.741492277055,38101.80160764634,38055.268036742076,38021.83536703338,-168.0,-11.902159828056028,-167.44867556248573,-127.81703567493241,-42.28527417209625
433,37888.0,38020.48085382623,37883.36097031557,37899.085019438186,37975.04186121296,-264.0,-10.07734463527595,-241.6357857529474,-150.6405075847979,-42.44141275977745
434,37584.0,38011.5868030065,37618.530036140444,37753.98702157248,37936.95254151383,-104.0,-7.309378878395364,-92.18075347291233,-60.10448707946853,-20.44169262343712
435,37680.0,38005.86209606944,37698.99946336974,37778.87604527925,37934.158475966084,216.0,-3.9334001638999325,175.46674407802857,74.32704634639595,9.913858250558405
436,38016.0,38003.7200026787,37969.4635242965,37902.64111426527,37956.780258014944,24.0,-0.36746123038756195,37.78168240924424,67.08562611866,19.660794949606498
437,37728.0,38005.127173608664,37774.56282818823,37913.04729751657,37973.4800658653,128.0,2.9552444891924097,142.3985252366765,102.92983200958406,28.97381114361997
438,38272.0,38009.63049165709,38254.260574769854,38108.50077828444,38014.72788030218,328.0,5.662278393818269,286.51554002711055,113.70386991009218,28.38420845199653
439,38384.0,38016.4517303963,38347.59390824245,38140.45503733675,38030.24848276929,-328.0,7.510808388109581,-292.0575290499328,-89.8182222793148,-2.1669733944327163
440,37616.0,38024.65210843331,37670.14551666999,37928.86433372581,38010.39393351332,-104.0,8.402150488964253,-110.01883724552681,-55.15853674803657,-0.13485258030050318
441,38176.0,38033.25603137423,38127.5562337514,38030.13796384068,38029.97877760869,136.0,8.373084946841118,121.85031859618175,28.34261203520873,12.283782975799113
442,37888.0,38041.39827832699,37913.84615386235,37985.54955779623,38034.96149946492,-120.0,7.578760379557934,-84.47931057729875,4.186372853666398,12.330796829479368
443,37936.0,38048.413552133345,37958.5976125968,38038.51070954801,38054.64037126765,232.0,6.243752897440572,202.6028477374639,104.21650652578683,25.610890366107924
444,38352.0,38053.88578412187,38319.05184933728,38193.9825708478,38086.18328019713,168.0,4.622932806600147,150.85015740784365,76.46314672369408,18.252072939343634
445,38272.0,38057.659417746545,38260.29792741249,38191.4370029954,38091.144517146335,-144.0,2.969997679021617,-117.26428486233635,-42.827066354700946,-4.081537193480472
446,38064.0,38059.825779479914,38084.52327961261,38108.3284381384,38078.02020581017,-64.0,1.5038123391022964,-73.15824973682902,-60.94434578779692,-12.423301045651897
447,38144.0,38060.66704242475,38113.98142793883,38069.54831141981,38066.29791505503,-136.0,0.39354995639951085,-124.03225534828016,-76.00597100869345,-15.607395002392877
448,37792.0,38060.61287939271,37836.45876891605,37956.31649612101,38046.805415805386,-56.0,-0.24321216959287995,-51.8312710738719,-31.07356723828707,-6.752228459372418
449,38032.0,38060.180618085564,38010.318885791086,38007.40117694323,38052.793458136286,72.0,-0.3449917717880453,65.45454583045284,38.78526929383588,7.027715237709344
450,37936.0,38059.92289584914,37967.36786057695,38033.887034708685,38060.860846280804,152.0,0.09602259422536008,138.83134268423237,75.42937511979835,14.310430458564952
451,38336.0,38060.372663274014,38287.98157115955,38158.25992718283,38081.414319053416,56.0,1.0417113190160308,55.578501366762794,35.50285606555917,7.824188725277054
452,38048.0,38062.00631848717,38078.52486331048,38104.8927468398,38076.50922373136,-64.0,2.425119976331189,-56.83239129667345,-24.92080692312811,-3.4796341354885953
453,38208.0,38065.22290322668,38174.316788566204,38108.41831333657,38074.45505078244,-72.0,4.1663225621050515,-72.62413191324958,-46.26527683493987,-8.731420409796556
454,37904.0,38070.33896361138,37933.27659948398,38012.36219316992,38059.046382911765,-120.0,6.180751112689904,-94.65719166233248,-41.87502358168422,-7.656348725082353
455,37968.0,38077.58440545206,37985.00240524154,38024.668266173205,38059.142353332274,176.0,8.39855555977556,136.737831965238,40.6402060898763,4.653088087117794
456,38256.0,38087.13607473093,38206.752263414455,38093.642605349676,38068.352559086,-80.0,10.771597620117973,-61.428452055439266,-12.20435814868324,-0.17216629196991562
457,37808.0,38099.12760069229,37862.14550113066,38000.25954987584,38058.798020748334,-16.0,13.265400274925923,-5.579173883921612,2.7467194640739763,2.9853626997464744
458,38224.0,38113.66687528078,38195.59391564661,38099.136044277824,38074.323284485494,200.0,15.856387884381547,160.057537303117,36.44451654090153,8.041427961437876
459,38208.0,38130.840376461056,38182.260575736895,38073.14858295764,38074.88087667121,-272.0,18.504282171968953,-233.81852376897587,-93.4131698413621,-6.098363980727299
460,37680.0,38150.67543962472,37727.95686810866,37912.3097045951,38062.12655652404,-136.0,21.134688880145404,-122.73130454121565,-44.68402606498785,6.352007679033704
461,37936.0,38173.10975422135,37936.79796665446,37983.780530827666,38087.58489202928,248.0,23.629430766708538,212.83093181811637,95.36109164639493,33.03758010670208
462,38176.0,38197.93430115814,38153.61873174489,38103.03188788789,38128.20171673744,104.0,25.80852793495069,104.91442381487286,82.76730100416898,38.22691054503957
463,38144.0,38224.72681009125,38146.62681428421,38149.315132836,38164.03871311936,-16.0,27.44585341175116,6.142153960379801,48.940811366119306,36.838932037877385
464,38144.0,38252.82600798164,38165.90303966565,38200.91351062013,38201.8795808132,152.0,28.299874367956363,128.79142370972477,80.0551330941853,40.73484673450366
465,38448.0,38281.32655882716,38404.20966170366,38309.425399024374,38245.508406588364,8.0,28.132339630297793,19.354930556299223,39.224587916440214,33.504246104585036
466,38160.0,38309.090687242235,38204.61290077825,38279.36268645301,38268.88807302237,16.0,26.75343222027732,23.46774296582953,29.61863065513171,28.824070085120184
467,38480.0,38334.833423267715,38451.14514763532,38368.66266033464,38303.156546758604,136.0,24.065561657134822,102.25798503366968,33.63130404895128,25.426301074166986
468,38432.0,38357.221810556504,38409.12887084559,38346.62529455091,38319.7406751707,-256.0,20.0849524717014,-214.4998168363163,-64.72471850827424,10.971162170633761
469,37968.0,38375.00332821112,38022.145513962685,38239.21322331809,38325.09887109987,24.0,14.963034024502122,25.75057960682898,28.194540426226013,23.21313948415991
470,38480.0,38387.14787860551,38460.63003005925,38403.01437540336,38366.16695413902,288.0,8.971897508246911,257.75619399101197,125.30833978695227,35.37643074610605
471,38544.0,38392.94712322761,38537.65790194471,38489.829902891994,38395.851732592084,40.0,2.488249643101881,45.31738160902387,59.73047893463081,22.27736508266389
472,38560.0,38392.12437789171,38551.264793277296,38522.475333272625,38410.72168430435,-48.0,-4.037445783200383,-30.06914228095411,13.883097016940155,7.406035927480843
473,38448.0,38384.87223166121,38477.5196173828,38517.596096925874,38410.663804447046,88.0,-10.144925649117795,73.85291101952316,29.918812116189656,-1.9246896349504823
474,38736.0,38371.83452659348,38698.97061531634,38582.312957505004,38406.87230503445,56.0,-15.4149697342109,36.30407451526844,-12.126660668367549,-20.247884160871763
475,38560.0,38354.04229219279,38550.12776641334,38493.34277558914,38370.1680361253,-224.0,-19.5215216072138,-198.204016836331,-122.29879412129958,-46.19586710288422
476,38288.0,38332.79148337905,38302.56258164368,38337.715369262405,38314.48057082868,-184.0,-22.277781360946392,-174.75227655125855,-130.7697216955312,-54.36343675518583
477,38192.0,38309.4867294709,38200.62321331082,38231.80333219808,38261.44116261493,-40.0,-23.64777626304567,-58.823301778735186,-86.01037096529035,-49.567350083005294
478,38208.0,38285.49593085296,38184.91597808621,38165.694627331824,38215.34587066267,-152.0,-23.75437388520004,-131.12734479356732,-87.26139120033986,-45.72799841913002
479,37888.0,38261.9779817005,37938.368523723686,38057.2805497974,38169.98516577667,8.0,-22.87456276647572,5.295164255894633,-23.773802635732864,-31.261446597160102
480,38224.0,38239.74680532001,38195.506306598,38118.14702206036,38152.82297746835,152.0,-21.410268575982627,114.66931586430655,7.9399832931485435,-20.721039434905833
481,38192.0,38219.15744454853,38167.7071554523,38073.160516383694,38128.54308690686,-336.0,-19.82923012286483,-294.6803916306235,-104.40624748482514,-27.452736216149788
482,37552.0,38200.08834507428,37606.14552333675,37909.33452709071,38097.91750503605,-24.0,-18.63639142127431,-11.853589873411693,14.841274252372386,-3.329706619002536
483,38144.0,38181.88466170598,38143.999975705476,38102.84306488844,38121.88367366885,472.0,-18.353730332772102,417.8544987554378,172.93007024194958,22.860352316241915
484,38496.0,38163.38088440873,38441.85452084763,38255.19466757461,38143.638209668534,8.0,-19.464040909831965,12.5510669320538,31.948936473472713,4.1364464831094665
485,38160.0,38142.95657988632,38169.10210956958,38166.740937835384,38130.15656663507,-264.0,-22.388224442107457,-226.22935665316982,-85.08326082153508,-14.973814701705123
486,37968.0,38118.60443552452,37989.39580754129,38085.02814593154,38113.69058026512,-80.0,-27.452336251215456,-72.72726432184209,-23.198718938077945,-9.181457356695319
487,38000.0,38088.05190738389,38023.6475809259,38120.34349995923,38111.79365192168,216.0,-34.814790320946486,194.4323838004384,95.48710400730124,3.6927542526391335
488,38400.0,38048.974854882625,38378.260575142165,38276.00235394614,38121.0760887704,232.0,-44.43485081669496,203.9731641407925,93.66003095998167,-4.663758712755225
489,38464.0,37999.1822057505,38431.593909207484,38307.66356187919,38102.46613449617,-136.0,-56.01897925807134,-118.26057559920082,-46.50701112734896,-36.68664754942438
490,38128.0,37936.93689636648,38141.73942394376,38182.98833169144,38047.70279367155,-248.0,-68.95044518061695,-211.5939098429808,-97.18106434203582,-58.77820114103815
491,37968.0,37861.281315389264,38008.40608952152,38113.30143319512,37984.909732214095,160.0,-82.29239568486446,126.05753181829277,2.963818101245124,-61.94757484675574
492,38448.0,37772.35210499675,38393.85448758035,38188.91596789393,37923.80764397804,0.0,-94.81398093733151,-11.645498180118011,-53.927481354225165,-87.31170603715145
493,37968.0,37671.6533535146,37985.11509316129,38005.44647048667,37810.28632013979,-280.0,-105.02981867327617,-254.15801310482493,-164.7462621639279,-121.40700783125794
494,37888.0,37562.2924676502,37885.5384613707,37859.42344356608,37680.993628315526,-96.0,-111.32809214448571,-111.8843249371057,-160.31130513755488,-139.64301040849386
495,37776.0,37448.99716922563,37761.346443287075,37684.82386021156,37531.000299322804,-232.0,-112.14639830785745,-230.76923075156083,-220.1876532487331,-162.24331402657845
496,37424.0,37337.999671034486,37423.99999986758,37419.04813706861,37356.50700026237,-496.0,-106.14923212341819,-478.77841427855674,-389.5291767942217,-177.8679490473187
497,36784.0,37236.69870497879,36803.78961472996,36905.76550662312,37175.26440122817,-344.0,-92.44657643333267,-346.5209121875341,-331.12235494836204,-161.67937897278898
498,36736.0,37153.10651816782,36730.95817549251,36756.803427171886,37033.14824231679,-96.0,-70.79638564544439,-98.0405617748911,-138.56036586528353,-127.25874679554181
499,36592.0,37095.105933687904,36607.70849118018,36628.64477489255,36920.74690763708,-32.0,-41.768148007675336,-44.70722841143652,-109.83626483305852,-95.9639892978521
500,36672.0,37069.57022215247,36641.543718669636,36537.13089750577,36841.22026372109,-208.0,-6.8334869326718035,-203.00927818862328,-158.94842863390295,-71.06563072993958
501,36176.0,37081.43895982256,36201.68993480293,36310.74791762474,36778.615646177204,-232.0,31.657127481492353,-226.84101082578854,-159.00902106865033,-32.473835235025035
502,36208.0,37132.884477115455,36187.86169701806,36219.11285536847,36776.27259325104,-120.0,70.63423301682269,-114.51975269455943,-86.07863457203712,26.07057673638701
503,35936.0,37222.707425856206,35972.650429413814,36138.59064848067,36830.75679964998,-48.0,106.61737702586834,-31.959120535157126,20.7731173525317,99.22204638144103
504,36112.0,37346.11923116719,36123.943455947745,36260.65909007353,36974.71668601392,432.0,136.14034194329724,413.6747853161505,330.7047415268571,187.09572066463443
505,36800.0,37494.9881097428,36800.000000046115,36800.00013153438,37204.94824097925,688.0,156.23705173856433,682.0282719555362,613.6703682125299,256.65295623401107
506,37488.0,37658.59333464432,37487.99999985882,37487.99982649859,37488.02259848194,600.0,164.9079351398832,600.0000001135741,599.9999925943775,397.5167932616423
507,38000.0,37824.80398002257,38000.00000027326,38000.00011672314,37999.98182750253,816.0,161.46658747530455,815.9999995068756,790.5140303454209,431.0671675701851
508,39120.0,37981.52650959493,39119.99999887257,39069.02788718943,38350.15693362231,712.0,146.68149613104833,700.3999858391253,644.3916320391145,271.9588105718576
509,39424.0,38118.166972284664,39400.799971951514,39288.78338080137,38543.89944864625,152.0,122.67243510750995,159.76363455655883,152.14718401262144,149.7374874562447
510,39424.0,38226.87137980995,39439.527267985686,39373.322255214676,38649.6319085348,128.0,92.57018329524362,116.36363596258161,59.20000202065057,67.01405531529599
511,39680.0,38303.30733887515,39633.52724387668,39407.18338484267,38677.92755927684,-112.0,60.01115701618255,-119.76363404330914,-102.547177950677,-21.80797129412167
512,39200.0,38346.893693842314,39199.99999989907,39168.22789931332,38606.01596594656,-760.0,28.558069290167623,-721.4757299028897,-535.8267783108677,-101.61079503295332
513,38160.0,38360.423477455486,38190.5757840709,38335.52982822093,38474.70596921093,-480.0,1.1837646580206638,-487.19698073535255,-463.94791454373626,-115.5746982750752
514,38240.0,38349.261223158355,38225.60603842836,38240.33207022585,38374.86656939641,-24.0,-20.07475186019292,-36.9395535007061,-95.03172288216228,-93.09607134470934
515,38112.0,38320.2739737351,38116.696677069485,38145.46638245661,38288.513826521514,-96.0,-34.27499509890549,-85.42597601144735,-78.13249654093306,-77.5270515488155
516,38048.0,38280.711232960544,38054.75408640547,38084.06707714398,38219.812466298776,-24.0,-41.51457776340612,-28.172158636672975,-43.365766740629624,-60.110736907801765
517,38064.0,38237.24481820829,38060.35235979614,38058.73484897535,38168.29235270591,-8.0,-42.71070102286467,-12.639927628617443,-27.964803680963087,-46.30549595756747
518,38032.0,38195.289830914815,38029.47423114823,38028.13746978206,38127.20147438364,-48.0,-39.29927488593239,-43.50697290672542,-32.528644302263274,-36.33080460308702
519,37968.0,38158.64626843642,37973.33841398269,37993.67756037082,38095.630743499736,-32.0,-32.90746562438653,-29.44374725209491,-21.621129225826735,-25.189193708920357
520,37968.0,38129.47489966604,37970.58673664404,37984.895211330404,38076.8230869658,16.0,-25.087163503856573,10.182005881553778,-0.3347433752096549,-13.366502185643185
521,38000.0,38108.47194142871,37993.702425745796,37993.0080736204,38068.89773912845,-16.0,-17.13588862587858,-8.372182169245207,4.616899100194132,-4.480460880928149
522,37936.0,38095.203122414285,37953.84237230555,37994.12900953079,38067.862165203944,56.0,-9.997352727466932,49.35180808750374,30.185440675788414,5.557534335690434
523,38112.0,38088.477235973776,38092.4060419208,38053.37895497198,38080.01280779983,48.0,-4.2308342843389255,40.59387921927919,29.939422927178384,10.55128298587806
524,38032.0,38086.74145384561,38035.03013074411,38054.00785538515,38088.9647311757,-64.0,-0.03927205631771358,-42.22525745614621,11.632828105739463,11.800159934657131
525,37984.0,38088.39869186114,38007.95552700851,38076.64461118346,38103.613127669145,96.0,2.654567761841463,92.70303130693719,68.95906139004364,20.62905287689864
526,38224.0,38092.05058936929,38220.436193357986,38191.925978165236,38130.2228369295,224.0,4.1346301693956775,194.66163313938887,99.2443560643951,21.920851106828195
527,38432.0,38096.66795219993,38397.27879328729,38275.13332331225,38147.4548298828,0.0,4.8000353176939825,3.2365663657583355,4.774006803134398,3.004734447444207
528,38224.0,38101.65066000468,38226.9093260895,38201.473991771505,38136.232305824386,-176.0,5.0651680595874495,-155.82283675026338,-84.92233565498827,-15.610908767197543
529,38080.0,38106.79828831911,38085.63311978676,38105.28865200227,38116.233012348406,-112.0,5.299775908766605,-113.11060736894797,-83.54101376809922,-18.1876428585565
530,38000.0,38112.25021182221,38000.68811135161,38034.39196423531,38099.85702010727,-88.0,5.751337690380751,-81.50445167711587,-53.70070564931302,-11.383141235768562
531,37904.0,38118.30096369987,37922.62421643253,37997.88724070365,38093.46672987687,16.0,6.517749702350557,15.057187243572116,10.438896820167429,3.0830462634366995
532,38032.0,38125.28571122691,38030.80248583875,38055.26975787564,38106.023112634146,104.0,7.548643651985913,102.19069859997398,69.01739610981167,16.257538388985267
533,38112.0,38133.39825100384,38127.00561363248,38135.92203292327,38125.98180665484,192.0,8.645814227424125,171.23119595613753,92.61329150926395,20.657784353432362
534,38416.0,38142.57733968176,38373.264877751026,38240.49634089417,38147.33868134101,40.0,9.490881785968668,32.58365287369088,16.82247841798744,7.9238087532248755
535,38192.0,38152.38001457578,38192.17291937986,38169.566989759245,38141.82942416129,-208.0,9.693694950034114,-180.2273614718797,-82.14585625529799,-8.01778597165685
536,38000.0,38161.96472958183,38012.81015480727,38076.20462838357,38131.3031093977,-128.0,8.835245101516193,-115.31199053626915,-55.26004718388867,-3.961159293707169
537,37936.0,38170.05050477881,37961.54893830732,38059.04689539147,38133.907105573875,88.0,6.4834000973714865,76.48347503665354,44.36571470362833,12.499351454869611
538,38176.0,38174.93152977657,38165.77710488057,38164.93605779083,38156.301812307436,160.0,2.2303288656003133,153.11369097610077,100.35719129477366,21.40979734893699
539,38256.0,38174.51116251001,38267.77632025952,38259.761277981015,38176.72670027175,176.0,-4.2748147914753645,160.88081667656297,96.70585918069264,16.461222977897705
540,38528.0,38166.38190019362,38487.5387382337,38358.347776152215,38189.22425826323,16.0,-13.279612250269565,17.456109142691275,13.760386247311544,-4.441229095355084
541,38288.0,38147.95193800947,38302.688538544906,38287.28205047564,38167.84424208104,-120.0,-24.875904880624148,-111.4075069642713,-71.42470043876165,-27.387804078141926
542,38288.0,38116.63009043237,38264.72372430516,38215.49837527469,38134.44865010695,-248.0,-38.94240289511072,-228.27151218113795,-108.03448756360012,-41.07315946874223
543,37792.0,38070.06713221925,37846.14551418263,38071.21307534844,38085.697923143554,-8.0,-55.088243678877916,-5.108729054474679,-4.678762252035085,-34.06583080621931
544,38272.0,38006.45360307462,38254.50626619621,38206.14085077062,38066.31698849451,280.0,-72.60898382342566,252.07549230687073,101.99820080749123,-29.66508522431468
545,38352.0,37924.8491645724,38350.29649879637,38275.20947696342,38026.367752694925,96.0,-90.47132597129166,87.27272658203583,30.673364674512413,-56.2308481648397
546,38464.0,37825.51095113203,38429.05171936028,38267.48758011965,37953.85529216483,-208.0,-107.35579528598464,-186.53459998699327,-105.97810678394671,-98.0196959218556
547,37936.0,37710.13757400043,37977.227298822385,38063.25326339553,37830.328360851214,-152.0,-121.76141399986591,-155.13950907370236,-140.60768502636347,-128.81051327105524
548,38160.0,37581.9881231323,38118.772701212874,37986.27221006692,37696.23426562272,-96.0,-132.1550175401244,-116.00000001896478,-163.8449482951437,-157.28238194735604
549,37744.0,37445.82753892018,37745.227298784455,37735.56336680524,37515.7635969565,-336.0,-137.15405904824001,-316.0000000323307,-254.92715985906034,-191.88248881839536
550,37488.0,37307.68000503582,37486.77270114821,37476.4178903488,37312.46928798593,-544.0,-135.7037493412754,-535.1050528174565,-489.54197688203567,-212.07084457127348
551,36656.0,37174.42004023763,36675.01719314954,36756.47941304117,37091.621907813955,-440.0,-127.23115059329939,-446.15558132867955,-445.09332518705196,-199.06628478127823
552,36608.0,37053.21770384922,36594.461538490854,36586.231239974695,36914.33671842337,-136.0,-111.7332357594023,-148.24796220441203,-181.1325530791255,-161.96835346941225
553,36384.0,36950.953568718825,36378.52126874072,36394.21430688292,36767.68520087513,-280.0,-89.79619228012598,-258.73736422220463,-186.9097796503229,-127.46725750448968
554,36048.0,36873.62531928897,36076.986810046445,36212.41168067405,36659.40220341439,-152.0,-62.54992970957028,-141.19697028639348,-99.59678587184317,-77.7128872900139
555,36080.0,36825.853709299685,36096.12732816793,36195.02073513923,36612.2594262951,112.0,-31.562846516586433,99.77715896112568,40.11942203479339,-20.52980580453368
556,36272.0,36810.4996262558,36276.541127968696,36292.650524743636,36618.342591805325,232.0,1.2920319626900891,203.11943964426246,107.95505197622697,23.400295100484072
557,36544.0,36828.437773225065,36502.366207456456,36410.930839091685,36659.06001649607,0.0,33.99354750133716,17.656116770045628,51.74573389388752,46.47042551555205
558,36272.0,36878.48672125847,36311.85336150879,36396.14199253141,36711.28344283643,0.0,64.52493666926603,8.753961596274166,47.28214970543195,74.18759848218178
559,36544.0,36957.4876465636,36519.874130649005,36505.49513850255,36807.435213460434,96.0,91.03319089200886,87.39142238525164,90.1007152224156,109.32353129702096
560,36464.0,37060.55310304249,36486.63620627929,36576.34342297624,36929.93050543047,64.0,111.98113164527967,79.9431070267492,127.01999596181122,145.7918172415666
561,36672.0,37181.44990985416,36679.7603447025,36759.53513042617,37099.01884794357,344.0,126.27124622325573,332.6818969229171,287.8289857905547,190.43928491026963
562,37152.0,37313.095595489,37152.000000125125,37152.00139455735,37310.80907525101,560.0,133.35462205197837,556.1198276039249,516.2318290552503,219.73068106999926
563,37792.0,37448.15915395811,37791.99999991035,37791.99878853667,37538.480210083566,672.0,133.29096568891327,649.4263161553536,540.1035388952514,214.99514533672846
564,38496.0,37579.67752686683,38450.85263243583,38232.208472347855,37740.79936592447,232.0,126.73053311966578,239.05327134342951,223.57258856457702,164.55912413712576
565,38256.0,37701.620220197445,38270.10654259721,38239.143965665826,37867.59845835782,-136.0,114.8262894970394,-110.21337685256003,-1.492523849119607,107.37901535124183
566,38224.0,37809.33010586091,38230.42587873071,38229.223424649615,37955.55739662695,8.0,99.07673097408042,-7.551270212963573,-7.30882869139532,74.53680810048172
567,38272.0,37899.773682145606,38255.004002171285,38224.526308283035,38016.67207455878,-72.0,81.13253517248086,-60.40186570299193,-28.433962225066352,48.3482816597716
568,38080.0,37971.59517620587,38109.62214732473,38172.35550019948,38052.253959946494,8.0,62.59203316346975,2.728881777067727,-5.993057983814651,34.194583385033184
569,38288.0,38024.957748472545,38260.46176572542,38212.540192315406,38085.06124132885,16.0,44.828287016320246,13.148447027811926,2.4547882736296742,22.660343448798812
570,38112.0,38061.25175023851,38135.91904138035,38177.26507674674,38097.57464684409,-8.0,28.884914716662024,-4.947517443317338,-2.64257719528905,11.792137857446505
571,38272.0,38082.72757790587,38250.566730838786,38207.25503792483,38108.64551704374,8.0,15.43494572846248,7.481343652354553,-2.3825198595041,2.903146051838121
572,38128.0,38092.121641695434,38150.88172868506,38172.500037027734,38103.38093894777,24.0,4.783591384311876,14.723641271593806,-12.504982383230526,-6.495531148582813
573,38320.0,38092.29476067449,38280.01401338197,38182.24507315837,38095.654454746575,-104.0,-3.051914254141593,-96.32539993193495,-59.1324272901802,-18.943761463866394
574,37920.0,38086.01781318715,37958.23092882119,38054.23518244737,38065.493416020036,-120.0,-8.261752974834963,-105.10068891611445,-60.89229948731008,-22.88636792554098
575,38080.0,38075.77125472482,38069.812635549744,38060.46047418375,38049.88171889549,80.0,-11.18408875836758,60.6448844772749,-3.544471171750047,-17.117611179764936
576,38080.0,38063.649635670416,38079.52069777574,38047.14624010387,38031.258193660506,16.0,-12.2305012451543,7.311551104718092,-29.74111402793642,-21.060615551959927
577,38112.0,38051.310252234514,38084.43573775918,38000.978246127874,38007.76048779157,-184.0,-11.845505666286044,-171.55730314146422,-101.67887091205921,-28.709681479354913
578,37712.0,38039.95862433784,37736.40609149281,37843.788498279755,37973.838830701796,-216.0,-10.475899749144446,-187.34815688148592,-91.29549870824485,-20.829715554689756
579,37680.0,38030.358452736225,37709.73942399621,37818.387248711384,37966.10105668219,160.0,-8.543659340681188,126.98765900507715,43.79237478732102,6.567278814509336
580,38032.0,38022.87130565648,37990.38140950297,37931.3732478544,37986.973388330814,64.0,-6.423534195717366,67.59182650096409,62.67262307021156,18.621001065159362
581,37808.0,38017.51138434479,37844.92307699814,37943.73249485181,38003.34305881251,16.0,-4.421883769133274,39.15705248584345,80.22549442331729,26.136823422326415
582,38064.0,38014.027538118215,38068.69551447465,38091.82423670103,38039.24703517547,400.0,-2.7520719384810945,354.46570328952293,162.0038601997403,34.66632812172611
583,38608.0,38012.00724046783,38553.85448357718,38267.74021525129,38072.675715055964,8.0,-1.51775499372161,7.170624205286003,5.786086175896344,6.662465633296961
584,38080.0,38010.99202813077,38083.036762885225,38103.396409052824,38052.57196644206,-400.0,-0.7171510954103724,-355.58883692238305,-152.64560167205127,-21.47515029180431
585,37808.0,38010.57293827701,37842.67680973242,37962.449011907185,38029.725414472356,-64.0,-0.26104909770947415,-66.97590449073323,-63.72289119204652,-11.76028124608274
586,37952.0,38010.46992993535,37949.08495390376,37975.95062666873,38029.051403949896,112.0,-0.005936212048254674,91.83291369011567,25.476928095911717,3.178559675034194
587,38032.0,38010.56106585291,38026.34263711265,38013.40286809901,38036.082533822424,56.0,0.2141809380336781,48.970868772150425,28.15367547977803,7.235256563646544
588,38064.0,38010.89829181142,38047.02669144806,38032.25797762829,38043.52191707719,-88.0,0.5579902093413693,-64.18248842428147,2.9840983434260124,6.415479108625732
589,37856.0,38011.677046271594,37897.977660264085,38019.37106478586,38048.913492039675,184.0,1.1422601178674086,165.41389752151008,68.7986195505,15.037249564473314
590,38432.0,38013.182812047155,38377.85448649108,38169.85521672929,38073.596416206135,72.0,2.028218793526321,60.31747699391417,19.41176030807037,6.762744976764225
591,38000.0,38015.73348385865,38018.61261425191,38058.194585402,38062.438981993204,-256.0,3.2116366899135755,-221.92164667612815,-82.56333862628526,-8.035485113272443
592,37920.0,38019.60608542698,37934.011193138824,38004.72853947672,38057.52544597959,-16.0,4.636222121836909,-14.54545541898915,-11.101776186926145,1.9627362853680097
593,37968.0,38025.00592810232,37989.521703413935,38035.99103302815,38066.36445456394,200.0,6.206054027821665,165.96008458828146,65.25801006551046,13.757231312545628
594,38320.0,38032.018193482625,38265.93136231539,38135.24455960774,38085.03990860468,0.0,7.805181781346619,3.2254132348789426,6.875806383453892,6.927449470975262
595,37968.0,38040.616291665014,37995.97252988369,38049.74264579506,38080.21935350589,-160.0,9.320497663680726,-130.09618301324736,-44.63059091514879,0.7904125765053323
596,38000.0,38050.65918880999,38005.73899628889,38045.98337777744,38086.62073375769,48.0,10.655890008401911,38.461447849666,19.232420871103386,10.732416939685208
597,38064.0,38061.92807168182,38072.895425583025,38088.207487537264,38101.68418738526,128.0,11.748333696308691,111.63355720927211,54.32785352845167,16.94766299683033
598,38256.0,38074.155856202604,38229.006110707436,38154.63908483434,38120.51605975135,24.0,12.56587762631898,21.141238661581156,15.75113971425526,12.057675353658851
599,38112.0,38087.059826934455,38115.17790290619,38119.709766965774,38125.79953809258,-120.0,13.10018145918366,-97.93869327029097,-31.07443438568589,5.973455245857622
600,38016.0,38100.35621912097,38033.128724166854,38092.49021606297,38132.46297024307,0.0,13.356757159170229,3.594442094927217,11.025557128683431,12.486580662640336
601,38112.0,38113.773341252796,38122.36678709604,38141.76088122314,38150.77269941786,168.0,13.348131686623674,141.0719984094103,64.15110577174346,20.248364145685628
602,38352.0,38127.05248249422,38315.272720985675,38220.79242760646,38172.95969853444,8.0,13.084161107897671,9.269538817992725,13.427760186546948,13.234984043301665
603,38128.0,38139.94166346859,38140.90586473203,38168.616401596235,38177.24266750446,-136.0,12.56130364612909,-109.83753259353034,-31.867825212106254,6.745102345244959
604,38080.0,38152.17508978648,38095.597655798614,38157.056777182246,38186.44990322493,32.0,11.765089625336259,32.680070059661375,26.968764177137928,14.529730881717114
605,38192.0,38163.471842719264,38206.26600485135,38222.55392995051,38206.3021292679,216.0,10.684948075471766,181.9983733094632,80.7741177435164,20.56733250635807
606,38512.0,38173.54498593742,38459.59440241754,38318.60501266928,38227.584568237646,-40.0,9.325512352847,-30.381085265194997,-0.6464109465887304,7.061667381633015
607,38112.0,38182.12286742496,38145.50383432096,38221.26110805733,38220.42546403116,-152.0,7.720128054705128,-124.88990157270018,-42.71335058328259,-1.7378310049243737
608,38208.0,38188.98524204683,38209.81459927214,38233.178311502714,38224.1089062278,96.0,5.939625479189999,73.3837613118958,24.50635919674096,4.488887508025073
609,38304.0,38194.00211838334,38292.27135694475,38270.273826450815,38229.40323904721,16.0,4.094704413935688,23.813542396350385,20.232428173509106,1.5644947717773903
610,38240.0,38197.1746508747,38257.44168406484,38273.64316784973,38227.23789577135,64.0,2.324237083641492,52.378747444316105,20.190925323779084,-2.8034484872950998
611,38432.0,38198.65059255062,38397.028851833384,38310.65567709837,38223.79634207262,-40.0,0.7733480159913597,-35.2685730645353,-23.659652202171856,-13.851736595097464
612,38160.0,38198.721346906685,38186.90453793577,38226.32386344539,38199.53442258116,-88.0,-0.429659582558088,-75.60162421876885,-51.169881930287374,-22.285198362409574
613,38256.0,38197.791273385505,38245.825603395846,38208.3159132378,38179.225945347804,32.0,-1.199230804133549,8.049082439316408,-41.84999358869027,-24.147179965963005
614,38224.0,38196.32288529842,38203.0027028144,38142.62387626801,38151.24006264923,-152.0,-1.5143851208231354,-147.80938650944518,-106.38009883578343,-31.62387956611201
615,37952.0,38194.76250314386,37950.206830376956,37995.55571556623,38115.97818621558,-328.0,-1.426801984285703,-290.4285939955698,-125.29030291866366,-27.06296712287076
616,37568.0,38193.469281329846,37622.14551482326,37892.04327043068,38097.11412840349,184.0,-1.052931437992811,163.67286051925475,58.509190079785185,7.591648608085961
617,38320.0,38192.65664026787,38277.552551415465,38112.5740957258,38131.16148343175,272.0,-0.5531765710875334,250.83006515580928,116.81787315802649,24.605429199848004
618,38112.0,38192.36292818767,38123.80564513488,38125.67901674673,38146.324986803185,-128.0,-0.10046400124338106,-94.71868060618726,19.944429394297913,16.879752711593028
619,38064.0,38192.455712265386,38088.11519020309,38152.4629545144,38164.92098885494,88.0,0.14967558010539506,84.88549608364701,71.01541502486361,23.642051494498446
620,38288.0,38192.66227934788,38293.576637302176,38267.70984679646,38193.60908979218,272.0,0.08869955834597931,233.3446336099696,105.10181568029293,23.968555426858074
621,38608.0,38192.63311138208,38554.80445742303,38362.666585874984,38212.858099708654,-32.0,-0.3282343872815545,-34.78831632995207,-27.709967983981187,-0.5080850980994001
622,38224.0,38192.00581057332,38224.00000464227,38212.2899108285,38192.59291959598,-416.0,-1.0809168561063416,-362.3294726342974,-156.23171963224013,-21.835534132871544
623,37776.0,38190.471277669865,37830.145512154435,38050.2031466105,38169.18703144291,-8.0,-2.096231114883267,-19.47153944686943,-24.985190912742837,-3.746536580925749
624,38208.0,38187.81334834355,38185.05692574853,38162.31952900301,38185.09984643413,216.0,-3.2672460135909205,198.10411669884343,89.27614689401162,14.76780731292456
625,38208.0,38183.93678564268,38226.35374555212,38228.75544039853,38198.72264606876,144.0,-4.471893440269923,133.06554756419064,76.81363159478133,13.158931938069145
626,38496.0,38178.86956146301,38451.188020876914,38315.946792192575,38211.41771031027,8.0,-5.598372765365639,0.774379709353525,-2.8352521096676355,-1.5340502429753542
627,38224.0,38172.74004011195,38227.90250497083,38223.08493617919,38195.65454558281,-240.0,-6.55618391932876,-203.77299105195925,-93.31938792378787,-17.180437448325392
628,38016.0,38165.757193624355,38043.642038772996,38129.308016345,38177.05683541362,-40.0,-7.2795893897164206,-46.050272332842724,-37.122911661688704,-10.54486839850506
629,38144.0,38158.18086133252,38135.80196030514,38148.839112855814,38174.5648087858,56.0,-7.729028606026986,51.16972305787931,21.950652938725398,-0.9637861885312304
630,38128.0,38150.2991364123,38145.981484888754,38173.20932222245,38175.12926303656,112.0,-7.886354686055711,100.08694902736897,46.97487047785762,2.9209174025854736
631,38368.0,38142.40815196041,38335.97585835988,38242.78885381153,38180.40664359097,40.0,-7.742594789946452,29.87366527053382,6.973958494843828,-4.102287266036001
632,38208.0,38134.81394683241,38205.72881542982,38187.15723921214,38166.924688504485,-168.0,-7.290301023298525,-141.60296578094858,-66.05299499332614,-15.53572066126435
633,38032.0,38127.82754991381,38052.769926797984,38110.68286382488,38149.33520226844,-48.0,-6.5324752075721335,-49.10925464190586,-37.1329434748186,-11.722726122618042
634,38112.0,38121.748996417264,38107.51030614601,38112.8913522625,38143.47923625925,48.0,-5.484099417812104,32.29191007809277,2.6541645688703284,-4.282004196233174
635,38128.0,38116.85935107819,38117.35374695417,38115.99119296262,38140.771193875975,-64.0,-4.174832913824503,-43.38782442097727,-2.9045628185704118,-2.069482689472352
636,37984.0,38113.399330589615,38020.734657304056,38107.08222662536,38139.340270880304,152.0,-2.659548724139313,130.25038042084998,52.632146975422074,6.336090548342327
637,38432.0,38111.54025362991,38377.85450779587,38221.25548691346,38153.44337497266,48.0,-1.028974748463952,39.3743456236698,8.801003744836635,0.17527284098832752
638,38080.0,38111.34138109269,38099.483348551395,38124.68423411503,38139.69081656228,-208.0,0.5929678839456756,-177.1325561906633,-74.22913574091581,-10.768017582260654
639,38016.0,38112.7261893978,38023.58939541454,38072.79721543163,38131.90733980814,-32.0,2.0654010744401603,-37.946976064133196,-23.48841096758406,-1.9881097637407947
640,38016.0,38115.47218324157,38023.58939642313,38077.707412179865,38135.7145970348,32.0,3.249810301240359,37.94698312422406,35.76390283817091,9.792987078402803
641,38080.0,38119.22581000028,38099.48336166299,38144.32502110797,38151.493313964944,224.0,4.034269312469405,197.71929344671298,98.7801194820895,19.353382628392865
642,38464.0,38123.540721866506,38419.027983316555,38275.267651144044,38174.421362291585,80.0,4.3606056275712035,70.27601834443703,36.57645560809033,8.449116441221122
643,38240.0,38127.94702125542,38240.035398351865,38217.47793232415,38168.391546847386,-216.0,4.2419264004711295,-178.8155932053487,-69.05075265781488,-9.610238101831783
644,38032.0,38132.02457466745,38061.39679690586,38137.166145828414,38155.20088608792,-24.0,3.766441666382889,-31.654616916712257,-27.7287135815277,-7.03061645507114
645,38192.0,38135.47990458819,38176.72616451844,38162.0205051611,38154.330313937244,48.0,3.0737432331516175,38.96019020478343,9.864611913228146,-2.7540564538103354
646,38128.0,38138.17206113375,38139.317177315424,38156.89536965487,38149.6927731803,16.0,2.324910232779075,19.176899374120694,9.322549321212136,-3.5529020979302004
647,38224.0,38140.12972505375,38215.07996326668,38180.66560380352,38147.22450974138,40.0,1.6676084255959722,31.162602284668537,2.1030360504082637,-6.307037951850361
648,38208.0,38141.50727798494,38201.64238188476,38161.10144175569,38137.0786972766,-40.0,1.190516254358954,-45.22567195812371,-43.013441169987345,-13.691877600947919
649,38144.0,38142.510757562464,38124.628619350435,38094.63872146355,38119.84075453949,-200.0,0.898443934158422,-176.61814582996158,-91.14335956036302,-18.44590501014318
650,37808.0,38143.30416585326,37848.40609022484,37978.81472263496,38100.186887256314,-88.0,0.7140904039733869,-71.44459795357398,-30.41663751111264,-5.044522920354211
651,37968.0,38143.93893837041,37981.73942344329,38033.80544644132,38109.75170869878,256.0,0.5020866327613476,209.73261714445107,87.89344702702874,16.652406877401518
652,38320.0,38144.30833911878,38267.87132451374,38154.60161668902,38133.49170101112,0.0,0.11083502667679568,17.78635692960961,38.096978592198866,14.414577362891578
653,37968.0,38144.160608423765,38017.312137302506,38109.99940362572,38138.58086342456,-16.0,-0.5691774301194528,-3.9985006986862572,26.397488749567856,13.618205584676616
654,38288.0,38143.169984258544,38259.87432311637,38207.396594188154,38160.72811218047,120.0,-1.5516874218956218,101.9338013956949,57.09548765650834,15.783654364931863
655,38208.0,38141.05723357997,38221.179740093896,38224.190378938736,38170.148172154426,24.0,-2.7330080479732715,27.204117447025055,24.88897421994625,7.527468581676658
656,38336.0,38137.7039681626,38314.28255801042,38257.17454262805,38175.78304934382,-16.0,-3.900459239441261,-15.484392031401512,-6.428564996658679,-2.375970343411609
657,38176.0,38133.25631510109,38190.21095603109,38211.33324894542,38165.3962314676,-64.0,-4.76917974688331,-53.0168218238432,-28.174669209922286,-10.917006302839582
658,38208.0,38128.16560866883,38208.24891436273,38200.8252042082,38153.949036738144,32.0,-5.052207983062544,19.282530145294004,-14.095442633119092,-14.149742892554059
659,38240.0,38123.151899134966,38228.77601632168,38183.14236367918,38137.096745682495,-32.0,-4.538498244415678,-35.59281643265422,-46.11165868942771,-21.997453771520668
660,38144.0,38119.08861218,38137.06328149742,38108.60188682935,38109.9541291951,-136.0,-3.154418830465147,-126.3963273371337,-92.23953343516041,-28.844910027641163
661,37968.0,38116.843061474035,37975.98336164741,37998.66329680886,38079.40692562721,-120.0,-1.002540056611906,-121.16311161294288,-94.6069416160608,-24.976857286525046
662,37904.0,38117.083532066776,37894.73705827154,37919.388003597225,38060.00041462205,-136.0,1.6428962339377904,-127.56101201820638,-71.58129141302197,-11.606490274061798
663,37696.0,38120.12885394191,37720.861337611,37855.500713982816,38056.19394507909,-64.0,4.38320954210576,-49.56903260551917,15.863067377002153,14.203227710993815
664,37776.0,38125.84995115099,37795.5989930605,37951.11413835123,38088.40687004404,368.0,6.774698014141904,350.03295188325137,209.89538994273607,47.833268467151356
665,38432.0,38133.678249970195,38420.9272413775,38275.29149386829,38151.86048201339,424.0,8.41472010114012,392.6641240732715,219.0982060524948,49.44663607002076
666,38624.0,38142.67939135327,38580.92724120704,38389.31055045622,38187.30014218408,-96.0,9.01651005313397,-81.18330422669169,-3.325668183962989,13.604667279894784
667,38240.0,38151.71127007646,38258.56063292412,38268.64015750036,38179.06981657318,-216.0,8.466222375191137,-203.74393357088775,-106.35031420567248,-11.276834782238438
668,38192.0,38159.61183610365,38173.43937406527,38176.609922044874,38164.746472619605,-208.0,6.835231161912816,-190.2075631972075,-99.7252744330508,-15.686020322598779
669,37824.0,38165.38173240029,37878.145506529705,38069.18960863426,38147.69777592798,88.0,4.354499550463515,79.07726912298313,15.174490906512801,-0.8638078952244541
670,38368.0,38168.32083520458,38331.59391231123,38206.9589038579,38163.018856829156,216.0,1.3642132729146397,180.05753799233207,57.2487471525892,5.072023742635793
671,38256.0,38168.11015894612,38238.26058251437,38183.68710293944,38157.841823413255,-248.0,-1.7550556886599225,-202.72420474469982,-59.428249448737915,-10.084942245241109
672,37872.0,38164.81072382726,37926.14550282183,38088.102404960424,38142.848972338674,32.0,-4.656202283127641,28.152893095608306,12.46650450119705,-1.4504024576490337
673,38320.0,38158.79775437986,38294.566368705586,38208.62011194183,38154.94101849796,232.0,-7.082856958044431,192.40603825238577,64.82776295232907,3.8390970841828675
674,38336.0,38150.64500991117,38310.957579326605,38217.75793086508,38150.52716650704,-128.0,-8.896034356312157,-108.82089274593454,-49.98321564421349,-13.687493665565853
675,38064.0,38141.00568566724,38076.92458321372,38108.653680653406,38127.566031166825,-192.0,-10.081972958847473,-169.41008004431205,-86.77740988496953,-19.782833781875524
676,37952.0,38130.48106399347,37972.13741923798,38044.20311109514,38110.96149894329,8.0,-10.736027706388995,-4.100067785824649,-18.3490140106951,-8.65645727637093
677,38080.0,38119.53363025446,38068.72444764207,38071.955652632016,38110.25311661408,40.0,-11.01409474158936,40.20926661440171,23.73036785288423,0.8042735015005746
678,38032.0,38108.452874510294,38052.555952466784,38091.66384680091,38112.57004594629,96.0,-11.08357391320169,86.61126715865976,49.54011756935142,6.345431629521045
679,38272.0,38097.36648242806,38241.94698195939,38171.03588777072,38122.943979873125,40.0,-11.074496458491922,39.12593928953356,28.88998485517004,2.921132920488162
680,38112.0,38086.30388159331,38130.80783104585,38149.44381651125,38118.412311787266,-24.0,-11.044880294699396,-17.099995684300666,-2.8701630038449366,-4.211052496491902
681,38224.0,38075.27672183866,38207.746990590786,38165.29556176303,38114.52187488014,0.0,-10.975001317307033,-4.325887501116085,-13.50047386670849,-9.364343163120793
682,38112.0,38064.3538789587,38122.15605604362,38122.442868777835,38099.683625461024,-32.0,-10.770728333496663,-34.810654329077806,-37.63125859627689,-15.454068146063946
683,38160.0,38053.735265171665,38138.12568193263,38090.033044570475,38083.613738588014,-96.0,-10.294947188845981,-93.40196444785761,-67.39330192212219,-19.88919994360913
684,37920.0,38043.763984581004,37935.352127147904,37987.65626493359,38059.905225573806,-144.0,-9.409659233275306,-126.0129190452135,-68.54864717008604,-16.71325173551668
685,37872.0,38034.915946705114,37886.0998438422,37952.9357502303,38050.18723511698,32.0,-8.019108595719445,21.246935905299324,5.747360411856789,-0.8086287009791704
686,37984.0,38027.725767389566,37977.8459989585,37999.150985757304,38058.28796817185,56.0,-6.099041729554301,60.976149908834486,53.79072840565641,11.81513146346333
687,37984.0,38022.717863246005,38008.05214365987,38060.517207041616,38073.81749804391,176.0,-3.7194019133748952,168.20728810429864,99.62482480512335,20.0204047742518
688,38336.0,38020.286963562816,38314.2605751671,38198.40063536755,38098.32877772035,208.0,-1.038923621410504,179.77088223916508,69.08374600971001,12.627718562460359
689,38400.0,38020.640016003184,38367.5939081382,38198.684699061036,38099.07293516883,-248.0,1.7167251896134985,-222.28551789705307,-100.3735867760006,-14.30219579307959
690,37840.0,38023.72041394204,37869.689539372994,37997.65346181555,38069.72438613419,-248.0,4.291942212701542,-235.8682803410702,-122.20450633771543,-17.862329727926408
691,37904.0,38029.22390042859,37895.85734745606,37954.275686385605,38063.348275712975,-16.0,6.460225266731868,-14.545454636609065,-18.23993223713842,1.5913033644319512
692,37808.0,38036.64086447551,37840.598630099776,37961.17359734127,38072.906992863056,136.0,8.058555673185765,135.5139255639624,83.48470962630017,22.804066793232778
693,38176.0,38045.34101177496,38166.88519858399,38121.245105638205,38108.95640929944,288.0,9.023342167874944,252.9330689827657,132.69406111603894,32.69723690135652
694,38384.0,38054.68754881126,38346.46476806531,38226.56171957335,38138.30146666577,-24.0,9.404748572549579,-8.096590192126314,26.59747372181664,17.06013069961773
695,38128.0,38064.15050892006,38150.692018199734,38174.44005308184,38143.076670698676,-96.0,9.34750439149866,-82.31265886689289,-28.901639950589015,5.529037567841442
696,38192.0,38073.382557594254,38181.83945033152,38168.75843967217,38149.35954180145,-8.0,9.054478061505506,-19.65531621059563,-17.30239357357641,4.150848192846752
697,38112.0,38082.25946504307,38111.38138577854,38139.835265934686,38151.37836708437,-96.0,8.731553963541955,-73.55113566027649,-15.00554077014749,3.9877436371352815
698,38000.0,38090.84566552134,38034.73717901097,38138.74735813188,38157.33502907572,240.0,8.535378294713155,213.23654875647117,68.2857712631303,13.823413445141341
699,38592.0,38099.330221632496,38537.854483291485,38276.406808460946,38179.02519397465,-24.0,8.528079429321224,-29.432910815889045,-20.13714544046161,1.0414245976608072
700,37952.0,38107.90182437998,37975.87135737919,38098.473067250954,38159.417878271044,-336.0,8.660993053948914,-296.99856793168146,-104.69720758451513,-9.23642179005401
701,37920.0,38116.65220774039,37943.85734742812,38067.012393291916,38160.552350394544,96.0,8.792692986400652,87.27272718952372,42.045522686923505,13.162089643228683
702,38144.0,38125.48721035278,38150.41681175824,38182.5641126248,38185.7420575575,368.0,8.722195600050327,328.9985680330901,134.83377564528928,27.276810040828423
703,38656.0,38134.096598940494,38601.8544834943,38336.679944582494,38215.1059704762,-80.0,8.240812513144192,-60.47552441836888,-5.544195751062944,7.319211442511005
704,37984.0,38141.96883537907,38029.4657629215,38171.475721122675,38200.38048044252,-200.0,7.186775618716638,-194.22933725110488,-71.46636289847811,-3.906466011550947
705,38256.0,38148.47015017793,38213.39580899209,38193.74721878554,38207.2930384531,-32.0,5.486212307980168,-29.090908968952135,-8.854892944371386,4.47720993322946
706,37920.0,38152.94125999503,37971.283944983596,38153.76593523393,38209.33490030898,112.0,3.175894324824185,127.09904954547164,76.90168406536031,16.50860687133536
707,38480.0,38154.821938827576,38467.593908083036,38347.55058691626,38240.31025219577,368.0,0.40700638493945007,321.488314878603,127.55994514045597,18.990864496572613
708,38656.0,38153.75527276491,38614.2605747408,38408.885825514844,38247.31662930213,-200.0,-2.5792062304753927,-180.48925752847208,-62.22184864398878,-13.427791428533965
709,38080.0,38149.663526366625,38106.61539302609,38223.10688962828,38213.4546693387,-288.0,-5.484408764295949,-256.1094186939954,-114.22549107242594,-27.189226496491756
710,38080.0,38142.78645523632,38102.04173735281,38180.43484336999,38192.938176309144,136.0,-7.994931035605987,105.63503109076555,7.545375426707324,-14.86958421410236
711,38352.0,38133.67366429541,38317.88545520762,38238.197640481696,38183.7155009105,56.0,-9.835089579388296,45.27099389292562,0.8616173525551858,-17.636900353121746
712,38192.0,38123.11627607754,38192.58372513866,38182.1580780751,38157.6643756029,-152.0,-10.801954329635919,-122.38310437564724,-60.960523369041766,-27.767906527449668
713,38048.0,38112.06975563614,38073.11924645633,38116.27659374361,38128.1796878556,24.0,-10.793246692337561,6.131753599296644,-31.74318745968776,-25.4757033545211
714,38240.0,38101.529782692865,38204.847232337255,38118.67170315573,38106.71296889386,-32.0,-9.828684577216336,-44.035852432811225,-58.26903901002515,-28.131070517047192
715,37984.0,38092.41238648171,37985.047541590706,37999.73851572356,38071.9175468215,-248.0,-8.04701756857321,-214.56198279302407,-111.06392957038042,-30.399544731280912
716,37744.0,38085.43574755572,37775.72326675121,37896.54384401497,38045.9138794313,-56.0,-5.683499749295152,-50.707941083444894,-26.92274970110884,-10.90797341864527
717,37872.0,38081.04538698312,37883.631659423816,37945.893016321344,38050.10159998421,184.0,-3.029499809133995,166.06668979166716,86.29568046704298,13.092800552130939
718,38112.0,38079.37674793745,38107.85664633454,38069.13520494905,38072.09948053556,232.0,-0.3852873388786975,203.50821858343988,101.8097911022378,20.002854578124243
719,38336.0,38080.27481230536,38290.648096590696,38149.51259852582,38090.10730914046,-120.0,1.989943989989115,-93.1392599336832,-12.866307160318684,5.713194061921968
720,37872.0,38083.35663591743,37921.578126467175,38043.402590628415,38083.5258686594,-80.0,3.9096791105876036,-72.00814464433279,-20.408712583197484,3.9948529519133444
721,38176.0,38088.094170526536,38146.63180730203,38108.695173359425,38098.09701504429,96.0,5.279008820245508,78.21271734502079,31.640169410722592,10.67599713709933
722,38064.0,38093.91465355792,38078.00356115722,38106.68292944986,38104.8778629336,-16.0,6.095233472286054,1.389559641287633,19.329220815361623,8.82474103599452
723,38144.0,38100.28463747111,38149.410926584605,38147.35361499015,38115.74649711628,120.0,6.417177756953606,98.4619983504308,42.34749303536228,9.4559590384888
724,38304.0,38106.74900907183,38274.92755785808,38191.377915520585,38123.78978101058,-24.0,6.341471637879295,-19.845579436143453,-12.286741709267517,-0.9672270551673137
725,38096.0,38112.96758074687,38109.71976771232,38122.78013157161,38113.81204300594,-104.0,5.974441524911526,-96.60895158417043,-55.207718163168465,-9.087135854340886
726,38096.0,38118.69789212165,38081.70965468974,38080.96247919425,38105.6155093019,-112.0,5.410818357631797,-99.46183957391622,-49.33641278023788,-7.715758238951821
727,37872.0,38123.78921746213,37910.796088564486,38024.10730601114,38098.38052652804,16.0,4.730063061339024,23.066876697193948,19.19847982245483,4.084043552546063
728,38128.0,38128.15801824433,38127.843408084125,38119.35943883916,38113.78359640699,256.0,4.004002167039289,216.26435994025087,90.93185224760236,14.692249699295644
729,38384.0,38131.79722179621,38343.32480844499,38205.97101050634,38127.76502592663,16.0,3.308666305456427,12.1054425857983,-2.402923079647735,1.1696808159758803
730,38160.0,38134.77535085524,38152.05429325572,38114.55359267986,38116.12295803894,-368.0,2.7387853028012614,-320.58964589850075,-114.14062148655285,-13.835919985740475
731,37648.0,38137.27479240181,37702.14551664799,37977.68976753324,38100.09318595515,88.0,2.4002426307779388,77.42476734208321,27.981058619996475,6.574887213962938
732,38336.0,38139.5758361168,38306.90382793989,38170.515709919855,38129.27273246687,328.0,2.390338621531555,292.2620872693333,110.08379734654227,18.843183135060826
733,38304.0,38142.055469644874,38286.66969118665,38197.85736222632,38137.77955222527,-128.0,2.796781132754404,-106.88568081996709,-25.729666580373305,0.19579736966625205
734,38080.0,38145.169398382306,38093.132466299954,38119.05637675911,38129.6643272062,-144.0,3.657792240552226,-127.87489338692467,-59.27279708765491,-5.632008658758423
735,38016.0,38149.37105412598,38030.9199044128,38079.31176805101,38126.515534907754,24.0,4.930483677624579,12.386960176856519,-8.088724682595057,2.376984446942515
736,38128.0,38155.030365737555,38117.90638665367,38102.87892739392,38134.418296100084,48.0,6.500857232353155,36.518415509188344,11.006623039869737,8.223675997331156
737,38112.0,38162.372768590685,38103.95673543118,38101.32501413075,38142.962886902416,-72.0,8.189480869790714,-54.16597406656365,-6.891406197792094,10.092735147456551
738,37984.0,38171.40932747714,38009.57443852054,38089.096114998334,38154.603766395,24.0,9.765405422753247,33.48989569203695,40.319158366750344,20.171067812327237
739,38160.0,38181.90357943619,38170.936526815254,38181.96333086425,38183.30502252707,256.0,10.979538811003295,216.14004319942978,103.84888129804676,29.86650725842992
740,38496.0,38193.36840509914,38441.8545249194,38296.79387759443,38214.33678091186,-32.0,11.610381918475468,-17.8782499246081,15.227485527389945,16.948597430378868
741,38096.0,38205.12434327314,38135.18002696604,38212.41830191903,38217.20221738783,-112.0,11.498491310831014,-92.80081132586565,-26.166424715880567,8.925547345363157
742,38272.0,38216.365387720805,38256.25290226767,38244.46102816267,38232.18787560258,56.0,10.565676197889843,42.337386639988836,18.273240324968356,12.995051994883397
743,38208.0,38226.25569566892,38219.854800246016,38248.96478256897,38243.192321377595,16.0,8.83496660675155,22.87589920843311,24.986145690781996,12.764061843892705
744,38304.0,38234.03532093431,38302.004700684534,38294.43331954423,38257.71599929037,80.0,6.434248250894598,72.17340386119758,40.68519674737763,12.209477877288009
745,38368.0,38239.12419217071,38364.20160796841,38330.33517606372,38267.61127713217,56.0,3.57772544269028,43.20494712591608,17.069444551350898,4.87584169841648
746,38416.0,38241.19077181969,38388.41459493637,38328.57220864693,38267.4676826872,-136.0,0.5363132922429941,-113.71403835023011,-45.47686309332494,-7.57021031061231
747,38096.0,38240.1968187552,38136.77353126795,38239.38144987707,38252.47085651095,-64.0,-2.3945201876413194,-47.77340732866651,-17.500033831318433,-7.173283350708516
748,38288.0,38236.401731444406,38292.86778027903,38293.572140984295,38253.121115985785,224.0,-4.932582419100072,180.43315040623202,56.976761599366,-1.093684725870844
749,38544.0,38230.331653917,38497.639832080415,38353.334973075805,38250.283487059205,-24.0,-6.848859165133035,-27.02878779654202,-35.56968137059084,-17.523454573620256
750,38240.0,38222.70401311414,38238.81020468595,38222.432778243114,38218.074206838544,-304.0,-7.985404683015076,-267.28353701219385,-139.68580571113125,-33.305569878735696
751,37936.0,38214.36084455097,37963.07275805603,38073.96336165354,38183.672347301734,-152.0,-8.26649408033336,-137.86872330231563,-79.48773576279928,-22.018242171721795
752,37936.0,38206.17102495347,37963.07275808132,38063.457306717515,38174.0377224951,192.0,-7.701969083023869,158.77320645884902,53.22259842272615,2.2672613181239285
753,38320.0,38198.95690638492,38280.619170973725,38180.408558498995,38188.20686993798,112.0,-6.375893742089829,97.23285173408658,47.155531030981365,7.579490939777315
754,38160.0,38193.419237469294,38157.53846154949,38157.76836877948,38189.196704374655,-176.0,-4.43224243955774,-135.38840167678427,-23.756005329782056,2.4496696554051596
755,37968.0,38190.092421505804,38009.84236762016,38132.89654783943,38193.10620924879,104.0,-2.0494483912079886,96.36105680126275,57.57645297966883,15.164815336578613
756,38368.0,38189.32034068688,38350.26057515202,38272.921274738816,38219.52633504781,256.0,0.5707477763862698,216.87577066211452,92.48536426878854,18.996442551411747
757,38480.0,38191.23391705858,38443.593908944385,38317.86727637701,38231.099094351615,-120.0,3.20725020530881,-99.6421616542284,-36.1203601733032,-0.8722859786175832
758,38128.0,38195.734841097496,38150.97625184356,38200.68055439221,38217.78176309058,-184.0,5.633789209055976,-166.79135771447545,-80.8464447886945,-8.828243106509035
759,38112.0,38202.50149547669,38110.011193515435,38156.17438679962,38213.4426081386,-56.0,7.63944249405904,-50.90909075095624,-22.41897419277666,0.7329754549500649
760,38016.0,38211.01372608561,38049.15807034165,38155.842606006656,38219.24771400048,144.0,9.036888796439598,136.12469104361662,69.58952221036452,15.967491561907082
761,38400.0,38220.57527306957,38382.26057560267,38295.35343122035,38245.37759126241,248.0,9.679761229133874,213.21792076517522,87.18754082386658,18.39875682505226
762,38512.0,38230.37324854388,38475.593911872,38330.21768765439,38256.04522765058,-224.0,9.486217097903136,-188.05753554770126,-56.02689973876113,-2.1301022293009737
763,37952.0,38239.547707265374,38006.145504507265,38183.299631742826,38241.11738680381,-104.0,8.4536671390415,-95.19591001992376,-31.268240040149976,-0.47197150658394094
764,38304.0,38247.280582821964,38285.20209183215,38267.68120757409,38255.101284637414,216.0,6.65763053041519,180.90250285415095,66.22217961830393,11.5389620654787
765,38384.0,38252.862968326204,38367.95051021557,38315.743990979434,38264.19531093477,-16.0,4.245701701405778,2.500969461274508,13.934778895061754,3.103791844088846
766,38272.0,38255.771986224776,38290.2040307547,38295.55076536421,38261.30886832559,24.0,1.424667311952362,13.273674312622461,-8.417842933115026,-3.4209991928946692
767,38432.0,38255.71230295011,38394.49785884081,38298.908305113204,38257.35331254898,-128.0,-1.5720976790798886,-122.23230286076068,-63.18830769440319,-12.687890149165469
768,38016.0,38252.627790866616,38045.73942503318,38169.174149975406,38235.93308802726,-192.0,-4.511460961497505,-161.04588349081314,-53.147080150090915,-10.423570120350632
769,38048.0,38246.689381027114,38072.406091859186,38192.61414481302,38236.506172308276,264.0,-7.18892128740481,231.2774418567642,95.74706724411953,9.998392896424775
770,38544.0,38238.24994829181,38508.29430874671,38360.668284463645,38255.92987382011,192.0,-9.447144573030528,174.77944488625508,76.38828188244952,5.020195202843752
771,38432.0,38227.79509188105,38421.964981631696,38345.39070857792,38246.546562713964,-160.0,-11.183071174640645,-136.50441895651966,-58.582221596760064,-18.655982970452897
772,38224.0,38215.883805942525,38235.28547083367,38243.503841270125,38218.617907879205,-128.0,-12.349634317324671,-130.25215662970732,-92.13494667273699,-28.19775944079811
773,38176.0,38203.0958232464,38161.46066837228,38161.12081523245,38190.15104383237,-160.0,-12.942884778971347,-146.5214605999936,-89.8226184214509,-27.759311855214037
774,37904.0,38189.99803638458,37942.24254963368,38063.85860442722,38163.09928416878,-40.0,-12.99475521162094,-28.005370570186642,-17.33290859160843,-14.096795455156098
775,38096.0,38177.10631282316,38105.44992723191,38126.45499804923,38161.957452922055,256.0,-12.554642727118335,210.45701375775752,77.8238926466147,2.156041399379319
776,38416.0,38164.888750930346,38363.156577149195,38219.50638972045,38167.411366967535,-80.0,-11.673068041207443,-57.68647123514893,-5.1954134685474855,-6.975517606140784
777,37936.0,38153.76017674075,37990.07698476161,38116.064171112135,38148.006417709774,-64.0,-10.410923478855693,-51.51866168112974,-13.410133052246238,-8.804628372272418
778,38288.0,38144.066903972634,38260.119253786936,38192.68612361596,38149.80211022299,168.0,-8.84400524629018,130.63853795999603,28.965014311801497,-5.114201975633478
779,38272.0,38136.07216624817,38251.3540606816,38173.99419973574,38137.77801375851,-128.0,-7.063593962826417,-111.99488969733284,-67.69482401235655,-18.735195776556793
780,38032.0,38129.93971604698,38036.12947439227,38057.29647559125,38112.33171866988,-216.0,-5.1771421202938654,-194.57721432799008,-104.04948634886387,-21.42970915513797
781,37840.0,38125.71788200758,37862.19963202562,37965.89522703801,38094.91859544823,-72.0,-3.304208116416703,-62.93168223854809,-28.45363503423141,-4.667193449233309
782,37888.0,38123.33129981415,37910.266109915174,38000.389205522784,38102.99733177141,184.0,-1.5740442817041185,167.3638051480557,90.688581246166,18.82860291174802
783,38208.0,38122.56979344417,38196.92724232173,38147.27238953034,38132.57580127173,256.0,-0.08872024286029045,223.3305663325882,116.51937877272576,25.807259563902335
784,38400.0,38123.15385932843,38356.92724258035,38233.427963068236,38154.611850899215,-96.0,1.0987433648770093,-67.102249884716,2.8695550720149186,9.766642172449792
785,38016.0,38124.767280173925,38062.7227425523,38153.01149967437,38152.10908561663,-56.0,1.974553000247397,-48.852324221450544,-11.910713556673727,4.302688998242957
786,38288.0,38127.10296532892,38259.22259413745,38209.60653595489,38163.2172288957,72.0,2.5732659583845816,52.61282227240008,17.398304257956624,4.869004723859689
787,38160.0,38129.913812090694,38167.9483870971,38187.808108190286,38161.847095064346,-80.0,2.961686310580262,-51.53227155483546,-7.8943736694563995,-1.2777790781365184
788,38128.0,38133.02633795008,38156.15805102778,38193.817788615976,38160.66167073943,160.0,3.201188926163013,128.99991906957075,38.918574733677815,0.4476592120518035
789,38480.0,38136.31618994302,38425.94822523624,38265.64525765764,38162.74241348845,-24.0,3.3247988381408504,-28.13204333516842,-35.34990212951743,-13.782136576555786
790,38080.0,38139.675935626365,38099.89396435744,38123.11798435694,38133.097397586316,-216.0,3.333598552901094,-198.92109536678254,-120.96828112223011,-26.9901460228175
791,38048.0,38142.98338704882,38028.10603450268,38023.70869541318,38108.762121442815,-272.0,3.1941075801150873,-254.87422367671388,-111.55494123716926,-21.297170071360597
792,37536.0,38146.064150786595,37590.14551700401,37900.0081018826,38090.503057443595,152.0,2.8652454718685476,143.87894565798706,58.30345741071869,9.466088872963155
793,38352.0,38148.71387799256,38315.86392581865,38140.31561023462,38127.69429918874,352.0,2.3373667701634986,317.54262610664955,134.46531346932534,25.975956704580312
794,38240.0,38150.73888432692,38225.23076921731,38168.93872882125,38142.454970852756,-208.0,1.6531040465924889,-164.47931051479463,-6.907517002735403,9.883420206650044
795,37936.0,38152.020086085744,37986.90530478906,38126.50057622915,38147.46113960204,56.0,0.9174592098061112,59.181569547308754,52.812135522464814,15.5792257293906
796,38352.0,38152.573802746534,38343.59390831193,38274.56299986618,38173.61342231154,320.0,0.28023099055644707,271.6776350522814,109.34392357012621,17.23295382507422
797,38576.0,38152.58054806686,38530.260574893626,38345.1884233694,38181.92704725219,-104.0,-0.10014742323983228,-95.09954647017003,-44.78036481208619,-11.390022696741653
798,38144.0,38152.373507900054,38153.39481537159,38185.00227024201,38150.83337691805,-320.0,-0.10059479059054866,-276.8225951441018,-139.68501800638114,-30.752001488232054
799,37936.0,38152.379358485676,37976.61538460542,38065.81838735664,38120.423044275725,56.0,0.31962297771679005,26.29749226093918,-54.27468920704996,-21.189180428540567
800,38256.0,38153.01275385549,38205.98979989347,38076.45289182791,38108.45501606097,-144.0,1.0863545062820776,-139.4379796860885,-79.13904961477601,-19.345277411706775
801,37648.0,38154.55206749824,37697.739425233245,37907.540288127086,38081.73248945231,-168.0,2.0221476202859776,-140.7918540525534,-39.14245963728172,-5.035902136045479
802,37920.0,38157.05704909606,37924.40609178836,37998.16797255335,38098.38321178888,320.0,2.8815903902323043,283.2498661166683,129.7116707029345,25.56988292601818
803,38288.0,38160.315248278705,38264.23915746658,38166.963629532955,38132.87225530435,200.0,3.3902850221165863,186.4761123913595,108.27747174608885,26.732656280681113
804,38320.0,38163.83761914029,38297.35831657108,38214.722916045524,38151.848524350244,-104.0,3.3068999099305074,-80.08925804009414,-4.879255464667949,10.56869526340597
805,38080.0,38166.929048098566,38104.06064138639,38157.20511860362,38154.00964583116,-88.0,2.4831621814955724,-72.99446825272753,-18.915238140096335,5.861603772475064
806,38144.0,38168.803943503284,38151.369380065626,38176.89243976533,38163.571731895194,104.0,0.8920586024905788,84.15563900737834,36.13354104438258,10.54067265879712
807,38288.0,38168.71316530355,38272.37191940115,38229.472200692384,38175.090991148754,48.0,-1.3605578832284664,42.86213634128944,23.31586127324408,5.873808810996707
808,38240.0,38166.08282773683,38237.093652748204,38223.52416231182,38175.31934951719,-64.0,-4.041120933477941,-49.810002911930496,-14.185957224653976,-3.00567415570913
809,38160.0,38160.63092343659,38172.75191357729,38201.100286243076,38169.079642837336,0.0,-6.819662598587456,-0.5821712844735885,-1.8737329472060082,-5.785724537985516
810,38240.0,38152.44350253965,38235.92931017926,38219.77669641741,38163.747900441216,56.0,-9.315336646905052,42.823947498247435,8.56475838303595,-9.14434737405827
811,38272.0,38142.00025014278,38258.399808573784,38218.22980300915,38150.79094808922,-56.0,-11.149523858253815,-45.53045873656083,-28.43199190368614,-19.017404947535397
812,38128.0,38130.144454823145,38144.868392706136,38162.912712610036,38125.713090546145,-24.0,-11.998139687086223,-29.189452336951945,-37.86073409409073,-25.1922030157657
813,38224.0,38118.00397076861,38200.02090389988,38142.50833482097,38100.40654205769,-64.0,-11.639224499016564,-64.74296930686614,-61.15021037858605,-31.486221385574026
814,38000.0,38106.86600582511,38015.3824540924,38040.61229185286,38062.740647775,-120.0,-9.990480504853622,-107.72617934544905,-81.5898970416747,-34.52886189394121
815,37984.0,38098.0230097589,37984.56854520898,37979.32854073762,38031.348818269806,-8.0,-7.123917238201102,-27.97118283851887,-63.619480746441695,-29.0243885917007
816,37984.0,38092.61817134871,37959.440088415366,37913.37333035998,38004.691870591596,-248.0,-3.262184223429358,-221.21151533962257,-101.2685451976431,-25.6223541486288
817,37488.0,38091.49864131204,37542.14551452974,37776.79145034233,37980.10410997255,-8.0,1.241778174386127,0.1779258169081004,7.813845153519651,0.017444879576942185
818,37968.0,38095.10172769748,37959.79594004918,37929.00102066702,38004.72676035075,344.0,5.950447666920809,303.16869933429916,132.71008065819478,26.45898839574147
819,38176.0,38103.399536645884,38148.482913198335,38042.21161165872,38033.02208676403,56.0,10.405297845522,51.101539140832756,46.316396821057424,21.14643075148342
820,38080.0,38115.912323388526,38061.99901833085,38021.633814309134,38047.01962185372,-216.0,14.185869792654557,-176.48880321326214,-49.760890195015236,12.348516182370076
821,37744.0,38131.77127623119,37795.50530677181,37942.68983126869,38057.71911912877,-16.0,16.95629756444032,-8.96717769996394,20.400932593900507,26.385453231494466
822,38048.0,38149.824918517406,38044.06466293092,38062.435679496935,38099.790528316706,264.0,18.509290064041124,228.88267081371305,126.96368797671676,44.66093560376612
823,38272.0,38168.789856359275,38253.27064839924,38196.61720722212,38147.0409903363,112.0,18.795067428058246,115.55922746451324,96.49013133624976,41.00251153641511
824,38272.0,38187.41505337352,38275.183117859946,38255.415942169435,38181.795551389536,32.0,17.899449032713164,37.828058760427666,50.50670603202889,30.24433862270962
825,38336.0,38204.5887544247,38328.92676592009,38297.63061928618,38207.52966758172,16.0,16.015233027766953,18.377477660611476,23.029986759833264,19.310599571272178
826,38304.0,38219.44551942906,38311.93807318117,38301.4759156891,38220.41675053208,32.0,13.410059833517153,22.701673166935507,2.5832542474709044,8.70792047696159
827,38400.0,38231.408874091736,38374.33011225396,38302.79712778112,38224.945508535646,-64.0,10.36188584505362,-65.95739965739267,-47.280224017413275,-4.223966569650656
828,38176.0,38240.169291119164,38180.02327386638,38206.915467654275,38211.96881739278,-208.0,7.102070669847308,-174.19046905564755,-80.42392629970709,-11.178250273227604
829,37984.0,38245.61301543143,38025.94917414267,38141.94927518171,38202.58900798919,72.0,3.7907011844872613,55.671770989643846,14.008445118284726,1.5496409958686854
830,38320.0,38247.75069348814,38291.36681584567,38234.932357890844,38215.068099384516,144.0,0.504633990181901,122.25172093135552,50.44926165455763,7.232496364555118
831,38272.0,38246.622283411794,38270.45261600538,38242.847798490824,38217.0540007183,-40.0,-2.755553335788136,-28.65111981339942,-6.660660154611833,-0.7613986303040292
832,38240.0,38242.23958681656,38234.06457621887,38221.61103758162,38213.54530212391,-72.0,-6.0269396348558075,-66.06515869215946,-30.43124211839313,-4.831433488194307
833,38128.0,38234.56840414208,38138.32229862106,38181.98531425404,38207.39113374191,-56.0,-9.3364973242642,-44.13078449249224,-12.633066200563917,-2.1846116949018324
834,38128.0,38223.566592168034,38145.80300723389,38196.34490518049,38209.176078734105,112.0,-12.656695522648079,96.49574478224895,48.532043516705016,5.843748928899004
835,38352.0,38209.25501309679,38331.31378818556,38279.04940128745,38219.07863159971,88.0,-15.876151203185145,82.07972187946507,46.229196750678966,3.256484445591923
836,38304.0,38191.81428976166,38309.96245099282,38288.80329868185,38215.68904762529,8.0,-18.7903312143535,8.460917771342793,2.155546735324606,-7.805131593158876
837,38368.0,38171.67435066808,38348.235623728244,38283.3604947581,38203.46836841339,-56.0,-21.124370779110905,-60.548708623337006,-47.76255654470879,-20.447260791228473
838,38192.0,38149.56554820344,38188.865033746144,38193.27818559243,38174.79452604283,-208.0,-22.584638214120787,-175.04542125137596,-89.44321636944369,-29.534116068414733
839,37952.0,38126.50507423984,37998.14478122549,38104.47406201921,38144.40013627656,104.0,-22.918528243339097,78.49472659269668,-12.567092563618644,-20.774382952444284
840,38400.0,38103.72849171676,38345.85448693154,38168.144000465196,38133.24576013794,-80.0,-21.96917791384476,-83.53601202218124,-52.25806132141588,-24.492088131722994
841,37792.0,38082.56671841215,37831.07275718113,37999.95793937638,38095.41596001312,-232.0,-19.715193153358996,-197.39086444470377,-64.207091400629,-22.659002124168182
842,37936.0,38064.298105410046,37951.07275804213,38039.72981766394,38087.92775588961,352.0,-16.295909420703538,305.39086327045516,91.63678711952889,0.10818367097090231
843,38496.0,38049.97489957074,38441.85448372204,38183.231513615436,38095.63232735506,16.0,-11.992534171666193,9.602096768285264,-12.882547240780696,-12.313812166798016
844,37968.0,38040.31303706671,37970.2769515787,38013.96472318238,38063.30013155601,-408.0,-7.1768121387540305,-359.7677989268268,-146.28442884187461,-27.567189221244917
845,37680.0,38035.62127529323,37722.318885868386,37890.66265593169,38040.49794891257,-40.0,-2.2679274026086205,-36.363636368401785,-17.970739284846786,-4.7772851978152175
846,37888.0,38035.777182261496,37897.5496788419,37978.02324461268,38053.74556116038,384.0,2.3317088281219185,335.76779893881394,132.37221098733426,21.53489030583296
847,38448.0,38040.28469294948,38393.854483746014,38155.407077906355,38083.567729524235,-8.0,6.296476764451654,10.104386297138262,31.087372246853192,11.600554840064433
848,37872.0,38048.3701357904,37917.75845143617,38040.19798910639,38076.94667084051,-168.0,9.407972221866657,-144.61954954771136,-31.110094246767403,3.626274858299439
849,38112.0,38059.10063739321,38104.61538465059,38093.18688941282,38090.820279240834,192.0,11.568186973647244,149.9338564673708,43.58234501283732,12.814622362366208
850,38256.0,38071.506509737694,38217.626164370915,38127.362679132064,38102.57591556524,-128.0,12.792199692848953,-98.08776033964023,-30.142870714727906,4.084432102670689
851,37856.0,38084.68503677891,37908.43986397131,38032.901147983364,38098.989143446175,-32.0,13.180824794624641,-27.75761862852596,-6.010957157017401,8.562685053242603
852,38192.0,38097.86815932694,38162.11092711386,38115.34076481803,38119.70128567173,128.0,12.889902414259268,104.22569871187079,44.10999924368298,17.097206509137322
853,38112.0,38110.46484160743,38116.89126139505,38121.12114647073,38133.18355646445,-32.0,12.097596119892842,-20.763358743559365,10.340954888062697,14.541448615946138
854,38128.0,38122.06335156673,38120.584209626744,38136.022674594155,38148.78418290362,-48.0,10.978626998577965,-33.386003634605004,18.912865420501475,16.639835584348475
855,38016.0,38132.42209560458,38050.11925412584,38158.94687731173,38166.46322763315,208.0,9.687232619009592,188.64620707725408,94.39764137344537,25.20220611118566
856,38544.0,38141.43781680475,38497.87662378125,38324.817957341045,38199.18859512599,144.0,8.352170171274338,128.6255966127137,56.28005869983099,15.484797249144322
857,38304.0,38149.12643594713,38307.37044735127,38271.506994711395,38197.432822131435,-200.0,7.075971592083079,-173.6539396736116,-69.55746527394876,-7.084131887982949
858,38144.0,38155.589759988914,38150.56874443403,38185.70302679315,38185.020331350024,-136.0,5.9283754043863155,-123.95798074709819,-64.95245452167364,-10.361474213910697
859,38032.0,38160.983186755904,38059.45448585707,38141.60208566805,38176.709873703614,56.0,4.954267940836871,46.15817070842968,10.700101708924194,-1.0749639612258761
860,38256.0,38165.49829587059,38242.88508585089,38207.103230210996,38182.87040342757,144.0,4.171304897208756,117.8560292482689,41.052759648449864,2.5040498953312635
861,38320.0,38169.32579655032,38295.16654435361,38223.70760496495,38181.71797349428,-88.0,3.5585174975749396,-71.88581972923203,-31.54182276357824,-8.066531258577015
862,38080.0,38172.61533086574,38099.113446392425,38144.01958468384,38166.73734091042,-120.0,3.0752868059098546,-100.48586599906412,-47.67822793918458,-10.64376553834154
863,38080.0,38175.47637016214,38094.19481235548,38128.35114908658,38160.43044241759,96.0,2.678323727508541,66.05542774046262,8.507138946028135,-2.28537637194313
864,38272.0,38177.971978320755,38231.22430187335,38161.033862575896,38162.16658816653,-104.0,2.3286878000435536,-84.02465577675684,-22.800355222731014,-3.755524842734303
865,37872.0,38180.13374576223,37926.14550080197,38082.75043864112,38152.919392732125,32.0,2.012135945587943,35.09025424010542,27.091795385775185,4.798774202197819
866,38336.0,38181.99625021193,38301.40481035356,38215.217453347446,38171.76413657093,168.0,1.7493621451612853,150.01746467916018,72.07574138005657,10.63295066734645
867,38208.0,38183.63247005255,38226.18043016029,38226.90192140123,38174.18529406682,8.0,1.5892630635717069,15.677770608166611,21.135428754398163,0.7304221992344537
868,38352.0,38185.174776339074,38332.760351569894,38257.48831085624,38173.2249809694,24.0,1.5896490920131328,10.381679259062366,-16.669455116862082,-9.899064048950095
869,38256.0,38186.81176823658,38246.943788678414,38193.563011167505,38154.38716596892,-136.0,1.8075169936564635,-131.09761949942185,-95.14379410499168,-23.918456702034746
870,38080.0,38188.78981032639,38070.56511257105,38067.20072264626,38125.38806756533,-296.0,2.274266405034723,-264.3991390745505,-132.76192719811297,-26.729695025325782
871,37664.0,38191.36030104665,37718.14551052931,37928.03915677128,38100.927775918266,24.0,2.9802615546359448,16.971086333705898,-7.141987489336316,-2.613902851146122
872,38128.0,38194.75033343566,38104.50728523846,38052.91674766759,38120.160261863035,248.0,3.8883838428373565,211.08109099505964,87.33596473009675,18.84049903792038
873,38160.0,38199.13706873232,38140.30769251943,38102.71108623147,38138.60877399411,-96.0,4.949157766506687,-62.66113012185815,21.149881679622922,17.378950830778194
874,37936.0,38204.64864896867,37979.185024994746,38095.21651102683,38154.91816352459,72.0,6.1179554661976,76.85468293802114,72.11368030877566,27.255297706713463
875,38304.0,38211.37297966472,38294.017058395475,38246.938446849024,38193.119369407534,280.0,7.364771372565883,242.86509988914258,123.19115924670768,32.65717435332044
876,38496.0,38219.378191713804,38464.91522477303,38341.59882952025,38220.23251223123,16.0,8.682303974062961,15.474290242706047,17.45979743134012,13.324768435260921
877,38336.0,38228.73758761284,38324.96563888089,38281.858041711705,38219.768906278056,-232.0,10.080106875702768,-195.1213914876971,-86.81176695268368,-6.275160639277601
878,38032.0,38239.53840546521,38074.67244179764,38167.97529561488,38207.68219095268,-24.0,11.561618883653864,-36.93098809507137,-45.89509828939117,-3.3026057777424285
879,38288.0,38251.86082538015,38251.103662690744,38190.06784513292,38213.16369472257,8.0,13.113263033766998,-8.050465653166611,-26.87352791549347,1.7396885060225031
880,38048.0,38265.76493153274,38058.5715104913,38114.22823978389,38211.16156796472,-176.0,14.707944458867132,-139.67459974291341,-42.72548545707832,6.155951640386775
881,37936.0,38281.276714297885,37971.75446320492,38104.616874218766,38225.475598003344,160.0,16.298796074916027,141.04080120176513,74.69707154425487,28.787809938788996
882,38368.0,38298.362523682576,38340.65311289483,38263.6223828724,38268.7371878423,200.0,17.845734757516766,183.0786817005319,106.81670008983565,38.29844923107157
883,38336.0,38316.96818381292,38337.91182660598,38318.25027439844,38302.07249646549,-8.0,19.33607612220294,6.817846741065296,45.75302872525208,31.638933446462033
884,38352.0,38337.03467592698,38354.288806376964,38355.12844032291,38332.015054735224,24.0,20.770451064629015,27.821011655803886,38.44238608592059,28.943311006500153
885,38384.0,38358.509085942176,38393.55384991759,38395.13504657028,38359.95911847849,104.0,22.154940063406684,87.03429312855587,45.574129532513325,26.74201966718465
886,38560.0,38381.344556053795,38528.357392634076,38446.276699387934,38385.49909406959,-24.0,23.45773774562258,-23.409494113133405,-5.7199974883806135,16.814930294585793
887,38336.0,38405.42456143342,38346.73486169132,38383.69505159352,38393.58897906766,-160.0,24.54655267308044,-127.94822248614946,-38.734121997658804,10.969333951448789
888,38240.0,38430.437661399956,38272.46094766178,38368.80845539262,38407.43776197249,96.0,25.139159238504362,88.03082427932532,49.51763149541148,22.220671003458847
889,38528.0,38455.70287991043,38522.79651024997,38482.73031458434,38438.03032107458,264.0,24.77608193398919,224.31811383804597,91.2870164838896,26.09407515581188
890,38768.0,38479.989825267934,38721.09717533787,38551.382488360396,38459.625912284115,-64.0,22.83344921191383,-61.39825554895651,-39.65658204374631,6.176886823745008
891,38400.0,38501.36977833426,38399.99999915206,38403.41715049685,38450.38409472207,-376.0,18.61526891586618,-331.67887487340704,-146.2567626151249,-6.722612825942633
892,38016.0,38517.22036309967,38057.739425591055,38258.868963130146,38446.18068663223,-104.0,11.495008350237185,-97.7969538316429,-23.113705801632022,17.30562624177037
893,38192.0,38524.35979503473,38204.406091488774,38357.18973889358,38484.99534720561,304.0,1.0910474351621815,283.1302878487295,180.91564521022883,53.46442793366077
894,38624.0,38519.40245796999,38624.000001288514,38620.7002535506,38553.10954249955,384.0,-12.541708751079568,377.5012822690733,261.8606414323258,64.56967241891834
895,38960.0,38499.27637753257,38959.40865602692,38880.911021758235,38614.134692043444,320.0,-28.78675969948017,300.1114043390917,220.66627908674855,43.731884146069206
896,39264.0,38461.82893857103,39224.2228099667,39062.0328117241,38640.57331079169,56.0,-46.42744979933559,65.92820377325552,80.1381958279162,-4.732715712172649
897,39072.0,38406.4214779339,39091.26506357343,39041.18741341407,38604.6692606191,-40.0,-63.73837989538515,-36.63242852612166,-36.25169160299993,-59.2705871416365
898,39184.0,38334.35217878026,39150.957952914454,38989.5294285181,38522.03213650842,-152.0,-78.70147357585302,-161.63253228760732,-148.893270636916,-115.73551728525854
899,38768.0,38249.018530782196,38767.99999899822,38743.400872140235,38373.19822604858,-480.0,-89.30527306413205,-463.4789756379687,-382.7645053482447,-168.57399915740825
900,38224.0,38155.741632651996,38224.00000163852,38224.00041782161,38184.8841381936,-408.0,-93.88718967301247,-408.00000013867975,-395.70063630770164,-190.26988094530316
901,37952.0,38061.24415143617,37951.99999872086,37951.99959952483,37992.658464157976,-480.0,-91.43118739959391,-479.1302881413212,-431.6094400373695,-190.1927508277222
902,37264.0,37972.87925785281,37265.739425355874,37360.78153774687,37804.498636538156,-496.0,-81.75977582202904,-469.79695387234824,-382.5820954611445,-161.1348957929149
903,36960.0,37897.72459979211,37012.40609097616,37186.83540860254,37670.388672572146,48.0,-65.6009269050628,24.027285647600365,-60.52842484305802,-98.59053033739838
904,37360.0,37841.67740404268,37313.793996651075,37239.724688060756,37607.31757586336,80.0,-44.49388499917404,55.02772378375812,-7.2483765114084235,-50.70521791562351
905,37120.0,37808.736829793765,37122.46153854368,37172.338655579726,37568.9782367409,-224.0,-20.55827487181523,-179.0247653890001,-41.21670469116361,-15.890427285412443
906,36912.0,37800.56085429905,36955.744465873075,37157.29127867843,37575.536721292534,184.0,3.8081054333051725,169.23266213088573,107.59826243791031,39.73532061625883
907,37488.0,37816.353040660375,37460.92686280545,37387.53518045555,37648.44887797342,264.0,26.263151014114555,252.58930552351012,180.01149200489454,80.93460057955599
908,37440.0,37853.08715632728,37460.923076920095,37517.31426268822,37737.405922451646,88.0,44.824464166908,104.61159871510245,168.4362135767842,103.82734060081202
909,37664.0,37906.00196899419,37670.150060235654,37724.407607609115,37856.10355917504,312.0,58.09976831379754,292.258145472224,237.29714872545446,128.30281468214525
910,38064.0,37969.286692954876,38045.43936786454,37991.90856013913,37994.01155181594,224.0,65.40884576402095,230.20528597318116,231.45523259957554,134.4085702316952
911,38112.0,38036.81966052223,38130.560632182016,38187.318072808266,38124.92069963843,384.0,66.80335939974248,378.65757158807537,311.12432672612704,131.55518280441538
912,38832.0,38102.89341175436,38802.75451104069,38614.15721359138,38257.12191742477,344.0,62.98478598820657,325.2332877016088,239.8619699259434,103.45731365757092
913,38800.0,38162.789232498646,38781.02720758523,38667.04201266015,38331.83532695357,-144.0,55.1384575027696,-116.59126552929956,-13.594194601148047,51.30517587648865
914,38544.0,38213.1703267599,38569.571979982094,38586.968824389085,38359.732269177744,-80.0,44.71852514166312,-83.59532769266298,-58.588776076521754,18.6835556830556
915,38640.0,38252.22628278197,38613.83655219991,38549.86446050711,38369.202438319684,-80.0,33.22272868032451,-86.55266678264888,-82.17213362842085,-4.069708942075522
916,38384.0,38279.61578412055,38396.4666464168,38422.62455713224,38351.59285129359,-168.0,21.994187534328375,-155.03667369912364,-107.92762480874444,-19.229944461410923
917,38304.0,38296.21465785063,38303.76320480166,38334.00921088962,38330.74254939686,-96.0,12.077581822431966,-93.88741760683115,-73.61074079781247,-19.513174426887417
918,38192.0,38303.77094776541,38208.691811203134,38275.40307553662,38312.56650243982,-16.0,4.129362129864603,-11.612337582842883,-16.904597584696603,-12.147721835051925
919,38272.0,38304.47338211036,38280.538529635975,38300.20001572023,38306.44710572676,136.0,-1.589849609095836,114.53936661271655,38.8969480437263,-4.397041426720534
920,38464.0,38300.59124854722,38437.77054442857,38353.19697162407,38303.77241958638,32.0,-5.154755873896647,26.084736935445108,-2.404558284124505,-10.686065161065926
921,38336.0,38294.163870362565,38332.708003506865,38295.39089915198,38285.07497540463,-128.0,-6.9088827300292905,-121.5225233873607,-78.11062289609981,-21.243695411518274
922,38208.0,38286.77348308716,38194.725497653846,38196.97572583187,38261.28502876334,-256.0,-7.344774169338052,-227.2812488629679,-103.9273104041713,-21.125695203118084
923,37824.0,38279.47432202389,37878.14550578093,38087.536278343636,38242.82358499839,8.0,-7.005062065523816,14.637255149245902,22.328691683582292,2.4797354849688418
924,38224.0,38272.763358956116,38224.00000795234,38241.633109199036,38266.24449973328,440.0,-6.401090836487128,385.8544872358143,162.9133854549218,25.53313972155229
925,38704.0,38266.672140350915,38649.85448025256,38413.36304925348,38293.889864441495,-32.0,-5.941728505131323,-13.64376184894354,26.411464681183134,7.139857930291328
926,38160.0,38260.87990194585,38196.71248425445,38294.4560385614,38280.52421559386,-208.0,-5.898134098344599,-178.37237145497056,-51.678991411379684,-7.3394380679419555
927,38288.0,38254.875872154225,38293.10973734262,38310.00506643072,38279.21098830561,160.0,-6.376884927874926,121.9459398012259,26.551561084674177,-1.75267787296616
928,38480.0,38248.1261320901,38440.6043638569,38347.55916073075,38277.01885984793,-64.0,-7.327809368049202,-49.483554201215156,-28.66632533459051,-12.341185465287708
929,38160.0,38240.22025341813,38194.142628940186,38252.67241576154,38254.528617375036,-80.0,-8.563915236456523,-75.74859021578595,-48.55053708844207,-17.763811604141665
930,38320.0,38230.99830161719,38289.10718342533,38250.45808655387,38241.491236639646,-64.0,-9.796713950570847,-59.499528388209,-36.98528593073934,-16.962818903408333
931,38032.0,38220.626825516985,38075.14357216377,38178.70184390006,38220.60297956822,-8.0,-10.679300814736052,1.7542495572743064,1.5946792962276959,-11.458108093018382
932,38304.0,38209.63969998772,38292.61568253988,38253.64744514632,38218.57502045361,200.0,-10.890818376021343,160.55052307550795,49.76932381941879,-6.299208091924811
933,38432.0,38198.84518876494,38396.244618314784,38278.2404915389,38208.00456338437,-80.0,-10.19972355822756,-75.14797265118978,-52.28670783797497,-21.77022890002263
934,38144.0,38189.24025287126,38142.3197372375,38149.07402947037,38175.03456265356,-320.0,-8.503680850819364,-275.049557735485,-126.62944733334007,-31.418272598129988
935,37792.0,38181.837827063304,37846.145502843814,38024.98159687222,38145.16801818811,16.0,-5.879148896499828,16.637088460418454,-7.6016341620415915,-12.208143556046707
936,38176.0,38177.48195507826,38175.59391415834,38133.87076114629,38150.61827554147,352.0,-2.592715559687349,298.05753631688276,87.82454484721165,4.181171130436269
937,38496.0,38176.65239594393,38442.26057547758,38200.63068656664,38153.53036044898,-200.0,0.948979551307275,-187.59391139932268,-80.92473129632708,-14.211397070044768
938,37776.0,38179.37991418088,37800.40609135969,37972.021298553635,38122.19548140138,-376.0,4.272383709685528,-334.2605772129973,-130.59873873618926,-14.025104977528827
939,37744.0,38185.1971633633,37773.739421051585,37939.43320909426,38125.480150493924,144.0,6.907903749375691,131.79695877802442,65.12851508776293,22.358676617241144
940,38064.0,38193.19572167963,38064.00000891574,38102.27832872916,38166.91283463586,312.0,8.48619841278196,295.93586743526976,181.98428399947807,46.578325873731956
941,38368.0,38202.169560188864,38365.611155922124,38303.40177709322,38218.63680224139,296.0,8.810477411181637,274.22516779637226,168.82433691066763,44.25580771759269
942,38656.0,38210.81667650199,38612.450344508485,38439.927002550496,38255.42445007105,32.0,7.88566584650107,29.090911128776497,28.48872673252481,16.758870333214873
943,38432.0,38217.940891881866,38423.79297817968,38360.37923055827,38252.15454290782,-328.0,5.9058898271177895,-280.21307924963185,-115.35815671308956,-12.262180017842184
944,38000.0,38222.62845615623,38052.02418600922,38209.21068912432,38230.900090035364,-56.0,3.2034816744126147,-61.12725830514319,-46.56319687179348,-9.709448370686005
945,38320.0,38224.34785523069,38301.53846156939,38267.25283681468,38232.735646166446,200.0,0.1709410107578151,157.20658340714363,31.66856609770548,-2.5276615605944244
946,38400.0,38222.97033817774,38366.43735282351,38272.54782131973,38225.844766914175,-152.0,-2.8189328301778005,-123.45415322373447,-58.431104835086444,-15.598640906559012
947,38016.0,38218.709989570336,38054.63015512192,38150.39062714451,38201.53836435333,-104.0,-5.473783885889134,-98.11661349657152,-54.96188060296845,-15.029484343183867
948,38192.0,38212.022770405965,38170.204125830365,38162.62406011379,38195.78579822781,8.0,-7.616038359195954,6.594599860251037,-2.4545369738261797,-5.563276214132202
949,38032.0,38203.477912851944,38067.819354842424,38145.481553196856,38190.41181192506,80.0,-9.186167136005679,76.71200322417644,39.598269681500824,2.5466042935113364
950,38352.0,38193.650436133954,38323.62813227872,38241.82059947679,38200.87900681483,144.0,-10.213409699528711,113.94943882989173,41.249346018325014,2.9111452305078274
951,38320.0,38183.05109345289,38295.71823250221,38227.980245233506,38196.23410238608,-184.0,-10.778963625376491,-154.27768736206053,-59.85023162652942,-10.833199309447082
952,37984.0,38172.0925088832,38015.0727575546,38122.12013622373,38179.212608195936,-144.0,-10.983553591642703,-120.32273707800778,-36.800040897906,-7.2608637803459715
953,38032.0,38161.0839862696,38055.07275834619,38154.380163437694,38181.71237482539,256.0,-10.912967917061906,224.26057535562722,93.45010893281142,9.985385370720905
954,38496.0,38150.26657304908,38463.59390826585,38309.020354089356,38199.18337893738,200.0,-10.635253282787744,177.59390841586355,61.150367696336616,2.630173058856599
955,38432.0,38139.813479704026,38410.26057517792,38276.68089883037,38186.9727209431,-288.0,-10.19745750718721,-256.92724226892824,-109.99900584380521,-24.462021947118046
956,37920.0,38129.8716580347,37949.739423727995,38089.022342401746,38150.25933504314,-240.0,-9.624989034113241,-216.92724773936425,-103.14738522774496,-25.200419147804496
957,37952.0,38120.5635016358,37976.40607969919,38070.38612837488,38136.57188264749,216.0,-8.9308733002581,174.0575435264327,40.55685016056668,-4.458858263275033
958,38352.0,38112.00991143419,38297.85451078086,38170.13604272288,38141.34161851659,0.0,-8.124373553338955,10.675543084322271,8.817935709441372,-5.763183205071982
959,37952.0,38104.31475452912,37997.757165867835,38088.02199979376,38125.04551623735,-72.0,-7.199783888991078,-56.62656273146058,-14.103043032235291,-7.643826467374311
960,38208.0,38097.610343656204,38184.60138531794,38141.92995665841,38126.05396558184,88.0,-6.133636643495265,69.85114603977854,20.872935193852754,-3.0888523764151614
961,38128.0,38092.04748124213,38137.45945794739,38129.767870181466,38118.86781148452,0.0,-4.901644902358385,0.15536236641855794,-11.278151386213722,-7.642763523097528
962,38208.0,38087.80705385149,38184.91211005078,38119.37365388598,38110.76843853565,-64.0,-3.464707945353439,-67.98679764271583,-54.70738935249392,-12.960951022087102
963,38000.0,38085.118065351424,38001.48586266196,38020.35309147648,38092.94590944034,-200.0,-1.7911532119796902,-175.9969340790194,-88.8440166712644,-13.175233623289387
964,37808.0,38084.22474742753,37832.91824189274,37941.68562054345,38084.41797128907,-48.0,0.12498665639577666,-43.97641130554621,-11.824660661302914,5.292960413178662
965,37904.0,38085.368038664215,37913.53304005087,37996.70377015387,38103.5318302667,136.0,2.261299153589789,128.27999841248675,101.3700346873593,29.090450490970397
966,38080.0,38088.74734573471,38089.47823871771,38144.42568991817,38142.59887227101,352.0,4.5500798192369984,327.03043401897594,179.93476472338443,42.196985617858445
967,38608.0,38094.46819830269,38567.59390808882,38356.57329960064,38187.92580150242,184.0,6.873290234969318,172.3911680516394,86.43425948278673,24.32321930652688
968,38448.0,38102.49392620465,38434.26057482099,38317.294208883744,38191.245310884064,-288.0,9.072789094581822,-252.89095381264633,-104.63198627502425,-9.518225074152724
969,38032.0,38112.61377649185,38061.81200046353,38147.30932705059,38168.88935135411,-168.0,10.962989534276858,-172.52807739007403,-112.33021830785583,-15.511491962242872
970,38112.0,38124.4199052732,38089.20442004084,38092.63377226803,38160.22232695958,-88.0,12.352244858298945,-86.58548021845854,-64.3586686485396,-6.255908046554396
971,37856.0,38137.31826620845,37888.64104002661,38018.59198975351,38156.377535261,-56.0,13.078683342318982,-37.35817988119015,7.254212362237013,11.174085064471
972,38000.0,38150.57727195784,38014.48806027846,38107.14219699251,38182.57049708852,248.0,13.037247022515658,231.6794761006713,142.12130573524337,35.321486681947135
973,38352.0,38163.39276025348,38351.99999222795,38302.834601224,38227.0205086249,384.0,12.213018417547573,349.6832139044818,171.10970484348945,38.201036967620894
974,38768.0,38175.00330879293,38713.854488087425,38449.361606679486,38258.97257102376,-144.0,10.693343928789545,-118.24709566365709,-12.792191204764094,6.5006909500516485
975,38064.0,38184.77944811106,38115.50580090064,38277.25021881447,38240.021890525,-192.0,8.64679673496721,-177.00912599508592,-65.48627845778174,-10.149585972510977
976,38384.0,38192.29690226287,38359.83623609725,38318.38904976392,38238.67339907874,160.0,6.307934490054322,123.51161568286989,8.333355831407971,-8.614821492319606
977,38384.0,38197.39531709117,38362.52903226638,38293.91693047729,38222.79224754036,-128.0,3.944443051579583,-104.66204249899965,-69.51365404798707,-23.941539161365654
978,38128.0,38200.18578836603,38150.512151099254,38179.36174166795,38190.79032075601,-96.0,1.7868578417146637,-99.45612567085846,-88.87431797536192,-28.862410746551177
979,38192.0,38200.9690327746,38163.61678092466,38116.168294526564,38165.06742604726,-208.0,-0.001275553644518368,-192.18331957161354,-101.10929987810596,-27.069523406385997
980,37712.0,38200.18323725874,37766.14551195603,37977.143141911736,38136.65127394324,-16.0,-1.327409988920408,-11.545460609311704,-6.45358165896323,-7.183588406860508
981,38160.0,38198.31421279676,38140.52585970604,38103.26113120864,38150.70024923354,256.0,-2.1848566236003535,225.18325172132245,97.74855490122354,13.583987751979294
982,38224.0,38195.81352401154,38216.51201539867,38172.64025171418,38163.819249447195,32.0,-2.6327270718466025,38.546232685974246,43.699246362637496,10.109962686015933
983,38224.0,38193.048758653065,38217.61832507799,38190.65962393391,38170.92017460557,-40.0,-2.7581843694388226,-30.80206493076912,1.3491841866816685,4.446933888651984
984,38144.0,38190.29715527266,38154.90788553713,38175.33862008755,38172.7131172245,-8.0,-2.649152886500815,-8.171011855167308,0.3483061974111479,3.2285984801565064
985,38208.0,38187.750452880064,38201.27630136765,38191.356236328735,38177.37737156588,16.0,-2.3718415722578357,12.74992266879417,7.695734405559051,3.13312291967668
986,38176.0,38185.553472128144,38180.40773087472,38190.730088898665,38178.97936306385,-8.0,-1.9638355024362681,1.17008388069371,6.738897019262367,1.7509596511627024
987,38192.0,38183.82278187519,38203.61646912904,38204.83403036726,38180.87929086821,104.0,-1.4423396603160654,81.2910838995158,20.520956652220775,1.3438923477697244
988,38384.0,38182.66879280751,38342.98989867375,38231.772002203106,38181.66714775939,-120.0,-0.8212639948651486,-106.16252410761444,-49.17602706260368,-9.328785720852466
989,37952.0,38182.18025388546,37991.29142091381,38106.48197624205,38162.2217194265,-136.0,-0.12675897729059216,-114.75592616981885,-48.04903784002454,-8.934342361560994
990,38112.0,38182.41527485293,38113.478046334116,38135.67392652306,38163.79846303627,160.0,0.5937979536392959,129.5768570909022,41.02891354253734,4.166666761579108
991,38272.0,38183.36784979274,38250.445135095615,38188.53980332713,38170.55505294966,32.0,1.2660596378736955,29.19276423957126,11.13577846762928,1.6843425608785765
992,38176.0,38184.94739412868,38171.86357481326,38157.945483458316,38167.16714815803,-112.0,1.7957253299391596,-99.26368621604706,-39.621578139656776,-3.829547383735189
993,38048.0,38186.95930045262,38051.91776266352,38109.29664704781,38162.89595818219,-120.0,2.0956839614445926,-100.35699883211782,-18.000512886592333,1.473607933272433
994,37936.0,38189.13876205157,37971.14957714902,38121.94445768513,38170.11436402457,256.0,2.104659873104538,231.8117335926836,105.62003947987978,18.92412404360948
995,38560.0,38191.16862019883,38515.54122984889,38320.53672600757,38200.74420626941,200.0,1.8012282600502658,185.2657685822378,78.86063132622803,12.66705255830675
996,38336.0,38192.74121857167,38341.6811143135,38279.66572033759,38195.448469141185,-160.0,1.2156387268551043,-145.45454396790228,-69.03814550119205,-12.323313671164215
997,38240.0,38193.59989765254,38224.63214191308,38182.46043500519,38176.09757892708,-288.0,0.4259433906627237,-263.7678039175298,-125.97506782980054,-22.546011267746508
998,37760.0,38193.59310535299,37814.14550647844,38027.715584677986,38150.35644660569,-56.0,-0.46011989605540293,-48.31606388758519,-20.887057988209563,-6.22330999111
999,38128.0,38192.679657860426,38128.00001413791,38140.68631902877,38163.65095894486,344.0,-1.3219740721287963,294.87789129910016,119.31389386516821,15.07706028641769
1000,38448.0,38190.949157208735,38403.90128907664,38266.34337240832,38180.51056717853,48.0,-2.0480219729397504,52.82090929950209,34.828739583714196,3.485136592589697
1001,38224.0,38188.58361391455,38233.64183273692,38210.3437981962,38170.62123213004,-136.0,-2.5504459992771444,-122.05029265514531,-62.827675114025624,-12.558273441987694
1002,38176.0,38185.84826521018,38159.80070376635,38140.68802218027,38155.39402029455,-168.0,-2.772391545244318,-154.83761013883486,-87.31176492579107,-16.25751082075658
1003,37888.0,38183.03883082406,37923.96661245925,38035.720268344616,38138.10621048853,-64.0,-2.698214202962845,-56.0010290108512,-31.107619663347577,-4.782499281598575
1004,38048.0,38180.451836804255,38047.798645744646,38078.472782853576,38145.829021731355,144.0,-2.333115921166609,122.8252620086314,57.98890593575197,12.614262329392659
1005,38176.0,38178.372598981725,38169.61713647651,38151.69808021612,38163.33473514731,96.0,-1.7018071513739415,89.90417311439887,61.07433747059986,16.872450173326797
1006,38240.0,38177.04822250151,38227.606991973444,38200.621457794776,38179.57392207801,-24.0,-0.8416200160027074,-3.9751846358485636,29.234106476043962,13.217883034594706
1007,38128.0,38176.68935894972,38161.66676720481,38210.16629316821,38189.7705012165,136.0,0.20632674817898078,115.12375732164219,50.62798195753203,13.285104199316265
1008,38512.0,38177.460875997866,38457.85450661673,38301.87742170984,38206.14413047664,-48.0,1.3870482185338915,-38.21973875571712,-13.3501606034406,1.0808357839741802
1009,38032.0,38179.46345538679,38085.22728969338,38183.46597196133,38191.93217278445,-56.0,2.6238171395998506,-55.54090327141239,-42.678463767857465,-6.215349052967213
1010,38400.0,38182.708510277065,38346.7727000739,38216.520494174125,38193.71343237071,-96.0,3.8131426392574213,-98.08033972175326,-58.685230700135435,-8.533068795211875
1011,37840.0,38187.0897406653,37889.06661024987,38066.095510561056,38174.86603519403,-144.0,4.82613602958736,-118.88378810287031,-37.37722833254156,-2.1040954169766337
1012,38112.0,38192.36078233624,38109.00512386816,38141.76603750904,38189.50524153675,232.0,5.519792792190856,204.9641329591177,90.55354570250347,18.514468419565674
1013,38304.0,38198.129326249684,38298.99487616811,38247.20260196606,38211.89497203316,184.0,5.76423323922063,164.96413314049641,77.03786544005561,17.78447909805982
1014,38480.0,38203.88924881468,38438.933390149155,38295.84176838915,38225.07419973287,-120.0,5.479208740955073,-109.36595516137095,-43.439949382336636,0.432937686360674
1015,38064.0,38209.087743731594,38080.262965845366,38160.32270320139,38212.76084740588,-272.0,4.6627684101695195,-233.3841751887412,-87.35771358706552,-4.875309956700221
1016,37936.0,38213.21478563502,37972.16503977167,38121.12634121502,38215.32357981947,80.0,3.415641529700224,72.72727278466118,53.36680862114008,16.528911404566315
1017,38224.0,38215.919026790994,38225.71751141469,38267.05632044367,38245.81867021501,376.0,1.941085205275158,335.1286544762006,167.45813945047848,31.58602390629312
1018,38688.0,38217.09695604557,38642.422348724074,38456.04262011598,38278.49562763206,104.0,0.509568582790962,115.82795516999613,73.00760973029901,12.201738798645238
1019,38432.0,38216.938163956576,38457.37342175468,38413.07153990427,38270.2221478123,-64.0,-0.5864160561213794,-58.18181819600068,-52.43531025957418,-16.362372429139214
1020,38560.0,38215.92412393333,38526.05871233207,38351.17199959683,38245.77088277378,-312.0,-1.0982780264421308,-308.38739571522456,-185.16598106067977,-40.16272089983249
1021,37808.0,38214.74160790369,37840.59863032423,38042.73957778291,38189.89670601264,-336.0,-0.8901788302900968,-315.1006824337055,-172.2101923708069,-36.779341460511205
1022,37888.0,38214.14376627275,37895.85734746466,38006.75161485522,38172.21219985276,104.0,0.03168212871605647,94.5454544637505,23.387844499913626,-3.473896167241037
1023,38016.0,38214.804972161124,38029.68953925173,38089.515266782735,38182.948913678156,264.0,1.5257104679985787,240.87648184414866,119.52128531888593,19.0841595093043
1024,38416.0,38217.195187208745,38377.61031115296,38245.79418549299,38210.38051887137,128.0,3.342996639497869,117.37573386763688,71.1760114567478,17.15063113677752
1025,38272.0,38221.49096544012,38264.44100698701,38231.86728969623,38217.25017595171,-192.0,5.183316639151599,-150.96426923090257,-33.99325094863889,4.1321658779343124
1026,38032.0,38227.56182048705,38075.681772691154,38177.80768359571,38218.644850627235,40.0,6.761898922286491,29.649629159910546,18.844235697335534,10.726917206880898
1027,38352.0,38235.01476328469,38323.74026530683,38269.5557610909,38238.70401036547,128.0,7.858543689300859,106.75981914981821,50.525958040641854,14.394360256515938
1028,38288.0,38243.27890786565,38289.20141099079,38278.859599676995,38247.43357114027,-48.0,8.345046934064158,-28.531799362081074,4.733638424593664,6.701239331803663
1029,38256.0,38251.70485715282,38266.676666582665,38279.02303794009,38252.10648902908,40.0,8.185796360055974,30.858588505187072,11.674957233135501,4.478242340272118
1030,38368.0,38259.65050058576,38350.918588001165,38302.209514143266,38256.39005582081,0.0,7.415870903201721,-1.1651385756558739,-9.708766725190799,-1.296930417232943
1031,38256.0,38266.536598959225,38264.34638943135,38259.60550448971,38249.512628194614,-40.0,6.117199868749594,-44.840251413061196,-40.80125740870062,-7.201796216464572
1032,38288.0,38271.88490032326,38261.23808517504,38220.606999325864,38241.98646338788,-184.0,4.3977066214356455,-161.10045089495543,-72.69500550090743,-9.826841637339385
1033,37888.0,38275.332012202096,37942.14548764144,38114.21549348789,38229.858944919935,-32.0,2.3798367429335485,-19.90989538294889,6.716240905967425,4.965428778054047
1034,38224.0,38276.64457380913,38221.418294409144,38234.0394811378,38251.91732094399,304.0,0.19274577015676186,262.0915873838603,124.8437282188097,23.45424207124961
1035,38496.0,38275.71750374241,38466.32866240916,38363.90294992551,38276.767429062435,96.0,-2.0218118407501606,96.55368004583579,63.814943750468956,13.888479571567586
1036,38416.0,38272.60095012763,38414.525654500816,38361.66936863874,38279.694280087126,-64.0,-4.101595016942156,-59.17473540427818,-29.398896967406472,-3.8884349709514936
1037,38368.0,38267.514313708525,38347.97919160061,38305.1051559907,38268.99055912053,-184.0,-5.880125666542881,-166.65050489716305,-88.01163465268473,-15.654193010566814
1038,38048.0,38260.84069879454,38081.22464470649,38185.64609933337,38248.38589406599,-120.0,-7.203797549678711,-100.63132336164927,-50.63600699065137,-10.58537035124391
1039,38128.0,38253.10671860917,38146.71654487731,38203.8331420094,38247.819818418044,200.0,-7.948661381557031,159.0746245573755,56.103613680723356,5.424915272957151
1040,38448.0,38244.94337603143,38399.37389382124,38297.853326694814,38259.235724611906,0.0,-8.050656580693612,9.526818050147995,18.946848032825073,1.9776924244579277
1041,38128.0,38237.00540544778,38165.770180977604,38241.72683807505,38251.77520326696,-72.0,-7.529492521116481,-44.75280795562867,0.7369304177591403,-1.2717611815969576
1042,38304.0,38229.884390989195,38309.86827790998,38299.32718753033,38256.69220224871,216.0,-6.494744551942858,173.43948648231526,55.26394322045235,2.551609094185551
1043,38560.0,38224.015916343895,38512.649153942235,38352.25472451595,38256.87842145533,-88.0,-5.135500182659598,-81.23622246579544,-50.945100756409374,-14.969859720615204
1044,38128.0,38219.613390623876,38147.39583297839,38197.436986017514,38226.75248280748,-240.0,-3.6955675628087192,-221.01128786266418,-120.09924548967683,-25.188314507475297
1045,38080.0,38216.62478121828,38070.62657821691,38112.0562335366,38206.50179244038,-136.0,-2.4420042328274576,-123.63636367694926,-69.35263571262112,-13.925600745082193
1046,37856.0,38214.72938215822,37900.123105624494,38058.73171459227,38198.90128131732,72.0,-1.611614417797682,75.60295931312794,48.041338351813465,9.544552942807059
1047,38224.0,38213.40155238268,38221.83249684316,38208.138910240225,38225.590898325994,328.0,-1.3755084493059258,285.38097165142244,141.47665076806152,26.76916192497083
1048,38512.0,38211.97836525961,38470.88504892734,38341.685016128395,38252.43960516726,40.0,-1.8007625320351508,43.47779672087563,48.388613952374726,13.87068709963205
1049,38304.0,38209.80002731861,38308.788090284914,38304.916138144974,38253.33227252526,-176.0,-2.818358525481017,-138.15650721786733,-36.31080891094098,-1.6407190157406149
1050,38160.0,38206.34164820865,38194.572034491604,38269.06339830651,38249.15816713578,80.0,-4.251266483315703,58.64411666471278,18.678959314798703,0.28380296731120325
1051,38464.0,38201.29749435198,38426.07632361434,38342.27405677457,38253.89987845988,48.0,-5.8311377505269775,41.88590719441345,12.347686855348002,-5.7632947529054945
1052,38256.0,38194.67937270759,38278.34384888043,38293.75877201721,38237.63157762997,-40.0,-7.241905574075645,-36.01323033175504,-29.635898748765612,-17.186721948412014
1053,38384.0,38186.81368320383,38354.04986295083,38283.00225927704,38219.52643456306,-72.0,-8.188866669515846,-74.04467117544482,-61.25538310164484,-26.328821338760463
1054,38112.0,38178.30163936856,38130.25450652954,38171.24800581392,38184.973934952446,-152.0,-8.444636024170904,-132.5228237735828,-82.13025055615799,-30.903802862987504
1055,38080.0,38169.92441115549,38089.004215403664,38118.741758164724,38157.71882883708,24.0,-7.890415711601236,3.7707858924513857,-33.13536856684004,-23.369164673513296
1056,38160.0,38162.52080794536,38137.796078314444,38104.97726868024,38138.23560560542,-72.0,-6.5349582050330355,-62.22774551700786,-41.2758551443585,-20.571442951386416
1057,37936.0,38156.85449474542,37964.54872436965,38036.19004787601,38116.57594293431,-40.0,-4.507274141280504,-30.503732096552994,-18.692196866231825,-12.630865524399269
1058,38080.0,38153.5062596628,38076.78861412134,38067.592874947775,38112.97387455662,128.0,-2.0288563591093407,96.18296035838648,25.199264545652113,-1.9533746498564142
1059,38192.0,38152.7967820272,38156.91464508642,38086.58857696731,38112.669193634596,-160.0,0.6222421982747619,-131.321555448274,-33.7100094968082,-4.271221240291197
1060,37760.0,38154.75074405935,37814.14550322479,38000.17285595416,38104.43143207604,88.0,3.150984029947722,78.46992752926235,33.67070696393057,8.983810045239807
1061,38368.0,38159.0987500871,38313.854500144946,38153.92999089517,38130.636813725076,104.0,5.294865248517453,99.64253719808767,46.72213038859991,14.337222335292608
1062,37968.0,38165.34047455638,38013.430577620966,38093.61711673136,38133.105876746624,-72.0,6.858111896279297,-58.42281539382748,2.495684201865515,10.72435685887831
1063,38224.0,38172.81497387966,38197.00886935729,38158.9213592989,38152.08552744283,56.0,7.719914754052297,48.62263852279284,32.764922216993,15.383927068352932
1064,38080.0,38180.78030406449,38110.67585466655,38159.146961165345,38163.87373088333,72.0,7.8411836567902355,67.04625864200352,39.799082449113484,15.981889984661393
1065,38368.0,38188.49734119324,38331.1013866413,38238.51952419713,38184.049307412155,56.0,7.268480810980691,35.93246518124943,14.63232513035473,10.978041899434174
1066,38192.0,38195.31726568645,38182.54078502905,38188.411611426054,38185.8298146822,-240.0,6.12252446183993,-195.85667646701404,-51.902107058049296,1.4719980041554663
1067,37888.0,38200.74239011692,37939.38803370727,38134.71531008103,38186.993303420466,168.0,4.575465846712177,155.8598948909421,69.66135369549374,16.113153909289395
1068,38528.0,38204.46819737987,38494.260574810934,38327.73431881704,38218.05612250078,280.0,2.833907931770227,244.10293748197728,92.88616814453417,15.565625205348624
1069,38448.0,38206.41020598046,38427.593908671224,38320.4876463701,38218.12455383116,-200.0,1.112855263734673,-180.92724182033635,-71.00284926189124,-11.425340978057648
1070,38128.0,38206.69390790734,38132.40609117026,38185.72862029326,38195.20544054466,-296.0,-0.3872779795055976,-260.9272426128955,-105.89471593021153,-19.558841259266046
1071,37856.0,38205.635650021446,37905.73942344543,38108.69821450968,38179.00687131263,208.0,-1.5039228247514984,178.72419936792357,49.31870147125301,-0.048225666396319866
1072,38544.0,38203.68606225784,38489.85448990611,38284.366023235765,38195.10898921187,160.0,-2.1340900728246197,147.74393531532405,45.85082034397783,-1.342432640172774
1073,38176.0,38201.3674698758,38201.22729407608,38200.39985519763,38176.322006032286,-168.0,-2.245849765065941,-153.5408946393145,-71.76624043932316,-18.77088287796869
1074,38208.0,38199.19436272771,38182.77270062748,38140.83354235712,38157.56722345593,-184.0,-1.8810029530977772,-172.18832321196896,-93.1495416619473,-21.276421403556014
1075,37808.0,38197.6054639696,37856.85064765214,38014.10077187374,38133.76916322517,-64.0,-1.1485277486608538,-54.071581813841476,-23.682384546515095,-7.509602069498214
1076,38080.0,38196.897307230385,38074.6295369998,38093.46877326409,38142.548019316935,216.0,-0.20508439200057182,190.92657434665307,86.1023880223911,11.906257057606126
1077,38240.0,38197.1952951856,38238.70379634545,38186.30554791852,38157.581677340386,176.0,0.77167987672874,157.5932410728892,65.98954861369566,10.912741890471807
1078,38432.0,38198.44066698384,38389.816019145575,38225.44787049148,38164.37350309788,-192.0,1.6120055935462005,-172.4821855610644,-64.13374218130411,-6.589499087614968
1079,37856.0,38200.41930637269,37893.73942522332,38058.03806355591,38144.402679165156,-224.0,2.177048976016522,-194.70496371658737,-66.39077515761164,-5.550689974465058
1080,37984.0,38202.794764935876,38000.4060917124,38092.66632017626,38153.27212314895,256.0,2.3827738396212226,221.7060915527618,88.96141670847283,17.333050141238346
1081,38368.0,38205.184854051935,38337.151608328844,38235.96089697286,38179.06877944763,160.0,2.205841407110711,149.494591758983,77.27502528303012,16.350095271067403
1082,38304.0,38207.2064477501,38299.39527523037,38247.21637074232,38185.97231369108,-72.0,1.6773849501405493,-60.779956946640596,-17.13634085938247,1.0021499280082935
1083,38224.0,38208.539623952216,38215.59169443556,38201.68821525409,38181.07307930365,-144.0,0.8755268581771816,-125.84510861697345,-56.684047861173894,-7.045580422254716
1084,38016.0,38208.95750146645,38047.70505799642,38133.84827501997,38171.881152846574,-8.0,-0.08869887916443986,-9.361346457058971,-8.915802724139212,-1.3978688147471985
1085,38208.0,38208.36222619389,38196.869001521445,38183.856609805815,38178.277341674155,112.0,-1.0939780397311551,93.50895113225852,37.93663968875626,4.910055911288509
1086,38240.0,38206.76954538699,38234.72296026094,38209.72155439748,38181.70126466915,8.0,-2.023102258430299,11.468760044197552,10.72572179040435,0.5089862284548872
1087,38224.0,38204.31602167703,38219.80652160984,38205.30805338662,38179.295314131065,-48.0,-2.7654532614033087,-35.883830601906084,-13.759474317543209,-4.6411848315328825
1088,38144.0,38201.23863886418,38162.955299057125,38182.202605762395,38172.418895006085,56.0,-3.2251241309568286,37.92527273291125,-4.004144743033976,-5.4554743746775785
1089,38336.0,38197.86577341511,38295.65706707566,38197.299763900555,38168.38436538171,-152.0,-3.3302255654089095,-134.40489346619506,-54.25295991155872,-12.415311355285667
1090,37840.0,38194.578187733365,37894.145512124735,38073.69668593928,38147.588272295514,-8.0,-3.0382101466493623,-6.418175369468372,-6.754734991634905,-5.416679471425596
1091,38320.0,38191.789353121814,38282.820716336726,38183.790293917285,38157.55100643886,168.0,-2.323070940325124,143.8049638008997,41.98875493664673,1.8402844652919157
1092,38176.0,38189.932045852715,38181.755439726534,38157.67419581257,38151.2688412261,-80.0,-1.1958655032540264,-72.28807797752961,-35.27900019842855,-7.51872315145738
1093,38160.0,38189.397622115306,38138.24456038167,38113.23229352043,38142.51356013594,-176.0,0.2960569487695466,-152.28807743654033,-67.8257555319251,-9.629603083358234
1094,37824.0,38190.52415975025,37877.17928485345,38022.02268474872,38132.00963505938,24.0,2.0830417577271874,19.26345753169153,7.8017336026532575,4.896556676409091
1095,38208.0,38193.56370563076,38176.77147544505,38128.835760725735,38152.30667348876,144.0,4.072441025866283,129.01725902421822,67.23095633988487,17.512372103814414
1096,38112.0,38198.669041801986,38135.21380290189,38156.48459742849,38167.03437926701,80.0,6.157602976909402,74.51134196628118,49.89113541699771,17.479424741602998
1097,38368.0,38205.87891158458,38325.79415937761,38228.61803155973,38187.26552297197,-24.0,8.227301069488021,-20.44884663623452,2.4424499111009936,11.194419853552972
1098,38064.0,38215.12364394096,38094.31610962942,38161.36949725069,38189.423218974116,-104.0,10.182375555050385,-79.89750160109907,-18.563785683687456,8.428856950857153
1099,38160.0,38226.24366269468,38165.999156175414,38191.490460192355,38204.12323687368,120.0,11.933317212238762,101.67882742306392,45.866193037840276,16.906179743247776
1100,38304.0,38238.99027836544,38297.67376447555,38253.10188332637,38223.23557846061,120.0,13.400769064563065,100.04343067789523,36.162364797204646,15.074120509962086
1101,38400.0,38253.045200823806,38366.086017531205,38263.815189786765,38234.271477893606,-208.0,14.526586813524773,-177.7641250593224,-57.37909864622998,2.7494733276726038
1102,37888.0,38268.04345199249,37942.145514356904,38138.34368603391,38228.73452511596,8.0,15.260713842526457,3.113856200106966,-0.29966073589457665,11.499773478150018
1103,38416.0,38283.56662850886,38372.31372993142,38263.215868314976,38257.271024849906,152.0,15.552721288084285,132.01654341273024,48.480116438549885,20.600050976441707
1104,38192.0,38299.14889456866,38206.178601182364,38235.30391891101,38269.93462706884,-128.0,15.3689993097978,-95.2421228372259,-6.259989948459406,16.560333572379022
1105,38160.0,38314.304627128455,38181.82948425697,38250.69588841806,38290.391691994664,96.0,14.69354948567343,84.79830435944677,60.739913716075534,26.97664952555715
1106,38384.0,38328.535993540005,38375.77520990126,38356.783746343164,38323.887926119954,168.0,13.528609283373953,152.82177515057265,92.47973109668965,30.490630431286263
1107,38496.0,38341.3618456952,38487.47303455811,38435.655350611436,38351.37295285724,72.0,11.900347638526,69.06299744741773,48.69927957398613,20.25367438014291
1108,38528.0,38352.33668881706,38513.90120479609,38454.18230549114,38364.39527488024,-48.0,9.86590919797527,-44.06580578154171,-18.38189237473125,4.8420857670171245
1109,38400.0,38361.09366409115,38399.34142299503,38398.89156586197,38361.05712439127,-136.0,7.51465479955732,-117.8526668259401,-55.84495669817261,-5.285294269404403
1110,38256.0,38367.36599841617,38278.19587114421,38342.49239209479,38353.82468634143,-8.0,4.959301267241244,-10.166196129728633,-13.152977719793853,-2.3412037327689177
1111,38384.0,38371.012266625636,38379.00903073557,38372.585610422386,38356.37471692573,96.0,2.331882940761716,75.85831326922562,24.38602353879469,1.1687664305864018
1112,38448.0,38372.029764297695,38429.912497682664,38391.26443917238,38356.162219202604,-56.0,-0.22509997510132962,-39.53404463959669,-9.688951663818443,-4.804386762996728
1113,38272.0,38370.56206667543,38299.94094145638,38353.20770709475,38346.76594339974,8.0,-2.5684776165617222,9.733151055610506,2.547121469742706,-5.65797863287662
1114,38464.0,38366.89280906457,38449.378799793885,38396.358682111866,38344.84626193685,104.0,-4.5677659892207885,76.33185730693731,9.330316073053837,-7.877368366047449
1115,38480.0,38361.42653469699,38452.60465607025,38371.86833924086,38331.011206667645,-208.0,-6.11942525993436,-174.78919507488536,-78.5561732505812,-21.284494935825933
1116,38048.0,38354.6539585447,38099.800409644115,38239.246335610704,38302.2772720652,-56.0,-7.155964825535193,-52.76386650304994,-36.99883582480106,-16.0200709991841
1117,38368.0,38347.11460504592,38347.07692306415,38297.870667591254,38298.97106466928,184.0,-7.657833520635904,142.66112874078317,23.559665776178008,-6.757654162458493
1118,38416.0,38339.33829150343,38385.12266712568,38286.36566716306,38288.76196374028,-216.0,-7.657938936019491,-183.33541565696942,-76.32216684666128,-16.57100274197728
1119,37936.0,38331.79872717388,37980.406091750214,38145.22633389793,38265.82905918532,-136.0,-7.237128555167146,-115.69162127750678,-36.52616631616547,-6.441451595699618
1120,38144.0,38324.8640343931,38153.73942457067,38213.31333453073,38275.87906054888,264.0,-6.514898514644301,230.92724184281906,102.74366789816486,16.643954391009174
1121,38464.0,38318.76893014459,38442.26057543585,38350.71366969426,38299.11696796734,192.0,-5.640239108488458,170.9272418753826,80.75717001066369,14.993755816823978
1122,38528.0,38313.58355617612,38495.59390832143,38374.827674552056,38305.86657218253,-192.0,-4.767415322832676,-160.67904379025276,-52.47215786617744,-4.3570671756860975
1123,38080.0,38309.23409949893,38120.90248785535,38245.76935396191,38290.40283361597,-136.0,-4.040466534203006,-118.19706290634713,-46.173643609196006,-4.943596885761508
1124,38256.0,38305.50262310771,38259.19978250874,38282.480387333664,38295.97937841101,192.0,-3.582221762964764,154.29620719709055,49.951227038585785,7.575513715590205
1125,38464.0,38302.069655973,38429.49490224953,38345.67180803908,38305.55386104715,-8.0,-3.4775074474200665,-2.2303690115550125,4.027324724960636,1.652175688497664
1126,38240.0,38298.54760821287,38254.73904448563,38290.535036783585,38299.283729788,-128.0,-3.7668159588210983,-101.06063533576162,-29.869252863707516,-3.3059447697451105
1127,38208.0,38294.53602405536,38227.373631578004,38285.93330231166,38298.94197150766,80.0,-4.446299481340247,69.50274498239378,34.36491668391318,4.205340295036876
1128,38400.0,38289.65500925019,38393.744534450416,38359.26487015141,38307.69441037808,160.0,-5.469338944581978,135.09357512450515,52.96400291545433,4.137159389323642
1129,38528.0,38283.59734616619,38497.560781827015,38391.86130814257,38307.216290286306,-48.0,-6.746355335315457,-48.37984348834652,-35.472907937557466,-11.517305577453953
1130,38304.0,38276.16229857956,38296.98484747372,38288.3190542763,38284.65979922317,-296.0,-8.157214928527537,-253.70764811335175,-111.38272672812309,-23.52350110197949
1131,37936.0,38267.28291630914,37990.14548560031,38169.095854686326,38260.16928808235,-16.0,-9.574777147448913,-12.492409010967094,-2.675272246804525,-8.282046736705524
1132,38272.0,38257.012744284664,38272.00002945179,38282.96850978269,38268.09570574976,352.0,-10.878314920024422,299.39087308544913,119.35690998770224,7.731202954899345
1133,38640.0,38245.52628646909,38588.92723177121,38407.80967466173,38275.631693992145,40.0,-11.971242728879588,38.46360546822325,8.74600220991124,-10.682427058007306
1134,38352.0,38233.070258826905,38348.927240388235,38300.46051420251,38246.73085163374,-336.0,-12.80347911886929,-287.6053712967878,-133.11890335796852,-34.16429977671214
1135,37968.0,38219.91932823135,38013.716489177634,38141.57186794579,38207.30309443872,-56.0,-13.372498164702847,-74.38672346742896,-72.10271228382044,-27.462602473089646
1136,38240.0,38206.3252624975,38200.15379345338,38156.25508963487,38191.805646687564,-8.0,-13.71852914516785,-12.793728457363613,-27.189233493492793,-17.90716541677466
1137,37952.0,38192.482269941014,37988.12903226291,38087.19340095881,38171.48876360517,-56.0,-13.900344139899971,-31.379599875956046,-1.4649881966506655,-9.342444902136776
1138,38128.0,38178.5245742177,38137.394593701465,38153.32511324157,38173.12075688329,240.0,-13.973299136516289,196.23852994589106,78.7942689035408,3.8880311222856108
1139,38432.0,38164.53567166798,38380.60609215469,38244.78193876589,38179.26482584974,-56.0,-13.96838641623981,-40.11704377558999,-2.1522050927378586,-6.49268974106235
1140,38016.0,38150.58780138522,38057.160506150285,38149.02070305609,38160.135377401166,-112.0,-13.864723837141355,-91.28405225070674,-29.250884181750735,-11.922679578518
1141,38208.0,38136.8062239937,38198.037987653275,38186.28017040239,38155.41946669271,112.0,-13.58955204200538,91.0674197693661,26.39955254749293,-7.344937373822177
1142,38240.0,38123.40869730121,38239.29534568902,38201.81980815108,38145.44550265352,48.0,-13.054622181080049,37.73408648084296,-3.5504581757741107,-14.701688906508934
1143,38304.0,38110.69697963154,38273.50616061496,38179.17925405084,38126.01608887969,-136.0,-12.169873251379613,-126.84916606393381,-85.0509270748189,-28.328609329852043
1144,37968.0,38099.06895079845,37985.59701356115,38031.71795400144,38088.78828399382,-208.0,-10.865337650226138,-191.3332951833836,-115.60232304867895,-31.188390686176717
1145,37888.0,38088.96630433109,37890.839570248194,37947.97460795348,38063.639307507336,-88.0,-9.133828344569338,-80.5595920720043,-53.7560420712216,-16.36701111111688
1146,37792.0,38080.80129410931,37824.47782941714,37924.205869859,38056.054261771584,112.0,-7.026007076809037,96.02740625463412,42.33419683501779,5.6176673528279935
1147,38112.0,38074.91429017747,38082.89438275746,38032.64300162352,38074.87464221299,120.0,-4.630889467378438,112.88846712763188,68.75863257627861,16.964112552057486
1148,38032.0,38071.539515174554,38050.254763672405,38061.723135011554,38089.9824868757,64.0,-2.0667146113300987,58.63419927697396,43.94170089381805,18.006969006492
1149,38240.0,38070.78086095481,38200.16278131141,38120.52640341115,38110.888580225976,-56.0,0.5466075242948136,-49.27807580395893,-0.9335298948244599,14.450522361577896
1150,37920.0,38072.632730223144,37951.69861206449,38059.856075221905,38118.883531598854,-120.0,3.1093297773659287,-89.97110892448109,9.25770942170493,17.939127952820854
1151,38000.0,38076.99952050954,38020.22056346245,38139.04182225456,38146.76683613162,352.0,5.541620902498835,315.28098133516323,148.7066581599356,35.22164633934153
1152,38624.0,38083.71597202814,38582.26057473481,38357.26939154178,38189.32682427754,224.0,7.778420646176528,207.6866723214698,84.86226505810191,20.826329359799274
1153,38448.0,38092.55636180189,38435.59390810539,38308.76635237077,38188.419494851216,-296.0,9.7587454095883,-267.39041278822333,-118.11986298562624,-13.886354683763784
1154,38032.0,38103.23346284732,38047.47974915837,38121.029665570524,38161.55411491001,-256.0,11.416197273247235,-252.02212646945554,-143.221854014977,-20.387674195702857
1155,37936.0,38115.38875634839,37931.54965516648,38022.32264434081,38147.64414645981,-152.0,12.680333705102385,-138.18181815948992,-55.54569905930475,-3.327761127209669
1156,37728.0,38128.59413025752,37771.11611283939,38009.938267451915,38154.89859265559,256.0,13.488441953511938,252.02212644864267,128.58475683706274,28.599375828562188
1157,38448.0,38142.36564025541,38435.59390806376,38279.49215801494,38204.842898116935,448.0,13.796872358419932,405.5722309643643,185.29996957048934,37.78645036718808
1158,38624.0,38156.18787497436,38582.260574768115,38380.53820659289,38230.47149338997,-168.0,13.596402702543855,-142.94903403373974,-20.684848125602002,5.952169942531327
1159,38112.0,38169.5584456605,38149.69583999628,38238.122461763734,38216.747238002,-168.0,12.925683276189375,-163.16696021175085,-79.35451394728807,-8.486893487872294
1160,38288.0,38182.03924152674,38255.926654344614,38221.82917869832,38213.49770641422,-56.0,11.863214042052277,-54.13591392858143,-49.378693716262205,-6.974646267062781
1161,38000.0,38193.284873744604,38041.42401213912,38139.36507433121,38202.79794546787,-8.0,10.51400736931464,-7.38258150988986,-12.781567201498547,-0.5598636729555437
1162,38272.0,38203.06725626537,38241.161491324834,38196.26604429532,38212.37797906831,56.0,8.99500651004928,45.54493580988128,19.03399211177384,6.598932553853956
1163,38112.0,38211.2748867647,38132.51388375888,38177.43305855476,38215.99581057558,-16.0,7.417792044074304,-6.078188771538407,13.883543536809157,8.817622036047396
1164,38240.0,38217.90284035352,38229.00511378176,38224.03313136894,38230.013223140406,40.0,5.885209232219495,41.516798931650555,38.61663849865363,13.518073721847031
1165,38192.0,38223.04530522914,38215.54748162218,38254.666335552065,38243.03195801927,112.0,4.483775655357022,104.27977595134507,61.96637195916264,15.570332779832825
1166,38464.0,38226.87039166423,38437.56466568445,38347.965875287264,38261.15388870007,112.0,3.2947642829676624,89.84051248450851,35.28247737882339,7.979625115800445
1167,38416.0,38229.63483379508,38395.2285065912,38325.23129030971,38258.991208250874,-168.0,2.3966619066050043,-146.1936261372357,-68.11893982268884,-10.013120036652253
1168,38128.0,38231.66371547744,38145.177413409976,38211.727995641886,38241.12764862677,-192.0,1.852065789338667,-164.1640261313405,-71.63929684688628,-12.20717719276945
1169,38032.0,38233.338965373754,38066.90045432852,38181.95269661594,38234.576853865336,176.0,1.7057994221286208,143.895195004603,45.201049282019085,3.5780479318345897
1170,38480.0,38235.0753143217,38432.96780341918,38302.130094205924,38248.283744490436,88.0,1.9599922745255753,83.23648374313052,31.242444692950812,2.121077849620633
1171,38208.0,38237.258949922805,38233.37342181478,38244.43758600184,38238.81900956458,-80.0,2.560716740343196,-72.72727253051926,-39.47371520316301,-7.923784447626531
1172,38320.0,38240.19674780239,38287.51325835814,38223.1826637996,38232.43617559518,-136.0,3.401198838986602,-127.32467393197658,-69.66359030244348,-10.761025189636712
1173,37936.0,38244.06134760078,37978.72407395083,38105.110405396954,38217.2969591853,-88.0,4.317083183257637,-76.13801238710948,-33.51705570416743,-1.0743684506160207
1174,38144.0,38248.8309141689,38135.237233583925,38156.14855239126,38230.28743869395,128.0,5.112360670013004,112.6993275527384,57.11242318994118,17.304851443346706
1175,38192.0,38254.286068940804,38204.122729056304,38219.335251776836,38251.906662072,144.0,5.599373287583148,129.49914075388733,76.85432527399462,24.614556481643376
1176,38432.0,38260.02966074407,38394.2355150917,38309.85720293925,38279.51655165724,-8.0,5.632772623128403,1.29036149390231,29.450552632039035,19.98571716810693
1177,38176.0,38265.55161418706,38206.70345204411,38278.236357040914,38291.87809640821,-56.0,5.148036327016598,-34.01480282704506,19.49733262211521,18.155449571382633
1178,38320.0,38270.3257333981,38326.20590943761,38348.85186818348,38315.8274508,168.0,4.1797048065309355,150.53200458153879,85.04144523431751,23.74072693178823
1179,38512.0,38273.91102380012,38507.767461207186,38448.31924750955,38339.35955027179,184.0,2.8720377105055377,160.3988578054923,67.62700308083367,14.900076985377382
1180,38688.0,38276.06980881911,38647.003625048594,38484.10587434515,38345.62760477076,-160.0,1.4558944632553903,-144.46848393217442,-66.16043599182012,-10.850565262491727
1181,38192.0,38276.822812726634,38218.83049334284,38315.99837552591,38317.658419746804,-240.0,0.20426945629151305,-215.29789197502396,-106.10831105628677,-21.686264036612556
1182,38208.0,38276.478347731696,38216.407841098546,38271.88925223258,38302.25507669753,56.0,-0.6148821218994271,39.61655324841922,-12.164497177040175,-10.690589214398642
1183,38304.0,38275.593048482835,38298.063599839676,38291.66938117183,38296.27724131801,56.0,-0.797856324345048,51.973757939529605,13.61481952516624,-6.3639733136224095
1184,38320.0,38274.882635083006,38320.355356977605,38299.11889128291,38289.52713007029,32.0,-0.2529402463369479,24.068542025932402,-2.9910442474647425,-8.27375474420478
1185,38368.0,38275.08716799016,38346.20068389154,38285.6872926769,38279.7297318296,-88.0,0.9680624487700698,-83.15125362836261,-54.587952267564106,-14.210911649210175
1186,38144.0,38276.818759980546,38154.05284972088,38189.94298674778,38261.10530677187,-160.0,2.6634713132043544,-141.8835855662728,-72.77281255522757,-12.769159719140589
1187,38048.0,38280.41411061657,38062.433512758995,38140.141667566444,38254.191412391316,-24.0,4.507509066068451,-19.451773166925705,-3.730485398111341,3.3956762390189397
1188,38096.0,38285.83377811268,38115.14930338703,38182.48201595156,38267.896659249905,160.0,6.105809935605066,148.4623075631862,85.58135636088628,22.300079821081454
1189,38368.0,38292.62573048778,38359.35812788537,38311.30438028822,38298.79157203348,232.0,7.075691522935813,200.99946392517813,100.4745544807738,27.43449138525102
1190,38560.0,38299.985161158555,38517.148231237385,38383.431124913106,38322.76564202041,-144.0,7.121899024336017,-113.42831809860581,-16.157692918561224,12.112352087948238
1191,38080.0,38306.86952853645,38132.501491688156,38278.988994451094,38323.016276209375,-80.0,6.10829593577364,-65.1797034708834,-4.947633236461115,12.401447999433003
1192,38400.0,38312.2017530301,38386.78882429562,38373.535858440184,38347.56853801927,224.0,4.114863556467753,188.23145408552955,81.31479320917788,21.93068871086507
1193,38528.0,38315.09925564939,38508.964399859215,38441.61858086945,38366.877653631105,24.0,1.4288878752740857,26.997574859680753,24.892012863991113,11.252998293384735
1194,38448.0,38315.05952878065,38440.78397401498,38423.319884168166,38370.07453460604,-128.0,-1.5010542872951191,-104.26055576932413,-30.638754617200902,-0.6993922947549436
1195,38272.0,38312.0971470748,38300.443288320566,38380.34107163505,38365.478869041595,-8.0,-4.1399140983885445,1.875755908433348,11.191723284409818,0.0782778876273369
1196,38432.0,38306.77970058387,38444.535485831846,38445.703330736986,38370.2310903813,248.0,-5.9814957406852045,206.76962667050975,72.21392447043036,1.6637758587676217
1197,38768.0,38300.13415559343,38713.982541661586,38524.76892057591,38368.80642075913,-24.0,-6.6571652663333225,-30.26774941293479,-42.549949873126025,-21.384348584211693
1198,38384.0,38293.465370051206,38383.99998700598,38360.60343099073,38327.462393212874,-344.0,-6.016779569796199,-308.5829198622887,-175.86377408980843,-44.17090788560745
1199,38080.0,38288.100596453834,38096.81670193701,38173.04137239629,38280.464604987916,-200.0,-4.173330170509871,-194.87196159676023,-141.041372396292,-36.97455797556904
1200,37984.0,38285.11870971019,37994.256063812456,38078.52068619815,38253.513277261736,-96.0,-2.9818867436479195,-102.5606381245525,-94.52068619814236,-26.951327726179443
