distance,Raw,Median+Gaussian,Huber MRF lambda=0.1,Huber MRF lambda=1,Huber MRF lambda=10,derivative:Raw,derivative:Median+Gaussian,derivative:Huber MRF lambda=0.1,derivative:Huber MRF lambda=1,derivative:Huber MRF lambda=10
0,33008.0,34324.66803064765,33005.44825733569,33012.88458200859,33586.281206235275,-32.0,126.32304281757388,-25.517426643120416,4.8845820085916785,57.82812062353332
1,32976.0,34450.99107346522,32979.93083069257,33017.76916401718,33644.10932685881,-8.0,187.58632177766776,-5.863273180319084,25.769164017186995,91.23358696646756
2,32992.0,34699.840674202984,32993.72171097505,33064.422910042966,33768.74838016821,8.0,306.22989820185103,22.399435157727567,82.86520104726151,163.47647231781957
3,32992.0,35063.450869868924,33024.72970100802,33183.49956611171,33971.06227149445,192.0,415.00512500533296,194.65649507304624,214.8264391245939,251.2670049009539
4,33376.0,35529.85092421365,33383.03470112114,33494.07578829215,34271.28238997012,640.0,509.6787683526527,623.6351494986011,544.2502177012466,344.98423797417854
5,34272.0,36082.80840657423,34272.000000005224,34272.0000015142,34661.030747442805,1184.0,586.1448755697711,1180.482649437945,1124.9621052059229,736.3674379944568
6,35744.0,36702.14067535319,35743.99999999703,35743.999998704,35744.01726595903,1312.0,640.8737255117157,1311.999999997679,1311.9999997868945,1117.4735639204373
7,36896.0,37364.55585759766,36896.00000000058,36896.00000108799,36895.97787528368,1184.0,671.4478985805908,1184.0000000028704,1184.0000003817586,1183.9991440631493
8,38112.0,38045.03647251437,38112.00000000277,38111.999999467516,38112.01555408533,1616.0,677.0397455608872,1615.999999991047,1615.9999995463477,1616.0052119047068
9,40128.0,38718.635348719436,40127.999999982676,40128.000000180684,40127.98829909309,1624.0,658.6887979956118,1614.8061662247128,1587.2246650057496,1385.5328766551138
10,41360.0,39362.4140685056,41341.6123324522,41286.449329479015,40883.08130739556,720.0,619.3196910040642,729.193834099362,756.7753351021711,568.0262353505532
11,41568.0,39957.274730727564,41586.3876681814,41641.550670385026,41264.0407697942,480.0,563.4302156896883,489.1938330126395,478.6963418123305,365.76150088834765
12,42320.0,40489.274499884974,42319.99999847748,42243.84201310368,41614.60430917225,688.0,496.52926303321874,649.113483530462,477.39268355667446,315.2937548366681
13,42944.0,40950.333256794,42884.614635242324,42596.336037498375,41894.628279467535,208.0,424.47449177193994,199.70649575302014,178.66204314389324,227.55538426866042
14,42736.0,41338.223483428854,42719.41298998352,42601.16609939146,42069.715077709574,-296.0,352.76267017719147,-248.13669534121436,-62.58688841118783,141.77255212751697
15,42352.0,41655.858597148384,42388.341244559895,42471.162260676,42178.17338372257,-160.0,285.9217071140083,-149.3655226241317,-70.42270837746037,99.76697519912341
16,42416.0,41910.06689765687,42420.68194473525,42460.32068263654,42269.24902810782,72.0,227.12890478925328,55.75042385161214,11.318763278817642,83.73809579064255
17,42496.0,42110.11640672689,42499.84209226312,42493.799787233635,42345.649575303854,120.0,178.07077021059013,98.3706088434592,32.378998213906016,68.88302596122594
18,42656.0,42266.20843807805,42617.42316242217,42525.078679064354,42407.01508003027,-88.0,139.01436321871006,-75.3031177301018,-34.18176863710687,48.9162587279352
19,42320.0,42388.14513316431,42349.235856802916,42425.43624995942,42443.482092759725,-144.0,109.06289302026562,-122.00802160468811,-46.92430412521935,42.64111736743507
20,42368.0,42484.33422411858,42373.407119212796,42431.230070813916,42492.29731476514,56.0,86.52707819065108,51.206858473866305,37.40885626144882,55.03008774367481
21,42432.0,42561.19928954561,42451.64957375065,42500.25396248232,42553.542268247074,208.0,69.34596132740262,176.49032329110196,103.1508729095658,67.32206689428858
22,42784.0,42623.02614677339,42726.387765795,42637.53181663305,42626.94144855372,-40.0,55.495295359385636,-13.322978980642802,64.04376246725224,65.54625273432976
23,42352.0,42672.189880264385,42425.00361578936,42628.34148741682,42684.634773715734,112.0,43.307557030009775,125.51003464371388,128.9804144921909,74.32506384779845
24,43008.0,42709.64126083341,42977.40783508243,42895.49264561743,42775.59157624932,376.0,31.6840907705664,337.5672890026435,210.89748100932047,79.3363813460528
25,43104.0,42735.55806180552,43100.13819379465,43050.136449435464,42843.30753640784,80.0,20.17968705890962,103.42132768546071,127.71202853576688,54.6813369789088
26,43168.0,42750.000634951226,43184.25049045335,43150.91670268896,42884.954250207134,192.0,8.960763459112059,165.36474892542537,92.23860459797652,27.494426309658593
27,43488.0,42753.47958872374,43430.8676916455,43234.61365863142,42898.29638902716,-32.0,-1.3529557209039922,-39.044340580348944,-42.99621474183368,-16.143041728624667
28,43104.0,42747.29472350942,43106.16180929265,43064.924273205295,42852.668166749885,-352.0,-9.934628796145262,-313.8968358896127,-189.22724882347757,-58.194813939775486
29,42784.0,42733.61033113145,42803.074019866275,42856.15916098446,42781.906761147606,-216.0,-16.019793663355813,-207.71769009500713,-172.68553172859538,-70.86606754489912
30,42672.0,42715.255136182706,42690.72642910264,42719.553209748105,42710.93603166009,16.0,-19.103536041249754,-18.715445250465564,-112.82934636231221,-69.02392790451631
31,42816.0,42695.40325904895,42765.643129365344,42630.50046825984,42643.85890533857,-216.0,-19.102761364199978,-213.91494014285126,-181.80250735834488,-75.68418105458477
32,42240.0,42677.04961345431,42262.896548816934,42355.948195031415,42559.56766955092,-376.0,-16.42748904193286,-351.2165492314525,-216.5781757127188,-68.31285231011134
33,42064.0,42662.548280965086,42063.21003090244,42197.3441168344,42507.23320071835,-224.0,-11.883920335276343,-203.63636340230005,-91.93201977981153,-30.17280879664395
34,41792.0,42653.281772783754,41855.623822012334,42172.08415547179,42499.22205195763,344.0,-6.535187333403883,327.29276069820116,164.78211637328786,27.349953837154317
35,42752.0,42649.47790629828,42717.79555229884,42526.908349580975,42561.93310839266,528.0,-1.487186369326082,474.38963225411135,242.27836889966784,53.20771185466583
36,42848.0,42650.3074000451,42804.40308652056,42656.64089327113,42605.63747566696,-184.0,2.3343083536674385,-131.37703317551495,34.052990325715655,31.586241057651932
37,42384.0,42654.14652300561,42455.04148594781,42595.01433023241,42625.10559050796,0.0,4.324984855669754,5.845829166315525,43.88060207748276,31.523394366395223
38,42848.0,42658.95736975644,42816.09474485319,42744.40209742609,42668.68426439975,248.0,4.300481387934269,201.52698317130853,97.58881590673263,34.612887111779855
39,42880.0,42662.74748578148,42858.09545229043,42790.19196204587,42694.33136473152,-96.0,2.501690395147307,-67.52203111061681,0.8858456427151395,16.36366856834502
40,42656.0,42663.960750546736,42681.050682631954,42746.17378871152,42701.41160153644,-72.0,-0.5009217505612469,-51.79135649872114,1.0687210214164224,9.350816881742503
41,42736.0,42661.74564228036,42754.512739292986,42792.329404088705,42713.03299849501,192.0,-3.9507442961185006,166.02575312594126,74.32031742153413,10.473046883314964
42,43040.0,42656.0592619545,43013.10218888384,42894.81442355459,42722.35769530307,152.0,-7.0742624080776295,124.10039401004906,29.892231243182323,-6.557418426782533
43,43040.0,42647.5971174642,43002.713527313084,42852.11386657507,42699.91816164144,-208.0,-9.228639399701933,-196.82102500533438,-136.6436236919908,-39.44362557955537
44,42624.0,42637.601983155095,42619.46013887317,42621.52717617061,42643.47044414396,-464.0,-9.995593429375731,-415.4379132008871,-231.82310231915835,-55.474195290284115
45,42112.0,42627.60593060545,42171.83770091131,42388.46766193675,42588.969771060874,-152.0,-9.241268001627759,-138.94871427846738,-94.82568326547334,-30.652184530041268
46,42320.0,42619.11944715184,42341.56271031623,42431.87580963966,42582.16607508388,344.0,-7.099067477574863,277.53856098606775,99.34605252273468,6.304607777197816
47,42800.0,42613.4077956503,42726.914822883446,42587.15976698222,42601.57898661527,-8.0,-3.8902418435864092,19.926226984451205,48.86384083367375,9.491860862151952
48,42304.0,42611.33896346467,42381.415164285136,42529.60349130701,42601.14979680818,144.0,-0.035849813553795684,137.67738972792722,55.24546997829384,14.428300033323467
49,43088.0,42613.336096023195,43002.2696023393,42697.65070693881,42630.43558668192,-160.0,4.034879878992797,-155.84238243188884,-27.127430898795865,6.407569207829511
50,41984.0,42619.40872322265,42069.73039942136,42475.34862950942,42613.96493522384,-8.0,7.946918100868061,-0.028496090199041646,23.372237325314927,15.027595303119597
51,43072.0,42629.22993222493,43002.2126101589,42744.39518158944,42660.490777288156,376.0,11.415590215838165,331.6301570930955,105.24414287474428,25.950380928719824
52,42736.0,42642.23990365433,42732.99071360755,42685.83691525891,42665.86569708128,-336.0,14.242085598212725,-284.2683285135972,-83.63980870108207,1.8682046471913054
53,42400.0,42657.71410342136,42433.67595313171,42577.115564187276,42664.22718658254,-152.0,16.27773863744369,-130.93499481730396,-20.163568977990508,11.572848830383009
54,42432.0,42674.795380929216,42471.12072397294,42645.50977730293,42689.01139474205,464.0,17.41070636581935,407.729422935623,175.14910176711055,37.634777896608284
55,43328.0,42692.535516152995,43249.13479900295,42927.4137677215,42739.496742375755,232.0,17.55312858774778,209.00703781510674,81.61087427931488,21.06018475249948
56,42896.0,42709.90163810471,42889.134799603155,42808.731525861556,42731.131764247046,-480.0,16.644604514815,-415.2637463888095,-162.31647892915862,-16.608389916360466
57,42368.0,42725.824725182625,42418.607306225334,42602.78080986318,42706.279962543034,-216.0,14.679201725568419,-196.5532172463718,-88.56031106678711,-7.9378035768568225
58,42464.0,42739.26004155585,42496.02836511041,42631.61090372798,42715.25615709333,272.0,11.726538169343257,237.5628844371313,112.63554572879002,21.539002404962957
59,42912.0,42749.27780152131,42893.7330750996,42828.05190132076,42749.35796735296,344.0,7.951370446011424,306.37008548717495,154.4669482531608,25.969708627275395
60,43152.0,42755.16278244787,43108.76853608476,42940.544800234304,42767.19557434788,0.0,3.6042912006487313,-1.1218585910537513,6.765299030696042,-1.402614287682809
61,42912.0,42756.48638392261,42891.48935791749,42841.58249938215,42746.552738777595,-384.0,-1.0042964071690221,-319.83238857980905,-134.17105116107996,-28.915198631406383
62,42384.0,42753.15418963353,42469.10375892514,42672.202697912144,42709.36517708507,56.0,-5.545936026093841,33.66019421299643,-25.278452513935918,-20.919302838272415
63,43024.0,42745.39451187042,42958.80974634348,42791.02559435428,42704.71413310105,176.0,-9.719662964482268,133.22772055611858,2.335693619275844,-20.61533732897078
64,42736.0,42733.71486370457,42735.55920003738,42676.874085150695,42668.13450242713,-248.0,-13.270101803584112,-225.45454611918103,-143.71446662823655,-39.972905552560405
65,42528.0,42718.85430826325,42507.90065410512,42503.59666109781,42624.76832199593,-496.0,-15.99885957279912,-452.9143993917969,-185.47909350398913,-38.527764331407525
66,41744.0,42701.71714455897,41829.730401253786,42305.91589814272,42591.07897376431,152.0,-17.75169404729604,156.22535168583636,83.27718611626915,8.664600456602784
67,42832.0,42683.35092016866,42820.35135747679,42670.151033330345,42642.097522909135,728.0,-18.41397567725653,651.3932693238748,283.31065185280386,41.52342529027737
68,43200.0,42664.88919320446,43132.516939901536,42872.537201848325,42674.12582434487,-40.0,-17.909125687259802,-25.24971806758549,38.65476944213515,5.734592652977881
69,42752.0,42647.53266879414,42769.85192134162,42747.460572214615,42653.56670821509,-312.0,-16.210419977334823,-273.40541185179245,-127.34634352639478,-25.480780719022732
70,42576.0,42632.46835324979,42585.70611619795,42617.844514795535,42623.16426290682,-128.0,-13.366083853055898,-135.61522415392392,-108.69380002131584,-28.044232162927074
71,42496.0,42620.80050108803,42498.621473033774,42530.07297217198,42597.478243889236,-72.0,-9.535645003732498,-73.97727799532367,-70.73505653756001,-20.61210682312594
72,42432.0,42613.39706324232,42437.7515602073,42476.374401720415,42581.94004926057,-32.0,-5.008031721710722,-32.112111789952905,-31.511369591360562,-8.041192165637767
73,42432.0,42610.78443764461,42434.39724945387,42467.05023298926,42581.39585955796,16.0,-0.18969937336078146,8.631936515907,8.200947763481963,6.925603275292815
74,42464.0,42613.0176644956,42455.01543323912,42492.77629724738,42595.79125581116,-48.0,4.441542935681355,-24.30465001918128,40.114212881799176,20.98495904374795
75,42336.0,42619.66752351597,42385.787949415506,42547.27865875286,42623.36577764546,312.0,8.404769924458378,288.65241796414557,160.1416908819192,41.94281071657679
76,43088.0,42629.82720434452,43032.32026916741,42813.05967901122,42679.67687724431,296.0,11.27971960989089,259.19351087873656,128.31085976396207,35.89494346106949
77,42928.0,42642.22696273575,42904.17497117298,42803.900378280785,42695.155664567596,-304.0,12.799838802820886,-247.2704421295166,-71.20911159004027,3.8365705516625894
78,42480.0,42655.42688195016,42537.779384908376,42670.64145583114,42687.350018347635,-80.0,12.909307797752263,-77.49866172274778,-37.93819453408287,2.56185469742195
79,42768.0,42668.04557833126,42749.17764772748,42728.02398921262,42700.27937396244,152.0,11.762784561247827,117.286501456525,37.39452798779166,9.543324312926416
80,42784.0,42678.952451072655,42772.352387821426,42745.43051180672,42706.43666697349,-56.0,9.706924754846114,-35.06332079891945,-1.8782215025385085,2.2791263597246143
81,42656.0,42687.45942784095,42679.051006129645,42724.26754620754,42704.83762668189,24.0,7.228263472112303,21.9536489564598,12.97080750459645,0.8428410424930917
82,42832.0,42693.40897801688,42816.259685734345,42771.37212681591,42708.122349058474,72.0,4.8630744476104155,58.507108276404324,16.790644016324222,-2.9091601704894856
83,42800.0,42697.18557673617,42796.06522268245,42757.84883424019,42699.01930634091,-40.0,3.113895684335148,-39.868349639622465,-34.59887545563106,-14.152077400518465
84,42752.0,42699.63676938555,42736.5229864551,42702.17437590465,42679.81819425744,-152.0,2.359805254811363,-136.9273039518448,-80.58727038321013,-22.810202370601473
85,42496.0,42701.90518724579,42522.21061477876,42596.67429347377,42653.39890159971,-96.0,2.790445158538205,-83.2592977825334,-55.16293569399204,-18.5493475777439
86,42560.0,42705.21765970263,42570.00439089003,42591.84850451667,42642.71949910195,136.0,4.381795326415158,97.81573056144043,11.098463301230368,-6.543427542663267
87,42768.0,42710.66877789862,42717.842075901644,42618.87122007623,42640.31204651438,-128.0,6.886231076925469,-102.95193548015595,-47.54167440232413,-8.791850261848595
88,42304.0,42718.99012185648,42364.10051992972,42496.76515571202,42625.13579857825,-56.0,9.861616609690827,-53.23895632331187,-25.723486508206406,0.8805419927848561
89,42656.0,42730.392011118005,42611.36416325502,42567.42424705982,42642.07313049995,24.0,12.745335760926537,24.08445960039535,26.37121487771583,16.240988446697884
90,42352.0,42744.48079337833,42412.26943913051,42549.50758546745,42657.61777547165,96.0,14.93887548026396,102.25247152803786,80.83713114135026,30.825533745279245
91,42848.0,42760.26976207853,42815.8691063111,42729.09850934252,42703.72419799051,288.0,15.908194960993569,242.9451987360735,120.14017854633494,38.89263241838489
92,42928.0,42776.29718330032,42898.15983660266,42789.78794256012,42735.40304030842,-80.0,15.282143453539902,-66.91008669515213,-8.416595502345444,22.048994333326846
93,42688.0,42790.83404898561,42682.04893292079,42712.26531833783,42747.82218665716,-296.0,12.924409509148973,-245.86623907792455,-65.38996505337491,15.410255681606941
94,42336.0,42802.146002318616,42406.42735844681,42659.00801245337,42766.22355167163,184.0,8.957112218249677,171.93757318935604,108.24670034223163,39.912542598049185
95,43056.0,42808.74827342211,43025.924079299504,42928.75871902229,42827.64727185326,408.0,3.753837601037958,373.694761920935,206.13006608006253,50.006083774293074
96,43152.0,42809.65367752069,43153.81688228868,43071.268144613496,42866.23571922022,144.0,-2.1180998039926635,136.97721443259434,102.14349789794869,24.30023332796918
97,43344.0,42804.51207381413,43299.87850816469,43133.04571481819,42876.2477385092,-80.0,-8.005676143522578,-74.54583330052992,-43.69957238621282,-13.37559378556034
98,42992.0,42793.642325233646,43004.72521568762,42983.86899984107,42839.4845316491,-248.0,-13.273947450870764,-231.52721403896794,-153.24221505657988,-44.388980277646624
99,42848.0,42777.964178912385,42836.82408008676,42826.56128470503,42787.469777953906,-232.0,-17.416622138822277,-223.78073516707082,-168.02707278353046,-55.04126479749539
100,42528.0,42758.809080956,42557.16374535348,42647.81485427401,42729.40200205411,-128.0,-20.132346896971285,-133.84160796590731,-118.83900329400785,-47.997675797094416
101,42592.0,42737.69948511844,42569.14086415494,42588.88327811701,42691.47442635972,-120.0,-21.339417091978248,-102.31856042381332,-60.48993709849674,-32.95385437640289
102,42288.0,42716.130246772045,42352.52662450585,42526.834980077016,42663.4942933013,176.0,-21.151156547577557,154.88855138565486,57.369191998514,-9.205418393350556
103,42944.0,42695.39717202329,42878.91796692625,42703.62166211404,42673.063589573016,184.0,-19.814053297086502,152.11150854616062,56.59751309404237,-3.977524249632552
104,42656.0,42676.50214017787,42656.74964159817,42640.0300062651,42655.539244802036,-272.0,-17.62530714280365,-218.42011733719846,-71.57665271638689,-17.547382530883624
105,42400.0,42660.14655773768,42442.077732251855,42560.46835668127,42637.96882451125,0.0,-14.860636726869416,-4.283248087027459,0.6725287568006024,-5.671979065220512
106,42656.0,42646.78086672413,42648.18314542412,42641.3750637787,42644.195286671595,200.0,-11.733435789385112,167.0211402928362,73.59423898678142,5.636226493923459
107,42800.0,42636.67968615891,42776.12001283753,42707.65683465483,42649.241277499095,-16.0,-8.392152107877337,8.536931601058313,20.110188203547295,-2.4919452975409513
108,42624.0,42629.99656250838,42665.257008626235,42681.595440185796,42639.21139607651,120.0,-4.944712477914436,95.42203891987083,2.7363256238641043,-9.269311618758366
109,43040.0,42626.79026120308,42966.96409067727,42713.12948590256,42630.70265426158,-280.0,-1.503998370932095,-264.4426764089112,-131.90121133196226,-28.97360910185671
110,42064.0,42626.988565766515,42136.37165580841,42417.79301752187,42581.2641778728,-304.0,1.7724831192390411,-267.7639439804916,-118.43995961975088,-23.575267495139997
111,42432.0,42630.33522744156,42431.436202716286,42476.24956666306,42583.5521192713,360.0,4.6705673723554355,292.2455604893112,80.5813324727169,9.865547362067446
112,42784.0,42636.329700511225,42720.862776787035,42578.955682467305,42600.995272596934,-40.0,6.94220289302757,-26.259541994088067,0.18395703790156404,8.292916955480905
113,42352.0,42644.219633227614,42378.91711872811,42476.61748073886,42600.13795318226,-264.0,8.348802127326053,-207.36006441837162,-40.02946135901948,11.549578244437726
114,42256.0,42653.02730476588,42306.14264795029,42498.89675974927,42624.09442908581,256.0,8.728212837711908,234.94561561390947,143.72765888504364,42.361197357840865
115,42864.0,42661.67605890304,42848.80834995593,42764.07279850895,42684.86034789794,464.0,8.044236105295568,409.70060514500074,215.21243801415403,51.808936207031365
116,43184.0,42669.11577697647,43125.54385824029,42929.321635777575,42727.71230149987,-40.0,6.406381932949444,-15.54520051415966,37.90965515741482,20.037568676922092
117,42784.0,42674.48882276894,42817.71794892761,42839.89210882378,42724.935485251786,-160.0,4.0629155154456384,-139.23616467463944,-61.48347254190594,-5.7300419854982465
118,42864.0,42677.24160800736,42847.071528891014,42806.35469069376,42716.252217528876,-40.0,1.3534596396821144,-55.28877558152453,-62.360072783136275,-16.070656846462953
119,42704.0,42677.1957420483,42707.14039776456,42715.171963257504,42692.79417155886,-136.0,-1.3492127077042824,-124.22914230365132,-85.59674580751016,-24.01833739207723
120,42592.0,42674.54318259195,42598.61324428371,42635.16119907874,42668.21554274472,-80.0,-3.7014512532405206,-75.46093206231308,-58.43016463938693,-20.767851676901046
121,42544.0,42669.79283954182,42556.218533639934,42598.31163397873,42651.25846820506,32.0,-5.429705044167349,18.697957555908943,-9.693748110646993,-11.594151129407692
122,42656.0,42663.68377250362,42636.00915939553,42615.77370285745,42645.027240485906,-32.0,-6.342467978094646,-20.163577266739594,-2.651079692554049,-6.779865694858017
123,42480.0,42657.10790358563,42515.891379106455,42593.00947459362,42637.69873681534,64.0,-6.326215583700105,59.33911524317591,33.74050903298121,0.5564331702007621
124,42784.0,42651.03134133622,42754.68738988188,42683.25472092341,42646.14010682631,112.0,-5.335542437456752,92.23296018485053,39.872606791494036,1.5483753522858024
125,42704.0,42646.43681871072,42700.357299476156,42672.75468817661,42640.795487519914,-96.0,-3.3790223634641734,-72.54359302494049,-26.122688658495463,-8.504844930401305
126,42592.0,42644.27329660929,42609.600203832,42631.00934360642,42629.130416965505,8.0,-0.5219157841565902,-2.756076484147343,-22.240672766980424,-9.808549706136546
127,42720.0,42645.392987142404,42694.84514650786,42628.27334264265,42621.17838810764,-32.0,3.10180832910919,-40.52932478483126,-48.59932964244217,-12.893109452477802
128,42528.0,42650.47691326751,42528.54155426234,42533.810684321536,42603.34419806055,-176.0,7.274789470502583,-163.59582093382414,-91.55731616034973,-14.066980144063564
129,42368.0,42659.94256608341,42367.65350464021,42445.15871032195,42593.044427819514,-192.0,11.689123278305487,-162.6205264210439,-50.07261883861065,0.9524511499366781
130,42144.0,42673.85515982412,42203.30050142025,42433.665446644314,42605.24910036042,320.0,15.964232292248198,289.55654764665087,133.3394596445214,35.26712755893459
131,43008.0,42691.871030667906,42946.766599933515,42711.83762961099,42663.57868293738,312.0,19.686612191289896,279.8920544154753,130.0909977721749,41.10851672382705
132,42768.0,42713.2283842067,42763.0846102512,42693.847442188664,42687.46613380808,-240.0,22.46496930406647,-208.25893842630103,-55.06646632799675,19.860757561094943
133,42528.0,42736.80096927604,42530.24872308091,42601.704696955,42703.30019805957,-256.0,23.99861113669249,-221.59227176571585,-55.2903967561615,24.59907415447742
134,42256.0,42761.22560648008,42319.90006671977,42583.26664867634,42736.66428211703,224.0,24.13464083153667,220.86266353402607,145.19527605950861,57.39729816331237
135,42976.0,42785.07025093911,42971.974050148965,42892.09524907402,42818.0947943862,584.0,22.896855946022697,520.2332478776843,266.8762249346837,73.53525198847274
136,43424.0,42807.01931837213,43360.36656247514,43117.01909854571,42883.73478609398,72.0,20.47044418979567,70.22532470185979,71.43339874454978,38.62673101247856
137,43120.0,42826.0111393187,43112.424699552685,43034.962046563116,42895.348256411155,-328.0,17.16171759342251,-285.81836515904433,-124.57602870103801,0.38088313773914706
138,42768.0,42841.34275355897,42788.72983215705,42867.86704114363,42884.496552369455,-240.0,13.34841606223199,-220.0457066103845,-117.16148484767109,-5.0268764232314425
139,42640.0,42852.70797144317,42672.333286331916,42800.639076867774,42885.29450356469,64.0,9.402628027346509,45.269885834452,13.091574158032017,13.062676373472641
140,42896.0,42860.148009613666,42879.26960382595,42894.0501894597,42910.6219051164,120.0,5.629284439801268,123.28433662377938,92.43620732177078,26.0584968075309
141,42880.0,42863.96654032277,42918.901959579474,42985.511491511315,42937.41149717975,336.0,2.23366762983278,301.50000242498936,144.21704780727669,29.66016692233825
142,43568.0,42864.61534487333,43482.26960867593,43182.48428507425,42969.94223896108,-56.0,-0.6902044906928495,-38.371071745899826,4.214936100062914,2.627853729380149
143,42768.0,42862.586131341384,42842.159816087675,42993.94136371144,42942.667204638514,-176.0,-3.1578305452276254,-163.58179670196114,-75.57223950708794,-18.5416740906403
144,43216.0,42858.299683782876,43155.10601527201,43031.339806060074,42932.8588907798,40.0,-5.25765431986656,8.476275544398959,-54.93165462133038,-23.96536931972514
145,42848.0,42852.07082270165,42859.11236717647,42884.07805446878,42894.73646599906,-288.0,-7.1201812709041405,-240.43181221315535,-129.22272435690684,-35.785601480780315
146,42640.0,42844.05932124107,42674.2423908457,42772.89435734626,42861.287687818236,16.0,-8.884246946716303,-13.658022102274117,-44.736518449386494,-22.38439378991825
147,42880.0,42834.30232880822,42831.796322971924,42794.60501757001,42849.96767841923,-104.0,-10.654933467660157,-83.46445301413769,-20.986830991252646,-12.821625478045462
148,42432.0,42822.74945430575,42507.31348481742,42730.920695363755,42835.644436862145,160.0,-12.487403708644706,159.26986559063516,85.77602547562492,5.858980286026053
149,43200.0,42809.32752139093,43150.336054153195,42966.15706852126,42861.68563899128,336.0,-14.366816412177286,287.5175604437136,118.3149074181274,9.125484078693262
150,43104.0,42794.01582148139,43082.34860570485,42967.55051020001,42853.89540501953,-208.0,-16.189889899898844,-176.24441992408174,-66.8313032212427,-20.295463720765838
151,42784.0,42776.94774159113,42797.84721430503,42832.49446207877,42821.09471154975,-240.0,-17.762433336258255,-215.26531987465933,-110.80881708184825,-30.945957892297884
152,42624.0,42758.490954808876,42651.81796595553,42745.93287603631,42792.003489234936,8.0,-18.823444437559374,-6.939418571844726,-25.595148024302034,-20.691047853066266
153,42800.0,42739.30085271601,42783.96837716134,42781.30416603017,42779.712615843615,48.0,-19.05805299962958,51.9922970125117,26.023373008938506,-13.305242599140911
154,42720.0,42720.37484880962,42755.802559980555,42797.97962205419,42765.393004036654,176.0,-18.13231403111058,150.84698272199967,55.66526705112119,-12.049961605123826
155,43152.0,42703.03622465379,43085.66234260534,42892.63470013241,42755.61269263337,16.0,-15.776665402638173,-1.8285043484938797,-35.02757185557857,-29.59967677162058
156,42752.0,42688.82151800434,42752.14555128357,42727.92447834303,42706.19365049341,-384.0,-11.846339483268821,-332.78903490395896,-176.74798261786418,-51.709359615284484
157,42384.0,42679.343545687254,42420.08427279742,42539.13873489668,42652.1939734028,-160.0,-6.378079970923864,-151.6399144990064,-111.21637599801034,-40.589978420477564
158,42432.0,42676.06535806249,42448.865722285555,42505.49172634701,42625.01369365246,152.0,0.3584125297857099,113.11006091591116,3.0988546238404524,-17.52959506771367
159,42688.0,42680.060370746825,42646.304394629246,42545.33644414436,42617.13478326737,0.0,7.861575844635809,-11.039354510096018,-31.487060130468308,-11.4221712217186
160,42432.0,42691.788509751765,42426.78701326536,42442.517606086076,42602.16935120902,-288.0,15.449781896193599,-245.5823150370743,-97.56003501525265,-6.456964497901936
161,42112.0,42710.95993453921,42155.1397645551,42350.21637411386,42604.22085427157,-72.0,22.356450749153737,-55.948425934791885,26.806955084710353,26.662545776129264
162,42288.0,42736.50141125007,42314.89016139578,42496.1315162555,42655.49444276128,544.0,27.851480569566775,486.42240259469327,249.9809002693837,69.64831062777375
163,43200.0,42766.662895678346,43127.98456974448,42850.178174652625,42743.517475527115,248.0,31.37415828704252,260.7960582960186,179.13574572344078,65.19890654218761
164,42784.0,42799.24972782416,42836.482277987816,42854.40300770238,42785.892255845654,-32.0,32.633356309550436,-29.090901817580743,39.4263369009459,42.469393110826786
165,43136.0,42831.92960829745,43069.80276610932,42929.03084845452,42828.45626174877,-152.0,31.65433385417782,-135.37595339720065,-28.856735020603082,27.18681899055082
166,42480.0,42862.55839553251,42565.730371193415,42796.68953766117,42840.265893826756,0.0,28.760093732213136,11.791139782595565,26.003458037244854,29.82292676932775
167,43136.0,42889.44979576187,43093.38504567451,42981.03776452901,42888.102115287424,320.0,24.49883027789474,265.0784961875215,106.86710913233401,35.44132722503855
168,43120.0,42911.5560560883,43095.88736356846,43010.42375592584,42911.14854827683,-160.0,19.517654717696132,-118.06086426375987,-25.402130640250107,12.603860403247381
169,42816.0,42928.485105197266,42857.26331714699,42930.233503248506,42913.30983609392,-24.0,14.431793321055011,-32.30746068649751,-23.073501053077052,7.026779621784954
170,43072.0,42940.41964273041,43031.27244219546,42964.276753819686,42925.2021075204,-24.0,9.72588759095379,-29.628663974228402,-19.81837251898105,4.552376802505023
171,42768.0,42947.93688037917,42798.00598919854,42890.596758210544,42922.41458969893,-120.0,5.687106142169796,-83.23650700423605,-12.381616503866098,4.933211663468683
172,42832.0,42951.79385501475,42864.79942818699,42939.513520811954,42935.06853084734,272.0,2.398329338433541,230.79057992341404,102.67352300738276,17.807367690780666
173,43312.0,42952.73353905604,43259.587149045365,43095.94380422531,42958.02932508049,160.0,-0.2196319200702419,132.72346608520093,48.402185526010726,5.2622604871758085
174,43152.0,42951.35459117461,43130.24636035739,43036.317891863975,42945.59305182169,-272.0,-2.336822833829501,-238.1089869009993,-117.46696642935058,-22.75662066771838
175,42768.0,42948.05989338838,42783.369175243366,42861.00987136661,42912.51608374505,-312.0,-4.139320661513921,-270.0313088971852,-128.80308481406246,-25.851163889383315
176,42528.0,42943.07594985158,42590.18374256302,42778.71172223585,42893.890724042925,152.0,-5.763712524614675,124.31284151169893,43.05771198717048,-0.3308234999785782
177,43072.0,42936.53246833915,43031.994858266764,42947.12529534095,42911.854436745096,272.0,-7.2604546054353705,235.20584566063553,105.97622077557753,9.956434539421025
178,43072.0,42928.55504064071,43060.59543388429,42990.664163787005,42913.80359312177,-48.0,-8.59269934545955,-28.422254960994906,2.870950339554838,-5.960663967238361
179,42976.0,42919.34706964823,42975.150348344774,42952.86719602006,42899.93310881062,-96.0,-9.659364868195553,-89.69334381563749,-49.36336975692029,-17.67382887061467
180,42880.0,42909.23631090432,42881.20874625302,42891.937424273165,42878.45593538054,-96.0,-10.3260173956769,-87.89787082666226,-54.96105961030844,-21.554376661057177
181,42784.0,42898.69503485688,42799.35460669145,42842.94507679944,42856.824355488505,0.0,-10.466595986548782,-5.081106104302307,-19.51980907399775,-17.99036211760904
182,42880.0,42888.303118931224,42871.04653404441,42852.89780612517,42842.47521114532,32.0,-10.001581624746905,26.924597575009102,-3.5983676116884453,-16.225383785917074
183,42848.0,42878.691871607385,42853.20380184147,42835.748341576065,42824.37358791667,24.0,-8.922501586079306,8.176277004411531,-23.275293761074863,-19.282943832815363
184,42928.0,42870.458115759066,42887.39908805324,42806.34721860302,42803.90932347969,-192.0,-7.294435361101932,-168.8092735220489,-90.22751367153978,-26.66879826299555
185,42464.0,42864.10300088518,42515.58525479737,42655.293314232986,42771.03599139068,-136.0,-5.264502919617371,-113.88755926900194,-55.40724725353357,-17.52153251947675
186,42656.0,42859.92910991983,42659.62396951523,42695.53272409595,42768.866258440736,192.0,-3.0395732605502417,162.1585622940038,60.005771910939075,3.473579972091102
187,42848.0,42858.02385436408,42839.90237938538,42775.304858054864,42777.98315133486,168.0,-0.865042921177519,139.79030679702555,43.42456298634352,5.6160504608706106
188,42992.0,42858.199024077476,42939.204583109284,42782.38185006864,42780.09835936248,-328.0,0.9988336899732531,-281.0859940411319,-97.73208295190489,-8.479874004260637
189,42192.0,42860.02152174403,42277.730391303114,42579.840692151054,42761.02340332634,-80.0,2.3203121730439307,-65.14827415387845,-8.620811842058174,9.376214130181324
190,42832.0,42862.83964842356,42808.90803480153,42765.14022638452,42798.85078762284,432.0,2.9260967268855893,364.45496968079533,151.869647425734,36.16992367764033
191,43056.0,42865.8737151978,43006.640330664704,42883.57998700252,42833.36325068162,-88.0,2.724934727211803,-49.06605081330781,32.22975411926018,23.38062559286118
192,42656.0,42868.28951787799,42710.77593317491,42829.59973462304,42845.61203880856,-48.0,1.7209658736355777,-21.984731615244527,32.81961493203926,21.729390067368513
193,42960.0,42869.31564694507,42962.670867434215,42949.2192168666,42876.82203081636,328.0,0.02916547765926225,265.2492714303917,114.2290906768576,27.051093548616336
194,43312.0,42868.347848833306,43241.274476035695,43058.05791597676,42899.714225905795,-144.0,-2.1594195444376965,-102.4702742158297,-18.132342901466473,2.2779063847265206
195,42672.0,42864.996807856194,42757.730319002556,42912.95453106367,42881.37784358581,-24.0,-4.596817494963034,-26.0698176310907,-24.626119381249737,-7.867490140695736
196,43264.0,42859.15421384338,43189.13484077351,43008.80567721426,42883.9792456244,104.0,-6.983127955045347,55.70224424501794,-31.746015242286376,-16.399635680183565
197,42880.0,42851.0305519461,42869.13480749259,42849.462500579095,42848.578572225444,-464.0,-9.012112574153434,-385.514309527749,-174.61192634561303,-36.97174478769011
198,42336.0,42841.12998869507,42418.106221718015,42659.58182452303,42810.03575604902,-24.0,-10.405244525682065,-29.309163474703382,-28.089763794541796,-14.841028373968584
199,42832.0,42830.22006289474,42810.516480543185,42793.28297299001,42818.89651547751,344.0,-10.913759915463743,284.9926615410768,114.34263496198037,8.205585202358634
200,43024.0,42819.302468864145,42988.09154480017,42888.267094446994,42826.44692645374,-32.0,-10.34759146635406,-1.967211742150539,27.117668680482893,-2.327242701077921
201,42768.0,42809.52487996203,42806.582057058884,42847.51831035098,42814.24203007535,16.0,-8.609843742833618,11.400797553123994,-0.9896289205316862,-9.892794874624087
202,43056.0,42802.08278137848,43010.89313990642,42886.28783660593,42806.66133670449,0.0,-5.715081303533225,-21.22321762037609,-46.08655544207795,-20.047626535633754
203,42768.0,42798.094717354965,42764.13562181813,42755.34519946682,42774.14677700408,-312.0,-1.812942516287876,-266.079408997648,-137.27003740569853,-32.20722085020316
204,42432.0,42798.4568963459,42478.73432191112,42611.74776179453,42742.246895004086,-40.0,2.7998823315683694,-51.729690351407044,-53.72355677502492,-16.38753724979688
205,42688.0,42803.6944820181,42660.67624111532,42647.89808591677,42741.37170250449,48.0,7.689998994334019,45.323124780778016,16.09936708062378,1.7933926256337145
206,42528.0,42813.83689433457,42569.38057147268,42643.94649595578,42745.83368025535,136.0,12.322267896666744,115.60718772072869,54.02165801690353,15.353661763627315
207,42960.0,42828.339017811435,42891.890616556775,42755.94140195058,42772.079026031744,-24.0,16.120360133638314,-18.036872132044664,9.96560697008681,16.8492970779771
208,42480.0,42846.07761460185,42533.30682720859,42663.877709895954,42779.53227441131,-128.0,18.543887524298043,-92.04965330523555,-0.1248371066430991,22.429862100132596
209,42704.0,42865.42679286003,42707.791309946304,42755.69172773729,42816.93875023201,224.0,19.186502665677835,193.4410324692326,117.65988170998025,43.05341333229808
210,42928.0,42884.4506199332,42920.18889214705,42899.197473315915,42865.6391010759,176.0,17.845364409000467,173.34204293599032,129.10448223658022,45.582305897693004
211,43056.0,42901.11752167803,43054.475395818285,43013.90069221045,42908.103362027396,128.0,14.563776917424548,126.66348276266945,93.65356499976406,35.06942905285905
212,43184.0,42913.57817376805,43173.51585767239,43086.50460331544,42935.77795918162,88.0,9.636986954446911,66.61975021608669,23.856212762711948,15.263495113311365
213,43232.0,42920.391495586926,43187.71489625046,43061.61311773588,42938.63035225402,-264.0,3.5815856734043336,-234.65866225260834,-110.08492671162458,-11.816089314907003
214,42656.0,42920.74134511486,42704.198533167175,42866.334749892194,42912.14578055181,-256.0,-2.9467439174659376,-215.09151516445854,-90.11099289758567,-13.677282674616436
215,42720.0,42914.498007751994,42757.53186592154,42881.391131940705,42911.275786904785,296.0,-9.26593576513551,248.60271352434575,95.75194801886755,8.693795698214672
216,43248.0,42902.20947358459,43201.40396021587,43057.83864592993,42929.53337194824,232.0,-14.745160574737383,203.2818442114003,81.36683695418469,2.334253640863608
217,43184.0,42885.00768660252,43164.09555434434,43044.124805849075,42915.94429418651,-152.0,-18.918743410442403,-136.83063414982462,-83.65143715631348,-26.99186305240073
218,42944.0,42864.371986763705,42927.74269191622,42890.5357716173,42875.549645843435,-352.0,-21.542350398784038,-317.63940284703494,-180.32114842312512,-43.817166050903325
219,42480.0,42841.92298580495,42528.81674865027,42683.482509002824,42828.309962084706,-152.0,-22.570625232758175,-154.84220001458743,-105.31200811306553,-29.824185654491885
220,42640.0,42819.23073629819,42618.05829188704,42679.91175539117,42815.90127453445,-24.0,-22.133568102020945,-20.46699732801062,16.38512408392853,-3.613623823533999
221,42432.0,42797.65584960091,42487.88275399425,42716.25275717068,42821.08271443764,432.0,-20.467086817086965,400.1056542681872,178.46738036485476,24.635575625070487
222,43504.0,42778.296562664014,43418.26960042342,43036.84651612088,42865.17242578459,176.0,-17.817766736672638,166.94850265189234,87.01701701063212,12.148332636181294
223,42784.0,42762.020316127564,42821.779759298035,42890.286791191946,42845.37937971,-384.0,-14.385826174373506,-323.67212093055787,-93.41632933295477,-16.724077089093043
224,42736.0,42749.52491031527,42770.9253585623,42850.01385745497,42831.72427160641,176.0,-10.285420071468252,123.77239207575258,16.7339949905072,-8.868894523271592
225,43136.0,42741.44947598463,43069.32454344954,42923.75478117296,42827.64159066346,-40.0,-5.560877301591972,-34.978097865070595,-32.38168569552727,-19.50060140977439
226,42656.0,42738.40315571208,42700.96916283216,42785.25048606392,42792.72306878686,-184.0,-0.24971634758549044,-143.5095664565597,-73.87905207708172,-28.082368437258992
227,42768.0,42740.95004328946,42782.30541053642,42775.9966770188,42771.47685378894,208.0,5.546030244360736,152.86330038635424,-5.2554705357251805,-21.07237230847022
228,43072.0,42749.495216200805,43006.69576360487,42774.739544992466,42750.57832416992,-240.0,11.596795487555937,-236.59953553517335,-149.88735953009746,-36.96961341052884
229,42288.0,42764.14363426457,42309.106339466074,42476.2219579586,42697.53762696788,-520.0,17.50108107444248,-457.58902018045046,-204.40660805456355,-32.563815853638516
230,42032.0,42784.49737834969,42091.51772324397,42365.92632888334,42685.45069246264,88.0,22.707762900743546,79.99999999772263,56.66753536640681,20.585600117887225
231,42464.0,42809.559160066055,42469.10633946152,42589.557028691415,42738.708827203656,592.0,26.59468017491963,541.1704861530416,286.4092141537876,66.99357610120205
232,43216.0,42837.68673869953,43173.85869555005,42938.744757190914,42819.437844665044,376.0,28.57134327010135,355.99566121089083,210.56010709495604,60.90090969463563
233,43216.0,42866.70184660626,43181.0976618833,43010.67724288133,42860.51064659293,-184.0,28.201274474024103,-167.27272425022966,-30.728892868919502,23.298334257535316
234,42848.0,42894.08928764758,42839.31324704959,42877.286971453075,42866.034513180115,-456.0,25.315876738462975,-395.68363420902824,-118.74678570171818,6.425592246188899
235,42304.0,42917.333600083184,42389.730393465245,42773.18367147789,42873.361831085305,336.0,20.073062799154286,309.57744373883907,130.48853576376496,35.795409459457005
236,43520.0,42934.235413245886,43458.46813452727,43138.264042980605,42937.62533209903,496.0,12.960452132694627,441.0355383246788,174.21239299301305,35.14476761867627
237,43296.0,42943.25450434857,43271.8014701146,43121.60845746392,42943.65136632266,-472.0,4.742276473152742,-398.3688708194095,-103.85135678472943,-11.591397460237204
238,42576.0,42943.71996619219,42661.73039288845,42930.561329411146,42914.442537178555,104.0,-3.6430382875623764,73.23406730470742,-13.766463347194076,-12.286702285178762
239,43504.0,42935.96842777345,43418.26960472402,43094.07553076953,42919.0779617523,-24.0,-11.205562397066387,-26.417511587016634,-41.448033256856434,-24.610677338638197
240,42528.0,42921.30884139806,42608.89536971442,42847.66526289743,42865.22118250128,-240.0,-17.060591093169933,-214.53626250372326,-86.57763642337522,-36.99572012595672
241,43024.0,42901.84724558711,42989.19707971657,42920.92025792278,42845.08652150039,256.0,-20.554911955536227,206.28710858500563,21.715123986738035,-29.080334925871284
242,43040.0,42880.199017486986,43021.46958688443,42891.09551087091,42807.060512649536,-64.0,-21.363335018253565,-60.37955841000803,-104.27699161641794,-49.67298321837734
243,42896.0,42859.1205755506,42868.437962896554,42712.36627468994,42745.74055506363,-584.0,-19.53914213979442,-531.8695949042522,-270.54609883599187,-68.83292983271895
244,41872.0,42841.1207332074,41957.730397075924,42350.003313198926,42669.3946529841,-184.0,-15.503373667626875,-192.89197337173027,-123.36130489155403,-36.47616943033063
245,42528.0,42828.11382821535,42482.654016153094,42465.643664906835,42672.78821620297,288.0,-9.969722525067482,250.05787817250894,84.46218416132251,10.632974029023899
246,42448.0,42821.18128815726,42457.84615342094,42518.92768152157,42690.660601042146,-16.0,-3.815922745845455,24.42290437254269,88.74785737552156,30.005414891278633
247,42496.0,42820.48198272366,42531.49982489818,42643.13937965788,42732.79904598553,408.0,2.0704179133208527,360.21173403541616,197.78138796524945,53.97839724265941
248,43264.0,42825.322123983904,43178.269621491774,42914.49045745207,42798.617395527464,72.0,6.95503955840104,90.8870619502668,96.59630652022315,42.54921931830904
249,42640.0,42834.39206184046,42713.27394879871,42836.331992698324,42817.897484622146,-112.0,10.37528895459036,-80.45402466458108,20.007531595416367,28.174963325793215
250,43040.0,42846.072701893085,43017.36157216261,42954.5055206429,42854.96732217905,248.0,12.177979119398515,190.89548417698097,75.42628826602595,27.818203665854526
251,43136.0,42858.748020079256,43095.064917152675,42987.184569230376,42873.533891953855,-168.0,12.525768719046027,-126.97206924655256,-41.72866679733124,5.4432643724940135
252,42704.0,42871.12423933118,42763.41743366951,42871.04818704824,42865.85385092404,-24.0,11.816454872889153,-34.56031513564085,-32.61228865801968,0.4126515163916338
253,43088.0,42882.380929825034,43025.94428688139,42921.95999191434,42874.35919498664,-56.0,10.545919258205686,-47.75171238112671,-32.10819917673871,-2.176696188071219
254,42592.0,42892.21607784759,42667.91400890725,42806.83178869476,42861.5004585479,32.0,9.17739812909349,21.539766562123987,-7.712308872192807,0.6162864886500756
255,43152.0,42900.73572608322,43069.02382000564,42906.53537416995,42875.59176796394,-32.0,8.051411588661722,-34.7325070656625,-23.028727439832437,0.27089781424365356
256,42528.0,42908.31890102491,42598.44899477593,42760.7743338151,42862.042254176384,-120.0,7.319357965454401,-97.36843315784063,-29.373873447300866,3.1525989212605054
257,42912.0,42915.37444201413,42874.28695368996,42847.78762727535,42881.89696580646,96.0,6.919577781769476,87.27272736384839,54.90710709792256,18.34955992039977
258,42720.0,42922.15805658845,42772.994449503625,42870.58854801094,42898.74137401718,184.0,6.663787398443674,171.16043885127874,98.09519474106128,25.781476911583013
259,43280.0,42928.70201681102,43216.60783139252,43043.97801675747,42933.459919629626,144.0,6.307763152541156,119.1718433320093,55.378477125268546,17.39154159392274
260,43008.0,42934.77358289353,43011.338136167644,42981.34550226148,42933.52445720503,-224.0,5.611022710851103,-188.57901438665067,-75.959763365252,-3.6592395643419877
261,42832.0,42939.92406223272,42839.449802619216,42892.05849002697,42926.14144050094,-152.0,4.434396507953352,-134.6393204523556,-59.25776722102819,-2.6759446790420043
262,42704.0,42943.64237590944,42742.05949526293,42862.82996781942,42928.172567846945,104.0,2.801320847862371,92.90716895837977,50.18646170217107,13.239755738348322
263,43040.0,42945.526703928444,43025.264140535975,42992.43141343131,42952.62095197764,240.0,0.8774917383052525,209.52534795290558,105.81715232754141,20.079431729576754
264,43184.0,42945.39735938605,43161.110191168744,43074.464272474506,42968.3314313061,8.0,-1.0511568326546694,21.397006476498063,27.26499528044951,4.927050893766136
265,43056.0,42943.424390263135,43068.05815348897,43046.96140399221,42962.47505376517,-24.0,-2.6348665135992633,-32.761270234932454,-32.02216648619287,-10.53262485266896
266,43136.0,42940.12762635885,43095.58765069888,43010.41993950212,42947.26618160076,-200.0,-3.5380125001865963,-174.53224929570206,-99.33149473902449,-24.645563084373862
267,42656.0,42936.34836526276,42718.99365489757,42848.29841451416,42913.18392759642,-56.0,-3.4991320617737074,-61.625721313466784,-65.97231773088424,-21.223057624516514
268,43024.0,42933.129362235304,42972.336208071945,42878.47530404035,42904.82006635173,24.0,-2.3927573043620214,-4.976406465892069,-42.58545845363187,-14.322857927108998
269,42704.0,42931.56285065404,42709.04084196578,42763.127497606896,42884.538211742205,-296.0,-0.25155487448864733,-238.09115627725987,-85.78405763000774,-11.2549440224102
270,42432.0,42932.62625248633,42496.153895517426,42706.90718878034,42882.31017830691,208.0,2.743393438944622,181.44503871060442,81.2332855636123,20.28747548004685
271,43120.0,42937.04963753193,43071.93091938699,42925.59406873412,42925.1131627023,304.0,6.2860640101571335,261.8691132326603,121.48391432084463,33.05864253050822
272,43040.0,42945.19838050664,43019.892121982746,42949.875017422026,42948.42746336792,-192.0,9.989932828095334,-152.5781874905333,-20.781542601082037,18.73567383401678
273,42736.0,42957.02950318812,42766.774544405926,42884.03098353196,42962.58451037033,-128.0,13.444720692681585,-99.24485554719286,8.171457875912893,25.48627252092774
274,42784.0,42972.087821892004,42821.40241088836,42966.21793317385,42999.40000840978,456.0,16.264710504066898,397.74753168374446,173.29591622882072,47.58549845993548
275,43648.0,42989.55892419625,43562.269607773414,43230.6228159896,43057.7555072902,136.0,18.120183845876454,122.76105225681385,55.716290810545615,28.843274244936765
276,43056.0,43008.32818958376,43066.92451540199,43077.65051479494,43057.08655689965,-480.0,18.783557353232027,-407.37594262565835,-142.14704379718387,-0.6146225455704553
277,42688.0,43027.126038902716,42747.5177225221,42946.32872839523,43056.52626219906,-24.0,18.146618399379804,-21.818180269390723,-2.157422202100861,17.86601840936055
278,43008.0,43044.62142638252,43023.28815486321,43073.33567039074,43092.81859371837,424.0,16.224563230596686,353.81193800379333,159.6747771908813,40.53326120523343
279,43536.0,43059.57516536391,43455.141598529684,43265.67828277699,43137.59278460953,0.0,13.166205979512597,25.960704968270875,57.18175377474472,24.85383012162856
280,43008.0,43070.95383834154,43075.20956479975,43187.69917794023,43142.52625396163,-72.0,9.223822498512163,-43.8842097312081,11.870484133352875,11.659782050188369
281,43392.0,43078.02281036093,43367.37317906727,43289.4192510437,43160.912348709906,224.0,4.726257441689086,169.0295096038535,50.42969862532118,6.831712183768104
282,43456.0,43080.40635322492,43413.268584007456,43288.55857519087,43156.18967832917,-200.0,0.044775800826755585,-167.76167502252065,-84.58138825739297,-19.713186464283353
283,42992.0,43078.11236196259,43031.84982902223,43120.25647452891,43121.48597578134,-208.0,-4.461319306556106,-182.1696098741122,-104.1738633975001,-28.229403758759872
284,43040.0,43071.48371461181,43048.92936425923,43080.21084839587,43099.73087081165,104.0,-8.471888991105516,61.72635653314501,-19.940201935107325,-18.76856142910765
285,43200.0,43061.168583980376,43155.30254208852,43080.3760706587,43083.948852923124,-144.0,-11.726007022709382,-117.11411172812586,-59.646742407821876,-21.584575242366554
286,42752.0,43048.03170056639,42814.70114080298,42960.91736358023,43056.561720326914,-32.0,-14.033935437677428,-27.095697270633536,-15.000025288358302,-12.15904657986539
287,43136.0,43033.10071310502,43101.11114754725,43050.37602008198,43059.63075976339,144.0,-15.285917956491176,111.96574448050524,46.64666654274333,-0.7494225753544015
288,43040.0,43017.45986465341,43038.63262976399,43054.210696665716,43055.062875176205,-112.0,-15.423245206846332,-69.31536896330363,10.9400249165883,-3.814740828373033
289,42912.0,43002.25422269133,42962.48040962064,43072.25606991516,43052.00127810665,288.0,-14.445485987114807,245.81850008003312,98.1734082070252,3.9384668357743067
290,43616.0,42988.56889267918,43530.269629924056,43250.557513079766,43062.939808847754,72.0,-12.434558110042417,56.42796423399341,-4.419800295512687,-16.714478816509654
291,43056.0,42977.38510647124,43075.33633808863,43063.41646932413,43018.57232047363,-392.0,-9.532658656637068,-345.1108678227065,-183.4328090935669,-46.23887235044094
292,42832.0,42969.5035753659,42840.04789427864,42883.69189489263,42970.46206414687,-184.0,-5.984399638618925,-195.04897241678555,-153.87862698518802,-41.1871531194156
293,42688.0,42965.416307194006,42685.23839325506,42755.65921535376,42936.1980142348,-192.0,-2.1277229314509896,-168.61753474830402,-94.20307186198988,-21.85414920033145
294,42448.0,42965.248129503,42502.812824782035,42695.28575116865,42926.75376574621,88.0,1.6473030483066395,91.63855543715545,63.26941139921837,14.493439798719919
295,42864.0,42968.71091329062,42868.51550412937,42882.19803815219,42965.18489383224,448.0,4.931882886932726,388.2801999941985,196.01130605963408,43.490372777640005
296,43344.0,42975.11189527687,43279.37322477043,43087.30836328792,43013.73451130149,88.0,7.356707433948031,87.7238444932409,76.76450677969115,32.03634303432773
297,43040.0,42983.424328158515,43043.96319311585,43035.727051711576,43029.25757990089,-264.0,8.673813570720085,-215.5940660753149,-53.717785720557,14.98594759444677
298,42816.0,42992.45952241831,42848.1850926198,42979.87279184681,43043.70640649038,-48.0,8.806172608685301,-34.852637397034414,26.082136058634205,25.83414691401049
299,42944.0,43001.036673375886,42974.25791832178,43087.891323828844,43080.92587372891,376.0,7.856818746313365,340.0675707610935,179.96419389645962,44.06576092497562
300,43568.0,43008.17315991093,43528.32023414199,43339.801179639726,43131.837928340334,328.0,6.091015409925603,292.9583330799651,137.81044563074465,29.10395102843904
301,43600.0,43013.21870419574,43560.17458448171,43363.51221509033,43139.13377578579,-184.0,3.89048552159511,-167.27272725170042,-94.53285700422566,-15.747463765252178
302,43200.0,43015.954130954124,43193.77477963859,43150.735465631275,43100.34300080983,-520.0,1.6700746069654997,-469.98802516579235,-237.40901664342164,-43.7736249354748
303,42560.0,43016.55885340967,42620.19853415013,42888.69418180349,43051.58652591484,-216.0,-0.22102651757813874,-200.1214562222449,-97.69419292603561,-24.177148599243083
304,42768.0,43015.51207791897,42793.5318671941,42955.3470797792,43051.98870361134,560.0,-1.5436698781450104,487.035532437636,160.3264378653148,14.601612877071602
305,43680.0,43013.47151365338,43594.2695990254,43209.34705753412,43080.789751668985,8.0,-2.200163643417909,12.666666662942589,18.67350652197638,-1.1594643589123734
306,42784.0,43011.11175063213,42818.865200519984,42992.694092823156,43049.66977489352,-496.0,-2.227470303358132,-427.70219903334146,-112.3059182993893,-17.83648803078904
307,42688.0,43009.01657304666,42738.86520095872,42984.73522093534,43045.11677560741,448.0,-1.7492297220487671,395.13479932530026,140.4087385798557,13.30283949425575
308,43680.0,43007.613291188034,43609.134799170584,43273.51156998287,43076.27545388203,328.0,-0.9215984646289144,295.1347999718091,85.53213403896007,0.9724509687293903
309,43344.0,43007.173376117404,43329.134800902335,43155.79948901326,43047.061677544865,-624.0,0.1212546417300473,-545.7022015619805,-211.8123364629755,-44.0606924599233
310,42432.0,43007.855800471494,42517.73039604662,42849.88689705692,42988.15406896218,-120.0,1.2954855163552566,-137.97721738008113,-96.96914342788295,-31.099905134575238
311,43104.0,43009.764347150114,43053.18036614217,42961.861202157495,42984.861867275715,280.0,2.5829745888077014,227.9528013693489,40.90490617931937,-9.249108322681423
312,42992.0,43013.02174964911,42973.63599878532,42931.696709415555,42969.65585231682,-224.0,4.008624390444311,-171.36437343025318,-60.3161380341553,-16.323222343053203
313,42656.0,43017.781595931,42710.451619281666,42841.228926089185,42952.21542258961,16.0,5.600853701613232,9.073716904669709,2.1466797182183655,-2.6296585977324867
314,43024.0,43024.223457052336,42991.78343259466,42935.99006885199,42964.396535121356,144.0,7.3673997920886904,120.24897628629697,50.756177188799484,9.200939287817164
315,42944.0,43032.51639551518,42950.94957185426,42942.741280466784,42970.61730116524,-8.0,9.266044957472332,-6.0860014690952084,6.121851848183724,7.551631102149258
316,43008.0,43042.75554696728,42979.61142965647,42948.23377254836,42979.499797325654,-144.0,11.191303210118349,-113.28099391542128,-24.390621644241037,7.4574860266948235
317,42656.0,43054.89900193542,42724.38758402342,42893.9600371783,42985.53227321863,104.0,12.979973203589907,102.09501873402405,64.70628321908953,22.50908955390696
318,43216.0,43068.71549337446,43183.80146712452,43077.64633898654,43024.51797643347,344.0,14.424676064994856,283.0402744736857,114.50947130150234,29.411602036510885
319,43344.0,43083.74835406541,43290.46813297079,43122.97897978131,43044.355477291654,-272.0,15.30071915559165,-219.9351528627776,-65.17786931457522,4.855274722765898
320,42672.0,43099.316931685644,42743.93116139896,42947.29060035739,43034.228525879,-152.0,15.395156034690444,-127.93868101400949,-38.04307924522436,7.984474881301139
321,43040.0,43114.53866613479,43034.59077094277,43046.89282129086,43060.32442705426,320.0,14.538812222064735,263.61346425767624,103.0486315788985,27.112122527963948
322,43312.0,43128.39455612977,43271.158089914315,43153.387863515185,43088.45277093493,32.0,12.640628039513103,32.357768543115526,27.188973981916206,16.950982427420968
323,43104.0,43139.819922213814,43099.306308029,43101.27076925469,43094.2263919091,-248.0,9.71241474085764,-195.3202417402863,-53.481709633149876,5.284940569625178
324,42816.0,43147.81938561149,42880.51760643374,43046.424444248885,43099.02265207418,120.0,5.891723353193811,103.79933057345261,60.365897118637804,18.947392768786813
325,43344.0,43151.6033689202,43306.90496917591,43222.002563491966,43132.12117744667,280.0,1.4414978364293347,240.91220862169212,114.57940098905965,22.504584244830767
326,43376.0,43150.70238128435,43362.34202367713,43275.583246227005,43144.03182056384,-32.0,-3.260432596976898,-12.852827113129024,3.3723058485411457,0.3122341453563422
327,43280.0,43145.08250372625,43281.19931494965,43228.74717518905,43132.745645737385,-64.0,-7.760592582610116,-75.14613397921858,-72.46248344343257,-18.648892539582448
328,43248.0,43135.18119611913,43212.04975571869,43130.65827934014,43106.734035484675,-256.0,-11.585677871997177,-250.50039055052912,-156.75975617883523,-33.07490847847657
329,42768.0,43121.91114798225,42780.19853384859,42915.22766283138,43066.59582878043,-424.0,-14.339445384277496,-369.258942714132,-141.81678509307676,-25.208415265224176
330,42400.0,43106.50230535057,42473.531870290426,42847.024709153986,43056.317204954226,320.0,-15.758448217024124,313.9007268788191,155.3094008996086,22.53723642150726
331,43408.0,43090.394251548205,43407.99998760623,43225.846464630595,43111.670301623446,776.0,-15.752161381074984,696.3688699652521,287.7449877918989,40.536611750390875
332,43952.0,43074.99798258842,43866.26961022093,43422.514684737784,43137.39042845501,-248.0,-14.46206700752009,-233.74336620574104,-68.07443752391555,-15.01035174568824
333,42912.0,43061.470117533165,42940.513255194746,43089.69758958276,43081.64959813207,-592.0,-12.22201563604176,-534.6378927305268,-243.9683003636419,-47.25835041633036
334,42768.0,43050.55395131634,42796.99382475988,42934.5780840105,43042.87372762235,24.0,-9.503988349566498,1.4496933645023091,-71.83046356701016,-25.032184128609515
335,42960.0,43042.46214083403,42943.41264192375,42946.03666244874,43031.58522987485,80.0,-6.840607728703617,63.4820267826326,4.476909662615071,-7.709236253751442
336,42928.0,43036.87273585893,42923.95787832514,42943.53190333573,43027.455255114844,-64.0,-4.723721826030669,-39.6653719728929,5.261192554851732,0.8427879957343976
337,42832.0,43033.01469718197,42864.081897977965,42956.55904755845,43033.27080586632,104.0,-3.5142809635290178,100.5335095426417,75.30666800193649,15.879091044793313
338,43136.0,43029.84417393187,43125.024897410425,43094.1452393396,43059.21343720443,232.0,-3.3788816080596007,206.06748648459688,116.65881145095409,22.10330319833156
339,43296.0,43026.25693396585,43276.21687094716,43189.876670460355,43077.47741226298,48.0,-4.262638846274058,52.276328272539104,42.6697663509367,7.337845671700052
340,43232.0,43021.318896239325,43229.5775539555,43179.48477204148,43073.88912854783,-64.0,-5.905434183208854,-58.75154721412764,-36.649512398144,-11.493827287762542
341,43168.0,43014.44606559943,43158.7137765189,43116.57764566407,43054.48975768746,-112.0,-7.893238540582388,-117.29489484207443,-88.6183035453796,-25.074882975997753
342,43008.0,43005.53241915816,42994.987764271355,43002.24816495072,43023.739362595836,-264.0,-9.736655892520503,-228.7871908907946,-117.20539823799118,-29.9634269618291
343,42640.0,42994.97275381439,42701.139394737314,42882.166849188085,42994.5629037638,8.0,-10.960268348946556,11.848604152513872,1.0021088314133522,-11.448313643846632
344,43024.0,42983.61188246027,43018.68497257638,43004.252382613544,43000.84273530814,352.0,-11.179966777046502,290.97044072097196,112.21172473223123,5.121968309747899
345,43344.0,42972.6128202603,43283.08027617926,43106.59029865255,43004.806840383295,-56.0,-10.16275807412967,-40.20331550081028,-16.366934634723293,-12.995552905682416
346,42912.0,42963.28636631201,42938.27834157476,42971.5185133441,42974.85162949678,-248.0,-7.868616149520676,-213.410226730688,-105.31252863639747,-26.812629411677335
347,42848.0,42956.87558796126,42856.25982271788,42895.96524137975,42951.18158155994,-24.0,-4.453214655692136,-40.719405267464026,-51.570651274472766,-18.51096885883817
348,42864.0,42954.37993700062,42856.839531039834,42868.37721079515,42937.8296917791,-48.0,-0.23501574280453497,-35.22263647888394,-25.399425187024463,-9.660405191887548
349,42752.0,42956.40555647565,42785.814549760114,42845.1663910057,42931.860771176165,128.0,4.351376157250343,98.04776752083126,23.372375713406655,3.024117955872498
350,43120.0,42963.082689315124,43052.935066081496,42915.121962221965,42943.877927690846,-72.0,8.826852604070154,-68.20415327113369,-32.48344767275921,3.21105289922707
351,42608.0,42974.05926168379,42649.40624321785,42780.199495660185,42938.28287697462,-248.0,12.742082792341535,-196.4976067744101,-48.82271873168429,10.919093132499256
352,42624.0,42988.56685489981,42659.939852532676,42817.4765247586,42965.716113955845,208.0,15.737217094658263,190.23287197819445,134.01529147770998,44.51904267902137
353,43024.0,43005.533695873106,43029.871987174236,43048.230078615605,43027.32096233266,480.0,17.599965937311936,434.5258552607156,242.86859316480695,61.770896493446344
354,43584.0,43023.76678677443,43528.99156305411,43303.21371108821,43089.25790694274,200.0,18.288438340281573,188.8436064024463,114.59048801671452,37.19983995721486
355,43424.0,43042.11057255367,43407.55919997913,43277.411054649034,43101.72064224709,-224.0,17.91178054457123,-203.6363631793174,-99.09712911465977,-3.6512325832918577
356,43136.0,43059.590347863574,43121.71883669547,43105.01945285889,43081.955441776154,-408.0,16.696716491584084,-365.23817542821416,-187.8818753607011,-22.467428382129583
357,42608.0,43075.50400553684,42677.0828491227,42901.64730392763,43056.78578548283,-96.0,14.934410197362013,-91.22974633736158,-56.54849696743986,-2.730367019175901
358,42944.0,43089.4591682583,42939.25934402075,42991.92245892401,43076.4947077378,272.0,12.916042151136935,238.4732150017917,114.23638445838515,26.333657641855098
359,43152.0,43101.33608983911,43154.029279126284,43130.1200728444,43109.45310076654,248.0,10.881122503313236,224.9163307369381,127.25765034258802,30.83104806706615
360,43440.0,43111.221413264924,43389.092005494625,43246.43775960919,43138.156803871934,-40.0,8.98343483908684,-19.477246158508933,19.53656656937892,13.611543298993638
361,43072.0,43119.302959517285,43115.074786809266,43169.19320598316,43136.67618736453,-64.0,7.2793853243711055,-58.64328463904894,-28.647950634447625,1.7531928608186718
362,43312.0,43125.78018391367,43271.80543621653,43189.14185834029,43141.66318959357,-32.0,5.74806841051759,-44.24216951010749,-41.48041847272543,-3.529838291280612
363,43008.0,43130.79909633832,43026.59044778905,43086.23236903771,43129.61651078197,-184.0,4.321623804047704,-152.26274948223,-63.793304783725034,-5.965853272500681
364,42944.0,43134.42343152176,42967.27993725207,43061.55524877284,43129.73148304857,64.0,2.919978805388382,57.089175723373046,34.10050412155397,9.401546419027
365,43136.0,43136.6390539491,43140.7687992358,43154.43337728082,43148.41960362002,224.0,1.4828691422917473,197.33285816269563,102.0948171483833,19.30910075245265
366,43392.0,43137.389169806345,43361.94565357746,43265.74488306961,43168.349684553476,72.0,-0.002979204225994181,70.90512222895632,48.18394732359593,8.747565161127568
367,43280.0,43136.633095540645,43282.57904369371,43250.80127192801,43165.91473394228,-80.0,-1.5030226616254367,-66.47139141520529,-29.54297517759187,-8.139213914080756
368,43232.0,43134.383124483094,43229.00287074705,43206.658932714425,43152.071256725314,-64.0,-2.9588585598576174,-68.56181921140524,-56.81287285637518,-17.839914380700066
369,43152.0,43130.71537842093,43145.4554052709,43137.17552621526,43130.23490518088,-128.0,-4.296890338329831,-116.2704391216721,-76.89564339154094,-22.924606285392656
370,42976.0,43125.789343806435,42996.461992503704,43052.86764593134,43106.22204415453,-40.0,-5.450394723051431,-46.683450248681766,-45.874057318240375,-17.501758818623784
371,43072.0,43119.81458897483,43052.088504773536,43045.42741157878,43095.23138754363,-56.0,-6.380741596240114,-43.9309638624909,-20.72652856318018,-9.829087233716564
372,42864.0,43113.027860613955,42908.60006477872,43011.41458880498,43086.563869687096,88.0,-7.074176326728775,79.51188389878371,39.69447162870347,2.4606756278190005
373,43248.0,43105.66623632137,43211.1122725711,43124.816354836184,43100.15273879927,144.0,-7.531160491122137,118.07357064791722,51.80994344928695,6.196506052139739
374,43152.0,43097.96553963171,43144.74720607456,43115.03447570356,43098.956881791375,-136.0,-7.765751582755911,-102.62903612375885,-28.264641280846263,-3.848012918326276
375,42976.0,43090.13473315586,43005.854200323585,43068.28707227449,43092.456712962616,24.0,-7.798754840106994,10.377995866969286,-0.6038672918220982,-0.6773331806325587
376,43200.0,43082.368029951496,43165.503197808495,43113.82674111991,43097.60221543011,-24.0,-7.649000217712455,-12.835013472609717,2.4530394053763303,0.025613239005906507
377,42928.0,43074.83673272043,42980.184173378366,43073.193151085245,43092.50793944063,88.0,-7.340306260139187,75.60184246168865,31.962985507954727,3.131120982543507
378,43376.0,43067.68741743122,43316.70688273187,43177.75271213582,43103.8644573952,56.0,-6.902261018491117,40.05712301285166,5.4359171184878505,-2.250259175667452
379,43040.0,43061.03221068345,43060.29841940407,43084.06498532222,43088.00742108929,-184.0,-6.372928994402173,-154.91636630745415,-71.65523415249118,-13.456665251440427
380,43008.0,43054.94155944241,43006.874150116964,43034.44224383084,43076.951126892316,-56.0,-5.793046072572906,-59.05351870228333,-36.401619575965015,-7.6087378523588995
381,42928.0,43049.446118538304,42942.1913819995,43011.26174617029,43072.789945384575,-8.0,-5.190410804698331,6.2741418800578685,18.45037542459977,3.07831576148601
382,42992.0,43044.56073783302,43019.42243387708,43071.34299468004,43083.10775841529,248.0,-4.570957828149403,214.34322126298866,99.75274584976796,14.873200951478793
383,43424.0,43040.304202882005,43370.87782452548,43210.767237869826,43102.53634728753,112.0,-3.9103011749248253,85.8445132757879,32.80786212470048,3.3554062366201833
384,43216.0,43036.74013548317,43191.111460428656,43136.95871892944,43089.81857088853,-384.0,-3.154822517553839,-314.57373357696633,-113.32915947566653,-19.02684785458041
385,42656.0,43033.9945578469,42741.73035737155,42984.10891891849,43064.48265157837,144.0,-2.2401219970961392,113.57908614522239,11.204659448296297,-4.911786731234315
386,43504.0,43032.259891488975,43418.2696327191,43159.36803782603,43079.99499742606,88.0,-1.1145340224102256,68.03884836950965,2.943137820559059,-5.68790428101056
387,42832.0,43031.76548980208,42877.80805411057,42989.99519455961,43053.10684301635,-304.0,0.23698653781684698,-255.51644820335787,-90.37524598661184,-15.832812258893682
388,42896.0,43032.73386456461,42907.236736312385,42978.61754585281,43048.32937290827,104.0,1.7732927201759594,85.61236376372835,29.931124219598132,2.8389985373396485
389,43040.0,43035.31207524243,43049.03278163802,43049.85744299881,43058.78484009103,224.0,3.3925028541452775,186.9599535157431,76.16861864540624,11.394709187308763
390,43344.0,43039.5188702729,43281.15664334387,43130.95478314362,43071.11879128289,-104.0,4.947458685401216,-82.09292157479649,-25.42526828337577,-1.310109243997431
391,42832.0,43045.20699261323,42884.84693848843,42999.006906432056,43056.164621603035,-160.0,6.25744968339859,-132.07501241329737,-48.444423495533556,-3.745938599706278
392,43024.0,43052.0337696397,43017.00661851728,43034.065936152554,43063.62691408348,120.0,7.1407230209733825,97.19277261520983,40.091997796775104,9.443638184620795
393,43072.0,43059.48843865518,43079.23248371885,43079.190902025606,43075.05189797228,112.0,7.446194294185261,98.38828379583356,48.72041688585159,11.577578787411767
394,43248.0,43066.92615822807,43213.78318610894,43131.50676992426,43086.7820716583,-48.0,7.063120794515271,-36.53336706520713,-5.93074713922033,3.6692772689384583
395,42976.0,43073.61468024421,43006.165749588436,43067.329407747166,43082.39045251015,-72.0,5.9472687939305615,-56.78868857830821,-18.512658303505305,0.9279034773608146
396,43104.0,43078.82069581593,43100.20580895233,43094.48145331725,43088.63787861302,96.0,4.132301657911739,75.0691041255377,22.392772228700778,5.4793200335225265
397,43168.0,43081.87928356003,43156.30395783951,43112.11495220457,43093.3490925772,8.0,1.7260046142728243,-2.382061915268423,-10.309025010395999,0.9786685930339445
398,43120.0,43082.272705044474,43095.44168512179,43073.863403296455,43090.59521579909,-224.0,-1.0892507594217022,-183.65384710876242,-61.319847259888775,-4.2241159881523345
399,42720.0,43079.70078204119,42788.996263621986,42989.47525768479,43084.900860600894,24.0,-4.063958643917431,38.535896610130294,50.34948323073331,12.550687831844698
400,43168.0,43074.14478775664,43172.51347834205,43174.56236975792,43115.69659146278,488.0,-6.89715457209968,417.4026015822201,188.3682969520887,28.180560435030202
401,43696.0,43065.90647289699,43623.801466786426,43366.21185158897,43141.261981470954,88.0,-9.25852456944267,78.97732722458386,26.75540762552555,-2.1715109182805463
402,43344.0,43055.62773861775,43330.46813279122,43228.07318500897,43111.35356962622,-480.0,-10.812908308707847,-414.79878405858835,-196.1020740755048,-41.540733363424806
403,42736.0,43044.280656279574,42794.20389866925,42974.00770343796,43058.180514744105,-184.0,-11.259045388549566,-191.43862675623677,-135.06162985203628,-37.064029144909
404,42976.0,43033.109647840654,42947.590879278745,42957.9499253049,43037.2255113364,24.0,-10.362533802468533,11.341377003223897,-25.082815480607678,-17.89372784088482
405,42784.0,43023.55558867464,42816.8866526757,42923.84207247674,43022.393059062335,8.0,-7.986871275676094,33.729036775454006,35.81318341021688,-2.91279932094767
406,42992.0,43017.1359052893,43015.04895282965,43029.57629212533,43031.399912694505,376.0,-4.135389629420388,316.6914864521932,124.52236571125468,10.976849266895442
407,43536.0,43015.284809415796,43450.269625580084,43172.88680389925,43044.346757596126,-152.0,1.0189660357245884,-124.11540737555697,-38.24608627645284,-11.635817218571901
408,42688.0,43019.17383736075,42766.81813807854,42953.08411957243,43008.12827825736,-168.0,7.139374731548742,-161.96101123241897,-87.26062454061685,-20.21206542589789
409,43200.0,43029.563558878894,43126.347603115246,42998.36555481802,43003.92262674433,8.0,13.746516715644248,-8.732519387063803,-55.535787345394056,-14.009520175812213
410,42704.0,43046.66687079204,42749.35309930441,42842.01254488164,42980.10923790574,-168.0,20.25090542003818,-150.22900728879904,-87.34673749556168,-10.00792694330812
411,42864.0,43070.06536971897,42825.88958853765,42823.672079826894,42983.906772857714,-128.0,26.037043694592285,-114.01556807851011,-38.50442514129827,9.792873594862613
412,42448.0,43098.740958181224,42521.32196314739,42765.00369459904,42999.69498509546,88.0,30.550362887028314,102.40615085086756,99.83346207166687,43.372961492521426
413,43040.0,43131.16609549303,43030.70189023938,43023.33900397023,43070.65269584276,472.0,33.38131158826582,422.52541778474915,250.00481135630253,72.49034553943056
414,43392.0,43165.503581357756,43366.37279871689,43265.01331731165,43144.67567617432,200.0,34.32997246907689,207.53490206193237,178.18097199724434,61.656764140283485
415,43440.0,43199.82604043118,43445.77169436325,43379.70094796472,43193.96622412332,112.0,33.433980648016586,108.25736746259281,84.53810463542322,36.98885915516803
416,43616.0,43232.37154265379,43582.887533642075,43434.089526582495,43218.65339448466,-16.0,30.947197843601316,-28.446492510815006,-36.56665809097103,4.8198400855690124
417,43408.0,43261.72043611838,43388.87870934162,43306.567631782775,43203.60590429446,-304.0,27.27514148305636,-289.6152775923765,-178.23807890833632,-25.26719497547674
418,43008.0,43286.9218256199,43003.65697845732,43077.61336876582,43168.119004533706,-480.0,22.884594972045306,-427.5741583069539,-194.14757863403793,-27.480949534066895
419,42448.0,43307.489626062474,42533.73039272771,42918.2724745147,43148.64400522633,168.0,18.21542927390692,165.60435640320793,75.79534300622618,15.557200953935535
420,43344.0,43323.352684167716,43334.86569126374,43229.204054778274,43199.23340644158,640.0,13.61489741387777,569.2220960697196,253.53360765271646,43.35107153732679
421,43728.0,43334.71942089023,43672.17458486715,43425.33968982013,43235.34614830098,64.0,9.268750373583316,58.181817939155735,44.80547995192319,11.480049274454359
422,43472.0,43341.89018491488,43451.22932714205,43318.81501468212,43222.193504990486,-544.0,5.196211495189345,-473.2220943337088,-183.11716779695416,-25.642968060968997
423,42640.0,43345.11184388061,42725.73039619973,43059.10535422622,43184.06021217904,-72.0,1.2835492751000857,-75.71392913355157,-50.15698334278204,-10.930282202491071
424,43328.0,43344.45728346508,43299.801468874946,43218.50104799656,43200.332940585504,432.0,-2.674208092274057,360.3688685586603,104.64621776861168,9.88937543573411
425,43504.0,43339.76342769606,43446.46813331705,43268.39778976345,43203.83896305051,-264.0,-6.892709418127197,-209.02588677779568,-67.90436335138293,-11.502029382463661
426,42800.0,43330.67186462883,42881.749695319355,43082.69232129379,43177.32888182058,-80.0,-11.51677332154577,-87.9367435957538,-44.35930782276046,-7.64363713890998
427,43344.0,43316.72988105297,43270.594646125544,43179.679174117926,43188.55168877269,24.0,-16.543295727100485,21.818181433900463,14.826439883094281,3.4503913907537935
428,42848.0,43297.58527317463,42925.386058187156,43112.34520105998,43184.229664602084,40.0,-21.771366645938542,59.03209237391275,64.8386274720433,12.48945905949222
429,43424.0,43273.18714776109,43388.65883087337,43309.35642906201,43213.530606891676,312.0,-26.79849764363462,269.2565376765597,139.68944253303926,18.777472634177684
430,43472.0,43243.98827788736,43463.899133540275,43391.72408612606,43221.78460987044,16.0,-31.057285954619147,34.73597036826686,42.229700127078104,-4.256766527712898
431,43456.0,43211.07257585185,43458.1307716099,43393.81582931617,43205.01707383625,16.0,-33.915137424606655,4.885496119160962,-29.00034215180858,-29.316682342381682
432,43504.0,43176.158003038145,43473.6701257786,43333.72340182244,43163.151245185676,-128.0,-34.7963786433902,-136.11001693833896,-145.23072658250385,-58.908266391285
433,43200.0,43141.47981856507,43185.910737733226,43103.35437615116,43087.20054105368,-512.0,-33.325711619254434,-469.9281318297435,-278.6918375956993,-81.59067707931536
434,42480.0,43109.506579799636,42533.81386211911,42776.33972663104,42999.969891027045,-288.0,-29.44709831851651,-271.3051325680681,-178.8447862046014,-61.232155475281616
435,42624.0,43082.58562192804,42643.30047259709,42745.66480374196,42964.73623010312,264.0,-23.471112980882026,205.98897346341255,30.15747898189875,-18.196849418771308
436,43008.0,43062.56435383787,42945.791809045935,42836.65468459484,42963.5761921895,-16.0,-16.063158477332763,-8.549618321460002,5.317223150304926,-3.381228304140677
437,42592.0,43050.459304973374,42626.20123595417,42756.29925004257,42957.973773494836,-200.0,-8.140032219358545,-148.58439332091075,1.794190469008754,12.696269980078796
438,42608.0,43046.284289399155,42648.623022404114,42840.24306553286,42988.96873214966,376.0,-0.7005650565770338,348.80011483800627,200.0653482567177,50.04339526230251
439,43344.0,43049.05817486022,43323.80146563018,43156.429946556,43058.06056401944,504.0,5.348853282903292,450.9225550094852,222.40185430115162,54.7948600707532
440,43616.0,43056.98199596496,43550.468132423084,43285.04677413516,43098.55845229117,-208.0,9.360080467038642,-180.70039599862503,-36.85978535326649,14.625810886285763
441,42928.0,43067.7783357943,42962.40067363293,43082.71037584947,43087.31218579201,-392.0,11.044625659680605,-336.3563657185441,-124.98121036095472,-3.2806572095505544
442,42832.0,43079.07124728432,42877.755400985996,43035.08435341325,43091.997137872066,176.0,10.50238428972807,144.13173228306187,53.91615427040597,17.684808973652252
443,43280.0,43088.78310437375,43250.664138199056,43190.54268439028,43122.68180373932,256.0,8.170685546574532,226.22942820835306,110.72967317217626,22.818756054217374
444,43344.0,43095.41261837747,43330.2142574027,43256.5436997576,43137.6346499805,-8.0,4.708262643380294,10.621406217156618,22.27286524612282,4.63457874020969
445,43264.0,43098.199629660514,43271.90695063337,43235.08841488253,43131.950961219736,-8.0,0.8425607770441275,-18.772553602477274,-35.91107743381144,-12.286140699776297
446,43328.0,43097.09773993156,43292.66915019775,43184.72154488998,43113.06236858095,-152.0,-2.7641423081186076,-155.89204944689482,-122.00609754755351,-29.635474209742824
447,42960.0,43092.67134504428,42960.12285173958,42991.07621978742,43072.68001280025,-376.0,-5.609150323649374,-331.932039760286,-178.10721520885636,-34.748355140687636
448,42576.0,43085.87943928426,42628.805070677176,42828.50711447227,43043.56565829957,-72.0,-7.412542646379734,-67.29242767652977,-36.31554807901193,-5.736071585695754
449,42816.0,43077.84625975152,42825.53799638652,42918.4451236294,43061.20786962886,264.0,-8.114418948945968,244.42290764195786,141.1605709718242,29.902604810729827
450,43104.0,43069.65060138637,43117.65088596109,43110.828256415916,43103.37086792103,408.0,-7.824244062961952,360.36731938000594,195.7972609944809,42.13154168822439
451,43632.0,43062.19777162559,43546.27263514653,43310.03964561836,43145.47095300531,-64.0,-6.750905279077415,-30.017255773556826,38.23121201161848,17.773632734541025
452,42976.0,43056.148790828214,43057.61637441398,43187.29068043915,43138.918133390114,-56.0,-5.1314271221417584,-50.57220797098125,-17.103624959629087,1.5930870543088531
453,43520.0,43051.93491738131,43445.12821920457,43275.8323956991,43148.657127113926,40.0,-3.1661605897570553,13.152940813437453,-33.54208689049847,-8.828149920489523
454,43056.0,43049.8164696487,43083.92225604085,43120.206506658156,43121.261833549135,-256.0,-0.9836847826991288,-221.5946829594759,-123.52263571186631,-24.132201887332485
455,43008.0,43049.96754781591,43001.93885328562,43028.78712427537,43100.39272333926,-112.0,1.3797524390683975,-112.28913632714466,-81.02582024510775,-16.24947404291379
456,42832.0,43052.57597452684,42859.34398338656,42958.15486616794,43088.76288546331,-8.0,3.974885545707366,-5.874952966238197,-7.554825023449666,1.208306397213164
457,42992.0,43057.917318907326,42990.18894735314,43013.67747422847,43102.80933613369,136.0,6.918977852397802,121.78970073227538,66.36134517475512,19.586917477063253
458,43104.0,43066.41393023163,43102.923384851114,43090.87755651745,43127.936720417434,120.0,10.356682339370309,107.35136175355001,70.63886054771137,26.32422030462112
459,43232.0,43078.63068358607,43204.89167086024,43154.95519532389,43155.45777674293,-64.0,14.430622037674766,-33.573359689686185,25.555236468386283,23.693945162638556
460,42976.0,43095.27517430698,43035.77666547174,43141.98802945422,43175.32461074271,168.0,19.21499861758275,138.68899697548477,70.02684885744384,29.833064536920574
461,43568.0,43117.06068082123,43482.26966481121,43295.00889303878,43215.12390581677,-72.0,24.657618869536236,-59.02315187330532,16.52531010394887,22.15549036489392
462,42832.0,43144.590412046055,42917.73036172513,43175.03864966212,43219.6355914725,168.0,30.569557610579068,167.99997275945498,51.54908145439913,23.89346522935739
463,43904.0,43178.19979604239,43818.26961033012,43398.10705594758,43262.910836275485,40.0,36.588367525815556,13.541179092713719,-29.87806574075512,11.220786616755504
464,42912.0,43217.767147097686,42944.81271991056,43115.28251818061,43242.07716470601,-552.0,42.17861510671355,-486.99083666023944,-181.1832786766645,-4.329813334170467
465,42800.0,43262.55702625582,42844.28793700964,43035.74049859425,43254.251209607144,144.0,46.69409498364621,120.9149021473022,38.32822971076166,34.88660538148906
466,43200.0,43311.15533706498,43186.64252420516,43191.938977602134,43311.85037546899,312.0,49.45528068668136,275.5672082213423,152.16796780895675,63.19168463529786
467,43424.0,43361.46758762918,43395.422353452326,43340.07643421216,43380.63457887774,40.0,49.836821663840965,65.89159650879083,106.17567371610494,66.61593235263354
468,43280.0,43410.82898039266,43318.425717222744,43404.290325034344,43445.082240174255,112.0,47.36900261931805,115.13194988412579,126.35905333935443,72.70177330523074
469,43648.0,43456.20559286782,43625.68625322058,43592.79454089087,43526.0381254882,200.0,41.8372168502101,195.69180210071136,160.901486301962,74.8577915883543
470,43680.0,43494.50341409308,43709.80932142417,43726.09329763827,43594.797823350964,256.0,33.348666435853374,233.16967532444687,156.34540556652792,64.49958903031438
471,44160.0,43522.90292573952,44092.02560386947,43905.48535202393,43655.03730354883,40.0,22.35142092136084,42.34430179264746,52.13473039762539,34.991345375303354
472,43760.0,43539.2062559358,43794.49792500946,43830.36275843352,43664.78051410157,-152.0,9.64266384538496,-125.0380538127065,-39.94121437364447,4.98223625781975
473,43856.0,43542.18825343029,43841.94949624406,43825.60292327664,43665.00177606447,-16.0,-3.7103051569611125,-22.800947545114468,-19.958373518566077,-9.328649233873875
474,43728.0,43531.78564562188,43748.89602991923,43790.44601139639,43646.12321563382,8.0,-16.48743621817266,11.426683271329239,-3.933906182053761,-22.972399648959254
475,43872.0,43509.21338099395,43864.80286278672,43817.73511091253,43619.05697676655,104.0,-27.45538053348355,79.9211468010908,0.15665497240479453,-39.71339002894456
476,43936.0,43476.87488455491,43908.738323521415,43790.7593213412,43566.696435575934,-96.0,-35.562523304612114,-92.37292165823601,-99.59612890073186,-70.82571941181595
477,43680.0,43438.08833438472,43680.057019470245,43618.54285311107,43477.40553794292,-232.0,-40.11696606443002,-228.39620669995566,-202.94504167459672,-99.42062073587294
478,43472.0,43396.64095242605,43451.9459101215,43384.869237992,43367.85519410419,-384.0,-40.930056448421965,-369.5626524209001,-277.2389961230583,-114.75758413352014
479,42912.0,43356.22822148788,42940.931714628445,43064.06486086495,43247.89036967588,-336.0,-38.39623280735759,-325.17452867115935,-244.77194669458186,-103.17030594451717
480,42800.0,43319.84848681134,42801.596852779185,42895.32534460284,43161.51458221515,-136.0,-33.484565601193026,-131.35059795334018,-121.0768439606909,-68.300058349967
481,42640.0,43289.25909028549,42678.230518721764,42821.91117294357,43111.290252975945,88.0,-27.631351194446324,67.78625955138341,17.541414812512812,-26.659816590410628
482,42976.0,43264.585784422445,42937.16937188195,42930.408174227865,43108.19494903433,56.0,-22.546757232896198,64.78571256994837,85.70108839822933,3.514443510106503
483,42752.0,43244.1655758197,42807.80194386166,42993.31334974003,43118.31913999616,264.0,-19.98778478903114,267.15585063451,183.56185038217518,28.4401479616281
484,43504.0,43224.61021484438,43471.48107315097,43297.531874992215,43165.07524495759,424.0,-21.503296082788438,383.5709356976913,200.98446274829985,29.80986720931469
485,43600.0,43201.158983654124,43574.943815257044,43395.28227523663,43177.93887441479,-24.0,-28.22017139986565,-21.818181608687155,-4.608462137275637,-8.239426822063251
486,43456.0,43168.16987204465,43427.8447099336,43288.314950717664,43148.59639131346,-544.0,-40.6713042553929,-488.6067070646568,-190.8098491601304,-44.71266353565443
487,42512.0,43119.81637514334,42597.73040112773,43013.662576916366,43088.51354734348,-32.0,-58.75053263091468,-35.28066290125935,-23.821085343119194,-31.257166602808866
488,43392.0,43050.66880678282,43357.28338413108,43240.672780031426,43086.082058107844,488.0,-81.70223449336117,420.5194148019764,151.34659313077645,-17.727386330239824
489,43488.0,42956.411906156616,43438.76923073168,43316.35576317792,43053.058774683,-224.0,-108.1131851547143,-164.66799974096284,-10.139135264547804,-54.77034469069622
490,42944.0,42834.44243647339,43027.94738464915,43220.39450950233,42976.54136872645,32.0,-136.0238795365949,49.18278459829162,42.23600107557286,-74.89033752022442
491,43552.0,42684.364147083426,43537.134799928266,43400.827765329064,42903.27809964255,472.0,-163.0652027231663,394.59370748538277,104.84713849126638,-105.69936410177615
492,43888.0,42508.31203102706,43817.13479961992,43430.08878648486,42765.1426405229,-320.0,-186.60731478069647,-312.5674014543729,-244.41622449292117,-194.27832709350332
493,42912.0,42311.14951752203,42911.99999701952,42911.99531634322,42514.72144545554,-768.0,-203.8864240182338,-732.567397532599,-539.0417749744738,-270.28512279457937
494,42352.0,42100.53918299059,42352.00000455472,42352.005236535915,42224.57239493374,-520.0,-212.22710885088964,-518.0263067398082,-507.75901852554307,-296.5204307751155
495,41872.0,41886.695299820254,41875.947383539904,41896.477279292136,41921.68058390531,-432.0,-209.27427274790898,-432.6153869912232,-429.85015871591895,-300.40778183316434
496,41488.0,41681.990637494775,41486.769230572274,41492.30491910408,41623.75683126741,-392.0,-193.2077915609152,-395.33200010624205,-402.01990063602716,-291.1359110745252
497,41088.0,41500.279716698424,41085.28338332742,41092.43747802008,41339.40876175626,-424.0,-163.02108912200492,-422.8383376511665,-397.6487020739514,-271.7776314233415
498,40640.0,41355.948459250765,40641.09255526994,40697.007514956174,41080.20156842073,-456.0,-118.7781834838861,-430.958644664388,-366.9262055858162,-237.19711491449561
499,40176.0,41262.72334973065,40223.366093998644,40358.58506684845,40865.01453192727,-160.0,-61.858727769664256,-180.89599127805923,-247.12991468350447,-180.73630989709272
500,40320.0,41232.23100371144,40279.30057271382,40202.747685589165,40718.72894862654,-120.0,4.8743708622059785,-147.56265771572725,-214.46353846470083,-126.34913586940093
501,39936.0,41272.47209145506,39928.24077856719,39929.65798991905,40612.31626018847,-480.0,77.10459938158601,-437.12508876223,-276.26070071059075,-72.5968754286514
502,39360.0,41386.44020247461,39405.05039518936,39650.226284167984,40573.53519776924,-272.0,149.28596100645518,-250.66921997946702,-134.31856366707507,21.89569746923371
503,39392.0,41571.044013467974,39426.902338608255,39661.0208625849,40656.107655126936,216.0,215.12686610747187,196.36363646018071,145.3050097093619,145.7778401140422
504,39792.0,41816.69393468955,39797.777668109724,39940.83630358671,40865.090877997325,512.0,268.33976523411184,494.5488307623564,377.4897828398207,262.63776677025453
505,40416.0,42107.7235439362,40416.00000013297,40416.00042826454,41181.383188667445,712.0,303.54178035892255,709.1111659111484,637.581759944951,354.5614701034974
506,41216.0,42423.7774954074,41215.99999993202,41215.99982347661,41574.21381820432,1784.0,317.12998488427183,1783.9999999688625,1783.999794966665,1274.8390605744098
507,43984.0,42741.98351370474,43984.00000007069,43984.00001819787,43731.061309816265,2088.0,307.96320578271843,2087.9999998666026,2061.3065596947745,1280.1028169754354
508,45392.0,43039.703906972834,45391.999999665226,45338.61294286616,44134.41945215519,928.0,277.668767854655,925.3349422237588,864.9389410309923,340.47911494668733
509,45840.0,43297.32104941405,45834.66988451821,45713.87790025985,44412.01953970964,424.0,230.46027461593985,409.0103693214587,312.2039075236171,206.2010645399314
510,46240.0,43500.624456204714,46210.02073830814,45963.02075791339,44546.82158123505,248.0,172.46975486400333,225.45454533063094,110.65323661024013,50.14312058716314
511,46336.0,43642.26055914206,46285.57897517947,45935.18437348033,44512.305780883966,-552.0,110.7295029820234,-537.0103691560071,-413.5103792524351,-125.70051130688807
512,45136.0,43722.08346216876,45135.99999999613,45135.99999940852,44295.42055862128,-1504.0,52.04116493091351,-1457.0115989597325,-1189.7455688955197,-258.91419433162446
513,43328.0,43746.342889003885,43371.55577726001,43555.693235689294,43994.47739222072,-864.0,1.937789604820864,-878.769230754322,-890.6327697870693,-267.61929678952583
514,43408.0,43725.9590413784,43378.461538487485,43354.734459834384,43760.181965042226,-112.0,-35.991732541300735,-140.78654633510814,-227.59154593771746,-216.68632892637834
515,43104.0,43674.35942392128,43089.98268458979,43100.51014381386,43561.10473436796,-480.0,-60.3732977320833,-426.4648355091449,-255.96924411359578,-176.22199395586722
516,42448.0,43605.212445914236,42525.531867469195,42842.79597160719,43407.73797713049,-120.0,-71.8853968644944,-108.89207521423305,-60.31618640306624,-105.37985838094392
517,42864.0,43530.588630192295,42872.198534161325,42979.87777100773,43350.34501760607,520.0,-72.74387815333102,452.4953006267315,195.02068490439342,-33.075708644119004
518,43488.0,43459.724689607574,43430.52246872266,43232.83734141598,43341.58655984225,216.0,-66.0431458751118,206.10031504664948,125.37824111624286,-16.079129771700536
519,43296.0,43398.50233844207,43284.399164254624,43230.63425324021,43318.18675806267,-256.0,-55.07722855717657,-204.12748319490493,-34.8859615556612,-22.290463876452122
520,42976.0,43349.57023249322,43022.26750233285,43163.06541830466,43297.00563208935,-48.0,-42.78602368752399,-30.794150257515867,25.963874216773547,-5.130844368857652
521,43200.0,43312.93029106702,43222.81086373959,43282.56200167376,43307.925069324956,488.0,-31.40683437788539,422.001048714661,160.7775842059782,16.31569070186015
522,43952.0,43286.75656373745,43866.26959976217,43484.62058671661,43329.63701349307,-152.0,-22.3265172773863,-126.1111476626429,-31.631121598838945,-9.4062051572364
523,42896.0,43268.27725651225,42970.58856841431,43219.29975847608,43289.11265901048,-312.0,-16.112417753382033,-289.2236753901889,-103.6709490024914,-20.86872153206059
524,43328.0,43254.531728230686,43287.82224898179,43277.27868871163,43287.89957042895,136.0,-12.656576510249579,116.34492547645277,32.61827459136475,-3.218110060086474
525,43168.0,43242.96410349175,43203.27841936721,43284.53630765881,43282.67643889031,80.0,-11.392392487763573,91.84826722147409,65.52577277658565,0.5106904058739019
526,43488.0,43231.74694325516,43471.51878342474,43408.3302342648,43288.920951240696,208.0,-11.516256971161056,185.83428118125084,83.95904373838857,-3.7094400875757856
527,43584.0,43219.93158954943,43574.946981729714,43452.45439513559,43275.25755871516,72.0,-12.203241330033052,58.16310695352149,-21.648641561419936,-29.100514589783415
528,43632.0,43207.34046059509,43587.844997331784,43365.03295114196,43230.71992206113,-352.0,-12.735674701914832,-344.0648717602053,-220.90496842264474,-64.60164055096902
529,42880.0,43194.4602401456,42886.8172382093,43010.6444582903,43146.05427761322,-584.0,-12.61120824171303,-530.7536940547652,-289.0662637065143,-71.36293056725117
530,42464.0,43182.11804411167,42526.33760922225,42786.900423728934,43087.99406092663,-48.0,-11.599306171949138,-48.791582875801396,-62.29382269690177,-26.860513640258432
531,42784.0,43171.2616278017,42789.2340724577,42886.056812896495,43092.333250332704,320.0,-9.70981390859015,289.0668255239434,150.18479561581262,19.755851922709553
532,43104.0,43162.69841629449,43104.47126027014,43087.27001496056,43127.505764772046,344.0,-7.115815376659157,317.59348916312956,192.8482095443469,36.347802677944856
533,43472.0,43157.02999704838,43424.42105078396,43271.75323198519,43165.02885568859,72.0,-4.100868441972125,82.05504443360041,84.35983301721717,22.174533700977918
534,43248.0,43154.49667941054,43268.58134913734,43255.98968099499,43171.854832174,-64.0,-1.074518801051454,-52.93295595989184,-11.76871049269539,3.018718094106589
535,43344.0,43154.88095944628,43318.555138864176,43248.2158109998,43171.06629187681,-72.0,1.4826238443129114,-77.25051595229161,-55.66596449529243,-9.435225703353353
536,43104.0,43157.46192709917,43114.08031723276,43144.65775200441,43152.984380767295,-168.0,2.9760634959384333,-154.07323546763655,-83.22918299318917,-15.632692071147176
537,43008.0,43160.83308643816,43010.4086679289,43081.75744501342,43139.80090773451,-112.0,2.6302416130856727,-91.62830965933972,-26.021584484282357,-6.593427646057535
538,42880.0,43162.72241032534,42930.82369791408,43092.614583035844,43139.79752547518,336.0,-0.5144300211177324,294.02973229473355,117.16442954034937,12.9864940144289
539,43680.0,43159.80422639592,43598.46813251837,43316.08630409412,43165.77389576337,168.0,-7.551924455423432,140.48888445699413,41.51487310533048,0.26506507635713206
540,43216.0,43147.61856141449,43211.80146682807,43175.644329246505,43140.327655627894,-496.0,-19.569072785394383,-421.1347997238263,-160.61981022436157,-29.229857354079286
541,42688.0,43120.66608082513,42756.19853307072,42994.846683645395,43107.31418105521,-112.0,-37.43506628769683,-101.13480022991644,-27.37430377840792,-12.047765519924724
542,42992.0,43072.7484288391,43009.531866368234,43120.89572168969,43116.232124588045,400.0,-61.5353499888588,347.7526309090281,190.4968988891378,15.12954976223773
543,43488.0,42997.595380847415,43451.703794888774,43375.84048142367,43137.57328057969,256.0,-91.52122317528847,253.9309371940726,198.86500044582135,3.81982002062432
544,43504.0,42889.70598248852,43517.39374075638,43518.62572258133,43123.87176462929,104.0,-126.11997249677006,132.65864964950742,150.09810244831897,-32.70792771892593
545,43696.0,42745.355435853875,43717.02109418779,43676.03668632031,43072.157425141835,352.0,-163.0786223232535,304.73282437036687,147.4293068991392,-82.90646823036877
546,44208.0,42563.548737842015,44126.85938949711,43813.48433637961,42958.058828168556,16.0,-199.32141285870966,4.135242794891383,-59.810181750897755,-176.59565556485177
547,43728.0,42346.712610136456,43725.29157977757,43556.41632281851,42718.96611401213,-552.0,-231.25145215960947,-511.4296947031289,-354.7424034272153,-289.5444084558185
548,43104.0,42101.045833522796,43104.000000090855,43103.99952952518,42378.97001125692,-800.0,-255.17759986930105,-798.6457899095149,-714.2080595265725,-376.24760219236487
549,42128.0,41836.35741039785,42127.99999995854,42128.00020376537,41966.4709096274,-1056.0,-267.8027167105465,-1035.4728329012905,-973.8911150737658,-424.8942020404247
550,40992.0,41565.4404001017,41033.054334288274,41156.21729937765,41529.18160717607,-536.0,-266.6755080022813,-556.5271671186856,-618.1087812310543,-406.1115762002519
551,41056.0,41303.00639439329,41014.94566572117,40891.78264130326,41154.2477572269,-712.0,-250.51347615250052,-705.2521914943609,-631.1841290273296,-370.02146208782506
552,39568.0,41064.4134477967,39622.54995129955,39893.84904132299,40789.13868300042,-656.0,-219.36350769155615,-637.7741063907415,-550.3682877142055,-304.0521400764592
553,39744.0,40864.27937901018,39739.39745293969,39791.04606587485,40546.14347707398,144.0,-174.59772212690223,93.8347663385648,-79.27994251071505,-202.88803207274395
554,39856.0,40715.2180035429,39810.21948397668,39735.28915630156,40383.36261885493,-184.0,-118.75633120146085,-158.08054907961196,-116.11233142251149,-136.4127272762962
555,39376.0,40626.76671660726,39423.23635478046,39558.821403029826,40273.31802252139,-176.0,-55.296248849463154,-150.80135529390827,-85.05705175681578,-65.1786952074799
556,39504.0,40604.62550584397,39508.616773388865,39565.17505278793,40253.00522843997,144.0,11.746370852324617,108.46428555272723,36.941176152064145,17.137467340588046
557,39664.0,40650.259458311906,39640.16492588592,39632.703755333954,40307.59295720256,0.0,78.09518959677371,12.37278192665326,51.880580213008216,86.76737662271626
558,39504.0,40760.81588503752,39533.36233724217,39668.93621321394,40426.539981685404,16.0,139.58348783860856,40.009097567108256,118.70056448695686,165.074023567111
559,39696.0,40929.42643398912,39720.183121020134,39870.10488430787,40637.741004336785,344.0,192.48917700765378,329.3188328625729,288.22111324785874,258.28807286822484
560,40192.0,41145.794239052826,40192.00000296732,40245.37843970966,40943.116127421854,584.0,233.85178735237423,571.9084386525865,496.9475730782615,342.9309294561572
561,40864.0,41397.13000869387,40863.99999832531,40864.00003046439,41323.6028632491,768.0,261.72454578970064,767.999998784413,741.3107706220799,403.4668789897005
562,41728.0,41669.24333063223,41728.00000053614,41727.99998095382,41750.049885401255,1032.0,275.32995396243496,1026.139500314417,998.1166462224392,435.973124971395
563,42928.0,41947.78991661874,42916.27899895414,42860.23332290927,42195.54911319189,744.0,275.09240222414155,749.8605001131546,746.5593356971985,400.4530749010519
564,43216.0,42219.42813508051,43227.72100076245,43221.11865234822,42550.95603520336,520.0,262.5381509371873,499.09456682248856,363.4446556130606,322.1547237716404
565,43968.0,42472.866218493116,43914.46813259912,43587.12263413539,42839.85856073517,312.0,240.03877364457003,290.0402336303232,175.56529885486452,232.49545356856834
566,43840.0,42699.50568236965,43807.8014680231,43572.24925005795,43015.946942340495,-552.0,210.46275701158447,-482.36886954244983,-148.74875904847067,134.88572872234727
567,42864.0,42893.791732516285,42949.73039351422,43289.62511603845,43109.630018179865,-184.0,176.82778032322676,-185.80720506375292,-69.81157600027655,105.96457674836711
568,43472.0,43053.161243016104,43436.18705789559,43432.62609805739,43227.87609583723,312.0,141.95666955838533,278.4895970672151,123.31403104764468,106.0398824492222
569,43488.0,43177.705071633056,43506.70958764865,43536.25317813374,43321.70978307831,152.0,108.23078612182144,164.0704679963128,127.75366914321057,85.5191763949988
570,43776.0,43269.62281525975,43764.32799388822,43688.133436343815,43398.91444862723,232.0,77.44518727144532,199.25837568064526,107.94697638198704,58.350387980277446
571,43952.0,43332.59544617595,43905.22633900994,43752.14713089771,43438.410559038864,-120.0,50.77765505215939,-92.9699598285697,-35.91273999724217,13.816638363579841
572,43536.0,43371.178125364066,43578.38807423108,43616.30795634933,43426.54772535439,-112.0,28.857119194846746,-114.89789362347074,-95.68519637372083,-17.335447416757233
573,43728.0,43390.30968456564,43675.430551763,43560.77673815027,43403.73966420535,-200.0,11.817356791150814,-187.33353676669503,-139.1428491239276,-39.02107793877076
574,43136.0,43394.81283894637,43203.72100069769,43338.022258101475,43348.505569476845,-104.0,-0.5944897896551993,-111.57577446322102,-121.74335099805467,-44.60881625466209
575,43520.0,43389.12070498633,43452.279002836556,43317.29003615416,43314.522031696026,-208.0,-8.883461047767923,-198.9953037570449,-122.08720387023641,-44.25743619601781
576,42720.0,43377.04591685083,42805.7303931836,43093.847850361,43259.99069708481,-32.0,-13.72799666465653,-31.003977664255217,-36.518260612661834,-27.531799756976397
577,43456.0,43361.66471165702,43390.271047508046,43244.25351492884,43259.45843218207,216.0,-15.887349179378361,177.9515458726528,44.53242203225818,-10.359343293632264
578,43152.0,43345.271218492075,43161.633484928905,43182.91269442552,43239.272010497545,-240.0,-16.10526113179003,-180.47013793460792,-45.88447329055634,-15.82282115965063
579,42976.0,43329.45418939344,43029.33077163883,43152.484568347725,43227.81278986277,160.0,-15.024090247057757,134.35114490408887,57.81415809606551,1.1314188583673968
580,43472.0,43315.22303799796,43430.33577473708,43298.54101061765,43241.53484821428,240.0,-13.149585151237261,192.683876783678,59.32694757875288,2.198800762220344
581,43456.0,43303.15501909096,43414.698525206186,43271.13846350523,43232.21039138721,-424.0,-10.828228173228126,-360.302687616615,-119.83331535980324,-20.513937257706857
582,42624.0,43293.5665816515,42709.73039950385,43058.87437989804,43200.506973698866,-8.0,-8.264644377039076,2.551470797527145,5.173106341830135,-2.8780690034036525
583,43440.0,43286.625730336884,43419.80146680124,43281.48467618889,43226.454253380405,544.0,-5.587913785191631,468.36886643963953,143.35263438529364,15.269992350557004
584,43712.0,43282.39075408112,43646.46813238313,43345.57964866863,43231.04695839998,-360.0,-2.8935894978458236,-319.23606577103783,-119.11520318594921,-19.454947060421546
585,42720.0,43280.83855134119,42781.329335259165,43043.25426981699,43187.54435925956,-376.0,-0.30415303913105163,-340.2487275595595,-140.69824394313764,-20.12538117744407
586,42960.0,43281.78244800286,42965.97067726401,43064.183160782355,43190.79619604509,248.0,1.9941198777814861,214.49472832490937,73.02047135653993,14.79164658778609
587,43216.0,43284.826791096755,43210.31879190898,43189.29521253007,43217.127652435134,240.0,3.794087755104556,215.94207418987935,111.75965801275379,26.38783901180068
588,43440.0,43289.37062351307,43397.85482564377,43287.70247680786,43243.57187406869,-40.0,4.912818634693394,-23.189838046353543,22.25850268172144,16.622815336992062
589,43136.0,43294.65242836614,43163.939115816276,43233.812217893515,43250.37328310912,-128.0,5.239819836013339,-94.22013074610732,-4.984149967589474,12.520073195883015
590,43184.0,43299.85026318509,43209.41456415156,43277.734176872684,43268.61202046046,200.0,4.783537687049829,172.5482690930694,90.78904741551378,22.46933837436154
591,43536.0,43304.21950374024,43509.035654002415,43415.39031272454,43295.31195985784,184.0,3.6947731291147647,164.79935986294367,77.35129221413081,14.665537390275858
592,43552.0,43307.23980944332,43539.013283877444,43432.436761300945,43297.94309524101,-32.0,2.2470838820117933,-34.95595073775257,-42.735170773121354,-10.071709854782966
593,43472.0,43308.713671504265,43439.12375252691,43329.9199711783,43275.168540148275,-336.0,0.7686628667433979,-311.4073749674426,-173.5568045334985,-32.61612808531936
594,42880.0,43308.77713517681,42916.19853394256,43085.32315223395,43232.71083907037,-336.0,-0.4391181257669814,-294.79594262006503,-141.93524282737417,-24.82215912438187
595,42800.0,43307.83543525273,42849.53186728678,43046.04948552355,43225.52422189951,288.0,-1.156581343668222,237.35171633364735,83.75107605138328,14.089593924112705
596,43456.0,43306.46397248947,43390.901966609854,43252.825304336715,43260.8900269186,152.0,-1.3100484419810527,159.52088581684075,105.18847098151309,25.610306365015276
597,43104.0,43305.21533836877,43168.57363892046,43256.42642748658,43276.74483462954,104.0,-0.9952737326857459,100.53986691291357,79.814336893156,24.492049442418647
598,43664.0,43304.4734250241,43591.98170043568,43412.45397812303,43309.874125803435,88.0,-0.4303177166111709,63.316563693631906,30.254539697962173,15.42299746406934
599,43280.0,43304.35470293555,43295.206766307725,43316.9355068825,43307.59082955768,-280.0,0.09241153516268241,-220.74110258932342,-77.05071779926948,-0.9037547678708506
600,43104.0,43304.65824809443,43150.499495257034,43258.35254252449,43308.06661626769,128.0,0.28242565750770154,87.79020523449071,18.593306904229394,10.67911752339569
601,43536.0,43304.91955425056,43470.78717677671,43354.12212069096,43328.94906460447,-8.0,-0.08712673980699037,-5.776434596777108,4.830638511954021,10.529901567002526
602,43088.0,43304.48399461481,43138.94662606348,43268.013819548396,43329.1264194017,-120.0,-1.121978914768988,-77.10742039584511,3.898608631632669,12.23367576731107
603,43296.0,43302.675596421024,43316.572335985016,43361.91933795423,43353.416416139095,336.0,-2.7632629734580405,280.4873898466067,126.86518738294035,27.16081754435072
604,43760.0,43298.9574686679,43699.92140575669,43521.74419431428,43383.4480544904,96.0,-4.809243362498819,82.95609855512521,40.696953517188376,11.204041075823625
605,43488.0,43293.05710969603,43482.48453309527,43443.3132449886,43375.82449829074,-288.0,-6.963145690253441,-245.0142071850969,-100.77432683137158,-13.232331285118562
606,43184.0,43285.03117728739,43209.8929913865,43320.19554065153,43356.98339192016,-168.0,-8.865158700889879,-143.12658477628065,-55.01993401130676,-10.191936774572241
607,43152.0,43275.32679229425,43196.231363542705,43333.27337696599,43355.4406247416,312.0,-10.175748015401041,267.65258895833176,103.71452479745494,8.629264058516128
608,43808.0,43264.67968125659,43745.19816930316,43527.62459024644,43374.241920037195,208.0,-10.667119463221752,174.80025318770276,54.163508403671585,-2.8866087025417073
609,43568.0,43253.9925533678,43545.83186991811,43441.60039377333,43349.667407336514,-360.0,-10.257935331021145,-310.20694979451946,-149.22399958644382,-35.49114233385626
610,43088.0,43244.163810594546,43124.784269714124,43229.176591073556,43303.25963536948,-256.0,-9.053396966708533,-237.12625163335542,-141.83550716299578,-35.64479019855935
611,43056.0,43235.885759434386,43071.5793666514,43157.92937944734,43278.377826939395,56.0,-7.342395687919634,24.6919301942944,-20.28252190254352,-13.762917083116918
612,43200.0,43229.47901921871,43174.16813010271,43188.61154726847,43275.73380120325,-48.0,-5.550173642772279,-26.57058603511541,24.98794145536158,1.1426643240156409
613,42960.0,43224.78541214884,43018.43819458117,43207.905262358065,43280.66315558743,312.0,-4.169555353022588,290.8166677995978,143.24634626862462,20.962512163550855
614,43824.0,43221.13990851266,43755.80146570191,43475.10423980572,43317.65882553035,280.0,-3.653085385762097,242.01496921497528,92.75109735051592,11.678611219442246
615,43520.0,43217.47924137732,43502.46813301112,43393.4074570591,43304.02037802631,-416.0,-4.313639471227361,-360.8833093764697,-144.99305421707686,-24.437428602726868
616,42992.0,43212.51262957021,43034.03484694897,43185.118131371564,43268.7839683249,-264.0,-6.250994732552499,-238.36840957601453,-111.73026000175014,-21.397211285166122
617,42992.0,43204.97725191221,43025.73131385909,43169.946937055596,43261.22595545598,184.0,-9.29344180150656,160.35303620558625,73.80227421183008,5.903284903877648
618,43360.0,43193.92574596719,43354.74091936014,43332.722679795224,43280.59053813265,344.0,-13.002648200414114,302.714202301755,149.13708263724038,15.394109583307
619,43680.0,43178.971955511384,43631.1597184626,43468.22110233008,43292.01417462259,24.0,-16.739006296189473,32.21739141547005,29.608973699891067,-7.975654778929311
620,43408.0,43160.447733374815,43419.17570219108,43391.94062719501,43264.63922857479,-184.0,-19.768325363078475,-156.10550531609624,-84.31016153756718,-34.54298461906001
621,43312.0,43139.43530478523,43318.94870783041,43299.60077925494,43222.92820538447,-40.0,-21.39614947773589,-65.48345520864314,-98.53945831259625,-46.164612921096705
622,43328.0,43117.65543441934,43288.208791773795,43194.861710569814,43172.3100027326,-248.0,-21.104633509130508,-237.00510084249981,-171.30821340022158,-58.40270251523907
623,42816.0,43097.226037766966,42844.93850614541,42956.9843524545,43106.122800353995,-320.0,-18.666148576714477,-291.26861124646894,-167.38518188806484,-51.68106236090898
624,42688.0,43080.323137265914,42705.67156928086,42860.091346793684,43068.94787801078,-56.0,-14.193908050656319,-50.909090460274456,-10.847332263969292,-18.127528442673793
625,42704.0,43068.838221665654,42743.12032522486,42935.28968792656,43069.86774346865,544.0,-8.140394821828522,492.2990146031807,190.84318509615332,19.2132526312962
626,43776.0,43064.04234762226,43690.26959848722,43241.77771698599,43107.374383273374,112.0,-1.2228554452522076,100.0354776460772,39.37688755242925,4.075358968395449
627,42928.0,43066.39251077515,42943.191280517014,43014.04346303142,43078.01846140544,-584.0,5.709849660248437,-511.90875986764877,-184.7125224388583,-21.85499879766212
628,42608.0,43075.462046942754,42666.45207875192,42872.352672108274,43063.66438567805,32.0,11.81783788498069,15.52119199450317,-9.514454869011388,8.429143556513736
629,42992.0,43090.02818654511,42974.23366450602,42995.0145532934,43094.876748518465,240.0,16.40211078701759,218.9499082842085,124.16915783182048,36.35620026633842
630,43088.0,43108.26626851679,43104.35189532034,43120.690987771915,43136.37678621073,224.0,19.015437697224115,211.87770741603163,142.02192836447648,43.91887700280131
631,43440.0,43128.05906193956,43397.989079338084,43279.05841002235,43182.71450252407,80.0,19.5229169312297,83.58258070814918,77.89662726160532,33.473441439538874
632,43248.0,43147.31210237925,43271.51705673664,43276.484242295126,43203.323669089805,-8.0,18.08636096526243,-8.88673891826329,11.667953420339472,18.375350020232872
633,43424.0,43164.231783870084,43380.21560150156,43302.39431686303,43219.465202564534,-136.0,15.117197205716366,-110.22344772727592,-34.892767000579624,5.914793602951249
634,42976.0,43177.54649679068,43051.070161282085,43206.69870829397,43215.15325629571,56.0,11.182966919586761,46.205366190963105,19.653745577918016,7.645716545961477
635,43536.0,43186.59771770926,43472.62633388348,43341.701808018865,43234.75663565646,128.0,6.892968204887438,104.68784201880771,37.85400373433367,4.541211143568944
636,43232.0,43191.332433200456,43260.4458453197,43282.406715762634,43224.235678582845,-88.0,2.801341186823265,-69.95126196526326,-34.091734374916996,-10.909173144467786
637,43360.0,43192.200400082904,43332.72380995296,43273.51833926903,43212.93828936752,-64.0,-0.669099710208684,-64.10298560195224,-52.1292068590883,-18.65047474694802
638,43104.0,43189.99423378004,43132.239874115796,43178.14830204446,43186.93472908895,-56.0,-3.283571116226085,-59.28456525817819,-58.2958862023479,-21.85682382412415
639,43248.0,43185.63325785045,43214.1546794366,43156.926566864335,43169.22464171927,-88.0,-5.001685441511654,-87.31179749619696,-66.75845174795177,-21.648855283710873
640,42928.0,43179.990862897015,42957.6162791234,43044.631398548554,43143.63701852153,-128.0,-5.941004877407977,-108.45700469618896,-53.979469041500124,-14.805772271669412
641,42992.0,43173.751248095636,42997.24067004422,43048.967628781334,43139.613097175934,80.0,-6.3200494521115615,65.82774114192944,32.82004462344776,3.3567335132029257
642,43088.0,43167.35076399279,43089.27176140726,43110.27148779545,43150.35048554793,96.0,-6.383144221679686,98.38989839934584,72.43960291183612,13.854912649392645
643,43184.0,43160.984959652276,43194.020466842914,43193.84683460501,43167.32292247472,168.0,-6.334739943667955,154.85103965024246,88.4987641120606,16.138583050524176
644,43424.0,43154.681284105456,43398.973840707746,43287.26901601957,43182.62765164898,104.0,-6.312744328948611,79.82257740355635,25.056689424345677,3.2361117567124893
645,43392.0,43148.35947099438,43353.66562165003,43243.9602134537,43173.795145988144,-328.0,-6.361062411309831,-276.3209249317006,-117.32869583901993,-19.74274836143013
646,42768.0,43141.95915928284,42846.331990844345,43052.61162434153,43143.14215492612,-72.0,-6.435242353418289,-76.33286245983982,-49.042776941401826,-11.895883315715764
647,43248.0,43135.48898628754,43200.99989673035,43145.874659570894,43150.00337935671,136.0,-6.460466969267145,119.66738953775712,42.200365014807176,1.961393398425571
648,43040.0,43129.0382253443,43085.66676991986,43137.012354371145,43147.06494172297,128.0,-6.350806448685034,113.0007227888018,39.64387198582699,2.414809452409827
649,43504.0,43122.78737339017,43427.00134230795,43225.16240354255,43154.83299826153,-88.0,-6.042255973825377,-90.43406167235662,-51.26874905731893,-9.690293548366753
650,42864.0,43116.95371339665,42904.798646575146,43034.47485625651,43127.68435462624,-320.0,-5.509938520241121,-271.4341172568529,-105.45011915779105,-13.964425903977826
651,42864.0,43111.76749634969,42884.133107794245,43014.262165226966,43126.90414645358,88.0,-4.746649341497687,80.00000019030631,54.9183915839385,12.364999150013318
652,43040.0,43107.460414713656,43064.79864695576,43144.311639424384,43152.414352926266,424.0,-3.7427435263271036,376.5333361150988,182.20529390961383,31.130924119002884
653,43712.0,43104.282009297036,43637.19978002444,43378.672753046194,43189.16599469158,136.0,-2.479453875701438,126.5254710161098,67.69749014490299,10.609941499897104
654,43312.0,43102.50150696225,43317.84958898798,43279.70661971419,43173.63423592606,-352.0,-0.9108675378083717,-290.1022460965578,-115.11282347490487,-22.450046969221148
655,43008.0,43102.46027422142,43056.99528783133,43148.447106096384,43144.26590075314,16.0,1.0080339798114437,-15.877862000001187,-61.0359605696176,-22.55504013526297
656,43344.0,43104.517574921876,43286.093864987975,43157.634698574955,43128.524155655534,-32.0,3.289470511394029,-60.43209790348919,-83.99505823395157,-26.51553731482636
657,42944.0,43109.03921524421,42936.13109202435,42980.45698962848,43091.23482612349,-464.0,5.879689762863563,-392.1817432702228,-158.94921413223346,-29.927588225873478
658,42416.0,43116.2769544476,42501.73037844753,42839.73627031049,43068.66897920379,280.0,8.626608052058145,241.06926096777534,71.14741583725117,10.067602040486236
659,43504.0,43126.29243134832,43418.2696139599,43122.75182130298,43111.37003020446,200.0,11.289071075796528,190.64604146253623,92.39146164398335,23.069552510896756
660,42816.0,43138.855096599196,42883.0224613726,43024.519193598455,43114.80808422558,-192.0,13.563060717053304,-146.83723375358386,6.02696909469887,18.37845823240059
661,43120.0,43153.41855278243,43124.59514645273,43134.80575949238,43148.12694666926,328.0,15.144486127315758,264.5484173437835,117.68944564012054,34.72520977714521
662,43472.0,43169.14406885383,43412.11929606017,43259.898084878696,43184.25850377987,-24.0,15.800972707984329,-11.879370091701276,19.041367825666384,21.74448229960035
663,43072.0,43185.0204981984,43100.83640626933,43172.888495143714,43191.61591126846,-216.0,15.431036669851892,-167.100858444177,-36.56534216312866,13.33820305201516
664,43040.0,43200.00614219353,43077.917579171815,43186.76740055244,43210.9349098839,200.0,14.093293565350905,166.66906876154098,87.26260568494399,27.86574410963658
665,43472.0,43213.2070853291,43434.17454379241,43347.4137065136,43247.347399487735,176.0,12.001327499277977,167.12968358265425,98.35315921796064,25.179859578216565
666,43392.0,43224.00879719209,43412.176946337124,43383.47371898836,43261.294629040334,88.0,9.478883537896763,78.88713423031004,31.796871968945197,7.411961004618206
667,43648.0,43232.164852404894,43591.94881225303,43411.00745045149,43262.17132149697,-88.0,6.884968025911803,-100.48407281891195,-90.96254331112868,-18.414741468513967
668,43216.0,43237.77873324391,43211.2088006993,43201.5486323661,43224.465146103306,-512.0,4.535844357997121,-446.54180589578027,-216.6845019023349,-37.28291808849826
669,42624.0,43241.23654112089,42698.86520046147,42977.63844664682,43187.605485319975,-104.0,2.642365769828757,-96.17180009193908,-47.09096239586506,-8.679386517334933
670,43008.0,43243.06346478357,43018.86520051542,43107.36670757437,43207.10637306864,512.0,1.2755746326183726,434.18762445975153,179.41161471473242,29.456206402093812
671,43648.0,43243.787690386125,43567.24044938097,43336.46167607629,43246.51789812416,64.0,0.37260361974767875,84.71587394175003,73.32580654005505,19.337419961735577
672,43136.0,43243.808672023064,43188.29694839892,43254.01832065448,43245.78121299211,-144.0,-0.23345783602053416,-117.45875898743179,-23.434195094559982,4.75237551754617
673,43360.0,43243.320774714084,43332.32293140611,43289.59328588717,43256.022649159255,16.0,-0.7459770325331192,5.64064003774547,0.3716081762649992,5.042568625114654
674,43168.0,43242.316717958,43199.57822847441,43254.76153700701,43255.86635024234,32.0,-1.3431742548200418,25.146439440373797,8.549019623347704,4.237018595198606
675,43424.0,43240.634426204444,43382.61581028686,43306.69132513386,43264.49668634965,-32.0,-2.1272241339829634,-23.883366753278096,-6.724549306214612,0.6551704247940506
676,43104.0,43238.06226969003,43151.81149496786,43241.31243839458,43257.176691091925,8.0,-3.0941509324147773,8.253159520292684,3.277332458012097,0.3388392968736298
677,43440.0,43234.446124339614,43399.12212932744,43313.24599004989,43265.1743649434,56.0,-4.126726254587993,42.92128099681577,8.556546680247266,-0.7436079013605195
678,43216.0,43229.808817180856,43237.65405696149,43258.42553175508,43255.689475289204,-56.0,-5.021877298953768,-53.19778755853258,-33.60769241727394,-7.500415889731812
679,43328.0,43224.40236974171,43292.72655421038,43246.03060521534,43250.173533163936,-144.0,-5.5426805724346195,-121.29473169923585,-53.37962393206908,-9.407265467070829
680,42928.0,43218.72345603599,42995.06459356302,43151.66628389094,43236.87494435506,48.0,-5.46025340704,37.66100716773508,17.468820621066698,2.1451584088754316
681,43424.0,43213.48186292763,43368.04856854585,43280.96824645747,43254.46384998169,96.0,-4.611324912497366,93.22681771205316,57.78608579527281,9.112098125711782
682,43120.0,43209.50080621099,43181.51822898712,43267.238455481485,43255.099140606486,184.0,-2.940610765137535,169.11051953787683,59.889436764751736,7.390247655122948
683,43792.0,43207.60064139735,43706.2696076216,43400.747119986976,43269.24434529193,-96.0,-0.511248321072344,-102.49965276776857,-62.117775501017604,-11.992578049957956
684,42928.0,43208.47830956885,42976.518923451586,43143.00290447945,43231.11398450657,-368.0,2.512845662247855,-336.6067115628248,-150.24276326779727,-22.974661560030654
685,43056.0,43212.62633272185,43033.05618449595,43100.26159345138,43223.29502217187,-64.0,5.89793280077356,-58.18181647586243,-20.61051430238149,0.5457887738921272
686,42800.0,43220.274175170394,42860.15529049986,43101.78187587469,43232.205562054354,360.0,9.372648887889227,331.15399574544426,152.4112203606528,30.520817985201575
687,43776.0,43231.371630497626,43695.36417598684,43405.08403417269,43284.336658142274,240.0,12.684294572507497,228.751328178947,117.8441753843399,27.547928995034454
688,43280.0,43245.64276431541,43317.657946857755,43337.47022664337,43287.30142004442,-240.0,15.633516593243257,-189.41649484031223,-38.87869420763309,3.3298329043682315
689,43296.0,43262.63866368411,43316.531186306216,43327.32664575742,43290.99632395101,152.0,18.077963622705283,101.52917097956015,5.519741992768104,3.4447201041402877
690,43584.0,43281.79869156082,43520.716288816875,43348.5097106289,43294.190860252704,-224.0,19.936735158771626,-200.01039554026647,-96.56207981406624,-11.295920685672172
691,42848.0,43302.512134001656,42916.51039522568,43134.20248612929,43268.40448257967,-200.0,21.17227999631359,-173.87697532749007,-71.20598143497409,-4.766153544052941
692,43184.0,43324.14325155345,43172.962338161895,43206.097747758955,43284.6585531646,232.0,21.769016510483198,201.26363374568973,82.94413550914032,21.28699824315845
693,43312.0,43346.05016702262,43319.03766271706,43300.09075714757,43310.97847906598,208.0,21.712288591425022,181.26363814045908,88.03838796240234,26.26884985468496
694,43600.0,43367.5678287363,43535.48961444281,43382.17452368376,43337.19625287397,-200.0,20.981125186812278,-160.65364089219656,-26.828971621933306,13.077586451683601
695,42912.0,43388.01241739625,42997.73038093267,43246.4328139037,43337.13365196935,-16.0,19.5459889914855,2.839619797796331,31.474697171797743,21.19408169385133
696,43568.0,43406.65980671927,43541.168854038406,43445.123918027355,43379.58441626167,424.0,17.388467168781062,351.88945948519904,137.2530631373338,33.029985105400556
697,43760.0,43422.78935173381,43701.50929990307,43520.93894017837,43403.19362218015,-160.0,14.509867002321698,-132.11305461998927,-43.715507759803586,5.768887027490564
698,43248.0,43435.67954072391,43276.94274479843,43357.69290250775,43391.12219031665,-336.0,10.947014310619124,-279.85283111250465,-108.3995864167482,-4.915322347667825
699,43088.0,43444.68338035505,43141.80363767806,43304.139767344874,43393.362977484816,168.0,6.773839902642067,133.87908126993716,54.516748509558965,17.508936042406276
700,43584.0,43449.227220529196,43544.7009073383,43466.726399526866,43426.140062401464,240.0,2.1077765037953213,206.40180635173965,103.94983194542874,24.88408803672064
701,43568.0,43448.89893336264,43554.60725038154,43512.03943123573,43443.13115355826,-96.0,-2.880107446871989,-57.05740504905771,17.332747326727258,10.747648834705615
702,43392.0,43443.46700563545,43430.586097240186,43501.39189418032,43447.635360070875,72.0,-7.97986031412438,68.90933305959697,44.04841003475303,7.285974516162241
703,43712.0,43432.93921273439,43692.42591650073,43600.13625130524,43457.70310259058,208.0,-12.952634661851334,163.96940176421413,42.81248277753184,-2.6471023507619975
704,43808.0,43417.56173631175,43758.524900768614,43587.016859735384,43442.34115536935,-264.0,-17.547769297714694,-237.63381703665073,-123.61096170215751,-33.64488945276753
705,43184.0,43397.84367413896,43217.15828242743,43352.91432790092,43390.41332368505,-368.0,-21.507033234804112,-319.21790105643595,-149.64536788400437,-41.60716550004872
706,43072.0,43374.54766984214,43120.08909865574,43287.726123967375,43359.126824369254,168.0,-24.585653643644036,143.37630950704624,42.674858050144394,-16.930158097333333
707,43520.0,43348.67236685167,43503.91090144152,43438.26404400121,43356.55300749038,360.0,-26.56065653452606,303.37630999337125,109.66994203443755,-10.746166504352004
708,43792.0,43321.42635677309,43726.841718642485,43507.06600803625,43337.63449136055,-120.0,-27.23605347186094,-108.28340053979991,-73.66503194683537,-41.636791561802966
709,43280.0,43294.20025990795,43287.34410036192,43290.93398010754,43273.279424366774,-448.0,-26.463316481134825,-397.35430551775426,-210.6650378749364,-64.69109577543713
710,42896.0,43268.49972381082,42932.13310760698,43085.73593228638,43208.252299809676,-192.0,-24.154404386510578,-174.5454547200461,-110.33008167797743,-49.4145095666172
711,42896.0,43245.89145113493,42938.25319092183,43070.273816751585,43174.45040523354,272.0,-20.303881697516772,223.91600451941122,71.67479284100409,-19.879374314456072
712,43440.0,43227.891960415785,43379.9651166458,43229.085517968386,43168.49355118076,152.0,-15.02921537883958,135.00754235755448,53.35446020099698,-19.532176493739826
713,43200.0,43215.83302037725,43208.26827563694,43176.98273715358,43135.38605224606,-176.0,-8.597378667418525,-130.35546282413998,-63.61141223802042,-36.33819632240193
714,43088.0,43210.69720308095,43119.25419099752,43101.862693492345,43095.81715853596,104.0,-1.455618107916962,67.25687034816292,-68.18869691506188,-39.17803578330131
715,43408.0,43212.921784161415,43342.782016333265,43040.605343323456,43057.02998067946,-408.0,5.780463296792732,-417.52782826592374,-263.1868440383587,-56.33567882252828
716,42272.0,43222.258129674534,42284.19853446567,42575.48900541563,42983.1458008909,-752.0,12.37994513941885,-682.6250742712182,-295.1396696688207,-38.32688974401026
717,41904.0,43237.68167444025,41977.53186779083,42450.326003985814,42980.37620119144,296.0,17.571367983262462,289.90073278066484,148.00000056309364,51.04921036010637
718,42864.0,43257.40086564106,42864.000000027,42871.489006541815,43085.244221611116,896.0,20.653060264365195,831.0641259553158,456.64719455720115,115.9302315002351
719,43696.0,43278.98779496898,43639.66011970146,43363.62039310022,43212.23666419191,312.0,21.13816423852404,320.45666409624755,294.2018943782168,102.80427579038951
720,43488.0,43299.67719411811,43504.913328219496,43459.89279529825,43290.852773191895,-80.0,18.852099189170985,-50.18015038449448,82.21879984715997,68.75874765957997
721,43536.0,43316.691993347325,43539.29981893247,43528.05799279454,43349.75415951107,56.0,13.969603291072417,50.885585375348455,64.19419389355244,49.5890942947226
722,43600.0,43327.61640070025,43606.68449897019,43588.28118308535,43390.03096178134,120.0,7.028066871964256,100.8071748886905,54.363781833493704,29.778350359341857
723,43776.0,43330.748127091254,43740.91416870985,43636.785556461524,43409.31086022975,-56.0,-1.144334123826411,-41.19948671108796,-21.10284839306405,0.945441459898575
724,43488.0,43325.3277324526,43524.28552554802,43546.075486299225,43391.92184470114,-24.0,-9.557790771712462,-35.20101542173143,-61.67232701269313,-22.192923293554486
725,43728.0,43311.63254554783,43670.51213786639,43513.44090243614,43364.92501364264,-232.0,-17.217400807981903,-220.62532385893792,-139.9141326450117,-45.150580376364815
726,43024.0,43290.892930836635,43083.03487783014,43266.2472210092,43301.62068394841,-240.0,-23.24708410393214,-212.89024537630758,-126.07007092233835,-49.42329549681381
727,43248.0,43265.138377339965,43244.731647113775,43261.30076059146,43266.078422649014,192.0,-27.00187831468793,145.3550048525176,1.7039198779893923,-34.638340166944545
728,43408.0,43236.88917420726,43373.74488753518,43269.65506076518,43232.34400361452,-40.0,-28.159734306434984,-42.26232190270821,-60.8181694436862,-42.51721885376901
729,43168.0,43208.818908727095,43160.20700330836,43139.66442170409,43181.043984941476,-288.0,-26.715659451449028,-252.50286768504884,-144.15842820905164,-50.64781942596528
730,42832.0,43183.45785530436,42868.73915216508,42981.33820434708,43131.04836476259,-104.0,-22.933396367399837,-107.77209031787424,-83.65711518347598,-35.04320194076354
731,42960.0,43162.952115992295,42944.66282267261,42972.35019133714,43110.95758105995,0.0,-17.30000323454078,-0.762216129412991,-2.8129173413726676,-12.54290464963924
732,42832.0,43148.85784883528,42867.21471990625,42975.71236966433,43105.96255546331,88.0,-10.438081426516874,98.6254967649038,75.21836315936525,8.703102176525135
733,43136.0,43142.07595313926,43141.91381620242,43122.78691765587,43128.363785413,360.0,-3.0111660001166456,304.2681773082404,140.46800681946843,22.01941922034166
734,43552.0,43142.835516835046,43475.751074522734,43256.64838330327,43150.00139390399,-88.0,4.328569155808509,-65.64252139169184,-13.814342700963607,1.5376781861923519
735,42960.0,43150.73309145088,43010.628773419034,43095.15823225394,43131.439141785384,-216.0,10.994983609551127,-193.743281682855,-93.91103492235925,-9.990295029339904
736,43120.0,43164.82548405415,43088.264511157024,43068.82631345855,43130.02080384531,-80.0,16.50478615848988,-81.04170647686988,-51.91876206611414,-0.917297747804696
737,42800.0,43183.74266376786,42848.545360465294,42991.32070812171,43129.604546289775,-8.0,20.494160186935915,3.0076516347362485,18.154748724020465,16.063969758950407
738,43104.0,43205.81380442802,43094.279814426496,43105.13581090659,43162.148743363214,216.0,22.74239236313224,197.13352609369758,114.38300823817553,35.451634241599095
739,43232.0,43229.22744849412,43242.81241265269,43220.08672459806,43200.50781477297,232.0,23.18587385675346,202.59466148964202,108.99427599050614,36.78446214841097
740,43568.0,43252.18555214153,43499.46913740578,43323.124362887604,43235.717667660036,-192.0,21.939084604960954,-154.54101732528216,-19.400180266664393,18.595736270061025
741,42848.0,43273.105617704045,42933.730378002125,43181.286364064734,43237.699287313095,-56.0,19.285288623079396,-33.72601156470046,24.805183209500683,21.466584018715366
742,43456.0,43290.756129387686,43432.01711427638,43372.734729306605,43278.65083569747,400.0,15.651423854931636,343.55487893512327,149.81572989517736,32.0840901692427
743,43648.0,43304.40846541391,43620.84013587237,43480.91782385509,43301.86746765158,56.0,11.571222770817258,53.023700957826804,24.642006476024108,5.910005336696486
744,43568.0,43313.89857492932,43538.06451619203,43422.01874225865,43290.47084637086,-248.0,7.619368128129281,-232.4530387201703,-131.88971046710503,-25.2730789621819
745,43152.0,43319.64720167017,43155.93405843203,43217.13840292088,43251.32130972722,-416.0,4.326534297353646,-362.46016559985947,-172.3111378773392,-34.18347115728102
746,42736.0,43322.55164352403,42813.144184992314,43077.396466503975,43222.1039040563,256.0,2.0911360187274113,211.16777468660075,30.956296835087414,-4.912210468104604
747,43664.0,43323.82947370762,43578.26960780523,43279.05099659105,43241.49688879101,8.0,1.12245583796539,12.293101489038236,9.18002838260145,-1.73217082573683
748,42752.0,43324.79655519996,42837.73038797039,43095.75652326918,43218.639562404824,-112.0,1.4097120820188138,-93.85182424023515,-11.416211687279429,0.47465173405362293
749,43440.0,43326.64889787166,43390.56595932476,43256.218573216494,43242.446192259114,304.0,2.7366505891295674,243.57354942081656,68.57133655555663,13.928939467252349
750,43360.0,43330.26985637822,43324.87748681202,43232.89919638029,43246.49744133933,-296.0,4.725248147104139,-241.3010384526351,-86.86977864605433,-1.6238788528244186
751,42848.0,43336.09939416587,42907.96388241949,43082.479015924386,43239.198434553466,-144.0,6.900618459731049,-117.09419229508057,-33.180672493715974,12.26091494180946
752,43072.0,43344.07109329768,43090.68910222186,43166.53785139286,43271.01927122295,336.0,8.779872341860028,276.17073091170096,131.3277611649064,41.771800230631925
753,43520.0,43353.65913884959,43460.30534424289,43345.1345382542,43322.74203501473,48.0,9.95522266052285,71.14296323547751,91.16395598843883,41.8598655425194
754,43168.0,43363.981538618726,43232.97502869282,43348.86576336974,43354.739002307986,88.0,10.149655258159328,97.54482791402188,94.16410680040644,41.33391740865409
755,43696.0,43373.958449365906,43655.39500007094,43533.46275185501,43405.40986983204,264.0,9.264719515085744,219.39497173279233,103.32836441277686,36.141361015652365
756,43696.0,43382.5109776489,43671.7649721584,43555.52249219529,43427.02172433929,-120.0,7.381865435370855,-104.80516712053941,-48.17901356207585,8.162940724221698
757,43456.0,43388.72218023665,43445.78466582986,43437.10472473086,43421.73575128048,-312.0,4.74054895504014,-277.0569771792616,-127.86540509899714,-6.999185494787525
758,43072.0,43391.99207555898,43117.65101779988,43299.791681997296,43413.023353349716,-120.0,1.695916281256359,-99.87855903057789,-23.41720173491558,8.33876973671795
759,43216.0,43392.11401279916,43246.0275477687,43390.27032126103,43438.41329075392,384.0,-1.344820412403351,347.07522409160447,177.6137998942504,36.51060194189995
760,43840.0,43389.30243473417,43811.80146598309,43655.0192817858,43486.044557233516,400.0,-3.9999500673911825,356.2202928505394,172.25860141766316,29.933494341272308
761,44016.0,43384.11411266438,43958.46813346978,43734.787524096355,43498.28027943646,-192.0,-5.97931886974402,-158.89018272467,-60.83799564126093,-13.650263825231377
762,43456.0,43377.34379699468,43494.02110053375,43533.343290503275,43458.74402958305,-272.0,-7.131872516474687,-256.4440127070411,-162.77258834144232,-39.39904837425274
763,43472.0,43369.85036763143,43445.5801080557,43409.24234741347,43419.482182687956,-168.0,-7.474389478575176,-180.54045219956606,-155.4797693830733,-41.887737760702294
764,43120.0,43362.39501803753,43132.940196134616,43222.38375173713,43374.96855406165,-280.0,-7.176903116189351,-247.93893124801616,-135.66671980777755,-31.765200923222437
765,42912.0,43355.49656139905,42949.70224555967,43137.908907797915,43355.95178084151,0.0,-6.518050470462185,5.273277223404875,28.47960995974063,3.180815821935539
766,43120.0,43349.35891709661,43143.486750581425,43279.34297165661,43381.33018570552,520.0,-5.8127576639344625,461.1791537393692,221.10554968700308,38.4449141492878
767,43952.0,43343.87104607118,43872.060553038405,43580.12000717192,43432.84160914009,176.0,-5.356692512610607,178.91567183854568,114.8370391012686,25.553503891569562
768,43472.0,43338.64553207139,43501.31809425852,43509.01704985915,43432.43719348866,-272.0,-5.356958484262577,-224.15198748732655,-52.59443238320455,-2.382555976997537
769,43408.0,43333.157129102656,43423.75657806375,43474.93114240551,43428.07649718609,8.0,-5.896810562600876,1.2213741240193485,-0.6203362508749706,-3.3568714432585693
770,43488.0,43326.851910946185,43503.760842506555,43507.7763773574,43425.72345060214,200.0,-6.948053699394222,158.80847697557329,42.73342363057964,-5.46687405384364
771,43808.0,43319.26102170387,43741.3735320149,43560.39798966667,43417.142749078404,-104.0,-8.395590151885699,-96.87904943865578,-71.17939285738976,-28.123564069817803
772,43280.0,43310.06073064241,43310.002743629244,43365.41759164262,43369.476322462506,-320.0,-10.061743482539896,-279.997671217945,-152.27160220274163,-43.19261049277702
773,43168.0,43299.13753473879,43181.37818957901,43255.85478526119,43330.75752809285,-48.0,-11.761918527750822,-61.73360615517231,-65.63541375083514,-30.580917965009576
774,43184.0,43286.53689358691,43186.5355313189,43234.14676414095,43308.31448653249,16.0,-13.3118630432582,17.834998334375996,3.3653609502362087,-16.227317233737267
775,43200.0,43272.51380865227,43217.04818624776,43262.58550716166,43298.302893625376,128.0,-14.530306102682516,115.75358616766243,59.73149660154013,-5.096448225845961
776,43440.0,43257.47628138155,43418.042703654224,43353.60975734403,43298.121590080795,96.0,-15.266674587033776,91.20803567758048,47.82912885438054,-7.2752240405388875
777,43392.0,43241.9804594782,43399.46425760292,43358.24376487042,43283.7524455443,32.0,-15.379623118806194,18.74284196328881,-12.244110038391227,-19.781522259279882
778,43504.0,43226.717035143934,43455.5283875808,43329.121537267245,43258.558545562235,-208.0,-14.748763768006029,-191.56937775963524,-116.56145896955786,-37.46597270395432
779,42976.0,43212.48293194219,43016.32550208365,43125.120846931306,43208.82050013639,-264.0,-13.297679504805274,-232.2999294373658,-129.440266870286,-38.0970204190271
780,42976.0,43200.121676134324,42990.92852870607,43070.24100352667,43182.36450472418,72.0,-11.02067314697706,49.24567015274806,-7.759341641300125,-16.137770175995684
781,43120.0,43190.44158564824,43114.81684238915,43109.602163648706,43176.5449597844,120.0,-8.011905465107702,97.97252562883295,34.162241946392896,-2.992296950564196
782,43216.0,43184.09786520411,43186.873579963736,43138.56548741946,43176.37991082305,-96.0,-4.474162230544607,-73.57536260671986,-9.753932519524824,-2.146053420194221
783,42928.0,43181.49326118715,42967.66611717571,43090.094298609656,43172.25285294401,-48.0,-0.7056874328191043,-20.87687690948951,32.575960495028994,8.085584768155968
784,43120.0,43182.68649033847,43145.11982614476,43203.71740840952,43192.551080359364,448.0,2.937540286555304,385.30174429320687,155.48181400461908,23.925781433325028
785,43824.0,43187.36834176026,43738.26960576212,43401.057926618894,43220.10441581066,0.0,6.08913142196252,-7.936815052027669,-14.130518481179024,-2.641443758169771
786,43120.0,43194.864753182395,43129.2461960407,43175.45637144716,43187.268192843025,-536.0,8.437493751771399,-472.60671063828704,-197.87336944815615,-29.47281332548664
787,42752.0,43204.2433292638,42793.05618448555,43005.31118772258,43161.15878915969,-144.0,9.791210299390514,-130.90908912742088,-43.48958986328216,-5.651464225353266
788,42832.0,43214.44717378118,42867.42801778586,43088.477191720594,43175.96526439232,544.0,10.114102450763312,485.45020654284235,211.40459985830967,32.00473845225133
789,43840.0,43224.47153416533,43763.95659757123,43428.1203874392,43225.16826606419,280.0,9.532264615747408,282.3732833283211,133.70338943820752,18.46141497507415
790,43392.0,43233.51170301267,43432.1745844425,43355.88397059701,43212.88809434247,-144.0,8.308967905901227,-130.90909091623325,-90.29443154369073,-21.23576700459307
791,43552.0,43241.08946997713,43502.138415738766,43247.53152435182,43182.696732055,-528.0,6.795422422746924,-512.654691656815,-260.5866840692797,-48.65652568471705
792,42336.0,43247.102547858165,42406.86520112887,42834.71060245845,43115.57504297303,-440.0,5.346545027809043,-407.63660731864,-163.46562066414117,-28.142936933320016
793,42672.0,43251.78256003275,42686.865201101486,42920.60028302354,43126.41085818836,616.0,4.244730616977904,555.8014655629268,210.18982207685258,33.55635812475157
794,43568.0,43255.59200909212,43518.468132254726,43255.090246612155,43182.687759222536,408.0,3.6386329314264003,382.4681323439909,178.0350868946989,37.011288995297946
795,43488.0,43259.0598258956,43451.80146578947,43276.670456812935,43200.43343617896,-384.0,3.5126765114873706,-322.0316271680713,-84.08456139275222,3.3673487653686607
796,42800.0,43262.617362115096,42874.40487791858,43086.92112382665,43189.42245675327,-136.0,3.7045884015788033,-130.99990862782215,-46.28877107295557,8.460143411983154
797,43216.0,43266.46900269876,43189.80164853382,43184.092914667024,43217.353723002925,216.0,3.951961011192907,184.40501328434038,81.21824817388551,27.99895239979378
798,43232.0,43270.52128413748,43243.214904487264,43249.35762017442,43245.42036155286,112.0,3.9675814292604628,109.48777838977185,73.94351559460847,28.7376566275816
799,43440.0,43274.40416555728,43408.77720531337,43331.97994585624,43274.82903625809,0.0,3.5238604553633195,9.448327392943611,28.61229860993626,21.150126518128673
800,43232.0,43277.56900504821,43262.11155927315,43306.582217394294,43287.72061458912,8.0,2.5100608356406156,3.8921503255514835,11.89338023520395,15.677609060487157
801,43456.0,43279.42428722856,43416.56150596447,43355.76670632665,43306.18425437906,-56.0,0.9706467539981531,-42.74252348633672,-0.9321579043171369,10.972852508897631
802,43120.0,43279.510298556204,43176.62651230048,43304.71790158566,43309.66631960691,32.0,-0.9020342436779174,43.19756783838602,41.310146051837364,12.96538120819605
803,43520.0,43277.620218741205,43502.95664164124,43438.386998430324,43332.115016795455,296.0,-2.8129352831238066,241.11333754697262,92.86259605982923,13.054448028316983
804,43712.0,43273.88442798996,43658.85318739442,43490.44309370532,43335.77521566355,-128.0,-4.430683268172288,-109.83751727470735,-58.722357872349676,-15.151040348733659
805,43264.0,43268.75885220486,43283.28160709183,43320.942282685624,43301.81293609799,-320.0,-5.473848283410916,-279.1635448434463,-141.02966967688553,-32.07163276066058
806,43072.0,43262.936731423135,43100.52609770753,43208.38375435155,43271.631950142226,-40.0,-5.765686894286773,-40.12502084663356,-44.366651158299646,-20.19938844864737
807,43184.0,43257.22747841629,43203.03156539856,43232.208980369025,43261.41415920069,248.0,-5.27519256868618,197.66329468382173,47.92971620199023,-6.347082981501444
808,43568.0,43252.38634628576,43495.852687075174,43304.24318675553,43258.93778417922,-176.0,-4.1251277430783375,-145.89764164291773,-59.844200235736935,-17.929485812506755
809,42832.0,43248.97722293013,42911.236282112724,43112.52057989755,43225.55518757568,-120.0,-2.557150122236635,-110.45279570344792,-51.4623169091974,-13.704837224762741
810,43328.0,43247.27204604129,43274.94709566828,43201.31855293713,43231.5281097297,128.0,-0.8722521368945308,98.44629189692569,25.457249508152017,1.149327640505362
811,43088.0,43247.23271865634,43108.128865906576,43163.435078913855,43227.85384285669,-104.0,0.641159372193215,-66.17390022884138,-0.1659345663501881,3.318425269826548
812,43120.0,43248.554364785676,43142.599295210595,43200.98668380443,43238.16496026935,176.0,1.7743312464444898,147.46690535698872,78.04494679279014,16.219365426128206
813,43440.0,43250.78138114923,43403.06267662055,43319.524972499436,43260.292573708946,72.0,2.453219848794106,75.7767645127351,58.30077494471698,13.142242125042685
814,43264.0,43253.460804483264,43294.152824236065,43317.58823369387,43264.449444519436,40.0,2.760879571284022,41.85426879584702,24.857378041368065,4.179343036463251
815,43520.0,43256.3031402918,43486.77121421225,43369.23972858217,43268.65125978187,56.0,2.899542460378143,26.47446103742186,-23.72864082061278,-8.365621748471312
816,43376.0,43259.25988940402,43347.10174631091,43270.13095205264,43247.71820102249,-400.0,3.160299350547575,-341.2038993633323,-152.04330050321005,-27.34714870825701
817,42720.0,43262.623738992894,42804.36341548558,43065.15312757575,43213.95696236536,-72.0,3.844120304165699,-63.87809038088017,-32.40126068901009,-9.063390538860403
818,43232.0,43266.94813001235,43219.34556554915,43205.32843067462,43229.59141994477,424.0,5.157666847379005,351.70997780932885,126.83951843617979,15.514028576646524
819,43568.0,43272.93907268765,43507.78337110424,43318.83216444811,43244.98501951865,-16.0,7.161635730688431,-12.645338923688541,-11.080184002454189,-0.7571494501862617
820,43200.0,43281.27140147373,43194.05488770177,43183.16806266971,43228.0771210444,-408.0,9.728627146010695,-343.4540448936059,-144.08007044353872,-15.504042422031489
821,42752.0,43292.39632697967,42820.87528131703,43030.672023561034,43213.97693467459,-32.0,12.542764117195475,-28.803199799589493,-13.16002732816196,8.998660363919043
822,43136.0,43306.35692970812,43136.44848810259,43156.84800801339,43246.07444177224,384.0,15.151811346062459,317.815647298532,136.59998845904556,37.60122918626075
823,43520.0,43322.6999496718,43456.50657591409,43303.872000479125,43289.17939304711,-16.0,17.052538346550136,2.5909673819514865,38.959992705298646,31.563920927226718
824,43104.0,43340.46200640122,43141.630422866496,43234.767993423986,43309.20228362669,-168.0,17.799944109359785,-126.72403871512506,-3.7200103431423486,30.28300476091681
825,43184.0,43358.29983789052,43203.05849848384,43296.43197979284,43349.745402568944,168.0,17.109288151685178,156.72056803656596,117.87997626527431,48.83038907069931
826,43440.0,43374.68058270459,43455.07155893963,43470.527945954535,43406.86306176809,368.0,14.926025388245762,327.37085515391664,189.35993913896527,55.46081228755065
827,43920.0,43388.15188866701,43857.800208791676,43675.15185807077,43460.667027144045,88.0,11.458174295639765,91.72969381041912,82.19984115161787,30.837316733155603
828,43616.0,43397.59693129587,43638.530946560466,43634.92762825777,43468.5376952344,-136.0,7.134487089202594,-106.61452942888718,-30.760415684115287,0.4975528520772059
829,43648.0,43402.420862845414,43644.5711499339,43613.63102670254,43461.6621328482,8.0,2.5244229794589046,-11.10404695705438,-38.48108820395646,-16.19245574378874
830,43632.0,43402.64577725479,43616.32285264636,43557.96545184986,43436.152783746824,-112.0,-1.7766953975915385,-106.63403405577264,-92.6828489277541,-35.30170991403793
831,43424.0,43398.86747205023,43431.303081822356,43428.26532884703,43391.058713020124,-152.0,-5.270378955101478,-148.50436171221008,-127.5674585793131,-46.74113507569564
832,43328.0,43392.105019344584,43319.31412922194,43302.83053469123,43342.67051359543,-144.0,-7.6461872760883125,-155.4183064907338,-138.01952681018156,-47.65467374491709
833,43136.0,43383.575097498055,43120.46646884089,43152.22627522667,43295.74936553029,-320.0,-8.825432508492668,-276.5153161765993,-142.49112185122794,-38.93367978862807
834,42688.0,43374.4541543276,42766.28349686874,43017.848290988775,43264.80315401818,48.0,-8.963377363194013,50.20055547040829,30.54616125649045,-2.10605381120331
835,43232.0,43365.64834277167,43220.867579781705,43213.31859773965,43291.53725790788,448.0,-8.3865980283299,385.9559387226036,186.12960562070293,29.71096678509639
836,43584.0,43357.68095827094,43538.195374313946,43390.10750223018,43324.22508758837,80.0,-7.496338183027547,88.30466610197618,79.84265560562562,19.699084059910092
837,43392.0,43350.65566640561,43397.47691198566,43373.0039089509,43330.9354260277,-144.0,-6.680470344883361,-113.33390240001609,-26.60163880383334,3.657109740714077
838,43296.0,43344.32001758117,43311.52756951391,43336.904224622514,43331.5393070698,8.0,-6.217970308447548,-8.311494902194681,-15.64757201712564,2.380846395586559
839,43408.0,43338.21972578872,43380.85392218127,43341.70876491665,43335.697118818876,-80.0,-6.228602649269305,-66.40403642628735,-28.34107724754358,0.5426676900242455
840,43136.0,43331.862812282634,43178.71949666134,43280.22207012743,43332.624642449846,16.0,-6.666672119266877,11.463057786764693,10.62434027449126,6.7587557534607186
841,43440.0,43324.88638155018,43403.7800377548,43362.95744546563,43349.2146303258,40.0,-7.342123986414663,43.96072986746731,44.21409807101736,12.050719392242172
842,43216.0,43317.178564309805,43266.64095639627,43368.65026626946,43356.72608123433,104.0,-7.965161121668643,116.06570062282844,82.01795393856446,14.547754970248207
843,43648.0,43308.956059306845,43635.911439000454,43526.99335334276,43378.310140266294,368.0,-8.235495981803979,308.82767760643765,97.83976374467602,8.099566045279062
844,43952.0,43300.7075723462,43884.29631160915,43564.329793758814,43372.92521332489,-392.0,-7.908504205766803,-351.17431208129346,-156.49866270454004,-34.33866627516181
845,42864.0,43293.13905089531,42933.56281483787,43213.99602793368,43309.63280771597,-360.0,-6.837197691536858,-341.8786798461879,-175.33575185828886,-41.01076522311996
846,43232.0,43287.03317696312,43200.53895191677,43213.658290042236,43290.90368287865,136.0,-5.0113472954399185,109.67089666277752,-9.508592870326538,-15.783940693389013
847,43136.0,43283.11635630443,43152.90460816342,43194.97884219303,43278.06492632919,32.0,-2.5711629885154252,36.88869706376863,10.809973247301969,-5.735510232996603
848,43296.0,43281.89085098609,43274.31634604431,43235.27823653684,43279.432662412655,16.0,0.21901770264594234,12.993468102424231,9.938512612236082,0.5393692040961469
849,43168.0,43283.554391709724,43178.89154436827,43214.8558674175,43279.143664737385,-56.0,3.0228646452524117,-40.96707983469969,3.0055645894099143,5.268185561595601
850,43184.0,43287.9365802766,43192.38218637491,43241.28936571566,43289.96903353585,48.0,5.475712511859456,55.401573881190416,55.07818115599366,16.123820475255343
851,43264.0,43294.50581673344,43289.69469213065,43325.01222972949,43311.391305687896,256.0,7.2350551742893,225.78596640901014,114.22897887856743,23.79183743644535
852,43696.0,43302.406690625176,43643.95411919293,43469.747323472795,43337.55270840874,120.0,8.035456553614495,94.03002302692403,31.608755479708634,8.239038141280616
853,43504.0,43310.57672984067,43477.7547381845,43388.229740688905,43327.86938197046,-360.0,7.739009443048417,-309.02300274014124,-139.40271243944153,-18.48985733976224
854,42976.0,43317.88470951127,43025.90811371265,43190.94189859391,43300.57299372921,-216.0,6.345374977321626,-190.7087432543958,-89.81689279803322,-11.06773855477877
855,43072.0,43323.267479795315,43096.33725167571,43208.59595509284,43305.7339048609,232.0,3.995223564794287,192.1153963415927,85.9520340453455,16.84760637472573
856,43440.0,43325.87515664086,43410.138906395834,43362.8459666846,43334.268206478664,160.0,0.9590077422180912,164.4961866993035,115.67299493406608,23.24771194170171
857,43392.0,43325.18549527975,43425.329625074315,43439.94194496097,43352.2293287443,200.0,-2.406464348983718,181.83884405005665,101.06695075685639,15.97258870285441
858,43840.0,43321.06222794289,43773.81659449595,43564.979868198316,43366.21338388437,40.0,-5.706000422273064,17.569941901361744,-12.4721426635042,-9.70527566571036
859,43472.0,43313.773494435205,43460.46950887704,43414.99765963396,43332.81877741288,-448.0,-8.554589902971202,-379.47735795867993,-178.48337874736535,-40.35366760085162
860,42944.0,43303.95304813695,43014.86187857859,43208.013110703585,43285.50604868267,-80.0,-10.625617427373072,-82.8204206805458,-74.97799357858821,-30.237426296072954
861,43312.0,43292.52225958046,43294.82866751595,43265.041672476786,43272.343924820736,256.0,-11.690379743482481,194.1101265170946,33.54939801159344,-15.144927620902308
862,43456.0,43280.572288649986,43403.08213161278,43275.11190672677,43255.216193440865,-184.0,-11.629680811998696,-156.33587783929397,-80.3738123866242,-27.16692170782335
863,42944.0,43269.26289795646,42982.15691183736,43104.29404770354,43218.01008140509,-280.0,-10.438254746339226,-230.1406605886259,-90.67083517146602,-23.50560796552236
864,42896.0,43259.69577915731,42942.800810435525,43093.77023638384,43208.20497750982,280.0,-8.215161428350257,229.0897180312313,88.36130687222249,5.805144980218756
865,43504.0,43252.83257509976,43440.33634789982,43281.01666144798,43229.62037136553,152.0,-5.152144373623742,144.77550970796074,75.75475578813348,7.696412423985748
866,43200.0,43249.39149041006,43232.35182985145,43245.27974796011,43223.59780235779,-56.0,-1.5106792096994468,-46.2253687911616,-13.097039507825684,-4.842678889846866
867,43392.0,43249.81121668036,43347.8856103175,43254.82258243233,43219.93501358583,-120.0,2.401728910401289,-105.03816794646991,-59.04587431161053,-12.26603809266453
868,42960.0,43254.19494823086,43022.27549395851,43127.187999336886,43199.06572617246,0.0,6.240429375429812,-14.232646566466428,-44.040583427002275,-8.91600110474974
869,43392.0,43262.29207543122,43319.420317184566,43166.741415578326,43202.10301137633,-72.0,9.659988883591723,-93.03847986976325,-73.07587596939993,-6.457564227312105
870,42816.0,43273.514925998046,42836.19853421898,42981.036247398086,43186.15059771784,-424.0,12.35000481235329,-354.9442228520129,-103.18704448119388,2.5551162273986847
871,42544.0,43286.99208505593,42609.53187148054,42960.36732661594,43207.21324383113,336.0,14.081562927050982,325.9007240063911,187.5147425258183,54.223308304848615
872,43488.0,43301.67805185215,43487.99998223176,43356.06573244972,43294.597214327536,760.0,14.751114026530558,684.3688742088634,329.7312720586451,77.71383121278268
873,44064.0,43316.49431310899,43978.26961989827,43619.82987073323,43362.640906256696,-64.0,14.414740130068822,-53.298410879488074,41.6790736501207,32.97573724199174
874,43360.0,43330.507532112286,43381.403160472786,43439.423879749964,43360.54868881152,-480.0,13.30098984909273,-405.7433906651677,-140.69405110827938,-2.064783004596393
875,43104.0,43343.096292807175,43166.78283856793,43338.44176851667,43358.5113402475,136.0,11.78924114435722,99.29387093480182,16.238773025041155,10.688218448354746
876,43632.0,43354.086014401,43579.99090234239,43471.901425800046,43381.92512570823,184.0,10.338991611282836,153.16257548642898,53.41037018339921,10.91004174614136
877,43472.0,43363.77427602974,43473.10798954079,43445.26250888347,43380.331423739786,-136.0,9.423401720549009,-101.34296509767591,-40.007662474847166,-6.177130781456071
878,43360.0,43372.9328178421,43377.30497214704,43391.88610085035,43369.57086414532,8.0,9.453256424123538,-9.27815665856906,-37.43335760793707,-10.282016387205658
879,43488.0,43382.68078887799,43454.55167622365,43370.395793667594,43359.767390965375,-80.0,10.691046114658093,-89.99491480513461,-80.2924103489604,-16.21510363167181
880,43200.0,43394.314910071414,43197.31514253677,43231.30128015243,43337.14065688197,-320.0,13.22376686617281,-270.66082100304993,-123.44387343895141,-15.769701239300048
881,42848.0,43409.12832261033,42913.23003421755,43123.50804678969,43328.227988486775,40.0,16.949758819573617,42.06506276854634,29.9607900321098,15.098731029138435
882,43280.0,43428.21442771056,43281.44526807386,43291.22286021665,43367.33811894025,448.0,21.60939082119512,375.44157422562057,173.32624353528809,43.47703640048712
883,43744.0,43452.34710425272,43664.11318266879,43470.16053386027,43415.18206128775,-56.0,26.841344552332885,-16.766172061103134,42.01794057374718,31.403045411887433
884,43168.0,43481.89711681523,43247.912923951655,43375.258741364145,43430.144209764025,-16.0,32.240510008035926,-16.635638958854543,8.727578185953462,28.069358964476123
885,43712.0,43516.828124268795,43630.84190475108,43487.615690232175,43471.3207792167,-24.0,37.38766269493499,-25.179934181793215,0.16479398411684087,29.14260841350915
886,43120.0,43556.6724422051,43197.55305558807,43375.58832933238,43488.42942659104,-72.0,41.85254495954359,-43.205132486004004,15.76680376639706,35.53011870389673
887,43568.0,43600.53321418788,43544.431639779075,43519.14929776497,43542.381016624495,272.0,45.155738568319066,229.03678308639792,119.13561731506707,52.67064086467872
888,43664.0,43646.983919341736,43655.626621760865,43613.85956396251,43593.7707083204,56.0,46.717914461645705,69.32809078612627,69.64004817880777,47.87822711192348
889,43680.0,43693.969043111174,43683.08782135133,43658.429394122584,43638.13747084834,56.0,45.81351380066553,42.90030634711002,33.78452722135626,42.27363607035659
890,43776.0,43738.61094694307,43741.427234455085,43681.428618405225,43678.31798046111,-144.0,41.53861364072873,-114.52441462080606,-24.286466514742642,35.29640863582972
891,43392.0,43777.04627039263,43454.038992109716,43609.8564610931,43708.73028812,24.0,32.92473739981142,22.806718203202763,37.35607323442309,46.24882206488837
892,43824.0,43804.46042174269,43787.04067086149,43756.14076487407,43770.81562459089,160.0,19.133286480897368,148.2050330592283,112.35468621800828,59.42611770043004
893,43712.0,43815.312843354426,43750.44905822817,43834.565833529115,43827.58252352086,168.0,-0.3062347046688956,155.65367850754774,139.70798541960175,62.54602510601762
894,44160.0,43803.84795233335,44098.348027876586,44035.556735713275,43895.907674802926,24.0,-25.201297957661154,39.639109031333646,138.76927004080062,55.12053502220806
895,43760.0,43764.910247439104,43829.72727629084,44112.10437361072,43937.82359356528,400.0,-54.444786397289135,416.02106806096344,314.38524682318894,50.807098440614936
896,44960.0,43694.95837953877,44930.39016399851,44664.32722935965,43997.521871684155,672.0,-85.91505641853655,616.6082695077239,342.6010483083701,11.574371703089128
897,45104.0,43593.08013460203,45062.94381530629,44797.30647022746,43960.972336971456,-80.0,-116.58023919384505,-72.72727216078783,-20.367524018463882,-93.70091786413104
898,44800.0,43461.79790115108,44784.93561967694,44623.592181322725,43810.12003595589,-376.0,-142.8242599263831,-355.4719084923381,-261.9181982433656,-200.34629921776286
899,44352.0,43307.431614749265,44351.99999832161,44273.470073740726,43560.27973853593,-680.0,-160.96964348770052,-672.4678097163633,-591.7960452606276,-289.4263104931706
900,43440.0,43139.85861417568,43440.00000024421,43440.00009080147,43231.26741496955,-768.0,-167.9018457514976,-767.9999985971299,-728.7351033587147,-339.4489528178965
901,42816.0,42971.62792324627,42816.00000112735,42815.999867023296,42881.38183290014,-792.0,-161.65803040970422,-792.0000021232336,-791.9999626792342,-346.6164904244142
902,41856.0,42816.542553356274,41855.99999599774,41856.000165443,42538.034434120724,-792.0,-141.85891305320183,-791.999997343366,-726.2128777133948,-309.2456770733734
903,41232.0,42687.910097139866,41232.00000644062,41363.57411159651,42262.89047875339,-608.0,-109.88384791626595,-572.5673989784482,-394.7519264117509,-223.59943142966222
904,40640.0,42596.77485752374,40710.86519804085,41066.4963126195,42090.8355712614,-128.0,-68.73693304403787,-120.56740276801429,-83.82964266725685,-99.51312892892383
905,40976.0,42550.43623105179,40990.86520090459,41195.91482626199,42063.86422089554,592.0,-22.624104351129063,518.0402335375475,239.37592677348948,27.421860678921803
906,41824.0,42551.526648821484,41746.94566511594,41545.24816616648,42145.67929261924,176.0,23.67138236914252,207.09456364019934,209.95742298772166,97.8990363546618
907,41328.0,42597.778995790075,41405.05432818499,41615.829672237436,42259.662293604866,40.0,65.48952777770683,78.52717399890389,214.4963421896755,160.56611566586798
908,41904.0,42682.5057043769,41904.00001311375,41974.24085054583,42466.81152395098,568.0,98.95967258196106,529.4728319387359,424.08515138658913,235.28980654366023
909,42464.0,42795.698340954,42463.99999206246,42463.999975010614,42730.24190669219,832.0,121.49867929656102,821.804421714296,726.3828895640763,276.7424780758156
910,43568.0,42925.50306297002,43547.60885654234,43427.00662967398,43020.29648010261,648.0,132.0610322808534,654.1747132921555,625.3326441010904,262.6693974155569
911,43760.0,43059.820405515704,43772.34941864677,43714.665263212795,43255.5807015233,296.0,131.13476193905808,286.4876553382783,264.9912651452105,210.0632564968546
912,44160.0,43187.772586848136,44120.5841672189,43956.9891599644,43440.42299309632,160.0,120.49603018488415,151.1555846666197,140.81847673381344,148.8634412278334
913,44080.0,43300.81246588547,44074.66058798001,43996.30221668042,43553.30758397897,-88.0,102.7913334533514,-72.6206393388311,-2.535834943770169,86.54997008159626
914,43984.0,43393.35525375484,43975.342888541236,43951.91749007686,43613.52293325951,-176.0,81.04032979704789,-142.6032567325783,-60.425981565127586,41.69149594352348
915,43728.0,43462.89312547957,43789.454074514855,43875.45025355017,43636.690575866014,184.0,58.164364050488075,145.46336041987888,-2.7421097516089503,18.60217139980159
916,44352.0,43509.683981855815,44266.269609380994,43946.433270573645,43650.727276059115,-168.0,36.60717717852822,-177.04742809837262,-131.8003476897029,-21.026936003945593
917,43392.0,43536.107479836624,43435.35921831811,43611.84955817076,43594.63670385812,-448.0,18.11981531059064,-412.9850914748422,-224.65893331750704,-45.95873700808443
918,43456.0,43545.923612476996,43440.29942643131,43497.11540393863,43558.809802042946,-72.0,3.676248449835839,-73.5626597302471,-94.17645226281093,-30.686411713031703
919,43248.0,43543.459976736296,43288.233898857616,43423.49665364514,43533.26388043206,48.0,-6.462357151776814,49.103966714363196,14.129576529077895,-11.282727589281421
920,43552.0,43532.99889817344,43538.507359860036,43525.37455699679,43536.24434686438,200.0,-12.581062896017102,182.81026030260182,88.56518185004461,2.192683775545447
921,43648.0,43518.29785094426,43653.85441946282,43600.62701734523,43537.64924798315,168.0,-15.338569724211993,144.619156916895,51.5659690210523,-4.112636482077505
922,43888.0,43502.32175872502,43827.745673693826,43628.50649503889,43528.01907390023,-216.0,-15.566837629892689,-199.09924219106688,-101.86727478689136,-27.629220387912937
923,43216.0,43487.16417568448,43255.655935080686,43396.892467771446,43482.390807207325,-344.0,-14.138098753574013,-302.09119831850694,-141.1677933817191,-32.308726332536025
924,43200.0,43474.04556121787,43223.56327705681,43346.17090827545,43463.401621235156,96.0,-11.885150064565096,85.72372726018148,22.36389464173044,-5.819104910409806
925,43408.0,43463.393875555346,43427.10338960105,43441.62025705491,43470.752597386505,352.0,-9.529585603355372,299.0570605494795,112.25947730691041,10.488606020673615
926,43904.0,43454.98639001116,43821.67739815577,43570.689862889274,43484.3788332765,-160.0,-7.6465520447454765,-134.55201645445413,-37.585462720995565,-7.3548224461774225
927,43088.0,43448.100771465855,43157.99935669214,43366.449331612916,43456.04295249415,-232.0,-6.656238317129464,-196.16824221489878,-65.01586546990075,-9.933733157642564
928,43440.0,43441.6739133769,43429.34091372597,43440.65813194947,43464.51136696122,272.0,-6.78814932890964,218.04612566371725,74.53786631128969,9.693982815126219
929,43632.0,43434.524472808036,43594.091608019575,43515.525064235495,43475.4309181244,-56.0,-8.067064683207718,-24.791265608506365,16.629464403773454,3.091097069405805
930,43328.0,43425.539784010485,43379.75838250896,43473.91706075702,43470.69356110003,48.0,-10.306981012025062,44.45868703418455,31.350526900030673,2.3973210306248802
931,43728.0,43413.910510783986,43683.008982087944,43578.226118035556,43480.22556018565,104.0,-13.11111623661418,78.29551001871005,29.422116296314925,-2.856722905089555
932,43536.0,43399.31755153726,43536.34940254638,43532.76129334965,43464.98011528985,-192.0,-15.95650451878464,-144.91256680967854,-47.084178011085896,-18.7964391313144
933,43344.0,43381.99750174642,43393.18384846859,43484.057762013384,43442.63268192302,136.0,-18.277068162264186,102.75368826515842,21.325349670431024,-17.415799270671414
934,43808.0,43362.76341521273,43741.8567790767,43575.41199269051,43430.14851674851,24.0,-19.55716039525214,17.95682599159045,-24.939772977613757,-31.37673933709084
935,43392.0,43342.88318095591,43429.09750045177,43434.17821605816,43379.87920324884,-136.0,-19.449086108448682,-127.27177636607666,-120.14466860327957,-50.87535333722553
936,43536.0,43323.86524299583,43487.313226344544,43335.12265548395,43328.39781007406,-320.0,-17.852222448815155,-310.10845007885655,-199.49423283223223,-61.861502671083144
937,42752.0,43307.17873605828,42808.880600294055,43035.18975039369,43256.156197906676,-288.0,-14.94792396257617,-269.13931688587763,-158.33802989341348,-47.03380227204616
938,42960.0,43293.96939507068,42949.03459257279,43018.446595697125,43234.330205529965,104.0,-11.167719527802547,85.32695514267834,12.480143151999073,-8.109482100211608
939,42960.0,43284.84329700268,42979.53451057941,43060.15003669769,43239.93723370625,128.0,-7.098536929133843,128.172470903668,91.7784593494107,19.603889861598873
940,43216.0,43279.77232121241,43205.379534380125,43202.00351439595,43273.53798525316,176.0,-3.363249875477777,172.74269570131946,134.85523489622938,36.47765080956742
941,43312.0,43278.11679725172,43325.01990198205,43329.86050649015,43312.89253532539,184.0,-0.4879615612808266,184.73987751215827,136.78724533927743,39.399176838494895
942,43584.0,43278.79639808985,43574.85928940444,43475.5780050745,43352.33633893015,240.0,1.2109059860049456,204.13583444459437,91.50650112160292,27.860620551273314
943,43792.0,43280.53860922373,43733.29157087124,43512.873508733355,43368.613776427934,-328.0,1.6814982520154445,-290.6637110036645,-102.2677419744723,-4.891873680819117
944,42928.0,43282.15939459388,42993.53186739711,43271.04252112556,43342.552591568514,-296.0,1.1356786889955401,-256.5465196619043,-70.30972704501619,-5.333555280998553
945,43200.0,43282.80996660172,43220.19853154743,43372.25405464332,43357.94666586594,592.0,-0.009476994106080383,516.3688713111369,187.33856083942374,23.291407590721064
946,44112.0,43282.14044060567,44026.269610019386,43645.719642804404,43389.135406749956,168.0,-1.240630584587052,157.90072690964735,40.325409563283756,-4.95448877848321
947,43536.0,43280.32870543255,43535.999985366725,43452.90487376989,43348.03768830897,-616.0,-2.0551301978703123,-538.1689339112781,-234.3623321495652,-50.49583402553617
948,42880.0,43278.03018020993,42949.93174219683,43176.994978505274,43288.143738698884,-136.0,-2.061262469556823,-157.70144385794993,-127.41240601198297,-39.48676267514384
949,43264.0,43276.206180493435,43220.597097650825,43198.080061745924,43269.06416295868,64.0,-1.057808344365185,53.650843708132015,-11.874885886387347,-18.82636759226807
950,43008.0,43275.9145635212,43057.233429613094,43153.2452067325,43250.49100351435,88.0,0.9456660258692864,82.80348002772007,27.787748352820927,-6.448609268612927
951,43440.0,43278.09751254517,43386.204057706265,43253.655558451566,43256.16694442146,88.0,3.74789900552787,59.99091662448336,7.238130944850127,-3.5157118718234415
952,43184.0,43283.41036153225,43177.21526286206,43167.7214686222,43243.4595797707,-296.0,6.996772001653881,-242.912480533887,-94.07335551826691,-9.734385662217392
953,42848.0,43292.09105654848,42900.37909663849,43065.50884741503,43236.69817309702,-16.0,10.251507820241386,-14.94068303111635,6.541802500349149,12.673501981171285
954,43152.0,43303.913377172736,43147.33389679983,43180.8050736229,43268.80658373304,248.0,13.06666742591915,223.6242841604544,129.69876301931436,37.948739822673815
955,43344.0,43318.22439140032,43347.6276649594,43324.90637345366,43312.59565274237,240.0,15.05963906346733,218.43209295658016,134.55448655759756,42.21885164644118
956,43632.0,43334.03265529967,43584.19808271299,43449.91404673809,43353.244287025926,-16.0,15.96074304992726,-2.439168681456067,33.964696653474675,26.71084863485521
957,43312.0,43350.145877500174,43342.74932759649,43392.83576676061,43366.01735001208,-112.0,15.650213954770152,-87.70211713404206,-16.66039659717353,15.473930486758036
958,43408.0,43365.33308320921,43408.793848444904,43416.593253543746,43384.19214799944,96.0,14.167120914240513,70.01376307292594,28.05411355501201,16.984405387334846
959,43504.0,43378.480119328655,43482.77685374234,43448.943993870635,43399.98616078675,-48.0,11.698862280627509,-32.13272599087941,4.822737262198643,10.59332082664696
960,43312.0,43388.730807770466,43344.528396463145,43426.23872806814,43405.378789652736,16.0,8.54284272271616,24.39352503651753,34.41409823158756,10.061568348617584
961,43536.0,43395.56580477409,43531.563903815375,43517.77219033381,43420.109297483985,184.0,5.049699991330272,164.85502642908978,82.41955743256767,8.935972705454333
962,43680.0,43398.830207753126,43674.238449321325,43591.07784293328,43423.250735063644,136.0,1.5664865305334388,113.86679211258888,28.84457406610818,-9.696025667162758
963,43808.0,43398.698777835154,43759.29748804055,43575.461338466026,43400.71724614966,-160.0,-1.6307890069001587,-158.45352107801227,-131.88583523424313,-42.897626606500125
964,43360.0,43395.568629739326,43357.3314071653,43327.30617246479,43337.455481850644,-464.0,-4.368485360057093,-432.88281021989314,-264.50207976883394,-64.38899020648387
965,42880.0,43389.96180711504,42893.53186760077,43046.45717892836,43271.93926573669,-416.0,-6.573030142732023,-378.56643638954847,-197.62040407225504,-45.919252827119635
966,42528.0,43382.42256945386,42600.1985343862,42932.06536432028,43245.616976196405,208.0,-8.270331165640528,195.3067704686473,87.64086755206154,9.55855926953518
967,43296.0,43373.42114478376,43284.14540853806,43221.73891403248,43291.05638427576,552.0,-9.553946379404806,497.0264850899839,252.5430067284433,45.19222729314788
968,43632.0,43363.31467669505,43594.25150456617,43437.15137777717,43336.0014307827,120.0,-10.521267309559335,121.36361885896986,117.98815263326833,30.14511804607173
969,43536.0,43352.37861016464,43526.872646256,43457.71521929902,43351.346620367905,-144.0,-11.231418470084463,-113.0156270301668,-18.578548828641942,6.112520603597659
970,43344.0,43340.85183975488,43368.22025050584,43399.994280119885,43348.226471989896,-32.0,-11.683950574777555,-37.55114322096779,-29.72379911918688,-2.908824778511189
971,43472.0,43329.010709015085,43451.770359814065,43398.267621060644,43345.52897081088,0.0,-11.806158152416174,-17.598091621446656,-38.59284852892233,-9.02105263847261
972,43344.0,43317.23952345005,43333.024067262944,43322.80858306204,43330.18436671295,-200.0,-11.466448620420124,-173.62595623639936,-86.05474646758375,-16.035385762279475
973,43072.0,43306.077811774245,43104.51844734127,43226.15812812548,43313.458199286324,-88.0,-10.507495497782656,-65.91338321532385,-19.571390873821656,-4.653257462316105
974,43168.0,43296.224532454486,43201.1973008323,43283.6658013144,43320.87785178832,360.0,-8.790347586364078,300.87558978064044,115.34057384611515,15.06354509141238
975,43792.0,43288.49711660152,43706.26962690255,43456.83927581771,43343.58528946915,-16.0,-6.228587075100222,-8.878670493646496,5.593112412163464,0.2867021542915609
976,43136.0,43283.767358304285,43183.439959845,43294.852026138724,43321.4512560969,-288.0,-2.823068038738711,-238.54096888403,-82.56123660962476,-12.861470567408105
977,43216.0,43282.85098052404,43229.18768913449,43291.71680259846,43317.86234833433,136.0,1.308387022720126,111.68617496190564,34.7231777589659,1.5042096541510546
978,43408.0,43286.384132349725,43406.812309768815,43364.298381656656,43324.4596754052,208.0,5.937527781905374,171.6861694784202,50.730769886526105,2.4203108411311405
979,43632.0,43294.72603608785,43572.56002809133,43393.17834237151,43322.702970016595,-160.0,10.731585462610383,-149.02081778680804,-90.53086809939487,-17.221556887780025
980,43088.0,43307.847303274946,43108.7706741952,43183.236645457866,43290.01656162964,-392.0,15.28622522090518,-342.3673063541719,-162.32337418471434,-22.585580305469193
981,42848.0,43325.29848652966,42887.825415382984,43068.53159400208,43277.53180940566,-24.0,19.181138410222047,-21.81818189731348,-4.439254454737238,8.991838246300176
982,43040.0,43346.20958009539,43065.13431040057,43174.35813654839,43308.000238122244,336.0,22.02673766051157,303.9853432923992,173.005610820499,43.868440622693015
983,43520.0,43369.35196185068,43495.79610196778,43414.54281564308,43365.26869065104,336.0,23.51618238023002,308.63740513419543,187.45608691623056,49.53188706135552
984,43712.0,43393.24194485585,43682.40912066896,43549.27031038085,43407.064012244955,24.0,23.467148629628355,38.65862204600853,53.36264992819997,26.54852220615794
985,43568.0,43416.28625910994,43573.1133460598,43521.26811549948,43418.36573506336,-80.0,21.83797565358691,-83.72904431017014,-51.36813713163792,3.820009571572882
986,43552.0,43436.917896163024,43514.95103204862,43446.53403611758,43414.7040313881,-280.0,18.72256519889197,-250.65368356801264,-127.4670613231101,-10.526502105854888
987,43008.0,43453.731389507724,43071.805978923774,43266.33399285326,43397.31273085165,-136.0,14.332148185880214,-116.86862870606274,-51.03304683769238,2.074336006131489
988,43280.0,43465.582192534785,43281.2137746365,43344.46794244219,43418.852703400364,248.0,8.961022436924395,215.4766688952077,110.36792081002568,28.48260771873538
989,43504.0,43471.65343438157,43502.75931671419,43487.06983447331,43454.27794628912,232.0,2.9611218102218118,215.34212564863628,134.1368092677767,32.93914020320881
990,43744.0,43471.50443615523,43711.89802593377,43612.741560977745,43484.73098380678,32.0,-3.285345467083971,48.628838888431346,60.042506993304414,17.489586708001298
991,43568.0,43465.082743447405,43600.01699449105,43607.15484845992,43489.25711970512,64.0,-9.382226845445985,48.20394101253987,13.990711712129269,0.5889918835964636
992,43872.0,43452.739982464336,43808.30590795885,43640.722984402004,43485.908967573974,-192.0,-14.940282328811008,-170.79004937846184,-82.07037185690933,-22.65270375245018
993,43184.0,43435.20217878978,43258.43689573413,43443.0141047461,43443.95171220022,-136.0,-19.5945913229516,-117.07603091356941,-68.20182728285727,-28.95966976373893
994,43600.0,43413.55079981843,43574.15384613171,43504.31932983629,43427.9896280465,248.0,-23.02566270834359,186.4861810561233,13.464890008333896,-24.562602751400846
995,43680.0,43389.150853373096,43631.409257846375,43469.94388476277,43394.82650669742,-328.0,-25.001264814018214,-280.1065593952153,-139.40350269213377,-47.42179601420503
996,42944.0,43363.5482701904,43013.94072734128,43225.51232445202,43333.146036018086,-184.0,-25.40104628678455,-173.3566334569623,-103.6753980847352,-42.22316887843408
997,43312.0,43338.34876079953,43284.69599093245,43262.5930885933,43310.38016894055,176.0,-24.228666653376422,134.23521825344142,12.377308437920874,-22.84685863050254
998,43296.0,43315.090936883644,43282.41116384816,43250.26694132786,43287.45231875708,-88.0,-21.62233121765894,-70.22900784346712,-35.19267660149853,-23.355234245616884
999,43136.0,43295.10409836421,43144.237975245516,43192.2077353903,43263.66970044932,-128.0,-17.84192202052145,-96.98331237508319,-29.955338242416474,-17.399133285296557
1000,43040.0,43279.4070928426,43088.444539097996,43190.35626484303,43252.65405218649,288.0,-13.229603658826818,241.0158159420098,73.32666187424184,-0.3829456535058853
1001,43712.0,43268.644891046555,43626.269607129536,43338.861059138784,43262.903809142306,-96.0,-8.168897548461246,-88.0924832116034,-38.064676134847105,-12.205052587069076
1002,42848.0,43263.06929774568,42912.25957267479,43114.22691257334,43228.24394701235,-288.0,-3.052004433782713,-250.03314078950643,-91.52069027878679,-15.647664779335173
1003,43136.0,43262.54088217899,43126.20332555052,43155.81967858121,43231.608479583636,200.0,1.7479936036434083,164.9603806283667,51.502605298483104,8.144956550462666
1004,43248.0,43266.565284952965,43242.18033393152,43217.2321231703,43244.533860113275,88.0,5.911656651573139,86.87867803861081,46.02850617424701,12.752073535306408
1005,43312.0,43274.364195482136,43299.960681627745,43247.876690929705,43257.11262665425,0.0,9.185786721754994,-2.4162441650551045,-1.4170867757493397,9.834397873688431
1006,43248.0,43284.936858396475,43237.34784560141,43214.397949618804,43264.20265586065,-128.0,11.395415261282324,-115.87360801925388,-50.27976650149867,7.900161999434204
1007,43056.0,43297.1550260047,43068.21346558924,43147.31715792671,43272.91295065312,-128.0,12.4667590949648,-108.06705206598417,-21.422212728743034,19.55594232511794
1008,42992.0,43309.870376586405,43021.213741469444,43171.55352416132,43303.31454051089,96.0,12.43566557050508,99.06898322741836,114.01312831526593,45.967316883317835
1009,43248.0,43322.02635714571,43266.35143204407,43375.34341455724,43364.84758441975,520.0,11.44939946078739,478.2635929222706,267.4615976745481,67.3754231298517
1010,44032.0,43332.76917550798,43977.740927313986,43706.476719510414,43438.06538677059,320.0,9.753207401172403,298.72538971259564,168.37166470837474,43.52107168937073
1011,43888.0,43341.532771948056,43863.802211469265,43712.08674397399,43451.889727798494,-272.0,7.658293572760158,-234.9276584983927,-82.34660354942753,-7.981172582174622
1012,43488.0,43348.0857626535,43507.8856103172,43541.78351241156,43422.10304160624,-288.0,5.495594259577047,-256.4885495660601,-143.41147535665004,-33.08153411194144
1013,43312.0,43352.52396046721,43350.825112337145,43425.26379326069,43385.72665957461,80.0,3.561974134747288,37.06506370568604,-59.88782252052988,-32.69004905289694
1014,43648.0,43355.209710922994,43582.01573772857,43422.0078673705,43356.72294350045,-88.0,2.0765642337792087,-104.4677786676948,-116.25199220493596,-43.567568899143225
1015,43136.0,43356.67708893477,43141.889555001755,43192.75980885082,43298.591521776325,-472.0,1.1553680568504205,-404.9413150160326,-200.868154094278,-50.00184563530638
1016,42704.0,43357.520447036695,42772.13310769651,43020.27155918194,43256.719252229836,-32.0,0.8111120791400026,-29.090908822723577,-14.352470077898033,-14.236306934999448
1017,43072.0,43358.29931309305,43083.70773735631,43164.05486869502,43270.118907906326,432.0,0.9867986944700533,381.3383187274667,189.8107438605839,23.305601071810088
1018,43568.0,43359.494044425635,43534.80974515144,43399.89304690311,43303.330454373456,288.0,1.583291027109226,273.92573126622665,151.78470165964973,19.97806918579954
1019,43648.0,43361.46589514727,43631.55919988876,43467.62427201432,43310.075046277925,16.0,2.490845393291238,14.545454181137757,-22.45663888163108,-10.151655781632144
1020,43600.0,43364.47573521222,43563.900653513716,43354.97976913985,43283.02714281019,-504.0,3.6162162976943364,-467.26025791692155,-235.15461830455024,-42.89654632722886
1021,42640.0,43368.698327742655,42697.03868405492,42997.31503540522,43224.28195362347,-392.0,4.872188320623536,-362.5635700737548,-179.007216032016,-29.53109150554519
1022,42816.0,43374.220111853465,42838.773513366206,42996.96533707582,43223.9649597991,296.0,6.1605643102302565,255.6023961423016,90.13297020850223,20.08125416558687
1023,43232.0,43381.019456363116,43208.24347633952,43177.580975822224,43264.44446195464,264.0,7.369334613518731,250.68734467092145,153.4061266575227,42.10172525327289
1024,43344.0,43388.9587810805,43340.14820270805,43303.77759039086,43308.16841030565,104.0,8.376095499279472,112.64573990878489,106.08540976406948,41.93236886628438
1025,43440.0,43397.771647361675,43433.53495615709,43389.75179535036,43348.30919968721,72.0,9.052317055953608,61.06153423449723,60.850102634685754,35.556249365927215
1026,43488.0,43407.06341519241,43462.271271177044,43425.477795660234,43379.2809090375,-136.0,9.29122158986138,-99.90732909483268,4.464898139984143,25.535754802163865
1027,43168.0,43416.3540905414,43233.720297967426,43398.68159163033,43399.38070929154,176.0,9.035994777164888,163.4317640889385,88.5445917852594,31.66883571861399
1028,43840.0,43425.13540474674,43789.13479935492,43602.56697923075,43442.61858047473,288.0,8.303197520148387,237.70725070069966,85.16887721580133,23.368800206932065
1029,43744.0,43432.960485581694,43709.134799368825,43569.019346061934,43446.1183097054,-376.0,7.184214612851065,-314.35197577892177,-121.03796013785177,-11.394355284061021
1030,43088.0,43439.50383397244,43160.43084779708,43360.49105895505,43419.82986990661,-128.0,5.832161825383082,-126.5237399493999,-72.28275762935664,-9.696946303465666
1031,43488.0,43444.62480923246,43456.087319470025,43424.45383080322,43426.72441709847,168.0,4.447363208768365,136.09306902305252,32.18968724977822,3.8307680467878527
1032,43424.0,43448.39856038998,43432.61698584318,43424.870433454606,43427.49140600018,24.0,3.2448783117361018,19.614595589064265,0.8518193786912889,0.9415592017248855
1033,43536.0,43451.11456585593,43495.316510648154,43426.1574695606,43428.60753550192,-168.0,2.4233002998626034,-140.71792195425587,-53.63422911370071,-4.2534937231721415
1034,43088.0,43453.2451609897,43151.18114193467,43317.601975227204,43418.98441855384,-48.0,2.133769798088906,-28.229659040112892,6.245493280199298,6.926103979614709
1035,43440.0,43455.38210545211,43438.85719256793,43438.648456121,43442.45974346115,336.0,2.444900741771562,281.96201347290844,120.37070895430224,23.59831208036485
1036,43760.0,43458.13496247325,43715.10516888049,43558.34339313581,43466.18104271457,64.0,3.334179307687009,51.773820714977774,18.866633582707436,9.030351389152202
1037,43568.0,43462.050464067484,43542.40483399788,43476.38172328642,43460.520446239454,-368.0,4.688576546519471,-314.1199846765485,-127.77080820618357,-11.034574163146317
1038,43024.0,43467.512115566286,43086.86519952739,43302.80177672344,43444.111894388276,-152.0,6.282702574291761,-127.7698170502008,-34.17905820125452,4.597042868237622
1039,43264.0,43474.61586921607,43286.86519989748,43408.02360688391,43469.71453197593,544.0,7.829211407297407,469.70220029063785,177.23363360242365,35.8883641864486
1040,44112.0,43483.17053838088,44026.269600108666,43657.26904392829,43515.88862276117,0.0,9.01866178677301,9.035578312716098,21.879959008525475,16.36852192330116
1041,43264.0,43492.653192789614,43304.936356522914,43451.78352490096,43502.45157582253,-432.0,9.563447466960497,-370.31083896254495,-111.59375657684723,-1.5144681475103425
1042,43248.0,43502.2974333148,43285.647922183576,43434.081530774594,43512.85968646615,200.0,9.269027086578717,168.95117657854644,75.33877126092557,23.651094966924575
1043,43664.0,43511.19124696277,43642.83870968001,43602.46106742281,43549.75376575638,272.0,8.076222903258895,251.38433589644774,137.61007035962757,31.181767578047584
1044,43792.0,43518.44987912132,43788.41659397647,43709.30167149385,43575.22322162225,144.0,6.085918004107953,127.66085417882277,65.49143981796078,14.63061694697899
1045,43952.0,43523.36308297099,43898.16041803765,43733.44394705873,43579.01499965034,-184.0,3.5387011739112495,-166.27067349484423,-85.13575090575614,-14.857471989387705
1046,43424.0,43525.52728146914,43455.87524698678,43539.03016968234,43545.50827764347,-320.0,0.7734070829101256,-276.09234837266195,-136.89869253522193,-27.431308124698262
1047,43312.0,43524.90989713681,43345.97572129233,43459.64656198829,43524.15238340094,88.0,-1.8471397263238032,59.97908076718522,-5.560326699906,-10.748275072481192
1048,43600.0,43521.833002016494,43575.83340852115,43527.909516282525,43524.01172749851,136.0,-4.004664467549446,109.0247298346003,32.21771243550029,-3.9400695275071485
1049,43584.0,43516.90056820171,43564.02518096153,43524.08198685929,43516.27224434593,-152.0,-5.488076075220306,-111.68232275199625,-33.786535993593134,-11.125870935284183
1050,43296.0,43510.85684986605,43352.46876301716,43460.33644429534,43501.75998562794,96.0,-6.239699096135155,70.78739714143012,18.422679583716672,-4.224259436588909
1051,43776.0,43504.42117000944,43705.59997524439,43560.92734602672,43507.82372547275,0.0,-6.360066213172104,1.1310884491576871,-6.9454252552568505,-7.345073881555436
1052,43296.0,43498.13671743971,43354.73093991548,43446.445593784825,43487.06983786483,-64.0,-6.0780907252010365,-57.21433575154151,-39.25895534947995,-11.200395714677143
1053,43648.0,43492.264988559036,43591.17130374131,43482.40943532776,43485.422934043396,-24.0,-5.690854595060955,-47.703117467644915,-46.83144079318663,-9.775757119266927
1054,43248.0,43486.75500824959,43259.32470498019,43352.78271219845,43467.5183236263,-336.0,-5.495173996088852,-275.22307386019384,-77.23536703007994,-6.928694235783041
1055,42976.0,43481.27464056686,43040.72515602092,43327.9387012676,43471.56554557183,352.0,-5.712146143458085,321.31249676006337,151.1253397029468,28.825499224123632
1056,43952.0,43475.33071596267,43901.94969850031,43655.033391604346,43525.169322074544,440.0,-6.4266667950832925,394.6867693662425,178.61138613892035,32.26224260644449
1057,43856.0,43468.42130697669,43830.098694753404,43685.16147354544,43536.09003078472,-232.0,-7.578448270185618,-201.35752997986856,-55.29118128618575,-5.074789750593482
1058,43488.0,43460.1738194223,43499.234638540576,43544.451029031974,43515.01974257336,-320.0,-8.973645975023828,-274.6908635099644,-112.48492999748123,-19.719301082692255
1059,43216.0,43450.474015026644,43280.716967733475,43460.19161355048,43496.651428619334,208.0,-10.328015090079134,164.10667896732775,37.83639129374933,-4.335742523053341
1060,43904.0,43439.51778924214,43827.44799647523,43620.12381161947,43506.34825752725,128.0,-11.347428177065012,104.93150001086906,17.994103878725582,-10.18575821572449
1061,43472.0,43427.779158672514,43490.57996775521,43496.17982130793,43476.279912187885,-288.0,-11.785922567953094,-243.96818994393107,-111.85407965756895,-29.854349729968817
1062,43328.0,43415.945944106235,43339.51161658737,43396.415652304335,43446.63955806731,-88.0,-11.486793922562356,-93.51026823100983,-65.55634285143606,-23.708376217207842
1063,43296.0,43404.80557082739,43303.55943129319,43365.06713560506,43428.86315975347,-8.0,-10.397716001720255,1.8449711718021717,3.1850511032571376,-11.13324032616947
1064,43312.0,43395.150512102795,43343.201558930974,43402.78575451085,43424.37307741497,224.0,-8.57323418242595,195.6499222926359,83.11149616121475,1.1285715322519536
1065,43744.0,43387.65910246254,43694.859275878465,43531.29012792749,43431.12030281797,136.0,-6.14279764271123,105.95409633980671,22.1494373803871,-8.896759456099971
1066,43584.0,43382.86491681737,43555.10975161059,43447.08462927162,43406.57955850277,-408.0,-3.26943450611725,-347.611256787226,-152.6631840200571,-33.41176639006153
1067,42928.0,43381.1202334503,42999.63676230401,43225.963759887374,43364.29677003785,-144.0,-0.14404765789367957,-133.87868721419363,-72.13898944056564,-20.46794996303288
1068,43296.0,43382.576821501585,43287.3523771822,43302.80665039049,43365.64365857671,296.0,3.035671716217621,244.47750078917306,80.24621569836381,4.82907146769503
1069,43520.0,43387.19157688274,43488.59176388236,43386.4561912841,43373.95491297324,48.0,6.064467245410924,44.19820611196337,16.87763653566435,1.0090000451928063
1070,43392.0,43394.70575599241,43375.74878940613,43336.56192346182,43367.66165866709,-232.0,8.731510764217091,-194.09902744558713,-77.61330609137076,-7.5101713727926835
1071,43056.0,43404.65459841117,43100.393708991185,43231.22957910136,43358.934570227655,-56.0,10.826057450096414,-53.38653545899797,-17.717554809783906,6.419640071944741
1072,43280.0,43416.3578708926,43268.97571848813,43301.12681384225,43380.50093881098,120.0,12.152790865442512,113.46060193759695,80.4606416620154,26.591415523878823
1073,43296.0,43428.96018014206,43327.31491286638,43392.15086242539,43412.11740127541,232.0,12.554014017267036,214.91375871016498,139.0994797958374,37.42233252820006
1074,43744.0,43441.465898927134,43698.80323590846,43579.32577343393,43455.34560386738,152.0,11.947142893153796,145.50450258438286,104.83779772550042,28.795482785339118
1075,43600.0,43452.854465928365,43618.323918035145,43601.82645787639,43469.70836684609,0.0,10.344796482138918,11.140272302414814,23.41391338066387,7.848181321012817
1076,43744.0,43462.15549189141,43721.08378051329,43626.153600195255,43471.04196650941,0.0,7.8640703642813605,-11.821234955405089,-34.59605758351245,-12.314302011211112
1077,43600.0,43468.58260665693,43594.681448124335,43532.63434270937,43445.07976282367,-152.0,4.712078949207353,-152.99509176727588,-127.20208613120485,-33.70821554456052
1078,43440.0,43471.57964978983,43415.09359697874,43371.749427932846,43403.62553542029,-424.0,1.1694559393654345,-378.47553923635496,-195.01020081009847,-43.27295063236306
1079,42752.0,43470.92151853566,42837.730369651625,43142.61394108917,43358.53386155894,-80.0,-2.4096009375534777,-71.36235410719019,-33.828516299086914,-14.764980783398642
1080,43280.0,43466.76044791472,43272.36888876436,43304.09239533467,43374.09557385349,456.0,-5.655862524032273,393.48961095717095,173.5246519128341,20.266490987221914
1081,43664.0,43459.609793487594,43624.70959156597,43489.66324491484,43399.06684353339,152.0,-8.217541402347706,155.88866063142996,98.4024720375819,11.724611856567208
1082,43584.0,43450.325365110024,43584.14621002722,43500.897339409836,43397.544797566625,-40.0,-9.796824971301248,-39.832331402674754,-30.317235800081107,-10.84480608843296
1083,43584.0,43440.01614354499,43545.04492876062,43429.028773314676,43377.37723135652,-400.0,-10.200156778184464,-357.2079055055874,-149.35417943782159,-30.498704642275698
1084,42784.0,43429.925051553655,42869.73039901604,43202.18898053419,43336.54738828207,64.0,-9.377051057181234,42.59557851764475,-17.745302513390925,-13.202473660345277
1085,43712.0,43421.26204143063,43630.23608579591,43393.538168287894,43350.97228403583,216.0,-7.442917553609732,185.75927061946277,32.11827189764881,-3.6264900444548402
1086,43216.0,43415.039216446436,43241.24894025497,43266.42552432949,43329.294408193164,-312.0,-4.675394868088915,-262.74244426610676,-101.899881793659,-16.013155433003703
1087,43088.0,43411.91125169445,43104.75119726369,43189.738404700576,43318.94597316982,-48.0,-1.4791861513185722,-52.74175667280724,-25.81791727862219,1.1988636351488822
1088,43120.0,43412.0808441438,43135.765426909355,43214.789689772246,43331.69213546346,120.0,1.6834810304644634,109.84136419244169,72.44612995779244,23.330769066811627
1089,43328.0,43415.27821375538,43324.43392564858,43334.63066461616,43365.607511303446,176.0,4.3553597077516315,170.83812698209294,123.15630715199586,35.7957514051559
1090,43472.0,43420.7915635593,43477.44168087354,43461.10230407624,43403.28363827377,192.0,6.152061047254392,180.2161595926591,121.02279149819879,34.240308884018305
1091,43712.0,43427.58233584989,43684.866244833895,43576.67624761256,43434.08812907148,72.0,6.81429309028681,71.75578812982349,47.912067342600494,16.908897251279996
1092,43616.0,43434.420149739875,43620.95325713319,43556.92643876144,43437.10143277633,-32.0,6.223436872358434,-39.14670203476999,-49.2865894703973,-5.931624656332133
1093,43648.0,43440.029209594606,43606.572840764355,43478.103068671764,43422.22487975882,-304.0,4.3959474877410685,-286.3010813107285,-163.77183575379604,-26.16530902957311
1094,43008.0,43443.21204471536,43048.35109451173,43229.38276725385,43384.77081471719,-328.0,1.4685394404805265,-291.68140493031024,-138.0289177909981,-18.615524305769213
1095,42992.0,43442.96628847557,43023.210030903734,43202.04523308977,43384.99383114728,144.0,-2.3141474662443215,130.9090909106635,77.68508238080904,19.872707987451577
1096,43296.0,43438.58374978287,43310.16927633306,43384.752932015464,43424.51623069209,456.0,-6.623667552303232,415.58699288902426,227.0841649334252,45.94821107941971
1097,43904.0,43429.71895337096,43854.38401668178,43656.21356295662,43476.89025330612,248.0,-11.06299017098354,238.35345796324327,147.56741241946293,31.018535279330536
1098,43792.0,43416.4577694409,43786.876192259544,43679.88775685439,43486.55330125075,-104.0,-15.175921099136758,-93.12686312450751,-32.381927675032784,-5.6092869928288565
1099,43696.0,43399.36711117269,43668.13029043277,43591.44970760655,43465.67167932046,-288.0,-18.49861122380753,-258.09444966291994,-140.71319544456128,-32.398037964263494
1100,43216.0,43379.46054699329,43270.687292933704,43398.46136596527,43421.757225322224,-128.0,-20.61681182607208,-124.00653283053543,-101.75765865865105,-33.62659273212921
1101,43440.0,43358.13348752054,43420.1172247717,43387.93439028925,43398.4184938562,88.0,-21.222433417515276,50.01605569646563,-36.55978053139188,-25.41780677321003
1102,43392.0,43337.015680158256,43370.719404326635,43325.341804902484,43370.921611775804,-176.0,-20.175144510008977,-155.80079881189886,-95.92168293552095,-28.55080149160858
1103,43088.0,43317.783198500525,43108.5156271479,43196.09102441821,43341.316890872986,-176.0,-17.537118582866242,-159.62564143925192,-75.2052682751746,-16.938876359170536
1104,43040.0,43301.941442992524,43051.46812144813,43174.931268352135,43337.04385905746,-8.0,-13.569004455555842,0.2931015408867097,46.3058781099935,10.579161137349729
1105,43072.0,43290.64518958941,43109.10183022967,43288.702780638196,43362.475213147685,416.0,-8.68520836181051,398.83333872169896,222.12290260516238,39.955114747608604
1106,43872.0,43284.5710262689,43849.13479889153,43619.17707356246,43416.95408855268,520.0,-3.3856317451973155,470.01648432771253,204.06282970549364,31.726579832629795
1107,44112.0,43283.87392609902,44049.1347988851,43696.82844004918,43425.928372812945,-312.0,1.8322030666386127,-296.2069265111968,-129.93441348868873,-25.32929709909149
1108,43248.0,43288.23543240218,43256.720945869136,43359.30824658508,43366.2954943545,-624.0,6.540533070445235,-566.9282027400295,-281.86607017155984,-53.718103740720835
1109,42864.0,43296.95499223991,42915.27839340504,43133.09629970606,43318.4921653315,-88.0,10.430165525438497,-85.05058543890482,-91.66379702599079,-25.078720756420807
1110,43072.0,43309.09576345306,43086.619774991326,43175.9806525331,43316.138052841656,288.0,13.343794495947805,244.44025654291545,94.87467909358747,9.852790152239322
1111,43440.0,43323.642581231805,43404.15890649087,43322.84565789324,43338.19774563598,144.0,15.25091716967654,138.33366395389385,88.28783430676049,16.96958007612193
1112,43360.0,43339.59759779241,43363.287102899114,43352.55632114662,43350.0772129939,-48.0,16.22605305803154,-24.436289096185646,25.988823826693988,11.383328007614182
1113,43344.0,43356.09468734787,43355.2863282985,43374.823305546626,43360.96440165121,48.0,16.4195191722647,48.43086689186384,37.678637173321476,11.735408739867125
1114,43456.0,43372.43663613694,43460.14883668284,43427.913595493264,43373.548030473634,160.0,16.00187483377158,125.60669179855176,39.0470876932668,8.4610303461086
1115,43664.0,43388.09843701541,43606.4997118956,43452.91748093316,43377.88646234343,-232.0,15.132790478903189,-195.4573691251644,-80.5373740935247,-9.967245013034699
1116,42992.0,43402.702217094746,43069.23409843251,43266.838847306215,43353.613540447564,-112.0,13.949111793081101,-96.78831748458833,-48.65920997383364,-6.1922448734840145
1117,43440.0,43415.99666060157,43412.923076926425,43355.59906098549,43365.50197259646,272.0,12.559522047944483,208.30436312604434,46.559744172023784,8.163530778718268
1118,43536.0,43427.821261190635,43485.8428246846,43359.95833565026,43369.940602005,-288.0,11.055020011237502,-236.36227154273365,-83.66155751010228,-3.8643404912108963
1119,42864.0,43438.10670062405,42940.19853384096,43188.27594596529,43357.77329161404,-136.0,9.51979393534566,-106.1554789149668,-9.544416702326998,12.521354189739213
1120,43264.0,43446.860849061326,43273.53186685467,43340.86950224561,43394.98331038448,472.0,8.039691158293863,405.2994545406291,191.0283074031213,43.75918428966543
1121,43808.0,43454.186082940636,43750.797442922216,43570.33256077153,43445.29166019337,168.0,6.70582216726325,166.94600342506237,110.62933891168359,32.172932818557456
1122,43600.0,43460.27249339585,43607.42387370479,43562.128180068976,43459.329176021594,-136.0,5.5999212451060885,-106.25420069344545,-27.140290668063244,7.003974629304139
1123,43536.0,43465.38592543085,43538.289041535325,43516.051979435404,43459.29960945198,-40.0,4.761611045207246,-57.68962449285391,-56.05021091587332,-3.864586097017309
1124,43520.0,43469.79571548627,43492.044624719085,43450.02775823723,43451.60000382756,-216.0,4.1669241957351915,-186.02129322083056,-101.01034207955672,-11.119605433035758
1125,43104.0,43473.71977382232,43166.246455093664,43314.03129527629,43437.060398585905,0.0,3.7158019705566403,-14.565894157116418,-30.980815322793205,2.113414687635668
1126,43520.0,43477.22731942738,43462.91283640485,43388.06612759164,43455.82683320283,24.0,3.2313609833363444,11.23056333544082,8.067896111173468,15.557776277069934
1127,43152.0,43480.18249578899,43188.707581764545,43330.16708749864,43468.175951140045,-136.0,2.503586397251638,-90.6673458175901,31.18450365631361,28.15791549421556
1128,43248.0,43482.23449222188,43281.57814476967,43450.43513490427,43512.14266419126,408.0,1.3371058781121974,380.8802752498086,221.48561485776372,57.17384626078274
1129,43968.0,43482.856707545216,43950.46813226416,43773.138317214165,43582.52364366161,512.0,-0.38778436865322874,461.1116604189956,225.2723409169812,51.107161653424555
1130,44272.0,43481.45892348458,44203.80146560766,43900.97981673823,43614.35698749811,-248.0,-2.6748910726819304,-218.7159576665763,-57.668592106816504,-1.0488067885889905
1131,43472.0,43477.50692539985,43513.03621693101,43657.80113300053,43580.42603008443,-408.0,-5.408163101456012,-354.52754497322894,-150.27811723743434,-28.50965590945998
1132,43456.0,43470.642597281665,43494.746375661205,43600.423582263364,43557.33767567919,224.0,-8.374201233909844,175.44203703620587,14.834240394513472,-18.021470621282788
1133,43920.0,43460.75852293203,43863.92029100342,43687.46961378956,43544.38308884187,120.0,-11.32250959558587,88.77537035933346,-29.21916157902524,-31.73543239522769
1134,43696.0,43447.99757809049,43672.29711637987,43541.98525910531,43493.866810888736,-504.0,-14.018529129250965,-441.9650544501019,-222.49172513159283,-60.62293740869791
1135,42912.0,43432.72146467353,42979.99018210322,43242.48616352637,43423.13721402447,-224.0,-16.29249173196513,-220.52856203464762,-134.2560138157496,-45.17273616303646
1136,43248.0,43415.41259462656,43231.23999231058,43273.473231473814,43403.52133856266,200.0,-18.053764277927257,167.44977176026077,43.723683684347634,-11.839808533681207
1137,43312.0,43396.613936117676,43314.88972562374,43329.93353089507,43399.45759695711,96.0,-19.264886644225044,98.09836143186112,65.42706486879251,0.3091382423044706
1138,43440.0,43376.88282133811,43427.4367151743,43404.3273612114,43404.13961504727,40.0,-19.91881984014981,49.730565422039945,56.557510922029905,2.888998842528963
1139,43392.0,43356.776296437376,43414.35085646782,43443.04855273913,43405.23559464217,112.0,-20.000383506980143,98.66842363260002,64.24546789728993,1.7577593269998033
1140,43664.0,43336.88205432415,43624.7735624395,43532.81829700598,43407.65513370127,0.0,-19.451996961972327,14.290518169174902,24.178892769839877,-10.397704255829012
1141,43392.0,43317.87230251343,43442.93189280617,43491.40633827881,43384.44018613051,88.0,-18.19687286646149,72.8177943974988,8.29121041223334,-23.59293826423891
1142,43840.0,43300.48830859123,43770.4091512345,43549.400717830446,43360.469257172794,8.0,-16.18815300852293,-20.47698539918929,-87.30526153313622,-47.94746609907452
1143,43408.0,43285.495996496385,43401.97792200779,43316.795815212536,43288.54525393236,-488.0,-13.451671396323945,-450.43864186083374,-278.20699501164563,-77.89674054381976
1144,42864.0,43273.58496579858,42869.53186751283,42992.986727807154,43204.675776085154,-496.0,-10.128316068334243,-452.88969425770847,-259.3157235018043,-66.83568904294225
1145,42416.0,43265.23936435972,42496.198533492374,42798.16436820893,43154.873875846475,64.0,-6.4868648996598495,53.92209299220849,-3.7401754937673104,-12.858206446358963
1146,42992.0,43260.61123599926,42977.376053497246,42985.50637681962,43178.959363192436,440.0,-2.8867260237057053,381.7950279403012,184.09519702050966,33.43345550558297
1147,43296.0,43259.465912312306,43259.788589372976,43166.354762249946,43221.74078685764,80.0,0.2874300614457752,101.35548274062603,116.02576655529265,39.068463008090475
1148,43152.0,43261.186096122154,43180.0870189785,43217.557909930205,43257.09628920862,56.0,2.7101717430014105,60.733524498020415,83.98210264536465,40.6103168114023
1149,43408.0,43264.88625579831,43381.25563836902,43334.318967540676,43302.961420480446,72.0,4.197937943692523,67.44681123559349,79.92054138080857,40.613202295855444
1150,43296.0,43269.58197200954,43314.980641449685,43377.39899269182,43338.32269380033,0.0,4.738166608669417,28.628210329115973,83.77952149705379,37.477408009894134
1151,43408.0,43274.36258901565,43438.51205902725,43501.87801053478,43377.916236500234,376.0,4.486272538819321,335.7437455388608,171.4180231103528,38.089354524920054
1152,44048.0,43278.55451708718,43986.46813252741,43720.23503891253,43414.50140285017,208.0,3.7356917012584745,180.64470331212578,54.47454783400826,4.910236492443801
1153,43824.0,43281.833972418164,43799.8014656515,43610.8271062028,43387.73670948512,-416.0,2.8349515196059656,-384.3056265105515,-215.99437960832438,-48.577857890792075
1154,43216.0,43284.22442012639,43217.856879506304,43288.24627969588,43317.345687068584,-536.0,2.1082946351853025,-496.01390072154027,-286.4576866589814,-65.32373806310716
1155,42752.0,43286.050561688535,42807.77366420842,43037.91173288484,43257.08923335891,-144.0,1.8114261567097856,-131.2148942557942,-107.37868036862346,-35.00199204173259
1156,42928.0,43287.84727243981,42955.427090994715,43073.48891895863,43247.34170298512,344.0,2.09596154020619,284.7888817598905,108.32164555311101,6.219554775467259
1157,43440.0,43290.24248476895,43377.3514277282,43254.55502399106,43269.52834290984,96.0,2.998383907623065,108.68147537447658,88.34361702795286,13.663057070218201
1158,43120.0,43293.844040255055,43172.79004174367,43250.17615301454,43274.667817125555,48.0,4.460139777882432,59.388822733799316,60.709205530751206,12.872865071989509
1159,43536.0,43299.16276432471,43496.1290731958,43375.97343505256,43295.27407305382,160.0,6.355318987647479,123.98439743112249,45.78399956429712,8.569959580956493
1160,43440.0,43306.55467823035,43420.75883660591,43341.74415214313,43291.80773628747,-208.0,8.507519194070483,-171.57605356030763,-83.35720683785621,-10.875949951980147
1161,43120.0,43316.17780271285,43152.976966075184,43209.25902137685,43273.52217314986,-88.0,10.709609487439593,-102.89704015481038,-87.85562007786211,-10.609454480116256
1162,43264.0,43327.97389720523,43214.96475629629,43166.03291198741,43270.588827327236,-208.0,12.740755609418557,-183.18842829743153,-92.20965339573377,-2.603904456260352
1163,42704.0,43341.65931393169,42786.60010948032,43024.83971458538,43268.31436423734,-32.0,14.38049034940559,-15.364099414375232,19.226659890660812,25.941255121968425
1164,43200.0,43356.73487790404,43184.23655746754,43204.48623176873,43322.47133757117,368.0,15.441387180875608,318.819235324936,181.88963306771257,60.28054021239586
1165,43440.0,43372.54208829344,43424.23858013019,43388.61898072081,43388.87544466213,136.0,15.792270351161278,161.19492331360016,158.44223931248416,63.84787932406107
1166,43472.0,43388.31941860636,43506.62640409474,43521.3707103937,43450.167096219295,312.0,15.39251373379011,277.0155212791724,157.43708486973628,60.200006368129834
1167,44064.0,43403.32711576102,43978.26962268854,43703.49315046028,43509.27545739839,-72.0,14.315213492900511,-64.49430275550549,1.8690152967246831,31.372134049015585
1168,43328.0,43416.949845592164,43377.63779858373,43525.10874098715,43512.911364317326,-312.0,12.741711590449995,-266.45287323503726,-79.83003897956223,12.881475134803622
1169,43440.0,43428.81053894192,43445.363876218464,43543.833072501155,43535.038407668,104.0,10.93910634529675,94.54545872706876,70.64086776458498,26.878963734070567
1170,43536.0,43438.82805828276,43566.72871603787,43666.39047651632,43566.66929178547,488.0,9.205489556494285,442.45286197803944,187.75264227332445,33.16434870674129
1171,44416.0,43447.22151805491,44330.26960017454,43919.3383570478,43601.36710508148,56.0,7.817732352246821,47.93477405172598,4.617059055388381,-6.033831449913123
1172,43648.0,43454.46352298725,43662.59826414132,43675.624594627094,43554.60162888564,-528.0,6.97048750157046,-475.1703463382146,-229.90146510716295,-51.43539475155558
1173,43360.0,43461.16249305805,43379.92890749811,43459.53542683348,43498.49631557837,-168.0,6.731063420160353,-183.02481915265162,-166.32145437687723,-49.180497528352134
1174,43312.0,43467.92564982757,43296.54862583602,43342.98168587334,43456.24063382894,-184.0,7.028531307601952,-160.6371524820097,-101.06289802346873,-35.043650057989
1175,42992.0,43475.219555673255,43058.654602534094,43257.40963078654,43428.40901546239,136.0,7.66296568443795,124.01160868276565,47.132760306474665,-6.011167593424034
1176,43584.0,43483.25158119645,43544.57184320155,43437.24720648629,43444.21829864209,312.0,8.352641195826436,260.14383736097443,106.46117894289273,8.820198111799982
1177,43616.0,43491.92483806491,43578.94227725604,43470.331988672326,43446.04941168599,-200.0,8.791839018365863,-150.9181796652956,-39.749223477800115,-6.666416371797823
1178,43184.0,43500.83525923318,43242.73548387096,43357.74875953069,43430.88546589849,-32.0,8.710133507251157,-42.52937403028045,-25.708849376296712,-2.819672492572863
1179,43552.0,43509.34510507941,43493.88352919548,43418.91428991973,43440.410066700846,-48.0,7.931934569343866,-39.4343086980698,-5.377324651090021,3.9451041373977205
1180,43088.0,43516.69912837187,43163.86686647482,43346.99411022851,43438.77567417329,80.0,6.40113562332408,86.40190482027901,57.576875423033925,15.904391181102255
1181,43712.0,43522.14737632606,43666.68733883604,43534.0680407658,43472.21884906305,296.0,4.184760544303572,239.17293137457818,98.10795092018816,21.454117342917016
1182,43680.0,43525.068649460474,43642.212729223975,43543.210012068885,43481.68390885912,-272.0,1.4626440526662918,-213.41096349220243,-59.25302266246945,-0.45074476097215666
1183,43168.0,43525.07266443139,43239.865411851635,43415.56199544086,43471.317359541106,-56.0,-1.5075082379116793,-43.020258114156604,-3.8670189075892267,4.7993186590392725
1184,43568.0,43522.05363298465,43556.17221299566,43535.475974253706,43491.2825461772,312.0,-4.440389153733122,257.16786612233045,103.65196593969449,16.129313944955356
1185,43792.0,43516.191886123925,43754.201144096296,43622.86592732025,43503.57598743102,8.0,-7.070059239616967,9.034651582096558,2.8229167266727018,-2.127759374634479
1186,43584.0,43507.91351450542,43574.241516159855,43541.12180770705,43487.02702742793,-272.0,-9.188921638331522,-228.75204713717176,-103.18321575967275,-21.397608631690673
1187,43248.0,43497.81404284726,43296.69704982195,43416.499495800905,43460.780770167636,-24.0,-10.68100307466375,-34.05921722812491,-40.372564005694585,-15.607218751909386
1188,43536.0,43486.55150835609,43506.123081703605,43460.37667969566,43455.81258992411,80.0,-11.531139425693254,60.04144039966195,6.065523742592632,-8.977550747320493
1189,43408.0,43474.751763995875,43416.77993062128,43428.63054328609,43442.825668672995,-72.0,-11.8107810767724,-45.44349797593895,-21.430864766534796,-11.245637817468378
1190,43392.0,43462.929946202545,43415.23608575173,43417.51495016259,43433.32131428918,152.0,-11.65062620727258,114.6365838890888,1.6418819578066177,-7.43828866936019
1191,43712.0,43451.45051158133,43646.053098399454,43431.9143072017,43427.949091334274,-352.0,-11.203578360611573,-320.7528427552279,-125.64348936004535,-19.574768388185475
1192,42688.0,43440.52278948132,42773.73040024127,43166.2279714425,43394.171777512805,-136.0,-10.604957937641302,-112.2207134759883,-26.57235003794267,1.5312750541706919
1193,43440.0,43430.24059570605,43421.61167144748,43378.76960712582,43431.011641442616,512.0,-9.93647612246059,446.32499236798685,181.92643924622098,36.39044600194029
1194,43712.0,43420.6498372364,43666.380384977245,43530.080849934944,43466.952669516686,0.0,-9.21913883423258,16.670638416006113,60.35166777659833,23.6886615499061
1195,43440.0,43411.80231803758,43454.95294827949,43499.472942679015,43478.38896454243,-184.0,-8.414941336159245,-136.6626953002924,-0.8714359164259804,13.35574325286143
1196,43344.0,43403.81995456408,43393.05499437666,43528.33797810209,43493.66415602241,368.0,-7.445705072739656,317.6583270557094,121.03402447412736,22.758399281101447
1197,44176.0,43396.9109078921,44090.26960239091,43741.54099162727,43523.90576310463,48.0,-6.235693601785897,35.44222665634152,-4.026490661184653,-2.363104762549483
1198,43440.0,43391.34856736051,43463.93944768934,43520.28499677972,43488.93794649731,-464.0,-4.741412920113362,-407.79383201765813,-181.11349645769224,-32.52091928245136
1199,43248.0,43387.428082051876,43274.68193835559,43379.313998711885,43458.86392453973,-40.0,-2.975716706205276,-55.84781755577933,-75.31399871188842,-19.530825730598735
1200,43360.0,43385.3971339481,43352.243812577784,43369.656999355946,43449.87629503611,112.0,-2.030948103776609,77.56187422219227,-9.656999355938751,-8.987629503615608
