distance,Raw,Median+Gaussian,Huber MRF lambda=0.1,Huber MRF lambda=1,Huber MRF lambda=10,derivative:Raw,derivative:Median+Gaussian,derivative:Huber MRF lambda=0.1,derivative:Huber MRF lambda=1,derivative:Huber MRF lambda=10
0,32960.0,34068.1068281509,32955.25113780225,32962.02783013558,33459.772574724506,-64.0,110.50577091871673,-47.48862197754352,2.027830135579279,49.977257472455676
1,32896.0,34178.61259906962,32907.7625158247,32964.05566027116,33509.74983219696,8.0,164.35435469415097,11.323957145978056,36.055660271162196,80.66474908229793
2,32976.0,34396.8155375392,32977.8990520942,33034.139150677904,33621.1020728891,80.0,269.1187510061027,79.63179674048297,99.15306574568967,143.60734433660036
3,33056.0,34716.85010108182,33067.02610930567,33162.36179176254,33796.96452087016,136.0,366.3033875428082,144.25760373981393,181.40353696590319,212.91067402456974
4,33248.0,35129.42231262482,33266.41425957383,33396.94622460971,34046.92342093824,392.0,452.35306926451085,386.4869454224645,338.8191678681469,289.90507111498664
5,33840.0,35621.55623961084,33840.0000001506,33840.00012749883,34376.774663100136,792.0,523.6205590559512,782.7928701815545,717.5268647929515,392.55222397163743
6,34832.0,36176.66343073672,34831.99999993694,34831.99995419561,34832.027868881516,1232.0,576.774618137475,1231.9999999306528,1231.9999392462087,963.6065918511267
7,36304.0,36775.10547588579,36304.0000000119,36304.00000599125,36303.98784680239,1264.0,609.3289021137607,1264.0000000417967,1264.0000338094942,1263.9889850952495
8,37360.0,37395.32123496424,37360.00000002053,37360.0000218146,37360.005839072015,1408.0,620.1418099372895,1407.9999999081592,1407.9999044311553,1408.005216415273
9,39120.0,38015.38909576037,39119.99999982822,39119.99981485356,39119.998279632935,1464.0,609.7367291906921,1464.0000003707028,1464.000461594991,1337.1540644949928
10,40288.0,38614.794693345626,40288.00000076194,40288.00094500458,40034.313968062,848.0,580.370281277239,847.9999996214392,847.9993595783635,636.2388885730288
11,40816.0,39176.12965831485,40815.9999990711,40815.99853401029,40392.47605677899,656.0,535.7855640631424,630.5815838537019,499.2122615790795,336.98589155594163
12,41600.0,39686.36582147191,41549.16316846934,41286.42546816274,40708.285751173884,304.0,480.72440842483775,304.1627989552617,270.19123157040303,271.2239819535898
13,41424.0,40137.578475164526,41424.325596981624,41356.38099715109,40934.92402068617,-160.0,420.3075923663637,-123.20958657960728,36.146027563896496,202.1844705465919
14,41280.0,40526.98100620464,41302.74399531013,41358.717523290536,41112.65469226707,-8.0,359.35706973973356,-7.8616251208623,41.69528778471431,169.3634061942539
15,41408.0,40856.29261464399,41408.6023467399,41439.77157272052,41273.65083307468,112.0,301.85441989982064,108.87008512925604,96.93983579024643,154.27868246134312
16,41504.0,41130.68984600428,41520.48416556864,41552.59719487103,41421.212057189754,208.0,250.60215044493816,194.3026466719566,137.12421958602135,143.42182697456155
17,41824.0,41357.49691553387,41797.20764008381,41714.020011892564,41560.4944870238,160.0,207.09083047266176,142.76167493424873,106.43282296781399,126.10715418523978
18,41824.0,41544.8715069496,41806.00751543714,41765.46284080666,41673.42636556023,-112.0,171.58429669957331,-81.16254746100094,22.174249317424255,105.40319681444453
19,41600.0,41700.665508933016,41634.88254516181,41758.36851052741,41771.30088065269,-16.0,143.35663127090447,3.287755533710879,72.08992498445878,106.43955912509045
20,41792.0,41831.58476949141,41812.58302650456,41909.642690775574,41886.305483810414,440.0,121.01263888668836,389.7926306875088,210.0955256359448,119.71987734824506
21,42480.0,41942.69078670639,42414.46780653683,42178.5595617993,42010.74063534918,168.0,102.82675619239308,165.04679589446823,118.19665192338653,100.9721833062249
22,42128.0,42037.2382818762,42142.676618293495,42146.03599462235,42088.249850422864,-248.0,87.05585812882418,-198.4080967758564,-23.50556986578522,75.5217075948276
23,41984.0,42116.80250296404,42017.651612985115,42131.54842206773,42161.78405053884,56.0,72.19105101157038,43.23305961717779,59.28663847925054,82.42340264291488
24,42240.0,42181.62038389934,42229.14273752785,42264.60927158085,42253.096655708694,160.0,57.138820372474584,157.20481218198256,145.36548530353684,91.96743795528891
25,42304.0,42231.08014370899,42332.06123734908,42422.279392674805,42345.718926449415,256.0,41.3287316498936,261.42861754286787,216.80981743136363,94.70821706319475
26,42752.0,42264.277847199126,42751.99997261359,42698.228906443575,42442.51308983508,496.0,24.744834509143402,443.61631777401635,249.06396699055767,81.31981787741825
27,43296.0,42280.56981272728,43219.29387289711,42920.40732665592,42508.35856220425,-64.0,7.872722029034776,-41.08425650375284,34.38208354030212,26.46340047938429
28,42624.0,42280.023291257196,42669.83145960608,42766.99307352418,42495.43989079385,-288.0,-8.422536500249407,-237.33924440558258,-81.91771636964768,-19.346676870707597
29,42720.0,42263.72473972678,42744.61538408595,42756.571893916625,42469.66520846284,256.0,-23.087329698442772,197.86084490959183,7.864767350754846,-38.29142190787388
30,43136.0,42233.84863186031,43065.553149425265,42782.72260822569,42418.857046978104,-104.0,-35.086138167389436,-116.30769263319962,-150.48798157809142,-86.66530913582756
31,42512.0,42193.552463392,42511.99999881955,42455.59593076044,42296.33459019118,-656.0,-43.606207002671,-608.1561387297443,-390.68549480477304,-133.3057272773658
32,41824.0,42146.63621785497,41849.240871965776,42001.35161861614,42152.24559242337,-392.0,-48.21181572097703,-396.94057970428184,-330.21172011648014,-127.67671814663845
33,41728.0,42097.128831950045,41718.118839410985,41795.17249052748,42040.981153897905,-192.0,-48.91964795340755,-180.52783549986998,-172.59288282491616,-95.61538083057167
34,41440.0,42048.79692194815,41488.185200966036,41656.16585296631,41961.01483076223,24.0,-46.189501014941925,10.992366385224159,-30.92371107801955,-53.9155815975646
35,41776.0,42004.74982992016,41740.10357218143,41733.32506837144,41933.149990702776,72.0,-40.816050039986294,72.43623212255989,55.82174959085751,-20.007340524316533
36,41584.0,41967.16482186818,41633.057665211156,41767.809352148026,41921.000149713596,232.0,-33.78158384458584,217.47756413480238,126.38895985059571,4.7001664964991505
37,42240.0,41937.18666223099,42175.05870045104,41986.102988072635,41942.550323695774,136.0,-26.085377202438394,138.0593924457644,91.34512996092599,6.677690166969114
38,41856.0,41914.9940674633,41909.176450102685,41950.49961206988,41934.355530047535,0.0,-18.592130404369527,1.6509147826582193e-07,11.64643003218589,-4.277017145861464
39,42240.0,41900.00240142225,42175.05870078122,42009.39584813701,41933.99628940405,-96.0,-11.929197583122004,-100.5843987530061,-56.405839864371956,-15.659426173282554
40,41664.0,41891.13567229706,41708.00765259667,41837.687932341134,41903.03667770097,-248.0,-6.452955094413483,-205.25263186356096,-84.8639496253054,-19.00777781803481
41,41744.0,41887.096491233424,41764.5534370541,41839.667948886396,41895.98073376798,200.0,-2.2689794615798746,159.31296972794007,49.81399098845941,0.5430927554152731
42,42064.0,41886.5977133739,42026.63359205255,41937.31591431805,41904.1228632118,80.0,0.7167036956743686,75.2481152612163,34.30592259068362,0.14827260440506507
43,41904.0,41888.52989862477,41915.04966757653,41908.27979406776,41896.27727897679,-64.0,2.7160992089484353,-56.33558659334449,-26.896223216408544,-8.23172028616682
44,41936.0,41892.0299117918,41913.96241886586,41883.523467885236,41887.659422639466,-136.0,3.9863340589945437,-111.27515438134651,-50.99459223990925,-11.03488520535393
45,41632.0,41896.50256674276,41692.49935881384,41806.290609587944,41874.20750856608,112.0,4.777472135891003,84.6657335735581,9.912446496680786,-1.3415386450797087
46,42160.0,41901.58485606358,42083.29388601298,41903.3483608786,41884.97634534931,-80.0,5.2981099259232,-76.14514105307899,-31.26806827004475,-2.9823459493090922
47,41472.0,41907.09878659461,41540.20907670768,41743.754473047855,41868.242816667465,-160.0,5.710541061998811,-122.26232700617038,-23.716651306815038,3.078612151530251
48,41840.0,41913.005938187576,41838.76923200064,41855.91505826497,41891.13356965237,360.0,6.13646214505934,292.4063152961389,120.118114349596,25.44743146752444
49,42192.0,41919.37171088473,42125.02170729996,41983.99070174705,41919.137679602514,-88.0,6.659990201667824,-49.03156666540963,24.070994355599396,14.360993930265977
50,41664.0,41926.32591859091,41740.70609866982,41904.057046976166,41919.8555575129,40.0,7.3280318119504955,50.31261879658632,40.09486871720583,13.510655786034476
51,42272.0,41934.02777450863,42225.64694489313,42064.18043918146,41946.15899117458,256.0,8.143293014982191,202.47041507586619,56.21361179602536,10.011383220411517
52,42176.0,41942.612504620876,42145.64692882155,42016.48427056822,41939.87832395372,-296.0,9.062300122281158,-260.52803656484684,-127.45403332913702,-18.086751023172837
53,41680.0,41952.15237475319,41704.59087176344,41809.272372523184,41909.98548912824,-328.0,9.983734345169069,-289.33903363988065,-142.57571178344006,-18.393560369073384
54,41520.0,41962.579973311214,41566.96886154179,41731.33284700134,41903.091203215576,128.0,10.759818330192502,97.22229748730388,27.726897978824127,12.26027424811764
55,41936.0,41973.672011413575,41899.035466738045,41864.72616848083,41934.50603762447,152.0,11.229418662314856,147.2439388864659,97.7564057199088,31.340136290120427
56,41824.0,41985.038810635844,41861.45673931472,41926.845658441154,41965.77147579582,152.0,11.256271361347899,149.70496915027616,113.54231918089499,38.35401196113162
57,42240.0,41996.18455413627,42198.4454050386,42091.81080684262,42011.214061546736,144.0,10.757339075498749,129.21569091685524,90.87055182278345,34.00328882825852
58,42112.0,42006.55348878684,42119.88812114843,42108.58676208672,42033.77805345233,-64.0,9.728936263498326,-39.11667814801331,15.06933628745901,18.652894578215637
59,42112.0,42015.64242666327,42120.21204874257,42121.94947941754,42048.51985070317,56.0,8.259504380454018,41.384171306995995,18.337457039586297,11.56778978598959
60,42224.0,42023.07249754775,42202.656463762425,42145.261676165894,42056.91363302431,-32.0,6.50709336124055,-24.27326616800201,-16.05696516869648,0.03946397236359189
61,42048.0,42028.65661338575,42071.66551640657,42089.83554908015,42048.598778647895,0.0,4.659349381319771,-12.66336532303103,-34.508352545672096,-8.28491544402641
62,42224.0,42032.39119631039,42177.32973311636,42076.24497107455,42040.34380213626,-128.0,2.8959722419567697,-127.68711770839582,-87.46809246831981,-17.437786404821964
63,41792.0,42034.44855786966,41816.291280989775,41914.89936414351,42013.72320583825,-288.0,1.362958328685636,-239.58204717770786,-99.89592485929097,-15.534436006095348
64,41648.0,42035.11711296776,41698.16563876095,41876.45312135597,42009.27493012407,232.0,0.1533337005384965,189.2072450882988,75.78031789044326,13.61547079202137
65,42256.0,42034.75522527074,42194.70577116637,42066.459999924395,42040.95414742229,128.0,-0.6788676478936395,133.5642947248889,95.23687853062438,20.926924669340224
66,41904.0,42033.75937767197,41965.294228210725,42066.926878417216,42051.12877946275,120.0,-1.1041817544282821,114.79650863130155,81.93031770143352,17.531071013592737
67,42496.0,42032.54686176188,42424.298788428976,42230.32063532726,42076.01628944948,72.0,-1.1018832263398508,62.76159182979245,30.55407457367255,3.8883244592034316
68,42048.0,42031.55561121929,42090.81741187031,42128.03502756456,42058.90542838116,-136.0,-0.6515830224816455,-119.39431720709763,-62.26809398041587,-16.56558964926444
69,42224.0,42031.24369571692,42185.51015401478,42105.78444736643,42042.88511015095,-88.0,0.2575791663439304,-97.75648778161121,-81.35835651491288,-25.07606272265548
70,41872.0,42032.07076955198,41895.30443630709,41965.318314534736,42008.753302935846,-208.0,1.5879216502689815,-173.68353617226603,-93.80697556433006,-27.294142068316432
71,41808.0,42034.41953901746,41838.14308167025,41918.17049623777,41988.29682601432,120.0,3.24413237257977,93.55405371440429,7.937429821922706,-11.441635620813031
72,42112.0,42038.55903429714,42082.412543735896,41981.19317417858,41985.87003169422,128.0,5.059254584557493,96.3321807451357,-2.380734969901823,-8.733292735381838
73,42064.0,42044.53804818657,42030.80744316052,41913.409026297966,41970.83024054355,-400.0,6.7771411311368865,-346.85321215938893,-143.07963473162818,-19.698279123495013
74,41312.0,42052.113316559415,41388.70611941712,41695.033904715325,41946.47347344723,-144.0,8.119494504098839,-127.40370449912734,-26.858169224982703,7.36690657604413
75,41776.0,42060.77703719477,41776.000034162265,41859.692687848,41985.56405369564,504.0,8.834381117954763,444.1090538897515,206.50512705667643,49.56878293319096
76,42320.0,42069.782078795324,42276.92422719662,42108.04415882868,42045.61103931361,240.0,8.742170943056408,226.84866591211176,142.37355039501563,46.327537583649246
77,42256.0,42078.26137908088,42229.69736598649,42144.43978863803,42078.21912886294,-232.0,7.80235530022037,-178.74003127770993,-19.384475871629547,23.71904599247864
78,41856.0,42085.386789395765,41919.4441646412,42069.27520708542,42093.04913129857,0.0,6.134456078929361,6.967621860720101,31.473021990092093,26.682459000556264
79,42256.0,42090.53029123874,42243.63260970793,42207.385832618216,42131.58404686405,320.0,3.998434222121432,262.3514936063548,113.80354184190946,32.31411790868515
80,42496.0,42093.38365784001,42444.14715185391,42296.88229076924,42157.67736711594,-80.0,1.7536851481854683,-58.74969858447366,-10.062396464360063,9.177188607682183
81,42096.0,42094.03766153511,42126.13321253898,42187.261039689496,42149.93842407942,-208.0,-0.2089741775780567,-167.3478766200351,-63.99073123499329,-5.042021832548926
82,42080.0,42092.96570948485,42109.45139861384,42168.90082829925,42147.59332345084,176.0,-1.5532407743448857,130.57517914408527,26.09020275938019,1.0345655439668917
83,42448.0,42090.93117998642,42387.28357082715,42239.44144520826,42152.00755516735,-24.0,-2.0563681900930533,-25.749973650938045,-33.73866048686614,-10.385390525123512
84,42032.0,42088.852973104666,42057.951451311965,42101.42350732552,42126.822542400594,-232.0,-1.646001260040066,-199.57486295537456,-103.30618421998224,-20.443885646727722
85,41984.0,42087.63917746634,41988.1338449164,42032.82907676829,42111.119783873895,-40.0,-0.4185705387426424,-49.14838181356026,-44.17989217308059,-9.346769333002158
86,41952.0,42088.01583202718,41959.654687684844,42013.06372297936,42108.12900373459,0.0,1.3934586380346445,9.794281192684139,10.766507700744114,4.815670047421008
87,41984.0,42090.42609474241,42007.72240730177,42054.36209216978,42120.75112396874,200.0,3.479733369382302,166.67975612579176,76.4794152753093,19.459676432587003
88,42352.0,42094.975298765945,42293.01419993643,42166.022553529976,42147.048356599764,-16.0,5.506269582736422,-9.637207683223096,18.671738125183765,16.049650461016427
89,41952.0,42101.438633907885,41988.447991935325,42091.70556842015,42152.85042489077,-168.0,7.165568954023911,-122.32624832447618,-4.464200899750722,15.844589535539853
90,42016.0,42109.30643667399,42048.361703287475,42157.094151730475,42178.73753567084,320.0,8.224580088044604,277.03908042666444,135.93565917556043,34.02398756362163
91,42592.0,42117.887794083974,42542.526152788654,42363.57688677127,42220.89840001801,216.0,8.549249818937824,191.47836080732668,92.27117842642838,23.605784348066663
92,42448.0,42126.40493631187,42431.31842490213,42341.63650858333,42225.94910436698,-232.0,8.109095470183092,-194.61560337589253,-75.1221238962753,-6.051840432686731
93,42128.0,42134.10598502434,42153.29494603687,42213.33263897872,42208.79471915264,-160.0,6.959551009815186,-151.54874868090337,-85.63755011525063,-13.114649256705889
94,42128.0,42140.3240383315,42128.22092754032,42170.36140835283,42199.719805853565,-24.0,5.223899493703357,-23.969380794922472,-21.7905264494766,-5.488923006396362
95,42080.0,42144.55378401175,42105.356184447024,42169.751586079765,42197.81687313985,120.0,3.094661750277737,103.91617914180097,44.26597076682083,3.987910943276802
96,42368.0,42146.513361832054,42336.053285823924,42258.89334988647,42207.69562774012,80.0,0.807204576645745,70.96353049652316,34.588438749942725,1.8635359872750996
97,42240.0,42146.16819316504,42247.28324544007,42238.92846357965,42201.5439451144,-64.0,-1.3936829025406041,-52.353813183483,-20.50065451699993,-8.07448537000164
98,42240.0,42143.72599602697,42231.34565945696,42217.89204085247,42191.546657000115,-72.0,-3.2565654967183946,-59.209288698311866,-32.090402300942515,-12.419955264274904
99,42096.0,42139.6550621716,42128.86466804345,42174.747658977765,42176.70403458585,88.0,-4.542036015063786,61.842348803704226,-3.7705523858276138,-10.807420684977842
100,42416.0,42134.641923996845,42355.03035706437,42210.35093608082,42169.93181563016,-120.0,-5.061382933461573,-113.54656229942339,-67.22125485653669,-19.075628174177837
101,41856.0,42129.53229630468,41901.7715434446,42040.30514926469,42138.55277823749,-232.0,-4.695806643576361,-189.53705975455887,-77.89321218378245,-17.251398480791977
102,41952.0,42125.25031070969,41975.95623755525,42054.56451171325,42135.429018668576,240.0,-3.3954668378391943,193.9658818868993,65.54161830518206,6.047691364510683
103,42336.0,42122.741362629,42289.7033072184,42171.388385875056,42150.64816096651,96.0,-1.1871245577858645,82.26360575512808,34.518067099335894,5.951550346260774
104,42144.0,42122.87606159412,42140.483449065505,42123.60064591192,42147.3321193611,-200.0,1.8300867614489107,-166.80261282535503,-57.98741700717437,-3.1494356373586925
105,41936.0,42126.4015361519,41956.09808156769,42055.41355186071,42144.349289691796,-104.0,5.504327156220825,-83.89495965936658,-8.480318120862648,7.434634815290337
106,41936.0,42133.88471590656,41972.69352974677,42106.6400096702,42162.20138899168,312.0,9.63194746723093,279.0823261971127,136.54646264459006,29.16216874946258
107,42560.0,42145.66543108636,42514.262733961914,42328.50647714989,42202.67362719072,264.0,13.962446901481599,233.86364474053698,106.1197060546292,22.60591955858399
108,42464.0,42161.809609709526,42440.420819227846,42318.87942177946,42207.413228108846,-224.0,18.200032070544694,-191.73781859483643,-82.18734448070245,-8.089737676436926
109,42112.0,42182.06549522745,42130.78709677224,42164.13178818848,42186.49415183785,-224.0,22.007495970592572,-215.69823859442113,-128.68173949673292,-17.194368679105537
110,42016.0,42205.82460165071,42009.024342039,42061.51594278599,42173.024490750635,-176.0,25.017839834355982,-156.64104453823165,-79.85787400949994,-5.618436549681064
111,41760.0,42232.10117489616,41817.50500769578,42004.41604016948,42175.257278738485,152.0,26.879796815028385,142.97795850391412,65.10811746823674,22.995651924775302
112,42320.0,42259.58419528077,42294.98025904683,42191.732177722464,42219.015794600185,360.0,27.298746641165053,305.4042922169465,123.18222641421016,38.70930559171029
113,42480.0,42286.69866817849,42428.31359212967,42250.7804929979,42252.675889921906,-368.0,26.095825165222777,-317.1370549179155,-55.56143822561353,22.293889817814488
114,41584.0,42311.77584561121,41660.706149211,42080.60930127124,42263.603574235814,0.0,23.264309589485492,25.84320388958804,78.13345890895653,44.907863025699044
115,42480.0,42333.22728735746,42479.99999990885,42407.047410815816,42342.491615973304,672.0,18.987759552390344,610.4703881246278,289.96181495248675,72.01262253615641
116,42928.0,42349.751364715994,42881.646925460256,42660.53293117621,42407.62881930813,176.0,13.628930326805857,160.82346286600296,119.75198594850008,39.11864430022979
117,42832.0,42360.485148011074,42801.64692564085,42646.551382712816,42420.72890457376,-352.0,7.676070793495455,-292.8430150949862,-106.70585710698288,-7.4634695056774945
118,42224.0,42365.103506302985,42295.960895270284,42447.121216962245,42392.70188029677,-64.0,1.665757613202004,-84.80391053927815,-87.8695572694487,-19.591930262151436
119,42704.0,42363.81666323748,42632.0391045623,42470.81226817392,42381.54504404946,-96.0,-3.9041710888814123,-103.1061195225775,-92.90281470136688,-27.279584044837975
120,42032.0,42357.29516412522,42089.74865622513,42261.31558755951,42338.142712207096,-200.0,-8.6385998039259,-174.1673155854769,-94.83888683464829,-28.095196232010494
121,42304.0,42346.539463629626,42283.70447339134,42281.13449450462,42325.35465158544,120.0,-12.286939213689038,92.47818412291963,8.386154197422002,-11.720328042385518
122,42272.0,42332.721285697844,42274.70502447097,42278.087895954355,42314.702056122325,0.0,-14.729863366850623,4.52567343447663,-0.00265057308570249,-8.517492656996183
123,42304.0,42317.079736895925,42292.755820260296,42281.12919335845,42308.31966627145,-48.0,-15.951648861777358,-38.170102909189154,-8.394105916686385,-6.166406537307921
124,42176.0,42300.81798797429,42198.36481865259,42261.29968412098,42302.36924304771,8.0,-16.001271908568015,17.43309165525352,22.820332823030185,0.3680389286491845
125,42320.0,42285.07719307879,42327.6220035708,42326.76985900451,42309.055744128746,208.0,-14.941444641914131,167.36720277224595,68.85510438578058,6.139288287471572
126,42592.0,42270.93509869046,42533.09922419708,42399.00989289254,42314.64781962265,-152.0,-12.832887238844705,-117.45794887576267,-24.255019665699365,-8.275533524960338
127,42016.0,42259.4114186011,42092.70610581928,42278.25981967311,42292.504677078825,72.0,-9.757447778094502,63.097335143185774,10.379836617124965,-8.317908689885371
128,42736.0,42251.42020313427,42659.29389448345,42419.76956612679,42298.01200224288,96.0,-5.8460133277621935,65.67855260785291,-16.605470482918463,-16.392074723797123
129,42208.0,42247.719391945575,42224.06321103498,42245.048878707275,42259.72052763123,-384.0,-1.3061708367640676,-329.0645537371129,-156.19624806588035,-35.70544823009186
130,41968.0,42248.807861460744,42001.16478700923,42107.37706999503,42226.6011057827,-40.0,3.550358824282739,-57.07448897962968,-67.98327371472624,-20.18936655939615
131,42128.0,42254.82010959414,42109.914233075724,42109.08233127782,42219.34179451244,32.0,8.320001064348617,18.320611445131362,-7.753573078294721,-2.692221544639324
132,42032.0,42265.44786358944,42037.80600989949,42091.86992383844,42221.21666269342,-72.0,12.550704196764855,-43.07817367876487,12.722554479842074,11.335701315652841
133,41984.0,42279.92151798767,42023.757885718194,42134.52744023751,42242.013197143744,216.0,15.805377118082106,192.71026191713827,117.9212365178173,33.69719430751138
134,42464.0,42297.058617825605,42423.22653373377,42327.71239687408,42288.61105130844,192.0,17.74999678355016,187.63235917691054,125.04115507360984,37.82840673011742
135,42368.0,42315.42151155477,42399.022604072015,42384.60975038473,42317.67001060398,144.0,18.217654210111505,130.9090906983438,65.20222870301222,26.54245982573775
136,42752.0,42333.49392624583,42685.044715130454,42458.1168542801,42341.69597095992,-256.0,17.239611473727564,-233.15822847878735,-73.43446896456953,3.510758903936221
137,41856.0,42349.900734502226,41932.70614711444,42237.74081245559,42324.69152841185,-96.0,15.052897673922416,-84.577573111339,-29.505635596728098,6.430133872527222
138,42560.0,42363.59972159367,42515.889568907776,42399.105583086646,42354.55623870497,312.0,12.06025641569795,262.80492218923973,80.91756217438888,19.59252222836585
139,42480.0,42374.02124733362,42458.31599149292,42399.575936804365,42363.87657286858,-216.0,8.753657090484921,-165.99361995024447,-39.74167788010163,3.51416280704143
140,42128.0,42381.10703577464,42183.90232900729,42319.62222732644,42361.584564319055,0.0,5.620213911985047,5.097982550792949,15.857404185302585,9.387219666426972
141,42480.0,42385.26167515759,42468.511956594506,42431.29074517497,42382.65101220144,280.0,3.054695594793884,227.1694105597344,87.31389043600939,16.19899849245121
142,42688.0,42387.21642696423,42638.241150126756,42494.25000819846,42393.98256130396,-96.0,1.3193204116250854,-79.06505583398393,-33.9157328772817,-3.3693228322772484
143,42288.0,42387.90031598084,42310.38184492654,42363.45927942041,42375.91236653688,-264.0,0.5074755489913514,-215.95008056751976,-93.06108906785084,-13.674576440236706
144,42160.0,42388.23137806221,42206.34098899172,42308.12783006276,42366.633408423484,176.0,0.5303807260315807,127.6640890237577,18.732465673736442,1.0527123077808938
145,42640.0,42388.961077432905,42565.71002297405,42400.92421076788,42378.017791152444,-48.0,1.1817655496306543,-46.40849999668353,-26.74151391093619,-1.7147277134208707
146,42064.0,42390.594909161475,42113.52398899835,42254.64480224089,42363.20395299664,-216.0,2.1958275023316673,-170.2384401346717,-50.95700740655229,0.1463594940287294
147,42208.0,42393.35273243757,42225.23314270471,42299.010195954776,42378.3105101405,240.0,3.295827680882212,197.87486722989343,89.87049169127204,23.622082650887023
148,42544.0,42397.18656452324,42509.27372345814,42434.38578562343,42410.44811829842,112.0,4.251652101469517,110.40919804411169,80.56848248037568,25.460014072836202
149,42432.0,42401.85603664051,42446.05153879293,42460.14716091553,42429.230538286174,-16.0,4.905190766083251,7.035509299468686,39.834955749858636,18.64394690206609
150,42512.0,42406.996946055406,42523.344742057074,42514.05569712315,42447.73601210255,168.0,5.164278216958337,134.01691354949799,54.93638476919659,15.292274421502952
151,42768.0,42412.184593074424,42714.08536589193,42570.01993045392,42459.81508712918,-88.0,4.990095916495193,-78.83254670551105,-43.02580144226886,-3.330170616911346
152,42336.0,42416.977137888396,42365.67964864605,42428.00409423861,42441.075670868726,-232.0,4.368088146777154,-200.00747401562694,-96.0137890960068,-13.485632717016415
153,42304.0,42420.92076936798,42314.070417860676,42377.99235226191,42432.84382169515,8.0,3.290162565692299,-1.25714148199404,-13.015565845747915,-1.7896580888227618
154,42352.0,42423.55746301978,42363.16536568206,42401.972962547115,42437.49635469108,120.0,1.7579149047232931,104.92177623170937,48.9670915587667,8.927350730486069
155,42544.0,42424.436599177425,42523.913970324094,42475.92653537944,42450.69852315612,64.0,-0.19825666591714253,60.31845626248469,39.91684052204437,8.53709462284678
156,42480.0,42423.16094968795,42483.80227820703,42481.806643591204,42454.570543936774,-32.0,-2.491935937974631,-21.100301081882208,6.783430007366405,2.6005479774939886
157,42480.0,42419.452727301476,42481.71336816033,42489.49339539417,42455.89961911111,-8.0,-4.950578586423944,6.47793075494701,12.43344950005121,0.12405612988732173
158,42464.0,42413.2597925151,42496.75813971693,42506.67354259131,42454.81865619655,216.0,-7.309584121914668,178.83547014120995,38.516918492790865,-1.5400301047338871
159,42912.0,42404.833559057646,42839.38430844275,42566.527232379754,42452.81955890164,-264.0,-9.225376414538914,-251.20253251923714,-112.88269402167498,-24.95811934982339
160,41936.0,42394.80903968602,41994.35307467845,42280.90815454796,42404.9024174969,-368.0,-10.322388559736282,-322.51561691319876,-113.16500055782308,-24.472020529894507
161,42176.0,42384.18878193817,42194.35307461635,42340.19723126411,42403.87551784185,432.0,-10.27559038178515,385.6469253527139,141.3876923482021,10.36687623704347
162,42800.0,42374.25785892245,42765.64692538388,42563.68353924436,42425.63616997099,336.0,-8.876897876620205,305.64692535388895,105.32807760243668,3.0424606276865234
163,42848.0,42366.43498618493,42805.64692532413,42550.85338646898,42409.96043909722,-400.0,-6.100341506375116,-361.7390781043214,-161.4034595408848,-37.57770891890323
164,42000.0,42362.0571759097,42042.16876917524,42240.87662016259,42350.48075213318,-392.0,-2.126035979086737,-362.6606056074961,-189.53845622510198,-41.95564935738366
165,42064.0,42362.18291422676,42080.32571410914,42171.77647401878,42326.049140382456,168.0,2.675654573726206,119.78551547958341,-15.211909134421148,-11.329154731603921
166,42336.0,42367.40848505715,42281.739800134405,42210.45280189375,42327.822442669974,-96.0,7.7986246517975815,-69.88691330268921,-24.097271178154188,1.3644244210190664
167,41872.0,42377.780163530355,41940.55188750376,42123.58193166247,42328.777989224494,-16.0,12.694501060312177,1.5715248881388106,38.920095599958586,23.794446015745052
168,42304.0,42392.79748717778,42284.88284991068,42288.292993093666,42375.411334701465,280.0,16.862977802455134,248.74521196033675,156.85755797802994,50.20391221204045
169,42432.0,42411.506119135265,42438.04231142443,42437.29704761853,42429.185813648575,176.0,19.920845769967855,183.3710186359276,151.6525783341276,53.63376962954135
170,42656.0,42432.63917871771,42651.62488718254,42591.59814976192,42482.67887396055,216.0,21.64642891252879,191.70701167077277,122.10017702435289,44.827004009999655
171,42864.0,42454.79897696032,42821.45633476598,42681.497401667235,42518.839821668575,-56.0,21.9863575881609,-42.886878586657986,-1.3520472610653087,18.90293879145611
172,42544.0,42476.611893894034,42565.85113000922,42588.89405523979,42520.48475154346,-168.0,21.026516435435042,-146.3495547106504,-70.15631880755245,0.4691674520581728
173,42528.0,42496.85200983119,42528.75722534468,42541.18476405213,42519.77815657269,-16.0,18.95586338848807,-33.30777794116875,-41.11690916158841,-1.1176871421339456
174,42512.0,42514.52362067101,42499.235574126884,42506.660236916614,42518.24937725919,-120.0,16.020136029350397,-93.34378058337461,-37.194408677216416,-1.2163104505380034
175,42288.0,42528.892281889894,42342.06966417793,42466.7959466977,42517.345535671615,152.0,12.485951377191668,130.5390096491683,49.533683129935525,10.563435195999773
176,42816.0,42539.495523425394,42760.31359342522,42605.727603176485,42539.37624765119,160.0,8.627781990198855,122.45529766493564,33.79545806702663,8.199524362138618
177,42608.0,42546.14784587029,42586.9802595078,42534.38686283175,42533.74458439589,-448.0,4.709904286948586,-381.8037226126871,-108.14730892885564,-9.344434035505401
178,41920.0,42548.91533199929,41996.706148199846,42389.432985318774,42520.68737958018,176.0,0.984571140150365,176.66666640638869,89.76261514640646,16.977164163297857
179,42960.0,42548.11698815059,42940.31359232058,42713.91209312456,42567.69891272249,632.0,-2.3172737221575517,565.1370552427434,201.43515436806774,27.39647877843163
180,43184.0,42544.280784554976,43126.98025868533,42792.30329405491,42575.48033713704,-416.0,-5.008696651966602,-368.43042592727215,-117.45715204219596,-22.64455872859253
181,42128.0,42538.09959484666,42203.45274046603,42478.99778904017,42522.4097952653,-280.0,-6.960123458775342,-276.26543017043514,-137.80661049465562,-33.35005210847521
182,42624.0,42530.360537637425,42574.44939834446,42516.6900730656,42508.78023292009,160.0,-8.101102824170084,123.24364960075036,-15.962679441778164,-19.39055069920505
183,42448.0,42521.89738919832,42449.940039667534,42447.072430156615,42483.62869386689,-136.0,-8.440768858552474,-114.80916033926042,-70.0814278306716,-23.37010435985576
184,42352.0,42513.47899992032,42344.83107766594,42376.527217404255,42462.04002420038,-168.0,-8.051153520191292,-140.95357367189354,-58.281604050233,-16.08666845648986
185,42112.0,42505.795082157936,42168.03289232375,42330.50922205615,42451.45535695391,144.0,-7.030295314078103,126.93460043686355,63.236615679965325,6.388100601223414
186,42640.0,42499.418409292164,42598.70027853967,42503.000448764185,42474.81622540283,224.0,-5.516456759170978,200.60045475390507,103.99145109013261,15.101679719056847
187,42560.0,42494.762168639594,42569.23380183156,42538.492124236414,42481.65871639203,8.0,-3.6693428133912676,16.70253244968262,24.737737590439792,2.925426808800694
188,42656.0,42492.07972366538,42632.105343439034,42552.475923945065,42480.66707902043,-56.0,-1.6565797017683508,-56.60174119734074,-37.77823831882051,-9.758283420571388
189,42448.0,42491.44900923606,42456.030319436875,42462.93564759877,42462.142149550884,-152.0,0.3281248413004505,-135.92342681777154,-82.07245254690133,-17.81782199200825
190,42352.0,42492.73597334798,42360.25848980349,42388.33101885126,42445.03143503641,-40.0,2.0742331576911965,-54.47938061591776,-56.43911932188348,-12.45914276264375
191,42368.0,42495.59747555144,42347.07155820504,42350.05740895501,42437.2238640256,-144.0,3.3784645297346287,-117.82914057326707,-47.24490541874911,-4.346377809542901
192,42064.0,42499.49290240745,42124.60020865696,42293.841208013764,42436.33867941733,120.0,4.060356841207977,104.73450218266953,58.70440306564342,17.731749362603296
193,42608.0,42503.718189233856,42556.54056257038,42467.46621508629,42472.6873627508,160.0,3.9987162381439703,150.43835831937758,103.3581146156721,29.58305147101055
194,42384.0,42507.49033488374,42425.47692529571,42500.55743724511,42495.50478235935,56.0,3.1813155550771626,76.32098920389035,91.36994078136922,28.392658726515947
195,42720.0,42510.08082034401,42709.18254097816,42650.20609664903,42529.472680203835,264.0,1.7099012344551738,229.61832057323772,114.75170772843921,24.441531854678033
196,42912.0,42510.91013735265,42884.71356644219,42730.06085270199,42544.387846068705,48.0,-0.2138380889700784,39.09885767495871,-11.11481759605158,-3.4654418316968076
197,42816.0,42509.65314416607,42787.38025632808,42627.97646145693,42522.54179654044,-448.0,-2.3142795589410525,-403.6226022056144,-196.09616051659032,-36.51895970124315
198,42016.0,42506.28157823477,42077.46836203096,42337.868531668806,42471.34992666622,-248.0,-4.29302253210335,-239.3795104104356,-129.173663953723,-28.424373540907254
199,42320.0,42501.06709910186,42308.621235507206,42369.62913354948,42465.69304945863,200.0,-5.873052087590622,174.25905101226817,56.575168655417656,1.6277752653368225
200,42416.0,42494.53547405959,42425.986464055495,42451.01886897964,42474.60547719689,168.0,-6.845228591286286,167.2975488257798,98.89916991997598,11.84270159811058
201,42656.0,42487.37664191929,42643.216333158765,42567.427473389434,42489.37845265485,176.0,-7.077683853571216,153.31153489708595,72.12234110451391,6.441898090699397
202,42768.0,42480.380106352444,42732.60953384967,42595.26355118867,42487.48927337829,-88.0,-6.499718337243394,-87.5591300607557,-58.53214660643425,-15.914715607643302
203,42480.0,42474.377205244804,42468.098073037254,42450.363180176566,42457.54902143956,-376.0,-5.096857395095867,-325.94247282937795,-159.7187809238203,-31.062800866751786
204,42016.0,42470.18639156225,42080.72458819091,42275.82598934103,42425.36367164479,-64.0,-2.905986603553174,-61.829166688588884,-44.62419616502666,-11.71716621253654
205,42352.0,42468.5652320377,42344.439739660076,42361.11478784651,42434.11468901449,272.0,0.0044672254589386284,225.91384976956397,89.8461924287476,12.856751820429054
206,42560.0,42470.19532601317,42532.55228773004,42455.518374198524,42451.077175285645,40.0,3.5203125570260454,50.87398672016934,42.16277345126946,11.516345035437553
207,42432.0,42475.60585715175,42446.187713100415,42445.44033474905,42457.14737908536,-16.0,7.456647046819853,-15.426009127546422,-3.357872074950137,7.327572753987624
208,42528.0,42485.10862010681,42501.700269474946,42448.80263004862,42465.73232079362,-80.0,11.552152379015752,-75.98609625074823,-36.236389676112594,5.471557747936458
209,42272.0,42498.71016190978,42294.21552059892,42372.967555396826,42468.090494581236,-128.0,15.472141467758775,-96.40714588144692,-25.351296953387646,12.162698516676755
210,42272.0,42516.05290304233,42308.88597771205,42398.10003614185,42490.057717826974,256.0,18.83520925010089,206.53921989463925,88.18249881594966,32.87010913708946
211,42784.0,42536.38058040998,42707.2939603882,42549.332553028726,42533.830712855415,-40.0,21.260059204574645,-20.08995750525355,33.89879340124389,31.264530671211105
212,42192.0,42558.57302145148,42268.706062701545,42465.897622944336,42552.586779169396,32.0,22.43240160912319,42.10690697354585,53.513881387774745,36.78540527244695
213,42848.0,42581.24538362823,42791.50777433529,42656.360315804275,42607.40152340031,192.0,22.16182176555958,170.7049600588398,94.6428507620767,42.784820400931494
214,42576.0,42602.896664982596,42610.115982819225,42655.18332446849,42638.15641997126,-24.0,20.42172782172929,-10.811877419942903,38.41467089845901,33.86271756951464
215,42800.0,42622.08883927169,42769.8840194954,42733.18965760119,42675.12695853934,0.0,17.368585647829605,9.18813415317345,44.601161933303956,30.72688649504562
216,42576.0,42637.633836278255,42628.49225112557,42744.3856483351,42699.61019296135,184.0,13.318017313587916,170.6230436438782,95.38881490145286,30.663744070076064
217,43168.0,42648.724873898864,43111.13010678316,42923.9672874041,42736.45444667949,176.0,8.69165909151343,148.7348331875255,57.56528277105099,15.26697605211666
218,42928.0,42655.01715446128,42925.96191750062,42859.5162138772,42730.144145065584,-224.0,3.9558472497810726,-195.3586017794405,-98.69296658829626,-16.203094360625983
219,42720.0,42656.636568398426,42720.41290322428,42726.58135422751,42704.04825795824,-208.0,-0.4517588688977412,-203.48449815495042,-129.64418253593976,-26.893474209435226
220,42512.0,42654.11363672349,42518.99292119072,42600.22784880532,42676.35719664671,-192.0,-4.176872447849746,-166.45537607996084,-82.2395810195303,-19.473201479187992
221,42336.0,42648.28282350273,42387.50215106436,42562.102192188446,42665.10185499986,192.0,-6.986725719605602,173.32700244250736,74.92543947735612,5.199751103144081
222,42896.0,42640.140185284276,42865.64692607574,42750.07872776003,42686.756698853,328.0,-8.78704496291175,279.07238814297307,115.01589945159503,11.192678795785469
223,42992.0,42630.7087335769,42945.6469273503,42792.133991091636,42687.48721259143,-184.0,-9.610644682521524,-151.8100475566971,-57.87774112257466,-14.495125631994597
224,42528.0,42620.91889591923,42562.02683096234,42634.32324551488,42657.76644758901,-248.0,-9.591551430276013,-213.44125599350446,-104.64912281931538,-23.232442622971575
225,42496.0,42611.52563071635,42518.764415363294,42582.835745453005,42641.02232734549,112.0,-8.928567637569358,70.55966121743768,-8.069627335371479,-9.493003876246803
226,42752.0,42603.061760644094,42703.14615339722,42618.18399084414,42638.78043983652,-72.0,-7.8509251947798475,-59.88749497999743,-31.55975918679178,-7.902865517145983
227,42352.0,42595.82378032679,42398.9894254033,42519.71622707942,42625.2165963112,-96.0,-6.584440555692709,-69.20960097741045,-14.609650225011137,0.0969862902420573
228,42560.0,42589.89287953271,42564.7269514424,42588.96469039412,42638.974412417,232.0,-5.331593249411526,189.37228325107208,83.73080851175109,17.706536726651393
229,42816.0,42585.16059382797,42777.73399190544,42687.177844102924,42660.6296697645,16.0,-4.254677865883423,21.676999990249897,33.80207576027533,13.886740835725504
230,42592.0,42581.38352380094,42608.0809514229,42656.56884191467,42666.747894088454,-128.0,-3.4658209145527508,-89.24828336804057,1.675418769071257,9.855619028374349
231,42560.0,42578.22895199886,42599.23742516936,42690.528681641066,42680.34090782125,320.0,-3.02684023081747,273.60645151534845,99.2241805469348,19.610059123857354
232,43232.0,42575.32984333931,43155.293854453594,42855.01720300854,42705.96801233617,-56.0,-2.9445115093913046,-53.77743418110913,-24.00287712825957,-0.6744948682717222
233,42448.0,42572.33992898008,42491.68255680714,42642.52292738455,42678.99191808471,-344.0,-3.1679423112982477,-305.15822979952645,-115.23281193171715,-15.426498347227607
234,42544.0,42568.99395871671,42544.97739485454,42624.5515791451,42675.11501564171,64.0,-3.596094471766264,58.18181232008283,22.304441333108116,2.678848339095566
235,42576.0,42565.14774003655,42608.04618144731,42687.13181005076,42684.3496147629,312.0,-4.093488181362773,273.15824416021496,118.14613593103786,14.652079859326477
236,43168.0,42560.806982353984,43091.29388317497,42860.84385100718,42704.419175360366,24.0,-4.491896849285695,32.36547271132076,20.133966460005468,-3.109480634513602
237,42624.0,42556.163946337976,42672.77712686995,42727.399742970774,42678.13065349387,-176.0,-4.614707620941772,-157.13802739496532,-81.74423655101782,-23.581989191803586
238,42816.0,42551.5775671121,42777.01782838504,42697.35537790514,42657.25519697676,-72.0,-4.308845673524047,-90.67015655971773,-89.36667611305893,-28.812696668268472
239,42480.0,42547.54625499093,42491.436813750515,42548.66639074466,42620.50526015733,-264.0,-3.467971300568024,-228.3969458819338,-114.3557917881626,-29.72467381156457
240,42288.0,42544.641624510965,42320.22393662117,42468.64379432882,42597.80584935363,-16.0,-2.0586983824941854,-10.093194023502292,10.299300748574751,-7.209118336017127
241,42448.0,42543.42885822594,42471.25042570351,42569.264992241806,42606.0870234853,416.0,-0.13093334579389193,365.30707110247386,161.25369403389413,16.18552530593297
242,43120.0,42544.37975781938,43050.83807882612,42791.15118239661,42630.176899965496,144.0,2.177305968478322,135.74959375062463,57.46178135310038,-0.40127852153091226
243,42736.0,42547.783470162896,42742.74961320476,42684.18855494801,42605.28446644224,-312.0,4.650635706308094,-274.34039959753864,-132.868349974593,-31.428210201145703
244,42496.0,42553.68102923199,42502.15727963104,42525.41448244742,42567.320479563205,-208.0,7.030547303835192,-209.8059354185134,-144.0668312768721,-34.39796290087179
245,42320.0,42561.84456477057,42323.13774236773,42396.05489239426,42536.488540640494,-184.0,9.07703404413769,-163.330825424644,-91.33214385603424,-20.00751189068251
246,42128.0,42571.83509732027,42175.495628781755,42342.75019473535,42527.30545578184,96.0,10.578498034155928,89.83603032279643,54.0703997087694,10.782187930431974
247,42512.0,42583.00156083888,42502.809803013326,42504.1956918118,42558.05291650136,312.0,11.388580288494268,281.3631892982048,157.5433429823497,33.05010654458965
248,42752.0,42594.61225789726,42738.222007378165,42657.83688070005,42593.40566887102,176.0,11.491842439983884,166.5222412556468,106.5596292382761,27.423035813211754
249,42864.0,42605.985245718846,42835.85428552462,42717.31495028835,42612.89898812778,-40.0,10.977339705343184,-43.096294230424974,-13.86445526751777,6.938268663147028
250,42672.0,42616.56693730794,42652.029418917315,42630.107970165016,42607.28220619731,-360.0,10.019605994875747,-307.5740731752194,-108.15299504082941,-8.852671620596084
251,42144.0,42626.0244577086,42220.70613917418,42501.008960206695,42595.19364488659,176.0,8.853597151028225,149.8997572144981,49.405470145022264,10.471120933601924
252,43024.0,42634.27413161,42951.82893334631,42728.91891045506,42628.22444806452,208.0,7.723892694186361,196.47142097144388,80.36940547589984,13.24202558115212
253,42560.0,42641.47224309697,42613.64898111707,42661.747771158494,42621.67769604889,-88.0,6.8328670489863725,-69.93504664389911,-16.29725371731547,-3.4628672131766507
254,42848.0,42647.93986570797,42811.95884005851,42696.32440302043,42621.29871363816,56.0,6.296628308609797,18.104059234028682,-41.261166627857165,-11.714046728822723
255,42672.0,42654.06549971419,42649.857099585126,42579.22543790278,42598.24960259125,-400.0,6.132819739843399,-345.81364806842976,-163.48624616625239,-26.73663091735216
256,42048.0,42660.20550518766,42120.33154392165,42369.351910687925,42567.82545180346,-96.0,6.257537811616203,-94.8704305345309,-49.19757187089999,-4.432878197614627
257,42480.0,42666.58057533742,42460.116238516064,42480.83029416098,42589.38384619602,280.0,6.5133617357496405,240.36588717471022,111.89353055354877,27.027586702359258
258,42608.0,42673.23222865916,42601.06331827107,42593.13897179502,42621.88062520818,88.0,6.7152443560662505,106.2636711103878,104.87816353155722,33.19081027256834
259,42656.0,42680.011064049555,42672.64358073684,42690.586621224094,42655.765466741155,160.0,6.694442579853785,154.79816614995434,114.74096004111925,33.87311487003535
260,42928.0,42686.62111381887,42910.65965057098,42822.62089187726,42689.62685494825,176.0,6.3266123333633,151.31432268903882,79.34471659179326,21.942730954502622
261,43008.0,42692.66428871628,42975.27222611492,42849.27605440768,42699.65092865016,-104.0,5.554569208430621,-99.0262938814958,-52.70681026573948,-5.3933798655743885
262,42720.0,42697.73025223573,42712.60706280799,42717.20727134578,42678.8400952171,-352.0,4.399964126252598,-299.6298492669921,-133.46514738900805,-22.86882867220993
263,42304.0,42701.46421696879,42376.01252758093,42582.345759629665,42653.91327130574,72.0,2.9448881669013645,63.85326487538987,4.311368098718958,-7.431160346070101
264,42864.0,42703.62002856953,42840.31359255877,42725.83000754322,42663.97777452496,368.0,1.3164386008720612,305.4838655739113,74.39925168516493,0.06339194546671933
265,43040.0,42704.09709417053,42986.980258728756,42731.144262999995,42654.040055196674,-368.0,-0.32665711734443903,-336.3135922846923,-149.11361304322782,-29.235716568455246
266,42128.0,42702.96671433484,42167.686407989386,42427.602781456764,42605.50634138805,-448.0,-1.8053830269273021,-402.980258693995,-153.74009081484837,-24.658396739218006
267,42144.0,42700.486328116676,42181.019741340766,42423.6640813703,42604.72326171824,392.0,-2.930882992921397,353.3686102846186,135.89334059867906,22.25308341609707
268,42912.0,42697.104948349,42874.42362855862,42699.38946265412,42650.01250822024,384.0,-3.523121845741116,350.5854597815669,169.42011261088555,32.189871913022216
269,42912.0,42693.440084425194,42882.1906609039,42762.50430659207,42669.10300554428,-184.0,-3.4353269263592665,-141.27966313524666,-11.6330027660224,6.94564760124922
270,42544.0,42690.23429449628,42591.86430228813,42676.12345712208,42663.90380342274,-56.0,-2.5790566737705376,-51.00484717510335,-20.319120908952755,0.7959880495982361
271,42800.0,42688.28197107765,42780.18096655369,42721.86606477416,42670.69498164348,128.0,-0.9619740813541284,89.22149703402101,6.675640039171412,0.3259273029107135
272,42800.0,42688.31034633357,42770.30729635617,42689.47473720042,42664.55565802856,-184.0,1.2823028527345741,-158.33718841665905,-87.65395897353665,-12.911540713488648
273,42432.0,42690.84657678312,42463.506589720375,42546.55814682709,42644.8719002165,-160.0,3.8986127270291036,-149.26775803391502,-85.63751695978863,-9.040162801233237
274,42480.0,42696.10757178763,42471.77178028834,42518.19970328084,42646.4753324261,-40.0,6.545773343092151,-32.87590799031386,-9.258591905821959,9.927198830897396
275,42352.0,42703.93812346931,42397.75477373975,42528.040963015446,42664.7262978783,176.0,8.835225284248736,159.88729454795612,97.86174124232275,33.887280346112675
276,42832.0,42713.77802235613,42791.546369384254,42713.92318576549,42714.24989311832,200.0,10.405554118544387,186.39301016795434,126.84381563279021,43.6360898959465
277,42752.0,42724.749231706395,42770.540794075656,42781.72859428103,42751.99847767019,56.0,10.999835506554518,71.69839506968128,82.66970565604788,37.74850843537206
278,42944.0,42735.77769336924,42934.94315952362,42879.262597077584,42789.746909989066,144.0,10.502944379022665,119.11816306603941,65.1653013353498,30.035777818331553
279,43040.0,42745.75512046444,43008.777120207735,42912.059196951726,42812.07003330685,-88.0,8.962079414537584,-82.2804382772083,-31.17380164999122,10.92662498313075
280,42768.0,42753.70185219831,42770.3822829692,42816.9149937776,42811.60015995533,-272.0,6.571851642562251,-226.48342239254998,-70.68670628532709,1.7101346462404763
281,42496.0,42758.898823749565,42555.810275422635,42770.68578438107,42815.49030259933,288.0,3.63101776961048,249.41690606958218,91.11368279400631,19.864657773970976
282,43344.0,42760.96388773753,43269.216095108364,42999.142359365615,42851.32947550327,200.0,0.490512114156445,174.54875872456614,56.02775466735329,11.205646679103666
283,42896.0,42759.87984797788,42904.90779287177,42882.74129371578,42837.90159595754,-376.0,-2.4872114819409035,-319.7693378777585,-123.03041879195007,-16.33279974785546
284,42592.0,42755.98946477365,42629.67741935285,42753.081521781714,42818.66387600756,-80.0,-4.966687298499892,-86.8432767546692,-49.1190110432035,-7.9045261496030435
285,42736.0,42749.94647338088,42731.22123936243,42784.50327162937,42822.092543658335,80.0,-6.661846813818556,77.6500168217135,55.67338566233957,7.733294833691616
286,42752.0,42742.665771146014,42784.977452996274,42864.42829310639,42834.13046567494,296.0,-7.375625016517006,273.8795097940492,136.13916803021493,16.144445300353254
287,43328.0,42735.195223347844,43278.98025895053,43056.7816076898,42854.38143425904,224.0,-6.998857850430795,193.66806952808838,56.744118428312504,-3.42995970294578
288,43200.0,42728.66805544515,43172.31359205245,42977.91652996302,42827.27054626905,-488.0,-5.534925077121443,-425.7313061778041,-189.90681274527014,-45.74736067653794
289,42352.0,42724.1253731936,42427.51764659492,42676.96798219926,42762.886712905965,-168.0,-3.1573709655385755,-186.57511294097276,-138.46455666412658,-43.83949771778862
290,42864.0,42722.353313514075,42799.163366170505,42700.987416634765,42739.59155083347,80.0,-0.16816755158288288,47.4625504281139,-57.48685724711686,-29.51558453081816
291,42512.0,42723.789038090435,42522.44274745115,42561.99426770503,42703.85554384433,-272.0,3.016537345825782,-224.5068814636179,-113.99601507722036,-26.143229796929518
292,42320.0,42728.38638820573,42350.14960324327,42472.995386480325,42687.305091239614,-8.0,5.913121522866277,-21.545127991532354,-12.501187984540593,1.8148019572690828
293,42496.0,42735.61528113617,42479.35249146808,42536.99189173595,42707.48514775887,40.0,8.079035576261958,45.96534556520419,84.49245112359495,30.754313907196774
294,42400.0,42744.54445935825,42442.08029437368,42641.980288727515,42748.81371905401,400.0,9.21406385202863,383.5174401326294,225.97854135532543,58.76925724783723
295,43296.0,42754.043408840225,43246.38737173334,42988.9489744466,42825.02366225454,368.0,9.234284162856056,345.8557706677275,193.44317294238135,52.66112631326541
296,43136.0,42763.01302768396,43133.79183570913,43028.86663461228,42854.13597168054,-136.0,8.291864458515192,-123.6363574785355,-13.649022528185014,15.019108010019409
297,43024.0,42770.627137757256,42999.11465677627,42961.65092939023,42855.06187827458,-312.0,6.748290926650952,-272.54285421985696,-98.3902405269364,-7.52099949222611
298,42512.0,42776.509609537265,42588.70612726942,42832.086153558404,42839.093972696086,184.0,5.0677582134158,158.08960501102047,30.478300947383104,0.3867930563064874
299,43392.0,42780.76265418409,43315.29386679831,43022.60753128499,42855.83546438719,144.0,3.6847772443034046,115.8273865661904,5.82514336908207,-10.066735089527356
300,42800.0,42783.87916402587,42820.3609004018,42843.73644029657,42818.96050251703,-384.0,2.886588565281272,-337.4273164357328,-157.00287084014053,-35.92693674431575
301,42624.0,42786.53583131465,42640.439233926845,42708.60178960471,42783.98159089856,-88.0,2.745443689465901,-97.72549684073601,-92.83375588949639,-26.979832073539
302,42624.0,42789.3700514048,42624.90990672033,42658.068928517576,42765.00083836995,0.0,3.1178942833030305,-10.979793604859879,-33.49839682834863,-11.930710610111419
303,42624.0,42792.771619881256,42618.479646717125,42641.604995948015,42760.12016967834,-40.0,3.7037992708828824,-34.03202641755706,-7.661434595549508,1.9253397923021112
304,42544.0,42796.77764994657,42556.845853885214,42642.74605932648,42768.85151795456,-16.0,4.176359321689233,2.595476594164211,50.51409304169647,19.973924173948035
305,42592.0,42801.124338524634,42623.670599905454,42742.63318203141,42800.068018026235,320.0,4.308770717758307,293.86166805936955,175.20371372063164,41.61990097298985
306,43184.0,42805.395191382086,43144.56919000395,42993.15348676774,42852.09131990054,264.0,4.051902066559705,255.06061760641387,155.0970481202021,35.42786786932629
307,43120.0,42809.228142657754,43133.79183511828,43052.82727827181,42870.92375376489,64.0,3.560938610262383,58.18182070575858,26.087430639981903,6.378621552597906
308,43312.0,42812.51706860261,43260.93283141547,43045.328348047704,42864.84856300573,-328.0,3.1486472327924275,-296.54285249110035,-140.83475620025638,-28.43276260887069
309,42464.0,42815.52543712334,42540.70613013608,42771.1577658713,42814.05822854715,-152.0,3.1765766671232996,-162.6570824954506,-120.59169924075468,-33.28742303122999
310,43008.0,42818.87022193686,42935.61866642457,42804.144949566195,42798.27371694327,64.0,3.9345179421507055,27.314906173451163,-68.94034152200402,-26.270825756706472
311,42592.0,42823.39447300764,42595.33594248298,42633.27708282729,42761.51657703373,-392.0,5.536289160794695,-323.603011526684,-150.22932532526102,-28.2813110578536
312,42224.0,42829.94280025845,42288.4126433712,42503.68629891567,42741.711094827566,16.0,7.867189731692633,15.139917744214472,10.252365546220972,6.080072535209183
313,42624.0,42839.128852471025,42625.61577797141,42653.78181391973,42773.67672210415,408.0,10.603481740494317,345.2820244572649,164.98642196392393,39.44946338179216
314,43040.0,42851.149763739435,42978.97669228573,42833.65914284352,42820.61002159115,24.0,13.281864774922724,48.24437574296462,76.70690034554354,35.96380056655835
315,42672.0,42865.69258202087,42722.10452945734,42807.19561461082,42845.60432323727,-24.0,15.388269718259835,-6.3495155416785565,41.13427907271762,33.67451780798001
316,42992.0,42881.926303175955,42966.27766120237,42915.927700988956,42887.95905720711,136.0,16.48564318163335,115.56143775687815,70.69593687260567,37.152686830198945
317,42944.0,42898.66386838414,42953.2274049711,42948.58748835603,42919.90969689767,32.0,16.290254040668515,33.08676862421635,34.95353154509576,30.746124535438867
318,43056.0,42914.50681125729,43032.451198450806,42985.83476407915,42949.45130627799,-40.0,14.714308183611138,-38.52021426627107,2.1646577626888757,24.214174694221583
319,42864.0,42928.09248475136,42876.186976438556,42952.91680388141,42968.33804628611,-128.0,11.893876375041145,-95.32933981945098,11.540441742967232,24.10364232242864
320,42800.0,42938.294564007374,42841.792518811904,43008.91564756508,42997.658590922845,400.0,8.155410437244427,355.5534393775815,160.45666746621646,39.20347418287565
321,43664.0,42944.40330562585,43587.29385519372,43273.83013881384,43046.74499465186,120.0,3.9714485694494215,123.15737672657997,69.82956065568214,18.2236534616095
322,43040.0,42946.23746114627,43088.107272265064,43148.574768876446,43034.105897846064,-224.0,-0.09723086566737038,-200.82228892423154,-70.96798549917366,-12.933801913492061
323,43216.0,42944.208843894514,43185.649277345256,43131.894167815495,43020.87739082488,-48.0,-3.493968285172741,-54.21160819355282,-58.733517153206776,-22.984637479945377
324,42944.0,42939.24952457593,42979.68405587796,43031.10773457003,42988.13662288617,-16.0,-5.745111608215666,-27.544942077507585,-57.232565960443026,-30.53393679439614
325,43184.0,42932.71862067808,43130.55939319024,43017.42903589461,42959.809517236085,-128.0,-6.524866079427738,-123.89817506017425,-96.96418072811502,-39.53662978827924
326,42688.0,42926.19979241707,42731.88770575761,42837.1793731138,42909.063363309615,-200.0,-5.726974347664509,-171.66268032091466,-105.65997622390933,-39.692985760993906
327,42784.0,42921.26467198275,42787.23403254841,42806.10908344679,42880.4235457141,112.0,-3.4756848146898847,71.51648953286713,-20.01574794361295,-23.8186403098116
328,42912.0,42919.24842278769,42874.920684823344,42797.14787722658,42861.42608268999,-104.0,-0.12343318928105873,-97.70992360836681,-66.38726760692953,-21.52615888960645
329,42576.0,42921.01780560419,42591.81418533168,42673.33454823293,42837.371227934884,-248.0,3.7998282630178437,-204.035572833287,-75.14605487717563,-10.986293358364492
330,42416.0,42926.84807931373,42466.84953915677,42646.855767472225,42839.45349597326,224.0,7.679323800297425,187.4457929164564,88.94910297540264,23.254942837043927
331,43024.0,42936.376453204786,42966.70577116459,42851.23275418374,42883.88111360897,152.0,10.915664491039934,155.22234452328848,117.99336380338355,37.421673316159286
332,42720.0,42948.67940829581,42777.29422820335,42882.84249507899,42914.29684260558,120.0,13.028686595531326,122.40363052649991,113.03098843475527,40.130571126886935
333,43264.0,42962.43382639585,43211.51303221759,43077.29473105325,42964.142255862746,160.0,13.727405844598252,146.43993263115772,101.099601500875,34.852526050301094
334,43040.0,42976.134219985004,43070.17409346566,43085.04169808074,42984.00189470618,0.0,12.935062927830586,9.531528576375422,30.26781606786244,17.05973357874609
335,43264.0,42988.30395225151,43230.57608937034,43137.83036318897,42998.26172302024,-8.0,10.782563540458796,-6.717557243609917,-10.296153297284036,0.9729144650664239
336,43024.0,42997.69934706592,43056.73897897844,43064.449391486174,42985.94772363632,0.0,7.573862376186298,-10.142215499701706,-53.15627595970727,-14.216613202101144
337,43264.0,43003.45167700388,43210.29165837094,43031.51781126956,42969.828496616035,-328.0,3.7068729320380953,-306.016416060771,-149.17267458183414,-30.82780218948392
338,42368.0,43005.11309293,42444.7061468569,42766.104042322506,42924.29211925735,-96.0,-0.4051280434068758,-102.45960964915866,-66.36174778580244,-17.721771395819815
339,43072.0,43002.64142091707,43005.37243907262,42898.79431569795,42934.384953824396,144.0,-4.388721685165365,138.96070730640713,46.08743122441956,3.21208225826922
340,42656.0,42996.33564955967,42722.627561469715,42858.278904771345,42930.71628377389,56.0,-7.954269087389548,67.48549554283454,60.624041459064756,10.06714413818554
341,43184.0,42986.73288274229,43140.34343015829,43020.04239861608,42954.51924210077,224.0,-10.91300193038478,182.34045368286024,79.78469315278198,12.32892043191896
342,43104.0,42974.5096456989,43087.308468835436,43017.84829107691,42955.374124637725,-168.0,-13.166957649860706,-136.49261714568274,-45.269962000722444,-6.576411231155362
343,42848.0,42960.39896744257,42867.358195866924,42929.50247461464,42941.366419638456,-152.0,-14.681086443877575,-123.15929363387477,-47.59457915494568,-9.339384017348493
344,42800.0,42945.14747281114,42840.989881567686,42922.65913276702,42936.69535660303,232.0,-15.445672535199265,183.96784885325906,54.486224535881775,2.1637047947224346
345,43312.0,42929.50762237217,43235.29389357344,43038.4749236864,42945.6938292279,-48.0,-15.445231928653811,-43.24818267122464,-20.946747237412637,-9.316835913730756
346,42704.0,42914.257008953835,42754.49351622524,42880.76563829219,42918.06168477557,-216.0,-14.644167669248418,-179.69788899193736,-69.32646624811605,-16.929060213555204
347,42880.0,42900.21928703367,42875.89811558957,42899.82199119017,42911.83570880079,128.0,-12.993774614744325,100.89517731216256,28.967348493064492,-4.634190534736263
348,42960.0,42888.269459724346,42956.28387084956,42938.70033527832,42908.793303706094,56.0,-10.460120743526204,61.80510950780808,28.228511727313162,-5.602739909390948
349,42992.0,42879.29904554662,42999.50833460518,42956.279014644795,42900.63022898201,104.0,-7.07601653144593,80.76613678151625,-0.28181331113228225,-12.73156327498873
350,43168.0,42874.117426661454,43117.816144412594,42938.13670865606,42883.33017715612,-248.0,-2.98323926044759,-231.14365734707826,-133.07395166070273,-31.533542968081747
351,42496.0,42873.332567025725,42537.22101991103,42690.13111132339,42837.563143045845,-296.0,1.5382828604779206,-275.95783572895743,-150.94004167097955,-28.688876957981847
352,42576.0,42877.19399238241,42565.90047295468,42636.2566253141,42825.95242324015,-24.0,6.067038727382169,-21.818182182953024,-23.746173352239566,0.8869013563162298
353,42448.0,42885.46664448049,42493.58465554512,42642.63876461891,42839.33694575848,184.0,10.093341497497022,172.56759707588571,103.7015216142645,32.951369806247385
354,42944.0,42897.380675377404,42911.03566710645,42843.65966854263,42891.85516285265,264.0,13.088565548765473,235.66921033373,150.8507381950294,49.910975236805825
355,42976.0,42911.64377557802,42964.92307621258,42944.34024100897,42939.15889623209,-40.0,14.598037446045055,-1.4972098309553985,84.850692970831,45.461678191044484
356,42864.0,42926.576750269494,42908.04124744454,43013.36105448429,42982.77851923474,288.0,14.33982782979001,255.18540085739005,143.7013407174636,49.55854896438177
357,43552.0,42940.3234312376,43475.29387792736,43231.7429224439,43038.27599416085,88.0,12.261436486733146,86.90751729067051,58.253329181552544,29.811274634161236
358,43040.0,42951.09962324296,43081.85628202588,43129.867712847394,43042.40106850306,-216.0,8.572296752485272,-179.20267534582308,-56.94135317280234,4.245127767357189
359,43120.0,42957.46802474257,43116.888527235715,43117.86021609829,43046.76624969557,48.0,3.7142470276812674,19.474881388425274,-13.077388699955918,0.7034936772870424
360,43136.0,42958.52811729832,43120.80604480273,43103.71293544748,43043.80805585763,-96.0,-1.70172601127706,-72.05225841931679,-30.290812927072693,-7.567791045050399
361,42928.0,42954.06457272002,42972.78401039708,43057.27859024415,43031.63066760547,96.0,-6.986177109334676,75.89801757977693,18.20494991873784,-6.995854871896881
362,43328.0,42944.555763079654,43272.602079962286,43140.12283528496,43029.81634611384,32.0,-11.478304423242662,22.82846937661816,-11.094337316706515,-16.723504185931233
363,42992.0,42931.10796387353,43018.44094915032,43035.08991561073,42998.183659233604,-136.0,-14.642179373011459,-121.95638506038085,-83.48796186885738,-31.323503918556526
364,43056.0,42915.27140433363,43028.689309841524,42973.14691154724,42967.169338276726,-120.0,-16.131082404011977,-126.30509010117748,-103.36954828987291,-35.455854043040745
365,42752.0,42898.84579906551,42765.83076894796,42828.35081903099,42927.27195114752,-216.0,-15.830341893772129,-193.7046961537344,-106.62068300075771,-31.133789571831585
366,42624.0,42883.61072054609,42641.279917534055,42759.90554554573,42904.90175913306,-48.0,-13.859563667778275,-38.1512637436208,-0.492500712396577,-8.3251040578034
367,42656.0,42871.12667172995,42689.52824146072,42827.365817606194,42910.621743031916,432.0,-10.533981407632382,385.0069675229752,153.14318086356434,18.45107105045099
368,43488.0,42862.54275773082,43411.293852580005,43066.191907272856,42941.803901233965,72.0,-6.3138597062570625,64.88135378369043,27.922043303093233,3.872353263745026
369,42800.0,42858.49895231744,42819.2909490281,42883.20990421238,42918.366449559406,-448.0,-1.728272315885988,-391.3120744684784,-141.37705095428828,-17.519129196589347
370,42592.0,42859.08621309905,42628.66970364305,42783.43780536428,42906.765642840786,-8.0,2.690191573190532,-7.272727169794962,-4.05319616595807,4.1374754234202555
371,42784.0,42863.87933546382,42804.74549468851,42875.103511880465,42926.641400406246,368.0,6.479046119395207,313.3017584212321,137.21746245641407,27.00782758577043
372,43328.0,42872.04430533784,43255.27322048551,43057.87273027711,42960.78129801233,40.0,9.28577809739727,53.39533429134826,47.705583535200276,15.778962506698008
373,42864.0,42882.45089165861,42911.53616327121,42970.514678950865,42958.19932541964,-128.0,10.898509306825872,-106.05624085825184,-34.10071185081324,2.12799367829939
374,43072.0,42893.84132395149,43043.16073876901,42989.67130657548,42965.037285368926,8.0,11.265920638368698,-12.571730657160515,-22.007719087647274,1.4898242177259817
375,42880.0,42904.98273293535,42886.39270195689,42926.49924077557,42961.178973855094,-160.0,10.490775033838872,-124.80452702767434,-39.922445412121306,0.2006371789248078
376,42752.0,42914.82287401917,42793.55168471366,42909.82641575124,42965.438559726776,128.0,8.805422010103939,114.91740632507572,62.240382851286995,14.931513858024118
377,43136.0,42922.59357695556,43116.22751460704,43050.980006478145,42991.04200157114,264.0,6.536073734077945,223.81340292858295,98.64359396597865,18.355541922919656
378,43280.0,42927.895021487326,43241.17849057083,43107.113603683196,43002.149643572615,-80.0,4.061197430972243,-69.15657118208037,-30.309600953354675,-2.784875819896115
379,42976.0,42930.7159718175,42977.91437224288,42990.360804571435,42985.47224993135,-304.0,1.7486001815414056,-253.6922571135583,-109.57239682603904,-16.203781144697132
380,42672.0,42931.39222185041,42733.79397634371,42887.96881003112,42969.74208128322,96.0,-0.08989599117921898,64.84948581938806,5.592410475237557,-0.8430645839689532
381,43168.0,42930.536179835144,43107.613343881654,43001.54562552191,42983.78612076341,80.0,-1.2550074906321242,71.88608694622963,30.34962825175171,4.833345518363785
382,42832.0,42928.882206869144,42877.56615023617,42948.66806653462,42979.40877231995,-8.0,-1.6889238353978726,-2.2164424646325642,5.456474280021212,2.9930901725310832
383,43152.0,42927.15833216435,43103.18045895239,43012.45857408195,42989.772301108474,-8.0,-1.4681505724765884,-18.483396521842224,-5.980205411691713,2.252143843950762
384,42816.0,42925.94590572419,42840.599357192485,42936.70765571124,42983.91306000785,-184.0,-0.7807923922300688,-139.58431579748867,-15.39709051509999,2.5364118997676997
385,42784.0,42925.59674737989,42824.01182735741,42981.66439305175,42994.84512490801,432.0,0.11847511062660487,381.34724704030305,143.78893386639902,21.474321145564318
386,43680.0,42926.182855945444,43603.29385127309,43224.285523444036,43026.86170229898,8.0,0.9590766393848753,16.07962098650023,14.763892114293412,-0.6403374940855429
387,42800.0,42927.51490065866,42856.17106933041,43011.19217728034,42993.56444991984,-312.0,1.5169630061682255,-284.47141608429956,-107.49725752352242,-23.61902988314978
388,43056.0,42929.21678195778,43034.35101910449,43009.29100839699,42979.62364253268,112.0,1.6404381405591266,69.93504529652273,-25.2556646848534,-17.759625260525354
389,43024.0,42930.795776939776,42996.04115992346,42960.68084791063,42958.04519939879,-224.0,1.263549979095842,-178.10405956375325,-80.26973653104142,-24.876183163949463
390,42608.0,42931.74388191597,42678.142899976985,42848.75153533491,42929.87127620478,96.0,0.41185787119320594,75.52456271660776,8.446455091729149,-12.080359383769974
391,43216.0,42931.61949268216,43147.09028535667,42977.57375809409,42933.88448063125,112.0,-0.8220439626857114,81.69048938493506,9.609101806228864,-10.092571541968937
392,42832.0,42930.0997939906,42841.523878746855,42867.969738947366,42909.68613312084,-320.0,-2.2978660592925735,-257.9470128755602,-91.61914967303892,-20.314040854365885
393,42576.0,42927.02376056358,42631.19625960555,42794.33545874801,42893.25639892252,80.0,-3.842301060198224,65.65367888647233,35.53344917465438,-0.5669142521946924
394,42992.0,42922.415191870205,42972.8312365198,42939.036637296675,42908.55230461645,280.0,-5.271732770706876,245.7911595132573,118.21949719699478,11.123520924753393
395,43136.0,42916.480295022164,43122.77857863207,43030.774453142,42915.50344077202,88.0,-6.405069660188019,83.84023527261888,39.1250424163336,-4.073691805824637
396,43168.0,42909.60505254983,43140.51170706504,43017.28672212934,42900.4049210048,-120.0,-7.07808111855411,-119.70833624183433,-88.8443699479867,-28.478273716984404
397,42896.0,42902.324132785056,42883.3619061484,42853.08571324603,42858.546893338054,-376.0,-7.153383340853907,-338.0414386770499,-185.658152260301,-43.73068299984152
398,42416.0,42895.29828586812,42464.42882971094,42645.97041760874,42812.94355500512,-176.0,-6.542408157383761,-159.08775938036706,-92.13008683291628,-25.756160582681332
399,42544.0,42889.23931647029,42565.186387387665,42668.8255395802,42807.03457217269,240.0,-5.2260201031313045,206.6894946150569,85.26789176155216,7.242745776209631
400,42896.0,42884.84624566186,42877.80781894105,42816.506201131844,42827.42904655754,256.0,-3.2538247476877586,221.66052625863085,107.93376211756913,16.96592671272083
401,43056.0,42882.73166697491,43008.507439904926,42884.693063815335,42840.96642559813,-144.0,-0.7558614546833269,-106.76317951149758,-17.466605408837495,2.785700320502656
402,42608.0,42883.33452275249,42664.28145991806,42781.57299031417,42833.000447198545,-80.0,2.0604023373925884,-62.81868039657638,-16.33357834408889,3.2840439603387495
403,42896.0,42886.8524716497,42882.87007911177,42852.02590712716,42847.53451351881,200.0,4.933430554872757,152.9390147525919,48.46587037657446,12.11079199620508
404,43008.0,42893.20138386224,42970.15948942324,42878.50473106732,42857.222031190955,-128.0,7.578311406043213,-101.91314257231352,-38.2688105261841,2.148619231691555
405,42640.0,42902.009094461784,42679.04379396715,42775.48828607479,42851.831751982194,-120.0,9.721405521766428,-95.89672562035776,-35.272301955134026,5.201308390351187
406,42768.0,42912.64419490577,42778.366038182525,42807.96012715705,42867.62464797166,200.0,11.141305793727952,151.15243512799498,52.451904660789296,20.774128388045938
407,43040.0,42924.29170604924,42981.34866422314,42880.39209539637,42893.380008758286,-184.0,11.716471615076443,-150.8299451725361,-7.371984062498086,18.424361224540917
408,42400.0,42936.07713813592,42476.70614783745,42793.216159032054,42904.47337042074,88.0,11.447074410596542,117.32566598740232,109.43214315170917,36.317030183490715
409,43216.0,42947.18585487043,43215.99999619794,43099.256381699786,42966.01406912527,712.0,10.454429483244894,635.2938573987703,247.6684135176256,49.04140216079395
410,43824.0,42956.98599710241,43747.29386263499,43288.552986067305,43002.55617474233,-328.0,8.972653910386725,-289.64695102004043,-78.42690259883238,-4.530085645827057
411,42560.0,42965.13116269121,42636.70609415786,42942.40257650212,42956.95389783361,-336.0,7.311018243159197,-335.9999573242494,-154.94912131411547,-25.75458201703077
412,43152.0,42971.60803358873,43075.293947986494,42978.654743439074,42951.047010708266,32.0,5.777608628697635,26.9440562144664,-50.420461343514035,-15.954536589935742
413,42624.0,42976.6863799486,42690.59420658679,42841.56165381509,42925.04482465374,-72.0,4.6348298409429844,-51.14395955614964,-28.312262716437544,-10.949944821833924
414,43008.0,42980.87769327062,42973.006028874195,42922.0302180062,42929.1471210646,136.0,4.043507907175808,107.4419666583708,37.48367319420868,0.15965246408450184
415,42896.0,42984.77339576295,42905.478139903535,42916.52900020351,42925.36412958191,-40.0,4.011628287444182,-20.137189452983876,4.763282299063576,-2.3147850035929878
416,42928.0,42988.900949845505,42932.73164996823,42931.556782604326,42924.51755105741,56.0,4.414859699110821,50.91175990584088,16.806173702978413,-1.0207009716286848
417,43008.0,42993.603115161175,43007.30165971522,42950.14134760947,42923.32272763865,96.0,5.01555706108411,71.07830832306718,-10.3447611901247,-5.4286870368232485
418,43120.0,42998.93206396767,43074.88826661436,42910.86726022408,42913.660176983765,-376.0,5.519189544364053,-337.2977581395098,-143.8404572733525,-19.979541805703775
419,42256.0,43004.6414942499,42332.7061434362,42662.46043306276,42883.363644027246,-152.0,5.652840542301419,-140.10800481465049,-45.17661062993284,1.0716492448445933
420,42816.0,43010.237745052276,42794.67225698506,42820.51403896421,42915.803475473454,344.0,5.210328381315776,316.10969540213046,160.31062538355036,37.43000521988506
421,42944.0,43015.062151012535,42964.92553424046,42983.08168382986,42958.223654467016,288.0,4.082885197436553,274.8809484576959,182.10848678058755,43.13136171690712
422,43392.0,43018.40351544715,43344.43415390045,43184.731012525386,43002.06619890727,144.0,2.282804852773552,141.67938916225103,98.01483495821594,24.345854385617713
423,43232.0,43019.62776071808,43248.28431256496,43179.111353746295,43006.91536323825,-16.0,-0.08355013882828644,-14.728278510705422,-32.063981905947,-6.405067507104832
424,43360.0,43018.23641516949,43314.97759687904,43120.60304871349,42989.25606389306,-384.0,-2.8672034747942234,-355.7439055473369,-178.20678067605695,-36.196496150536404
425,42464.0,43013.89335376849,42536.796501470286,42822.69779239418,42934.52237093718,-232.0,-5.894476592471619,-216.87341380072758,-118.55636012222021,-31.207574409025256
426,42896.0,43006.44746198455,42881.23076927759,42883.49032846905,42926.84091507501,336.0,-8.984092999613495,270.58811419521953,54.53770030939995,-6.139410108418815
427,43136.0,42995.92516776927,43077.972729860725,42931.77319301298,42922.24355072034,-152.0,-11.947862444641942,-128.77218090755196,-53.830538949576294,-15.285186818648071
428,42592.0,42982.551737095266,42623.68640746248,42775.8292505699,42896.27054143771,-312.0,-14.584117938484269,-260.47649429152807,-64.02931715813975,-10.759482210745773
429,42512.0,42966.7569318923,42557.01974127767,42803.7145586967,42900.72458629885,408.0,-16.65666157058149,370.81901355890295,173.7425874751607,23.8902741760794
430,43408.0,42949.2384139541,43365.32443458029,43123.31442552022,42944.05108978987,408.0,-17.89666036082781,382.5398928486793,177.25707958362182,20.129057980517246
431,43328.0,42930.96361117064,43322.09952697503,43158.228717863945,42940.982702259884,-80.0,-18.044284544786933,-72.72727273011697,-49.97134872429888,-22.419252416992094
432,43248.0,42913.14984486453,43219.869889120055,43023.37172807162,42899.21258495589,-472.0,-16.891354714338377,-445.58610670412963,-247.17112575650754,-59.20948805620719
433,42384.0,42897.180901741965,42430.92731356677,42663.88646635093,42822.56372614747,-352.0,-14.344080625436618,-351.60009326999716,-219.54202854522737,-54.7206725010401
434,42544.0,42884.461683613656,42516.66970258006,42584.28767098117,42789.77123995381,-56.0,-10.475586211265181,-50.90909808640572,-59.45495987918184,-20.503924195971194
435,42272.0,42876.229729319435,42329.10911739396,42544.97654659257,42781.55587775553,248.0,-5.5519238418200985,223.31210405239472,97.17714890768184,17.262431689494406
436,43040.0,42873.357835930015,42963.29391068485,42778.64196879653,42824.296103332796,104.0,-0.014215136630809866,113.79847791454449,102.986406602231,31.95503074390581
437,42480.0,42876.20129904617,42556.706073223046,42750.94935979703,42845.46593924334,0.0,5.575338396734878,38.35306692593804,107.78207089900752,39.44313287271507
438,43040.0,42884.508512723485,43040.000044536726,42994.20611059455,42903.182369078226,600.0,10.602474980420084,523.29388135931,220.35980609479157,50.87554828879365
439,43680.0,42897.406249007014,43603.293835941666,43191.66897198661,42947.217035820926,-184.0,14.481821356144792,-158.29007336481664,-46.70265261462555,7.395518533750874
440,42672.0,42913.472155435775,42723.41989780709,42900.800805365296,42917.97340614573,-392.0,16.74271942381165,-374.60286372364135,-176.4677639386682,-16.944959367916454
441,42896.0,42930.89168785464,42854.08810849438,42838.733444109275,42913.32711708509,-64.0,17.09688404426197,-78.89124684079798,-90.70063920137909,-3.7799332063768816
442,42544.0,42947.6659235243,42565.6374041255,42719.39952696254,42910.413539732974,-224.0,15.484158520634082,-180.26368374138474,-31.634153665469057,15.407099634529004
443,42448.0,42961.860004895905,42493.56074101161,42775.46513677834,42944.14131635415,608.0,12.096341222808405,567.9554033203676,323.4762066039657,58.5348424388867
444,43760.0,42971.858605969916,43701.54821076623,43366.35194017047,43027.48322461075,520.0,7.356243392117904,503.5001622095988,290.3847450783651,46.71606948713088
445,43488.0,42976.57249168014,43500.56106543081,43356.23462693507,43037.57345532841,-152.0,1.8660903032396163,-138.18181818136145,-75.99999976786785,-12.431096515912941
446,43456.0,42975.590786576395,43425.18457440351,43214.35194063473,43002.62103157892,-552.0,-3.6749537799369136,-529.5350453244973,-299.0439587114961,-57.62137217054624
447,42384.0,42969.22258412027,42441.49097478182,42758.146709512075,42922.33071098732,-416.0,-8.58943989974432,-396.15729939788434,-232.79463363808827,-53.373785042236705
448,42624.0,42958.411906776906,42632.86997560774,42748.76267335856,42895.87346149445,272.0,-12.323052431351243,235.72887886461103,52.997300525756145,-12.863576418149023
449,42928.0,42944.576479257565,42912.94873251104,42864.14131056359,42896.60355815102,232.0,-14.504238263874868,204.82241945851274,83.44929248682456,-0.8397254358715145
450,43088.0,42929.40343024916,43042.514814524766,42915.661258332206,42894.194010622705,-120.0,-14.981751017920033,-97.85984536245815,-34.64942306528246,-12.099846997185523
451,42688.0,42914.612977221725,42717.22904178612,42794.84246443302,42872.40386415665,-216.0,-13.81108572017547,-179.1405638080214,-67.39756168266467,-12.569953258218447
452,42656.0,42901.781258808805,42684.23368690872,42780.86613496688,42869.05410410627,128.0,-11.191441805538489,108.17307966621229,48.456738017284806,7.3029451549264195
453,42944.0,42892.23009361065,42933.57520111855,42891.75594046759,42887.009754466504,232.0,-7.390656546540413,197.21751980256886,84.76777573451545,15.106138083567203
454,43120.0,42886.999945715725,43078.66872651386,42950.40168643591,42899.2663802734,-64.0,-2.6967557810967264,-61.56284203537507,-26.15341081373117,1.2199448205647059
455,42816.0,42886.836582048454,42810.4495170478,42839.44911884013,42889.44964410763,-352.0,2.6375614313838014,-295.9716242270879,-99.22800817571624,-6.144253960388596
456,42416.0,42892.27506857849,42486.725478059685,42751.945670084475,42886.977872352625,296.0,8.408113288860477,260.4221674848013,80.46938628658245,21.077121862625063
457,43408.0,42903.652808626175,43331.2938520174,43000.387891413295,42931.60388783288,136.0,14.425811311306461,120.84955595543943,44.636167035467224,20.806209871901956
458,42688.0,42921.126691201105,42728.424589970564,42841.21800415541,42928.59029209643,-336.0,20.5119016953322,-291.0770502792111,-82.56088518018441,9.015918868364679
459,42736.0,42944.67661201684,42749.13975145898,42835.266121052926,42949.63572556961,112.0,26.471546963472065,86.4139187833025,43.68117742398317,31.7272197516686
460,42912.0,42974.06978512805,42901.25242753717,42928.580359003376,42992.044731599766,88.0,32.07271885849332,98.37481376404321,101.60441745213757,46.41124261013829
461,42912.0,43008.822049733826,42945.88937898706,43038.4749559572,43042.45821078989,400.0,37.063725074211106,367.02071212582814,173.13207493242226,56.936389729620714
462,43712.0,43048.19723527647,43635.293851788825,43274.84450886822,43105.91751105901,88.0,41.18667726170315,71.055310305881,17.7918073451292,33.15517582206667
463,43088.0,43091.19540425723,43087.999999598826,43074.05857064746,43108.76856243402,-648.0,44.19750516224303,-571.293851563576,-207.75665289702738,3.889479496716376
464,42416.0,43136.59224560096,42492.70614866167,42859.331203074165,43113.69647005244,24.0,45.892098388700106,10.019552639259928,6.938233963785024,39.81273112103736
465,43136.0,43182.97960103463,43108.039104877345,43087.93503857503,43188.3940246761,384.0,46.13871685384947,359.62737340138847,204.5713547883788,77.31725585746244
466,43184.0,43228.86967930866,43211.96089546445,43268.47391265092,43268.330981767365,280.0,44.86720926601993,281.6629508346814,222.7758304013587,84.1535061796385
467,43696.0,43272.71401956667,43671.36500654671,43533.48669937775,43356.701037035375,336.0,42.06706001621569,298.292460890505,183.75613641569362,71.40510711977913
468,43856.0,43313.00379934109,43808.54581724546,43635.98618548231,43411.14119600692,-128.0,37.797748322278494,-100.09010307394419,-7.507421154281474,32.19721877189295
469,43440.0,43348.30951621123,43471.18480039882,43518.471857069184,43421.09547457916,-208.0,32.16751179675339,-181.43701485254132,-78.27839987853076,9.009052301193151
470,43440.0,43377.338822934595,43445.67178754038,43479.42938572525,43429.15930060931,16.0,25.331199294734688,2.8459248434373876,-19.327778481314454,7.5217910606152145
471,43472.0,43398.9719148007,43476.876650085695,43479.816300106555,43436.13905670039,80.0,17.48611531138522,55.5881129738118,4.2950644345837645,5.186708926103165
472,43600.0,43412.311053557365,43556.848013488,43488.019514594416,43439.532718461516,-168.0,8.889387687006092,-135.78856915769938,-47.787028214930615,-4.629702315800387
473,43136.0,43416.75069017471,43205.299511770296,43384.242243676694,43426.87965206879,-24.0,-0.13938706152839586,-5.050942866226251,20.34385092062439,1.890916210712021
474,43552.0,43412.03227943431,43546.74612775555,43528.707216435665,43443.31455088294,376.0,-9.221728469983645,315.177254762988,132.81858097680743,11.000626358301815
475,43888.0,43398.307233234744,43835.65402129627,43649.87940563031,43448.880904785394,32.0,-17.907461913906445,27.178000022096967,2.1118920097942464,-16.389600858281483
476,43616.0,43376.217355606495,43601.10212779974,43532.93100045525,43410.53534916638,-424.0,-25.707817160622653,-359.47395057304675,-158.4829049474247,-48.61878816069657
477,43040.0,43346.8915989135,43116.70612015018,43332.91359573546,43351.643328464,-16.0,-32.14624828407614,-31.42329378593422,-53.560606852068304,-43.30985427917403
478,43584.0,43311.92485903834,43538.255540227874,43425.80978675112,43323.91564060803,224.0,-36.81376742373686,173.8177041795425,13.801084391212498,-40.73190582557436
479,43488.0,43273.264064066025,43464.34152850926,43360.515764517884,43270.17951681285,-216.0,-39.46171566848716,-192.2063691723124,-129.03613997428693,-64.62714795453212
480,43152.0,43233.00142770137,43153.84280188325,43167.73750680254,43194.661344698965,-336.0,-40.0675742148087,-301.2847172097645,-184.909504314066,-73.38510487894018
481,42816.0,43193.12891563641,42861.772094089734,42990.69675588975,43123.40930705497,-40.0,-38.88708204775685,-63.21023734484697,-89.69237296791835,-55.881572291240445
482,43072.0,43155.227263605855,43027.422327193555,42988.35276086671,43082.898200116484,-64.0,-36.48998521703834,-57.23813092839191,-44.16761458969631,-39.966196932669845
483,42688.0,43120.14894520233,42747.29583223295,42902.36152671036,43043.47691318963,-8.0,-33.74352901030579,16.352666204154957,21.189529198833043,-21.647441267366958
484,43056.0,43087.74020558524,43060.127659601865,43030.73181926437,43039.60331758175,400.0,-31.750237740179728,333.4701253782514,115.73620218620272,-4.693429728791671
485,43488.0,43056.64846972197,43414.23608298945,43133.833931082765,43034.09005373205,-192.0,-31.740453783288103,-176.10026824221495,-73.98092264022489,-28.20876116310319
486,42672.0,43024.25929801867,42707.927123117435,42882.76997398392,42983.185795255544,-416.0,-34.930302412503806,-365.2842377077759,-145.67897010688102,-35.34496871372903
487,42656.0,42986.78786489696,42683.6676075739,42842.475990869,42963.40011630459,128.0,-42.337403046552936,114.07852232596633,52.944012319581816,-4.415673135717952
488,42928.0,42939.58449192556,42936.08416776937,42988.657998623086,42974.35444898411,320.0,-54.545279607293196,292.8373990422988,176.5110070656301,13.272055128716602
489,43296.0,42877.69730568238,43269.3424056585,43195.49800500026,42989.944226562024,192.0,-71.50689640810378,199.97026618163363,156.58900887730852,0.2869889060202695
490,43312.0,42796.570699109354,43336.024700132635,43301.8360163777,42974.92842679615,208.0,-92.40869164406104,186.80579513732664,101.2560195662918,-31.86937842606858
491,43712.0,42692.879922394255,43642.95399593315,43398.01004413285,42926.20546970989,-88.0,-115.60636821245498,-86.0319023333941,-60.820950178429484,-88.01268360076574
492,43136.0,42565.357962684444,43163.96089546585,43180.194116020844,42798.90305959462,-312.0,-138.66609020694523,-291.45744533839024,-195.7188701015839,-144.1572571355391
493,43088.0,42415.547741980365,43060.03910525637,43006.57230392968,42637.89095543881,-296.0,-158.5487248526988,-273.33333370029504,-214.33566012632582,-183.51755638387112
494,42544.0,42248.260512979046,42617.29422806526,42751.52279576819,42431.867946826875,-24.0,-171.93052441507461,-46.66666709215497,-151.28811027739357,-211.62961127058952
495,43040.0,42071.686693150215,42966.70577107206,42703.99608337489,42214.63173289763,-168.0,-175.61199255876272,-204.64711412926772,-271.7614950221614,-258.50462728436105
496,42208.0,41897.03652786152,42207.99999980672,42207.99980572387,41914.85869225815,-920.0,-166.98610039578125,-883.352885405533,-751.9979631676979,-314.4301060265716
497,41200.0,41737.71449235865,41200.000000260996,41200.000157039496,41585.771520844486,-872.0,-144.4917571441183,-861.0003506372304,-784.2940991689866,-309.79859537143784
498,40464.0,41608.053013573284,40485.99929853226,40639.4116073859,41295.26150151528,-456.0,-107.99336491758004,-438.7692310007551,-384.3538042613727,-248.94694425345006
499,40288.0,41521.72776252349,40322.461538259486,40431.29254851675,41087.877632337586,48.0,-59.00867726188517,8.76993102464985,-136.47278461076712,-167.38998756080764
500,40560.0,41490.035659049514,40503.53916058156,40366.46603816436,40960.48152639366,-88.0,-0.7344683728697419,-105.23076616080289,-161.5934912702105,-107.37202962424635
501,40112.0,41520.25882577775,40112.00000593788,40108.10556597633,40873.13357308909,-600.0,62.18627726052728,-533.4165114809621,-260.30768919986804,-49.2912746501097
502,39360.0,41614.40821357057,39436.706137619636,39845.85065976463,40861.89897709344,-80.0,124.13092306314502,-79.99999314614251,-19.329576329389965,63.86035285902108
503,39952.0,41768.52067190404,39952.000019645595,40069.44641331755,41000.854278807135,504.0,179.16733977841432,465.6469236783523,282.3189602117018,191.39801565404923
504,40368.0,41972.7428931274,40367.99998497634,40410.48858018803,41244.69500840154,552.0,221.85101023863172,551.9999922086827,493.276793194731,287.67548001448085
505,41056.0,42212.22269238131,41056.00000406296,41055.99999970701,41576.2052388361,1144.0,248.00982036375717,1144.0000073286792,1122.7557105376109,705.6524136094886
506,42656.0,42468.76253385491,42655.9999996337,42656.00000126325,42655.99983562052,1600.0,255.36691081442405,1599.9999979391287,1599.999997410836,984.2119626122512
507,44256.0,42722.956514010155,44255.99999994122,44255.99999452868,43544.6291640606,1128.0,243.90740365991223,1106.686219089861,1042.7448765750923,600.5114913631805
508,44912.0,42956.577341174736,44869.37243781342,44741.48975441344,43857.02281834688,264.0,215.8636406659607,285.31378115871485,349.2551284278197,259.6447952036251
509,44784.0,43154.683795342076,44826.62756225865,44954.51025138432,44063.91875446785,560.0,175.31550905034237,548.803910407667,400.156415492027,170.89187384436445
510,46032.0,43307.20835927542,45966.980258628755,45541.80258539749,44198.80656603561,464.0,127.52356322102787,436.8430148446423,240.31283388293014,43.22813986953406
511,45712.0,43409.73092178413,45700.31359194793,45435.13591915018,44150.37503420692,-1024.0,78.06716299580148,-991.4901292381401,-770.6541823963562,-126.51278011834074
512,43984.0,43463.34268526702,43984.000000152475,44000.49422060478,43945.781005798926,-1072.0,32.01606237793749,-1063.1387888576428,-900.8391125188718,-206.50497811804598
513,43568.0,43473.76304654001,43574.036014232646,43633.45769411244,43737.365077970826,-376.0,-6.719228875015688,-366.5672946350205,-334.30767943612227,-199.9476739295569
514,43232.0,43449.90422751699,43250.865410882434,43331.87886173253,43545.88565793981,-216.0,-35.765110838819965,-228.8435489380281,-251.63940151363568,-175.78513713402572
515,43136.0,43402.23282486237,43116.34891635659,43130.17889108517,43385.794803702775,-240.0,-54.344387085067865,-232.77191274291545,-204.61052510478112,-147.60111405189673
516,42752.0,43341.21545334686,42785.3215853966,42922.65781152297,43250.68342983602,-184.0,-63.07926819660861,-164.4194039769609,-122.19217380071132,-110.17720237495814
517,42768.0,43276.07428846915,42787.51010840267,42885.794543483746,43165.44039895286,120.0,-63.591025115470984,99.73906501940291,22.03400370264717,-65.3710109355161
518,42992.0,43214.033403115915,42984.79971543541,42966.725818928266,43119.94140796499,184.0,-58.06112254938489,161.28818420978496,68.29418490865282,-39.10192058962275
519,43136.0,43159.95204337038,43110.08647682224,43022.38291330105,43087.23655777361,-8.0,-48.80881478340598,-4.280854501968861,-1.1514489766886982,-35.14302230269095
520,42976.0,43116.4157735491,42976.23800643147,42964.42292097489,43049.655363359605,-152.0,-37.94492436537621,-132.65843823341493,-63.74853183871892,-33.898426246028976
521,42832.0,43084.06219463963,42844.76960035541,42894.88584962361,43019.439705281555,-72.0,-27.182817698423605,-67.62040429901754,-38.094146539468056,-20.84367281397499
522,42832.0,43062.050138152255,42840.997197833436,42888.23462789595,43007.968017731655,48.0,-17.748431515792618,41.213586645189935,21.466092220318387,-2.6732866633137746
523,42928.0,43048.56533160804,42927.19677364579,42937.81803406425,43014.09313195493,96.0,-10.364081052666734,82.1834440413113,54.49242320041958,10.429770821017883
524,43024.0,43041.32197604692,43005.36408591606,42997.21947429679,43028.82755937369,-40.0,-5.293748124342528,-15.012258149417903,46.01117738093308,14.975805387450237
525,42848.0,43037.97783535936,42897.17225734695,43029.84038882612,43044.04474272983,224.0,-2.4230726001078438,207.6549575253557,123.54110894238329,25.019420492622885
526,43472.0,43036.475830846706,43420.67400096677,43244.30169218156,43078.86640035894,216.0,-1.354179625534016,196.88624909398277,100.61214944622407,15.16497764705855
527,43280.0,43035.26947610829,43290.94475553492,43231.064687718565,43074.374698023945,-88.0,-1.5018813980605046,-75.00546775726616,-37.70466060370745,-14.772967433793383
528,43296.0,43033.472068050585,43270.66306545224,43168.89237097414,43049.32046549135,-136.0,-2.218238307523279,-146.96636282148756,-125.7261312573537,-37.38820925802793
529,43008.0,43030.83299949324,42997.01202989194,42979.61242520386,42999.59827950789,-360.0,-2.9133999068399135,-330.88181171771794,-203.47373316835728,-50.14227200806636
530,42576.0,43027.645268236905,42608.8994420168,42761.94490463743,42949.03592147522,-248.0,-3.1505156744351552,-221.32445217401255,-124.69506824771088,-31.910561958909966
531,42512.0,43024.53196814437,42554.36312554392,42730.222288708435,42935.77715559007,176.0,-2.6999030322294857,157.2793112466934,77.38852842522101,7.93009189435179
532,42928.0,43022.24546217245,42923.45806451019,42916.72196148787,42964.89610526392,384.0,-1.5466429533953487,346.38526151719634,180.8606535233739,30.963754937052727
533,43280.0,43021.43868223758,43247.13364857831,43091.94359575518,42997.704665464174,176.0,0.09437479521511705,159.3438269596918,81.19343214490436,18.693793473459664
534,43280.0,43022.43421176288,43242.14571842957,43079.10882577768,43002.28369221084,-320.0,1.8450313295179512,-281.0542164402177,-113.2803570886681,-9.306788642792526
535,42640.0,43025.12874489662,42685.025215697875,42865.38288157785,42979.09108817859,-272.0,3.236129625529429,-245.19954580295962,-101.03450341090502,-6.2380496233199665
536,42736.0,43028.906471013936,42751.74662682365,42877.03981895587,42989.8075929642,160.0,3.7478984073604806,145.45454524403976,82.17684685595304,23.40688443381805
537,42960.0,43032.62454171134,42975.934306185954,43029.73657528975,43025.904857046226,344.0,2.853386848430091,322.0056873411413,187.5650439787605,39.3925069343386
538,43424.0,43034.613244710796,43395.758001505936,43252.16990691339,43068.59260683288,288.0,0.032446497836644994,260.46722580057394,136.5182850803285,24.917380128295918
539,43536.0,43032.68943470701,43496.8687577871,43302.77314545041,43075.73961730282,-104.0,-5.223083088712883,-94.54545478332147,-66.01018873777139,-15.8660086649179
540,43216.0,43024.16707853337,43206.66709193929,43120.14952943785,43036.86058950304,-536.0,-13.415592855180876,-479.0965961940674,-230.54885129363902,-47.835998324626416
541,42464.0,43005.85824899665,42538.67556539897,42841.67544286313,42980.067620653565,-144.0,-25.008121096027025,-152.38330950275122,-89.63636514315294,-30.98958781679903
542,42928.0,42974.150836341316,42901.90047293379,42940.87679915154,42974.88141386944,256.0,-40.36247055836793,232.72727220379602,105.63975586418019,-2.842136090646818
543,42976.0,42925.133307879914,43004.13010980656,43052.95495459149,42974.38334847227,280.0,-59.600655091519,259.4587299666564,150.5556327356935,-0.5788979735589237
544,43488.0,42854.94952615828,43420.8179328671,43241.98806462293,42973.723617922326,56.0,-82.4597979491009,64.19894333494813,66.02714234290397,-26.373549653832015
545,43088.0,42760.21371198171,43132.527996476456,43185.0092392773,42921.63624916461,-88.0,-108.155162904186,-65.64995400836051,-8.474205706974317,-60.405556299487216
546,43312.0,42638.639200349906,43289.51802485038,43225.03965320898,42852.91250532335,56.0,-135.26871183646654,44.58015262585104,-3.449759463834198,-91.67811857508786
547,43200.0,42489.67628830878,43221.68830172816,43178.10972034963,42738.28001201443,56.0,-161.76195097646996,40.61178551858029,-57.87507268452828,-137.71849270819803
548,43424.0,42315.115298396966,43370.74159588754,43109.28950783992,42577.475519906955,-320.0,-185.0955610059318,-315.5303697405834,-247.7997874360335,-203.1307161121258
549,42560.0,42119.485166296916,42590.62756224699,42682.510145477565,42332.01857979018,-440.0,-202.47238812475553,-428.68457906792173,-343.899960777293,-256.8560111272709
550,42544.0,41910.170522147455,42513.3724377517,42421.48958628534,42063.76349765241,-352.0,-211.17622050620776,-367.3137810483677,-413.25470288006545,-292.2669072551398
551,41856.0,41697.1327252845,41856.000000150256,41856.000739717434,41747.4847652799,-712.0,-208.9546177282209,-696.6862192380249,-650.745740689712,-321.70449410852234
552,41120.0,41492.26128669101,41119.99999927565,41119.99810490591,41420.35450943537,-600.0,-194.380914514717,-599.9999995831749,-599.9991042922993,-312.112530372764
553,40656.0,41308.370896255066,40656.000000983906,40656.002531132835,41123.25970453437,-512.0,-167.14424751778643,-503.23014970211807,-437.0904953195859,-273.7318196742781
554,40096.0,41157.97279165544,40113.53969987141,40245.81711426674,40872.89087008681,-384.0,-128.19405265225578,-375.29702263926447,-321.9489498750336,-211.52429094321633
555,39888.0,41051.982790950555,39905.40595570538,40012.10463138277,40700.21112264794,-104.0,-79.73114659031489,-121.10396563914401,-171.66016719258187,-132.06919130647657
556,39888.0,40998.51049847481,39871.331768593125,39902.49677988158,40608.75248747386,-128.0,-25.0279901901813,-117.41534414660782,-102.35946156040154,-55.42101080038992
557,39632.0,41001.92681057019,39670.57526741216,39807.385708261965,40589.36910104716,0.0,31.902798331564554,-7.880164120182599,-7.4182174886336725,28.48506862566137
558,39888.0,41062.31609513794,39855.57144035276,39887.66034490431,40665.72262472518,16.0,86.74418841839724,22.853374704402086,80.10480909449689,115.23965491427953
559,39664.0,41175.41518740699,39716.282016820966,39967.59532645096,40819.84841087572,264.0,135.372966027222,280.2142800938418,264.1702178325213,211.9182066943249
560,40416.0,41333.06202719238,40416.00000054044,40416.00078056935,41089.55903811383,704.0,174.327929618521,677.8589913903925,552.2021251178121,303.38857914380424
561,41072.0,41524.07104664403,41071.99999960175,41071.99957668658,41426.62556916333,904.0,201.196699381082,897.3528853127755,877.4111814347671,354.79780950766144
562,42224.0,41735.45542595455,42210.705771165995,42170.82314343889,41799.154657129155,688.0,214.85606037215257,694.6471146619879,714.5886877223784,351.2868208222826
563,42448.0,41953.783167388334,42461.294228925726,42501.17695213134,42129.19921080789,608.0,215.53373382949212,586.4012953734709,467.67530225272276,314.10451421913604
564,43440.0,42166.52289361353,43383.50836191294,43106.17374794433,42427.36368556743,368.0,204.6761062781443,370.4142495668093,327.35065229055544,247.53265903790452
565,43184.0,42363.13537994462,43202.122728059345,43155.87825671245,42624.2645288837,-120.0,184.64834497223274,-90.77199355686753,35.64363712434715,168.91406976045982
566,43200.0,42535.819583558,43201.9643747992,43177.46102219303,42765.19182508835,24.0,158.34782722195087,9.663520735866769,10.31327657708971,119.18688745906184
567,43232.0,42679.831034388524,43221.44976953108,43176.50480986663,42862.638303801825,-24.0,128.79686831852086,-33.265757612738525,-28.703807393078023,78.97839390356967
568,43152.0,42793.41332019504,43135.432859573724,43120.05340740687,42923.148612895486,-200.0,98.75593300330002,-168.85261208873635,-72.42469875632742,49.06773973843519
569,42832.0,42877.342900395124,42883.744545353606,43031.655412353975,42960.773783278695,8.0,70.46982568777457,7.0344125479095965,11.429711124092137,44.06385954714278
570,43168.0,42934.35297157059,43149.50168466954,43142.912829655055,43011.27633198977,184.0,45.53561616337538,173.26556266366242,98.71383212860383,42.66636531056429
571,43200.0,42968.414132721875,43230.27567068093,43229.08307661118,43046.106513899824,288.0,24.881677180015686,258.89608691841204,100.71178526172298,27.13550760504586
572,43744.0,42984.11632593062,43667.29385850637,43344.3364001785,43065.54734719986,-160.0,8.843602637865843,-158.20723123593416,-84.57847634343125,-14.481799339966528
573,42880.0,42986.10133799761,42913.86120820906,43059.92612392432,43017.14291521989,-448.0,-2.714198011042754,-399.1756451611727,-194.447214292024,-41.54728621898175
574,42848.0,42978.687929908534,42868.94256818402,42955.44197159445,42982.4527747619,104.0,-10.218515039989143,59.79420089506311,-50.76316653264075,-27.967501719893335
575,43088.0,42965.66430791763,43033.44960999919,42958.39979085904,42961.207911780104,-136.0,-14.257541569004388,-108.24490818889535,-61.84228530589462,-27.58446739278952
576,42576.0,42950.172846770525,42652.45275180623,42831.757400982664,42927.28383997632,80.0,-15.464958215805382,68.92212869056675,1.236310614956892,-16.35987980496793
577,43248.0,42934.73439148602,43171.29386738032,42960.87241208895,42928.48815217017,-8.0,-14.4307737717063,-13.702921379841428,-14.448782849238341,-14.771280197644955
578,42560.0,42921.31129922711,42625.04690904655,42802.85983528419,42897.74127958103,-176.0,-11.673880060428928,-139.65426709788517,-36.58265916266828,-13.859808610086475
579,42896.0,42911.38663136516,42891.98533318455,42887.707093763616,42900.768534949995,304.0,-7.642334800751996,246.86509006077176,80.7008053612335,3.265682116463722
580,43168.0,42906.02662962561,43118.77708916809,42964.261446006654,42904.27264381396,-16.0,-2.747809523050819,-19.32279817601011,-25.31492475363484,-9.682258945336798
581,42864.0,42905.89101231906,42853.33973683253,42837.07724425635,42881.40401705932,-376.0,2.5934576655272394,-318.73866817288217,-140.6455796221344,-21.998425901674636
582,42416.0,42911.21354495666,42481.29975282233,42682.970286762386,42860.27579201061,-56.0,7.919229475523025,-45.541219898575946,-20.621814112768334,1.0855645518204255
583,42752.0,42921.729471270104,42762.25729703538,42795.83361603081,42883.57514616296,408.0,12.719375972097623,336.99706934386995,134.7801372838294,29.878111460504442
584,43232.0,42936.65229690086,43155.29389151007,42952.530561330044,42920.03201493162,-64.0,16.443607291283115,-43.285452818356134,16.962225964256504,20.858469515231263
585,42624.0,42954.61668585267,42675.68639139867,42829.75806795932,42925.292085193425,-224.0,18.577970934868063,-173.1370782286249,-19.89345939105624,20.32467452148194
586,42784.0,42973.808238770594,42809.01973505282,42912.74364254793,42960.68136397458,408.0,18.752571533921582,343.8037347903555,147.35739586257114,44.22334697988481
587,43440.0,42992.12182892051,43363.29386097938,43124.472859684465,43013.738779153195,-64.0,16.82487823068368,-38.15679656932116,53.96564697876602,31.744354136269976
588,42656.0,43007.45799523196,42732.706141914176,43020.674936505464,43024.17007224712,32.0,12.9668749363409,53.15514801663812,78.53954507372691,28.839796706284687
589,43504.0,43018.055578793195,43469.604157012654,43281.55194983192,43071.418372565764,440.0,7.667470614873309,388.2351541714561,149.652988242422,25.61921894693296
590,43536.0,43022.79293646171,43509.17645025709,43319.98091299031,43075.40851014099,-104.0,1.6733828342257766,-94.54545547012458,-69.58058034646456,-19.0394369177302
591,43296.0,43021.40234446165,43280.513246072405,43142.39078913899,43033.3394987303,-600.0,-4.135286609820469,-548.235150891549,-254.39472928181567,-55.20203647416929
592,42336.0,43014.52236324207,42412.70614847399,42811.19145442668,42965.00443719265,-120.0,-8.907405428148195,-125.26787097872875,-93.60360749897882,-36.88483967801949
593,43056.0,43003.58753360535,43029.97750411495,42955.18357414103,42959.569819374265,432.0,-11.9893812054288,370.2885690348121,93.5839067848683,-10.256126849672
594,43200.0,42990.54360083121,43153.283286543614,42998.35926799641,42944.492183493305,-136.0,-13.04799776582513,-110.27778485326417,-57.644672146405355,-27.85302670629244
595,42784.0,42977.4915380737,42809.42193440842,42839.89422984822,42903.86376596168,-232.0,-12.115588948679942,-216.75168009311528,-130.517923224088,-34.635229233543214
596,42736.0,42966.31242293385,42719.77992635738,42737.32342154824,42875.22172502622,-184.0,-9.564699286685936,-170.74237626410468,-101.90909752585867,-21.68095468415413
597,42416.0,42958.36213950033,42467.93718188021,42636.076034796504,42860.50185659337,8.0,-6.006489890736702,7.843164923870063,8.790630646515638,7.505224396827543
598,42752.0,42954.29944315238,42735.46625620512,42754.90468284127,42890.23217381987,200.0,-2.1408141582505777,184.86035535051997,120.2809894653983,36.64192591749452
599,42816.0,42954.08051118383,42837.65789258125,42876.6380137273,42933.78570842836,224.0,1.3888994350418216,210.4810992823841,152.05233774968292,49.44282002990076
600,43200.0,42957.07724202246,43156.42845476989,43059.009358340634,42989.117813879675,88.0,4.108517944012419,100.91283603811098,111.87602378365045,44.78799614530362
601,42992.0,42962.29754707185,43039.48356465747,43100.3900612946,43023.36170071897,120.0,5.776146065381909,120.4729331749586,95.57573360126844,35.81197187523867
602,43440.0,42968.629534153224,43397.37432111981,43250.16082554317,43060.74175763015,184.0,6.377392267968389,144.76236206137764,54.851177020151226,18.417144792689214
603,43360.0,42975.05233160779,43329.00828878023,43210.092415334904,43060.195990304346,-256.0,6.069081958212337,-223.32458843846325,-115.02220254081112,-15.535967810585134
604,42928.0,42980.76769806965,42950.72514424288,43020.11642046155,43029.66982200898,-296.0,5.09647553549803,-264.6574233229221,-143.91778464257732,-25.442677194914722
605,42768.0,42985.245282678785,42799.69344213438,42922.25684604975,43009.31063591452,16.0,3.71517716625749,7.435508563434269,-20.731151386931742,-8.293654298740876
606,42960.0,42988.198052402164,42965.59616136975,42978.654117687685,43013.0825134115,240.0,2.133840163351124,193.8835260841115,65.72433048178573,6.42600316755852
607,43248.0,42989.51296300549,43187.460494302606,43053.70550701332,43022.162642249634,-112.0,0.4878727728719241,-84.01361293282025,-22.095857167707436,-2.2117390493840503
608,42736.0,42989.17379794791,42797.56893550411,42934.46240335227,43008.65903531273,-96.0,-1.154098414197506,-78.86646389921953,-20.01190198491895,0.12934482873606612
609,43056.0,42987.20476617709,43029.72756650417,43013.68170304348,43022.421331907106,112.0,-2.7440355507205823,100.79646352091368,58.06015121295786,12.083363189725787
610,42960.0,42983.68572684647,42999.16186254594,43050.582705778186,43032.825761692184,184.0,-4.2329452545018285,165.24360877143772,82.19235562379254,14.045717869688815
611,43424.0,42978.73887566809,43360.21478404704,43178.06641429107,43050.51276764648,64.0,-5.553597442743921,42.12684173633534,4.51691565841611,-0.987355663375638
612,43088.0,42972.57853196098,43083.41554601861,43059.61653709502,43030.85105036543,-352.0,-6.594990702786163,-299.7215079353882,-132.64160864854057,-22.519164762779837
613,42720.0,42965.548894262516,42760.771768176266,42912.78319699399,43005.474438120924,-136.0,-7.2246140703355195,-118.78493696101577,-50.44174160403418,-11.102890338464931
614,42816.0,42958.12930382031,42845.84567209658,42958.73305388695,43008.6452696885,368.0,-7.322777673045493,309.26105703852954,117.3163838364344,12.803095052007848
615,43456.0,42950.903338916425,43379.293882253325,43147.415964666856,43031.08062822494,72.0,-6.814769898821396,70.25369207779295,34.390893113330094,1.189389947681775
616,42960.0,42944.499764022665,42986.35305625216,43027.51484011361,43011.024049583866,-320.0,-5.692569452552561,-256.47040803013806,-86.14370449643684,-17.505376161880122
617,42816.0,42939.51820001132,42866.35306619305,42975.12855567398,42996.06987590118,224.0,-4.032056241358077,172.47040301716697,27.177993397359387,-5.950679887624574
618,43408.0,42936.43565153995,43331.2938622865,43081.87082690833,42999.12268980862,-96.0,-1.9892156660680484,-93.53545137436231,-56.322315311485,-17.39105160213512
619,42624.0,42935.539768679184,42679.282163444324,42862.48392505101,42961.28777269691,-280.0,0.22318735359658604,-241.36038483130687,-100.14493933181075,-20.970528476860636
620,42848.0,42936.88202624714,42848.57309262388,42881.58094824471,42957.181632854896,224.0,2.3697048119393003,172.15639229895532,35.88749731605276,1.3529418007310596
621,43072.0,42940.27917830306,43023.594948042235,42934.25891968312,42963.99365629837,-96.0,4.239431714890088,-67.0034043704909,-16.192568720030977,1.4117062583900406
622,42656.0,42945.36088967692,42714.5662838829,42849.195810804646,42960.005045371676,-24.0,5.682284368696855,-16.197244744809723,11.534796523847035,11.211641341895302
623,43024.0,42951.643747040456,42991.200458552616,42957.32851273081,42986.41693898216,128.0,6.630617857201287,112.63646743278514,74.79695829157208,24.532740559589
624,42912.0,42958.622125391325,42939.83921874847,42998.78972738779,43009.070526490854,72.0,7.102002705567429,87.8348539382132,84.85607835087285,27.507113833235053
625,43168.0,42965.84775245159,43166.87016642904,43127.04066943256,43041.43116664863,264.0,7.200113897350093,221.38177982578418,107.77127676104647,26.032198490211158
626,43440.0,42973.022353186025,43382.60277840004,43214.33228090988,43061.134923471276,-88.0,7.082448399840359,-71.25349602879942,-25.54224806773709,0.7605029962069239
627,42992.0,42980.01264925127,43024.36317437144,43075.95617329708,43042.952172641046,-224.0,6.905595034135331,-196.42373217137356,-96.3980209642541,-15.635142198174435
628,42992.0,42986.833543254295,42989.75531405729,43021.536238981374,43029.86463907493,-48.0,6.791531931605277,-45.83129002768692,-39.65181482502521,-11.194301612376876
629,42896.0,42993.59571311448,42932.70059431607,42996.65254364703,43020.56356941629,160.0,6.79163302671077,126.4482518391269,25.442576489178464,-3.0728911878177314
630,43312.0,43000.41680930772,43242.65181773555,43072.42139195973,43023.71885669929,-128.0,6.870272078565904,-107.99724097617218,-44.02045570743576,-11.258769882038905
631,42640.0,43007.336257271614,42716.706112363725,42908.61163223216,42998.046029652214,-72.0,6.9023606191367435,-64.74871865922978,-29.503943611485738,-7.770525564465061
632,43168.0,43014.22153054599,43113.15438041709,43013.41350473676,43008.17780557036,152.0,6.697174877572252,115.76129831822618,27.508624872974906,2.1406661966648244
633,42944.0,43020.73060702676,42948.22870900018,42963.62888197811,43002.327362045544,-192.0,6.037036553432699,-143.7821264160375,-39.970181769589544,-2.934075422537717
634,42784.0,43026.295603652856,42825.59012758501,42933.47314119758,43002.309654725286,104.0,4.719815479093086,85.31205650987613,44.58082981825646,10.897775416004151
635,43152.0,43030.170237984945,43118.85282201993,43052.790541614624,43024.12291287755,144.0,2.605746306679066,127.52680453456924,69.71267122435893,15.41940379614607
636,43072.0,43031.507096266214,43080.64373665415,43072.8984836463,43033.14846231758,-8.0,-0.3501005901998724,5.009597904965631,20.5571838548276,7.082972555901506
637,43136.0,43029.470036804545,43128.87201782986,43093.90490932428,43038.288857989355,24.0,-4.0676819371801685,12.588370325029246,-0.04111965988340671,0.25483857124709175
638,43120.0,43023.37173239185,43105.82047730421,43072.81624432653,43033.65813946007,-104.0,-8.333775904102367,-93.9491540045965,-44.68054283447782,-8.947811556281522
639,42928.0,43012.80248499634,42940.97370982067,43004.543823655324,43020.39323487679,-128.0,-12.820501082169358,-99.97821838019809,-30.000508843546413,-8.645242839436833
640,42864.0,42997.730730227515,42905.86404054381,43012.81522663944,43016.3676537812,224.0,-17.11070073639712,191.8822132814821,82.67901630383494,3.5928015934623545
641,43376.0,42978.581083523546,43324.73813638363,43169.90185626299,43027.57883806372,168.0,-20.743253552944225,144.89309791870255,54.03755775505124,-6.209873814292223
642,43200.0,42956.24422312163,43195.65023638122,43120.89034214954,43003.947906152614,-168.0,-23.27413487205922,-150.83671809630687,-88.56634303867759,-33.43353660347566
643,43040.0,42932.03281377943,43023.06470019102,42992.76917018564,42960.711764856766,-280.0,-24.344925258148578,-257.26203523511504,-151.736586871084,-47.20055305300775
644,42640.0,42907.55437260533,42681.12616591099,42817.41716840737,42909.5468000466,-160.0,-23.747048941400863,-136.30770472508084,-86.64341757458169,-37.68762480784062
645,42720.0,42884.538715896626,42750.44929074086,42819.482335036475,42885.336515241084,280.0,-21.46662828414992,221.56957853413041,51.80633414733529,-15.943459043457551
646,43200.0,42864.62111603703,43124.26532297925,42921.029836702044,42877.659881959684,-56.0,-17.7126717501269,-51.075106780492206,-37.93757998340516,-23.793639183415507
647,42608.0,42849.11337239637,42648.29907717987,42743.607175069665,42837.74923687425,-264.0,-12.901057802700961,-228.25310598486976,-109.61907409754713,-28.423183241717197
648,42672.0,42838.81900043163,42667.75911100951,42701.79168850695,42820.81351547625,16.0,-7.592968796823698,-1.744411122828751,-26.919642309236224,-9.495045624193153
649,42640.0,42833.927434802725,42644.810254934215,42689.76789045119,42818.75914562587,-8.0,-2.415997807034728,1.1024185957867303,12.860147169834818,6.883587430911575
650,42656.0,42833.98700481756,42669.96394820108,42727.51198284662,42834.58069033807,96.0,2.0289578475531016,94.9734342722586,73.50008381874068,24.750579229108553
651,42832.0,42837.98535049783,42834.75712347873,42836.76805808867,42868.260304084084,200.0,5.276190952044999,178.57879267132012,111.64010428638358,35.492628950214566
652,43056.0,42844.53938672165,43027.12153354372,42950.79219141939,42905.5659482385,48.0,7.066372437388054,47.97207778359734,61.42022904041369,29.783941566343856
653,42928.0,42852.11809537261,42930.70127904593,42959.6085161695,42927.82818721677,-120.0,7.37713754363358,-82.91385926816656,24.620582834861125,22.253648339108622
654,42816.0,42859.293661808915,42861.29381500739,43000.03335708911,42950.07324491672,328.0,6.4190862362193,288.29629500232477,132.44151946416605,28.948719945783523
655,43584.0,42864.956267845046,43507.293869050576,43224.49155509783,42985.72562710834,136.0,4.5805980687146075,125.59941050812995,44.70397555764066,5.738663547035685
656,43088.0,42868.454857946344,43112.49263602365,43089.44130820439,42961.55057201079,-296.0,2.338799610035494,-266.70274812465505,-134.32959279125134,-30.49752649700895
657,42992.0,42869.63386706512,42973.888372801266,42955.83236951533,42924.73057411432,-240.0,0.16550854873639764,-229.1623992160603,-151.69275393139105,-40.183469190753385
658,42608.0,42868.78587504382,42654.16783759153,42786.05580034161,42881.18363362928,-88.0,-1.5609345509510604,-88.8813472520851,-80.74866900291818,-29.88775880357207
659,42816.0,42866.511997963215,42796.125678297096,42794.335031509494,42864.95505650718,56.0,-2.61191901339771,42.58623219103538,-2.553253077370755,-13.780824296751234
660,42720.0,42863.56203701702,42739.3403019736,42780.94929418687,42853.62198503578,40.0,-2.9276296106545487,39.91613354448782,17.088909770805913,-4.651972219602612
661,42896.0,42860.656738741905,42875.95794538607,42828.512851051106,42855.65111206797,48.0,-2.6037221238511847,36.40737034284757,13.819982389788493,0.011682635587931145
662,42816.0,42858.35459276932,42812.155042659295,42808.58925896644,42853.64535030696,-96.0,-1.8390546485497907,-83.02768943029514,-23.628962601440435,-0.12349424566855305
663,42704.0,42856.978629444806,42709.90256652548,42781.254925848225,42855.404123576634,-96.0,-0.8677577981688955,-72.73964350640017,11.293129805897479,9.328979448509926
664,42624.0,42856.61907717298,42666.675755646495,42831.17551857824,42872.30330920398,312.0,0.10148174055211712,289.205512831486,153.50835201912923,29.31435108754522
665,43328.0,42857.18159292591,43288.31359218845,43088.27162988648,42914.032825751725,344.0,0.9278602381855308,304.1522520062317,137.23192625149022,21.031157835328486
666,43312.0,42858.47479764935,43274.98025965896,43105.63937108122,42914.365624874634,-256.0,1.5476080853222811,-211.50968211321015,-85.81257326465129,-19.54891963335467
667,42816.0,42860.276809096555,42865.29422796203,42916.64648335718,42874.934986485016,-144.0,1.9620740122409188,-150.1372440082523,-138.66964604545137,-36.48388906537002
668,43024.0,42862.398945673835,42974.70577164245,42828.300078990316,42841.397846743894,-360.0,2.207083884448366,-346.2940403000357,-186.1963648717101,-42.66724740392601
669,42096.0,42864.69097686545,42172.70614736196,42544.25375361376,42789.60049167716,-152.0,2.3065003033552784,-131.54680672687027,-59.91944856967166,-17.117330482873513
670,42720.0,42867.011946280545,42711.61215818871,42708.46118185097,42807.16318577815,480.0,2.2461151306852116,419.2791632192675,158.43801916269877,21.92085338988909
671,43056.0,42869.18320712682,43011.2644738005,42861.12979193916,42833.44219845694,80.0,1.9692491331225028,75.9746846142516,55.233506057767954,15.151122601644602
672,42880.0,42870.95044454679,42863.561527417216,42818.92819396651,42837.465430981436,-280.0,1.4000636252676486,-229.89530929718603,-72.7375009893949,1.8965040735638468
673,42496.0,42871.98333437736,42551.473855206124,42715.65478996037,42837.23520660407,-40.0,0.47718209564482095,-34.718396180491254,6.5539909740437,16.83153595283875
674,42800.0,42871.90480873808,42794.12473505623,42832.036175914596,42871.12850288711,232.0,-0.8053013056378404,213.27455513128734,132.399473911526,37.44972142740153
675,42960.0,42870.37273176608,42978.0229654687,42980.45373778342,42912.13464945887,304.0,-2.362786155757931,274.01305775595756,158.64443076053794,38.612879044700094
676,43408.0,42867.179236426564,43342.15085056815,43149.32503743567,42948.35426097651,24.0,-4.027479536329338,34.88213794020339,39.53381837008055,13.23732456646394
677,43008.0,42862.31777269342,43047.787241349106,43059.52137452358,42938.6092985918,-104.0,-5.566473019327532,-95.42740247352776,-64.04297565029265,-13.214497455119272
678,43200.0,42856.04629038791,43151.29604562109,43021.23908613509,42921.925266066275,-144.0,-6.722341778920963,-157.79051366885324,-127.66274532095485,-30.587769222212955
679,42720.0,42848.87308913558,42732.2062140114,42804.19588388167,42877.433760147374,-392.0,-7.278570339982252,-340.2792155063762,-174.94526031257556,-36.619817911530845
680,42416.0,42841.489149707944,42470.73761460834,42671.348565509936,42848.68563024321,16.0,-7.0966166967118625,12.219473638637282,-5.173035616768175,-7.113848392000364
681,42752.0,42834.67985574216,42756.645161288674,42793.849812648135,42863.206063363374,352.0,-6.141044497504481,309.133353123696,143.42615346226376,20.0807362883279
682,43120.0,42829.207060712935,43089.00432085573,42958.20087243446,42888.84710281987,200.0,-4.4880394577630796,177.3807638457074,83.4514960035558,14.08339459749186
683,43152.0,42825.70377682663,43111.40668898009,42960.75280465525,42891.37285255836,-248.0,-2.2877835592262272,-215.52460704978148,-93.07166545158543,-10.50560763359681
684,42624.0,42824.63149359448,42657.95510675617,42772.05754153129,42867.835887552676,-280.0,0.27297402928525116,-248.7156283684708,-114.66649235831574,-11.345170628050255
685,42592.0,42826.2497248852,42613.97543224315,42731.419819938616,42868.68251130226,88.0,2.996986624737474,65.8974867026991,29.072188376634585,14.680749314698915
686,42800.0,42830.62546684396,42789.75008016157,42830.20191828456,42897.19738618207,120.0,5.709090115160507,124.52504872626741,113.88305748822677,33.37474418891725
687,42832.0,42837.66790511552,42863.02552969568,42959.18593491507,42935.43199968009,408.0,8.283626448221185,375.2817559288269,192.57698408804572,43.406213482023304
688,43616.0,42847.1927197404,43540.31359201922,43215.35588646065,42984.00981314612,168.0,10.629869035663432,151.9773645033565,55.84789477590675,16.978304123334965
689,43168.0,42858.92764318685,43166.980258702395,43070.88172446688,42969.38860792676,-520.0,12.661457313344727,-454.9445006556525,-193.03329976033274,-24.551774823019514
690,42576.0,42872.51563436709,42630.42459070792,42829.28928693999,42934.90626350008,-184.0,14.293469235162775,-187.92025360408297,-114.94779405690133,-16.537031251678854
691,42800.0,42887.514581657175,42791.13975149423,42840.98613635308,42936.3145454234,144.0,15.430699627653667,116.41391825745086,32.189917589636025,8.224009194495011
692,42864.0,42903.3770336224,42863.25242722282,42893.66912211926,42951.35428188907,48.0,15.957438484816521,68.37481184267381,67.5175468258094,19.407450560120196
693,42896.0,42919.42945862681,42927.88937517958,42976.0212300047,42975.129446543644,312.0,15.758865938933013,274.02071563565187,122.36272288778491,27.73163698175631
694,43488.0,42934.89476550026,43411.29385849412,43138.39456789483,43006.81755585258,-88.0,14.754965034426277,-76.6180035960897,-12.42937816245103,7.628987101565144
695,42720.0,42948.93938869566,42774.6533679874,42951.1624736798,42990.387420746774,-280.0,12.924691288044414,-236.81876296946575,-71.65085737513073,-2.9107640684669605
696,42928.0,42960.74414807635,42937.65633255519,42995.09285314457,43000.99602771565,256.0,10.331170043235034,211.28462734372442,77.47680603705157,14.25840835465715
697,43232.0,42969.60172878213,43197.222622674846,43106.1160857539,43018.90423745609,88.0,7.128155849779432,85.67940349387209,48.08127548628545,7.253421613240789
698,43104.0,42975.00045977591,43109.015139542935,43091.25540411714,43015.50287094213,-88.0,3.54315742104518,-63.13178541721936,-21.232979578195227,-7.826222966847126
699,43056.0,42976.68804362422,43070.95905184041,43063.65012659751,43003.251791522394,64.0,-0.15008377849153476,36.73917149952831,-23.780214220874768,-14.888489843622665
700,43232.0,42974.70029221893,43182.49348254199,43043.69497567539,42985.725891254886,-200.0,-3.6865648485327256,-189.11133459211487,-114.10766308442544,-29.83960570475756
701,42656.0,42969.314913927155,42692.73638265618,42835.43480042866,42943.57258011288,-296.0,-6.850656154598255,-252.96200860128374,-118.54277503239791,-27.774682136368938
702,42640.0,42960.99897990973,42676.569465339424,42806.60942561059,42930.17652698215,200.0,-9.50142026247704,166.6804093803512,54.479337987228064,1.112773218381335
703,43056.0,42950.3120734022,43026.09720141688,42944.393476403115,42945.79812654964,240.0,-11.59290913651057,200.01374316183865,81.9807889940821,10.111505894972652
704,43120.0,42937.81316163671,43076.5969516631,42970.57100359876,42950.39953877209,-224.0,-13.157826128819579,-181.20539733374972,-48.536971004974475,-3.878610838939494
705,42608.0,42923.99642114456,42663.68640674938,42847.319534393166,42938.04090487176,-152.0,-14.275516794234136,-119.78860527133656,-3.591702009016444,4.1434113432515005
706,42816.0,42909.26212804824,42837.01974112043,42963.387599580725,42958.6863614586,464.0,-15.029076674989483,411.6469260099875,189.76186497792878,27.77977465976801
707,43536.0,42893.93826779458,43486.980258769356,43226.84326434902,42993.6004541913,296.0,-15.469146152616304,271.64692545889193,108.87729694280279,7.7941154422660475
708,43408.0,42878.32383574301,43380.31359203821,43181.14219346633,42974.27459234313,-384.0,-15.590674472387036,-348.9215795475611,-159.12997414952042,-41.01213223101513
709,42768.0,42862.75691884981,42789.13709967423,42908.58331604998,42911.57618972927,-416.0,-15.3271282503556,-381.66812098534865,-202.2672193913604,-55.51959312739564
710,42576.0,42847.6695792423,42616.977350067515,42776.60775468361,42863.23540608834,48.0,-14.567067004441924,32.72700073083979,-31.671684024568094,-33.97901333651316
711,42864.0,42833.622784840925,42854.59110113591,42845.239948000846,42843.61816305624,224.0,-13.189407595302328,190.56925674796003,59.25216731765977,-20.636334879283822
712,43024.0,42821.29076405169,42998.115863563435,42895.11208931893,42821.96273632977,16.0,-11.11099686345915,14.104080244687793,-14.5718140224526,-31.75728990998323
713,42896.0,42811.40079111401,42882.79926162529,42816.09631995594,42780.103583236276,-208.0,-8.329448525339103,-181.32029381169923,-118.9676093850212,-47.6539739316795
714,42608.0,42804.631867001015,42635.475275940036,42657.17687054889,42726.65478846641,-96.0,-4.955157874421275,-109.94760598505673,-134.33101413261102,-47.516055346546636
715,42704.0,42801.490475365164,42662.904049655175,42547.43429169072,42685.07147254318,-384.0,-1.2204822677995253,-359.3845658336868,-188.0254330128082,-42.529742296068434
716,41840.0,42802.190902465416,41916.70614427266,42281.12600452327,42641.595303874274,-160.0,2.538541413086932,-140.35394217474823,-45.74528490581724,-3.3964034751952568
717,42384.0,42806.56755819134,42382.19616530568,42455.943721879084,42678.27866559279,456.0,5.933008858410176,415.49119354167124,210.78957829536375,51.39729499815803
718,42752.0,42814.056920182236,42747.688531356005,42702.705161114,42744.38989387059,368.0,8.578945963865408,343.9350228303738,222.11401979190487,65.73072297132967
719,43120.0,42823.72545011907,43070.066210966426,42900.171761462894,42809.74011153545,72.0,10.168189451935177,72.70873444255267,87.5524810803472,49.837223241629545
720,42896.0,42834.39329908611,42893.10600024111,42877.81012327469,42844.06434035385,-240.0,10.535584941419074,-191.43020951978542,-31.45657655085961,31.727445836095285
721,42640.0,42844.79662000191,42687.205791926855,42837.258608361175,42873.19500320764,24.0,9.686071542801074,30.128751320036827,58.07778926707397,40.79041301417237
722,42944.0,42853.76544217171,42953.363502881184,42993.96570180884,42925.64516638219,344.0,7.794783875295252,312.9752253602346,181.6899443520815,51.53242149365906
723,43328.0,42860.3861877525,43313.156242647325,43200.63849706534,42976.25984619496,320.0,5.180534557031933,285.5739530027713,142.99204378917057,33.02767212251638
724,43584.0,42864.12651128577,43524.51140888673,43279.94978938718,42991.700510627226,-168.0,2.2440732072391256,-149.84939410801599,-72.71381298456981,-14.174310036371025
725,42992.0,42864.874334166976,43013.45745443129,43055.2108710962,42947.91122612222,-376.0,-0.5938685578694276,-340.00507751788973,-193.13348274288728,-45.993723198898806
726,42832.0,42862.938774170034,42844.50125385095,42893.68282390141,42899.71306422943,-80.0,-2.9526254376687575,-106.44993132562013,-130.68663524408475,-44.8125086813161
727,42832.0,42858.96908329164,42800.55759178005,42793.83760060803,42858.286208759586,-232.0,-4.552701226424688,-201.15570317063612,-118.92642298936698,-40.11254503186501
728,42368.0,42853.833371717184,42442.189847509675,42655.82997792267,42819.4879741657,24.0,-5.246810518456186,29.049671536096866,5.907366275980166,-16.223835885601147
729,42880.0,42848.475462254726,42858.656934852246,42805.65233315999,42825.83853698838,352.0,-5.010796138052683,293.28358334570294,112.64852181731112,3.642489672103693
730,43072.0,42843.81177944108,43028.75701420108,42881.127021557295,42826.772953509906,-56.0,-3.926876549481676,-46.114849645739014,-19.961800824046804,-11.326935802979278
731,42768.0,42840.62170915576,42766.42723556077,42765.728731511896,42803.184665382425,-320.0,-2.1675650505894737,-270.19360083647916,-116.5339242894479,-21.829054858364543
732,42432.0,42839.4766493399,42488.36981252812,42648.0591729784,42783.11484379318,16.0,0.04152553556923522,3.7916396079672268,-9.639972044296883,-2.514079399585171
733,42800.0,42840.7047602269,42774.0105147767,42746.4487874233,42798.156506583255,184.0,2.4505663547752192,155.69327613207497,71.61400815655725,14.949488119236776
734,42800.0,42844.37778204945,42799.75636479227,42791.287189291514,42813.01382003165,8.0,4.806429022366501,24.527673976943333,40.48199651396135,15.508004449980945
735,42816.0,42850.317618271634,42823.06586273059,42827.412780451225,42829.17251548322,64.0,6.870599212987145,58.638811591274134,41.83198138533044,16.8173212257243
736,42928.0,42858.118980475425,42917.03398797482,42874.951152062175,42846.6484624831,48.0,8.43654961086213,39.13806511834264,21.0139476420336,13.40837012404154
737,42912.0,42867.19071749336,42901.341992967275,42869.44067573529,42855.9892557313,-80.0,9.342856977047632,-68.98203017115884,-26.790138459236914,6.540256034761114
738,42768.0,42876.80469442952,42779.0699276325,42821.3708751437,42859.72897455262,-80.0,9.490921301865455,-66.92242717226327,-21.384363019737066,8.32616754895571
739,42752.0,42886.17256009709,42767.49713862275,42826.67194969582,42872.64159082921,72.0,8.859276844828855,65.91290410398142,42.63704940002208,18.944695818048785
740,42912.0,42894.52324811918,42910.895735840466,42906.644973943745,42897.61836618872,160.0,7.511699398881319,137.8772764200403,77.29551121979966,24.25769366894383
741,43072.0,42901.19595889485,43043.25169146283,42981.26297213542,42921.1569781671,-32.0,5.599683352840657,-11.385587063494313,29.24948425938055,15.996460886733985
742,42848.0,42905.72261482486,42888.12456171348,42965.143942462506,42929.61128796219,32.0,3.357742998701724,45.49567881804978,42.45294155833835,12.534874193199357
743,43136.0,42907.911444892256,43134.24304909893,43066.16885525209,42946.2267265535,288.0,1.0814567696252197,237.3337328800808,66.1093404156345,7.126774918982846
744,43424.0,42907.88552836411,43362.79202747364,43097.362623293775,42943.86483780015,-336.0,-0.9255145084425749,-298.40637243130186,-132.12492031142756,-26.368646863335016
745,42464.0,42906.06041587537,42537.430304236324,42801.91901462924,42893.48943282683,-240.0,-2.396164718302316,-237.29471388148522,-126.48410134991718,-28.90093333198456
746,42944.0,42903.093198927505,42888.20259971067,42844.39442059394,42886.06297113618,88.0,-3.1377164222903957,71.785294027708,-7.327383738327626,-10.323313133834745
747,42640.0,42899.78498303079,42681.00089229174,42787.26424715258,42872.84280655916,-32.0,-3.074359657308378,-2.1972459602438903,16.501950134934305,-1.5780242490654928
748,42880.0,42896.94447961289,42883.80810779018,42877.39832086381,42882.90692263805,272.0,-2.2624438290586113,221.84775444932893,88.8332341431269,10.2094622107943
749,43184.0,42895.26009537267,43124.6964011904,42964.93071543884,42893.26173098075,-72.0,-0.8706820544466609,-55.629700647783466,-22.0022477055536,-4.182105108269752
750,42736.0,42895.203115503995,42772.548706494614,42833.3938254527,42874.54271242151,-192.0,0.8490822587737057,-169.4041622227087,-82.83997725978043,-11.79188293815605
751,42800.0,42896.95825989022,42785.88807674498,42799.250760919276,42869.677965104434,-56.0,2.6145103247472434,-57.22024602473539,-34.51768407379495,-1.3808490618575888
752,42624.0,42900.43213615349,42658.10821444514,42764.35845730511,42871.7810142978,40.0,4.178029171336675,42.76120992586584,35.286925038399204,14.492099908256932
753,42880.0,42905.31431823289,42871.41049659671,42869.824610996075,42898.66216492095,192.0,5.374781464743137,170.35476513512185,100.3784591889962,27.81425886919169
754,43008.0,42911.181699082976,42998.81774471539,42965.115375683105,42927.40953203618,72.0,6.151842171086173,81.49597169561821,73.84845252858577,24.7178437170478
755,43024.0,42917.618002575065,43034.40243998795,43017.521516053246,42948.097852355044,104.0,6.569129877650994,87.5968952123003,49.1668983967611,16.893212936611235
756,43216.0,42924.31995883828,43174.01153513999,43063.44917247663,42961.195957909404,-80.0,6.765777546337631,-70.33322914801465,-30.34775733830611,0.35790344983252
757,42864.0,42931.14955766774,42893.73598169192,42956.826001376634,42948.81365925471,-160.0,6.902723125178454,-131.59564498848704,-60.21017041167215,-8.141615691962215
758,42896.0,42938.125405088635,42910.82024516301,42943.02883165328,42944.91272652548,128.0,7.104673625563009,91.18548928617383,9.717246103289654,-1.455296402953536
759,43120.0,42945.35890491887,43076.10696026427,42976.26049358321,42945.9030664488,-56.0,7.409293239321414,-54.178483577401494,-38.63809127846616,-7.714506754240574
760,42784.0,42952.94399156728,42802.46327800821,42865.75264909635,42929.483713017,-224.0,7.734087332122726,-181.3272922150063,-69.63151993868814,-9.145167780949123
761,42672.0,42960.82707958311,42713.452375834255,42836.99745370584,42927.6127308869,136.0,7.8905252409713285,118.25097699730759,53.74353146240537,10.909654414248507
762,43056.0,42968.72504204922,43038.965232002825,42973.23971202116,42951.303021845495,288.0,7.635346154871513,240.33901618269374,94.86211432590062,18.455442050864804
763,43248.0,42976.097771892855,43194.13040819964,43026.72168235764,42964.52361498863,-184.0,6.734055932447518,-158.30607890472675,-57.15718848470351,-0.9532261074309645
764,42688.0,42982.193153914115,42722.35307419337,42858.925335051754,42949.39656963063,-304.0,5.032078603286209,-255.88866693965247,-82.33367978000388,-2.057216876466555
765,42640.0,42986.16192909943,42682.35307432034,42862.05432279763,42960.4091812357,248.0,2.5088328285237367,222.80036565765113,114.15614914469188,27.033070666853746
766,43184.0,42987.21081957116,43167.953805508674,43087.23763334114,43003.46271096434,392.0,-0.6977832466109248,354.3347648026793,176.80212721407588,34.026665276855056
767,43424.0,42984.766362606206,43391.022603925696,43215.65857722578,43028.46251178941,64.0,-4.310234617882088,58.18181804551932,24.250232497532124,5.222926414538961
768,43312.0,42978.5903503354,43284.31744159971,43135.7380983362,43013.90856379342,-416.0,-7.966652328053897,-370.732959846071,-168.05142972147587,-29.45851980631778
769,42592.0,42968.8330579501,42649.556684233554,42879.55571778283,42969.545472176775,-232.0,-11.295215892496344,-221.36233067974172,-112.4045216619561,-25.485818007804482
770,42848.0,42955.999918550406,42841.59278024023,42910.92905501229,42962.93692777781,176.0,-13.9776763840091,159.99999720782944,62.837864735600306,-0.8616980100778164
771,42944.0,42940.87770518208,42969.55667864921,43005.23144725403,42967.82207615662,336.0,-15.802731110601599,300.8505406403674,124.91811586875701,6.076252186641796
772,43520.0,42924.3944563292,43443.293861520964,43160.7652867498,42975.08943215109,-56.0,-16.691440541882912,-49.33113969218539,-24.08351712932199,-19.97817239797223
773,42832.0,42907.494824098314,42870.89439926484,42957.06441299539,42927.865731360675,-320.0,-16.683615720834496,-283.49308474847567,-141.16866725672298,-42.43041422238093
774,42880.0,42891.02722488753,42876.30769202401,42878.42795223636,42890.22860370633,24.0,-15.896855412418518,-13.048247120757878,-79.4224846408506,-37.12569746902955
775,42880.0,42875.70111327348,42844.797905023326,42798.219443713686,42853.614336422615,-264.0,-14.501189737409732,-227.91411069421156,-121.09878666582881,-37.93355046258512
776,42352.0,42862.024845412714,42420.47947063559,42636.2303789047,42814.36150278116,-80.0,-12.689291483777197,-61.5272323996287,-19.873875356632198,-16.134758502397744
777,42720.0,42850.32253030592,42721.74344022407,42758.47169300042,42821.34481941782,360.0,-10.63618271274754,309.9811707088011,141.47716059593222,12.050557607552037
778,43072.0,42840.75247998722,43040.44181205319,42919.184700096564,42838.462617996265,176.0,-8.493530153376923,160.9074320950749,84.30535714442158,5.440929478256294
779,43072.0,42833.33546999917,43043.55830441422,42927.082407289265,42832.22667837433,-160.0,-6.390544188030617,-139.09198556789124,-64.56108916267112,-18.224605703213456
780,42752.0,42827.97139161116,42762.25784091741,42790.06252177122,42802.01340658984,-264.0,-4.427354754607222,-230.01125890975527,-117.98862463242403,-27.712601455004915
781,42544.0,42824.480760489954,42583.53578659471,42691.10515802442,42776.80147546432,48.0,-2.673670217711333,18.956878650828003,-25.40478473460462,-13.57185735229723
782,42848.0,42822.624051175735,42800.171598219065,42739.25295230201,42774.869691885244,-32.0,-1.1685816082353995,-22.506197280326887,-6.225729571393458,-5.588298984817811
783,42480.0,42822.14359727348,42538.523392034054,42678.65369888163,42765.62487749469,16.0,0.07635800442585605,30.96875398524935,38.72759602043152,5.036429484182008
784,42880.0,42822.77676718459,42862.109106189564,42816.708144342876,42784.94255085361,280.0,1.0854627537628403,234.13124510334092,106.40851763268074,14.564800901596755
785,43040.0,42824.31452278101,43006.785882240736,42891.47073414699,42794.75447929788,-40.0,1.9083063301695802,-21.393812745140167,0.4979568776107044,-2.4503475908350083
786,42800.0,42826.593379844926,42819.321480699284,42817.7040580981,42780.04185567194,-88.0,2.6067815521382727,-90.85699804505202,-64.91464699984499,-15.71053084234154
787,42864.0,42829.528085885286,42825.07188615063,42761.6414401473,42763.3334176132,-224.0,3.243104568024137,-201.68222087803588,-107.24189787714204,-21.741767178082227
788,42352.0,42833.079588980974,42415.95703894321,42603.22026234381,42736.55832131577,-96.0,3.846173426067253,-76.53759540883038,-32.81104663158112,-7.547180231635139
789,42672.0,42837.22043273742,42671.99669533297,42696.01934688414,42748.23905714993,304.0,4.408363823295076,256.02313305463394,104.80875798239504,15.492688691647345
790,42960.0,42841.896316627564,42928.00330505248,42812.8377783086,42767.54369869907,112.0,4.884184983253363,96.02313498190779,43.23732057876259,9.681826484098565
791,42896.0,42846.98880270393,42864.04296529679,42782.493988041664,42767.602710118124,-328.0,5.19561534217064,-273.6485832969738,-87.09679624610362,-6.360853075038904
792,42304.0,42852.287547311906,42380.70613845853,42638.644185816396,42754.82199254899,32.0,5.254857049058046,36.801982271827,23.47229068292654,9.760382058313553
793,42960.0,42857.49851680204,42937.64692984044,42829.43856940752,42787.12347423475,424.0,4.985567820465803,358.4703937919403,125.51366829487597,23.657655397499184
794,43152.0,42862.25868295284,43097.64692604241,42889.67152240615,42802.13730334399,-248.0,4.354818262552726,-213.66036969230117,-70.93128579829136,-2.4793057235619926
795,42464.0,42866.20815332715,42510.32619045584,42687.575997810934,42782.16486278763,-296.0,3.4003826446496532,-253.79478720104817,-90.30752568975004,-4.064197416977549
796,42560.0,42869.05944824214,42590.05735164032,42709.05647102665,42794.00890851003,272.0,2.233638268793584,230.0179193860531,96.00870872903761,23.54449114790623
797,43008.0,42870.675429864736,42970.362029227945,42879.59341526901,42829.25384508344,208.0,1.0239424716564827,192.11482372735918,106.33365187687014,26.30762882757699
798,42976.0,42871.10733318545,42974.286999095035,42921.72377478039,42846.62416616519,-16.0,-0.017157216407213127,-4.640034657732031,14.992246901576436,10.901529390004725
799,42976.0,42870.64111543192,42961.08195991248,42909.57790907216,42851.05690386345,-96.0,-0.6743055093611474,-87.79523962016174,-45.35691117215174,-1.8144171085623384
800,42784.0,42869.75872216673,42798.69651985471,42831.009952436085,42842.99533194806,-88.0,-0.7930703877464111,-88.90284078419427,-55.06298041803166,-5.111805317981634
801,42800.0,42869.05497465643,42783.27627834409,42799.4519482361,42840.833293227486,-120.0,-0.3024573229413363,-99.03884979015129,-31.832030081932317,-0.12037405920636957
802,42544.0,42869.153807520845,42600.61882027441,42767.34589227222,42842.75458382965,184.0,0.7587198212240764,172.51865692478532,79.56689017222743,16.85901979364644
803,43168.0,42870.57241429888,43128.31359219366,42958.585728580554,42874.55133281478,304.0,2.235381711343507,257.18071926514676,86.53270059861461,17.12431562587153
804,43152.0,42873.62457094353,43114.9802588047,42940.41129346945,42877.00321508139,-392.0,3.8817801590557792,-340.313592221577,-123.96878837637996,-11.297956979320588
805,42384.0,42878.33597461699,42447.68640775051,42710.648151827794,42851.95541885614,-232.0,5.395913808803016,-206.98025944553592,-66.43906572776177,-1.6500252824444033
806,42688.0,42884.41639856114,42701.01973991363,42807.533162013926,42873.703164516504,512.0,6.4771977998825605,441.8037229100373,156.65159119309828,31.03290388618916
807,43408.0,42891.29037021675,43331.29385357058,43023.95133421399,42914.021226628516,-56.0,6.877807812641549,-24.53458814347323,24.393839307056624,15.619123443440913
808,42576.0,42898.17201418642,42651.950563626684,42856.32084062804,42904.941411403386,-168.0,6.4422494556129095,-151.68419333587735,-27.470073271928413,7.367255345034209
809,43072.0,42904.17486912798,43027.92546689883,42969.011187670134,42928.755737318585,184.0,5.12920575417229,155.60223776628482,61.19594087715814,16.65211278113202
810,42944.0,42908.430425694765,42963.155039159254,42978.712722382355,42938.24563696565,24.0,3.0168125973650604,31.00476805670405,27.057895903395547,9.202181495347759
811,43120.0,42910.20849432271,43089.93500301224,43023.126979476925,42947.16010030928,-32.0,0.27661059840465896,-23.545021085825283,-4.022253166964219,0.2724683590931818
812,42880.0,42908.983646891575,42916.0649969876,42970.66821604843,42938.79057368384,16.0,-2.857392286463437,6.454978913370724,-7.124655404284567,-5.429997941253532
813,43152.0,42904.49370974978,43102.84496083898,43008.877668668356,42936.30010442677,-72.0,-6.126292181845201,-58.99523195375514,-33.35171304589676,-13.275464035723417
814,42736.0,42896.731062527884,42798.07453308009,42903.96478995663,42912.23964561239,16.0,-9.284957365234732,5.60223764159673,-20.93048373340207,-15.248476533764915
815,43184.0,42885.92379501931,43114.04943612217,42967.01670120155,42905.80315135924,-56.0,-12.12222252463107,-62.32635258157825,-45.439738154305815,-20.346336685182905
816,42624.0,42872.48661747862,42673.421827916936,42813.08531364802,42871.546972242024,-208.0,-14.440807170467451,-164.97003238603793,-59.38873072951901,-21.87883050511664
817,42768.0,42857.04218067838,42784.109371350096,42848.239239742514,42862.04549034901,224.0,-16.05607163098466,191.23440018363908,75.27354596575242,-4.799207375563128
818,43072.0,42840.37447421665,43055.890628284214,42963.63240557953,42861.9485574909,224.0,-16.811084058812412,191.23439835520912,61.20936862677627,-10.599504983569204
819,43216.0,42823.42001256075,43166.578168060514,42970.657976996066,42840.84648038187,-192.0,-16.558026216032886,-183.9453107116533,-115.64544008542725,-39.85975308993511
820,42688.0,42807.25842178459,42688.00000686091,42732.34152540867,42782.22905131103,-560.0,-15.184040445699793,-496.936011663056,-216.1456888830544,-53.90597650528798
821,42096.0,42793.05193166935,42172.7061447344,42538.36659922996,42733.034527371296,208.0,-12.665079557380523,178.82345971659743,27.208373436260445,-17.342797571171104
822,43104.0,42781.928262669826,43045.6469262941,42786.75827228119,42747.543456168685,384.0,-9.09923049939971,336.47039041764583,89.77080919183209,-3.3138983941753395
823,42864.0,42774.853470670554,42845.646925569694,42717.90821761362,42726.406730582945,-432.0,-4.7311849341167544,-373.4953691440278,-141.8959458607569,-28.016389056592743
824,42240.0,42772.46589280159,42298.65618800605,42502.96638055968,42691.5106780555,-176.0,0.0408232310837775,-171.97980126533366,-83.45864677410282,-12.320518624666875
825,42512.0,42774.93511713272,42501.68732303903,42550.990924065416,42701.76569333361,176.0,4.705985167736799,151.46775022813017,67.52000553844482,19.743299944788305
826,42592.0,42781.877863137066,42601.59168846231,42638.00639163657,42730.997277945076,144.0,8.728282493455481,147.86280773483304,110.01866338943364,36.18144850871977
827,42800.0,42792.39168211963,42797.41293850869,42771.02825084428,42774.12859035105,208.0,11.621889732450654,182.88594258986632,118.53598462985974,41.83774192352939
828,43008.0,42805.12164260197,42967.36357364204,42875.07836089629,42814.672761792135,-64.0,13.044563097049831,-33.231496656466334,37.58929050014558,30.877809530687955
829,42672.0,42818.48080831373,42730.94994519576,42846.206831844574,42835.88420941243,56.0,12.883933042001445,58.33609753251585,58.231886870577,29.405658090912766
830,43120.0,42830.88950868597,43084.03576870707,42991.54213463744,42873.48407797396,208.0,11.254765120858792,173.26466704669292,81.10637011158906,25.274072460233583
831,43088.0,42840.99033855545,43077.479279289146,43008.41957206775,42886.432354332894,-80.0,8.473975056454947,-59.16009297220444,-22.912776535817102,2.869894075574848
832,42960.0,42847.83745879888,42965.71558276266,42945.71658156581,42879.22386612511,-72.0,5.009353204899526,-83.18578271315346,-69.84469971903673,-11.247294901524583
833,42944.0,42851.00904496525,42911.10771386284,42868.73017262968,42863.937764529845,-256.0,1.3712093891990662,-228.34792147433473,-114.62132262128944,-19.289213368774654
834,42448.0,42850.57987757728,42509.01973981399,42716.47393632323,42840.64543938756,-112.0,-1.9797518650157144,-87.71065309019468,-18.019268144835223,-3.6600531729054637
835,42720.0,42847.04954123522,42735.68640768245,42832.69163634001,42856.617658184034,480.0,-4.699298173665738,412.82402766917585,172.56351818678013,22.803101705674635
836,43408.0,42841.18128122995,43334.667795152345,43061.60097269679,42886.25164279891,128.0,-6.615736482635839,124.59504184315301,55.70982270517561,3.5465667548232886
837,42976.0,42833.818068269946,42984.876491368756,42944.11128175036,42863.71079169368,-352.0,-7.719607642964547,-305.408846939823,-133.43405007124602,-28.155311520546093
838,42704.0,42825.74206594402,42723.8501012727,42794.7328725543,42829.94101975782,-168.0,-8.121279184644663,-161.77588373254912,-104.01197291891731,-27.47272094797154
839,42640.0,42817.57550990066,42661.32472390366,42736.087335912525,42808.76534979774,80.0,-7.999308468952222,44.0982421492663,-10.601868685513182,-12.737402470196685
840,42864.0,42809.74344900611,42812.04658557123,42773.52913518327,42804.466214817425,-136.0,-7.5279830365252565,-109.04521047628805,-7.793633137614961,-7.2758242394374975
841,42368.0,42802.519543827606,42443.23430295108,42720.500069637295,42794.21370131886,272.0,-6.806281566168764,262.37319022658994,123.22096927267557,11.058171567376121
842,43408.0,42796.130885873776,43336.79296602441,43019.97107372862,42826.58255795218,312.0,-5.837528698841197,282.5095351040618,105.45654095563441,3.2979845309273514
843,42992.0,42790.84448642992,43008.253373159205,42931.413151548564,42800.80967038072,-272.0,-4.526302527414373,-247.27272706916847,-118.85134640577962,-35.33240405242395
844,42864.0,42787.07828081895,42842.247511886075,42782.26838091706,42755.91774984733,-344.0,-2.7050339817906206,-317.4795723183015,-190.010580172966,-50.2960330410242
845,42304.0,42785.43441846634,42373.2942285226,42551.39199120263,42700.21760429867,-56.0,-0.1928123079269426,-79.77087027492598,-107.18039411311474,-35.889265333724325
846,42752.0,42786.69265620309,42682.70577133622,42567.90759269083,42684.13921917988,-192.0,3.1332762949059543,-188.29403982143776,-75.5306021663855,-19.471424159797607
847,41920.0,42791.700971056154,41996.706148879726,42400.33078686986,42661.27475597907,144.0,7.265221599194774,145.5383260580893,72.58858761396186,14.199274598147895
848,43040.0,42801.22309940148,42973.7824234524,42713.08476791876,42712.537768376176,376.0,12.028397777634382,349.215627034886,149.29636500827473,34.88990081591328
849,42672.0,42815.75776661142,42695.1374029495,42698.92351688641,42731.0545576109,-208.0,17.06495891409577,-162.9580057554267,-0.6994925891376624,21.46951711527072
850,42624.0,42835.353017229674,42647.86641194155,42711.68578274048,42755.47680260672,80.0,21.871874025957368,72.06106869977157,56.60515722430864,30.99608512614941
851,42832.0,42859.50151466334,42839.25954034904,42812.13383133503,42793.0467278632,272.0,25.86198320313997,227.690830152711,90.51496426205995,35.62226164964159
852,43168.0,42887.076983635954,43103.24807224697,42892.7157112646,42826.721325906,-168.0,28.451202714382816,-154.4532328959649,-57.0602644381288,16.61066433810265
853,42496.0,42916.4039200921,42530.35307455711,42698.01330245877,42826.268056539404,-360.0,29.175562603290018,-306.4474988755719,-93.69575757644634,16.060133460374345
854,42448.0,42945.428108842534,42490.353074495826,42705.32419611171,42858.84159282675,248.0,27.773421195051924,229.7238434866449,135.97299170879705,53.11561592868384
855,42992.0,42971.95076248221,42989.8007615304,42969.959285876364,42932.49928839677,464.0,24.23561841582341,430.49302361778973,253.61473270284114,70.68265998985953
856,43376.0,42993.89934567418,43351.339121731406,43212.55366151739,43000.20691280647,248.0,18.82376769322218,238.23396885804686,160.87120639971909,48.91797005002081
857,43488.0,43009.59829786865,43466.268699246495,43291.7016986758,43030.33522849681,8.0,12.021803672905662,6.273073747579474,-19.00111350368752,7.245077115185268
858,43392.0,43017.94295301999,43363.885269226565,43174.55143451002,43014.69706703684,-544.0,4.452392949770001,-494.7812764540322,-225.87454691077437,-34.50330810813102
859,42400.0,43018.50308376819,42476.70614633843,42839.952604854254,42961.32861228055,-192.0,-3.2114477021750645,-197.1069288429826,-114.62252722863559,-25.30202414226369
860,43008.0,43011.52005761564,42969.6714115406,42945.306380052745,42964.09301875231,272.0,-10.352203064408968,246.60505311909583,74.0069652248676,0.5690574093787291
861,42944.0,42997.79867763937,42969.91625257662,42987.96653530399,42962.46672709931,136.0,-16.471874179591396,129.82610391912021,64.64342290323839,-0.7029552980384324
862,43280.0,42978.57630925646,43229.32361937884,43074.59322585922,42962.687108156235,24.0,-21.20613545882952,6.025463696398219,-16.076696515156073,-15.645263535265258
863,42992.0,42955.386406721715,42981.96717996942,42955.81314227368,42931.17620002878,-352.0,-24.32525026489384,-297.5205395623161,-136.87351244871024,-34.552098126012424
864,42576.0,42929.92580872667,42634.28254025421,42800.8462009618,42893.58291190421,-56.0,-25.710784449081984,-56.27193844418434,-42.54384083097466,-21.71414252935938
865,42880.0,42903.96483782355,42869.42330308105,42870.72546061173,42887.74791497006,224.0,-25.326070581930253,182.25727823207853,65.2419899557899,-5.447601185649546
866,43024.0,42879.27366756281,42998.797096718365,42931.33018087338,42882.68770953291,-16.0,-23.213962815447303,3.3592772291449364,14.269810698340734,-12.125819960503577
867,42848.0,42857.536912192656,42876.14185753934,42899.26508200841,42863.49627504905,24.0,-19.51321716836901,18.05404851768617,-6.432557860764064,-18.41662073140469
868,43072.0,42840.24723322607,43034.90519375374,42918.46506515185,42845.8544680701,-8.0,-14.49016398367894,-26.710695016914542,-57.56748428062565,-28.949083575444092
869,42832.0,42828.5565842253,42822.72046750551,42784.13011344716,42805.598107898164,-288.0,-8.55799002619824,-258.58238872067886,-158.26989498112016,-41.57645477703045
870,42496.0,42823.13125317368,42517.74041631238,42601.92527518961,42762.70155851604,-208.0,-2.2713888681137178,-196.27796963125365,-129.24220066273483,-29.56147145632349
871,42416.0,42824.01380648907,42430.164528243,42525.64571212169,42746.47516498552,-8.0,3.7364187875900825,-16.753246854335885,-21.456707007077057,0.29736471875730786
872,42480.0,42830.60409074886,42484.23392260371,42559.01186117546,42763.296287953555,72.0,8.852417018493725,75.23900737924487,72.87207964149638,30.985937365712743
873,42560.0,42841.71864052606,42580.64254300149,42671.38987140468,42808.44703971694,200.0,12.594959310114064,199.62133540523791,168.07294593156257,57.57310374923327
874,42880.0,42855.794009369085,42883.47659341418,42895.157753038584,42878.44249545202,336.0,14.746215699928143,320.2170174836283,231.34675815319497,69.91758050768112
875,43232.0,42871.211071925914,43221.07657796875,43134.08338771107,42948.282200732305,304.0,15.41326996744101,282.98287439831256,189.96732852802234,55.653815316898545
876,43488.0,42886.62054930397,43449.44234221081,43275.09241009463,42989.75012608582,32.0,15.010680898467399,35.57747529612243,34.55522743087204,16.555431657805457
877,43296.0,42901.23243372285,43292.231528560995,43203.193842572815,42981.393064047916,-192.0,14.194351667902083,-176.0531708448434,-118.30164623540259,-24.08740883550854
878,43104.0,42915.00925263977,43097.33600052112,43038.48911762382,42941.5753084148,-224.0,13.711406829050247,-228.2155254342615,-197.4601661370798,-47.93899021237303
879,42848.0,42928.65524738095,42835.80047769247,42808.273510298655,42885.51508362317,-440.0,14.240043679561495,-408.05749031501546,-250.07885217584408,-54.18447061047118
880,42224.0,42943.489339998894,42281.22101989109,42538.331413272135,42833.20636719386,-192.0,16.263481011228578,-182.95000239717046,-112.77639039045607,-21.848398069621908
881,42464.0,42961.18220940341,42469.90047289813,42582.72072951774,42841.818287483926,240.0,19.99053685119725,218.1818174977052,103.74968100448314,27.50283466426481
882,42704.0,42983.47041370129,42717.5846548865,42745.8307752811,42888.21203652239,352.0,25.333521680469858,318.079758999007,184.02543340391276,55.604350864585285
883,43168.0,43011.84925276435,43106.059990896145,42950.77159632557,42953.0269892131,64.0,31.919502204633318,76.30298791226596,96.32661920724786,54.066302151361015
884,42832.0,43047.309418110555,42870.19063071103,42938.4840136956,42996.34464082511,-80.0,39.14374042878262,-44.91620662994683,40.95442421782718,51.53488365326848
885,43008.0,43090.13673362191,43016.22757763625,43032.68044476122,43056.09675651963,224.0,46.227151768282056,187.17483510648526,106.53665344623369,62.1569535205017
886,43280.0,43139.76372164712,43244.540300924,43151.557320588065,43120.658547866115,48.0,52.24513834233221,51.01422790776269,54.655536120873876,56.59471873979055
887,43104.0,43194.627010306576,43118.25603345178,43141.99151700297,43169.286193999214,-80.0,56.129543118287984,-55.00410021335483,9.42995491639158,51.89195583305991
888,43120.0,43252.022807883695,43134.532100497294,43170.41723042085,43224.442459532234,112.0,56.68646955694203,88.93656953199752,53.6343286283045,60.378388509630895
889,43328.0,43307.99994942046,43296.12917251577,43249.26017425958,43290.042971018476,-8.0,52.67332290705599,2.2429345973287127,39.473030968521925,63.70266003716824
890,43104.0,43357.36945369781,43139.01796969195,43249.36329235789,43351.84777960657,0.0,42.89527379400897,17.97864563591793,72.784764277254,74.19719756842096
891,43328.0,43393.79049700848,43332.08646378761,43394.82970281409,43438.43736615532,224.0,26.40673541970682,213.5008130336828,178.88126186324007,92.11145485651286
892,43552.0,43410.18292453722,43566.01959575932,43607.12581608437,43536.0706893196,320.0,2.785574958717916,304.03111076827554,239.85902131246985,96.83685763026006
893,43968.0,43399.361646925914,43940.14868532416,43874.54774543903,43632.11108141584,240.0,-27.613236005490762,234.87251618565278,220.69580207416948,79.24594616703325
894,44032.0,43354.95645252624,44035.76462813062,44048.51742023271,43694.56258165366,88.0,-63.43593905056696,114.43908345956879,182.22838491003859,45.579629320505774
895,44144.0,43272.48976882478,44169.026852243296,44239.004515259105,43723.27034005685,416.0,-102.24357939316906,392.27448195485704,237.98935265594628,7.671275406031782
896,44864.0,43150.4692937399,44820.31359204034,44524.4961255446,43709.90513246573,328.0,-140.6137362072186,298.9767033730204,115.73967305779661,-71.06995096783794
897,44800.0,42991.26229641034,44766.98025898934,44470.4838613747,43581.130438121174,-392.0,-174.46879857555905,-370.15679657928195,-222.25034664516352,-189.71817243849364
898,44080.0,42801.53169658878,44079.99999888177,44079.995432254276,43330.46878758874,-608.0,-199.57972375506506,-591.4901290318339,-443.24059049261996,-288.13821115300016
899,43584.0,42592.10284890021,43584.00000092567,43584.00268038946,43004.85401581517,-784.0,-212.19825075273184,-783.9999995584512,-783.9979850726086,-409.2461101298977
900,42512.0,42377.13519508332,42511.99999976487,42511.99946210906,42511.976567328944,-1136.0,-209.7013403772835,-1136.0000004358844,-1136.001289793403,-583.1885581582392
901,41312.0,42172.700168145646,41312.0000000539,41312.00010080265,41838.476899498695,-1176.0,-191.09729636117117,-1155.7550381642614,-1038.4035905940618,-502.191845669764
902,40160.0,41994.94060236098,40200.48992343635,40435.192280920935,41507.592875989416,-552.0,-157.30198589084466,-545.0707945747854,-492.57313310027166,-263.5043797098115
903,40208.0,41858.09619636396,40221.85841090433,40326.85383460211,41311.46814007907,136.0,-111.11253832386137,90.66054198964412,-48.91152901776877,-140.95132890638706
904,40432.0,41772.715525713254,40381.811007415636,40337.3692228854,41225.69021817664,-112.0,-56.86097734640498,-90.99236641051539,-36.8000002740082,-46.09341099359881
905,39984.0,41744.37424167115,40039.8736780833,40253.25383405409,41219.281318091875,-96.0,0.18271854173508473,-62.56893891585423,50.5115281957369,55.35516581982665
906,40240.0,41773.080962796725,40256.67312958393,40438.39227927687,41336.400549816295,584.0,54.541672886542074,556.0631609068078,449.3731136723982,171.9392592152326
907,41152.0,41853.45758744423,41151.999999896914,41152.00006139889,41563.15983652234,736.0,101.27394993963026,718.3496541149616,599.5487221435287,247.3172785321658
908,41712.0,41975.628862675985,41693.37243781385,41637.48972356393,41831.03510688063,360.0,136.6002780639974,369.3137811822053,397.25508581375107,273.82702570231777
909,41872.0,42126.658143572226,41890.627562261325,41946.51023302639,42110.813887926975,624.0,158.30924327946195,619.3333332956972,596.3982970297002,291.7194754426964
910,42960.0,42292.24734923491,42932.039104405245,42830.28631762333,42414.47405776602,568.0,165.8953611835168,572.6666666285237,568.796572354564,276.38387272734326
911,43008.0,42458.44886593926,43035.96089551837,43084.10337773552,42663.58163338166,352.0,160.45325758406761,342.3885356211613,291.8687489799522,231.88665728472552
912,43664.0,42613.153864403044,43616.81617564757,43414.023815583234,42878.24737233547,248.0,144.34836657216147,246.27389145087727,204.93234563932856,175.3781075705847
913,43504.0,42747.14559908358,43528.50867842013,43493.968069014176,43014.33784852283,24.0,120.74898285934978,34.23589487319987,74.92828793802619,111.60736861349869
914,43712.0,42854.651830121744,43685.28796539397,43563.880391459286,43101.46210956247,48.0,93.13188376439939,23.219113943679986,-4.147481825242721,56.597366517762566
915,43600.0,42933.40936661238,43574.94690630749,43485.67310536369,43127.53258155836,-272.0,64.80068140065487,-235.60652754904368,-135.37073341374708,2.4471010738088808
916,43168.0,42984.25319292305,43214.07491029588,43293.13892463179,43106.356311710086,-120.0,38.510127685480256,-130.49744453219319,-129.96471841600578,-24.2584542627701
917,43360.0,43010.42962198334,43313.9520172431,43225.74366853168,43079.015673032816,-120.0,16.241244829125208,-130.36280683726,-134.5234218342739,-41.389855025627185
918,42928.0,43016.735682581304,42953.34929662136,43024.092080963244,43023.57660165883,-264.0,-0.88661813858198,-233.8562375149486,-153.6055470868123,-50.66024129104335
919,42832.0,43008.65638570618,42846.2395422132,42918.532574358054,42977.69519045073,-24.0,-12.561583322883962,-35.912043342152174,-62.29321942615934,-38.59665168556603
920,42880.0,42991.612515935536,42881.525209937055,42899.505642110926,42946.3832982877,56.0,-19.13200591250643,42.9117174091225,-9.274111191669363,-27.99272724864568
921,42944.0,42970.392373881165,42932.06297703145,42899.984351974716,42921.70973595344,-8.0,-21.416500747065584,-9.147347748355969,-21.529114148852386,-25.788075536587712
922,42864.0,42948.779514441405,42863.23051444034,42856.44741381322,42894.807147214524,-80.0,-20.489033100457164,-72.6798903893905,-47.313231254887796,-25.36223137818888
923,42784.0,42929.41430768025,42786.70319625267,42805.35788946494,42870.98527319706,-72.0,-17.486859554548573,-63.01133692434087,-40.410579615807364,-19.47261035761403
924,42720.0,42913.80579533231,42737.20784059166,42775.626254581606,42855.861926499296,56.0,-13.472343789588194,36.543847297325556,-1.9185075925270212,-8.330250372793671
925,42896.0,42902.469620101074,42859.79089084732,42801.520874279886,42854.32477245147,-72.0,-9.346294949147705,-58.462495507770655,-21.344943161780975,-3.62091542525377
926,42576.0,42895.11320543401,42620.28284957612,42732.936368258044,42848.62009564879,-32.0,-5.803162242969847,-18.09379339057341,9.883678107184096,7.926327979756024
927,42832.0,42890.863295615134,42823.60330406617,42821.288230494254,42870.177428410985,192.0,-3.306548982520326,161.3369748209043,82.99597748333326,23.46620418274688
928,42960.0,42888.50010746897,42942.95679921793,42898.92832322471,42895.55250401428,32.0,-2.0793779401828942,34.13749124138485,47.104254342812055,22.152700804010237
929,42896.0,42886.70453973477,42891.87828654894,42915.49673917988,42914.482830019006,-104.0,-2.120357587660692,-71.6870799242788,26.31678554511018,19.8544675056728
930,42752.0,42884.25939229365,42799.58263936937,42951.56189431493,42935.26143902563,304.0,-3.24241984996479,272.3734164500711,135.84610229251484,29.94168095790519
931,43504.0,42880.21970003484,43436.62511944908,43187.18894376491,42974.366191934816,192.0,-5.0835914004310325,173.41221054234848,77.22152133243435,12.623062505928829
932,43136.0,42874.09220949279,43146.40706045407,43106.0049369798,42960.507564037485,-272.0,-7.1930699611439195,-238.18275672466552,-96.18153829520452,-22.63324969546011
933,42960.0,42865.83356011255,42960.25960599975,42994.8258671745,42929.099692543896,-208.0,-9.107680482946307,-184.84942445554043,-93.76613621805518,-32.952886866391054
934,42720.0,42855.876848526896,42776.70821154299,42918.47266454369,42894.6017903047,224.0,-10.412496876011573,185.51712468257756,22.88312964103534,-25.76781272395965
935,43408.0,42845.00856636053,43331.29385536491,43040.59212645657,42877.56406709598,-32.0,-10.836016042700066,-37.04032563680812,-61.5844748588388,-43.55951985392312
936,42656.0,42834.204816441495,42702.62756026937,42795.30371482601,42807.48275059686,-288.0,-10.296622237321571,-272.9607088898483,-175.6365542175481,-62.507178969281085
937,42832.0,42824.415321885885,42785.37243758521,42689.31901802147,42752.549709157414,-208.0,-8.914642692547204,-217.47057613605648,-177.3251877938019,-58.905555981571524
938,42240.0,42816.3755310564,42267.68640799726,42440.65333923841,42689.671638633714,-360.0,-6.975385755744355,-312.1763482237184,-148.33900916386483,-40.39448859201366
939,42112.0,42810.464550374396,42161.019741137774,42392.640999693744,42671.76073197339,216.0,-4.8676143199518265,196.3935151983169,92.3081603022074,10.077129938341386
940,42672.0,42806.6403024165,42660.47343839389,42625.26965984282,42709.8258985104,424.0,-3.0026882452657446,383.85941285662557,209.26349007048702,39.95646146253057
941,42960.0,42804.459173883864,42928.738566851025,42811.16797983472,42751.67365489845,104.0,-1.7219695868152485,111.95796271227664,111.48230990925367,31.431439132975356
942,42880.0,42803.19636324287,42884.389363818445,42848.23427966133,42772.68877677635,-32.0,-1.2276954411354382,-22.40238394034168,21.18343965728127,15.649560716716223
943,42896.0,42802.00378300159,42883.93379897034,42853.53485914928,42782.97277633188,-72.0,-1.5568899115714885,-60.78656999640589,-15.931990937409864,4.632638372124347
944,42736.0,42800.082583419724,42762.816223825634,42816.37029778651,42781.954053520596,16.0,-2.5877652232156834,12.963543983452837,3.020587530489138,1.2789798647463613
945,42928.0,42796.82825255516,42909.86088693725,42859.57603421026,42785.53073606137,72.0,-4.0824184276025335,56.3490977978654,8.99375352887364,-3.5467806561537145
946,42880.0,42791.91774656452,42875.514419421364,42834.35780484426,42774.86049220829,-56.0,-5.741562252689619,-56.77437040906079,-48.039326943875494,-15.927219242668798
947,42816.0,42785.34512804978,42796.312146119126,42763.49738032251,42753.676297576036,-200.0,-7.268757021265628,-177.64154270662402,-97.11173436048921,-24.300379753454763
948,42480.0,42777.38023252199,42520.23133400812,42640.13433612328,42726.25973270138,-88.0,-8.41660609541941,-74.92414207043475,-43.29587613759577,-15.103578239584749
949,42640.0,42768.511915858944,42646.463861978256,42676.905628047316,42723.469141096866,192.0,-9.01568013999713,158.55183786142516,55.2241059477019,1.3828654503304278
950,42864.0,42759.34887224199,42837.33500973097,42750.58254801868,42729.02546360204,72.0,-8.96722827116173,57.54619640755482,16.96819398070147,-1.1924043147264456
951,42784.0,42750.57745931662,42761.556254793366,42710.84201600872,42721.08433246741,-224.0,-8.231302299929666,-187.997480970771,-76.31952400559749,-11.086914511251962
952,42416.0,42742.886267642134,42461.340047789425,42597.94350000749,42706.851634579536,-88.0,-6.819393115423736,-73.51596805683221,-21.92676599749393,0.309883841095143
953,42608.0,42736.93867308577,42614.5243186797,42666.98848401373,42721.7041001496,208.0,-4.775420277135709,185.80586428879542,98.53922601311206,20.53767057754885
954,42832.0,42733.33542708786,42832.951776367016,42795.02195203371,42747.926975734634,256.0,-2.1676882113497413,223.18633952239543,109.54444403683738,22.01922437176472
955,43120.0,42732.603296663074,43060.89699772449,42886.077372087406,42765.74254889313,-72.0,0.8975384317964199,-67.56979002007574,-25.905893902607204,0.10270060315087903
956,42688.0,42735.130503951455,42697.812196326864,42743.2101642285,42748.132376940936,-376.0,4.259156781765341,-314.02381976331526,-115.26212574465899,-14.603553105145693
957,42368.0,42741.121610226604,42432.84935819786,42655.55312059809,42736.53544268284,304.0,7.700479404815269,260.7408274681875,56.11951666863388,6.829837876044621
958,43296.0,42750.531462761086,43219.29385126324,42855.449197565766,42761.792052693025,48.0,10.94790755277063,22.751858087809524,-20.379324249439378,-1.453787355163513
959,42464.0,42763.017425332146,42478.35307437348,42614.79447209921,42733.627867972515,-560.0,13.691135097895312,-490.47038833647457,-165.25748941694837,-14.682791321887635
960,42176.0,42777.91373295688,42238.35307459029,42524.93421873187,42732.42647004925,200.0,15.630113785216963,187.81352921429425,84.60685599859426,26.619925579201663
961,42864.0,42794.27765290258,42853.98013280207,42784.0081840964,42786.86771913092,504.0,16.520607202914107,449.47956617606906,219.07805741272387,50.58463503821258
962,43184.0,42810.954947362705,43137.31220694243,42963.09033355732,42833.595740125675,40.0,16.224645631253225,49.89310885251689,68.62731623958098,29.207808001039666
963,42944.0,42826.726944165086,42953.7663505071,42921.26281657556,42845.283335133,-152.0,14.741592939903057,-134.71410389980883,-53.196108693977294,6.7517617639714445
964,42880.0,42840.43813324251,42867.88399914281,42856.69811616936,42847.09926365362,-152.0,12.220408149685682,-146.46235565023017,-76.21564232151286,0.1708917033029138
965,42640.0,42851.16776046446,42660.84163920664,42768.831531932534,42845.6251185396,-128.0,8.951239156740485,-102.8341639029386,-23.45081827056856,8.807110812962492
966,42624.0,42858.34061155599,42662.21567133693,42809.796479628225,42864.71348527954,304.0,5.314842869101994,269.7798592754589,133.8631875098108,31.124041003920865
967,43248.0,42861.79744620266,43200.40135775756,43036.557906952155,42907.873200547445,232.0,1.7217592559027253,222.86500474791683,121.04038080000464,26.153375295270962
968,43088.0,42861.7841300678,43107.94568083277,43051.877241228234,42917.020235870084,8.0,-1.459769087479799,7.272727239054802,-2.7420451098078047,0.598047116145608
969,43264.0,42858.8779080277,43214.94681223567,43031.07381673254,42909.069294779736,-248.0,-3.961846344587684,-241.33435842242034,-137.26651612942442,-25.69747635136082
970,42592.0,42853.86043737862,42625.276963987926,42777.344208969385,42865.62528316736,-352.0,-5.6594017836177954,-320.2154773044458,-161.05750327845817,-29.762747454005876
971,42560.0,42847.559104460466,42574.51585762678,42708.95881017562,42849.543799871724,24.0,-6.57514524546059,21.818181772727257,6.094006294046267,-1.6042933020507917
972,42640.0,42840.7101468877,42668.91332753338,42789.53222155748,42862.41669656326,384.0,-6.834179940015019,339.13875915685276,155.33952216059333,23.993731519698485
973,43328.0,42833.890744580436,43252.793375940484,43019.63785449681,42897.53126291112,96.0,-6.6019513597020705,107.6722765261984,75.92456018773737,13.591129493415792
974,42832.0,42827.5062441683,42884.25788058578,42941.38134193295,42889.59895555009,-128.0,-6.038200283081096,-107.24609242583028,-23.565841597381223,-5.052359583525686
975,43072.0,42821.814344014274,43038.30119108882,42972.50617130205,42887.42654374407,0.0,-5.23057380094906,-14.450734052821645,-18.6220849798774,-11.40108461881755
976,42832.0,42817.0450965664,42855.356412480134,42904.1371719732,42866.79678631246,-88.0,-4.167270420373825,-66.16271620803309,-32.30041334225098,-18.889918115986802
977,42896.0,42813.479803173526,42905.97575867276,42907.905344617546,42849.646707512096,128.0,-2.7678123742625758,100.49813955643185,9.720844953120832,-19.467743424760556
978,43088.0,42811.50947181787,43056.352691593,42923.57886187944,42827.86129946294,8.0,-0.9321632476821833,-7.859609114781051,-66.53705179838653,-34.792343076009274
979,42912.0,42811.61547667816,42890.256540443195,42774.83124102077,42780.06202136008,-456.0,1.3956765195689513,-411.2756551729908,-217.33200034828042,-54.39617703485783
980,42176.0,42814.30082485701,42233.801381247016,42488.91486118288,42719.06894539322,-240.0,4.178132086919504,-230.98604672194415,-129.45894924645108,-33.83962869719471
981,42432.0,42819.971740852,42428.28444699931,42515.91334252787,42712.38276396569,200.0,7.258788388939138,175.90530074881462,68.95515260892353,7.33295677075148
982,42576.0,42828.81840163489,42585.611982744646,42626.825166400726,42733.734858934724,208.0,10.371556963349576,205.3874494685806,136.32440707321803,29.238837915771
983,42848.0,42840.7148547787,42839.05934593647,42788.56215667431,42770.86043979723,224.0,13.183153095094895,208.74409287417075,132.01806861073055,33.26860285236762
984,43024.0,42855.18470782508,43003.10016849299,42890.86130362219,42800.27206463946,72.0,15.369482446378242,59.54166502147564,35.72979875897363,18.225228074203187
985,42992.0,42871.45381967146,42958.14267597942,42860.021754192254,42807.31089594564,-296.0,16.666244418211136,-247.8206937839641,-96.82867233380603,-2.195623896543111
986,42432.0,42888.5171966615,42507.45878092506,42697.203958954575,42795.88081684637,-24.0,16.919554383319337,-39.81340926158737,-30.215815760391706,6.763961743057735
987,42944.0,42905.292928438095,42878.515857456245,42799.59012267147,42820.83881943175,48.0,16.115040802647854,43.63636381242759,30.181225052634545,18.799943556965445
988,42528.0,42920.7472782668,42594.731508549914,42757.566409059844,42833.480703960304,80.0,14.357534057133307,96.23220130046684,72.75949091829534,27.915919726568973
989,43104.0,42934.00799655236,43070.98026005718,42945.10910450806,42876.67065888489,320.0,11.845728530792258,264.7910443359142,108.09724770224784,31.823487868830853
990,43168.0,42944.43873532838,43124.31359722174,42973.76090446434,42897.127679697966,-304.0,8.833260002684256,-249.13706105668462,-68.46774781155182,6.913404797971452
991,42496.0,42951.67451655773,42572.70613794381,42808.17360888496,42890.49746848083,8.0,5.581718384197302,-7.729871861571155,-9.50049113690693,13.094662206909561
992,43184.0,42955.60217209678,43108.8538534986,42954.759922190526,42923.317004111785,96.0,2.344359854632785,84.10846968043916,31.966274400831026,19.785385836541536
993,42688.0,42956.363236266996,42740.92307730469,42872.10615768662,42930.068240153916,-152.0,-0.6446924973351997,-103.315389670468,9.399314339403645,18.85464804982621
994,42880.0,42954.312787102106,42902.223074157664,42973.55855086933,42961.02630021144,344.0,-3.175009393304208,296.3619244226211,148.23166861737627,35.009375068093505
995,43376.0,42950.01321748039,43333.64692614993,43168.56949492137,43000.0869902901,224.0,-5.068939136737754,195.7119259605788,91.29569151272881,20.265039593170513
996,43328.0,42944.17490882863,43293.64692607882,43156.14993389479,43001.55637939778,-288.0,-6.192083068413922,-244.1741975645309,-98.34459407918621,-14.852791922436154
997,42800.0,42937.62905134356,42845.29853102087,42971.880306763,42970.38140644523,-208.0,-6.45878217981226,-189.4469120661015,-98.32947375029471,-22.65590263028571
998,42912.0,42931.257344469006,42914.75310194662,42959.4909863942,42956.24457413721,104.0,-5.868004035772174,83.22008065886621,11.356172828309354,-11.924603601164563
999,43008.0,42925.893043272015,43011.7386923386,42994.59265241962,42946.5321992429,136.0,-4.531947724030033,115.67905208496086,28.397992235219135,-12.785764932159509
1000,43184.0,42922.193449020946,43146.11120611654,43016.28697086464,42930.67304427289,-48.0,-2.6899537548852095,-55.071455639361375,-62.16219612265559,-28.52550275636895
1001,42912.0,42920.513135762245,42901.59578105988,42870.26826017431,42889.481193730164,-336.0,-0.7022664719479508,-296.53651975727917,-166.88458060317498,-42.31779085621383
1002,42512.0,42920.78891607705,42553.03816660198,42682.51780965829,42846.03746256046,-136.0,1.0000814799896034,-143.3667814480068,-102.49154568687663,-26.741858041681553
1003,42640.0,42922.513298722224,42614.862218163864,42665.285168800554,42835.9974776468,-72.0,1.9884156783591607,-63.86485761879521,-4.590056457462197,-0.24011103132215794
1004,42368.0,42924.76574743377,42425.30845136439,42673.337696743365,42845.557240497816,280.0,1.9300636083025893,275.48285645051146,160.72137631449732,33.437624875907204
1005,43200.0,42926.37342593883,43165.82793106489,42986.72792142955,42902.872727398615,424.0,0.6703169903121307,391.16476859691466,206.75418540096143,42.45912327073165
1006,43216.0,42926.10638141439,43207.63798855822,43086.84606754529,42930.47548703928,0.0,-1.72497310511244,2.8444264899007976e-07,35.5411798883797,13.326533992625627
1007,43200.0,42922.923479728604,43165.82793163377,43057.81028120631,42929.525795383866,-280.0,-4.968473668810475,-245.78544361028253,-100.13064573582596,-14.473401886218198
1008,42656.0,42916.16943407677,42716.067101337656,42886.584776073636,42901.52868326684,-136.0,-8.598235492929234,-116.31027875317159,-55.9331170958576,-15.720677953682753
1009,42928.0,42905.727008742746,42933.20737412743,42945.94404701459,42898.0844394765,304.0,-12.083563875399705,243.1771434269358,68.33129444825317,-4.940021816513763
1010,43264.0,42892.00230632597,43202.42138819153,43023.24736497014,42891.648639633815,-40.0,-14.952039323929057,-38.679044978267484,-43.07299955937924,-25.05336786099724
1011,42848.0,42875.82293009489,42855.849284170894,42859.798047895834,42847.97770375451,-352.0,-16.868706986264442,-307.32568316614925,-157.5502931263909,-43.672050691584445
1012,42560.0,42858.26489235344,42587.77002185923,42708.14677871736,42804.304538250646,-144.0,-17.698877543320123,-129.22915301551257,-77.57787981979345,-31.457938591327547
1013,42560.0,42840.42517500825,42597.39097813987,42704.64228825625,42785.06182657185,280.0,-17.521166082478885,232.27178556607032,68.81665366701054,-7.989620350199402
1014,43120.0,42823.222560188486,43052.31359299137,42845.78008605138,42788.32529755025,104.0,-16.571009165563737,80.79464122225181,4.027840820828715,-13.320264144094836
1015,42768.0,42807.28315667712,42758.98026058437,42712.697969897905,42758.42129828366,-504.0,-15.149820592840115,-431.80372373404316,-160.73313120452804,-30.382934352401207
1016,42112.0,42792.922919002805,42188.70614552328,42524.313823642326,42727.559428845445,16.0,-13.551818870739226,16.985519511494203,17.77276556558718,-0.08389799594442593
1017,42800.0,42780.17951893564,42792.95129960736,42748.24350102908,42758.25350229177,528.0,-11.972239055063255,458.6444394136124,198.0514279012932,28.606748560916458
1018,43168.0,42768.97844089268,43105.99502435051,42920.41667944491,42784.77292596728,-24.0,-10.459002663959836,3.0188464956845564,48.38151813829245,7.3580699738704425
1019,42752.0,42759.26151360772,42798.98899259873,42845.006537305664,42772.96964223951,-88.0,-8.923292704628693,-72.06106875811383,-28.90687348641586,-10.754801615788892
1020,42992.0,42751.13185548342,42961.87288683428,42862.60293247208,42763.2633227357,48.0,-7.172870889884507,12.24832840694944,-47.10213859754367,-21.1431533670293
1021,42848.0,42744.91577182795,42823.48564941263,42750.80226011058,42730.683335505455,-352.0,-4.987543934334099,-307.4220613987345,-160.3995423062188,-38.44582045497373
1022,42288.0,42741.15676761475,42347.02876403681,42541.80384785964,42686.37168182575,-144.0,-2.197483432431909,-134.8499941515438,-82.0964883211127,-24.39306958841189
1023,42560.0,42740.52080496309,42553.78566110954,42586.60928346835,42681.89719632863,208.0,1.241264908992889,175.68520262045422,58.110077342880686,1.6203743193073024
1024,42704.0,42743.63929743274,42698.39916927772,42658.024002545404,42689.61243046437,136.0,5.20638941485231,116.60935455675644,48.4267203497584,6.995855658955406
1025,42832.0,42750.933583792794,42787.004370223054,42683.46272416787,42695.88890764654,-160.0,9.404897338561568,-136.37294793938054,-48.82991629360549,-0.5290774354944006
1026,42384.0,42762.44909210986,42425.65327339896,42560.36416995819,42688.55427559338,-192.0,13.41490459214765,-153.0847298293229,-34.916469230574876,7.8930817264990765
1027,42448.0,42777.76339297709,42480.83491056441,42613.62978570672,42711.67507109954,376.0,16.745867784313305,320.66349304459436,136.08050860188814,36.304549061143916
1028,43136.0,42795.94082767849,43066.98025948815,42832.52518716197,42761.163373715666,160.0,18.924849300878122,139.73934330738848,67.15799503623202,30.74647130190715
1029,42768.0,42815.613091578845,42760.313597179185,42747.94577577918,42773.168013703355,-440.0,19.599540708477434,-367.1370590759907,-94.60652349319207,12.263040672856732
1030,42256.0,42835.139909095444,42332.706141336166,42643.312140175585,42785.68945506138,192.0,18.601469623732555,172.89143720236098,89.0224344841954,39.00591411109053
1031,43152.0,42852.81603082631,43106.09647158391,42925.99064474757,42851.179841925536,384.0,15.986978618147987,348.942884465705,169.673826945771,50.44937896043848
1032,43024.0,42867.11386633174,43030.591910267576,42982.65979406713,42886.58821298226,-64.0,12.030262371383287,-42.5450099784357,35.99904635311759,28.53778170582882
1033,43024.0,42876.87655556908,43021.006451627036,42997.98873745381,42908.25540533719,-16.0,7.180984122813243,-24.553200505364657,2.3233121135854162,15.879962621798768
1034,42992.0,42881.475834577366,42981.48550925685,42987.3064182943,42918.348138225854,-120.0,1.9882572073292977,-92.09339608596929,-13.029110012361343,6.410139799951139
1035,42784.0,42880.853069983736,42836.8196594551,42971.930517429086,42921.075684937096,240.0,-2.993575910008076,208.74737481002376,78.58935784933055,9.581330958098988
1036,43472.0,42875.48868275735,43398.980258876894,43144.48513399296,42937.51080014205,136.0,-7.271386033724411,107.74696646997108,8.797183560353005,-10.289344787939626
1037,43056.0,42866.31029791629,43052.31359239504,42989.52488454979,42900.496995361216,-456.0,-10.477002406074462,-395.28893484095533,-188.1978071682679,-44.78895501277657
1038,42560.0,42854.5346779452,42608.402389194984,42768.08951965642,42847.9328901165,-176.0,-12.401439922436111,-171.70902689080685,-117.3906050651567,-38.1674607388959
1039,42704.0,42841.507418071415,42708.895538613426,42754.74367441948,42824.162073883424,168.0,-12.989226545214478,124.97084248558531,12.025991972794145,-17.762712538897176
1040,42896.0,42828.55622485477,42858.344074166154,42792.14150360201,42812.407465038705,-56.0,-12.320120160402439,-38.83109361651441,-14.531419016460859,-15.934235592787445
1041,42592.0,42816.86717775061,42631.2333513804,42725.68083638656,42792.29360269785,-48.0,-10.583625332441443,-30.943965883765486,0.37975097782327794,-10.099182205965917
1042,42800.0,42807.38897418989,42796.45614239862,42792.90100555766,42792.20910062677,168.0,-8.051068126034806,147.50350301133585,63.670671949927055,-0.4740470397337049
1043,42928.0,42800.76504149854,42926.24035740307,42853.02218028641,42791.34550861838,144.0,-5.044669766793959,120.98600201980662,22.632264871961524,-7.696316577472317
1044,43088.0,42797.2996346563,43038.42814643824,42838.16553530158,42776.81646747183,-272.0,-1.9148410313136992,-256.3926350351576,-139.77387733403884,-30.088217772965436
1045,42384.0,42796.93535943591,42413.45508733275,42573.47442561833,42731.16907307245,-400.0,0.9876305829857301,-356.976466180211,-169.95389687407805,-28.28894074575146
1046,42288.0,42799.27489582227,42324.475214077815,42498.257741553425,42720.238585980325,112.0,3.3486532427159545,93.39619713412321,29.912186711797403,10.681442206889187
1047,42608.0,42803.632665921345,42600.247481601,42633.29879904193,42752.53195748623,256.0,4.936293187773117,237.00967552818838,147.6904570094739,39.519969380216935
1048,42800.0,42809.14748219782,42798.49456513419,42793.63865557237,42799.27852474076,184.0,5.639513585840177,190.719909204141,157.1591843166243,46.71049349156601
1049,42976.0,42814.911693093025,42981.68730000928,42947.61716767518,42845.95294446936,232.0,5.473950421688642,211.62923492149275,139.78709594039537,40.17206695207278
1050,43264.0,42820.095383041196,43221.75303497718,43073.212847453164,42879.622658644905,24.0,4.601624045477365,28.830909853775665,30.202103504572733,14.450847107786103
1051,43024.0,42824.11494118398,43039.34911971683,43008.02137468432,42874.854638684934,-112.0,3.3000114632486657,-105.65831667618477,-73.18078542668445,-12.225288025721966
1052,43040.0,42826.695405967694,43010.43640162481,42926.851276599795,42855.17208259346,-168.0,1.8866977356628922,-176.73070996801107,-137.74445978462973,-28.92395196180223
1053,42688.0,42827.888336655305,42685.88769978081,42732.53245511506,42817.00673476133,-384.0,0.6689815044082934,-335.1102029399226,-172.05259392719745,-31.71501109406745
1054,42272.0,42828.03336897651,42340.21599574496,42582.7460887454,42791.742060405326,-8.0,-0.11061183359197457,-4.591725311027403,5.5866780030373775,0.7224286642667721
1055,42672.0,42827.66711298812,42676.704249158756,42743.70581112114,42818.45159208986,504.0,-0.32130552118542255,433.9503975516018,196.81262793630958,34.03211128903058
1056,43280.0,42827.39075793414,43208.116790848166,42976.37134461802,42859.80628298339,80.0,0.0370867839519633,98.05559758618983,80.85120580588773,20.3450050426909
1057,42832.0,42827.741286556025,42872.815444331136,42905.40822273291,42859.141602175245,-160.0,0.8560365699449903,-131.22412486136818,-34.25901051865003,0.6923993006239471
1058,42960.0,42829.10283107403,42945.66854112543,42907.85332358072,42861.191081584635,24.0,1.9414671595513937,1.195802421454573,-23.628237361830543,-2.8909665113824303
1059,42880.0,42831.62422087513,42875.207049174045,42858.15174800925,42853.35966915248,-104.0,3.0371528524810856,-94.42624608117694,-60.6257015668416,-9.163428974530689
1060,42752.0,42835.17713677899,42756.816048963075,42786.601920447036,42842.86422363557,-104.0,3.8725432879255095,-94.3107553955706,-54.24886733869789,-5.952234335127287
1061,42672.0,42839.36930745098,42686.585538382904,42749.654013331856,42841.455200482225,8.0,4.2090037052257685,2.697181334351626,1.8790995507442858,7.063736870764842
1062,42768.0,42843.59514418944,42762.21041163178,42790.360119548524,42856.9916973771,40.0,3.8771749389452452,46.676931407761,51.88616599093075,19.986081763734546
1063,42752.0,42847.12365732887,42779.939401198426,42853.42634531372,42881.427364009694,160.0,2.811379721508274,157.4259955587986,113.77939842205524,30.90703483307152
1064,43088.0,42849.21790363246,43077.062402749376,43017.918916392635,42918.805767043246,280.0,1.0707956863225263,242.43501529781133,129.4520292752386,28.918691385719285
1065,43312.0,42849.265248701515,43264.80943179405,43112.330403864195,42939.26474678113,-64.0,-1.1567346416013606,-48.205811985069886,-5.423310596350348,1.822217076936795
1066,42960.0,42846.90443434926,42980.650778779236,43007.072295199934,42922.45020119712,-216.0,-3.578625222948176,-180.9047591186427,-81.721961064286,-18.692035524152743
1067,42880.0,42842.10799825562,42902.99991355676,42948.88648173562,42901.88067573283,64.0,-5.842313063119946,37.34870256136492,-23.742572596504033,-19.475491677651007
1068,43088.0,42835.21980822302,43055.348183901966,42959.587150006926,42883.49921784182,8.0,-7.600309007895703,-10.910810144989227,-53.50575672523337,-28.606496998920193
1069,42896.0,42826.90738023983,42881.178293266785,42841.874968285156,42844.66768173499,-280.0,-8.575062606178108,-248.2784243012684,-144.77469757919607,-41.39815202007958
1070,42528.0,42818.06968301066,42558.79133529943,42670.037754848534,42800.70291380166,-184.0,-8.607689275817393,-168.4302814702205,-100.81833601235121,-30.329622243247286
1071,42528.0,42809.69200168819,42544.317730326344,42640.23829626045,42784.00843724849,80.0,-7.683676610336988,67.11504665861503,26.319689542149717,-3.894054690739722
1072,42688.0,42802.70232978999,42693.02142861666,42722.67713393283,42792.91480442018,184.0,-5.922774807091628,173.8108413736336,99.77740463878945,14.152107392696053
1073,42896.0,42797.84645207401,42891.93941307361,42839.79310553803,42812.312652033885,208.0,-3.538300152569718,178.61504982500628,89.01252437422227,15.213480215399613
1074,43104.0,42795.62572948485,43050.25152826667,42900.70218268128,42823.34176485098,-128.0,-0.798286651399394,-110.43024347356186,-40.73983151611901,-3.0037989403572283
1075,42640.0,42796.24987877121,42671.07892612649,42758.313442505794,42806.30505415317,-272.0,2.0257353386768955,-223.77797150775223,-83.23201892258658,-8.721457990151976
1076,42560.0,42799.6772001622,42602.69558525117,42734.238144836105,42805.898848870675,168.0,4.703479402927769,145.09458538052786,63.04377474835928,11.888737161039899
1077,42976.0,42805.656837577066,42961.26809688754,42884.40099200251,42830.08252847525,336.0,7.05194091481826,284.9129960740938,104.36334316766806,16.887806028338673
1078,43232.0,42813.78108199184,43172.521577399355,42942.96483117144,42839.67446092735,-232.0,8.936133711202274,-206.7908445476569,-85.9537452453551,-10.02434450153305
1079,42512.0,42823.52910499947,42547.68640779223,42712.4935015118,42810.033839472184,-376.0,10.261993941308901,-325.75091858973246,-130.22457890374062,-14.738929481558444
1080,42480.0,42834.305069874456,42521.01974021989,42682.51567336396,42810.196601964235,232.0,10.96556411866186,192.7071258311662,71.28000853414414,16.672592590264685
1081,42976.0,42845.460233236794,42933.10065945456,42855.05351858009,42843.37902465271,184.0,11.002316386740858,183.309124203417,112.06460450617305,26.551373921112827
1082,42848.0,42856.30970264794,42887.637988626724,42906.644882376306,42863.29934980646,168.0,10.355587531368656,152.72727230579403,80.9138049843641,20.685292644069705
1083,43312.0,42866.17140829953,43238.55520406615,43016.88112854882,42884.74960994085,-88.0,9.045214290832519,-89.1640642797247,-37.32318955307346,0.08774063143573585
1084,42672.0,42874.4001312296,42709.309860067275,42831.99850327016,42863.47483106933,-320.0,7.130026271544921,-269.83874361260314,-104.88337364357722,-11.70103731805284
1085,42672.0,42880.43146084262,42698.87771684094,42807.114381261665,42861.34753530475,152.0,4.725605428622657,123.95644097838522,42.67306862233454,7.340081000653299
1086,42976.0,42883.85134208685,42957.222742024045,42917.34464051483,42878.15499307064,184.0,2.0006152953137644,164.45873530334939,80.9025795105772,11.915207419420767
1087,43040.0,42884.43269143325,43027.79518744764,42968.91954028282,42885.17795014359,0.0,-0.8365764946938725,9.54838266178922,16.03466990940069,-0.7181454198689607
1088,42976.0,42882.17818909746,42976.31950734762,42949.41398033363,42876.7187022309,-56.0,-3.563409244550712,-49.87814336190786,-32.798569782375125,-13.423312801143766
1089,42928.0,42877.30587294415,42928.03890072383,42903.32240071807,42858.3313245413,-32.0,-5.9761777232452005,-48.086103004650795,-58.430379256529704,-21.87081146253331
1090,42912.0,42870.22583365097,42880.14730133832,42832.55322182057,42832.977079305834,-240.0,-7.913826528903883,-207.15509269391623,-110.49256798721035,-29.305391270179825
1091,42448.0,42861.47821988634,42513.728715335994,42682.33726474365,42799.72054200094,-40.0,-9.289969112505787,-37.775009322362166,-33.047324705101346,-15.670510204839957
1092,42832.0,42851.64589542596,42804.5972826936,42766.45857241037,42801.636058896154,192.0,-10.095876750296156,153.8549808255848,51.350593871902674,0.39731984001628007
1093,42832.0,42841.28646638575,42821.43867698716,42785.03845248745,42800.515181680974,-48.0,-10.389801979064941,-35.96522077060945,-4.900893679186993,-2.6951181311269465
1094,42736.0,42830.86629146783,42732.66684115238,42756.65678505199,42796.2458226339,-136.0,-10.275979408757848,-105.43763007287271,-18.053274909463653,-1.2570679153832316
1095,42560.0,42820.73450756823,42610.56341684142,42748.931902668526,42798.00104585021,224.0,-9.872030025420827,193.58059345576476,86.74106895079603,13.655275508819614
1096,43184.0,42811.122231416986,43119.82802806391,42930.138922953585,42823.55637365154,144.0,-9.276277958218998,125.53781798237469,54.276481761851755,7.5331464839109685
1097,42848.0,42802.18195165179,42861.63905280617,42857.48486619223,42813.06733881803,-232.0,-8.547852656109171,-189.9937112269181,-67.9116236652444,-12.235667892611673
1098,42720.0,42794.02652610477,42739.84060561007,42794.3156756231,42799.085037866316,-16.0,-7.712287782254862,-22.59541914572401,-26.011352757584973,-10.0280490583973
1099,42816.0,42786.757376087284,42816.44821451472,42805.46216067706,42793.011240701235,112.0,-6.761009708730853,78.84868147824454,5.877565392496763,-7.22323513001902
1100,42944.0,42780.504506687306,42897.53796856656,42806.07080640809,42784.63856760628,-224.0,-5.672708107678773,-185.8710529680393,-68.3559510649211,-16.340744714641914
1101,42368.0,42775.411959871926,42444.70610857864,42668.75025854722,42760.32975127195,88.0,-4.445881102354178,72.8779662986417,13.05458141273266,-4.692328770732274
1102,43120.0,42771.6127444826,43043.293901163845,42832.179969233555,42775.253910064814,128.0,-3.1073142306049704,104.69006983192594,19.51969530311544,-2.3131457038944063
1103,42624.0,42769.197331410716,42654.08624824249,42707.78964915345,42755.70345986416,-288.0,-1.731541411987564,-235.93781667706935,-82.4954955033827,-12.965277207440522
1104,42544.0,42768.14966165862,42571.418267809706,42667.18897822679,42749.32335564993,72.0,-0.4175571372543345,54.42335861574247,20.993818186732824,3.8860635682613065
1105,42768.0,42768.36221713621,42762.93296547398,42749.777285526914,42763.475587000685,192.0,0.7448203330022807,166.17952503414563,73.47695006358845,13.926010700790357
1106,42928.0,42769.63930232463,42903.777317878,42814.14287835397,42777.17537705151,24.0,1.6864737504074583,19.730941793986858,7.437032004028879,6.1585589034039
1107,42816.0,42771.73516463702,42802.39484906195,42764.65134953497,42775.79270480749,-192.0,2.3737925854911737,-169.4082235062815,-75.16585405150181,-3.3930370036468958
1108,42544.0,42774.38688749561,42564.960870865434,42663.81117025096,42770.38930304422,-160.0,2.840872486714943,-132.62962386936488,-40.93459415853067,5.916063388936891
1109,42496.0,42777.41690961045,42537.13560132322,42682.78216121791,42787.624831585366,272.0,3.180036128316715,233.30066311562769,112.36207157589888,31.81677012041837
1110,43088.0,42780.74695975224,43031.56219709669,42888.53531340276,42834.022843285056,152.0,3.507486899543437,156.78965521522332,106.02080888623095,33.69915386393768
1111,42800.0,42784.43188340954,42850.71491175367,42894.82377899037,42855.02313931324,80.0,3.9551155223016394,72.72727342530925,53.70035508280125,23.75145299385258
1112,43248.0,42788.65719079685,43177.01674394731,42995.93602356836,42881.52574927276,-40.0,4.628372594790562,-50.847586241674435,-24.919743637827196,8.17889742315674
1113,42720.0,42793.68862859912,42749.01973927032,42844.98429171472,42871.380934159555,-320.0,5.579605987830291,-260.66517015355566,-88.45958599629012,-2.575768405233248
1114,42608.0,42799.81640277251,42655.6864036402,42819.01685157578,42876.374212462295,304.0,6.800386107865052,251.13706111044303,79.54098564896049,18.411988925858168
1115,43328.0,42807.28940081485,43251.293861491205,43004.06626301264,42908.20491201127,64.0,8.22526239810395,59.54127931682888,23.082542943171575,10.840945149542677
1116,42736.0,42816.266927568715,42774.768962273854,42865.18193746213,42898.05610276138,-288.0,9.749924168976577,-236.18298039746878,-74.29335681944576,-2.046004111824004
1117,42752.0,42826.789249152804,42778.92790069627,42855.47954937375,42904.11290378762,184.0,11.253698991913552,138.79844190373842,42.03738659849478,13.662446215621458
1118,43104.0,42838.77432555254,43052.36584608133,42949.256710659116,42925.38099519262,16.0,12.632497266924474,15.267175791730551,16.405516614926455,12.337141164633067
1119,42784.0,42852.05424368665,42809.46225227973,42888.2905826036,42928.78718611689,-160.0,13.815633760477795,-115.59233240294634,-8.82083675371905,10.64555023011053
1120,42784.0,42866.4055930735,42821.18118127544,42931.61503715168,42946.672095652844,248.0,14.763514992166165,226.09233675173164,117.1319731239164,26.018514318599046
1121,43280.0,42881.581273670985,43261.64692578319,43122.55452885143,42980.82421475409,368.0,15.457618983797147,320.23287204489316,112.21675612547551,19.19332983894492
1122,43520.0,42897.32083104109,43461.646925365225,43156.04854940263,42985.058755330734,-408.0,15.87714063376552,-364.55108629051756,-148.48170474748986,-22.512521656815807
1123,42464.0,42913.335554938516,42532.54475320216,42825.59111935645,42935.799171440456,-344.0,15.971139771623712,-313.59269345362554,-149.66187036795236,-25.669625318256294
1124,42832.0,42929.26311058434,42834.461538457974,42856.724808666724,42933.71950469422,384.0,15.649610683911305,314.2244775456966,43.496093643632776,3.0063084884786804
1125,43232.0,42944.63477630634,43160.99370829355,42912.58330664372,42941.81178841741,-304.0,14.795581514426885,-269.38756516673675,-103.84984870114567,-6.417126855936658
1126,42224.0,42958.85427361319,42295.6864081245,42649.02511126443,42920.88525098235,-304.0,13.289217784196808,-265.9869830764874,-51.04563974706616,13.917725114049972
1127,42624.0,42971.21321187473,42629.019742140576,42810.49202714959,42969.64723864551,496.0,11.050459296668123,460.1567951307188,254.7129294599472,66.04434959544233
1128,43216.0,42980.95519220653,43215.99999838594,43158.45097018433,43052.97395017323,696.0,8.083078331419529,655.1370547580591,319.1844281269041,75.17540903637928
1129,44016.0,42987.37936853757,43939.293851656694,43448.860883403395,43119.99805671827,-160.0,4.504002216184745,-128.9754973633535,6.840354920768732,22.22400938095234
1130,42896.0,42989.9631966389,42958.04900365923,43172.131680025865,43097.42196893514,-392.0,0.5413755315130402,-372.1427777785102,-138.6633633645979,-12.50498933637573
1131,43232.0,42988.4621196006,43195.00829609967,43171.5341566742,43094.98807804552,80.0,-3.493329354649177,52.000772938801674,-30.830445014569705,-9.284486987340642
1132,43056.0,42982.9765379296,43062.050549536834,43110.470789996725,43078.852994960456,-144.0,-7.2544489721585705,-102.70499887864935,-33.82797167910758,-14.992433337043622
1133,42944.0,42973.95322165628,42989.598298342375,43103.878213315984,43065.00321137143,304.0,-10.431274682017829,262.62165192822795,73.34652997725061,-7.7996230204516905
1134,43664.0,42962.113988565565,43587.29385339329,43257.16384995123,43063.25374891955,-8.0,-12.792700722136942,-24.571328539557726,-50.132438389147865,-31.78677500590129
1135,42928.0,42948.367820212006,42940.45564126326,43003.61333653769,43001.42966135963,-512.0,-14.229371821904351,-452.9062666676182,-215.7438451446942,-58.15260449193738
1136,42640.0,42933.655244921756,42681.481320058054,42825.67615966184,42946.94853993568,-32.0,-14.768787156215694,-51.56772091494713,-85.09909704493111,-39.13369442717158
1137,42864.0,42918.830245899575,42837.320199433365,42833.415142447826,42923.16227250529,24.0,-14.552935799973056,22.439876542139245,-7.553445990095497,-20.82815380512693
1138,42688.0,42904.54937332181,42726.36107314233,42810.56926768165,42905.292232325424,88.0,-13.807816328160698,80.84623942062899,38.438759074640984,-7.005428563592432
1139,43040.0,42891.21461324325,42999.01267827462,42910.29266059711,42909.1514153781,80.0,-12.79313583979092,67.71499650541955,34.86972321401481,-2.683246178417903
1140,42848.0,42878.96310164223,42861.79106615317,42880.30871410968,42899.92573996859,-88.0,-11.761576269775105,-68.26628135557985,-13.829589432592911,-6.629388411081891
1141,42864.0,42867.6914607037,42862.48011556346,42882.63348173192,42895.89263855594,-16.0,-10.91652066885581,-6.910372772414121,11.641508488202817,-2.4384694848522486
1142,42816.0,42857.13006030452,42847.97032060834,42903.59173108608,42895.048800998884,168.0,-10.405849646413117,145.3418080865922,64.754114897205,3.108602492888167
1143,43200.0,42846.87976141088,43153.16373173665,43012.14171152633,42902.109843541715,96.0,-10.314012586568424,71.01206981153882,14.620836203412182,-7.833465280084056
1144,43008.0,42836.50203513138,42989.99446023142,42932.83340349291,42879.381870438716,-304.0,-10.64199484839628,-253.19697034812998,-116.89160628696845,-29.158879581063957
1145,42592.0,42825.595771714085,42646.76979104039,42778.358498952395,42843.79208437959,-64.0,-11.339997275663336,-69.37571398910586,-61.29565506431027,-23.00018184014698
1146,42880.0,42813.82204058005,42851.24303225321,42810.242093364286,42833.38150675842,96.0,-12.30913992989008,60.68840247886692,-2.995358905969624,-12.741502283246518
1147,42784.0,42800.977491854304,42768.14659599812,42772.367781140456,42818.309079813094,-208.0,-13.383306644354889,-162.36345626448747,-43.690421653598605,-13.356972954672528
1148,42464.0,42787.05542729134,42526.516119724234,42722.86125005709,42806.66756084908,240.0,-14.344170982083597,209.57363050959248,79.92409394518108,5.491859078436391
1149,43264.0,42772.28914989014,43187.29385701731,42932.21596903082,42829.29279796997,80.0,-14.953283097296662,76.47163220881703,43.46270348913458,0.8898770193918608
1150,42624.0,42757.14886109675,42679.45938414187,42809.78665703536,42808.44731488786,-216.0,-14.966848996056797,-168.3856701576624,-29.535983477780974,-11.623117337716394
1151,42832.0,42742.35545189802,42850.52251670198,42873.144002075256,42806.046563294534,328.0,-14.170912298395706,263.675716070029,83.9293460775225,-3.698423428599199
1152,43280.0,42728.80703649996,43206.810816281926,42977.6453491904,42801.05046803066,0.0,-12.445843600522494,-9.65761901044607,-46.6759782896479,-28.943571862339013
1153,42832.0,42717.46376469698,42831.20727868109,42779.79204549596,42748.159419569856,-432.0,-9.792368320897367,-387.14616422312974,-223.95728094646256,-57.083077482315275
1154,42416.0,42709.222299858164,42432.51848783567,42529.73078729748,42686.88431306603,-328.0,-6.356000893105374,-308.5173316393484,-193.19586454974706,-47.73089085052197
1155,42176.0,42704.75176291077,42214.17261540239,42393.400316396466,42652.69763786881,-24.0,-2.4249599832219246,-27.482795421310584,-27.63031270277861,-10.351793303776503
1156,42368.0,42704.37237989172,42377.552896993046,42474.47016189192,42666.18072645848,224.0,1.6213842862853198,211.14476655588078,134.30492644141123,28.39212491258877
1157,42624.0,42707.99453148334,42636.462148514154,42662.01016927929,42709.48188769399,344.0,5.378399983914278,323.1590951211583,206.5450920270123,47.575255620209646
1158,43056.0,42715.12917985955,43023.87108723536,42887.560345945945,42761.3312376989,248.0,8.49276091282809,224.82527386876973,141.33034963962928,37.11591188985403
1159,43120.0,42724.980053308995,43086.112696251694,42944.67086855855,42783.7137114737,-136.0,10.724908931377286,-107.19490972519634,-30.55404310812446,5.568159348487825
1160,42784.0,42736.5789977223,42809.48126778497,42826.4522597297,42772.46755639587,-152.0,11.983681311910914,-149.22508954188743,-96.99247896399902,-11.822777258035785
1161,42816.0,42748.94741593282,42787.66251716792,42750.68591063055,42760.068156957626,-168.0,12.32336241871235,-163.5061647774346,-108.42339378387624,-15.19599159036079
1162,42448.0,42761.22572255973,42482.4689382301,42609.605472161944,42742.07557321515,-160.0,11.899221623065387,-132.8488877873242,-60.27770238762969,-3.2888050817200565
1163,42496.0,42772.74585917895,42521.96474159327,42630.13050585529,42753.490546794186,200.0,10.91272266971282,169.3195113295369,87.59028662098717,24.289500918741396
1164,42848.0,42783.05116789915,42821.107960889174,42784.78604540392,42790.654575052635,160.0,9.555243370825337,164.6830237417671,123.0485622505912,34.29675701108499
1165,42816.0,42791.8563459206,42851.330789076805,42876.22763035647,42822.084060816356,288.0,7.9636680360163155,263.0929470056253,121.55540013079371,31.733688804535632
1166,43424.0,42798.978503971186,43347.293854900425,43027.896845665506,42854.121952661706,-144.0,6.206155243598914,-135.85208801974295,-46.38236185821734,3.543989478439471
1167,42528.0,42804.268656407796,42579.62661303732,42783.46290664004,42829.172039773235,-352.0,4.293491218479176,-317.46592176501144,-116.702485705453,-9.891310899813107
1168,42720.0,42807.565486408144,42712.3620113704,42794.4918742546,42834.33933086208,104.0,2.219513755047956,94.54545518507803,48.27490474186561,10.884257631947548
1169,42736.0,42808.70768391789,42768.717523407475,42880.01271612377,42850.94055503713,368.0,0.0034380934084765613,335.82386896862226,157.52719993105347,22.34825192691278
1170,43456.0,42807.57236259496,43384.00974930765,43109.54627411671,42879.035834715905,144.0,-2.278614356611797,139.46023254421016,56.306695051287534,-0.752928585436166
1171,43024.0,42804.15045520467,43047.637988495895,42992.626106226344,42849.43469786626,-240.0,-4.47837047530993,-218.18181833225754,-132.60711477719087,-38.32940195632909
1172,42976.0,42798.61562164434,42947.64611264313,42844.332044562325,42802.37703080325,-312.0,-6.389724430286151,-318.6424563973742,-214.12803938286015,-55.73881552285093
1173,42400.0,42791.371006344096,42410.35307570115,42564.37002746062,42737.957066820556,-456.0,-7.7820174574553675,-408.6465146759765,-197.77700337138958,-47.52211064166477
1174,42064.0,42783.05158672943,42130.35308329118,42448.778037819546,42707.33280951992,192.0,-8.450600629719702,186.82344332203866,76.79702926869504,1.542383175357827
1175,42784.0,42774.46980508466,42783.999962345224,42717.96408599801,42741.04183317127,600.0,-8.279388772942184,528.4704076838207,236.16809117747835,31.561115309919842
1176,43264.0,42766.492809183546,43187.29389865882,42921.1142201745,42770.45504013976,-40.0,-7.262301225498959,-22.72261488705044,31.707244263739994,4.735958975470567
1177,42704.0,42759.94520263366,42738.55473257112,42781.37857452549,42750.51375112221,-280.0,-5.510048270843981,-243.36119491709542,-101.04635838626564,-17.615601461431652
1178,42704.0,42755.47271264186,42700.57150882463,42719.02150340197,42735.223837216894,-48.0,-3.2446881252872117,-55.12567962333196,-54.84631942253327,-13.728722044474125
1179,42608.0,42753.455826383084,42628.30337332446,42671.68593568043,42723.056307033265,48.0,-0.7449226133830962,29.248731122130266,-15.492599881334172,-6.414714831964375
1180,42800.0,42753.98286741509,42759.06897106889,42688.0363036393,42722.394407552965,-80.0,1.7092485509056132,-73.8895469111012,-39.631480221469246,-4.542179102652881
1181,42448.0,42756.874323484895,42480.52427950226,42592.42297523749,42713.97194882796,-152.0,3.8947906202229206,-115.92329405536657,-23.40184078306629,4.876138716390415
1182,42496.0,42761.77244865554,42527.222382958156,42641.23262207317,42732.146684985746,224.0,5.694193317543977,202.8100182466842,121.4259578722631,29.98207040707348
1183,42896.0,42768.26271011998,42886.144315995625,42835.274890982015,42773.936089642106,352.0,7.109396395222575,309.64351301560964,163.6797143998483,35.68620913846826
1184,43200.0,42775.99124144598,43146.509408989376,42968.59205087287,42803.51910326268,-24.0,8.253003817251738,-7.087862059357576,17.613185327285464,9.75896878370986
1185,42848.0,42784.76871775449,42871.96859187691,42870.501261636586,42793.454027209526,-168.0,9.305960895719181,-154.6978577279333,-86.84015841798464,-12.792374692682642
1186,42864.0,42794.60316323742,42837.11369353351,42794.9117340369,42777.93435387732,-176.0,10.447356095617579,-169.2864306758638,-110.13366058123938,-19.822955638341227
1187,42496.0,42805.66342994572,42533.39573052518,42650.23394047411,42753.80811593284,-136.0,11.794609318167204,-116.73931038242881,-67.56082332573715,-11.235832147831388
1188,42592.0,42818.192381873756,42603.63507276865,42659.79008738542,42755.462689581655,160.0,13.35498514264691,128.41470608672898,43.45119060402794,9.827708127893857
1189,42816.0,42832.373400231016,42790.22514269864,42737.13632168216,42773.46353218863,56.0,15.004954042738973,57.71578342319481,37.91439513781734,15.87401921640776
1190,42704.0,42848.202289959234,42719.06663961504,42735.61887766106,42787.21072801447,8.0,16.511292426603177,4.174694991601427,14.291994809424068,17.907732226565713
1191,42832.0,42865.39598508422,42798.57453268184,42765.72031130101,42809.27899664176,-112.0,17.595100137154077,-87.61944352396677,-3.0384107095378567,20.9322184593766
1192,42480.0,42883.39249023354,42543.82775256711,42729.54205624198,42829.07516493322,160.0,18.000847403531225,151.04658545318307,88.59277306195872,37.24992653812296
1193,43152.0,42901.397679891284,43100.66770358821,42942.90585742493,42883.77884971801,248.0,17.56655446914374,213.5238662297852,108.81672989541039,41.29262727068635
1194,42976.0,42918.52559917183,42970.87548502668,42947.1755160328,42911.660419474596,-208.0,16.27160145857124,-155.41479342814273,-10.142583375727554,24.664590730317286
1195,42736.0,42933.94088280843,42789.838116731924,42922.62069067347,42933.10803117864,96.0,14.242650501280878,88.15321536488045,68.75551997740695,31.30301326297922
1196,43168.0,42947.01090017439,43147.18191575644,43084.68655598762,42974.266446000554,296.0,11.717273998208839,253.2533778067118,120.40914330795567,31.471737121937622
1197,43328.0,42957.375430804845,43296.34487234535,43163.438977289385,42996.05150542252,-16.0,8.968812312516093,-9.112681684357085,-3.528090053543565,5.1876346930912405
1198,43136.0,42964.94852479942,43128.956552387725,43077.63037588053,42984.64171538674,-224.0,6.231127090595692,-202.60555801898954,-114.99341346858637,-18.97770426644638
1199,42880.0,42969.837684986036,42891.13375630737,42933.45215035221,42958.096096889625,-192.0,3.634530718838505,-182.15401454352832,-117.4521503522119,-22.64081365262973
1200,42752.0,42972.2175862371,42764.64852330067,42842.726075176106,42939.36008808148,-128.0,2.379901251064439,-126.48523300670058,-90.72607517610595,-18.736008808147744
