distance,Raw,Median+Gaussian,Huber MRF lambda=0.1,Huber MRF lambda=1,Huber MRF lambda=10,derivative:Raw,derivative:Median+Gaussian,derivative:Huber MRF lambda=0.1,derivative:Huber MRF lambda=1,derivative:Huber MRF lambda=10
0,32912.0,33422.47025566796,32906.50588252775,32898.2461613971,33199.17317137997,-64.0,52.455927706483635,-54.941174722443975,-13.753838602897304,28.71731713799818
1,32848.0,33474.926183374446,32851.56470780531,32884.492322794205,33227.890488517965,-48.0,77.97154679269443,-37.117635695907666,4.492322794205393,47.71184156389427
2,32816.0,33578.41334925335,32832.27061113594,32907.23080698551,33294.596854507756,64.0,127.52876257299795,62.05895901030817,68.35388768406119,90.63620871518287
3,32976.0,33729.98370852044,32975.682625825924,33021.20009816233,33409.16290594833,144.0,173.3116157512086,141.82514381962028,136.56934025798182,136.22419673798504
4,33104.0,33925.03658075577,33115.92089877518,33180.36948750148,33567.045247983726,208.0,213.62554321125572,208.15868783447513,197.35413308988427,181.03460443458607
5,33392.0,34157.23479494295,33392.000001494875,33415.908364342096,33771.2321148175,368.0,246.76594575141644,362.0395501983803,329.8152894042032,223.14847257464862
6,33840.0,34418.5684722586,33839.99999917194,33840.00006630988,34013.34219313302,448.0,271.20738313126276,447.99999940480484,436.0457930427001,258.40511163836345
7,34288.0,34699.64956120548,34288.000000304484,34287.9999504275,34288.04233809423,600.0,285.82789989024604,600.0000004208996,599.9999740544481,513.3206913619215
8,35040.0,34990.22427203909,35040.00000001374,35040.00001441878,35039.983575856866,808.0,290.1302609958184,807.9999996632869,808.0000237575223,745.9636173544277
9,35904.0,35279.910083197115,35903.99999963106,35903.99999794254,35779.969572803086,640.0,284.38605617752546,640.0000003789064,635.9776217453873,493.5149216252321
10,36320.0,35558.996384394144,36320.00000077155,36311.955257909554,36027.01341910733,360.0,269.64977545076545,359.6352465288546,329.678894078992,232.39451725961408
11,36624.0,35819.209634098646,36623.27049268877,36563.357786100525,36244.758607322314,296.0,247.66145094869353,277.7113466911178,221.08142124123697,198.78311858109737
12,36912.0,36054.31928629153,36875.422694153785,36754.11810039203,36424.579656269525,56.0,220.62415002365742,69.26567223395614,111.81936448751367,155.4500317606835
13,36736.0,36260.45793414596,36761.80183715668,36786.99651507555,36555.65867084368,8.0,190.91999978784952,15.38832878627727,58.376672221304034,122.06194811634487
14,36928.0,36436.15928586723,36906.19935172634,36870.871444834636,36668.703552502215,32.0,160.82176206189615,35.394273201356555,55.31065217640207,100.08005928364219
15,36800.0,36582.10145826975,36832.59038355939,36897.61781942836,36755.818789410965,88.0,132.22829468046984,89.34294963001594,75.55528430789855,84.90617637929972
16,37104.0,36700.61587522817,37084.88525098637,37021.98201345043,36838.515905260814,184.0,106.49737419304074,156.72112235885652,83.35520074728993,69.4229111128916
17,37168.0,36795.096206655835,37146.032628277106,37064.32822092294,36894.66461163675,-64.0,84.38218451807552,-48.68948132373407,-9.489682066028763,42.481936957767175
18,36976.0,36869.38024426432,36987.506288338904,37003.002649318376,36923.47977917635,-112.0,66.06090275923998,-100.99489824368356,-47.82424694537622,26.189156498421653
19,36944.0,36927.218012174315,36944.04283178974,36968.679727032184,36947.04292463359,-48.0,51.24945155208843,-43.2492976004869,-21.98305877009625,23.715291688920843
20,36880.0,36971.8791473685,36901.00769313793,36959.03653177818,36970.91036255419,72.0,39.36157230372555,62.00332703783715,29.875070635087468,28.412956048305205
21,37088.0,37005.941156781766,37068.04948586541,37028.42986830236,37003.8688367302,80.0,29.689825738631043,67.28922205453637,39.60827067535138,28.751916012526635
22,37040.0,37031.25879884576,37035.586137247,37038.253073128886,37028.41419457924,-80.0,21.57259097093265,-54.5326623834153,8.94974139097394,23.966067577999638
23,36928.0,37049.08633872363,36958.98416109858,37046.32935108431,37051.8009718862,80.0,14.51705103736822,78.31882934448367,67.24095349757044,29.57682590126933
24,37200.0,37060.292900920496,37192.22379593597,37172.73498012403,37087.56784638178,216.0,8.263183161692723,194.3586145172194,112.77311910173376,30.14526681467032
25,37360.0,37065.61270504702,37347.70139013302,37271.875589287774,37112.09150551554,96.0,2.7894844133952574,93.9845448621636,55.0784038076381,12.128234409537981
26,37392.0,37065.87186974729,37380.1928856603,37282.8917877393,37111.82431520086,-24.0,-1.7460643190606788,-26.544076171256165,-43.5379076788231,-14.275974554642744
27,37312.0,37062.120576408895,37294.61323779051,37184.79977393013,37083.53955640626,-328.0,-5.102886094166024,-299.80752992989073,-161.69212684411468,-39.70778097428774
28,36736.0,37055.666097558955,36780.577825800516,36959.507534051074,37032.40875325228,-160.0,-7.070291329317115,-163.85221197475767,-113.53847285351003,-36.310365491357516
29,36992.0,37047.97999375026,36966.90881384099,36957.72282822311,37010.91882542354,80.0,-7.561952817617566,60.87505724543735,-18.923291716419044,-20.543986557564494
30,36896.0,37040.54219192372,36902.32794029139,36921.660950618236,36991.32078013715,-48.0,-6.666853754148178,-32.94117209266915,-23.23140229575074,-14.832006279531925
31,36896.0,37034.646286241965,36901.026469655655,36911.26002363161,36981.25481286448,40.0,-4.667038270392368,23.830877642518317,-2.7709151708295394,-5.803226629454002
32,36976.0,37031.208115382935,36949.98969557643,36916.11912027658,36979.714326878246,-96.0,-1.9904114528508217,-81.0882961970965,-25.081343216741516,-1.3547696423192974
33,36704.0,37030.66546333626,36738.84987726146,36861.09733719812,36978.54527357984,-56.0,0.8713044031210302,-36.89043200766537,23.526885520604992,12.558210380590026
34,36864.0,37032.95072418918,36876.208831561096,36963.17289131779,37004.830747639426,352.0,3.452655463701376,311.0416736095758,151.66199977856013,33.32701144155362
35,37408.0,37037.570774263666,37360.933224480614,37164.421336755244,37045.199296462946,136.0,5.396483907756192,136.75195381811136,79.45911381507904,22.228513646667125
36,37136.0,37043.74369200469,37149.71273919732,37122.091118947945,37049.28777493276,-160.0,6.4993567460769555,-142.6567892966923,-49.2846583333303,-0.2471327835446573
37,37088.0,37050.56948775582,37075.61964588723,37065.85202008858,37044.70503089586,-152.0,6.733006278722314,-135.99486387393335,-67.31308881506993,-6.747492492111633
38,36832.0,37057.209704562134,36877.72301144945,36987.464941317805,37035.79278994854,48.0,6.2178183054456895,30.718422809481126,-0.6546081118758593,1.277398550104408
39,37184.0,37063.00512436671,37137.05649150619,37064.54280386483,37047.259827996066,24.0,5.1760082766959385,24.615937587714143,17.349264479445992,4.630029447333072
40,36880.0,37067.561721115526,36926.95488662488,37022.1634702767,37045.0528488432,32.0,3.878151505577989,38.34794480586788,28.702401550210197,6.045663289300137
41,37248.0,37070.76142737787,37213.75238111793,37121.94760696525,37059.351154574666,128.0,2.5786781949609576,101.88428351992843,36.7579401711846,4.865863460196124
42,37136.0,37072.71907750545,37130.72345366474,37095.679350619066,37054.784575763595,-136.0,1.4736888513762096,-109.4116591295242,-46.4285810366564,-8.627350022892642
43,36976.0,37073.70880508062,36994.92906285888,37029.09044489194,37042.09645452888,-32.0,0.6761405779834604,-41.1490765114504,-40.04368328115379,-9.383298508273583
44,37072.0,37074.071358661415,37048.42530064184,37015.59198405676,37036.01797874705,-72.0,0.21209200244629756,-64.3772590078479,-41.7024688067977,-7.877576844475698
45,36832.0,37074.13298908551,36866.17454484318,36945.685507278344,37026.34130083993,-8.0,0.0403029288208927,-11.378031582738913,-13.063723139250214,0.04038713487534551
46,37056.0,37074.15196451906,37025.66923747636,36989.46453777826,37036.0987530168,8.0,0.082545586006745,7.8408800149736635,10.511299389050691,8.762389827712468
47,36848.0,37074.298080257526,36881.85630487313,36966.708106056445,37043.866080495354,16.0,0.2596685724602139,25.468591762408323,36.59762130640593,17.56063150331829
48,37088.0,37074.67130166398,37076.606421001175,37062.65978039107,37071.220016023435,160.0,0.5192502392528695,137.7822211339153,83.28156453016345,26.51493632925485
49,37168.0,37075.33658073603,37157.42074714096,37133.27123511677,37096.895953153864,8.0,0.8397984495750279,27.91806184457164,53.247072284084425,22.120734788124537
50,37104.0,37076.35089856313,37132.44254469032,37169.15392495924,37115.461485599684,176.0,1.232700955675682,155.34490152615035,68.45965232208982,19.138606725802674
51,37520.0,37077.80198264738,37468.11055019326,37270.19053976095,37135.17316660547,-64.0,1.7212907918146811,-60.13141248257307,-23.868115317818592,0.47033933605780476
52,36976.0,37079.793480146756,37012.17971972517,37121.4176943236,37116.4021642718,-200.0,2.3026554233983916,-176.7904434155862,-76.06399827554196,-11.750894120075827
53,37120.0,37082.40729349418,37114.52966336209,37118.06254320987,37111.67137836532,104.0,2.929139071773534,74.99826044733709,-4.323879508803657,-5.147216988221771
54,37184.0,37085.6517582903,37162.17624061985,37112.769935305994,37106.107730295356,-72.0,3.4997629220451927,-61.47221964299388,-40.90764025087992,-9.458261555188074
55,36976.0,37089.40681933827,36991.5852240761,37036.24726270811,37092.75485525494,-104.0,3.870002703690261,-92.66489616323088,-46.39904124383247,-7.515132277672819
56,36976.0,37093.391763697684,36976.846448293385,37019.97185281833,37091.07746574001,-16.0,3.8968582549023267,-10.506534315776662,5.710516519389785,4.076483772074425
57,36944.0,37097.200535848075,36970.57215544455,37047.66829574689,37100.90782279909,144.0,3.4809954047414067,132.20020935634602,79.53059080200183,17.67574819903166
58,37264.0,37100.35375450717,37241.24686700608,37179.03303442233,37126.428962138074,168.0,2.6077926410471264,151.29532160946474,88.88125588661569,18.64258744588733
59,37280.0,37102.41612113017,37273.16279866348,37225.43080752012,37138.192997690865,-16.0,1.3806760184888844,-2.27007502521883,19.11317685784161,4.673685437333916
60,37232.0,37103.115106544145,37236.70671695564,37217.259388138016,37135.77633301274,-8.0,0.008764498881646432,-12.92249692963378,-15.541725313090865,-7.22784802748356
61,37264.0,37102.43365012793,37247.31780480421,37194.34735689394,37123.7373016359,-72.0,-1.2302540251694154,-72.79988813037562,-57.7383527971142,-19.052166295052302
62,37088.0,37100.654598493806,37091.10694069489,37101.78268254379,37097.67200042264,-160.0,-2.051380801411142,-140.67616063488458,-85.67333307825174,-25.581701192124456
63,36944.0,37098.33088852511,36965.96548353444,37023.00069073743,37072.57389925165,0.0,-2.2301188167839427,-15.314039488235721,-39.28164643764103,-18.669406208409782
64,37088.0,37096.19436086024,37060.47886171842,37023.219389668506,37060.33318800582,-48.0,-1.653284342319239,-43.09231322394044,-32.17160623467862,-13.624051845537906
65,36848.0,37095.02431984047,36879.78085708656,36958.65747826808,37045.32579556057,-32.0,-0.34985797193439794,-21.79371919906771,-9.233172266387555,-5.141102667217638
66,37024.0,37095.49464491637,37016.89142332028,37004.75304513573,37050.05098267138,128.0,1.5148988308937987,101.5676828351061,36.472089435515954,6.027736244377593
67,37104.0,37098.05411750226,37082.91622275677,37031.60165713911,37057.38126804933,-48.0,3.6741267736797454,-39.39408677965184,-9.350559427064582,4.999348780413129
68,36928.0,37102.84289846373,36938.10324976098,36986.0519262816,37060.04968023221,-120.0,5.813351638025779,-94.29672419092094,-16.52376771670606,9.270896194491797
69,36864.0,37109.68082077831,36894.32277437493,36998.554121705696,37075.92306043831,168.0,7.63370960994871,148.74684370003524,79.77925627694276,26.469533228020737
70,37264.0,37118.110317683626,37235.59693716105,37145.61043883549,37112.98874668825,176.0,8.898564951497974,158.34540137994918,87.8615365475307,29.515123584347748
71,37216.0,37127.47795068131,37211.01357713483,37174.27719480076,37134.95330760701,-72.0,9.466237105014443,-49.51547435207249,7.805353365652991,17.912226299107715
72,37120.0,37137.042791893655,37136.5659884569,37161.22114556679,37148.813199286466,16.0,9.306268971518875,8.382353606590186,7.554523549435544,15.300551643784274
73,37248.0,37146.090488624344,37227.77828434801,37189.38624189963,37165.554410894576,-8.0,8.491365155732638,-9.89628236884164,-1.1417827173536352,12.61893215283635
74,37104.0,37154.02552220512,37116.77342371922,37158.937580132086,37174.05106359214,-64.0,7.178820506484044,-47.13774203268258,-2.9798717015000875,11.999205877171335
75,37120.0,37160.44812963731,37133.502800282644,37183.42649849663,37189.55282264892,88.0,5.589151692656742,84.24337797663247,56.20216761285701,18.97940018922236
76,37280.0,37165.20382559043,37285.260179672485,37271.3419153578,37212.00986397058,208.0,3.9768547909116023,178.05827775225407,83.58637454007476,19.057534520197805
77,37536.0,37168.401839219136,37489.61935578715,37350.59924757678,37227.667891689314,-72.0,2.600442915223539,-55.92700197895465,-13.443043992636376,0.24142230319557711
78,37136.0,37170.40471142088,37173.406175714576,37244.45582737253,37212.492708576974,-112.0,1.6891790207882877,-100.7993444703061,-51.915506517987524,-11.350547683490731
79,37312.0,37171.78019726071,37288.02066684654,37246.7682345408,37204.96679632233,8.0,1.4142400735217961,-5.282174635358388,-30.303475561322557,-12.87757243852684
80,37152.0,37173.233191567924,37162.84182644386,37183.84887624988,37186.73756369992,-80.0,1.8557572461068048,-70.96970818338377,-46.99492016598015,-16.49235443741418
81,37152.0,37175.491711752926,37146.08125047977,37152.77839420884,37171.982087447504,-56.0,2.9760952472352074,-46.35432356520687,-30.681284936614247,-13.756371880041115
82,37040.0,37179.185382062395,37070.133179313445,37122.48630637665,37159.22481993984,96.0,4.619890144331293,74.71782540091226,10.951065356137406,-6.796026510673983
83,37344.0,37184.73149204159,37295.5169012816,37174.68052492112,37158.39003442616,-48.0,6.531788703116035,-46.169023568221746,-32.465518994977174,-10.115283792376431
84,36944.0,37192.24895946863,36977.795132177,37057.5552683867,37138.994252355085,-128.0,8.39601896528984,-119.60885627519747,-60.34762234106893,-9.64606945331252
85,37088.0,37201.52352997217,37056.2991887312,37053.98528023898,37139.09789551953,-88.0,9.887131620485889,-79.99999978978303,-20.577348028233246,2.6585379404168634
86,36768.0,37212.0232227096,36817.795132597435,37016.40057233023,37144.31132823592,128.0,10.736288013304147,136.29549667984975,86.61557825637647,24.028999128189753
87,37344.0,37222.996105998776,37328.8901820909,37227.21643675173,37187.15589377591,344.0,10.786820755623921,309.72207012152285,152.424082797359,35.0023602287838
88,37456.0,37233.596864220846,37437.23927284048,37321.24873792495,37214.31604869349,16.0,10.01870230199711,14.545454951970896,26.656670135696913,15.075957352251862
89,37376.0,37243.03351060277,37357.98109199484,37280.52977702313,37217.307808480415,-288.0,8.558299335803895,-252.6749103688926,-88.45407239026099,-4.942849789051252
90,36880.0,37250.713462892454,36931.889452102696,37144.34059314443,37204.430349115384,-16.0,6.647366038763721,-9.296242365457147,-4.018887306479883,3.344058090737235
91,37344.0,37256.3282426803,37339.38860726393,37272.49200241017,37223.99592466189,360.0,4.581924857779086,310.41624396513726,92.39741047082134,13.565371779601264
92,37600.0,37259.87731260801,37552.72194003297,37329.13541408607,37231.56109267459,-264.0,2.6531891525519313,-235.7495771306385,-78.78888128105609,-10.856777353576035
93,36816.0,37261.6346209854,36867.88945300265,37114.914239848054,37202.28236995474,-168.0,1.0902968621121545,-156.03501090437567,-64.76405431399326,-9.96460422211021
94,37264.0,37262.05790633224,37240.65191822422,37199.607305458085,37211.631884230366,232.0,0.018791188322211383,199.36445529450066,52.49671833906905,6.731108487147139
95,37280.0,37261.672203362046,37266.61836359165,37219.90767652619,37215.74458692903,-56.0,-0.5488137680658838,-40.9417366743146,-9.745790668788686,0.8999320451184758
96,37152.0,37260.960278796105,37158.76844487559,37180.11572412051,37213.4317483206,-88.0,-0.6931226296292152,-74.00769433811729,-25.734090345438744,0.7587488075987494
97,37104.0,37260.28595810279,37118.60297491542,37168.439495835315,37217.26208454423,40.0,-0.5595260551963293,32.84940461692531,20.543519632468815,9.493440450842172
98,37232.0,37259.84122668571,37224.46725410944,37221.202763385445,37232.41862922229,72.0,-0.3058446346403798,68.20054974120285,47.364649242852465,15.177476139167993
99,37248.0,37259.67426883351,37255.004074397824,37263.16879432102,37247.617036822565,64.0,-0.05837560487270821,65.55719227752343,49.55042809608858,15.17925944140734
100,37360.0,37259.72447547597,37355.58163866449,37320.30361957762,37262.7771481051,96.0,0.1082900858928042,78.48575758908555,37.28663504540964,10.298968687795423
101,37440.0,37259.89084900529,37411.975589575995,37337.74206441184,37268.214974198156,-104.0,0.1900696563134261,-83.72810120850045,-33.69052295985966,-3.1514251970402256
102,37152.0,37260.10461478859,37188.12543624749,37252.9225736579,37256.47429771102,-40.0,0.24209145534041454,-43.22297209108001,-34.35820392498863,-6.516961601584626
103,37360.0,37260.37503191597,37325.529645393835,37269.02565656186,37255.18105099499,-32.0,0.3523992771333724,-34.94756388449605,-29.384088815109862,-6.534194166284578
104,37088.0,37260.80941334286,37118.230308478494,37194.15439602768,37243.40590937845,-72.0,0.6111956335589639,-56.14779452287985,-21.79406252033732,-4.004846147614444
105,37216.0,37261.59742318309,37213.234056348076,37225.43753152119,37247.17135869976,96.0,1.0777727852691896,81.17402960996333,36.00190125410154,5.324017256298248
106,37280.0,37262.9649589134,37280.57836769842,37266.158198535886,37254.05394389105,80.0,1.7629336650097684,70.23614984246888,33.7997662826383,5.585282385840401
107,37376.0,37265.12329051311,37353.70635603301,37293.037064086464,37258.34192347144,-48.0,2.6185692795006617,-38.3402315003259,-14.602602406186634,-1.594924246037408
108,37184.0,37268.2020974724,37203.89790469777,37236.95299372351,37250.864095398974,-56.0,3.544087012818636,-50.318927846397855,-29.607573501194565,-4.134623302514228
109,37264.0,37272.21146453875,37253.06850034022,37233.821917084075,37250.07267686641,8.0,4.408144635504868,-5.486902656473831,-18.220118097397062,-1.487784689245018
110,37200.0,37277.01838674341,37192.92409938482,37200.51275752872,37247.888526020484,-120.0,5.071779956906539,-95.52390403126992,-33.05278079099662,0.2102754550978716
111,37024.0,37282.35502445256,37062.02069227768,37167.71635550208,37250.493227776606,64.0,5.42293689447979,59.200054281227494,39.06177572440356,13.92936314495455
112,37328.0,37287.86426053237,37311.32420794728,37278.636308977526,37275.74725231039,192.0,5.399643762222695,165.92455540595984,86.2381079642073,22.641387149305956
113,37408.0,37293.15431197701,37393.8698030896,37340.192571430496,37295.77600207522,0.0,5.008876862757461,11.89461059032692,27.652548168218345,14.417549868583592
114,37328.0,37297.882014257884,37335.11342912793,37333.94140531396,37304.58235204756,-24.0,4.32333552158525,-23.189228322018607,-3.2804634595522657,7.635467574724316
115,37360.0,37301.80098302018,37347.49134644556,37333.63164451139,37311.046937224666,-64.0,3.4625385122999432,-50.165350454590225,-13.49393854687878,4.0169320383356535
116,37200.0,37304.807091282484,37234.78272821875,37306.953528220205,37312.61621612423,72.0,2.5677610596358136,61.205022866935906,26.798647818919562,7.200089705776918
117,37504.0,37306.93650513945,37469.90139217943,37387.22894014923,37325.44711663622,80.0,1.768127861301764,64.62562485784656,21.889882003641105,3.9032563438013312
118,37360.0,37308.34334700509,37364.03397793444,37350.73329222749,37320.422728811835,-104.0,1.1475220824468124,-85.69752457275536,-41.129001807999884,-7.003251383794122
119,37296.0,37309.23154930434,37298.50634303392,37304.97093653323,37311.44061386863,-48.0,0.7217297787683492,-52.99591973093629,-41.2768874276444,-8.210084249771171
120,37264.0,37309.786806562624,37258.04213847257,37268.1795173722,37304.00256031229,-80.0,0.441276262892643,-70.25351219849472,-34.70166047492967,-5.437925540722063
121,37136.0,37310.11410183013,37157.99931863693,37235.56761558337,37300.56476278719,0.0,0.2078508716658689,9.953773349017865,17.171906002855394,4.790440614251565
122,37264.0,37310.202508305956,37277.949685170606,37302.52332937791,37313.583441540795,248.0,-0.08767673455440672,211.0556179555897,86.21737848349585,15.497850830648531
123,37632.0,37309.93874836102,37580.11055454811,37408.00237255036,37331.560464448485,-64.0,-0.5243508978055615,-51.9553850618031,-6.519770552364207,2.955046130115079
124,37136.0,37309.153806510345,37174.038915047,37289.48378827318,37319.493533801025,-168.0,-1.1192277723021107,-142.56486265514104,-41.77669014059575,-2.892253957412322
125,37296.0,37307.700292816415,37294.98082923783,37324.44899226917,37325.77595653366,136.0,-1.8051435703746392,115.84606037995763,49.189700130576966,7.77122055932341
126,37408.0,37305.543519369596,37405.731035806915,37387.863188534335,37335.03597491967,104.0,-2.4334564612072427,99.4053856036553,53.345790532330284,5.611817131990392
127,37504.0,37302.833379894,37493.79160044514,37431.14057333383,37336.99959079764,48.0,-2.8146089932124596,37.01856686393512,6.847671466410247,-6.386404582146497
128,37504.0,37299.91430138317,37479.768169534786,37401.558531467155,37322.26316575538,-152.0,-2.766416177073552,-135.18258323644113,-80.8027761330959,-23.82326675449076
129,37200.0,37297.30054753985,37223.42643397226,37269.53502106764,37289.35305728866,-144.0,-2.166159131895256,-139.20956570123963,-97.25599986569068,-28.442455602289556
130,37216.0,37295.58198311938,37201.349038132306,37207.046531735774,37265.3782545508,-104.0,-0.9953960833627207,-95.33220517840164,-66.96522346398706,-21.50589001031767
131,36992.0,37295.30975537313,37032.762023615454,37135.60457413967,37246.341277268024,48.0,0.6468153647438157,35.2231035604309,0.3603294737331453,-6.319913419374643
132,37312.0,37296.87561384887,37271.79524525317,37207.76719068324,37252.73842771205,40.0,2.5505196886842896,38.00944790354333,20.046211885190132,3.434071829626191
133,37072.0,37300.410794750496,37108.78091942254,37175.69699791005,37253.20942092728,24.0,4.436679910806561,20.890271282063622,19.778306181829976,9.531464261592191
134,37360.0,37305.74897367048,37313.575787817295,37247.3238030469,37271.801356235235,-72.0,6.017054620304407,-64.44573383940951,15.288706660299795,14.182003119723959
135,36928.0,37312.444903991105,36979.88945174372,37206.27441123065,37281.573427166724,176.0,7.046320144312631,175.04438839336217,98.08781379907305,27.450742289820482
136,37712.0,37319.841613959106,37663.66456460402,37443.499430645046,37326.702840814876,248.0,7.370622791568167,229.93401145270764,102.97473473692298,25.86455568889869
137,37424.0,37327.18614957424,37439.75747464914,37412.22388070449,37333.30253854452,-168.0,6.954705701689818,-145.11971670918138,-37.1636095883041,2.064824656867131
138,37376.0,37333.751025362486,37373.42513118566,37369.17221146844,37330.83249012861,-80.0,5.88170262179483,-79.20668753518112,-46.46556350183528,-4.728423909476987
139,37264.0,37338.94955481783,37281.344099578775,37319.29275370082,37323.84569072557,8.0,4.333784205351549,-5.360533712992037,-22.233080917201733,-3.9945148667648027
140,37392.0,37342.41859377319,37362.70406375967,37324.706049634035,37322.84346039508,-80.0,2.5612056794634555,-65.1197170207488,-28.23367924977356,-4.460057310730917
141,37104.0,37344.07196617676,37151.10466553728,37262.825395201275,37314.925576104106,32.0,0.8460110065716435,31.37427705700611,17.53204316787378,2.6283945142276934
142,37456.0,37344.11061578633,37425.452617873685,37359.77013596978,37328.100249423536,136.0,-0.5410136185237207,114.16069411182252,48.829808753402176,6.779685790606891
143,37376.0,37342.98993893971,37379.42605376092,37360.48501270808,37328.48494768532,-40.0,-1.3743243828539562,-28.89629530817183,-7.042616907667252,-1.9910543539481296
144,37376.0,37341.361967020624,37367.66002725734,37345.68490215445,37324.11814071564,-56.0,-1.5051673426678462,-53.46589021685941,-29.95765947640757,-6.960899933896144
145,37264.0,37339.979604254375,37272.494273327204,37300.569693755264,37314.56314781753,-64.0,-0.8811289709919947,-52.694387294115586,-26.830361521551822,-7.026835507240321
146,37248.0,37339.59970907864,37262.27125266911,37292.024179111344,37310.06446970116,80.0,0.4474328250362305,61.13324268747601,13.466574911755743,-1.395454631307075
147,37424.0,37340.87446990445,37394.760758702156,37327.502843578775,37311.77223855491,-16.0,2.326701200057869,-13.706700456197723,-12.76991374318095,-3.9036192185049003
148,37216.0,37344.253111478756,37234.857851756715,37266.48435162498,37302.25723126415,-72.0,4.522630312658293,-65.61364816184869,-35.77631614130223,-5.202145727551397
149,37280.0,37349.919730529764,37263.53346237846,37255.95021129617,37301.36794709981,-64.0,6.760421684019093,-53.657077485957416,-22.559034680729383,0.17911319065024145
150,37088.0,37357.773954846794,37127.5436967848,37221.36628226352,37302.61545764545,112.0,8.764857844307699,94.28854834921367,32.09921209911772,11.978283427910355
151,37504.0,37367.44944621838,37452.110559076886,37320.148635494406,37325.32451395563,-48.0,10.30824532673796,-41.82712611685565,6.856670978086186,13.77528200796587
152,36992.0,37378.39044550027,37043.88944455109,37235.079624219696,37330.16602166138,8.0,11.249825348008017,20.035750621496845,36.4708008351372,21.74980878881979
153,37520.0,37389.949096914395,37492.18206031988,37393.09023716468,37368.82413153327,248.0,11.548005857035605,214.78022875082024,94.55573152732904,31.099316448548052
154,37488.0,37401.48645721434,37473.44990205273,37424.191087274354,37392.36465455848,-120.0,11.254197737980576,-91.48264800351899,-0.8036062531500647,18.75875575313694
155,37280.0,37412.45749239036,37309.21676431284,37391.48302465838,37406.341643039545,-32.0,10.49632415481392,-18.149316175695276,23.03344971322076,20.294070633040974
156,37424.0,37422.47910552397,37437.15126970134,37470.257986700795,37432.95279582456,272.0,9.438076580598135,231.44689824422312,101.90395539280871,27.05879257624474
157,37824.0,37431.33364555155,37772.11056080129,37595.290935444,37460.459228192034,16.0,8.235738699986541,18.798409770930448,10.678416465205373,9.329393777072255
158,37456.0,37438.95058292394,37474.7480892432,37491.614819631206,37451.611583378704,-208.0,7.011973386426689,-184.66438435568125,-85.86870599718895,-9.067065644390823
159,37408.0,37445.357592324406,37402.781792089925,37423.55352344962,37442.32509690325,-104.0,5.8398110117377655,-98.05733670363406,-60.28453445677951,-7.570231630292255
160,37248.0,37450.63020494742,37278.63341583593,37371.04575071765,37436.47112011812,32.0,4.742021501995623,29.018702925663092,9.015102626854059,3.5695792207770864
161,37472.0,37454.8416353284,37460.81919794125,37441.58372870333,37449.46425534481,152.0,3.7023694229792454,126.2817718115657,55.32984233734169,11.866347993927775
162,37552.0,37458.03494379338,37531.19695945906,37481.70543539233,37460.203816105975,-56.0,2.6952761513566657,-33.63744118686736,4.974424385171005,6.149751566463237
163,37360.0,37460.23218763111,37393.54431556752,37451.53257747367,37461.76375847773,40.0,1.704222568525438,30.068933946029574,15.593430818171328,6.648130295645387
164,37632.0,37461.44338893043,37591.33482735112,37512.89229702867,37473.500076697266,-8.0,0.7331474301572598,-5.535351460763195,1.8058680693393399,3.8113220544000797
165,37344.0,37461.698482491425,37382.47361264599,37455.14431361235,37469.38640258653,-24.0,-0.18366593151949928,-16.49315147519883,-2.175826610146032,2.155646018589323
166,37584.0,37461.07605706739,37558.348524400724,37508.54064380838,37477.811368734445,64.0,-0.9878622680698754,47.61753375834087,15.666652100222564,3.115534584638226
167,37472.0,37459.722757955285,37477.70868016267,37486.477617812794,37475.61747175581,-72.0,-1.6135627399708028,-52.09644342469619,-14.824217089193553,-2.013023390849412
168,37440.0,37457.84893158745,37454.15563755133,37478.892209629994,37473.785321952746,64.0,-2.0055555138787895,47.225145145333954,11.860696632196778,-0.14288370542271878
169,37600.0,37455.71164692753,37572.15897045334,37510.19901107719,37475.331704344964,-24.0,-2.1374215329124127,-21.201814831289084,-13.593693014208839,-4.687032390535023
170,37392.0,37453.57408852162,37411.752007888754,37451.704823601576,37464.411257171676,-72.0,-2.026038740466902,-61.64692312081388,-28.641775674819655,-7.299884314703377
171,37456.0,37451.659569446594,37448.86512421171,37452.91545972755,37460.73193571556,0.0,-1.738221582443657,1.4387373815079627,-0.33163401025740313,-3.442724670341704
172,37392.0,37450.097645356735,37414.62948265177,37451.04155558106,37457.52580783099,96.0,-1.3836588432277495,78.91177169892035,27.646873644043808,0.07016250698507065
173,37648.0,37448.89225176014,37606.68866760955,37508.209207015636,37460.87226072953,-16.0,-1.0949243629620469,-14.497476994467434,-12.727745057607535,-6.009934064986737
174,37360.0,37447.90779663081,37385.634528662835,37425.586065465846,37445.50593970102,-104.0,-1.0054831330235174,-92.88149563256229,-49.830108816862776,-11.091024043460493
175,37440.0,37446.88128549409,37420.92567634443,37408.54898938191,37438.69021264261,-64.0,-1.2184463849043823,-60.08047059626551,-32.76258139298079,-6.881216426278115
176,37232.0,37445.470903861,37265.473587470304,37360.060902679885,37431.74350684846,8.0,-1.7713272667460842,11.915848477416148,15.542364637913124,3.0404695482757234
177,37456.0,37443.3386309606,37444.75737329926,37439.63371865774,37444.77115173916,136.0,-2.619944793827017,123.07065232525565,71.3896753067238,12.466202477655315
178,37504.0,37440.23101427335,37511.614892120815,37502.84025329333,37456.67591180377,112.0,-3.636787418676249,104.93197942561164,62.62666128226192,9.538555654802622
179,37680.0,37436.06505612325,37654.621332150484,37564.88704122226,37463.84826304876,24.0,-4.622945977662312,16.11310078207316,4.49030854006196,-3.6352356025709014
180,37552.0,37430.98512231802,37543.84109368496,37511.820870373456,37449.40544059863,-184.0,-5.343192074331455,-151.5747700407046,-73.15573566207968,-19.57255042020188
181,37312.0,37425.378671974584,37351.471792069075,37418.5755698981,37424.70316220836,24.0,-5.570028592701419,4.989658729467919,-39.95751552630463,-19.067120279851224
182,37600.0,37419.84506513262,37553.8204111439,37431.90583932085,37411.27120003893,-112.0,-5.131618239349336,-109.77534540451961,-70.71681091682694,-22.86840216748533
183,37088.0,37415.115435495885,37131.921101260035,37277.14194806445,37378.96635787339,-136.0,-3.9453402772342088,-121.06778338484219,-60.19291722417984,-17.75652427186651
184,37328.0,37411.95438457815,37311.68484437421,37311.52000487249,37375.758151495196,120.0,-2.0362302841203928,98.18796498524534,26.138059244283795,-0.8202988034390728
185,37328.0,37411.042974927645,37328.297031230526,37329.418066553015,37377.32576026651,8.0,0.4654005246848101,18.097343008947064,18.607094957031222,4.03389678464373
186,37344.0,37412.88518562752,37347.87953039211,37348.73419478655,37383.825945064484,48.0,3.3449061039355,38.98015112213034,21.68322562680987,8.491482051194907
187,37424.0,37417.732787135516,37406.25733347479,37372.784517806635,37394.3087243689,-40.0,6.340483602118184,-30.335529543386656,-1.557418076594331,8.998215522864484
188,37264.0,37425.56615283176,37287.208471305334,37345.61935863336,37401.82237611021,-8.0,9.18559739696866,-3.0065056427847594,13.644520143410773,14.404770546821965
189,37408.0,37436.10398192945,37400.24432218922,37400.073558093456,37423.118265462545,80.0,11.638189449608035,74.25746182997318,50.490978506819374,22.051802625461278
190,37424.0,37448.842531730974,37435.72339496528,37446.601315647,37445.925981361135,104.0,13.512376674254483,94.09604760245566,57.82841537704007,23.904014966643444
191,37616.0,37463.12873527796,37588.43641739413,37515.730388847536,37470.92629539583,16.0,14.689808951257874,14.89510939948741,18.994267624304484,17.746628804488864
192,37456.0,37478.22214963349,37465.513613764255,37484.58985089561,37481.41923897011,-96.0,15.119037230957474,-75.35473480859582,-16.845612504119345,11.763905522788264
193,37424.0,37493.36680973988,37437.72694777694,37482.0391638393,37494.45410644141,48.0,14.808388602359628,40.848072897348175,26.468894863337482,16.55757279336467
194,37552.0,37507.83892683821,37547.20975955895,37537.527640622284,37514.53438455684,96.0,13.8118676543927,85.5316095767921,48.25229709412815,18.20699734327718
195,37616.0,37520.99054504866,37608.79016693052,37578.543758027554,37530.86810112796,24.0,12.213102870231523,25.531242024168023,22.287996419046976,12.077121627520683
196,37600.0,37532.26513257867,37598.27224360729,37582.10363346038,37538.68862781188,-24.0,10.11262930855446,-19.15670528679766,-5.388307836990862,4.754958074510796
197,37568.0,37541.21580366577,37570.476756356926,37567.76714235357,37540.378017276984,-16.0,7.621018598307273,-15.411705465732666,-14.452919930019561,0.30829032895417186
198,37568.0,37547.50716977529,37567.44883267582,37553.19779360034,37539.30520846979,8.0,4.85508783462501,-5.7837603019906965,-21.970451953064185,-2.5075483837063075
199,37584.0,37550.92597933502,37558.909235752944,37523.826238447444,37535.36292050957,-192.0,1.9444945617397025,-165.77969184425456,-59.45843592917299,-6.374141934738873
200,37184.0,37551.396158898766,37235.88944898731,37434.28092174199,37526.556924600314,56.0,-0.9679393900914874,58.738876920495386,35.595144165548845,8.321850320753583
201,37696.0,37548.99010055484,37676.386989593935,37595.01652677854,37552.00662115108,288.0,-3.7211388636933407,251.90734351285573,110.24386842581589,18.250027608322853
202,37760.0,37543.95388117138,37739.704136013024,37654.768658593624,37563.05697981696,-56.0,-6.140938828724757,-38.16217351580053,7.136461111898825,1.2032076567302283
203,37584.0,37536.70822289739,37600.062642562334,37609.28944900234,37554.41303646454,-64.0,-8.061501339696406,-59.328280639019795,-32.834485090119415,-10.123291529198468
204,37632.0,37527.83087849199,37621.047574734985,37589.099688413386,37542.81039675856,-24.0,-9.337562460332265,-33.77719415243337,-41.63991638225707,-16.062119868045556
205,37536.0,37518.033097976724,37532.50825425747,37526.009616237825,37522.28879672845,-120.0,-9.86739521864365,-105.99804919018788,-68.08526405664816,-21.20716019369138
206,37392.0,37508.0960880547,37409.05147635461,37452.92916030009,37500.39607637118,-32.0,-9.618783942310984,-38.19939612982125,-42.61587578769104,-16.472916538710706
207,37472.0,37498.7955300921,37456.109461997825,37440.77786466244,37489.34296365103,-32.0,-8.63199710606932,-32.39470436764532,-27.76236330642496,-10.18596453759892
208,37328.0,37490.83209384256,37344.26206761932,37397.40443368724,37480.02414729598,-40.0,-7.014574075474229,-30.537056281897094,-8.671214131583838,-1.7176089902495733
209,37392.0,37484.766381941154,37395.03534943403,37423.435436399275,37485.90774567053,72.0,-4.930496256765764,65.95002898486928,41.74872091167708,10.578985658077727
210,37472.0,37480.97110132903,37476.16212558906,37480.90187551059,37501.18211861214,120.0,-2.5701076451441622,101.93740410032115,61.917376866615086,16.73347887221098
211,37632.0,37479.626166650865,37598.91015763467,37547.270190132505,37519.37470341495,-64.0,-0.12207490297441836,-42.70117978103008,24.00340968816454,12.561319973563513
212,37344.0,37480.72695152308,37390.759766027,37528.90869488692,37526.304758559265,200.0,2.2426533048055717,190.60019433428533,74.09285219787489,16.045293072274944
213,38032.0,37484.11147326048,37980.11054630324,37695.455894528255,37551.4652895595,64.0,4.3850908773929405,43.38442489030422,-1.724853094536229,1.1337954782102315
214,37472.0,37489.497133277866,37477.528615807605,37525.45898869785,37528.572349515685,-400.0,6.204320811044454,-353.371520362467,-143.26741148147994,-20.06432256802509
215,37232.0,37496.520114882565,37273.36750557831,37408.921071565295,37511.33664442345,16.0,7.627432045268506,2.6764176622746163,-28.07738134990359,-3.2688728710672876
216,37504.0,37504.7519973684,37482.881451132154,37469.30422599804,37522.03460377355,120.0,8.60098895882038,103.92120121459811,43.035267431761895,11.599689538779785
217,37472.0,37513.722092800206,37481.209908007506,37494.99160642882,37534.53602350101,40.0,9.092088826437248,44.37799691287728,37.183183645189274,15.628220902504836
218,37584.0,37522.93617502128,37571.63744495791,37543.67059328842,37553.29104557856,32.0,9.085402277665708,28.614761739951064,28.51428350381684,17.219574356484372
219,37536.0,37531.89289735554,37538.43943148741,37552.02017343645,37568.97517221398,-32.0,8.58861218345919,-21.00085603347543,16.359666866250336,17.33288524611271
220,37520.0,37540.113399388196,37529.63573289096,37576.38992702092,37587.956816070786,32.0,7.641937503929512,39.37496585834015,52.56471709493417,22.37948466035232
221,37600.0,37547.1767723634,37617.18936320409,37657.14960762632,37613.73414153468,280.0,6.323751501950028,249.23740721742797,109.33448441856308,26.46403254062534
222,38080.0,37552.760902392096,38028.110547325814,37795.05889585805,37640.88488115204,-64.0,4.760972106560075,-48.581282923405524,-4.561263839252206,5.194983674959076
223,37472.0,37556.69871657652,37520.02679735728,37648.02707994782,37624.1241088846,-152.0,3.1223189505690243,-143.63152039178385,-59.0182759363197,-9.154566823206551
224,37776.0,37559.005540293234,37740.847506542246,37677.02234398541,37622.57574750562,72.0,1.6032686028302123,45.05824189619307,-20.493563969706884,-9.219574003695016
225,37616.0,37559.90525378218,37610.14328114966,37607.0399520084,37605.68496087721,-200.0,0.4086895195832767,-159.98781964428417,-74.46241597280459,-17.406538584553346
226,37376.0,37559.8229193324,37420.87186725368,37528.0975120398,37587.76267033652,64.0,-0.2792019022272143,44.449987558622524,-2.8936839486996178,-7.3341570238699205
227,37744.0,37559.34684997772,37699.04325626691,37601.252584111004,37591.01664682947,64.0,-0.3332515463407617,44.02560516155063,1.7813641267021012,-4.395191165567667
228,37504.0,37559.15641623972,37508.92307757678,37531.660240293204,37578.97228800538,-208.0,0.2896428879685118,-165.50479080622245,-55.76222367119408,-8.295744423823635
229,37328.0,37559.92613575366,37368.03367465446,37489.728136768616,37574.42515798182,64.0,1.529073220983264,61.5384534365694,38.9319648597193,7.774127875531121
230,37632.0,37562.214562681685,37631.99998444992,37609.52417001264,37594.520543756444,320.0,3.22251441573826,274.03844098885384,108.55811825034834,18.221412962448085
231,37968.0,37566.371164585136,37916.11055663217,37706.84437326931,37610.86798390672,-112.0,5.1206626840466924,-97.99317369108394,-33.25761010867427,-1.5091606543937814
232,37408.0,37572.45588804978,37436.01363706775,37543.008949795294,37591.502222447656,-256.0,6.929303161366988,-229.70389722188338,-96.33094857637116,-10.190650336677209
233,37456.0,37580.22977090787,37456.702762188404,37514.18247611657,37590.486683233365,32.0,8.364107992376375,24.202936062698427,0.2647643795571639,5.7087949473789195
234,37472.0,37589.18410403453,37484.41950919315,37543.53847855441,37602.919812342414,88.0,9.203608054744109,89.81429297047362,65.12524171504265,18.979119726165663
235,37632.0,37598.63698701736,37636.33134812935,37644.432959546655,37628.444922685696,192.0,9.33907386784631,173.56857958294495,107.11096076557442,25.34735647757043
236,37856.0,37607.862251770224,37831.55666835904,37757.76040008556,37653.614525297555,64.0,8.79834254526213,73.00866202486941,64.20764058167697,15.050328876735875
237,37760.0,37616.23367210788,37782.34867217909,37772.84824071001,37658.54558043917,72.0,7.739417274493462,62.535364715509786,21.511960979460127,-0.14166583642872865
238,38000.0,37623.34108631921,37956.62739779006,37800.78432204448,37653.3311936247,-48.0,6.41748478732552,-59.17433317700488,-71.67175764329295,-22.54782713323584
239,37664.0,37629.068641682534,37664.00000582508,37629.50472542342,37613.449926172696,-424.0,5.127412246623862,-376.36897611635504,-188.52723390934625,-42.40877114336763
240,37152.0,37633.59591081246,37203.889445557346,37423.729854225785,37568.51365133796,-88.0,4.137559208174935,-93.82064372110472,-69.90994408474216,-24.110592267836182
241,37488.0,37637.343760098884,37476.35871838287,37489.68483725394,37565.22874163702,240.0,3.6385780660930322,207.7518369950194,66.79740165512703,0.5765273809156497
242,37632.0,37640.873066944645,37619.393119547385,37557.32465753604,37569.66670609979,88.0,3.7059231184794044,79.99999890143226,30.302149050119624,1.321299767758319
243,37664.0,37644.75560633584,37636.358716185736,37550.28913535418,37567.87134117254,-216.0,4.291172824661771,-183.75183584855768,-63.890954504775436,-6.601797868628637
244,37200.0,37649.45541259397,37251.88944785027,37429.54274852649,37556.463110362536,-16.0,5.24047647698535,-19.023741617620544,-5.975012564445933,6.414924708125909
245,37632.0,37655.23655928981,37598.311232950495,37538.339110225286,37580.70119058879,152.0,6.336754905274574,134.49067580176416,61.965916811441275,21.673139755694137
246,37504.0,37662.12892240452,37520.8707994538,37553.47458214937,37599.809389873924,-8.0,7.343134867034678,6.9135637722793035,39.872762998773396,23.898668778827414
247,37616.0,37669.92282902388,37612.13836049505,37618.08463622283,37628.49852814645,72.0,8.050793851434719,71.95936351650744,65.65237218487164,29.314064679845615
248,37648.0,37678.23051010739,37664.78952648681,37684.779326519114,37658.437519233616,152.0,8.319946590734617,136.5987984258354,85.08435355584515,30.46086704884874
249,37920.0,37686.56272220535,37885.335957346724,37788.25334333452,37689.420262244144,48.0,8.094427094645653,47.22621759352478,37.600688482667465,19.453756122737104
250,37744.0,37694.41936429668,37759.24196167386,37759.98070348445,37697.34503147909,-56.0,7.414010894972307,-49.884187303538056,-20.282288107850036,5.5920208089009975
251,37808.0,37701.390743995296,37785.56758273965,37747.68876711882,37700.60430386195,-96.0,6.394328786125698,-85.83646523597054,-42.447552806213935,-2.110512424045737
252,37552.0,37707.20802186893,37587.56903120192,37675.08559787202,37693.124006631,-24.0,5.194423507698957,-20.1533955281011,-11.060370310791768,-0.4240968993981369
253,37760.0,37711.779591010694,37745.260791683446,37725.56802649724,37699.75611006315,96.0,3.989175474809599,83.99571889874278,33.26644187383499,3.6199089353067393
254,37744.0,37715.18637281855,37755.56046899941,37741.61848161969,37700.36382450161,80.0,2.92934157345735,68.10202231299627,14.859695932300383,-1.5740943364544364
255,37920.0,37717.63827415761,37881.46483630944,37755.28741836184,37696.60792139024,-160.0,2.107223857099598,-144.9322960999234,-68.68735407692657,-14.92550704185851
256,37424.0,37719.40082053275,37465.69587679956,37604.24377346584,37670.512810417895,-144.0,1.5452414857063559,-129.128730554934,-60.92175816308736,-13.769470451454254
257,37632.0,37720.72875712902,37623.20737519957,37633.443902035666,37669.06898048733,136.0,1.1904858931884519,113.54837439787298,29.922079587664484,0.40961909380712314
258,37696.0,37721.781792319125,37692.792625595306,37664.08793264117,37671.33204860551,64.0,0.9287958721433824,53.54837837224113,14.687996926084452,1.0296705484506674
259,37760.0,37722.58634887331,37730.30413194405,37662.819895887835,37671.128321584234,-168.0,0.6246633504779311,-140.45159600789702,-49.85808880941113,-4.647310942065815
260,37360.0,37723.03111902008,37411.88943357951,37564.371755022345,37662.03742672138,-16.0,0.1515736443325295,-10.124424252710014,3.737736645678524,6.010976473215123
261,37728.0,37722.88949616197,37710.05528343863,37670.29536917919,37683.150274530664,232.0,-0.5643647376346053,189.0829229149531,77.07129874643942,18.870361535820848
262,37824.0,37721.90238954481,37790.05527940942,37718.51435251522,37699.77814979302,-144.0,-1.516408871877502,-109.08291927380924,-4.523840406356612,10.4167827520032
263,37440.0,37719.85667841822,37491.889444891014,37661.24768836648,37703.98384003467,72.0,-2.61763263447574,76.66666491858996,53.357180034498015,17.404882243386965
264,37968.0,37716.66712427586,37943.3886092466,37825.22871258422,37734.58791427979,272.0,-3.707398304315575,232.4162478983344,92.5953805098543,18.9334699591127
265,37984.0,37712.44188180959,37956.72194068768,37846.43844938619,37741.850779952896,-168.0,-4.576131663197884,-140.86210082665275,-47.57103850494241,-4.844595329253934
266,37632.0,37707.514860949464,37661.66440759329,37730.086635574335,37724.898723621285,-144.0,-5.0113432782491145,-128.93035942177085,-67.30849602468152,-12.307120150544506
267,37696.0,37702.41919525309,37698.86122184414,37711.821457336824,37717.23653965181,80.0,-4.842779563849035,51.502923471532995,-10.354449569102144,-6.600356986891711
268,37792.0,37697.82930182177,37764.67025453636,37709.37773643613,37711.6980096475,-72.0,-3.977670835411118,-70.83969462598179,-43.75485268262855,-9.553629521928087
269,37552.0,37694.46385358227,37557.18183259218,37624.31175197157,37698.12928060795,-216.0,-2.431219557664008,-181.57925898327449,-48.91010847877624,-6.262265009150724
270,37360.0,37692.96686270644,37401.51173656981,37611.55751947858,37699.1734796292,336.0,-0.3279828423874278,307.4643567474195,113.02452724629984,18.00287300270793
271,38224.0,37693.80788789749,38172.11054608702,37850.36080646417,37734.13502661337,112.0,2.105811607780197,109.5481900908162,51.98369021767212,10.468298314834101
272,37584.0,37697.178485922,37620.60811675144,37715.52489991392,37720.11007625887,-240.0,4.572080851412466,-222.43426563759567,-69.07345659327984,-7.2194465415559534
273,37744.0,37702.95204960032,37727.242014811825,37712.21389327761,37719.696133530255,40.0,6.750697338840837,22.843972119502723,-19.204059997515287,-1.6291360520990565
274,37664.0,37710.67988059968,37666.29606099045,37677.11677991889,37716.85180415467,-56.0,8.345011806897674,-49.46564886915439,-28.538723399269657,-0.2017391678491549
275,37632.0,37719.64207321411,37628.31071707352,37655.13644647907,37719.29265519456,-72.0,9.126419739623088,-56.43175854933361,-10.412110200290044,6.805483799609647
276,37520.0,37728.93272007893,37553.43254389178,37656.29255951831,37730.46277175389,120.0,8.971283654853323,111.85744830218391,69.30239279839952,21.693255147030868
277,37872.0,37737.58464052382,37852.025613677884,37793.74123207587,37762.67916548862,200.0,7.8763684784316865,179.14823615054047,98.31928859548862,26.750352009159542
278,37920.0,37744.68545703579,37911.72901619286,37852.93113670929,37783.96347577221,16.0,5.957713124294969,18.34848347929801,25.65547298806632,14.48248407219944
279,37904.0,37749.50006677241,37888.72258063648,37845.052178052,37791.64413363302,-112.0,3.4336618171619193,-99.39353237397518,-37.35286963128601,2.0628645424585557
280,37696.0,37751.552780670114,37712.94195144491,37778.22539744672,37788.089204857126,-112.0,0.5924943661484576,-91.07087196699649,-25.714081881927996,1.049531466967892
281,37680.0,37750.685055504706,37706.58083670249,37793.62401428814,37793.74319656695,248.0,-2.243550262886856,213.58429981699373,72.21062398550202,11.341151538174017
282,38192.0,37747.06568014434,38140.1105510789,37922.64664541772,37810.771507933474,-72.0,-4.75308271735048,-59.34569713317978,-5.654046161562292,-2.0331132368082763
283,37536.0,37741.178890070005,37587.88944243613,37782.31592196502,37789.67697009334,-56.0,-6.64610967000408,-55.999991275093635,-17.172762470192538,-8.410689335465577
284,38080.0,37733.77346080433,38028.11056852871,37888.301120477336,37793.95012926254,96.0,-7.685023358197213,88.28046082053697,10.13575875098104,-10.029334367671254
285,37728.0,37725.80884335361,37764.4503640772,37802.58743946698,37769.618301357994,-88.0,-7.700908234848612,-79.30184547987301,-48.419961276860704,-22.25091283664733
286,37904.0,37718.371644334635,37869.506877568965,37791.461197923614,37749.44830358925,-56.0,-6.62048863275777,-67.4090986633928,-67.39564258155588,-27.897582589281228
287,37616.0,37712.567866088095,37629.632166750416,37667.79615430387,37713.82313617943,-200.0,-4.466558060066745,-171.71387706645692,-97.7669664678142,-30.734010600848706
288,37504.0,37709.4385282145,37526.07912343605,37595.927264987986,37687.98028238755,24.0,-1.3657547931361478,6.842573865895247,-25.90525682189036,-16.64383967249887
289,37664.0,37709.83635650182,37643.31731448221,37615.98564066009,37680.535456834434,16.0,2.443479964746075,13.824763457199879,-3.948803997856885,-6.618052711401106
290,37536.0,37714.32548814399,37553.72865035045,37588.02965699227,37674.74417696475,0.0,6.634412999603228,-0.9454123794894258,-1.9411551716802933,1.145928978556185
291,37664.0,37723.10518250103,37641.42648972323,37612.10333031673,37682.827314791546,-32.0,10.819098150426726,-25.16971201108754,-1.874661517176719,9.024503566375643
292,37472.0,37735.96368444485,37503.389226328276,37584.28033395792,37692.7931840975,16.0,14.589525691073504,18.908868246420752,28.3171706201465,21.0055285108283
293,37696.0,37752.284233883176,37679.24422621607,37668.73767155702,37724.8383718132,96.0,17.570845410100446,92.07613096813657,70.82617337761621,33.487106306361966
294,37664.0,37771.10537526505,37687.54148826455,37725.93268071315,37759.767396710224,136.0,19.477876835037023,126.00470337122897,88.16134951270578,39.71739473253183
295,37968.0,37791.23998755325,37931.25363295853,37845.06037058243,37804.273161278266,64.0,20.154544099663326,59.98030948659289,57.657875160501135,36.31942263195742
296,37792.0,37811.414463464374,37807.502107237735,37841.24843103415,37832.40624197414,-72.0,19.59777069783013,-46.2409895321216,20.812275968793983,30.153392794578394
297,37824.0,37830.43552894891,37838.771653894284,37886.68492252002,37864.57994686742,112.0,17.95816401092452,105.12781612796607,76.77895274588082,34.20270223665284
298,38016.0,37847.33079148622,38017.75773949367,37994.806336525915,37900.811646447444,216.0,15.511149029560329,187.7747830677108,97.52458226884846,30.472281902399118
299,38256.0,37861.45782700803,38214.321220029706,38081.73408705772,37925.52451067222,-16.0,12.597804757155245,-11.830419315443578,-0.20520593934270437,8.189089758383489
300,37984.0,37872.526401000534,37994.09690086278,37994.39592464723,37917.18982596421,-200.0,9.556666493219382,-169.73981485301192,-82.1402000868693,-11.675193409799249
301,37856.0,37880.57115999447,37874.84159032368,37917.45368688398,37902.17412385262,-8.0,6.668260040045425,-25.04735892069948,-46.215394321261556,-12.706995918953908
302,37968.0,37885.862921080625,37944.00218302138,37901.96513600471,37891.7758341263,-48.0,4.103988181217574,-50.828492195374565,-48.505982876919006,-14.209498020005412
303,37760.0,37888.779136356905,37773.18460593293,37820.44172113014,37873.75512781261,-128.0,1.9170590788817208,-104.89454742380258,-51.30255430949546,-12.332949923060369
304,37712.0,37889.69703923839,37734.213088173776,37799.360027385716,37867.10993428018,96.0,0.06502681399069843,72.09392310971452,22.598319948436256,1.1103031815764552
305,37952.0,37888.909189984886,37917.37245215236,37865.63836102701,37875.975734175765,0.0,-1.5476425221531827,10.021624740398693,23.09751415480423,5.064586604374199
306,37712.0,37886.60175419408,37754.25633765457,37845.555055695324,37877.23910748893,56.0,-3.0180833042541053,59.91451766027967,46.69422251596916,9.525328687610454
307,38064.0,37882.87302337638,38037.20148747292,37959.02680605895,37895.026391550986,168.0,-4.392237432904949,137.20364329777294,60.985153393106884,9.338603639604116
308,38048.0,37877.81727932827,38028.66362425012,37967.52536248154,37895.91631476814,-136.0,-5.638186421798309,-105.2197419722288,-31.738762336648506,-6.714261044438899
309,37792.0,37871.59665053278,37826.76200352846,37895.549281385654,37881.59786946211,-32.0,-6.657770649002487,-28.091603079334163,-20.201440403059678,-9.838551832923258
310,37984.0,37864.50173803027,37972.48041809145,37927.12248167542,37876.23921110229,120.0,-7.316379894567945,88.1205050202334,3.134441127476748,-10.746697804701398
311,38032.0,37856.963890743646,38003.00301356893,37901.81816364061,37860.104473852705,-176.0,-7.493645365066186,-159.6223176318781,-90.39523621450644,-24.72951355695477
312,37632.0,37849.514447300135,37653.235782827694,37746.332009246406,37826.78018398838,-224.0,-7.124424094421556,-198.42833564873945,-98.32014977100334,-23.585280664901802
313,37584.0,37842.7150425548,37606.14634227145,37705.1778640986,37812.9339125229,72.0,-6.222779361120047,63.642270800992264,19.434786901500047,-2.399575839335739
314,37776.0,37837.068888577895,37780.52032442968,37785.201583049406,37821.98103230971,232.0,-4.886689437265886,196.97560430661906,84.62451047550712,11.346171402292384
315,38048.0,37832.94166368027,38000.09755088469,37874.426885049616,37835.62625532749,-64.0,-3.272443107980507,-45.19240842230647,2.4387445250176825,3.0265357841526566
316,37648.0,37830.52400236193,37690.135507585066,37790.07907209944,37828.03410387802,-96.0,-1.5542246889235685,-74.02711607353558,-13.308276900454075,1.4095537444300135
317,37856.0,37829.83321430242,37852.04331873762,37847.81033124871,37838.44536281635,176.0,0.10987166986524244,142.12440484065883,53.63642477362373,9.533527079147461
318,38000.0,37830.743745701664,37974.384317266384,37897.35192164669,37847.10115803631,-8.0,1.6054814901981445,-5.737415139308723,-1.782448778674734,1.0108531217811105
319,37840.0,37833.04417728282,37840.568488459,37844.24543369136,37840.46706905991,-160.0,2.8698900812960346,-130.97338651237442,-50.98377110964793,-6.61073552340531
320,37680.0,37836.483525864256,37712.437544241635,37795.38437942739,37833.8796869895,48.0,3.8787602843585773,34.05677699081207,8.831135449727299,1.1066022790655552
321,37936.0,37840.80169785154,37908.682042440625,37861.90770459081,37842.68027361804,64.0,4.6289360188893625,59.65471040213379,29.47717745882619,4.1346003094404296
322,37808.0,37845.741397902035,37831.7469650459,37854.338734345045,37842.14888760838,48.0,5.1184980896323395,41.79974783480429,15.600396926758549,1.1760583707618935
323,38032.0,37851.0386940308,37992.281538110234,37893.10849844433,37845.03239035956,-32.0,5.33178840133769,-38.057736384507734,-30.67598667855782,-6.464877730843
324,37744.0,37856.40497470471,37755.63149227689,37792.98676098793,37829.219132146696,-216.0,5.244552586711507,-178.49258444890074,-75.62835696242837,-11.552301605530374
325,37600.0,37861.527799204225,37635.29636921243,37741.85178451947,37821.9277871485,72.0,4.834962447577709,56.14672299770973,19.790915791276348,3.805044359232852
326,37888.0,37866.074899599866,37867.92493827231,37832.56859257048,37836.82922086516,152.0,4.106077430064033,132.25326042141023,63.00110433625014,12.342894759916817
327,37904.0,37869.73995406435,37899.80289005525,37867.85399319197,37846.61357666834,8.0,3.11082202201942,10.892402059213055,17.2123972174777,6.915034636589553
328,37904.0,37872.296543643904,37889.70974239073,37866.99338700544,37850.65929013834,-104.0,1.9544074811892642,-81.54443571085721,-19.363912683817034,1.3786779769216082
329,37696.0,37873.64876902673,37736.71401863354,37829.12616782434,37849.37093262218,56.0,0.7965080070061958,50.57436941049673,28.695864731071197,6.380189114948735
330,38016.0,37873.88955965792,37990.858481211726,37924.38511646758,37863.41966836824,152.0,-0.16374242733581923,128.43686863683615,49.45150687703426,6.4197191644707345
331,38000.0,37873.32128417206,37993.58775590721,37928.02918157841,37862.21037095112,-32.0,-0.7277403045773099,-29.331945768455626,-32.34134409997205,-8.09877886956383
332,37952.0,37872.43407904876,37932.194589674815,37859.702428267636,37847.22211062911,-256.0,-0.7360196597728645,-229.9519467397331,-114.4755391769504,-20.22715479055114
333,37488.0,37871.849244852514,37533.683862427744,37699.07810322451,37821.75606137002,-104.0,-0.09186638782193768,-100.5596862269449,-55.08527343087553,-8.778246190591744
334,37744.0,37872.25034627312,37731.075217220925,37749.531881405885,37829.66561824793,152.0,1.2153678427966952,132.76744089779095,53.21971888432017,12.192837790302292
335,37792.0,37874.27998053811,37799.218744223326,37805.51754099315,37846.14173695062,112.0,3.0936340714179096,104.23724811901411,62.74443008383605,19.183205550230923
336,37968.0,37878.437614415954,37939.54971345895,37875.02074157356,37868.03202934839,-8.0,5.373131899130385,-1.920463469599781,23.01357136718434,16.8918938651841
337,37776.0,37885.02624433637,37795.37781728413,37851.544683727516,37879.92552468099,-72.0,7.832286575441685,-47.282809754193295,14.296284017724247,17.089771566650597
338,37824.0,37894.10218756684,37844.98409395057,37903.613309609005,37902.21157248169,240.0,10.219801917835866,204.36637049754063,91.87528068598476,26.19662642478579
339,38256.0,37905.46584817204,38204.11055827921,38035.295245099485,37932.31877753056,24.0,12.292176506260148,28.106969314183516,21.329558040226402,13.923143925399927
340,37872.0,37918.68654057936,37901.19803257893,37946.27242568946,37930.05786033249,-160.0,13.842778176174761,-135.1897004733728,-51.88660656529828,0.6419758185511455
341,37936.0,37933.15140452439,37933.73115733246,37931.52203196889,37933.602729167666,48.0,14.71922484051538,21.188911415847542,-16.989377736128517,3.425005293560389
342,37968.0,37948.12499026039,37943.57585541063,37912.2936702172,37936.90787091961,-136.0,14.837554798315978,-112.27602486869,-47.081526643083635,1.7505352979278541
343,37664.0,37962.82651412102,37709.17910759508,37837.35897868272,37937.10379976352,-16.0,14.189384663877718,-8.501209840131196,11.74479780688489,13.851118832080829
344,37936.0,37976.503759588144,37926.573435730366,37935.78326583097,37964.61010858377,192.0,12.842574818612775,170.2615067871302,98.31592006373103,28.93681424944225
345,38048.0,37988.51166375825,38049.70212116934,38033.99081881018,37994.977428262406,136.0,10.93824148693966,131.63929128570817,91.20296238430092,27.716191091756627
346,38208.0,37998.38024256202,38189.85201830178,38118.18919059957,38020.042490767286,56.0,8.678845491474931,49.40998864136054,39.292967089179,15.66718704324012
347,38160.0,38005.8693547412,38148.522098452064,38112.57675298854,38026.311802348886,-128.0,6.305257233369048,-98.71942758938167,-29.324061116763914,-0.4150983009531046
348,37952.0,38010.99075702876,37992.41316312302,38059.541068366045,38019.21229416538,64.0,4.063136505235889,45.956880286030355,0.7348495605256176,-3.738893475238001
349,38288.0,38013.99562775167,38240.435859024125,38114.04645210959,38018.83401539841,32.0,2.1749335630483984,10.201991021731374,-32.47139020165196,-13.836577997048153
350,38016.0,38015.34062415486,38012.81714516648,37994.59828796274,37991.53913817128,-280.0,0.8025257155823056,-244.5788997235686,-130.14902016547785,-28.517920318561664
351,37728.0,38015.60067918283,37751.27805957699,37853.74841177864,37961.79817476129,-160.0,0.019769514135987265,-144.10287600619995,-77.97567029479251,-18.051054671934253
352,37696.0,38015.38016318313,37724.61139315408,37838.646947373156,37955.437028827415,160.0,-0.19645210809903801,137.8882760373126,56.22200928110033,6.610705507500825
353,38048.0,38015.207774966635,38027.05461165161,37966.19243034084,37975.01958577629,200.0,0.04029839580471162,176.21830006579694,86.64169813810076,15.933536237687804
354,38096.0,38015.46075997474,38077.047993285676,38011.93034364936,37987.30410130279,-64.0,0.5472699902420572,-44.76665193757435,3.7030851331983285,6.849720591639198
355,37920.0,38016.30231494712,37937.521307776464,37973.598600607234,37988.71902695957,-64.0,1.1075579480493616,-51.920146626911446,-11.532442738505779,4.850877004755603
356,37968.0,38017.67587587084,37973.20770003185,37988.865458172346,37997.0058553123,80.0,1.5106895320095646,61.72489241467338,25.699586651284335,9.737121118349023
357,38080.0,38019.32369401114,38060.97109260581,38024.9977739098,38008.193269196265,-16.0,1.5828344472320168,-7.381144396978925,8.631202692358784,7.597077343780256
358,37936.0,38020.8415447653,37958.445411237895,38006.12786355706,38012.20000999986,8.0,1.2155353322705196,9.701374821564968,16.194021425792016,7.81674130358806
359,38096.0,38021.75476467568,38080.37384224894,38057.38581676139,38023.82675180344,48.0,0.3772880975739099,43.79764225575855,31.950861585020903,8.018079393750668
360,38032.0,38021.59612096045,38046.04069574941,38070.029586727105,38028.23616878736,24.0,-0.8803537386811513,35.87033224754123,31.658563329267054,4.221225423290889
361,38144.0,38019.99405719832,38152.11450674402,38120.70294341992,38032.26920265002,176.0,-2.433640639344958,146.64634471474346,39.02482840278026,-1.5535060048387095
362,38384.0,38016.72883968176,38339.3333851789,38148.079243532666,38025.129156777686,-160.0,-4.107052939911227,-159.08488989201942,-90.58407812092628,-25.083588033452543
363,37824.0,38011.779951318495,37833.944726959984,37939.53478717807,37982.10202658312,-376.0,-5.69130660600058,-332.69432919761675,-150.7770627655591,-35.122028865414904
364,37632.0,38005.34622646976,37673.944726783666,37846.52511800155,37954.885099046856,96.0,-6.971750216878718,84.1550827615647,14.252889824252634,-11.072672583915846
365,38016.0,37997.83645088474,38002.25489248311,37968.040566826574,37959.956681415286,256.0,-7.756338423729176,225.15317909545774,97.53573223830972,2.269416439190536
366,38144.0,37989.8335496223,38124.25108497458,38041.59658247817,37959.42393192524,8.0,-7.902395461187552,23.251617364381673,22.354306890676526,-9.76155289378221
367,38032.0,37982.03165996236,38048.75812721188,38012.74918060793,37940.43357562772,16.0,-7.339423514997179,8.297678296687081,-38.47281156627287,-23.568677516130265
368,38176.0,37975.15470259231,38140.846441567955,37964.65095934562,37912.28657689298,-304.0,-6.084475023297273,-298.0733667801396,-176.97245480699348,-41.33266989010008
369,37424.0,37969.86270991577,37452.6113936516,37658.80427099394,37857.76823584752,-360.0,-4.24550393890604,-330.7841906823778,-165.24483963722014,-32.829929253075534
370,37456.0,37966.663694714494,37479.2780602032,37634.16128007118,37846.626718386826,200.0,-2.0100840104387316,179.43647837337994,64.4376491128387,8.389818458646914
371,37824.0,37965.84254189489,37811.48435039836,37787.67956921962,37874.547872764815,248.0,0.38391688513729605,233.2485313811594,135.35807375823788,30.448548016225686
372,37952.0,37967.43152848477,37945.77512296552,37904.87742758766,37907.52381441928,104.0,2.6888558554273914,103.16638739477276,93.63657216187494,30.752132375429937
373,38032.0,37971.220253605745,38017.8171251879,37974.95271354337,37936.052137515675,-16.0,4.680921145234606,1.1276281618775101,41.55164272739057,23.730929972178274
374,37920.0,37976.79337077524,37948.030379289274,37987.98071304244,37954.985674363634,80.0,6.194844024386839,70.36515054774281,47.0183560202895,20.682820566144073
375,38192.0,37983.60994165452,38158.54742628339,38068.989425583946,37977.41777864796,48.0,7.14535507785331,43.25417841107628,19.503425333477935,11.702993216727918
376,38016.0,37991.084080930945,38034.538736111426,38026.987563709394,37978.39166079709,-32.0,7.527266104134469,-31.315009614820156,-36.5080800198557,-0.9065348110234481
377,38128.0,37998.66447386279,38095.91740705375,37995.973265544235,37975.604709025916,-232.0,7.3980407298549835,-215.32464327916387,-97.02766539304139,-10.40671631987425
378,37552.0,38005.880162390655,37603.8894495531,37832.93223292331,37957.57822815734,-96.0,6.854089871514589,-79.95870020737493,-22.574916159272107,2.252430539290799
379,37936.0,38012.37265360582,37936.000006639,37950.82343322569,37980.1095701045,352.0,6.00847422264269,305.54663423111924,125.30291691522507,24.736820452380925
380,38256.0,38017.89711083594,38214.98271801534,38083.53806675376,38007.0518690621,64.0,4.9619778504820715,64.12859746522372,46.48366690495095,14.494892410712055
381,38064.0,38022.29660930678,38064.257201569446,38043.79076703559,38009.09935492592,-184.0,3.7866712048562476,-149.43950859865436,-49.85191620036858,-0.6975463898852468
382,37888.0,38025.47045324565,37916.10370081803,37983.834234353024,38005.65677628233,0.0,2.5230791222165863,-7.634996661257901,-12.039415506060323,2.4402601705260167
383,38064.0,38027.342767551214,38048.98720824693,38019.71193602347,38013.979875266974,80.0,1.1803283597473637,57.81954866353772,13.733669682180334,5.8220927479924285
384,38048.0,38027.83110996515,38031.742798145104,38011.301573717385,38017.30096177832,-128.0,-0.25440926030205446,-98.53041937630042,-26.7595754473914,1.7861346002573555
385,37808.0,38026.83394903061,37851.92636949433,37966.19278512869,38017.55214446749,80.0,-1.800695581434411,67.31495088075462,33.987603975652746,10.728789912547654
386,38208.0,38024.22971880228,38166.37269990661,38079.27678166869,38038.75854160341,80.0,-3.469956461645779,78.8102978854804,48.72238737434236,12.744324216091627
387,37968.0,38019.89403610732,38009.54696526529,38063.637559877374,38043.04079289967,56.0,-5.246257090726431,50.909091685120075,32.17955814736706,8.034290941246581
388,38320.0,38013.737204620826,38268.19088327685,38143.635897963424,38054.827123485906,-16.0,-7.073827260428516,-19.60979648542343,-8.183712932230264,-1.472313239471987
389,37936.0,38005.74638158646,37970.32737229444,38047.27013401291,38040.09616642073,-136.0,-8.84737898619278,-107.01851862895273,-40.730696944057854,-9.52614874414212
390,38048.0,37996.04244664844,38054.15384601895,38062.17450407531,38035.77482599762,152.0,-10.417933754593832,114.59570381922822,21.991622100045788,-4.932599123225373
391,38240.0,37984.91051407727,38199.5187799329,38091.253378213005,38030.23096817428,-128.0,-11.605162713851314,-105.4299917993485,-45.294436755797506,-16.032309414629708
392,37792.0,37972.83212122074,37843.29386242025,37971.58563056371,38003.71020716836,-56.0,-12.224367075399641,-51.36678003362613,-29.87493236743103,-15.935250647497014
393,38128.0,37960.461779926474,38096.78521986565,38031.50351347814,37998.36046687928,128.0,-12.12576220779738,97.41745677365543,11.669639653497143,-11.83171694511475
394,38048.0,37948.58059680514,38038.12877596756,37994.92490987071,37980.04677327813,-128.0,-11.226003946379933,-108.01256406027096,-63.11614867208482,-21.711354937244323
395,37872.0,37938.009772033714,37880.760091745105,37905.27121613397,37954.937757004795,-120.0,-9.536932206407073,-113.56822549692515,-73.01808566974432,-20.962128423099784
396,37808.0,37929.50673239233,37810.99232497371,37848.88873853122,37938.12251643193,-56.0,-7.172468717159063,-54.806141902856325,-35.93810833714451,-10.309114751260495
397,37760.0,37923.664834599396,37771.14780793939,37833.394999459684,37934.31952750227,8.0,-4.3304795400945295,15.894522662631061,21.20376065830351,4.912987445452018
398,37824.0,37920.84577331214,37842.78137029897,37891.296259847826,37947.94849132284,224.0,-1.2652776564536907,193.54998881371648,91.54939031205868,19.82638838670391
399,38208.0,37921.13427928649,38158.247785566826,38016.4937800838,37973.97230427568,40.0,1.7494603840823402,38.69576814271932,29.44441027787252,14.322428166629834
400,37904.0,37924.344694080304,37920.17290658441,37950.18508040357,37976.5933476561,-192.0,4.472691483078961,-157.21034606036483,-43.21615947844475,6.250710763219104
401,37824.0,37930.07966225265,37843.827093446096,37930.06146112691,37986.47372580212,24.0,6.7136226658803935,22.78965409215016,32.9071112868005,18.004064436132467
402,37952.0,37937.771939412065,37965.75221476871,38015.99930297717,38012.60147652836,280.0,8.358943072722468,246.26572587792907,117.93749333884261,29.157824552654347
403,38384.0,37946.79754839809,38336.358545201954,38165.9364478046,38044.78937490743,80.0,9.380711157482438,76.81952573126546,40.90536872972007,15.227367124443845
404,38112.0,37956.53336172703,38119.39126623124,38097.81004043661,38043.05621077725,-208.0,9.81775562700932,-180.010947814495,-75.22138714967514,-5.180353591320454
405,37968.0,37966.43305965211,37976.336649572964,38015.49367350525,38034.42866772479,-104.0,9.76218025549315,-101.3713687934578,-58.569530178738205,-5.306109666220436
406,37904.0,37976.057722238016,37916.64852864433,37980.670980079136,38032.44399144481,0.0,9.335711538740725,3.5545222929831652,3.512796613456885,4.437523292257538
407,37968.0,37985.10448272959,37983.44569415893,38022.51926673216,38043.3037143093,168.0,8.675592367384525,144.02563630924124,69.10792001910158,14.62490857996454
408,38240.0,37993.408906972785,38204.69980126281,38118.88682011734,38061.69380860474,40.0,7.918619065952953,44.753113417926215,35.81096344384787,9.474784725669451
409,38048.0,38000.9417208615,38072.95192099478,38094.14119361986,38062.25328376064,-8.0,7.197603445274581,-6.988275294119376,-1.6750296875579807,1.2721393439351232
410,38224.0,38007.804113863334,38190.72325067457,38115.53676074222,38064.23808729261,-48.0,6.634385221364937,-48.6124169473369,-32.83605250652181,-6.00329210340351
411,37952.0,38014.21049130423,37975.72708710011,38028.46908860681,38050.246699553834,-112.0,6.331302302358381,-96.36072807389792,-48.83312783200017,-9.079052761080675
412,38000.0,38020.46671846805,37998.001794526775,38017.87050507822,38046.07998177045,16.0,6.364726982079446,12.283680060525512,-1.663330989482347,-1.8627186948615417
413,37984.0,38026.93994526839,38000.29444722116,38025.14242662785,38046.52126216411,104.0,6.769412128287513,83.76488880016768,27.843134863553132,3.5673435018652526
414,38208.0,38034.005542724626,38165.53157212711,38073.55677480533,38053.21466877418,-88.0,7.530335876293975,-70.20250834276885,-18.80726441985462,-1.0458599512239743
415,37808.0,38042.000617020974,37859.88943053562,37987.52789778814,38044.42954226166,-8.0,8.570360719546443,-2.0356137375274557,3.735071876879374,3.036350600570586
416,38192.0,38051.14626416372,38161.460344652056,38081.02691855909,38059.28736997532,160.0,9.750137876861118,127.81075608512401,38.0124800504891,8.222196212416748
417,38128.0,38061.5008927747,38115.51094270587,38063.55285788912,38060.8739346865,-128.0,10.88617703903219,-108.39468841684356,-49.69763172540843,-1.7697385544925055
418,37936.0,38072.91861824178,37944.67096781837,37981.63165510827,38055.74789286633,-136.0,11.773173225145001,-127.48513579563587,-59.10537522670711,0.8613528231508099
419,37856.0,38085.04723922499,37860.5406711146,37945.3421074357,38062.5966403328,-72.0,12.222578887543932,-61.426941130783234,8.38150604527982,17.17857948310848
420,37792.0,38097.36377601687,37821.8170855568,37998.39466719883,38090.10505183255,280.0,12.096904859885399,271.01391631667866,156.92258671846503,42.41366409137481
421,38416.0,38109.24104894476,38402.568503747956,38259.18728087263,38147.42396851555,384.0,11.335482746024354,352.9418628404783,181.7135607541968,43.890115108777536
422,38560.0,38120.03474150892,38527.70081123776,38361.821788707224,38177.885282050105,-40.0,9.964986025432154,-36.36363632140274,3.5454021882032976,11.355577637063107
423,38336.0,38129.17102099562,38329.84123110515,38266.27808524904,38170.135123789674,-312.0,8.073182105512387,-276.781060685611,-130.40466083366846,-16.043402070947195
424,37936.0,38136.181105719945,37974.13868986654,38101.01246703989,38145.79847790821,-112.0,5.7863780930420035,-116.8814558271988,-82.75938468920504,-13.846721986054035
425,38112.0,38140.743777181706,38096.07831945075,38100.75931587063,38142.441679817566,56.0,3.2443627077191195,42.331226837985014,-5.873493233946647,-1.834714099764824
426,38048.0,38142.66983113538,38058.80114354251,38089.265480571994,38142.12904970868,16.0,0.5758972893636383,16.72854180429931,9.138904987365095,4.3938223765508155
427,38144.0,38141.89557176043,38129.53540305935,38119.03712584536,38151.22932457067,-8.0,-2.103926199597481,-1.588725186393276,17.29020819604557,9.461741090515716
428,38032.0,38138.46197873619,38055.62369316972,38123.845896964085,38161.05253188971,40.0,-4.684713977992942,44.20675595895227,50.731719600767974,16.27583391353619
429,38224.0,38132.52614380445,38217.948914977256,38220.500565046896,38183.78099239774,136.0,-7.033964383172133,132.0697966938169,94.90495060625472,20.717510127909918
430,38304.0,38124.394049969844,38319.763286557354,38313.655798176595,38202.48755214553,232.0,-8.983699822812923,209.0808181795619,97.98313221799981,13.630937355068454
431,38688.0,38114.55874415882,38636.11055133638,38416.466829482895,38211.04286710788,-64.0,-10.328143029175408,-60.69710523408867,-32.955553952255286,-15.292541682258161
432,38176.0,38103.73776391149,38198.36907608918,38247.744690272084,38171.902468781016,-256.0,-10.852086727245478,-236.74898191898683,-132.8497940747693,-39.345274887811684
433,38176.0,38092.85457070433,38162.612587498406,38150.76724133336,38132.352317332254,-96.0,-10.373697782673844,-102.69355109872777,-109.593828272049,-41.73253558214856
434,37984.0,38082.990368346145,37992.98197389172,38028.557033727986,38088.43739761672,-136.0,-8.78309589298442,-124.72074414808594,-99.93169074137768,-38.693049834699195
435,37904.0,38075.28837891836,37913.171099202234,37950.9038598506,38054.966217662855,-16.0,-6.097845605971088,-33.955378678296256,-54.201243952080404,-25.92286907072412
436,37952.0,38070.7946771342,37925.07121653513,37920.154545823825,38036.59165947527,-144.0,-2.4856527680422005,-122.7437999914655,-46.67204111486353,-14.144975213817816
437,37616.0,38070.31707338228,37667.6834992193,37857.559777620874,38026.67626723522,56.0,1.7478066661096818,69.46439102648947,58.18512060748617,10.618421121711435
438,38064.0,38074.29029046642,38063.99999858811,38036.5247870388,38057.82850171869,432.0,6.189170179281064,380.21352415281217,165.22740293732568,30.843659569407464
439,38480.0,38082.69541374084,38428.11054752493,38188.014583495526,38088.363586374035,-40.0,10.388836348967743,-32.61292277202665,5.497088204483589,10.953263974039146
440,37984.0,38095.06796316436,37998.774153044054,38047.518963447765,38079.73502966677,-296.0,13.936824810640246,-270.52106401634956,-108.73613832387127,-3.8418052239176177
441,37888.0,38110.56906336212,37887.06841949223,37970.54230684778,38080.6799759262,-128.0,16.5255635911235,-116.36363609069667,-35.70550317609377,10.57894505573131
442,37728.0,38128.119090346605,37766.04688086266,37976.10795709558,38100.892919778234,248.0,18.009809076200327,239.02470015368817,129.61962879558268,38.85758984095082
443,38384.0,38146.58868151452,38365.117819799605,38229.78156443895,38158.3951556081,360.0,18.415642596613907,334.84820346501874,176.56438956284182,46.22199361027015
444,38448.0,38164.95037553983,38435.7432877927,38329.23673622126,38193.336906998775,8.0,17.9144410559893,9.34190695657162,40.07353989294279,22.208596740612847
445,38400.0,38182.4175636265,38383.80163371275,38309.928644224834,38202.81234908933,-144.0,16.77891128950432,-132.93348551619783,-64.34376988400982,-0.3839404549835308
446,38160.0,38198.50819811884,38169.8763167603,38200.54919645324,38192.56902608881,-184.0,15.316517422263132,-164.54373315092016,-89.1048495449686,-8.61487169607426
447,38032.0,38213.050598471025,38054.71416741091,38131.7189451349,38185.58260569718,8.0,13.800838793406001,-1.5913122948732052,-18.970778750895988,0.6927098932246736
448,38176.0,38226.10987570565,38166.69369217056,38162.60763895145,38193.95444587526,80.0,12.426099212490954,65.44798561244534,24.19251329227336,9.269562471843528
449,38192.0,38237.90279689601,38185.6101386358,38180.10397171944,38204.121730640865,-32.0,11.29143156477221,-13.03286035576457,11.548318627712433,10.773371297651465
450,38112.0,38248.6927388352,38140.62797145903,38185.704276206874,38215.50118847056,120.0,10.411726182141138,98.15769011836528,42.452442590871215,16.55451725322564
451,38432.0,38258.72624926029,38381.92551887253,38265.008856901186,38237.23076514732,-104.0,9.75579718622248,-92.36925924401658,-4.190990855095151,11.99111493412056
452,37904.0,38268.20433320764,37955.889452970994,38177.322294496684,38239.4834183388,56.0,9.286267096824304,65.43940062864567,48.974584843836055,19.02682410842317
453,38544.0,38277.29878345394,38512.80432012982,38362.95802658886,38275.28441336416,288.0,8.986913441061915,252.20266715287653,95.11474538660696,22.365215693567734
454,38480.0,38286.17816008977,38460.29478727675,38367.5517852699,38284.21384972594,-176.0,8.883743596437853,-151.0355964693299,-51.63034868401519,-0.8598711519261997
455,38192.0,38295.066270646814,38210.73312719116,38259.69732922083,38273.56467106031,-176.0,9.03939702531352,-155.89602412978275,-74.00579143865616,-6.570945112609479
456,38128.0,38304.256954140394,38148.50273901718,38219.540202392585,38271.07195950072,56.0,9.524935034867667,40.28330691194424,5.612974368050345,4.660886415440473
457,38304.0,38314.11614071655,38291.29974101505,38270.92327795693,38282.88644389119,88.0,10.401919423675281,79.29570707309176,34.844714542807196,10.758806585035927
458,38304.0,38325.060792987744,38307.094153163365,38289.2296314782,38292.58957267079,40.0,11.685981958944467,31.265177965145995,10.921169260371244,9.132607413135702
459,38384.0,38337.48810463444,38353.83009694534,38292.76561647767,38301.15165871746,-120.0,13.323653428720718,-104.11357149132527,-42.0812067616971,4.419668982547591
460,38064.0,38351.708099845186,38098.867010180715,38205.067217954806,38301.428910635885,-104.0,15.191619168988836,-80.62803586104201,-17.164789545458916,12.148697450218606
461,38176.0,38367.871342972416,38192.57402522326,38258.43603738675,38325.4490536179,248.0,17.105179069039878,208.66286334299366,94.586838125324,31.492595662904932
462,38560.0,38385.918457983265,38516.1927368667,38394.24089420545,38364.414101961695,72.0,18.837617343124293,72.496673792808,52.92530392142726,29.18575344188139
463,38320.0,38405.546577658664,38337.56737280887,38364.28664522961,38383.82056050166,-120.0,20.14831770974706,-90.78850001347018,-7.81092636104222,22.59748656505326
464,38320.0,38426.21509340276,38334.61573683976,38378.61904148337,38409.6090750918,88.0,20.826878437590494,70.12704822967862,43.64191699544608,30.26896834472791
465,38496.0,38447.200334533845,38477.82146926823,38451.5704792205,38444.35849719112,48.0,20.709852945277817,52.31307876962819,50.736677347380464,32.16734695887135
466,38416.0,38467.634799293315,38439.24189437902,38480.09239617813,38473.943769009544,80.0,19.704682332205266,77.62989700589969,60.56811504669531,32.482460268904106
467,38656.0,38486.609699198256,38633.08126328003,38572.70670931389,38509.32341772893,88.0,17.8044503677811,79.2456853011463,50.96766779270911,28.04581960583164
468,38592.0,38503.24370002888,38597.73326498131,38582.02773176355,38530.03540822121,-8.0,15.083059520788083,-6.681673392165976,4.334888331428374,17.613760903335788
469,38640.0,38516.77581823983,38619.7179164957,38581.37648597675,38544.5509395356,-96.0,11.693160513350449,-79.42576600713801,-29.963002798427624,9.743078291176062
470,38400.0,38526.63002105558,38438.881732967035,38522.10172616669,38549.52156480356,24.0,7.840925280066585,13.572481306517147,1.7761032732887543,12.446703508136125
471,38688.0,38532.457668799965,38646.86287910873,38584.928692523325,38569.44434655187,8.0,3.7729349675755657,2.295541685361968,11.291312618293887,13.99499907590507
472,38416.0,38534.17589099073,38443.47281633776,38544.68435140328,38577.51156295537,-96.0,-0.2455254940832674,-66.0259810821808,24.097834581596544,16.14279455126598
473,38496.0,38531.9666178118,38514.81091694437,38633.12436168652,38601.7299356544,328.0,-3.9449656565848272,302.6245616552187,157.00219112649938,29.50486948175603
474,39072.0,38526.28595967756,39048.721939648196,38858.68873365628,38636.52130191888,304.0,-7.081875761254196,280.28884461802954,118.90873879789433,13.017431360422052
475,39104.0,38517.80286628929,39075.38860618043,38870.941839282306,38627.76479837525,-216.0,-9.480954905557155,-204.3609696233143,-104.27597473281276,-32.56826362487118
476,38640.0,38507.324049866445,38640.00000040157,38650.136784190654,38571.38477466914,-416.0,-11.047707345234812,-385.75246806872747,-215.7366629963326,-59.8107849726548
477,38272.0,38495.70745159882,38303.883670042975,38439.46851328964,38508.14322842994,-136.0,-11.786263304991735,-138.3634487883428,-126.93401425618504,-51.43438481770136
478,38368.0,38483.75152325646,38363.27310282488,38396.268755678284,38468.516005033736,48.0,-11.816718982339808,35.75494690633059,-29.065379772218876,-34.60142314451514
479,38368.0,38472.07401363414,38375.393563855636,38381.3377537452,38438.94038214091,64.0,-11.370648584572336,49.08828030892619,-8.262125060482504,-26.02860378578407
480,38496.0,38461.01022608732,38461.449663442734,38379.74450555732,38416.45879746217,-120.0,-10.759995058389904,-111.3910852808367,-59.72099540922136,-26.458644805628865
481,38128.0,38450.55402351736,38152.61139329396,38261.89576292676,38386.02309252965,-192.0,-10.347864377003134,-161.08580159733538,-50.900861167177936,-17.534550306038
482,38112.0,38440.31449733331,38139.27806024806,38277.94278322296,38381.38969685009,240.0,-10.518950870089611,213.5751974013474,99.01841190768391,8.836089162949065
483,38608.0,38429.51612177718,38579.76178809666,38459.93258674213,38403.69527085555,224.0,-11.658263089237153,208.7744391249471,107.95609689022967,12.090337548233947
484,38560.0,38416.99797115484,38556.82693849796,38493.85497700342,38405.57037194656,-48.0,-14.133205446865759,-38.80015710891166,0.8498787630051083,-5.846380311661051
485,38512.0,38401.24971088345,38502.161473878834,38461.63234426814,38392.002510232225,-112.0,-18.26153956656708,-103.85809522494674,-57.40646060121435,-19.567736202727247
486,38336.0,38380.4748920217,38349.110748048064,38379.042055800994,38366.434899541106,-88.0,-24.282012175153795,-87.49698559044555,-61.069260566648154,-24.04586571405889
487,38336.0,38352.68568653314,38327.16750269794,38339.49382313484,38343.91077880411,-72.0,-32.3370668192365,-66.10573186041802,-37.80132109873375,-22.128581796794606
488,38192.0,38315.80075838323,38216.89928432723,38303.439413603526,38322.177735947516,8.0,-42.37534114032678,14.228203265425691,19.6652972704469,-15.224156059215602
489,38352.0,38267.93500425249,38355.623909228794,38378.824417675736,38313.462466685676,176.0,-54.07383220790871,156.8441710455554,88.79721291008173,-10.642145927555248
490,38544.0,38207.65309396741,38530.58762641834,38481.03383942369,38300.893444092406,104.0,-66.79565262419055,107.90184928121744,70.72634145979464,-24.724350388652965
491,38560.0,38134.34369900411,38571.42760779123,38520.277100595325,38264.01376590837,112.0,-79.55538418645301,97.97802032902109,19.381811469302193,-51.67898988861634
492,38768.0,38048.542325594506,38726.54366707638,38519.797462362294,38197.53546431517,-168.0,-91.05695930100046,-168.63112369832743,-124.58090705188806,-95.00152837743735
493,38224.0,37952.22978040211,38234.165360394574,38271.11528649155,38074.010709153496,-344.0,-99.78369042100894,-325.08598634355076,-225.12453262496638,-131.02421970400246
494,38080.0,37848.97494475249,38076.37169438928,38069.54839711236,37935.48702490717,-168.0,-104.17239808819795,-175.9351940588931,-206.7926908230147,-145.74933300096745
495,37888.0,37743.88498422571,37882.29497227679,37857.52990484552,37782.51204315156,-224.0,-102.80934365525172,-222.6018607285514,-227.2535398440741,-158.24937959803356
496,37632.0,37643.356257441985,37631.16797293218,37615.04131742421,37618.9882657111,-392.0,-94.63953946447873,-385.31803650806614,-337.6463886769234,-164.1743641549001
497,37104.0,37554.605905296754,37111.658899260656,37182.23712749167,37454.16331484176,-360.0,-79.15813652946235,-351.18367554392535,-307.0071662189803,-147.31678512725557
498,36912.0,37485.03998438306,36928.800621844326,37001.02698498625,37324.35469545659,-88.0,-56.55818602256477,-98.85516819468103,-136.6966500123017,-109.1908846123406
499,36928.0,37441.489533251624,36913.948562871294,36908.84382746707,37235.78154561708,-80.0,-27.796365040325327,-85.10924461658215,-101.76124378564418,-73.18407255865532
500,36752.0,37429.44725430241,36758.58213261116,36797.504497414964,37177.98655033928,-128.0,5.409230962064612,-122.45576720433746,-88.58708134461995,-36.49566776083884
501,36672.0,37452.30799517575,36669.03702846262,36731.66966477783,37162.7902100954,-120.0,40.67336501923637,-104.35996183546376,-36.000000248219294,9.343170260894112
502,36512.0,37510.79398434088,36549.862208940234,36725.504496918526,37196.67289086107,184.0,75.15462701268916,172.90521126368185,100.58708059995479,68.11632530872157
503,37040.0,37602.61724920113,37014.84745098998,36932.84382597774,37299.022860712845,256.0,105.84103991007578,236.45351091476914,153.7612420480873,115.30111288741682
504,37024.0,37722.476064161034,37022.76923076977,37033.0269810147,37427.2751166359,-24.0,129.90218289360928,1.7679336286710168,104.69664554431438,148.41601175485266
505,36992.0,37862.42161498835,37018.383318247324,37142.23711706637,37595.85488422255,248.0,145.07117113087952,248.6153846199959,243.48651963196608,198.77251179777886
506,37520.0,38012.61840642279,37520.000000009764,37520.00002027863,37824.82014023146,1000.0,149.99993501259087,979.3313712918825,894.9735618232044,461.5370554811634
507,38992.0,38162.42148501353,38977.04606083109,38932.18424071278,38518.92899518488,776.0,144.49192750600923,783.4769695903306,805.9078672717915,453.12451225197583
508,39072.0,38301.60226143481,39086.953939190425,39131.815754822215,38731.06916473541,304.0,129.57724722933926,311.47696955905485,329.6151537235637,195.09362778730792
509,39600.0,38421.57597947221,39599.9999999492,39591.414548159904,38909.11625075949,504.0,107.38965345985707,485.55066691622415,355.2303052146235,143.502898562052
510,40080.0,38516.381568354525,40058.055273022874,39842.27636525146,39018.074961859515,264.0,80.84032345185187,249.02763652900103,131.99999971729267,55.862459193001996
511,40128.0,38583.256626375914,40098.0552730072,39855.41454759449,39020.8411691455,-520.0,53.16511925433588,-509.0276365483078,-401.13818249049655,-52.59173425674453
512,39040.0,38622.7118068632,39039.99999992626,39040.00000027047,38912.891493346026,-744.0,27.41709958303545,-720.8840001882163,-561.9138245171343,-114.30510113216951
513,38640.0,38638.090825541985,38656.28727263077,38731.58689856022,38792.23096688116,-232.0,6.0159422688047925,-240.14363583442537,-238.13673647102405,-113.04897812081254
514,38576.0,38634.74369140081,38559.71272825741,38563.72652732842,38686.7935371044,-184.0,-9.562528079812182,-180.46826592404977,-173.99710756759305,-99.89775292153354
515,38272.0,38618.96576938236,38295.35074078267,38383.592683425035,38592.43546103809,-152.0,-18.891032050229114,-145.1509207236668,-124.33750219086869,-78.33630301440644
516,38272.0,38596.96162730035,38269.410886810074,38315.051522946684,38530.12093107559,-32.0,-22.501082811199012,-38.885419922236906,-47.015399005009385,-49.40848340872617
517,38208.0,38573.96360375996,38217.579900938195,38289.561885415016,38493.61849422064,-16.0,-21.63869041574071,-3.9314811808981176,15.291305175844172,-22.22151214391488
518,38240.0,38553.68424646887,38261.54792444828,38345.63413329837,38485.67790678776,232.0,-17.929090728426672,210.90435285259082,108.88931453253826,4.343307906507107
519,38672.0,38538.10542230311,38639.38860664338,38507.34051448009,38502.30511003365,176.0,-13.025581518675608,155.58700831086026,79.37663842177062,8.14245874757762
520,38592.0,38527.633083431516,38572.72194107,38504.38741014191,38501.96282428291,-256.0,-8.316559791684995,-213.7495775750176,-46.75939926721912,-4.844144536593376
521,38160.0,38521.47230271974,38211.88945149334,38413.821715945654,38492.616820960466,64.0,-4.75951380125116,59.48272235669356,36.34516377656473,7.284837725575926
522,38720.0,38518.11405582901,38691.687385783385,38577.07773769504,38516.532499734065,256.0,-2.813711663478898,228.05952609196902,91.79489059690968,13.742303760300274
523,38672.0,38515.84487939278,38668.00850367728,38597.411497139474,38520.101428481066,-48.0,-2.486598160045105,-43.636363719688234,-16.960491985835688,-4.025999828943895
524,38624.0,38513.14085950892,38604.41465834401,38543.15675372337,38508.48050007618,-288.0,-3.446526051560795,-260.0595258318572,-94.67636655441311,-17.396903401080635
525,38096.0,38508.95182728966,38147.889452013565,38408.05876403065,38485.307621678905,112.0,-5.1726486638399365,95.84794569201767,20.931392322600004,-3.7074973133239837
526,38848.0,38502.79556218124,38796.110549728044,38585.01953836857,38501.06550544953,184.0,-7.104093158432079,166.60981149012878,45.470543522205844,-1.5888409569051873
527,38464.0,38494.743640972796,38481.10907499382,38498.99985107506,38482.129939765095,-240.0,-8.73859803952655,-201.67898463655365,-68.51976175597883,-18.029068696174363
528,38368.0,38485.31836610219,38392.75258045494,38447.980014856614,38465.00736805718,64.0,-9.677889919552399,35.406407735816174,-11.02982879013507,-12.272203305055882
529,38592.0,38475.38786113369,38551.921890465455,38476.94019349479,38457.58553315498,-48.0,-9.697635940829059,-41.221237662208296,-28.56972461443729,-14.142558244449901
530,38272.0,38465.92309422053,38310.31010513052,38390.84056562774,38436.72225156828,-64.0,-8.720154422542691,-50.061259682344826,-26.679345053176803,-12.627169008290366
531,38464.0,38457.947552288606,38451.799371100766,38423.581503388436,38432.3311951384,112.0,-6.774429368604615,80.48612147405947,12.531689454917796,-5.9744966729558655
532,38496.0,38452.37423548332,38471.28234807864,38415.903944537575,38424.77325822237,-128.0,-3.9976155726581055,-104.1052826289415,-47.725586582077085,-11.119274004915496
533,38208.0,38449.95232114329,38243.58880584288,38328.13033022428,38410.09264712857,-56.0,-0.5985586253300426,-49.74951302135378,-27.708449201156327,-4.575978737368132
534,38384.0,38451.17711823266,38371.78332203593,38360.48704613526,38415.62130074763,88.0,3.1376403699796356,67.11112637272527,20.600238978611742,7.109718656440236
535,38384.0,38456.22760188325,38377.81105858833,38369.330808181505,38424.31208444145,-32.0,6.868731795486383,-24.91697050591756,1.5091661369988287,10.706387915895903
536,38320.0,38464.914581823636,38321.9493810241,38363.50537840926,38437.034076579424,-64.0,10.184012213630922,-46.11477244376874,15.927259432381106,18.57369596694116
537,38256.0,38476.59562631051,38285.581513700796,38401.18532704627,38461.459476375334,200.0,12.59884601146041,187.5907907912624,110.27261216014085,34.6983736146758
538,38720.0,38490.11227384656,38697.13096260662,38584.05060272954,38506.430823808776,248.0,13.568625230032922,221.15317232834423,114.89057704804509,34.29288862388057
539,38752.0,38503.73287677058,38727.887858357484,38630.96648114236,38530.045253623095,-112.0,12.505000063672924,-89.80381246170509,-13.600881016005587,12.516692495475581
540,38496.0,38515.1222739739,38517.52333768321,38556.84884069753,38531.46420879973,-112.0,8.821527976069774,-102.74783225820283,-43.69322009606185,3.1921656166159664
541,38528.0,38521.375932722716,38522.39219384108,38543.58004095023,38536.42958485633,-24.0,1.9966446480430022,-23.170174636743468,-5.478779272176325,5.3868552994172205
542,38448.0,38519.11556326999,38471.182988409724,38545.89128215318,38542.23791939856,64.0,-8.32248061627979,64.70573661726303,51.256882279532874,10.520230512163835
543,38656.0,38504.73097149016,38651.803667075605,38646.0938055093,38557.470045880655,176.0,-22.199171087024297,159.63901404390708,95.24942611077131,10.30562877612465
544,38800.0,38474.71722109594,38790.46101649754,38736.39013437472,38562.84917695081,104.0,-39.31506199367141,90.96243190963287,58.49139605277742,-6.478410082301707
545,38864.0,38426.100847502814,38833.72853089487,38763.076597614854,38544.51322571605,-152.0,-58.87668073160967,-121.28578928944262,-23.775237952439056,-34.31028994895678
546,38496.0,38356.96385963272,38547.88943791865,38688.83965846984,38494.2285970529,32.0,-79.59375550840923,35.77663287355608,22.182890089905413,-50.373198810510075
547,38928.0,38266.913336485995,38905.28179664198,38807.442377794665,38443.76682809503,232.0,-99.76158247332933,194.82876383783878,58.323908222158934,-74.6734275531162
548,38960.0,38157.44069468606,38937.54696559433,38805.48747491416,38344.881741946665,-88.0,-117.40713144743131,-80.00000307599839,-79.21116542342133,-129.64099905103285
549,38752.0,38032.09907359113,38745.281790489986,38649.02004694782,38184.484829992965,-456.0,-130.5198727726347,-444.77348272303425,-378.74342612592955,-188.77267045404733
550,38048.0,37896.40094914079,38048.00000014826,38048.0006226623,37967.33640103857,-512.0,-137.31978903998242,-508.64089535564926,-460.5104905487715,-221.18160890247236
551,37728.0,37757.45949551117,37727.99999977869,37727.99906585028,37742.12161218802,-432.0,-136.50546225029393,-431.9999999914944,-431.9998178794194,-224.50870824114463
552,37184.0,37623.390024640205,37184.00000016527,37184.00098690346,37518.31898455628,-504.0,-127.44488588052627,-493.6883469171189,-425.8506283216266,-207.08667840392445
553,36720.0,37502.569723750115,36740.62330594445,36876.297809207026,37327.94825538017,-256.0,-110.28557043254114,-248.2954520293024,-205.42603704594148,-159.973316407104
554,36672.0,37402.81888377512,36687.40909610667,36773.14891281158,37198.37235174207,40.0,-85.9408676361927,23.831270695583953,-52.57443998966119,-103.25728605099357
555,36800.0,37330.68798847773,36788.28584733562,36771.148929227704,37121.433683278185,56.0,-55.98415361831576,42.305987907024246,-16.425518970019766,-60.86698429997705
556,36784.0,37290.85057653849,36772.02107192072,36740.29787487154,37076.63838314212,-80.0,-22.48768582399134,-76.15941581132574,-52.70211692039811,-30.163380978963687
557,36640.0,37285.71261682975,36635.967015712966,36665.74469538691,37061.10692132026,-184.0,12.203784125878883,-156.21897764290406,-61.68083179117821,5.523884244154033
558,36416.0,37315.25814479025,36459.58311663491,36616.93621128918,37087.68615163043,88.0,45.70295025343512,75.20618935269522,51.65962154686713,60.163537891690794
559,36816.0,37377.11851733662,36786.379394418356,36769.06393848064,37181.43399710364,152.0,75.80361775748679,145.0187446190139,128.65969643177596,112.01954532839227
560,36720.0,37466.86538030522,36749.62060587294,36874.255604152735,37311.72524228721,344.0,100.67720969593938,348.6666665234661,326.60621331697985,159.87750729793333
561,37504.0,37578.472936728496,37483.71272746529,37422.2763651146,37501.189011699505,400.0,119.02471494422934,395.3333332146176,362.87219795065175,189.32321999726992
562,37520.0,37704.91481019368,37540.28727230217,37600.00000005404,37690.37168228175,176.0,130.17866343818605,186.1436364076908,217.7236349664563,197.70125469633422
563,37856.0,37838.83026360487,37856.00000028067,37857.723635047514,37896.591521092174,560.0,134.13439750502948,539.0683934373192,445.03919300916823,208.24941486503303
564,38640.0,37973.18360520374,38618.42405917681,38490.078386072375,38106.87051201182,408.0,131.50017097081945,403.05596066474027,370.9402035691128,183.62251652023042
565,38672.0,38101.83060554651,38662.11192161015,38599.60404218574,38263.836554132635,-32.0,123.3696358949237,-5.7525295159030065,73.32767720623087,136.5578698274512
566,38576.0,38219.92287699359,38606.919000145004,38636.73374048484,38379.98625166672,120.0,111.15834450280454,99.4020792598676,67.49656854151544,106.34901011742113
567,38912.0,38324.14729455212,38860.916080129886,38734.59717926877,38476.53457436748,0.0,96.39357597710841,-1.422519365678454,9.162028418319096,74.77505141912843
568,38576.0,38412.710028947804,38604.07396141365,38655.057797321475,38529.53635450498,-136.0,80.51713116513929,-116.4723116480236,-40.01048328655452,50.67859786275221
569,38640.0,38485.181556882395,38627.97145683384,38654.57621269566,38577.89177009298,-40.0,64.74620677012354,-36.245220410604816,6.806521722013713,45.25000409264976
570,38496.0,38542.20244248805,38531.58352059244,38668.6708407655,38620.036362690276,184.0,50.00226284190285,179.70857477153913,100.43004845259566,48.3464107318141
571,39008.0,38585.1860825662,38987.38860637692,38855.43630960085,38674.58459155661,288.0,36.872100136479276,254.56920961831202,110.4836236357769,37.877458444159856
572,39072.0,38615.94664276101,39040.72193982906,38889.638088037056,38695.791279578596,-168.0,25.650638319584687,-152.05527311520927,-56.97917754527225,2.3962520009154105
573,38672.0,38636.48735920537,38683.2780601465,38741.47795451031,38679.37709555844,-288.0,16.42543029884837,-252.0552732374308,-113.42115627159001,-16.045329242231674
574,38496.0,38648.797503358706,38536.6113933542,38662.795775493876,38663.70062109413,120.0,9.131816193665145,93.0438233499408,4.715708730505867,-7.291443409601925
575,38912.0,38654.7509915927,38869.36570684638,38750.90937197132,38664.79420873924,96.0,3.6271631649433402,82.92932435282637,7.568282463100331,-11.266701917931641
576,38688.0,38656.05182968859,38702.47004205985,38677.93234042008,38641.16721725827,-104.0,-0.277341650766175,-94.54545448727367,-78.01086134120123,-25.96863061805925
577,38704.0,38654.19630829117,38680.27479787183,38594.88764928892,38612.85694750312,-296.0,-2.7937760513632384,-277.29029460733,-137.60086648670404,-32.867422379989875
578,38096.0,38650.46427758587,38147.88945284519,38402.73060744667,38575.43237249829,-72.0,-4.1422732540049765,-69.42441993184912,-38.79173811891087,-13.452956379915122
579,38560.0,38645.91176178316,38541.425958008134,38517.304173051096,38585.95103474329,264.0,-4.555270293793001,233.62167411324117,93.22565212997506,11.816213982161571
580,38624.0,38641.35373699828,38615.132801071675,38589.18191170662,38599.06480046261,8.0,-4.269351643881237,29.370848421902338,54.46869450883605,11.86700574245333
581,38576.0,38637.373058495396,38600.16765485194,38626.24156206877,38609.685046228195,120.0,-3.511455410760391,105.87312803995519,62.18043139652582,12.304498076995515
582,38864.0,38634.33082617676,38826.879057151586,38713.54277449967,38623.673796616604,56.0,-2.4750709320978785,41.10668805759633,12.072599680745043,1.972440219236887
583,38688.0,38632.4229166312,38682.38103096713,38650.38676143026,38613.62992666667,-200.0,-1.3270521337035461,-172.59287134879924,-81.96263235429069,-13.762373616602417
584,38464.0,38631.67672190935,38481.69331445399,38549.61750979109,38596.1490493834,-128.0,-0.2060422664944781,-112.22114424320534,-57.960496743617114,-10.873424814100872
585,38432.0,38632.01083209821,38457.93874248072,38534.465767943024,38591.88307703847,128.0,0.8037434187135659,105.93914043034238,36.08114212343935,3.728181506994588
586,38720.0,38633.28420874678,38693.57159531467,38621.77979403797,38603.60541239739,128.0,1.635788840096211,103.49082940729932,38.20392311393516,5.902605978790234
587,38688.0,38635.2824097784,38664.92040129532,38610.873614170894,38603.68828899605,-200.0,2.2299374380818335,-160.84107864589896,-49.469372781633865,-4.132708951543464
588,38320.0,38637.74408362294,38371.889438022874,38522.8410484747,38595.3399944943,24.0,2.5407550622549024,25.234105783354607,13.387958541163243,5.4187052229754045
589,38736.0,38640.36391990291,38715.38861286203,38637.64953125322,38614.525699442,240.0,2.5286010822237586,198.41625131103865,65.63324840512723,13.111989919794723
590,38800.0,38642.80128578739,38768.72194064495,38654.107545284955,38621.56397433389,-176.0,2.176586724774097,-152.05527634778628,-56.48821332579246,-1.8835263914152165
591,38384.0,38644.71709335246,38411.278060166456,38524.673104601636,38610.75864665917,-200.0,1.506097802932345,-172.05527229078143,-59.09788838249733,0.5326046582376875
592,38400.0,38645.813481393256,38424.61139606339,38535.91176851996,38622.629183650366,152.0,0.5937849511610693,138.36096708987316,79.1945481783041,23.00199617371618
593,38688.0,38645.90466325478,38687.9999943462,38683.062200958244,38656.7626390066,320.0,-0.41469186932226876,284.05527411152434,144.681532917406,32.57158730656374
594,39040.0,38644.98409765461,38992.72194428644,38825.27483435477,38687.77235826349,48.0,-1.309589924832835,45.6943163987562,34.85005057391754,13.398337170066952
595,38784.0,38643.28548340512,38779.388627143715,38752.76230210608,38683.559313346734,-288.0,-1.8498246529852622,-238.41626604978956,-88.13138119565701,-9.235079249421688
596,38464.0,38641.28444834864,38515.88941218686,38649.01207196346,38669.30219976465,72.0,-1.8046119106111291,48.36097530756888,-11.244194160888583,-3.9920035938521323
597,38928.0,38639.676259583895,38876.11057775885,38730.2739137843,38675.57530615903,24.0,-1.000240066947299,13.688405483815586,-17.601201287008735,-6.348128297668154
598,38512.0,38639.283968214746,38543.26622315449,38613.80966938944,38656.605943169314,-160.0,0.6284062975828419,-139.81463465399065,-65.55940970013762,-11.739065831250628
599,38608.0,38640.93307217906,38596.48130845087,38599.15509438403,38652.09717449653,8.0,3.0157455656699312,-4.37837244925322,-19.07702781340049,-2.303909947957436
600,38528.0,38645.315459346086,38534.50947825598,38575.65561376264,38651.9981232734,-48.0,5.959743617946515,-29.424438914960774,0.32832625993250986,6.100854940541467
601,38512.0,38652.852559414954,38537.63243062095,38599.81174690389,38664.29888437761,168.0,9.150144803519652,139.9349584538577,68.06200659320166,19.915705323088332
602,38864.0,38663.615748953125,38814.3793951637,38711.77962694904,38691.829533919576,8.0,12.218783484797314,19.994087377104734,35.85769351966883,18.92212623794694
603,38528.0,38677.29012638455,38577.62060537516,38671.52713394323,38702.143136853505,32.0,14.795395003638987,33.84081903663173,31.511073965801188,19.020759776602063
604,38928.0,38693.2065389604,38882.06103323696,38774.801774880645,38729.87105347278,64.0,16.563870649781165,52.2490120972725,26.675528377738374,17.821469292917755
605,38656.0,38710.41786768411,38682.118629569704,38724.878190698706,38737.78607543934,-88.0,17.31062003632178,-69.34925581874631,-15.484488832586067,12.004325738522311
606,38752.0,38727.82777903305,38743.36252159947,38743.83279721547,38753.879704949824,24.0,16.95896199320123,18.056500027094444,14.871005124503426,16.187614757978736
607,38704.0,38744.33579167051,38718.23162962389,38754.62020094771,38770.1613049553,48.0,15.566816421192925,46.02725614391238,36.097504206099984,19.589665253239218
608,38848.0,38758.96141187543,38835.417033887294,38816.02780562767,38793.0590354563,56.0,13.329041962773772,54.27057369987597,45.42150749379289,20.150682273819257
609,38816.0,38770.99387559606,38826.772777023645,38845.4632159353,38810.46266950294,40.0,10.547723186951771,45.219628254570125,44.16701827527504,17.126767521778675
610,38928.0,38780.056858249336,38925.856290396434,38904.36184217822,38827.31257049986,104.0,7.577871639521618,88.36496535494007,47.07954733203951,11.815529521918506
611,39024.0,38786.149618875104,39003.502707733525,38939.62231059938,38834.09372854677,-40.0,4.774017678475502,-24.840043995292945,-6.9283762791565096,-2.7141555257476284
612,38848.0,38789.60489360629,38876.17620240585,38890.50508961991,38821.884259448365,24.0,2.440098041006422,13.554506701562786,-27.864676169512677,-13.515256125992892
613,39072.0,38791.02981495712,39030.61172113665,38883.89295826035,38807.06321629479,-168.0,0.770599101899279,-164.9699977242053,-100.66565222937788,-28.067882338833442
614,38512.0,38791.146091810086,38546.23620695744,38689.173785161154,38765.7484947707,-224.0,-0.19066573174495716,-200.73035725373848,-106.13228051862461,-28.62729678555843
615,38624.0,38790.64848349363,38629.151006629174,38671.6283972231,38749.80862272367,144.0,-0.544288653658441,108.66983281760622,6.268810673504049,-9.649440910841804
616,38800.0,38790.05751450277,38763.57587259265,38701.71140650816,38746.449612949014,-64.0,-0.5083284983447811,-47.69577107327132,-19.061287460859603,-6.03652912720645
617,38496.0,38789.63182649694,38533.75946448263,38633.505822301384,38737.73556446926,-56.0,-0.3564774565893458,-41.019085696872935,0.5473269439098658,3.3727297437071684
618,38688.0,38789.34455958959,38681.537701198904,38702.80606039598,38753.19507243643,128.0,-0.3433543886822008,115.46674271078518,76.7032682925892,18.719261588990776
619,38752.0,38788.94511771957,38764.6929499042,38786.91235888656,38775.17408764724,152.0,-0.6344005626560829,146.61999822632424,101.56247793386137,23.137719593174552
620,38992.0,38788.07575846428,38974.77769765155,38905.931016263705,38799.47051162278,136.0,-1.258229215076426,123.973236005113,75.98416550899856,14.66994955667542
621,39024.0,38786.42865928942,39012.63942191443,38938.88068990456,38804.51398676059,-24.0,-2.0969441269953677,-18.94116616500105,-9.6099814068657,-5.930825524155807
622,38944.0,38783.88187021029,38936.89536532155,38886.71105344997,38787.608860574466,-112.0,-2.928059869507706,-111.26722998511104,-80.81410972960293,-24.72468315740116
623,38800.0,38780.572539550405,38790.104961944206,38777.25247044535,38755.06462044579,-224.0,-3.4979301591556577,-196.26559365631329,-120.8323477819431,-34.79100910638954
624,38496.0,38776.886009891976,38544.364178008924,38645.04635788609,38718.02684236169,16.0,-3.594410482695821,-3.9198938906774856,-57.682933616226364,-25.936435966017598
625,38832.0,38773.38371858501,38782.26517416285,38661.8866032129,38703.19174851375,-128.0,-3.111102723858494,-126.23736290352826,-68.21645306673236,-21.275506422247418
626,38240.0,38770.66380444426,38291.88945220187,38508.61345175262,38675.47582951719,-48.0,-2.0875015660458303,-41.500031159590435,-18.966425583967066,-5.942127520698705
627,38736.0,38769.20871545292,38699.26511184367,38623.95375204497,38691.307493472355,168.0,-0.6986446980336041,149.73701893979887,59.31717631482388,13.597038628780865
628,38576.0,38769.26651504819,38591.363490081465,38627.24780438227,38702.669906774754,-56.0,0.7985675701020227,-31.084171354887076,28.917954528438713,17.69590864113343
629,38624.0,38770.805850593126,38637.096769133896,38681.789661101844,38726.69931075462,120.0,2.1281144082313403,111.21712472190848,83.43668727049953,29.16436951760261
630,38816.0,38773.522743864654,38813.79773952528,38794.12117892327,38760.99864580996,184.0,3.0569342538256024,165.68966801779243,101.39210728305989,31.54926734583205
631,38992.0,38776.91971910078,38968.47610516948,38884.573875667964,38789.79784544629,32.0,3.4467081524271634,37.058891491597024,36.73963457867285,18.689091908643604
632,38880.0,38780.41616016951,38887.915522508476,38867.600448080615,38798.37682962725,-40.0,3.2734155426769576,-40.98297011862451,-23.17320354704134,4.497825662321702
633,38912.0,38783.46655018613,38886.51016493223,38838.22746857388,38798.79349677093,-144.0,2.608458231177792,-128.85453291509475,-66.25924521978959,-5.243658017767302
634,38592.0,38785.633076631864,38630.20645667829,38735.081957641036,38787.88951359171,-72.0,1.580598075655871,-65.27142486252342,-31.604532112327433,-1.1095074996374024
635,38768.0,38786.62774633744,38755.967315207185,38775.018404349226,38796.574481771655,72.0,0.33304986036455375,65.5974345648101,43.445648882800015,10.113692268529121
636,38736.0,38786.29917635259,38761.40132580791,38821.973255406636,38808.11689812877,200.0,-1.0215712495992193,182.45008117589532,89.94147876072748,15.14826126355183
637,39168.0,38784.584603838244,39120.867477558975,38954.90136187068,38826.87100429876,88.0,-2.4207834304179414,73.79409801030124,26.378787399386056,1.6976563849275408
638,38912.0,38781.45760949176,38908.98952182851,38874.73083020541,38811.512210898625,-264.0,-3.8544050721393432,-226.93034658792385,-98.80511656256931,-20.383182855202904
639,38640.0,38776.875793693966,38667.00678438313,38757.29112874554,38786.10463858835,-120.0,-5.352141563609621,-106.94881552972947,-58.79413708709035,-18.102340380850364
640,38672.0,38770.75332636454,38695.09189076905,38757.14255603123,38775.307530136924,176.0,-6.95191547541981,143.5445602311629,42.42270530129463,-5.631731944587955
641,38992.0,38762.971962743126,38954.09590484545,38842.13653934813,38774.84117469918,88.0,-8.659641570662643,69.48353830367705,10.062252990970592,-11.324296702787251
642,38848.0,38753.43404322321,38834.058967376404,38777.26706201317,38752.65893673135,-240.0,-10.423508761097764,-208.07558926209822,-100.23594632837921,-26.94929113125545
643,38512.0,38742.12494522093,38537.94472632126,38641.66464669137,38720.942592436666,-168.0,-12.125280559961539,-148.05712077378848,-70.77009197611187,-21.269214672855014
644,38512.0,38729.18348210329,38537.94472582883,38635.726878060945,38710.12050738564,152.0,-13.582375720528944,130.5216794824919,55.9256704000436,-0.9160596817418991
645,38816.0,38714.96019377987,38798.98808528624,38753.51598749146,38719.11047307318,192.0,-14.571091315552621,175.1857350578357,86.54710317624631,4.145489341201028
646,38896.0,38700.041299472185,38888.3161959445,38808.82108441344,38718.41148606804,56.0,-14.87396873124817,50.90909038075915,11.715639128691691,-9.57841270173958
647,38928.0,38685.212256317376,38900.80626604776,38776.947265748844,38699.9536476697,-192.0,-14.336552024713455,-182.4751673991559,-107.4001857901676,-29.86015601485269
648,38512.0,38671.36819542276,38523.36586114619,38594.0207128331,38658.69117403834,-288.0,-12.905939041309466,-261.61453142944083,-141.91619649919085,-33.92791492945253
649,38352.0,38659.40037823476,38377.57720318888,38493.11487275046,38632.0978178108,-16.0,-10.65866299791378,-17.90264201291211,-30.34840370740858,-12.588465336997615
650,38480.0,38650.05086942693,38487.56057712036,38533.323905418285,38633.51424336434,176.0,-7.797221046745108,147.78625953328083,66.87098537696875,9.09213772176372
651,38704.0,38643.80593614127,38673.14972225544,38626.8568435044,38650.282093254325,16.0,-4.609728141062078,31.33775641228567,54.96135983831118,14.081954552697425
652,38512.0,38640.831413144806,38550.236089944934,38643.24662509491,38661.678152469736,192.0,-1.4181137495033909,181.4804121399684,82.0130941379648,18.879966838900145
653,39088.0,38640.96970864226,39036.110546535376,38790.88303178033,38688.042026932126,-24.0,1.490447166859667,-23.82017158637609,-0.9220774244167842,6.365975808992516
654,38464.0,38643.812307478525,38502.59574677218,38641.402470246074,38674.41010408772,-232.0,3.922262452826544,-203.5022997743945,-60.77932641122243,-3.1114176400151337
655,38624.0,38648.81423354791,38629.10594698659,38669.324378957885,38681.819191652095,184.0,5.799654834263492,152.03993514736067,50.584098190760415,10.300047146974975
656,38832.0,38655.41161714705,38806.6756170669,38742.570666627595,38695.01019838167,48.0,7.159230818750075,50.94775541481431,28.53162098350367,6.341516648662946
657,38720.0,38663.13269518541,38731.001457816215,38726.38762092489,38694.50222494942,-24.0,8.122229253720434,-20.666870169607137,-12.989235240260314,-1.7828621847802424
658,38784.0,38671.65607565449,38765.34187672769,38716.592196147074,38691.44447401211,-56.0,8.84083102794466,-58.95019745006721,-43.4993267042737,-7.68552723670291
659,38608.0,38680.8143572413,38613.10106291608,38639.388967516345,38679.131170476016,-152.0,9.447984386053577,-126.73549923121027,-61.50874487256078,-8.75674501229878
660,38480.0,38690.5520444266,38511.87087826527,38593.57470640195,38673.93098398751,80.0,10.02485898073428,58.12420667554761,10.973092086580436,4.496362710877293
661,38768.0,38700.86407520277,38729.349476267176,38661.335151689505,38688.12389589777,32.0,10.599590657715453,24.225979337774334,14.428021132309368,10.199106705142185
662,38544.0,38711.75122574203,38560.32283694082,38622.43074866657,38694.3291973978,-120.0,11.148539782887383,-87.41245462228107,0.31097131035494385,13.721761369921296
663,38528.0,38723.161154768546,38554.524567022614,38661.957094310215,38715.56741863761,168.0,11.627752894368314,159.838562184279,106.50489279874819,30.6165921716929
664,38880.0,38735.00673153077,38879.999961309375,38835.44053426407,38755.56238174118,336.0,12.020327646609076,296.79301070454676,151.20370708588598,33.77308219062979
665,39200.0,38747.201810061764,39148.11058843171,38964.36450848199,38783.11358301887,-24.0,12.340458159153059,-13.717420119144663,11.106228458913392,6.706880428631848
666,38832.0,38759.687647849074,38852.565121071086,38857.652991181894,38768.97614259845,-200.0,12.62611763138193,-174.67067946555107,-93.88502170914217,-17.2886332905
667,38800.0,38772.45404532453,38798.769229500605,38776.5944650637,38748.53631643787,-40.0,12.923714738382841,-59.94974406743131,-92.76129358634353,-23.01301033868367
668,38752.0,38785.53507732584,38732.66563293622,38672.13040400921,38722.95012192108,-328.0,13.261722515431757,-301.43988825358974,-144.39885904989205,-27.038688420736435
669,38144.0,38798.97749035539,38195.889452993426,38487.79674696392,38694.4589395964,-16.0,13.613709081579145,-13.305178746646561,-12.435283563325356,-0.9682353448624781
670,38720.0,38812.762495489,38706.05527544293,38647.25983688256,38721.013651231355,360.0,13.889058762273635,315.08291980545255,123.09300835991598,26.605394196521956
671,38864.0,38826.75560787994,38826.05529260433,38733.98276368375,38747.66972798944,-104.0,13.94822023377128,-71.0829300874575,21.71430864307331,20.839563157562225
672,38512.0,38840.65893595654,38563.889415268015,38690.6884541687,38762.69277754648,8.0,13.626983515066968,19.293021981065976,46.049917569300305,27.557688434360898
673,38880.0,38854.00957491007,38864.64133656646,38826.08259882235,38802.785104858165,240.0,12.779837694841262,203.306191423977,108.43544406482397,36.23158255459202
674,38992.0,38866.21861134622,38970.50179811597,38907.55934229835,38835.15594265566,-24.0,11.311411473150656,-1.6305478706417489,39.25641462517524,24.52863493028417
675,38832.0,38876.632397856374,38861.38024082518,38904.5954280727,38851.84237471873,40.0,9.219644346845598,37.77964683512619,33.33379981069811,17.67855079900255
676,39072.0,38884.657900039914,39046.06109178622,38974.22694191975,38870.51304425367,64.0,6.6075499195139855,54.98630989214507,20.74498480692273,8.596321747620095
677,38960.0,38889.8474976954,38971.35286060947,38946.08539768655,38869.035018213974,-16.0,3.6637780752607796,-17.943928129381675,-35.098845389922644,-6.026275128991983
678,39040.0,38891.985456190436,39010.17323552746,38904.0292511399,38858.460493995684,-216.0,0.6496801627254172,-206.7040668128684,-110.04152097669794,-19.65149951850981
679,38528.0,38891.14685802085,38557.94472698373,38726.00235573315,38829.732019176954,-232.0,-2.138028469085839,-206.11425425690686,-79.02571754017117,-13.641873859880434
680,38576.0,38887.709399252264,38597.944727013644,38745.97781605956,38831.17674627592,304.0,-4.409553794452222,270.18562768378615,104.96436835618806,14.203564412764536
681,39136.0,38882.32775043195,39098.315982351305,38935.93109244553,38858.13914800248,208.0,-5.921820030831441,191.4891745085515,89.91882260872808,13.069359126682684
682,38992.0,38875.8657591906,38980.92307603075,38925.815461277016,38857.31546452929,-216.0,-6.510632701127179,-172.77752616682847,-43.20790053000019,-7.5579102467272605
683,38704.0,38869.306485029694,38752.76093001765,38849.51529138553,38843.02332750903,64.0,-6.11618607386481,43.59374760628634,-3.5425241987286427,-7.340970644811023
684,39120.0,38863.63338704287,39068.11057124332,38918.73041287956,38842.63352323967,40.0,-4.793966101577098,16.896960403941193,-31.419672066189378,-14.25812810737989
685,38784.0,38859.71855282654,38786.55485082553,38786.67594725315,38814.50707129427,-296.0,-2.7162541276447882,-257.7271727829211,-130.71649199983221,-26.601098380680924
686,38528.0,38858.20087878758,38552.65622567748,38657.297428879894,38789.431326478305,-120.0,-0.1587641524238279,-110.61749676064937,-64.72980393330727,-12.004178492050414
687,38544.0,38859.40102452169,38565.31985730423,38657.216339386534,38790.49871431017,136.0,2.5384815221659665,119.26291814791693,56.52708019990314,13.392323547370324
688,38800.0,38863.277841831914,38791.18206197331,38770.3515892797,38816.215973573046,208.0,5.016666839670506,181.77251453563804,98.31104453301668,26.528057941533916
689,38960.0,38869.43435820103,38928.86488637551,38853.83842845257,38843.554830193236,-40.0,6.94755775124213,-17.992743720282306,30.406053399146913,21.516598129848717
690,38720.0,38877.1729573344,38755.19657453275,38831.163696077994,38859.24916983274,-16.0,8.084764827664912,2.3145608209597412,32.907115664424055,22.65679813114548
691,38928.0,38885.60388785636,38933.49400801743,38919.652659781415,38888.86842645553,248.0,8.304818731092382,205.76747357181375,84.31529359413253,27.662677945558244
692,39216.0,38893.78259479658,39166.731521676375,38999.79428326626,38914.57452572386,-136.0,7.6215360248534125,-117.10797387097045,-27.961234882030112,10.634825554527197
693,38656.0,38900.84695990607,38699.27806027549,38863.730190017355,38910.13807756458,-176.0,6.1851956270838855,-147.0600641116689,-32.19899824022286,8.270455718949961
694,38864.0,38906.15298605075,38872.61139345304,38935.39628678581,38931.11543716176,280.0,4.250878337832546,247.38860646868125,107.36424016136516,24.333131455266994
695,39216.0,38909.348716581735,39194.05527321285,39078.458670340086,38958.804340475115,200.0,2.130382473085774,180.72193979810254,74.2917187243147,14.82912033710818
696,39264.0,38910.41375099692,39234.05527304924,39083.97972423444,38960.773677835976,-248.0,0.13890676560549764,-214.7514280773612,-84.4890839884174,-13.191978747337998
697,38720.0,38909.626530112946,38764.55241705813,38909.48050236325,38932.42038298044,-144.0,-1.4620246888443944,-141.71297754053376,-79.75897068956692,-17.732275706512155
698,38976.0,38907.48970161923,38950.629317968174,38924.46178285531,38925.30912642295,80.0,-2.5028621027631743,59.22349075093007,-10.787828080290637,-9.645800236343348
699,38880.0,38904.62080590742,38882.99939855999,38887.90484620267,38913.12878250775,-64.0,-2.9258604724600445,-52.632926608264825,-32.60451355130499,-10.52390478981033
700,38848.0,38901.63798067431,38845.363464751645,38859.2527557527,38904.26131684333,-56.0,-2.790338654653169,-50.81861005012615,-23.025712573620694,-6.054399822256528
701,38768.0,38899.04012859811,38781.362178459734,38841.85342105543,38901.01998286324,-8.0,-2.25332722056919,2.8096060067618964,19.52737583043927,3.4096651630716224
702,38832.0,38897.131326233175,38850.98267676517,38898.30750741358,38911.080647169474,216.0,-1.540953746651212,187.70252485824676,89.6078400649385,14.014696664708026
703,39200.0,38895.95822110481,39156.76722817623,39021.069101185305,38929.049376192655,72.0,-0.8970951165611041,66.45204956522866,33.29614436437987,4.421197832816688
704,38976.0,38895.33713600005,38983.886775895626,38964.89979614234,38919.92304283511,-152.0,-0.5448569432992372,-133.44657280248066,-61.71940697179525,-11.93018121579371
705,38896.0,38894.86850721821,38889.87408257127,38897.630287241715,38905.18901376107,-136.0,-0.6565624285831291,-124.64228046804055,-66.45436527976926,-14.274578385986388
706,38704.0,38894.02401114289,38734.602214959545,38831.9910655828,38891.373886063135,-8.0,-1.3090029489758308,-2.260792814013257,-1.6436888675161754,-4.446433394779888
707,38880.0,38892.25050132026,38885.35249694324,38894.34290950668,38896.29614697151,216.0,-2.4659436793081113,177.5127666999142,69.52329867722437,5.737068256952625
708,39136.0,38889.09212378427,39089.62774835937,38971.03766293725,38902.84802257704,-72.0,-3.9768929823403596,-52.54662014474161,-5.786415100807062,-5.105723265616689
709,38736.0,38884.29671535558,38780.25925665376,38882.77007930507,38886.084700440275,-80.0,-5.5997948601034295,-63.11159507908451,-14.882543979645561,-9.25908711475131
710,38976.0,38877.89253406406,38963.404558201204,38941.27257497796,38884.32984834754,144.0,-7.034309445240069,120.16809255347835,41.13878316187038,-6.338359675362881
711,39024.0,38870.2280964651,39020.59544176071,38965.04764562881,38873.40798108955,48.0,-7.976098327744694,40.16809236309564,-5.701106534743303,-18.45146820350783
712,39072.0,38861.940337408574,39043.740742927395,38929.87036190847,38847.42691194052,-208.0,-8.186372972271784,-189.41375408235035,-106.24210276610756,-37.209723552005016
713,38608.0,38853.85535052056,38641.76793359601,38752.563440096594,38798.98853398554,-176.0,-7.551472998009558,-161.87037146531293,-105.02520176357575,-38.88895125570343
714,38720.0,38846.837391412555,38719.99999999677,38719.81995838132,38769.649009429115,112.0,-6.115053504905518,78.2320663846076,-32.83350252461605,-26.85707408496819
715,38832.0,38841.625243510745,38798.23206636523,38686.89643504736,38745.2743858156,-192.0,-4.073557388463087,-181.69430315106,-105.4753058102724,-28.71090432273195
716,38336.0,38838.69027663563,38356.61139369465,38508.86934676077,38712.22720078365,-280.0,-1.7583829128343496,-247.47700285163955,-91.59241490620116,-14.235824992771086
717,38272.0,38838.10847768508,38303.27806066195,38503.71160523496,38716.80273583006,216.0,0.4397267324384302,205.69430263451068,110.69806109166166,26.815671837914124
718,38768.0,38839.569730100506,38767.99999896367,38730.2654689441,38765.85854445948,424.0,2.160259495234641,390.72193986982893,207.68659818118613,48.94873585239111
719,39120.0,38842.428996675546,39084.72194040161,38919.08480159733,38814.70020753484,120.0,3.134508372819255,111.69430433872913,88.36173345190036,33.57667345210575
720,39008.0,38845.838746846144,38991.38860764113,38906.9889358479,38833.01189136369,-288.0,3.246004620948952,-244.41624501256229,-62.601397825488675,9.562278397035698
721,38544.0,38848.921005917444,38595.88945037648,38793.882005946354,38833.824764328914,-32.0,2.5451593987490924,-23.694301726245612,11.834073071633611,15.304111181663757
722,38944.0,38850.92906564364,38944.00000418864,38930.657081991165,38863.62011372702,368.0,1.2219599636846397,317.2559653287826,130.10361704039678,25.776355084457464
723,39280.0,38851.36492584481,39230.40138103405,39054.08924002715,38885.37747449783,24.0,-0.45298506615290535,24.931238243938424,10.47677804956038,2.026234495704557
724,38992.0,38850.02309551134,38993.862480676515,38951.610638090286,38867.67258271843,-256.0,-2.1925258390037925,-227.22649697495945,-122.67328289172292,-23.921262643481896
725,38768.0,38846.979874166806,38775.94838708413,38808.7426742437,38837.534949210865,-176.0,-3.7533377027866663,-178.17215817175384,-122.49662672473278,-26.66088604701872
726,38640.0,38842.51642010576,38637.51816433301,38706.61738464082,38814.35081062439,-168.0,-4.978127479454997,-150.8394010860793,-68.81659728247541,-14.466598055256327
727,38432.0,38837.023619207896,38474.26958491197,38671.10947967875,38808.60175310035,168.0,-5.801867178732209,164.93522102663337,84.04683487731018,13.081030130979343
728,38976.0,38830.9126857483,38967.388606386274,38874.71105439544,38840.51287088635,376.0,-6.23024830230861,333.22617751785947,152.95710191440594,25.136761330315494
729,39184.0,38824.56312260328,39140.72193994769,38977.02368350756,38858.875275760984,-96.0,-6.306626628051163,-76.57712984027603,-1.1755291340923577,2.106168662681739
730,38784.0,38818.2994324922,38814.23434670572,38872.359996127256,38844.72520821171,-160.0,-6.07113203363042,-141.795696573241,-60.483689316679374,-11.113807138684933
731,38864.0,38812.42085853602,38857.13054680121,38856.056304874204,38836.647661483614,24.0,-5.525772203851375,8.548934101523628,-20.275538815949403,-9.445163653916097
732,38832.0,38807.247888084494,38831.33221490877,38831.80891849536,38825.83488090388,-32.0,-4.6320982618271955,-29.137257348575076,-24.342927131172473,-11.121036534543236
733,38800.0,38803.15666201236,38798.85603210406,38807.37045061186,38814.40558841453,-48.0,-3.322354038620688,-38.196022284439096,-20.75324257756438,-10.70901306862288
734,38736.0,38800.60318000725,38754.94017033989,38790.30243334023,38804.416854766634,64.0,-1.5255652350497257,50.78498993529138,10.083199398482975,-6.567890909562266
735,38928.0,38800.10553154226,38900.42601197464,38827.536849408825,38801.2698065954,16.0,0.7942563419783255,7.615901507931994,-12.997159226986696,-9.483557841464062
736,38768.0,38802.19169269121,38770.171973355755,38764.308114886255,38785.449739083706,-136.0,3.605154359647713,-119.39417184011472,-65.0746770794467,-14.947580557509355
737,38656.0,38807.31584026156,38661.63766829441,38697.38749524993,38771.374645480384,-88.0,6.791444166370638,-80.34596358929775,-46.22687201136068,-8.30636132930158
738,38592.0,38815.77458102395,38609.48004617716,38671.85437086353,38768.8370164251,40.0,10.1510972515498,35.24260876856715,14.394061045371927,6.304221765971306
739,38736.0,38827.61803476466,38732.122885831544,38726.175617340676,38783.98308901233,120.0,13.412552126526862,103.25726881209994,49.409055147476465,17.54522703784096
740,38832.0,38842.599685277004,38815.99458380136,38770.672481158486,38803.927470500785,8.0,16.27308143283517,3.8446169766139064,13.83310439705383,18.540755013495072
741,38752.0,38860.16419763033,38739.81211978477,38753.84182613478,38821.06459903932,-168.0,18.443833917150187,-137.1218650927476,-15.909741956311336,20.590358490502695
742,38496.0,38879.487353111304,38541.750853615864,38738.852997245864,38845.10818748179,176.0,19.693616008029494,173.51849348652104,106.43766973401216,41.498997816561314
743,39104.0,38899.55142964639,39086.849106757814,38966.71716560281,38904.06259467244,352.0,19.88337094275994,316.51829535490833,159.22275115835146,48.957536924270244
744,39200.0,38919.254094996824,39174.78744432568,39057.29849956257,38943.02326133033,-48.0,18.983950022797217,-38.12444080374917,19.23058374104221,26.11182972440656
745,39008.0,38937.51932969198,39010.600225150316,39005.17833308489,38956.28625412125,-176.0,17.080319738339313,-151.18609342379568,-53.53099993522483,10.677305496985355
746,38848.0,38953.4147344735,38872.41525747809,38950.23649969212,38964.3778723243,-16.0,14.361691506677744,-16.10868028176992,-3.8235835467166908,13.910511819263775
747,38976.0,38966.24271270534,38978.382864586776,38997.53116599146,38984.10727775978,136.0,11.093443331879826,117.88193004256755,58.06024929506748,20.13476932346748
748,39120.0,38975.60162113726,39108.179117563224,39066.35699828225,39004.647410971236,80.0,7.5840251067857025,70.69184079256593,42.00433143191549,14.772503760021209
749,39136.0,38981.41076291891,39119.76654617191,39081.53982885529,39013.65228527982,-96.0,4.148016915285552,-69.57984053177279,-12.047254999313736,2.8874885725745116
750,38928.0,38983.897654967834,38969.01943649968,39042.262488283624,39010.422388116385,80.0,1.0744276221266773,62.95899280394224,17.853903570143302,0.891222242382355
751,39296.0,38983.55961816316,39245.68453177979,39117.247635995576,39015.43472976459,32.0,-1.4091948218883772,16.478834201298014,-14.391034290259995,-9.015921863570838
752,38992.0,38981.07926532406,39001.977104902275,39013.480419703104,38992.39054438924,-232.0,-3.1555301962762314,-193.82190236612587,-93.02700644091601,-23.02465815587857
753,38832.0,38977.24855777061,38858.04072704754,38931.193623113744,38969.38541345283,0.0,-4.1187550949944125,-13.732742617030453,-32.68998503249168,-16.135860263773793
754,38992.0,38972.84175513407,38974.511619668214,38948.10044963812,38960.118823861696,40.0,-4.351450837933953,29.028990961753152,-5.04294865655902,-10.860648398051126
755,38912.0,38968.54565609474,38916.09870897105,38921.107725800626,38947.66411665673,-48.0,-3.989318033502059,-37.919365841939,-22.438860937181744,-10.671501372129569
756,38896.0,38964.863119067064,38898.672887984336,38903.22272776376,38938.77582111744,8.0,-3.236104109793814,-4.0613810650247615,-14.273634154986212,-6.749504483417695
757,38928.0,38962.073447875155,38907.975946841,38892.560457490654,38934.16510768989,-112.0,-2.3225800602158415,-90.81720693833267,-28.38204152777689,-4.302458043050137
758,38672.0,38960.21795894663,38717.03847410767,38846.458644708204,38930.17090503134,88.0,-1.4705360262196336,80.62978268552615,41.1275095716519,8.914342593008769
759,39104.0,38959.132375822715,39069.23551221205,38974.81547663396,38951.99379287591,152.0,-0.8557502441617544,131.9997142841239,63.76457024272895,14.222577488370007
760,38976.0,38958.50645845831,38981.03790267592,38973.98778519366,38958.61606000808,-88.0,-0.5834603575603978,-63.008096156525426,-1.833798843461409,5.753070132566791
761,38928.0,38957.965455107595,38943.219319899,38971.147878947035,38963.49993314104,48.0,-0.6751389161981933,38.278016718064464,18.7340332268941,6.658869790022436
762,39072.0,38957.15618062591,39057.59393611205,39011.45585164745,38971.93379958812,56.0,-1.0715991711804236,42.34429677330627,10.035898524136428,3.4305564264868735
763,39040.0,38955.822256765234,39027.90791344561,38991.21967599531,38970.36104599402,-96.0,-1.6497731652780203,-90.1464554383856,-44.62633765449209,-5.054701294408005
764,38880.0,38953.856634295356,38877.301025235276,38922.203176338466,38961.824396999305,-192.0,-2.247988900904602,-164.10176203396622,-47.91491148760542,-4.4454291447436844
765,38656.0,38951.326278963425,38699.70438937768,38895.3898530201,38961.47018770453,256.0,-2.7070878888698644,231.40476296524866,92.8816031916831,14.919300090448814
766,39392.0,38948.44245851762,39340.11055116577,39107.96638272183,38991.6629971802,200.0,-2.890045118281705,182.7715310585554,70.55972106264744,10.175959334686922
767,39056.0,38945.54618872686,39065.24745149479,39036.50929514539,38981.822106373904,-256.0,-2.706423760351754,-220.91790757308627,-81.20244000374441,-13.54978548760846
768,38880.0,38943.02961099691,38898.2747360196,38945.56150271434,38964.563426204986,-64.0,-2.133776976752415,-75.59903537718492,-58.167041073873406,-13.030508858668327
769,38928.0,38941.278634773356,38914.04938074042,38920.175212997645,38955.76108865657,-64.0,-1.2205202818586258,-53.97845157710253,-29.298683217879443,-7.41428311558775
770,38752.0,38940.588570433196,38790.317832865396,38886.964136278584,38949.73485997381,112.0,-0.077254765714315,93.03065902476737,34.27099142023508,3.86051431593296
771,39152.0,38941.12412524193,39100.110698789955,38988.717195838115,38963.48211728843,16.0,1.141985036807455,22.785708075945877,20.111657478584675,4.321363179045875
772,38784.0,38942.87254050681,38835.88924901729,38927.18745123575,38958.3775863319,8.0,2.24968107631139,8.000005633672117,10.063981015518948,3.6143483600608306
773,39168.0,38945.62348739455,39116.1107100573,39008.84515786915,38970.710814008555,8.0,3.0547148438563454,4.701355582485121,2.0802855679794447,2.468768377082597
774,38800.0,38948.98197019452,38845.29196018226,38931.34802237171,38963.31512308607,-48.0,3.3848500770873216,-38.67289431401514,-11.823124311591528,0.7700652318162611
775,39072.0,38952.393187548725,39038.76492142927,38985.19890924597,38972.25094447219,40.0,3.10416824927961,27.29756839336551,10.450341497245972,3.948368609726458
776,38880.0,38955.19030669308,38899.88709696899,38952.248705366204,38971.21186030552,-64.0,2.13972857499175,-39.44233961534701,3.1741488033367204,3.52150884861112
777,38944.0,38956.67264469871,38959.880242198575,38991.54720685264,38979.29396216941,168.0,0.4986679623470991,139.3943562224631,63.07210491276419,9.846799972357985
778,39216.0,38956.18764261778,39178.675809413915,39078.39291519173,38990.90546025024,32.0,-1.7202505443128757,32.17461428491151,18.042165934955847,0.356771093338466
779,39008.0,38953.23214361008,39024.2294707684,39027.631538722555,38980.00750435609,-80.0,-4.319769878100487,-73.29898480351403,-40.945607107903925,-12.297580676342477
780,39056.0,38947.548102861576,39032.07783980689,38996.501700975925,38966.31029889755,-120.0,-7.017583019791346,-111.76243192707625,-60.87898725867126,-18.181690513658396
781,38768.0,38939.1969775705,38800.704606914245,38905.87356420521,38943.64412332877,-88.0,-9.47438787599458,-67.85019832140097,-21.69135466809894,-13.883969402344519
782,38880.0,38928.59932710959,38896.377443164085,38953.11899163973,38938.54236009286,256.0,-11.338865565514425,216.31656389338605,83.8049232543708,-2.1746452312654583
783,39280.0,38916.51924643947,39233.33773470102,39073.483410713954,38939.29483286624,64.0,-12.304631038226944,64.89245321888666,17.106124431207718,-16.282785583309305
784,39008.0,38903.99006503313,39026.16234960186,38987.33124050214,38905.976788926244,-128.0,-12.172470779929426,-116.36363708986755,-96.48654996074038,-38.41920449368263
785,39024.0,38892.17430487961,39000.61046052128,38880.51031079247,38862.45642387887,-232.0,-10.884473069392698,-241.08117251695148,-178.56577431343248,-51.59754385342967
786,38544.0,38882.22111889435,38544.000004567955,38630.19969187528,38802.781701219385,-448.0,-8.54050503433973,-410.360506335368,-207.21077297955344,-46.735637598514586
787,38128.0,38875.09329481093,38179.889447850546,38466.08876483337,38768.985148681844,24.0,-5.39294154720119,24.000000327399903,4.933455374772166,-1.7472951034542348
788,38592.0,38871.435235799945,38592.000005222755,38640.06660262482,38799.287111012476,408.0,-1.7888262946617033,379.23720265394877,198.0111391038663,40.6663178812596
789,38944.0,38871.51564222161,38938.363853158444,38862.1110430411,38850.31778444436,296.0,1.8938314663719211,274.7248360324993,181.09996193682673,46.346562654103764
790,39184.0,38875.22289873269,39141.449677287754,39002.266526498475,38891.98023632068,-32.0,5.3100419980728475,-9.665789431906887,49.28874670661389,27.061463692356483
791,38880.0,38882.135726217755,38919.03227429463,38960.68853645433,38904.44071182908,-32.0,8.200831222275156,-27.2560315199662,-1.233721816988691,13.682511099847034
792,39120.0,38891.62456117724,39086.93761424782,38999.7990828645,38919.34525852038,24.0,10.420464392806025,2.5934111922870215,-20.989912157579965,4.871809617317922
793,38928.0,38902.97665500337,38924.219096679204,38918.70871213917,38914.18433106371,-216.0,11.92853725164241,-181.62303417258227,-85.73601465574393,-5.851710903480125
794,38688.0,38915.481635680524,38723.69154590266,38828.32705355301,38907.64183671342,-16.0,12.772594770853175,-22.069821263259655,-20.218131809651823,4.439597485375998
795,38896.0,38928.521844545074,38880.079454152685,38878.27244851986,38923.063526034464,88.0,13.043431384085125,76.78517901344458,41.081619226784824,16.774865622774087
796,38864.0,38941.568498448694,38877.261903929546,38910.49029200658,38941.191567958966,56.0,12.843314710658888,63.49196942460185,55.462989490006294,21.987620322444855
797,39008.0,38954.20847396639,39007.06339300189,38989.198427499876,38967.038766679354,144.0,12.269155291302013,125.11845408178488,69.30734924323406,23.799137054356834
798,39152.0,38966.1068090313,39127.498812093116,39049.10499049305,38988.78984206768,-8.0,11.388748528999713,-2.070520443190617,8.459058239699516,13.590567491712136
799,38992.0,38976.98597102439,39002.92235211551,39006.116543979275,38994.21990166278,-72.0,10.24733034061137,-69.964699400065,-35.93017452413551,5.541054678236833
800,39008.0,38986.60146971252,38987.569413292986,38977.24464144478,38999.87195142415,-136.0,8.872688088904397,-117.50587235758212,-44.24958181210968,5.24564733258012
801,38720.0,38994.7313472022,38767.91060740034,38917.617380355056,39004.71119632794,64.0,7.287323415210267,64.84622826396662,39.181429087802826,19.074804720185057
802,39136.0,39001.17611654294,39117.26186982092,39055.60749962038,39038.02156086452,248.0,5.512701701758488,210.7086143702836,97.79386907551816,28.411442579807044
803,39216.0,39005.75675060572,39189.32783614091,39113.20511850609,39061.53408148755,-80.0,3.5742275430420705,-61.294852975457616,6.200178138758929,15.789224697411555
804,38976.0,39008.324571629026,38994.672163870004,39068.0078558979,39069.600010259346,-128.0,1.5055092959664762,-101.2948529208843,0.8066653407549893,12.745929284759768
805,38960.0,39008.76776919765,38986.73813029914,39114.8184491876,39087.02594005707,352.0,-0.6564818848164578,316.7191911287737,124.21981788350604,23.77722680057923
806,39680.0,39007.01160785939,39628.11054612755,39316.44749166491,39117.154463860505,32.0,-2.8690910075783904,36.08076452468231,19.852788309766765,1.9862469964537013
807,39024.0,39003.02958718249,39058.899659348506,39154.524025807135,39090.99843404998,-256.0,-5.088494980183896,-239.83078129893693,-96.66145295421302,-22.806108108019544
808,39168.0,38996.834617899025,39148.44898352968,39123.124585756486,39071.542247644466,8.0,-7.265215124331007,-8.205758170439367,-53.83714717240582,-24.279074023295834
809,39040.0,38988.49915693383,39042.48814300763,39046.849731462324,39042.44028600339,-104.0,-9.33193481463968,-93.52012548389393,-72.8499885630008,-28.97994734090753
810,38960.0,38978.170748269746,38961.40873256189,38977.424608630485,39013.58235296265,-72.0,-11.198876898550225,-74.03574763630604,-60.71281851660024,-26.1788153926027
811,38896.0,38966.10140313673,38894.416647735015,38925.42409442912,38990.08265521818,-88.0,-12.745639440425293,-74.90884615180403,-37.288466986796266,-18.795564983560325
812,38784.0,38952.679469388895,38811.59104025828,38902.84767465689,38975.99122299553,56.0,-13.825801116545335,55.12959381469409,36.84741755621144,-4.491871072874346
813,39008.0,38938.44980090364,39004.6758353644,38999.118929541546,38981.098913072434,192.0,-14.275549431607942,176.46397192814038,91.83071965542695,3.7626357305234706
814,39168.0,38924.12837052568,39164.51898411456,39086.509113967746,38983.51649445658,160.0,-13.933263556398742,142.4380693229832,46.6447414100694,-6.806593893026729
815,39328.0,38910.58327379084,39289.55197401037,39092.408412361685,38967.48572528638,-240.0,-12.670992301576916,-222.91701988949717,-111.89649542521511,-34.05648290587851
816,38688.0,38898.786385922525,38718.68494433557,38862.716123117316,38915.40352864482,-280.0,-10.428737235179142,-261.73242815981575,-142.33422768571108,-40.712020209317416
817,38768.0,38889.725799320484,38766.08711769074,38807.73995699026,38886.061684867745,56.0,-7.244576752003923,37.837761808877985,-35.106187631921784,-23.438759533688426
818,38800.0,38884.29723241852,38794.360467953324,38792.50374785347,38868.52600957744,0.0,-3.2729243459652935,0.07569002919626655,-18.98433521005427,-14.109374811429007
819,38768.0,38883.17995062855,38766.23849774913,38769.771286570154,38857.84293524489,-40.0,1.2210168455785606,-36.92948145855189,-21.846817998237384,-6.1909275703110325
820,38720.0,38886.739266109675,38720.50150503622,38748.810111857,38856.14415443682,-56.0,5.877577805007604,-43.22946753182987,-6.556118784665159,5.1084269137718366
821,38656.0,38894.93510623857,38679.77956268547,38756.659049000824,38868.05978907243,80.0,10.279204073765868,78.1758710765971,58.178461644245544,22.518624089232617
822,38880.0,38907.29767425721,38876.853247189414,38865.16703514549,38901.181402615286,208.0,14.005498777314642,181.33992045100968,101.09150371740179,34.18068367362139
823,39072.0,38922.9461037932,39042.45940358749,38958.84205643563,38936.421156419674,8.0,16.6848363967365,17.903174335508083,37.09604950795983,28.460811625369388
824,38896.0,38940.66734705068,38912.65959586043,38939.35913416141,38958.103025866025,-56.0,18.04490239597726,-46.501828424890846,2.196644806481345,24.78702073965178
825,38960.0,38959.03590858515,38949.45574673771,38963.23534604859,38985.99519789898,-24.0,17.95833543596018,-15.925115434172767,25.493884911473288,29.19193192790044
826,38848.0,38976.5840179226,38880.809364992085,38990.346903984355,39016.486889721826,160.0,16.46585067010892,154.96642992734996,98.28500992794216,38.91603630894315
827,39280.0,38991.96760992537,39259.38860659241,39159.805365904474,39063.827270516864,248.0,13.776395270135254,215.95628784980363,109.36114487236046,36.531744320876896
828,39344.0,39004.13680846287,39312.72194069169,39209.069193729076,39089.55037836358,-144.0,10.246168112560554,-111.92960462648261,-18.201575310864428,13.000626764896879
829,38992.0,39012.45994615049,39035.529397339444,39123.402215282746,39089.82852404666,-48.0,6.330588375392836,-50.672914470822434,-19.965870804953738,5.169571885409823
830,39248.0,39016.797985213656,39211.37611175005,39169.13745211917,39099.8895221344,-8.0,2.515465922671865,-7.272726839139068,6.303962896006851,2.65547419446375
831,38976.0,39017.490877995835,39020.983943661166,39136.01014107476,39095.139472435585,176.0,-0.7590295020527265,168.36721726194446,46.87775949297429,1.2069239229640516
832,39600.0,39015.27992620955,39548.110546273936,39262.89297110512,39102.30336998033,-8.0,-3.157788847798656,-25.417628680268535,-41.670684417087614,-17.720933956243243
833,38960.0,39011.17530030024,38970.14868630063,39052.668772240584,39059.6976045231,-408.0,-4.5010493942318135,-367.9611328524479,-163.88981274424077,-37.62088523107377
834,38784.0,39006.27782742109,38812.18828056904,38935.113345616635,39027.06159951818,-16.0,-4.78069309856437,-17.01900288639081,-41.9987538156347,-20.482925029005855
835,38928.0,39001.61391410311,38936.11068052785,38968.671264609315,39018.73175446509,200.0,-4.143852419569157,164.4758025980591,53.89355129734031,-3.793257329842163
836,39184.0,38997.99012258195,39141.13988576516,39042.900448211316,39019.475084858495,-24.0,-2.8526951161620673,-9.271365936911025,3.6794077076556277,-7.482915363667416
837,38880.0,38995.908523870785,38917.567948654025,38976.030080024626,39003.76592373775,-40.0,-1.2303007221562439,-35.732193841027765,-18.855328174373426,-9.520864933852863
838,39104.0,38995.529521137636,39069.6754980831,39005.18979186257,39000.43335499079,-16.0,0.40530550775656593,-19.51496015538578,-20.245392230772268,-8.51090099742214
839,38848.0,38996.7191348863,38878.53802834325,38935.53929556308,38986.74412174291,-40.0,1.7976308213037555,-38.447328023583395,-25.880848517943377,-6.75202716073909
840,39024.0,38999.12478278024,38992.780842035936,38953.42809482668,38986.92930066931,-48.0,2.783061440452002,-41.85297612763679,-17.397153323057864,-1.668356040132494
841,38752.0,39002.2852577672,38794.83207608798,38900.744988916966,38983.40740966264,8.0,3.310383437172277,16.211614491920045,21.68938854876251,8.048479476467037
842,39040.0,39005.74554965459,39025.204071019776,38996.80687192421,39003.026259622246,184.0,3.4349809771192668,156.39235003069916,74.46531896934903,17.770162940712908
843,39120.0,39009.15521972144,39107.61677614938,39049.675626855664,39018.94773554407,24.0,3.2909363762410067,20.49658587648082,17.70656835929185,10.868862699029705
844,39088.0,39012.32742240707,39066.19724277274,39032.22000864279,39024.763985020305,-184.0,3.0559768432540295,-151.86367492106365,-45.34561389148439,2.6544487272476545
845,38752.0,39015.26717340795,38803.88942630725,38958.984399072695,39024.256632998564,104.0,2.898648823815165,88.9566621674312,30.256589966258616,13.105479628189642
846,39296.0,39018.1247200547,39244.1105671076,39092.73318857531,39050.974944276684,72.0,2.9432424030528637,63.02764581388328,32.11538379026388,14.46705849195132
847,38896.0,39021.153658214054,38929.94471793502,39023.21516665322,39053.19074998247,-152.0,3.2370785073981097,-117.08292066159629,-5.910438595470623,10.075343204909586
848,38992.0,39024.5988770695,39009.94472578441,39080.91231138437,39071.1256306865,336.0,3.739144487732119,293.0829143345545,102.15330042332062,21.891162238360266
849,39568.0,39028.63194718952,39516.110546604126,39227.521767499864,39096.97307445919,-56.0,4.344981146310602,-53.109761699539376,-23.629660134563892,2.2960974956404243
850,38880.0,39033.28883936212,38903.72520238533,39033.65299111524,39075.717825677784,-352.0,4.902399466194765,-317.2902943153422,-117.04228082700865,-11.469357497509918
851,38864.0,39038.43674612191,38881.52995797344,38993.43720584585,39074.03435946417,72.0,5.25489266538716,65.45454545531175,24.502817653527018,8.818251759588748
852,39024.0,39043.79862469289,39034.63429329595,39082.65862642229,39093.35432919696,272.0,5.2834252813700004,243.56569975048114,118.55073378760062,22.787686192645197
853,39408.0,39049.00359668465,39368.661357474404,39230.53867342105,39119.60973184946,104.0,4.936745027967845,100.04395360225317,59.149383709274844,11.835889244965074
854,39232.0,39053.67211474883,39234.72220050046,39200.95739384084,39117.02610768689,-144.0,4.242666412050312,-120.3281544716665,-45.102582659787004,-8.332318778218905
855,39120.0,39057.48892950875,39128.00504853107,39140.333508101474,39102.94509429302,-64.0,3.295166335621616,-66.69190931403864,-50.45713168862858,-14.933758679220773
856,39104.0,39060.26244742007,39101.33838187238,39100.043130463586,39087.15859032845,-40.0,2.2316433066407626,-39.974757296804455,-42.268812406095094,-16.628574448146537
857,39040.0,39061.95221612203,39048.05553393746,39055.795883289284,39069.68794539673,0.0,1.200727590599854,-13.005178247585718,-36.34930552966398,-15.986247661887319
858,39104.0,39062.66390260127,39075.32802537721,39027.34451940426,39055.186095004676,-160.0,0.32750317769750836,-138.12175154614306,-66.7791041828932,-16.94254564181756
859,38720.0,39062.607222477425,38771.812030845176,38922.2376749235,39035.80285411309,-32.0,-0.30194837566887145,-22.42147043419027,-3.9880070190156403,-3.5930981859310123
860,39040.0,39062.06000584993,39030.48508450883,39019.36850536623,39047.999898632814,256.0,-0.6567062071662804,211.09847620778237,86.81508312584265,12.597039451364253
861,39232.0,39061.29381006309,39194.00898326074,39095.86784117518,39060.99693301582,-48.0,-0.7512576263943629,-26.43118494438022,8.433256396543584,4.4468810337966715
862,38944.0,39060.557490597144,38977.62271462007,39036.235018159314,39056.89366070041,-56.0,-0.6327300138982537,-48.27269554034501,-13.515313936208258,1.5414107196083933
863,39120.0,39060.028350035296,39097.46359218005,39068.837213302766,39064.07975445504,8.0,-0.36659921528189443,7.1588384602546284,7.020801794835279,4.3900814773805905
864,38960.0,39059.82429216658,38991.94039154058,39050.276621748984,39065.67382365517,64.0,-0.00974645662427065,54.178757063396915,26.577719320714095,6.877760382889392
865,39248.0,39060.00885712205,39205.821106306845,39121.992651944194,39077.835275220816,0.0,0.39489262163988315,2.9862463005083555,8.71235616730337,3.653215326688951
866,38960.0,39060.61407740986,38997.912884141595,39067.70133408359,39072.980254308546,-24.0,0.8216966898398823,-18.34380145729301,-0.44065081880398793,0.7939918031552224
867,39200.0,39061.65225050173,39169.13350339226,39121.111350306586,39079.423258827126,16.0,1.2548990192044585,16.888136211942765,13.965691376288305,0.41416745993774384
868,38992.0,39063.12387544827,39031.68915656548,39095.63271683617,39073.80858922842,104.0,1.6861816118325805,93.48852683387304,26.337724947668903,-1.5242401372815948
869,39408.0,39065.02461372539,39356.110557060005,39173.786800201924,39076.37477855256,16.0,2.1124447621259606,-3.8445825332964887,-38.952516533281596,-14.015071748232003
870,39024.0,39067.34876497252,39023.99999149889,39017.727683769604,39045.77844573196,-424.0,2.5297866647306364,-372.1105499650257,-159.19527454752097,-29.50741053400634
871,38560.0,39070.084187054854,38611.88945712995,38855.39625110688,39017.35995748455,24.0,2.949537998687447,13.817175819360273,-14.633307109281304,-5.550490373181674
872,39072.0,39073.247840969896,39051.63434313761,38988.46106955104,39034.677464985594,288.0,3.4047811887830903,247.76779655011705,91.29535321968069,15.45138075032446
873,39136.0,39076.89374943242,39107.42505023019,39037.98695754624,39048.2627189852,-120.0,3.953462251713063,-87.08404175647593,0.5193667683197418,9.198389948865952
874,38832.0,39081.15476547332,38877.466259624656,38989.49980308768,39053.074244883326,-16.0,4.68902049801909,-2.6274924822464527,30.262747085278534,15.865238142290764
875,39104.0,39086.27179042846,39102.170065265695,39098.5124517168,39079.99319526978,256.0,5.718664258005447,215.55413196950394,106.2688744875195,25.71861014994647
876,39344.0,39092.59209398933,39308.574523563664,39202.03755206272,39104.51146518322,16.0,7.140242366484017,29.277076116271928,32.54387637727632,12.543843172596098
877,39136.0,39100.552275161426,39160.72421749824,39163.60020447135,39105.08088161497,-24.0,9.019893030792446,-24.22921857424808,-24.6372453556869,-0.9765394874957565
878,39296.0,39110.63188005092,39260.11608641517,39152.76306135135,39102.55838620823,-96.0,11.364430693240138,-103.4925146099522,-82.45561244433702,-12.19457609633173
879,38944.0,39123.28113654791,38953.739188278334,38998.68897958268,39080.69172942231,-256.0,14.116258115591336,-234.21614114243494,-126.72959197732416,-15.032070314806333
880,38784.0,39138.8643962821,38791.6838041303,38899.3038773967,39072.494245578615,-136.0,17.147881338518346,-123.63636349652734,-41.73316348763183,6.227228435240249
881,38672.0,39157.57689922494,38706.46646128528,38915.222652607416,39093.14618629279,296.0,20.305041074683686,274.6550290170708,137.53010151442868,41.709250028812676
882,39376.0,39179.47447843147,39340.99386216444,39174.364080425556,39155.91274563624,280.0,23.434968111570925,271.95664626568396,158.32346803091787,51.762196625259094
883,39232.0,39204.446835448085,39250.37975381665,39231.86958866925,39196.67057954331,-8.0,26.37356754589564,1.2846607354331354,57.44030257831764,38.99136288423688
884,39360.0,39232.22161352326,39343.563183635306,39289.24468558219,39233.895471404714,16.0,28.963418846458808,10.999347995173594,21.99743970403142,30.91966543164017
885,39264.0,39262.373673141,39272.378449806994,39275.864468077314,39258.50991040659,-32.0,31.022502838150103,-29.292484793324547,-7.447983466216101,24.339934522206022
886,39296.0,39294.26661919956,39284.97821404866,39274.34871864976,39282.575340449126,-48.0,32.31062236606522,-42.509165515042696,-12.341390102676087,23.394197064990294
887,39168.0,39326.99491787313,39187.36011877691,39251.18168787196,39305.29830453657,-8.0,32.46578611089353,-0.8175013872169075,18.423813158184203,29.587879314272868
888,39280.0,39359.19819142135,39283.34321127422,39311.19634496613,39341.75109907767,120.0,30.977610773803463,112.69914886842525,75.61282957723233,39.54034949498964
889,39408.0,39388.95013942074,39412.75841651376,39402.40734702643,39384.37900352655,176.0,27.213540284363262,153.20728780833088,88.41467557350916,41.446854625199194
890,39632.0,39413.62527199007,39589.757786890885,39488.025696113145,39424.64480832807,-56.0,20.460865348428342,-34.21169516843656,13.631197143287864,29.898045217927574
891,39296.0,39429.8718701176,39344.33502617689,39429.669741313,39444.1750939624,0.0,10.06971790706666,-3.7476298295732704,8.478915856365347,26.93904033245417
892,39632.0,39433.76470780421,39582.26252723174,39504.983527825876,39478.52288899298,-48.0,-4.375586482699873,-46.222789893949084,11.805550425808178,26.673939480224362
893,39200.0,39421.1206971522,39251.88944638899,39453.28084216462,39497.52297292285,16.0,-22.870698799139063,35.39176830680299,74.93773542104827,33.876232576014445
894,39664.0,39388.02331020593,39653.046063845344,39654.85899866797,39546.27535414501,296.0,-44.81178479144728,275.53224658597173,197.00765583734392,42.866148929406336
895,39792.0,39331.4971275693,39802.95393956093,39847.29615383931,39583.255270781665,312.0,-68.89930511003695,311.8379378494792,220.08523209099076,26.542680175738496
896,40288.0,39250.224699985854,40276.7219395443,40095.029462849954,39599.360714496484,336.0,-93.14833403765806,310.2173333756473,151.24804043562108,-18.326520560356585
897,40464.0,39145.200459493986,40423.388606312226,40149.79223471055,39546.60222966095,-208.0,-115.04667464065642,-202.36096976520275,-111.51666672026113,-98.62837335248332
898,39872.0,39020.13135070454,39872.0000000139,39871.99612940943,39402.10396779152,-560.0,-131.85823765489113,-520.21733357427,-324.98769890517724,-167.99306347985475
899,39344.0,38881.483984184204,39382.953939163686,39499.816836900194,39210.61610270124,-160.0,-141.02448710879253,-179.476969592135,-237.9056598142306,-198.15705995521785
900,39552.0,38738.08237648696,39513.04606082963,39396.18480978097,39005.78984788108,-696.0,-140.61140297693055,-715.4769695805953,-773.908454752629,-425.81029318364017
901,37952.0,38600.26117823034,37952.000000002496,37951.999927394936,38358.99551633396,-1112.0,-129.69161076886667,-1078.5209665961047,-953.8682687456385,-432.771024972888
902,37328.0,38478.69915494922,37356.00412763742,37488.448272289694,38140.247797935306,-280.0,-108.58943607610854,-287.7009330018227,-281.2753363794327,-178.13532850189222
903,37392.0,38383.082306078126,37376.59813399885,37389.44925463607,38002.72485933018,-40.0,-78.91795877808181,-56.41532364433806,-100.2743903355913,-106.98669563861404
904,37248.0,38320.86323739306,37243.17348034874,37287.89949161851,37926.27440665808,-184.0,-43.394147846665874,-157.55725190638987,-81.60001720830769,-42.53673233920199
905,37024.0,38296.294010384794,37061.48363018607,37226.249220219455,37917.65139465177,0.0,-5.457768172705983,5.728300767699693,39.47433871067187,36.05955772629022
906,37248.0,38309.94770104765,37254.63008188414,37366.848169039855,37998.39352211066,440.0,31.238021216697234,421.25818472751416,338.87574362690793,118.26180356441182
907,37904.0,38358.77005281819,37903.9999996411,37904.00070747327,38154.1750017806,472.0,63.355156850677304,468.6849593863881,412.57541918808784,168.29022975897533
908,38192.0,38436.658014749,38192.00000065692,38191.99900741603,38334.97398162861,288.0,88.32035709699267,287.9999999649226,287.9999016381553,187.94767892943855
909,38480.0,38535.410767012174,38479.999999570944,38480.00051074958,38530.070359639474,456.0,104.6167214207344,448.92491940005857,411.95728591392253,197.59989599283654
910,39104.0,38645.89145759047,39089.849839457034,39015.913579243876,38730.17377361428,360.0,111.88652454892144,363.89775184278915,353.63699561865724,181.4121026555258
911,39200.0,38759.18381611002,39207.79550325652,39187.274501986896,38892.894564950526,152.0,110.83546985087742,156.9231800821035,164.9981737364651,147.3655195837673
912,39408.0,38867.562397292226,39403.69619962124,39345.909926716806,39024.90481278182,192.0,102.9816391509703,174.38169447091423,127.5903880883161,112.85548847038444
913,39584.0,38965.14709441196,39556.55889219835,39442.45527816353,39118.605541891295,16.0,90.32643521331192,15.657153568881768,25.772990528483206,70.4310062040422
914,39440.0,39048.21526771885,39435.010506759005,39397.45590777377,39165.7668251899,-168.0,74.99465603260978,-146.49585164431846,-66.27141650287376,33.44962455809946
915,39248.0,39115.13640647718,39263.567188909714,39309.91244515778,39185.50479100749,-104.0,58.92152310260644,-93.60737330071788,-56.58724003709722,16.613205367968476
916,39232.0,39166.05831392406,39247.79576015757,39284.28142769958,39198.99323592584,88.0,43.647465105215815,63.207372035700246,0.5096963915821107,11.838106714636524
917,39424.0,39202.43133668761,39389.981932981114,39310.931837940945,39209.18100443677,-32.0,30.211007285015512,-27.904162270904635,-29.88367078815645,-0.5531812672306842
918,39168.0,39226.48032849409,39191.98743561576,39224.514086123265,39197.88687339138,-80.0,19.13895942993986,-78.05731928654495,-58.16070875605146,-9.799787375824963
919,39264.0,39240.70925554749,39233.867294408024,39194.61042042884,39189.58142968512,-144.0,10.530777751268033,-130.0489973554577,-64.59845548000158,-12.026372222004284
920,38880.0,39247.54188399663,38931.889440904844,39095.31717516326,39173.83412894737,32.0,4.184039276999101,33.4273257628156,8.365342316050373,-1.0555942903774849
921,39328.0,39249.07733410149,39300.721945933656,39211.34110506094,39187.47024110436,216.0,-0.2708934794718516,177.7495881431969,57.694482428156334,6.609624212211202
922,39312.0,39247.000097037686,39287.38861719124,39210.706140019574,39187.05337737179,-208.0,-3.2737777005677344,-168.41625857019244,-51.28189503158501,-6.664194863980811
923,38912.0,39242.52977870035,38963.88942879327,39108.77731499777,39174.1418513764,-24.0,-5.2351335076236865,-23.40719216163052,-3.5401675229113607,0.19556657342764083
924,39264.0,39236.52983002244,39240.57423286798,39203.62580497375,39187.444510518646,176.0,-6.482617714704247,150.93713192856376,64.66139246285093,9.474884668175946
925,39264.0,39229.56454327094,39265.7636926504,39238.100099923475,39193.09162071275,32.0,-7.278524334065878,34.007923034419946,21.524344911460503,2.1016912297491217
926,39328.0,39221.97278135431,39308.59007893682,39246.67449479667,39191.647892978144,-56.0,-7.81590081513059,-54.22321902948897,-32.08835772846942,-8.2613330857057
927,39152.0,39213.93274164068,39157.31725459142,39173.923384466536,39176.56895454134,-144.0,-8.236303298781422,-124.68655138831309,-61.78941809686512,-13.850490709734004
928,39040.0,39205.500174756744,39059.21697616019,39123.09565860294,39163.946911558676,0.0,-8.629089595353435,-2.0153976302935916,-9.279896562125941,-6.424697404730978
929,39152.0,39196.674562449974,39153.28645933083,39155.363591342284,39163.71955973188,128.0,-9.041716017258295,100.50177982480454,33.949728410487296,0.35862615979567636
930,39296.0,39187.41674272223,39260.2205358098,39190.99511542392,39164.66416387827,-96.0,-9.485691565278103,-71.96324447203006,-16.870918206404895,-5.622187659697374
931,38960.0,39177.70317931942,39009.35997038677,39121.621754929474,39152.475184412484,-16.0,-9.918654400444211,-4.0607134891615715,11.437516970290744,-2.5652202451601624
932,39264.0,39167.57943392134,39252.09910883148,39213.8701493645,39159.53372338795,224.0,-10.27343240295886,183.2346826020912,67.18346911727349,1.835225144863216
933,39408.0,39157.1563145135,39375.829335590955,39255.98869316402,39156.14563470221,-40.0,-10.475074047204544,-37.12309528575861,-33.887109618463,-15.980806950628903
934,39184.0,39146.62928582693,39177.85291825996,39146.09593012757,39127.57210948669,-320.0,-10.4655879743259,-277.9699444328544,-128.84479797266613,-31.39491974118573
935,38768.0,39136.22513856485,38819.88944672525,38998.29909721869,39093.35579521984,8.0,-10.245163347783091,-7.300217425181472,-32.647284299535386,-17.948524505860405
936,39200.0,39126.138959131364,39163.2524834096,39080.8013615285,39091.67506047497,144.0,-9.879556712156045,117.66755165066934,22.90294507406361,-7.0969817211189365
937,39056.0,39116.46602514054,39055.224550026585,39044.104987366816,39079.1618317776,-136.0,-9.501424244313966,-111.90518325006269,-42.643880478273786,-11.355137108490453
938,38928.0,39107.136110642736,38939.44211690947,38995.513600571954,39068.96478625799,-72.0,-9.278648099720158,-58.571848569739814,-14.834586508888606,-3.148806206711015
939,38912.0,39097.908728941096,38938.080852887106,39014.43581434904,39072.86421936418,176.0,-9.36159283082452,148.9468100855629,70.14012095160797,11.942644074395503
940,39280.0,39088.41292498109,39237.3357370806,39135.79384247517,39092.85007440678,64.0,-9.839898885540606,66.02975992406209,49.25494936371251,10.628358762944117
941,39040.0,39078.228931170015,39070.14037273523,39112.945713076464,39094.12093689007,-32.0,-10.696823059621238,-16.4935006692358,13.624727139529568,3.976909327790054
942,39216.0,39067.019278861844,39204.348735742125,39163.04329675423,39100.80389306236,104.0,-11.78011737764973,75.95204171753358,23.61923205488347,0.9231508254088112
943,39248.0,39054.668696414716,39222.0444561703,39160.18417718623,39095.967238540885,-136.0,-12.840111468631221,-112.08199872033583,-46.76703097488644,-12.438292594430095
944,38944.0,39041.33905592458,38980.184738301454,39069.509234804456,39075.9273078735,-80.0,-13.572313901018788,-60.936026361559925,-27.92032497955006,-13.44356527371201
945,39088.0,39027.52406861268,39100.17240344718,39104.34352722713,39069.08010799346,224.0,-13.672978761474951,180.84968238158763,43.00605603624717,-7.793194480360398
946,39392.0,39013.99309840163,39341.88410306463,39155.52134687695,39060.34091891278,-104.0,-12.928121400898817,-104.37744661335091,-67.06150691171206,-25.322143135050283
947,38880.0,39001.66782581088,38891.417510220475,38970.22051340371,39018.43582172336,-336.0,-11.25938472757116,-297.86938018779983,-140.19057677138335,-34.983306103244104
948,38720.0,38991.47432894649,38746.14534268903,38875.140193334184,38990.37430670629,-16.0,-8.747743002008065,-14.545454086299287,-17.510223402437987,-14.542799681759789
949,38848.0,38984.172339806864,38862.32660204788,38935.20006659883,38989.35022235984,328.0,-5.62641400731809,288.98259909170883,103.65990656406575,6.043426771546365
950,39376.0,38980.22150093185,39324.11054087245,39082.460006462316,39002.46116024938,32.0,-2.239684084248438,24.8367061811623,0.4899430946461507,-5.566004097992845
951,38912.0,38979.69297163837,38912.0000144102,38936.17995278812,38978.218214163855,-400.0,1.0148005361297692,-348.11055190458137,-134.19007728013457,-20.932035377332795
952,38576.0,38982.25110200411,38627.889437063284,38814.079851902046,38960.59708949472,32.0,3.7589563687688496,23.650307441534096,-3.060174935057148,1.6087298055972497
953,38976.0,38987.210884375905,38959.30062929327,38930.05960291801,38981.43567377505,248.0,5.6966735373061965,211.9323442298446,93.0095524749704,21.110367969085928
954,39072.0,38993.644449078725,39051.75412552297,39000.09895685199,39002.81782543289,-32.0,6.659723835025943,-8.775876155432343,34.088832359968364,17.92304292948029
955,38912.0,39000.53033204596,38941.748876982405,38998.237267637945,39017.28175963401,40.0,6.637954388712387,38.73913637145961,41.25694460493469,19.728022182825953
956,39152.0,39006.92035785615,39129.23239826589,39082.61284606186,39042.27386979854,80.0,5.778965874709684,73.64551261295856,49.6820014548357,19.505803654454212
957,39072.0,39012.08826379538,39089.03990220832,39097.60127054762,39056.29336694292,48.0,4.3579418435983825,45.00701498402486,27.789059759568772,13.234165491525346
958,39248.0,39015.63624154335,39219.24642823394,39138.190965580994,39068.74220078159,0.0,2.727867601715843,-13.56133280467111,-14.314822176125745,3.485943877753016
959,39072.0,39017.54399899881,39061.91723659898,39068.971626195365,39063.265254698425,-248.0,1.2615786073365598,-207.74300864006727,-70.73352628794964,-5.913683348244376
960,38752.0,39018.15939875802,38803.76041095381,38996.723913005095,39056.9148340851,96.0,0.2789647962199524,101.04137923411326,50.11424331228409,8.895321090931247
961,39264.0,39018.10192859125,39263.999995067206,39169.20011281993,39081.05589688029,416.0,-0.014763078543182928,364.17506963095366,125.07625622479827,14.993857639197813
962,39584.0,39018.12987260093,39532.110550215715,39246.87642545469,39086.9025493635,-256.0,0.4401345596088504,-246.36096769211144,-116.24356243832881,-19.00822004861402
963,38752.0,39018.982197710466,38771.27805968298,38936.712987943276,39043.03945678306,-456.0,1.5453736434610619,-413.74957849035854,-192.44885573934516,-29.31111974128362
964,38672.0,39021.220619887856,38704.611393235,38861.978713976,39028.28030988093,152.0,3.068393046305573,121.5506674137614,20.25508302072558,3.054868591916602
965,39056.0,39025.11898380308,39014.379394510506,38977.22315398473,39049.14919396689,72.0,4.704035213460884,76.50460614127951,75.85601700108964,20.526343784305936
966,38816.0,39030.62869031478,38857.62060551756,39013.69074797818,39069.33299744954,248.0,6.135312813552446,242.8655763877032,135.31296798254698,32.850453355127684
967,39552.0,39037.38960943018,39500.11054728591,39247.84908994982,39114.85010067715,144.0,7.097389575661509,141.07757437030523,82.08288694654766,23.65960826146329
968,39104.0,39044.8234694661,39139.77575425817,39177.856521871276,39116.65221397247,-144.0,7.436234824544954,-131.0122557021532,-33.064307142904,2.4347239939452265
969,39264.0,39052.26207907927,39238.086035881606,39181.72047566401,39119.71954866504,-16.0,7.12947458367853,-31.259538968508423,-37.27580837525966,-4.146687874181225
970,39072.0,39059.08241863346,39077.25667632115,39103.304905120756,39108.35883822411,-160.0,6.282333590883354,-134.54597795471636,-62.76311798288225,-9.542768529725436
971,38944.0,39064.82674626104,38968.99407997217,39056.19423969825,39100.63401160559,16.0,5.1057923357366235,16.707803511886596,8.986454426616547,0.1068739617621759
972,39104.0,39069.29400330493,39110.672283344924,39121.27781397399,39108.57258614763,208.0,3.86520672880215,175.03962009735187,73.72248126273917,8.16720384942164
973,39360.0,39072.55715971864,39319.07332016688,39203.63920222373,39116.96841930443,0.0,2.8303012852484244,3.7676376563249505,4.18098936160095,-3.7557458779774606
974,39104.0,39074.95460587543,39118.207558657574,39129.63979269719,39101.061094391676,-152.0,2.230883523610828,-129.82796822143428,-61.17951317793995,-16.05427019316994
975,39056.0,39077.018926765864,39059.41738372401,39081.28017586785,39084.85987891809,-40.0,2.21677388250464,-41.70325631349988,-35.71952889541717,-14.758221527681599
976,39024.0,39079.38815364044,39034.801046030574,39058.20073490636,39071.54465133631,40.0,2.83642445984151,29.388892459421186,-5.979073508315196,-10.937995014963235
977,39136.0,39082.69177568555,39118.19516864285,39069.32202885122,39062.983888888164,0.0,4.0236264989980555,-5.6300341734495305,-22.217691629532055,-12.211568003738648
978,39024.0,39087.43540663843,39023.540977683675,39013.76535164729,39047.121515328836,-104.0,5.609239456985961,-96.94930254078645,-60.67400138027733,-14.706297792887199
979,38928.0,39093.91025459952,38924.29656356128,38947.97402609066,39033.57129330239,-136.0,7.347956107179925,-117.76159631599512,-55.80431251129994,-8.271657361325197
980,38752.0,39102.13131885279,38788.017785051685,38902.15672662469,39030.578200606185,48.0,8.951296663948597,43.81014674882681,29.261063846373872,10.935817334106105
981,39024.0,39111.81284792742,39011.91685705893,39006.49615378341,39055.4429279706,184.0,10.143705023841903,163.48335730190956,95.5875040504252,26.436873762941104
982,39120.0,39122.41872890048,39114.984499655504,39093.33173472554,39083.45194813207,72.0,10.704188476869604,77.9901408740916,73.50144830490171,26.181617568076035
983,39168.0,39133.221224881156,39167.897138807115,39153.49905039321,39107.806163106754,48.0,10.495281116192928,52.39833318717501,52.91684086427631,21.34452313001748
984,39216.0,39143.40929113286,39219.781166029854,39199.165416454096,39126.1409943921,88.0,9.511712484883901,70.7898573720122,37.249074287927215,13.84188100495885
985,39344.0,39152.24464985092,39309.47685355114,39227.99719896907,39135.48992511667,-104.0,7.86702255380078,-82.92004472301414,-29.169618000491027,-1.0765730195998913
986,39008.0,39159.143336240464,39053.941076583826,39140.826180453114,39123.9878483529,-32.0,5.766338407585863,-25.830394048203743,-20.75792828939302,-5.7026843461244425
987,39280.0,39163.777326666095,39257.81606545473,39186.48134239028,39124.08455642442,128.0,3.4851617196218285,92.95531614455831,-1.1041668676916743,-7.6990641072588915
988,39264.0,39166.11365967971,39239.85170887294,39138.61784671773,39108.589720138385,-312.0,1.3022586707193113,-274.96330596226835,-110.55457231368928,-23.265350279118138
989,38656.0,39166.381844007534,38707.889453530195,38965.3721977629,39077.55385586619,0.0,-0.5465750021357962,-5.564884441402683,-18.55955007337616,-9.95817147888738
990,39264.0,39165.020509675436,39228.72193999014,39101.49874657098,39088.67337718061,248.0,-1.902423683557572,213.74957690542578,54.8759220935608,2.3531901734531857
991,39152.0,39162.57699664042,39135.38860734105,39075.124041950025,39082.26023621309,-216.0,-2.70530932384645,-181.0232850648281,-64.81268364594143,-9.90012915686384
992,38832.0,39159.60989102774,38866.67536986048,38971.873379279095,39068.87311886688,-104.0,-2.990668014928815,-90.70339905717628,-33.31397303137783,-1.5434614028636133
993,38944.0,39156.59566061056,38953.981809226694,39008.49609588727,39079.173313407366,160.0,-2.86161056848141,137.21548549968065,68.87076455180795,17.058860210847342
994,39152.0,39153.88666989078,39141.10634085984,39109.61490838271,39102.99083928858,144.0,-2.4594363500291365,132.6562359323616,79.9262666867944,21.36706784564376
995,39232.0,39151.6767879105,39219.29428109142,39168.34862926086,39121.90744909865,8.0,-1.9397786099871155,14.659345688643953,26.908035508578905,13.411982265006372
996,39168.0,39150.007112670806,39170.42503223713,39163.43097939987,39129.81480381859,-48.0,-1.443417584618146,-36.744087668615975,-7.202160161054053,5.998094910868531
997,39136.0,39148.78995274127,39145.806105754185,39153.94430893875,39133.90363892039,40.0,-1.0826949716356467,24.411602287975256,-0.5145159917410638,3.984017047820089
998,39248.0,39147.841722727535,39219.24823681308,39162.40194741639,39137.78283791423,-80.0,-0.9463376865314785,-70.31668487570278,-34.34138781416914,-1.6316591104514373
999,38976.0,39146.8972773682,39005.17273600278,39085.26153331041,39130.64032069949,-88.0,-1.0902447682456113,-68.21182079638675,-22.50964745076999,0.5894988202344393
1000,39072.0,39145.661233191044,39082.82459522031,39117.38265251485,39138.9618355547,160.0,-1.541300586606667,131.77483531907274,54.81244546185553,11.669606632942305
1001,39296.0,39143.81467619499,39268.722406640925,39194.88642423412,39153.97953396537,56.0,-2.301809842032526,49.50984462525594,26.946983836336585,7.916675108946947
1002,39184.0,39141.05761350698,39181.84428447082,39171.27662018752,39154.79518577259,-120.0,-3.326490877989272,-97.65669981599422,-29.97149395284214,-0.6445889041533519
1003,39056.0,39137.16169443901,39073.40900700894,39134.94343632844,39152.690356157065,-32.0,-4.513570664090366,-21.39024241721563,3.138534305133362,2.7296881923284673
1004,39120.0,39132.0304721788,39139.06379963639,39177.55368879779,39160.25456215725,192.0,-5.700208783986454,160.97379080937753,71.38709686824586,9.576934108044952
1005,39440.0,39125.76127687104,39395.35658862769,39277.71763006493,39171.844224373155,32.0,-6.67634273198928,33.07573212976422,19.022756299607863,-1.8181265654384333
1006,39184.0,39118.67778671482,39205.215263895916,39215.599201397,39156.61830902637,-96.0,-7.2160747305024415,-84.06500525218507,-46.31882796942591,-16.594999895460205
1007,39248.0,39111.329127410034,39227.22657812332,39185.07997412608,39138.654224582235,-80.0,-7.127042075255304,-81.85579515597419,-61.979240207885596,-23.431373215029453
1008,39024.0,39104.42370256431,39041.50367358397,39091.64072098123,39109.755562596314,-120.0,-6.308673003230069,-98.20453661951615,-59.618892654234514,-24.61088385610128
1009,39008.0,39098.711781403574,39030.81750488429,39065.84218881761,39089.43245687003,136.0,-4.8061606267147,103.40135572177678,3.1225622451820527,-16.251482882780692
1010,39296.0,39094.81138131088,39248.30638502752,39097.885845471596,39077.25259683075,-120.0,-2.8188129500922514,-112.27342392166611,-67.01342061021569,-23.117230197745812
1011,38768.0,39093.07415550339,38806.27065704096,38931.81534759718,39043.19799647454,-168.0,-0.6816632831541938,-159.38821357928464,-84.16282407583276,-20.29470053248224
1012,38960.0,39093.44805474457,38929.52995786895,38929.56019731993,39036.66319576579,-32.0,1.1871617939868884,-29.090909827227733,-17.47505161728259,-2.7016409204625234
1013,38704.0,39095.44847909136,38748.0888373865,38896.86524436261,39037.794714633616,144.0,2.4039857936804765,133.29029608677592,63.73766922399227,17.821254599504755
1014,39248.0,39098.25602633193,39196.110550042504,39057.035535767915,39072.3057049648,16.0,2.7090528884400555,19.900306697472843,64.6880592892594,25.72627557942542
1015,38736.0,39100.86658486824,38787.88945078145,39026.24136294113,39089.247265792466,96.0,2.0342547296568227,113.66254367018337,115.18953259397676,34.60392411729117
1016,39440.0,39102.324535791246,39423.43563738287,39287.41460095587,39141.51355319938,392.0,0.5430353240408294,364.67491102611166,184.01751454247642,37.34196506688386
1017,39520.0,39101.952655516325,39517.23927283367,39394.276392026084,39163.931195926234,88.0,-1.4040382502607827,79.99999961914727,43.99998708326166,4.61420252316384
1018,39616.0,39099.516459290724,39583.435636621165,39375.41457512239,39150.74195824571,-288.0,-3.3371351232963207,-283.4653924108461,-173.3249747249247,-36.45213976824016
1019,38944.0,39095.27838526973,38950.30848801198,39047.626442576235,39091.026916389754,-448.0,-4.790060524101136,-414.74476924515693,-241.80446587561164,-52.363696036467445
1020,38720.0,39089.93633824252,38753.94609813085,38891.80564337117,39046.01456617277,-8.0,-5.408254834430409,-26.631899226886162,-69.91797751948616,-28.71162190834002
1021,38928.0,39084.46187560087,38897.044689558206,38907.79048753726,39033.603672573074,-16.0,-5.027455000185,-11.677960781617003,5.880087934725452,-7.130709971046599
1022,38688.0,39079.88142824215,38730.59017656762,38903.56581924062,39031.75314623068,224.0,-3.711295340992365,213.53293166578078,103.55824132366251,15.33713096914289
1023,39376.0,39077.03928491889,39324.11055288977,39114.90697018459,39064.27793451136,168.0,-1.710487429798377,160.07800013521046,80.79463603626573,16.93868500624376
1024,39024.0,39076.460453382555,39050.74617683804,39065.15509131315,39065.63051624317,-152.0,0.6108600035331619,-132.67491304404393,-29.17433321486169,3.4341075439660926
1025,39072.0,39078.26100492595,39058.76072680168,39056.558303754864,39071.14614959929,-64.0,2.8380729730270104,-58.181816027969035,-16.317635680854437,5.4729408360908565
1026,38896.0,39082.13659932861,38934.3825447821,39032.51981995144,39076.57639791535,112.0,4.604211797181051,96.68021764217337,44.22142617229838,14.45906821182507
1027,39296.0,39087.469428520315,39252.12116208603,39145.00115609946,39100.06428602294,80.0,5.657577400470473,69.19875198282898,36.98191419774594,13.691102408738516
1028,39056.0,39093.45175412955,39072.78004874776,39106.48364834693,39103.958602732826,-128.0,5.883705222695426,-95.44086959948982,-13.27568357906057,6.2922468465258135
1029,39040.0,39099.236838965706,39061.23942288705,39118.44978894134,39112.64877971599,104.0,5.299417658516177,94.65648857454289,51.191035065075994,12.322615968965692
1030,39264.0,39104.05058944658,39262.093025896844,39208.865718477085,39128.60383467076,224.0,4.034941581507155,191.31873249400087,62.84878877428855,9.185246688302868
1031,39488.0,39107.30672212872,39443.87688787505,39244.14736648992,39131.0192730926,-248.0,2.3032257874110655,-221.1017876643309,-86.64466874221034,-15.433597923529305
1032,38768.0,39108.657041021404,38819.88945056818,39035.576380992665,39097.7366388237,-128.0,0.3484303200893919,-131.84685123091185,-74.78279500091594,-16.795802327713318
1033,39232.0,39108.0035827689,39180.183185413225,39094.581776488085,39097.42766843717,56.0,-1.5845460285599984,50.78641769391106,-9.703716260537476,-7.037586964670481
1034,38880.0,39105.487948964284,38921.462285956004,39016.16894847159,39083.66146489436,-72.0,-3.2842869300366146,-51.40946967721902,-10.328353780696489,-3.583130298095057
1035,39088.0,39101.435008908826,39077.36424605879,39073.92506892669,39090.26140784098,120.0,-4.579324395977892,102.72319039670037,50.71865491844437,6.713013338670862
1036,39120.0,39096.32930017233,39126.908666749405,39117.60625830848,39097.0874915717,96.0,-5.338292753600399,84.08775443763079,42.484318536029605,5.6804583093035035
1037,39280.0,39090.758423401625,39245.53975493405,39158.89370599875,39101.62232445959,-64.0,-5.477125940305996,-53.67013714511995,-19.265699310355558,-4.384050889129867
1038,38992.0,39085.37504829172,39019.568392459165,39079.07485968777,39088.31938979344,-112.0,-4.9526976087690855,-88.12940017904111,-36.281416467099916,-8.486965176474769
1039,39056.0,39080.85302818409,39069.28095457597,39086.33087306455,39084.64839410664,152.0,-3.7534236460087413,116.11733499663023,22.421449909063085,-2.238575981471513
1040,39296.0,39077.8682009997,39251.803062452425,39123.91775950589,39083.8422378305,-72.0,-1.9091927328954625,-73.66811390174553,-48.454233805714466,-11.414044384619046
1041,38912.0,39077.034642718296,38921.944726772475,38989.42240545312,39061.8203053374,-288.0,0.5021187712336541,-244.9291677772526,-95.78415132621012,-14.530917226220481
1042,38720.0,39078.87243854217,38761.94472689792,38932.34945685347,39054.780403378056,144.0,3.347646022113622,130.05527316588632,49.10177982709138,9.69911820955167
1043,39200.0,39083.72993476252,39182.05527310425,39087.625965107305,39081.218541756505,288.0,6.4200648724945495,250.05527317675296,99.08949080748062,20.499065466279717
1044,39296.0,39091.712568287156,39262.055273251426,39130.528438468435,39095.778534310615,-168.0,9.44710033202864,-144.72193992369284,-39.83330740464953,4.548919269636826
1045,38864.0,39102.62413542658,38892.61139325686,39007.959350298006,39090.31638029578,-200.0,12.10977580713734,-171.3886073822614,-50.58941302142557,5.853664999955072
1046,38896.0,39115.93211990143,38919.2780584869,39029.34961242558,39107.485864310525,272.0,14.084123674994771,231.74957887025448,88.06506834036554,27.74377723026919
1047,39408.0,39130.79238277657,39356.11055099737,39184.08948697874,39145.80393475632,56.0,15.08288121527221,54.666666208220704,42.784618042525835,25.208267183610587
1048,39008.0,39146.097882331975,39028.611390903345,39114.918848510635,39157.90239867775,-232.0,14.914319668005191,-190.41624549389599,-15.711214212784398,19.593583855315956
1049,38944.0,39160.62102211258,38975.27806000958,39152.66705855317,39184.99110246695,312.0,13.529164738643885,284.2774338737763,142.08173931912097,39.138258912549645
1050,39632.0,39173.15621180926,39597.1662586509,39399.08232714888,39236.178916502846,288.0,11.032721180854423,266.4990271761635,129.9564321701473,31.396759861039754
1051,39520.0,39182.68646447429,39508.27611436191,39412.57992289346,39247.78462218903,-176.0,7.673806438899192,-147.50957247945553,-40.21244280868268,-2.005063204363978
1052,39280.0,39188.50382468706,39302.147113691986,39318.65744153151,39232.16879009412,-88.0,3.8153492893361545,-95.39343221000672,-74.59376059619899,-18.00739259020702
1053,39344.0,39190.31716305296,39317.48924994189,39263.392401701065,39211.769837008615,-112.0,-0.12040122520920704,-117.21161404062877,-95.56883897991065,-27.010461235073308
1054,39056.0,39188.26302223664,39067.72388561073,39127.51976357169,39178.14786762397,-224.0,-3.727763340812089,-191.1459362775313,-100.11275634353296,-27.514576003442926
1055,38896.0,39182.86163637134,38935.19737738683,39063.166889014,39156.74068500173,112.0,-6.66493776308198,88.48872934625251,19.230569949311757,-8.370148372156109
1056,39280.0,39174.93314671048,39244.701344303234,39165.980903470314,39161.40757087966,120.0,-8.694515549243079,107.98233779658767,45.80446619146824,-1.2627355780896323
1057,39136.0,39165.47260527285,39151.162052980006,39154.775821396935,39154.21521384555,-24.0,-9.709903835137084,-17.72902642320696,-1.8171713749143237,-6.281596341828845
1058,39232.0,39155.513339040204,39209.24329145682,39162.346560720485,39148.844378196,-64.0,-9.733644347987138,-55.702304239104706,-27.25598031620757,-9.52861673974985
1059,39008.0,39146.00531657688,39039.757444501796,39100.26386076452,39135.15798036605,-8.0,-8.890167278321314,-10.698624446038593,-15.950769573701109,-7.328498811646568
1060,39216.0,39137.73300448356,39187.84604256474,39130.44502157308,39134.18738057271,24.0,-7.382719479817752,7.318810886656138,-12.59632840489212,-5.061230764709762
1061,39056.0,39131.23987761724,39054.39506627511,39075.071203954736,39125.03551883663,-176.0,-5.45762456149896,-141.47564491406956,-45.838215640982526,-5.7000857942439325
1062,38864.0,39126.817755360564,38904.8947527366,39038.76859029112,39122.78720898422,168.0,-3.3614792349362688,142.85774894073256,51.08168148194454,10.691050596800778
1063,39392.0,39124.51691914737,39340.110564156574,39177.234566918625,39146.41762003023,32.0,-1.308148126823653,37.49733813745843,31.083260086816153,11.351292047522293
1064,38928.0,39124.20145910692,38979.88942901152,39100.93511046475,39145.489793079265,-32.0,0.5391849383049703,-27.35882361392578,10.168098778503918,9.946662702997855
1065,39328.0,39125.59528902398,39285.39291692872,39197.57076447563,39166.31094543623,88.0,2.086578922095214,69.4399013563816,31.421036248699238,12.736699628774659
1066,39104.0,39128.37461695111,39118.76923172428,39163.77718296215,39170.963192336814,-128.0,3.327706175419735,-92.77752658301324,-3.9049900324134796,8.00040651742529
1067,39072.0,39132.25070137482,39099.837863762696,39189.760784410806,39182.31175847108,192.0,4.309171440803766,174.30968732001202,84.86399365406032,16.86415405781736
1068,39488.0,39136.992959832714,39467.38860636431,39333.50517027027,39204.69150045245,240.0,5.110599604224262,210.44203795502472,66.49697099459809,8.214317003992619
1069,39552.0,39142.47190058327,39520.721939672745,39322.7547264,39198.74039247906,-296.0,5.82575579400509,-272.8619077512485,-125.37308067026606,-23.61408834942995
1070,38896.0,39148.644471420725,38921.66479086181,39082.75900892974,39157.46332375359,-328.0,6.526250848593918,-300.9282550784483,-146.61621300539264,-28.20390253779624
1071,38896.0,39155.524402280455,38918.86542951585,39029.52230038922,39142.33258740347,136.0,7.233215626030869,111.5277862332805,13.52444165408815,-2.814106979942153
1072,39168.0,39163.110902672786,39144.72036332837,39109.80789223791,39151.835109793705,120.0,7.910095801882562,109.4567504543993,51.18953796765709,8.694277879916626
1073,39136.0,39171.34459388422,39137.77893042465,39131.90137632453,39159.721143163304,-8.0,8.476013334959134,1.9532192195183598,20.044172248879477,9.072090527763066
1074,39152.0,39180.062929342705,39148.62680176741,39149.89623673567,39169.97929084923,-16.0,8.82163900991145,-6.018119820215361,16.94297877898134,11.157112228389451
1075,39104.0,39188.98787190404,39125.74269078422,39165.787333882494,39182.03536762008,104.0,8.843388505440089,85.82934293790095,46.784764088071825,15.957845151857327
1076,39360.0,39197.749706353585,39320.28548764321,39243.465764911816,39201.894981152946,-16.0,8.474228415914695,-4.0297649249769165,19.411313485223218,11.954362590509845
1077,39072.0,39205.93632873587,39117.68316093426,39204.60996085294,39205.9440928011,24.0,7.703284256142069,25.81347796238333,27.449176367601467,10.746316288208618
1078,39408.0,39213.15627486587,39371.91244356798,39298.36411764702,39223.38761372936,88.0,6.580160758279817,73.79150047359144,38.93621561758482,8.21290161473371
1079,39248.0,39219.09665025243,39265.266161881445,39282.48239208811,39222.36989603057,-32.0,5.203838392815669,-20.31547227928968,1.3594704851457209,-2.299222897268919
1080,39344.0,39223.5639516515,39331.2814990094,39301.08305861731,39218.789167934825,0.0,3.6916232601142838,2.4228321749287716,-2.8578041621440207,-9.841269699001714
1081,39248.0,39226.47989677266,39270.1118262313,39276.76678376382,39202.68735663257,64.0,2.1440538589849893,49.389458378420386,-9.932882971577783,-18.36744347062995
1082,39472.0,39227.85205936947,39430.06041576624,39281.217292674155,39182.054280993565,-40.0,0.6228109725561808,-51.05591421422287,-90.94084475258569,-35.130361589323
1083,39168.0,39227.72551871777,39167.99999780286,39094.88509425865,39132.42663345392,-512.0,-0.8647568913147552,-468.05784414754453,-246.88510508228865,-51.406315866952355
1084,38448.0,39226.12254558684,38493.94472747115,38787.44708250958,39079.24164925966,-240.0,-2.3619099224997626,-237.02763519715882,-113.71901669817453,-21.622901731272577
1085,38688.0,39223.00169887277,38693.94472740854,38867.4470608623,39089.180829991376,368.0,-3.933355319320981,345.02763577189035,173.88694765836772,29.998222231282853
1086,39184.0,39218.2558349482,39183.99999901493,39135.22097782631,39139.238093722226,456.0,-5.626882295749965,429.0811192070687,239.22096700267502,47.819168416961475
1087,39600.0,39211.74793428127,39552.10696582268,39345.88899486765,39184.8191668253,64.0,-7.44388369700755,74.31194460330516,83.61251447516406,24.822031444335153
1088,39312.0,39203.368067554184,39332.62388822154,39302.44600677664,39188.882156610896,-128.0,-9.313606633291784,-116.36363649345003,-48.219984702689544,-2.09290238385438
1089,39344.0,39193.12072101469,39319.37969283578,39249.44902546227,39180.63336205759,-208.0,-11.10190399910789,-196.00624758864797,-100.2724685832327,-16.41712645042935
1090,38896.0,39181.16425955597,38940.611393044244,39101.901069610176,39156.04790371004,-112.0,-12.630471610300447,-96.05081818855251,-44.597421047012176,-11.583063162051985
1091,39120.0,39167.85977779409,39127.27805645867,39160.25418336825,39157.467235733486,304.0,-13.703244735304906,255.74958111854357,78.48020544219617,3.292693810126366
1092,39504.0,39153.75777008536,39452.11055528133,39258.86148049457,39162.63329133029,-8.0,-14.159764415493555,-11.639032392835361,-23.96196262639205,-11.902279836682283
1093,39104.0,39139.5402489631,39103.999991673,39112.330258115464,39133.66267606012,-392.0,-13.907034299892985,-342.41624599395436,-142.36609332137232,-27.48748146716389
1094,38720.0,39125.94370148557,38767.27806329342,38974.12929385182,39107.65832839596,-64.0,-12.938594506649679,-61.694298950427765,-11.13631733773218,-6.621431244362611
1095,38976.0,39113.6630599498,38980.611393772146,39090.05762344,39120.419813571396,472.0,-11.337639746543573,422.41624167683767,172.95714130818305,19.982475854005315
1096,39664.0,39103.268421992485,39612.1105466471,39320.04357646819,39147.62328010397,128.0,-9.2691971219283,127.64120679921325,58.007741262277705,1.3846305377774115
1097,39232.0,39095.124665705946,39235.89380737057,39206.073105964555,39123.18907464695,-336.0,-6.956166654097615,-298.3629654498145,-126.93391752134994,-29.87475172467748
1098,38992.0,39089.35608868429,39015.38461574747,39066.17574142549,39087.87377665462,-88.0,-4.642269936983212,-103.58611288577958,-102.80949382632753,-30.521609159601212
1099,39056.0,39085.84012583198,39028.72158159901,39000.4541183119,39062.14585632775,-176.0,-2.561389548067382,-161.7475861407729,-93.49456395763264,-25.4206275104807
1100,38640.0,39084.233309588155,38691.88944346592,38879.186613510225,39037.03252163366,-8.0,-0.9125908841197088,-3.146466526475706,-1.6741980465703818,-5.261708612411894
1101,39040.0,39084.01494406374,39022.42864854606,38997.10572221876,39051.622439102925,232.0,0.17375564143731026,207.1364535208304,96.47196981791785,15.171039424418268
1102,39104.0,39084.58082087103,39106.162350507584,39072.13055314606,39067.37460048249,104.0,0.6535841898876242,94.54545449942816,59.090107500331214,13.920891403689893
1103,39248.0,39085.322112443515,39211.51955754492,39115.28593721942,39079.464221910304,-144.0,0.5710814434532949,-119.1364537508598,-23.20164731692421,3.6628325233286887
1104,38816.0,39085.722983757936,38867.889443005864,39025.72725851221,39074.70026552915,-24.0,0.05951312525940011,-10.721606286100723,15.30495054889252,8.171056895302172
1105,39200.0,39085.441138694034,39190.07634497272,39145.89583831721,39095.80633570091,288.0,-0.6786819513654336,241.1987821195944,93.11649896359813,15.896386956806964
1106,39392.0,39084.365619855205,39350.28700724505,39211.96025643941,39106.493039442765,-56.0,-1.4080925386406307,-48.354301502375165,-23.955453658094484,-3.588644286010094
1107,39088.0,39082.62495361675,39093.367741967966,39097.98493100102,39088.62904712889,-264.0,-1.8957710554059304,-230.08055543727096,-108.98285993788522,-17.832539957431436
1108,38864.0,39080.57407774439,38890.12589637051,38993.99453656364,39070.8279595279,-80.0,-1.9426078508477076,-72.61236374490909,-38.99312615555755,-7.459689624589373
1109,38928.0,39078.73973791506,38948.14301447815,39019.9986786899,39073.70966787971,192.0,-1.4234739289931895,166.2251437779305,72.00348147121258,10.167191745793389
1110,39248.0,39077.72712988641,39222.57618392637,39138.00149950606,39091.16234301949,160.0,-0.30401117943256395,139.8211358005101,63.00357056919529,9.610792290750396
1111,39248.0,39078.13171555619,39227.78528607917,39146.00581982829,39092.93125246121,-112.0,1.3578355714853387,-95.864467451378,-42.99276976362671,-5.984527935215738
1112,39024.0,39080.44280102938,39030.847249023616,39052.01595997881,39079.19328714906,-184.0,3.4151344351485022,-162.70179193745207,-79.98187986007906,-10.97830095469908
1113,38880.0,39084.96198442649,38902.381702204264,38986.042060108135,39070.97465055181,-16.0,5.664318710183579,-16.557035798043216,-12.952869816603197,1.3300959303451236
1114,38992.0,39091.771438449745,38997.73317742753,39026.1102203456,39081.85347900975,144.0,7.877624808861583,124.01736236090801,57.12327041027311,15.371502408419474
1115,39168.0,39100.71723404421,39150.41642692608,39100.28860092868,39101.71765536865,72.0,9.83468148252723,64.76538412896116,40.322681047411606,16.55005912734123
1116,39136.0,39111.4408014148,39127.26394568545,39106.755582440426,39114.95359726443,-88.0,11.36252874962156,-66.83275281335955,-8.15522726803465,12.183621758995287
1117,38992.0,39123.442291543455,39016.75092129936,39083.97814639261,39126.08489888664,8.0,12.352398534105305,13.241582110695163,23.21163714848808,17.835546566548146
1118,39152.0,39136.14559848301,39153.74710990684,39153.1788567374,39150.624690397526,176.0,12.769481604809698,145.7317381417124,69.79013871348798,24.471026030758367
1119,39344.0,39148.981254753075,39308.214397582786,39223.55842381959,39175.02695094816,-40.0,12.651114869520825,-24.460724410109833,10.158778991983127,15.953608098039695
1120,39072.0,39161.44782822205,39104.82566108662,39173.49641472137,39182.531906593606,-56.0,12.082845949640614,-39.26043106304496,0.6861982624650409,13.031550975130813
1121,39232.0,39173.146946652356,39229.693535456696,39224.93082034452,39201.09005289842,144.0,11.174938394698984,113.33555165353391,47.89981579540472,17.012648949730647
1122,39360.0,39183.79770501145,39331.49676439369,39269.29604631218,39216.55720449307,-64.0,10.038373392118956,-40.712949094529904,-0.9867508762508805,8.295011819303909
1123,39104.0,39193.223693436594,39148.267637267636,39222.957318592016,39217.68007653703,88.0,8.763938274434622,76.30689278972932,13.139931575849914,6.806875870810472
1124,39536.0,39201.32558156032,39484.11054997315,39295.57590946388,39230.17095623469,-48.0,7.412739462051832,-64.49478916871522,-47.593454396203015,-2.80057249060701
1125,39008.0,39208.0491723607,39019.278058930206,39127.77040979961,39212.078931555814,-352.0,6.015333754919993,-305.7495782295191,-107.9202947644626,-7.888078101081192
1126,38832.0,39213.35624907016,38872.61139351411,39079.73531993495,39214.394800032525,200.0,4.580430600595719,178.88400093281962,75.8325701028225,21.435608478339418
1127,39408.0,39217.21003356189,39377.046060795845,39279.435550005255,39254.95014851249,232.0,3.0972926518152235,227.17127248262113,135.4180050729301,32.902855905587785
1128,39296.0,39219.55083437379,39326.95393847935,39350.57133008081,39280.2005118437,184.0,1.5478008009667974,173.53224323530594,98.42144511596416,24.46038892339857
1129,39776.0,39220.30563516382,39724.11054726646,39476.27844023718,39303.87092635929,-56.0,-0.08502561024579336,-59.53597163721861,-24.153669725041254,0.06396083354775328
1130,39184.0,39219.3807831533,39207.881995204916,39302.26399063073,39280.3284335108,-296.0,-1.8185306192099233,-268.42793243536653,-114.88245429108065,-18.72607117295047
1131,39184.0,39216.6685739254,39187.254682395724,39246.51353165502,39266.41878401339,0.0,-3.6662509248890274,-4.353900830588827,-24.49369314820433,-9.788710296739737
1132,39184.0,39212.04828130352,39199.17419354374,39253.27660433432,39260.75101291732,88.0,-5.628704728365847,87.79047886670742,41.40137484646402,-1.830220450203342
1133,39360.0,39205.41116446867,39362.83564012914,39329.31628134795,39262.75834311298,208.0,-7.682918570219044,177.83964723109966,60.69781768760731,-2.854752648687281
1134,39600.0,39196.68244416308,39554.85348800594,39374.67223970954,39255.04150761994,-168.0,-9.76794486819199,-147.27418342686724,-67.30792178364572,-24.964760112041404
1135,39024.0,39185.87527473229,39068.287273275404,39194.70043778066,39212.8288228889,-152.0,-11.778136231088865,-151.5703770201435,-94.62158303855176,-32.771243586601486
1136,39296.0,39173.126171700904,39251.71273396565,39185.42907363243,39189.49902044674,-88.0,-13.570721826028603,-84.19891785810614,-64.55682733200592,-28.65485141982208
1137,38848.0,39158.73383108023,38899.88943755919,39065.58678311665,39155.519120049255,-48.0,-14.971260919039196,-30.828726098705374,-11.048898957458732,-18.603944395017606
1138,39200.0,39143.183649862825,39190.05528176824,39163.331275717515,39152.291131656704,272.0,-15.80030614574207,225.08291891504996,79.41013045962609,-5.61343180971744
1139,39392.0,39127.133218788746,39350.05527538929,39224.4070440359,39144.29225642982,-80.0,-15.913683527014655,-60.6017199712187,-22.720709663670277,-20.38426240539411
1140,39040.0,39111.356282808796,39068.8518418258,39117.889856390175,39111.522606845916,-144.0,-15.228762401806307,-126.06613389572158,-67.57225945063692,-29.193519241609465
1141,39104.0,39096.67569398513,39097.92300759785,39089.262525134625,39085.9052179466,16.0,-13.749252215413435,-1.3137962387045263,-35.996068688240484,-26.52212800198322
1142,39072.0,39083.85777837797,39066.224249348394,39045.897719013694,39058.47835084195,-64.0,-11.579686891313031,-60.57751150750482,-56.415946614080895,-28.102949562555295
1143,38976.0,39073.51632020251,38976.76798458284,38976.43063190646,39029.69931882149,-80.0,-8.917181785094726,-85.61634185137154,-69.25177115399492,-26.09406607938581
1144,38912.0,39066.02341480778,38894.99156564565,38907.394176705704,39006.29021868318,-192.0,-6.027812421238195,-166.8185907089428,-71.33936684790751,-18.69458920415127
1145,38592.0,39061.46069536003,38643.13080316495,38833.75189821065,38992.31014041319,80.0,-3.2067789557804645,85.53185371949075,47.23367061026511,6.035428750667052
1146,39072.0,39059.60985689622,39066.05527308463,39001.861517926234,39018.36107618451,360.0,-0.7195394577902334,311.46223496741004,133.04037867870284,23.368989580550988
1147,39312.0,39060.02161644445,39266.05527309977,39099.832655568054,39039.04811957429,-128.0,1.242265655335359,-101.65057476848233,-8.112534574156598,7.039449368494388
1148,38816.0,39062.09438820689,38862.75412354767,38985.63644877792,39032.4399749215,-104.0,2.5910073126578936,-97.60359153127501,-29.37798240117263,4.213854093282862
1149,39104.0,39065.203631069766,39070.84809003722,39041.07669076571,39047.475827760856,48.0,3.362555579205946,42.33441667566149,23.978587370642344,12.209644227397803
1150,38912.0,39068.8194993653,38947.42295689899,39033.593623519206,39056.8592633763,40.0,3.6969416251995426,53.689651356726245,53.313744513099664,16.626398784257617
1151,39184.0,39072.597514320165,39178.227392750676,39147.70417979191,39080.72862532937,232.0,3.7984500398815726,201.9413996050789,95.96264616866029,18.7057932195421
1152,39376.0,39076.416399445065,39351.30575610915,39225.518915856526,39094.27084981538,56.0,3.879934917014907,49.60714390422436,2.5741939928811917,-0.54423302322175
1153,39296.0,39080.357384154195,39277.441680559125,39152.85256777767,39079.64015928293,-312.0,4.111112473197863,-284.60082655057704,-144.240064190024,-25.44868256830523
1154,38752.0,39084.63862439146,38782.104103007994,38937.03878747648,39043.37348467877,-240.0,4.58206908183638,-226.87190871498387,-123.29438656295315,-21.69800037022287
1155,38816.0,39089.52152231787,38823.69786312916,38906.263794651764,39036.24415854248,96.0,5.2978025911870645,80.08307576693187,14.356904501168174,3.882881790839747
1156,38944.0,39095.234229573834,38942.27025454186,38965.752596478815,39051.13924826045,120.0,6.197235408759298,109.92366412198317,70.36510006646131,20.252052130988886
1157,39056.0,39101.915993135386,39043.54519137312,39046.99399478469,39076.74826280446,24.0,7.189042773556139,39.000893696884305,76.73839569821575,26.646427684234368
1158,38992.0,39109.61231512095,39020.27204193563,39119.229387875246,39104.43210362892,256.0,8.193656402789202,239.5676002486107,135.85008702817868,33.30544600590292
1159,39568.0,39118.303305940964,39522.680391870344,39318.694168841044,39143.359154816266,160.0,9.163855890430568,154.3297692784472,74.81186538632392,17.69500892816359
1160,39312.0,39127.94002690181,39328.93158049252,39268.853118647894,39139.822121485246,-120.0,10.075396703148726,-109.0909089152301,-71.41449086920329,-12.145927256762661
1161,39328.0,39138.45409934726,39304.498574039884,39175.86518710264,39119.06730030274,-344.0,10.90337007574999,-326.5210638777389,-169.05533799393743,-31.201456167364086
1162,38624.0,39149.74676705331,38675.88945273704,38930.74244266002,39077.41920915052,-128.0,11.589789816363918,-132.75450203301443,-91.75152311260535,-18.977130694696825
1163,39072.0,39161.63367897999,39038.989569973855,38992.36214087743,39081.11303891335,176.0,12.01406553018387,146.22153914600858,21.800768656121363,4.149481708493113
1164,38976.0,39173.774898113676,38968.33253102906,38974.34397997226,39085.718172567504,-144.0,11.99551390905981,-108.99438379947969,-18.846170919034194,10.091042282532726
1165,38784.0,39185.62470679811,38821.000802374896,38954.66979903936,39101.29512347841,32.0,11.340263700818468,37.67228322029405,65.6607185867797,31.44170708483216
1166,39040.0,39196.45542551531,39043.67709746965,39105.66541714582,39148.60158673717,336.0,9.901024621380202,307.4449371217124,183.828326679366,52.73654259561226
1167,39456.0,39205.42675604087,39435.89067661832,39322.32645239809,39206.76820866964,232.0,7.6191108128005,225.28380756155093,149.82426145132195,45.70503236594959
1168,39504.0,39211.69364714091,39494.24471259275,39405.313940048465,39240.01165146907,8.0,4.589549216936575,9.577598938180017,33.64445767460347,20.04402537288479
1169,39472.0,39214.60585447474,39455.04587449468,39389.6153677473,39246.85625941541,-144.0,1.0651955761677527,-123.96946562465382,-56.89088842752244,-4.41257908289117
1170,39216.0,39213.82403829325,39246.30578134344,39291.53216319342,39231.186493303285,-48.0,-2.601502428919048,-57.211186434044066,-60.31712295715988,-14.91044144695843
1171,39376.0,39209.402849616905,39340.62350162659,39268.98112183298,39217.03537652149,-96.0,-6.014913687406079,-96.81905200025358,-76.0604804439572,-22.099347955718258
1172,39024.0,39201.79421091844,39052.667677342935,39139.411202305506,39186.98779739185,-152.0,-8.818512357793225,-130.36315715264573,-71.86431837472264,-21.89818926004955
1173,39072.0,39191.76582490132,39079.8971873213,39125.25248508353,39173.23899800139,88.0,-10.77100293064359,66.7154465848871,12.46752531979655,-8.686849490386521
1174,39200.0,39180.25220505715,39186.09857051271,39164.3462529451,39169.614098411075,32.0,-11.78641020906798,36.694235754956026,21.266894334112294,-5.1441946697632375
1175,39136.0,39168.19300448318,39153.28565883121,39167.78627375176,39162.950608661864,64.0,-11.94423052885395,53.61538247457065,19.333157682536694,-5.3159593161180965
1176,39328.0,39156.36374399944,39293.32933546185,39203.01256831017,39158.98217977884,-32.0,-11.455409281046741,-33.30964606009729,-27.267421286502213,-12.419319894084765
1177,39072.0,39145.28218592109,39086.66636671102,39113.25143117875,39138.111968873694,-152.0,-10.600102622793202,-133.33113519571998,-69.13542154203606,-17.564612461457727
1178,39024.0,39135.163538753855,39026.66706507041,39064.7417252261,39123.85295485592,-48.0,-9.671200804066757,-46.66397628854611,-28.138843339605955,-9.266366274976463
1179,38976.0,39125.939784312955,38993.33841413393,39056.97374449954,39119.57923632374,56.0,-8.906748759553011,53.36341973315939,32.718891523207276,2.905243284003518
1180,39136.0,39117.35004123475,39133.39390453673,39130.179508272515,39129.66344142393,136.0,-8.439971627580235,127.0250130864406,70.29551790923506,9.767377171388944
1181,39248.0,39109.059841057795,39247.38844030681,39197.56478031801,39139.11399066652,128.0,-8.289159684616607,110.93673730410228,42.16766220450154,4.006248775913264
1182,39392.0,39100.771721865516,39355.267379144934,39214.51483268152,39137.67593897576,-176.0,-8.361807847293676,-160.73360569473516,-71.79253129573044,-14.154254741974
1183,38896.0,39092.33622536321,38925.92122891734,39053.97971772655,39110.80548118257,-224.0,-8.49061711260947,-194.7905653833841,-81.5452560916965,-16.130183734057937
1184,38944.0,39083.7904876403,38965.686248378166,39051.424320498125,39105.41557150764,168.0,-8.478981255921099,148.19626135166254,51.15676302063366,2.6808689004537882
1185,39232.0,39075.378262851365,39222.31375162066,39156.29324376782,39116.16721898348,240.0,-8.150921583754098,208.19626134580176,67.01554515360112,4.960008425008709
1186,39424.0,39067.48864447279,39382.07877106977,39185.45541080533,39115.33558835766,-240.0,-7.407079813132441,-220.85117900607656,-90.11012755982301,-16.264851207935862
1187,38752.0,39060.5641032251,38780.61139360851,38976.07298864817,39083.63751656761,-320.0,-6.252592191576696,-287.40035561465993,-97.34592783307016,-15.11619596167293
1188,38784.0,39054.983460089636,38807.27805984045,38990.76355513919,39085.10319643431,408.0,-4.794712581362546,367.7495774739218,118.07234406061252,16.52083968842635
1189,39568.0,39050.974678062375,39516.11054855635,39212.217676769396,39116.67919594446,48.0,-3.2276096108289494,62.3056936146495,43.562960014900455,9.009959307364625
1190,38880.0,39048.52824086798,38931.88944706975,39077.88947516899,39103.12311504904,-152.0,-1.788877346094523,-147.52798760457517,-35.38346401590752,-2.399925142963184
1191,39264.0,39047.39692337019,39221.0545733472,39141.45074873758,39111.87934565853,80.0,-0.695072456222988,59.57904032349688,2.2866479373806214,1.1501978924170544
1192,39040.0,39047.13809595553,39051.04752771674,39082.46277104375,39105.423510833876,-152.0,-0.08960879605729133,-114.76940704676235,-37.75659217195789,-3.184659282964276
1193,38960.0,39047.21770577807,38991.51575925368,39065.937564393666,39105.510027092605,128.0,0.0028668541526712943,98.04702780532898,36.44357554675298,7.362017613362696
1194,39296.0,39047.14382966384,39247.1415833274,39155.349922137255,39120.1475460606,8.0,-0.33061383660242427,11.333740710739221,19.087318812213198,5.844896271024481
1195,38976.0,39046.55647810487,39014.18324067516,39104.11220201809,39117.199819634654,-72.0,-0.9009678873189841,-42.04213927647288,12.818380889882974,4.11226455578435
1196,39152.0,39045.3418938892,39163.057304774455,39180.98668391702,39128.37207517217,272.0,-1.457628179978201,226.9636743255396,91.367823857443,9.990859296125564
1197,39520.0,39043.64122174491,39468.110589326236,39286.84784973298,39137.181538226905,24.0,-1.7762327215277764,18.471324366735644,-10.714909317553975,-10.331460033921758
1198,39200.0,39041.78942844614,39199.999953507926,39159.55686528191,39107.70915510433,-304.0,-1.7129848088698054,-270.1639527549487,-147.51255181010492,-34.08692536736271
1199,38912.0,39040.21525212717,38927.78268381634,38991.82274611277,39069.00768749218,-192.0,-1.2384952325228369,-186.91894567140116,-127.82274611276443,-30.85108323753593
1200,38816.0,39039.3124379811,38826.162062165124,38903.911373056384,39046.006988629255,-96.0,-0.9028141460730694,-101.6206216512146,-87.91137305638404,-23.000698862924764
