distance,Raw,Median+Gaussian,Huber MRF lambda=0.1,Huber MRF lambda=1,Huber MRF lambda=10,derivative:Raw,derivative:Median+Gaussian,derivative:Huber MRF lambda=0.1,derivative:Huber MRF lambda=1,derivative:Huber MRF lambda=10
0,32928.0,33516.32259607331,32924.140892228286,32923.784839539134,33242.421453528324,-48.0,55.81687098648399,-38.591077717152075,-4.215160460866173,31.44214535282663
1,32880.0,33572.139467059795,32885.549814511134,32919.56967907827,33273.86359888115,-16.0,82.80966351443203,-10.842005161463021,15.569679078264016,51.13532529688746
2,32896.0,33681.941923102175,32902.45688190536,32954.92419769566,33344.6921041221,48.0,134.93955120968894,49.19147692102342,64.81661746522514,93.2631104470529
3,32976.0,33842.01856947917,32983.93276835318,33049.20291400872,33460.38981977526,120.0,182.39739151363028,121.13972821371499,130.88017331741867,139.91720664191962
4,33136.0,34046.736706129435,33144.73633833279,33216.6845443305,33624.52651740594,272.0,223.28708310669026,268.03361587893596,235.3991905950752,188.56302350098122
5,33520.0,34288.59273569255,33520.00000011105,33520.00129519887,33837.51586677722,456.0,255.85172860421153,451.6318307988877,415.6573442650042,228.86514271013948
6,34048.0,34558.44016333786,34047.999999930566,34047.99923286051,34082.25680282622,528.0,278.6744819439482,527.9999999541214,527.9994836438018,369.2457774536997
7,34576.0,34845.94169958045,34576.000000019296,34576.00026248647,34576.00742168462,728.0,290.89488446608084,728.0000000478467,728.0004479917043,710.8666865445957
8,35504.0,35140.22993227002,35504.00000002626,35504.000128843916,35503.99017591541,792.0,292.3918733303435,791.9999999585125,791.9996449073151,691.7092860188241
9,36160.0,35430.72544624114,36159.99999993632,36159.9995523011,35959.42599372227,536.0,283.8611557353506,526.326376921872,489.7742958792951,341.7723966353551
10,36576.0,35707.95224374072,36556.65275387,36483.54872060251,36187.53496918612,216.0,266.77251183509725,225.67362308804513,239.6322676235286,208.68572392315764
11,36592.0,35964.27046991133,36611.34724611241,36639.26408754816,36376.79744156858,216.0,243.19416436663232,209.00999560388664,179.34741071973622,178.5023444608887
12,37008.0,36194.340572473986,36974.672745077776,36842.24354204198,36544.5396581079,144.0,215.5166616946699,139.10995155483033,120.10122551480526,144.56919944471156
13,36880.0,36395.30379330067,36889.56714922207,36879.46653857777,36665.935840458005,-56.0,186.16644575758255,-37.26984974532752,36.956265824679576,110.69297437300702
14,36896.0,36566.67346398915,36900.13304558712,36916.15607369134,36765.92560685391,32.0,157.33352607564302,31.231124300633383,46.7675719592371,93.48604673860245
15,36944.0,36709.97084545196,36952.02939782334,36973.001682496244,36852.90793393521,96.0,130.7586797185977,92.04334135292083,71.3464500530281,82.42772377805886
16,37088.0,36828.19082342635,37084.21972829296,37058.848973797394,36930.78105441003,128.0,107.62060043769452,113.28897193443845,71.27177819984718,70.01217319532225
17,37200.0,36925.212046327346,37178.607341692215,37115.54523889594,36992.932280325855,-24.0,88.52411127634696,-12.575678139655793,14.468884546509798,51.79783993211822
18,37040.0,37005.23904597904,37059.06837201365,37087.786742890414,37034.376734274265,-24.0,73.5536365514563,-24.19710961032979,-3.8651245603177813,41.16329066212347
19,37152.0,37072.31931943026,37130.213122471556,37107.8149897753,37075.2588616501,-48.0,62.36982027732665,-37.78963718430168,-2.0642582274595043,37.0450704583418
20,36944.0,37129.978686533694,36983.48909764505,37083.658226435495,37108.46687519095,96.0,54.32336318157468,87.70096475501123,45.67234987794291,41.43135730039285
21,37344.0,37180.96604579341,37305.61505198158,37199.15968953119,37158.12157625089,112.0,48.577773583703674,93.22171288813479,43.08130786128095,40.360779872480634
22,37168.0,37227.1342337011,37169.93252342132,37169.82084215806,37189.18843493591,-160.0,44.21441853103897,-126.01991145369539,-28.428426294096425,32.126280431821215
23,37024.0,37269.394882855486,37053.57522907419,37142.302836942996,37222.37413711453,40.0,40.33657945933737,31.518851023825846,31.633413256433414,43.10440903434937
24,37248.0,37307.807392619776,37232.97022546897,37233.08766867092,37275.39725300461,112.0,36.16290070159448,104.24612373962009,83.32866606338939,54.392978540305194
25,37248.0,37341.720684258675,37262.06747655343,37308.960169069775,37331.16009419514,88.0,31.104983910470764,99.43463385161522,106.35258493373476,59.92084590029117
26,37424.0,37370.01736044072,37431.8394931722,37445.79283853839,37395.23894480519,232.0,24.841988667249097,212.17545632475958,147.7290887378149,62.640797850308445
27,37712.0,37391.40466159317,37686.41838920295,37604.418346545404,37456.44168989576,128.0,17.353035163032473,123.46486820049176,104.83468127971719,48.42482958535402
28,37680.0,37404.72343076678,37678.76922957318,37655.46220109783,37492.0886039759,-40.0,8.905775177838223,-13.803011763855466,38.77495510133667,26.251344278934994
29,37632.0,37409.21621194885,37658.812365675236,37681.96825674808,37508.94437845363,144.0,0.010985649645590456,119.79870461125029,51.49018402428919,10.702993400409468
30,37968.0,37404.74540206607,37918.366638795684,37758.442569146406,37513.49459077672,-16.0,-8.672854128817562,-17.065899281191378,-28.304403028472734,-18.17505813806929
31,37600.0,37391.870503691214,37624.68056711285,37625.35945069113,37472.59426217749,-160.0,-16.468149105985503,-147.52360987150678,-120.40339310970376,-47.27061549035716
32,37648.0,37371.8091038541,37623.31941905267,37517.635782927,37418.953359796,-240.0,-22.798539859817538,-238.87814909295776,-172.9057763006349,-65.09323439168656
33,37120.0,37346.27342397158,37146.92426892694,37279.54789808986,37342.407793394115,-240.0,-27.277253613363428,-227.65970919493338,-158.31393579220457,-65.42517673218026
34,37168.0,37317.254596627376,37168.0000006628,37201.00791134259,37288.10300633164,48.0,-29.761654863188596,21.07573504987522,-62.036031075982464,-48.29963674589089
35,37216.0,37286.7501142452,37189.07573902669,37155.4758359379,37245.80851990233,-168.0,-30.35743754226496,-143.18331545877663,-75.79415743573918,-40.80406043419134
36,36832.0,37256.539721542846,36881.63336974525,37049.41959647111,37206.49488546326,-40.0,-29.36268079526417,-26.53786069112175,2.653558768768562,-20.588890165912744
37,37136.0,37228.024752654674,37136.000017644445,37160.782953475435,37204.63073957051,352.0,-27.185910436572158,302.3666168342679,123.75483374204123,1.5673910857767623
38,37536.0,37202.1679006697,37486.366603413786,37296.92926395519,37209.629667634814,-8.0,-24.25545912040252,8.340281529057393,16.61094245735876,-11.319588553957146
39,37120.0,37179.51383441387,37152.68058070256,37194.00483839015,37181.991562462594,-136.0,-20.947087086427928,-127.52358951004499,-65.92200636996859,-24.53852704908786
40,37264.0,37160.273726496845,37231.319424393696,37165.085251215256,37160.55261353664,-144.0,-17.534356641379418,-135.52359940320457,-78.37696156726452,-26.61131824912809
41,36832.0,37144.44512113111,36881.63338189615,37037.25091525562,37128.76892596434,-8.0,-14.179442138807644,-14.338526451276266,-25.208878331824963,-16.945241274079308
42,37248.0,37131.91484221923,37202.64237149114,37114.667494551606,37126.66213098848,64.0,-10.955148061260843,57.7998055479984,10.750326571782352,-8.173688426435547
43,36960.0,37122.53482500859,36997.23299299215,37058.75156839919,37112.42154911147,-24.0,-7.880065464938525,-19.24441353826478,-6.540141952820704,-6.61950442144007
44,37200.0,37116.15471128935,37164.153544414614,37101.587210645965,37113.4231221456,-8.0,-4.957101914598752,-12.311726504478429,-6.370752430244465,-3.3272708585864166
45,36944.0,37112.62062117939,36972.60953998319,37046.0100635387,37105.76700739429,-72.0,-2.2082654626537987,-48.496304515465454,-4.572115337919968,0.43223561840932234
46,37056.0,37111.738180364046,37067.16093538368,37092.442979970125,37114.28759338242,184.0,0.30761318916120217,150.35607231889298,64.65440641649184,11.43496565724854
47,37312.0,37113.23584755771,37273.321684620976,37175.31887637168,37128.63693870879,8.0,2.500796741718659,12.769172342192178,14.53533458739912,5.181192261807155
48,37072.0,37116.73977384748,37092.69928006807,37121.51364914492,37124.64997790603,-96.0,4.263389041308983,-77.12600421256502,-29.048402654294478,-1.3544619074527873
49,37120.0,37121.76262564033,37119.069676195846,37117.22207106309,37125.928014893885,40.0,5.4888720526505494,21.71877710701301,-5.680542550282553,1.5744377325427195
50,37152.0,37127.717517952784,37136.13683428209,37110.15256404436,37127.79885337112,-72.0,6.095102100069198,-62.24867050326429,-27.99322499655682,0.6607811457906791
51,36976.0,37133.95282984047,36994.57233518932,37061.23562106998,37127.24957718547,-64.0,6.049902544233191,-48.70282314619908,-6.299132439391542,7.013202673620981
52,37024.0,37139.81732304125,37038.731187989695,37097.554299165575,37141.82525871836,128.0,5.388654496691743,117.81479274883895,73.09582767838583,20.4669444688152
53,37232.0,37144.73013883385,37230.201920686995,37207.42727642675,37168.1834661231,208.0,4.218611721007619,182.48033613226653,97.58661547455267,23.16738071088548
54,37440.0,37148.254546483266,37403.69186025423,37292.72753011468,37188.16002014013,-16.0,2.7062322064157343,-8.050759161644237,11.66401874526855,7.384555024043948
55,37200.0,37150.142603246684,37214.10040236371,37230.75531391729,37182.952576171185,-144.0,1.0650266169250244,-119.08944607199373,-46.594559238743386,-6.05981516038446
56,37152.0,37150.384599717116,37165.51296811024,37199.53841163719,37176.04038981936,32.0,-0.46703388706373516,18.977406297755806,-7.447696461502346,-5.710166860855679
57,37264.0,37149.20853547256,37252.05521495922,37215.859920994284,37171.53224244947,40.0,-1.6655500795677654,26.81832164507432,-7.748530145763652,-9.131535247419379
58,37232.0,37147.05349955798,37219.14961140039,37184.041351345666,37157.77731932452,-112.0,-2.352823805715161,-97.15754655687488,-55.79789397578497,-17.466057158719195
59,37040.0,37144.50288786113,37057.74012184547,37104.264133042714,37136.600128132035,-80.0,-2.42252989940971,-72.70888032757648,-47.645151781594905,-16.347184785889112
60,37072.0,37142.20843975916,37073.73185074524,37088.751047782476,37125.082949752745,40.0,-1.8506587466836208,24.650982625949837,-7.137561368996103,-8.863030891650851
61,37120.0,37140.80157036776,37107.04208709737,37089.98901030472,37118.87406634873,-40.0,-0.6942766001338896,-31.479328161014564,-13.767532325397042,-6.265180086575128
62,36992.0,37140.81988655889,37010.77319442321,37061.21598313168,37112.552589579594,-8.0,0.9096001602883916,-2.402920558120968,5.834964392804977,-0.29384729015873745
63,37104.0,37142.620770688336,37102.23624598113,37101.65893909033,37118.286371768416,96.0,2.768917668305221,82.64428146353748,39.272425503811974,6.448100777241052
64,37184.0,37146.3577218955,37176.06175735028,37139.760834139306,37125.44879113408,40.0,4.660657138527313,34.13429812058894,15.982312118627306,4.2348589223620365
65,37184.0,37151.94208496539,37170.504842222304,37133.62356332759,37126.75608961314,-88.0,6.353007745201467,-73.03270401647023,-31.32548914792642,-1.554897040277865
66,37008.0,37159.063737385906,37029.99634931734,37077.10985584345,37122.33899705352,-24.0,7.633539946535166,-30.526746318242658,-21.958779562406562,1.2998572930591763
67,37136.0,37167.20916485846,37109.45134958582,37089.70600420277,37129.35580419926,-64.0,8.328112820763636,-53.2882518024453,-10.550849539293267,6.684597355699225
68,36880.0,37175.71996302743,36923.41984571245,37056.00815676487,37135.70819176492,104.0,8.32593238651316,97.68881778436844,54.30623094452676,19.13779715390774
69,37344.0,37183.86102963149,37304.828985154556,37198.31846609183,37167.631398507074,128.0,7.597371956115239,118.93297211939353,69.46954237287719,23.104776667503756
70,37136.0,37190.914706939664,37161.28578995124,37194.94724151062,37181.91774509993,-32.0,6.205212498789479,-17.114245447122812,26.102396174104797,16.582233847853786
71,37280.0,37196.271454629066,37270.60049426031,37250.52325844004,37200.79586620278,72.0,4.30085200359099,62.3171756106276,40.83764614942993,14.917914412992104
72,37280.0,37199.516410946846,37285.92014117249,37276.62253380948,37211.75357392591,48.0,2.1090371887476067,44.92035277465766,24.41054227418499,7.545386419427814
73,37376.0,37200.48952900656,37360.441199809626,37299.34434298841,37215.88663904164,8.0,-0.10507606426835991,-3.272942314732063,-15.606019326867681,-3.87260293219515
74,37296.0,37199.30625881831,37279.37425654303,37245.410495155746,37204.00836806152,-192.0,-2.0843141352088423,-164.19566055143514,-79.22860025479167,-16.477852577037993
75,36992.0,37196.320900736144,37032.049878706755,37140.88714247882,37182.93093388756,-56.0,-3.62843341507687,-47.074984302500525,-30.07978143751461,-11.530887479584635
76,37184.0,37192.049391988156,37185.22428793803,37185.25093228072,37180.94659310235,200.0,-4.633698453009856,159.29584892141065,44.98925594225511,-2.137011130089377
77,37392.0,37187.053503830124,37350.64157654958,37230.86565436333,37178.65691162738,-48.0,-5.116240137977002,-46.33689644554397,-34.95245073572005,-12.956835893601237
78,37088.0,37181.8169117122,37092.55049504694,37115.346030809276,37155.03292131515,-272.0,-5.208488303655031,-230.3765384629587,-101.84660814941526,-20.272344246477587
79,36848.0,37176.636527222814,36889.88849962366,37027.1724380645,37138.11222313443,8.0,-5.126984897586226,6.780502694993629,1.4126262874779059,-2.41508702399733
80,37104.0,37171.56294191703,37106.11150043693,37118.17128338423,37150.202747267154,272.0,-5.123217509688402,226.7805029979172,98.08448701184534,14.400661496085377
81,37392.0,37166.39009220344,37343.449505619494,37223.34141208819,37166.9135461266,-32.0,-5.4323820206773235,-12.312739104952925,20.840834748054476,5.456476165771164
82,37040.0,37160.698177875674,37081.48602222702,37159.85295288034,37161.1156995987,-64.0,-6.218553877715749,-47.63509987235011,-3.5619827676782734,0.2579384520322492
83,37264.0,37153.952984448006,37248.17930587479,37216.21744655284,37167.42942303066,112.0,-7.536164250239381,87.58981302173561,32.473216948910704,1.4851945834998332
84,37264.0,37145.625849375196,37256.66564827049,37224.79938677816,37164.086088765696,-40.0,-9.324930535443855,-28.185416251853894,-11.018366385589616,-8.339029826678598
85,37184.0,37135.30312337712,37191.808473371086,37194.18071378166,37150.751363377305,-24.0,-11.425297725265409,-25.81480804396415,-25.528316105675913,-14.997157219528162
86,37216.0,37122.775253924665,37205.036032182565,37173.74275456681,37134.09177432664,-40.0,-13.602450415673957,-41.59228027570862,-41.5665819314454,-20.75500033433127
87,37104.0,37108.09822254577,37108.62391281967,37111.04754991877,37109.24136270864,-72.0,-15.583828449896828,-73.29255526456109,-59.171429688656644,-24.588343482566415
88,37072.0,37091.60759702487,37058.45092165344,37055.3998951895,37084.91508736151,-136.0,-17.095869614513504,-117.91838289901352,-63.9477071345209,-23.68052097906184
89,36832.0,37073.90648331674,36872.78714702164,36983.152135649725,37061.88032075052,24.0,-17.891259619522316,18.271960476406093,3.3283082850903156,-11.540750573458354
90,37120.0,37055.82507778583,37094.994842606255,37062.05651175968,37061.83358621459,104.0,-17.77941502039903,97.18190861589028,49.93263198979548,-2.955055225203978
91,37040.0,37038.347653275945,37067.15096425342,37083.017399629316,37055.97021030011,120.0,-16.641525631930563,107.9109429142627,42.46958768429249,-5.064865399472183
92,37360.0,37022.542026521965,37310.81672843478,37146.99568712826,37051.703855415646,-48.0,-14.450508173376875,-54.037706745915784,-42.52386893692528,-19.68116211368033
93,36944.0,37009.44663692919,36959.07555076159,36997.969661755465,37016.60788607275,-248.0,-11.288296933267702,-224.5763107640705,-122.04119449506106,-31.46557503925942
94,36864.0,36999.96543265543,36861.66410690664,36902.91329813814,36988.77270533713,-120.0,-7.345931068644859,-109.09090932174513,-75.59971454825427,-21.596545468764816
95,36704.0,36994.7547747919,36740.8937321181,36846.77023265896,36973.41479513522,96.0,-2.916714537223015,77.5405863247106,15.242050850298256,-1.887170445148513
96,37056.0,36994.132003580984,37016.74527955606,36933.39739983874,36984.99836444683,80.0,1.6345456354865746,65.7356446955273,25.3258670991454,8.03348753395403
97,36864.0,36998.023866062875,36872.365021509155,36897.42196685725,36989.48177020313,-128.0,5.9141889700404136,-102.55515050114263,-19.2644495528657,10.757494266450522
98,36800.0,37005.960381521065,36811.634978553775,36894.868500733006,37006.51335297973,-8.0,9.556271187771927,-2.5551501864974853,44.88078424226114,27.35725042559352
99,36848.0,37017.13640843842,36867.25472113616,36987.18353534177,37044.196271054316,320.0,12.288689472483384,295.34974707955917,161.9068022796455,47.49273162729878
100,37440.0,37030.53776046603,37402.33447271289,37218.6821052923,37101.49881623433,216.0,13.972089220278576,203.29571632481748,120.83962259667533,40.37748599172846
101,37280.0,37045.080586878976,37273.846153785795,37228.86278053512,37124.95124303777,-200.0,14.614053891396907,-159.25754999812125,-15.387934489612235,15.699988955333538
102,37040.0,37059.765868248825,37083.81937271665,37187.90623631307,37132.898794144996,136.0,14.359548904860276,114.26022849547371,32.99657393448797,12.592490814469784
103,37552.0,37073.799684688696,37502.36661077674,37294.8559284041,37150.13622466671,8.0,13.453431642163196,-0.7043820781073009,-21.622343706927495,-2.85575824494299
104,37056.0,37086.67273153315,37082.410608560436,37144.66154889922,37127.18727765511,-216.0,12.181984441453096,-202.00843137360062,-105.86360505527409,-19.389583128850063
105,37120.0,37098.1636535716,37098.34974802954,37083.12871829355,37111.35705840901,-88.0,10.814772826695844,-92.31212038319063,-79.96847145889114,-16.262366325649054
106,36880.0,37108.30227718654,36897.786367794055,36984.724605981435,37094.66254500381,-136.0,9.570525231400097,-111.6315412652184,-46.041809321392066,-5.961386155006039
107,36848.0,37117.3047040344,36875.086665499104,36991.045099650764,37099.434286099,168.0,8.59351349107601,151.76382705753713,77.84304349470767,17.34345540013601
108,37216.0,37125.489304168696,37201.31402190913,37140.41069297085,37129.349455804084,240.0,7.949157198549074,213.76726409869298,111.5709398055078,25.5826424952902
109,37328.0,37133.2030184315,37302.62119369649,37214.18697926178,37150.59957108958,-40.0,7.637836573288951,-25.586859730188735,16.86977592182302,12.380093839976325
110,37136.0,37140.76497731527,37150.14030244875,37174.1502448145,37154.10964348404,-104.0,7.6145067183206265,-81.77937900397228,-20.961612040035106,4.415554568655352
111,37120.0,37148.43203186814,37139.062435688546,37172.26375518171,37159.43068022689,112.0,7.804507138978806,84.23431168252864,24.245387958068022,7.2925707542017335
112,37360.0,37156.37399159323,37318.60892581381,37222.64102073063,37168.69478499244,-32.0,8.107745343775605,-27.408880805694935,-18.302224085760827,-0.3011559848309844
113,37056.0,37164.64752255569,37084.244674077156,37135.65930701019,37158.82836825723,-104.0,8.410281974680402,-93.14088135086058,-47.1520602153505,-4.724998322351894
114,37152.0,37173.19455554259,37132.32716311209,37128.33690029993,37159.244788347736,-56.0,8.58587279612766,-50.281695404632046,-19.15395656029432,0.778659507897828
115,36944.0,37181.81926814795,36983.68128326789,37097.3513938896,37160.385687273025,112.0,8.505686965349014,102.83582268582177,45.69019053446755,11.960183288938424
116,37376.0,37190.20592947329,37337.99880848373,37219.71728136887,37183.16515492561,136.0,8.054717173919926,111.23628144392933,44.22452816369696,13.137725398868497
117,37216.0,37197.92870249579,37206.15384615575,37185.80045021699,37186.66113807076,-224.0,7.144505594573275,-181.0757315492192,-49.01660604336939,2.02904004868833
118,36928.0,37204.49494066244,36975.84734538529,37121.68406928213,37187.22323502299,80.0,5.7316020718280924,68.94346015393239,32.72565370619486,13.523258703375177
119,37376.0,37209.391906639445,37344.040766463615,37251.25175762938,37213.70765547751,176.0,3.828436532505293,148.38401939844334,67.19356716194307,18.369803228400997
120,37280.0,37212.15181372745,37272.61538418218,37256.071203606014,37223.96284147979,-144.0,1.5084389838229981,-108.34846137052591,-7.144952220362029,7.453328076266189
121,37088.0,37212.40878460709,37127.34384372256,37236.96185318866,37228.614311630045,144.0,-1.094525672502641,122.87562068168336,55.371576176978124,11.682185731759091
122,37568.0,37209.96276238244,37518.36662554555,37366.81435595997,37247.32721294331,72.0,-3.7915274596925883,68.30435932414184,29.2596807512964,2.6792619604275387
123,37232.0,37204.825729687705,37263.95256237085,37295.48121469125,37233.9728355509,-104.0,-6.363852182588744,-91.52764362237576,-39.5925339230962,-13.255735614864534
124,37360.0,37197.235058017264,37335.311338300795,37287.62928811378,37220.81574171358,-48.0,-8.584257436556072,-52.08453256606663,-44.03728252058863,-20.11630675163906
125,37136.0,37187.65721481459,37159.78349723871,37207.406649650075,37193.74022204762,-64.0,-10.232009741066577,-56.61035486851688,-44.519313638662425,-24.1885085635804
126,37232.0,37176.77103853513,37222.09062856376,37198.59066083645,37172.43872458642,24.0,-11.122256845650554,12.760274143871357,-25.520658395395003,-24.279561231880507
127,37184.0,37165.41270112329,37185.304045526456,37156.365332859285,37145.18109958386,-24.0,-11.139385609098099,-30.266355405023205,-56.042661547522584,-29.198570023363573
128,37184.0,37154.492267316935,37161.557917753715,37086.50533774141,37114.04158453969,-272.0,-10.255299834800098,-247.8353277525639,-118.60732624717275,-34.63743581718518
129,36640.0,37144.90210145369,36689.63339002133,36919.15068036494,37075.90622794949,0.0,-8.541776543170272,-10.6228008444632,-27.779317193999304,-16.340045192726393
130,37184.0,37137.408714230594,37140.31231606479,37030.94670335341,37081.36149415424,144.0,-6.171975626984931,130.9845183344878,35.2693746651712,0.32334091246229946
131,36928.0,37132.55815019972,36951.602426690304,36989.68942969528,37076.552909774415,-88.0,-3.3989162820216734,-70.69775592296355,-10.412558810487099,2.61906110889322
132,37008.0,37130.61088166655,36998.91680421886,37010.121585732435,37086.59961637203,0.0,-0.5275598209918826,1.8983986228522554,21.49294890337478,13.97668741621601
133,36928.0,37131.50303055774,36955.39922393601,37032.67532750203,37104.50628460685,96.0,2.1284437192225596,93.47853939719425,74.89140552061144,26.7319824651604
134,37200.0,37134.867769104996,37185.87388301325,37159.90439677366,37140.06358130235,168.0,4.289498826616182,159.84407414347515,107.18126765845955,32.5604757606161
135,37264.0,37140.08202821097,37275.08737222296,37247.03786281895,37169.62723612808,160.0,5.744339552788006,144.65035032450032,78.6523974547672,24.84501663213814
136,37520.0,37146.35644821057,37475.17458366225,37317.20919168319,37189.75361456662,-56.0,6.372560202267778,-58.40591304580812,-31.22407529416523,3.6140591668736306
137,37152.0,37152.827148615506,37158.27554613134,37184.58971223062,37176.855354461826,-288.0,6.154741895654297,-251.15526407783182,-116.32462333726289,-11.65549238170206
138,36944.0,37158.66593200188,36972.86405550659,37084.55994500867,37166.44262980322,-40.0,5.167783019474882,-41.09121309182592,-29.74979471761617,0.7094068315527693
139,37072.0,37163.162714654456,37076.09311994769,37125.09012279539,37178.27416812493,136.0,3.565526440354006,123.69466417954754,67.07523918441439,17.145246727955964
140,37216.0,37165.79698488259,37220.25338386568,37218.710423377495,37200.73312325913,184.0,1.5580700298960437,165.42718324640737,94.97551227085569,21.695611297160212
141,37440.0,37166.27885471425,37406.947486440506,37315.0411473371,37221.66539071925,8.0,-0.6112506971367111,21.431534777359047,33.85129762815632,10.015536996077572
142,37232.0,37164.574483488315,37263.1164534204,37286.41301863381,37220.76419725129,16.0,-2.6980030182203336,11.751234081883013,-1.4216193863903754,-1.4629836053973122
143,37472.0,37160.88284867781,37430.44995460427,37312.19790856432,37218.73942350846,-104.0,-4.4863861051962886,-97.52719579295808,-54.11615578733108,-14.687802567405015
144,37024.0,37155.60171127792,37068.062061834484,37178.180707059146,37191.38859211648,-88.0,-5.814517972106842,-84.96711359918481,-56.92684797560287,-18.98140178615722
145,37296.0,37149.253812733594,37260.5157274059,37198.34421261311,37180.77661993614,32.0,-6.597459848017024,15.032302600924595,-28.664388139473886,-16.373141183528787
146,37088.0,37142.40679158189,37098.12666703633,37120.8519307802,37158.64230974942,-128.0,-6.835645046478021,-111.7557251879116,-61.06631644281879,-18.602194699251413
147,37040.0,37135.58252264064,37037.00427703008,37076.211579727475,37143.57223053764,-88.0,-6.612839265279035,-76.10100485586372,-26.53456118898248,-9.891467684898089
148,36912.0,37129.18111305133,36945.924657324606,37067.78280840223,37138.85937437962,168.0,-6.0697003486675385,152.83664832316572,69.46263287587135,6.630112560964335
149,37376.0,37123.4431219433,37342.67757367641,37215.13684547922,37156.83245565957,176.0,-5.3704063045588555,155.8478033282554,66.92245981658925,7.014704062927194
150,37264.0,37118.44030044221,37257.620263981116,37201.62772803541,37152.88878250548,-136.0,-4.663549194170628,-116.95598978970156,-44.69525342609268,-9.499234028822684
151,37104.0,37114.11602355496,37108.76559409701,37125.74633862703,37137.83398760192,-136.0,-4.05008126501707,-125.02669939905536,-65.00822009487092,-13.363095523454831
152,36992.0,37110.34013791218,37007.566865183006,37071.61128784567,37126.16259145857,-24.0,-3.5656575747561874,-23.36440299896276,-14.329406858523726,-4.96326657042664
153,37056.0,37106.98470840545,37062.03678809908,37097.087524909984,37127.90745446107,96.0,-3.176121757082001,84.65386341148769,46.01999951930702,5.340235725554521
154,37184.0,37103.987894398015,37176.87459200598,37163.651286884284,37136.84306290968,72.0,-2.8031172279952443,79.21076393678231,56.38940541644115,6.577761594093317
155,37200.0,37101.37847394946,37220.458315972646,37209.86633574287,37141.06297764926,168.0,-2.357352853046905,146.7460135400761,51.14821673002007,1.273063622040354
156,37520.0,37099.27318869192,37470.36661908613,37265.947720344324,37139.38919015376,-104.0,-1.7745130853145383,-110.84220613416255,-70.94475522638822,-20.704327987812576
157,36992.0,37097.82944777883,36998.77390370432,37067.97682529009,37099.65432167363,-368.0,-1.0444602079733158,-326.0103018920672,-159.9824824091811,-34.35215239644458
158,36784.0,37097.184268275974,36818.346015302,36945.98275552596,37070.68488536087,0.0,-0.21421608028686023,-8.697811892343452,-41.00269200115508,-14.63519204471595
159,36992.0,37097.401015618256,36981.378279919634,36985.97144128778,37070.3839375842,136.0,0.6327134286657383,109.92366421579572,36.974406405715854,3.6182491025392665
160,37056.0,37098.449695133306,37038.19334373359,37019.93156833739,37077.92138356595,-56.0,1.4088285051329876,-32.21821751810421,15.925911218302645,8.633515160043316
161,36880.0,37100.21867262852,36916.941844883426,37017.823263724385,37087.65096790429,88.0,2.065397458674852,85.45650810759253,66.80332724918844,20.112132733553153
162,37232.0,37102.580490050655,37209.106359948775,37153.53822283577,37118.14564903305,168.0,2.6236915392873925,155.69753226858666,96.48407052926996,24.801963580423035
163,37216.0,37105.4660557071,37228.3369094206,37210.791404782925,37137.25489506513,88.0,3.174686967195157,80.9150965748413,54.64888433861779,15.171990785333037
164,37408.0,37108.929863985046,37370.93655309846,37262.835991513006,37148.48963060372,-48.0,3.8601953727302316,-42.717590829859546,-20.537417513412947,-1.7407829312251124
165,37120.0,37113.18644645256,37142.90172776088,37169.7165697561,37133.77332920268,-128.0,4.819323373689258,-113.52618653315585,-68.26113687886027,-14.027634940903226
166,37152.0,37118.568510732424,37143.884180032146,37126.313717755285,37120.43436072191,-24.0,6.123386093473528,-39.59664756802522,-56.245993123167864,-14.917250444676029
167,37072.0,37125.433218639504,37063.70843262483,37057.224583509764,37103.93882831333,-136.0,7.734808825411164,-121.63358428315041,-76.47684249064332,-14.89859099291425
168,36880.0,37134.03812838325,36900.617011465845,36973.360032774,37090.637178736084,-64.0,9.483435759262647,-60.006363829750626,-37.184534348769375,-2.7697906404428068
169,36944.0,37144.40009015803,36943.69570496533,36982.855514812225,37098.399247032445,48.0,11.084171125123248,41.5572183261138,28.92323944434247,15.482030647981446
170,36976.0,37156.20647063349,36983.73144811807,37031.20651166268,37121.60124003205,72.0,12.19630955293178,78.69298374312348,75.95425268180406,30.48205500120457
171,37088.0,37168.79270926389,37101.081672451575,37134.76402017583,37159.363357034854,208.0,12.500615634187852,192.34916256264478,126.93951860106245,41.33028485454997
172,37392.0,37181.20770190187,37368.42977324336,37285.08554886481,37204.26180974115,152.0,11.777599604640272,139.90639103733338,96.86430312138691,35.51154319335183
173,37392.0,37192.34790847317,37380.89445452624,37328.49262641861,37230.38644342156,-64.0,9.965315972640383,-43.06304608589926,11.653390763094649,18.043955851488136
174,37264.0,37201.13833384715,37282.303681071564,37308.392330391,37240.34972144412,-8.0,7.1765408838764415,-7.072368096844002,2.0958691678933974,8.780764094772167
175,37376.0,37206.700990240926,37366.749718332554,37332.684364754394,37247.9479716111,56.0,3.6807883098736056,38.194628923749406,2.6342167405891814,1.1956487475326867
176,37376.0,37208.4999104669,37358.69293891906,37313.660763872176,37242.74101893919,-112.0,-0.14569392770135892,-94.59208481818496,-50.19321894612949,-11.869901724952797
177,37152.0,37206.40960238552,37177.565548696184,37232.297926862135,37224.208168161196,-56.0,-3.8920786406051775,-53.29964674194707,-41.213873578977655,-14.92244236993065
178,37264.0,37200.71575318569,37252.09364543517,37231.23301671422,37212.89613419933,32.0,-7.1840434510486375,14.996323914816458,-17.448401790799835,-13.867227251903387
179,37216.0,37192.041515483426,37207.55819652582,37197.401123280535,37196.47371365739,-104.0,-9.73416103553609,-86.74446628026271,-43.13133179341821,-17.398734859070828
180,37056.0,37181.247431114614,37078.60471287464,37144.970353127384,37178.098664481186,-24.0,-11.37461068430639,-15.929919277979934,-7.94559358945844,-12.270115952142078
181,37168.0,37169.29229411481,37175.69835796986,37181.50993610162,37171.933481753105,168.0,-12.07513862455744,135.58543494451806,43.294551025039254,-5.968508640427899
182,37392.0,37157.0971538655,37349.77558276368,37231.55945517746,37166.16164720033,-64.0,-11.925124172685173,-52.697325290988374,-30.170753335423797,-17.06375219275651
183,37040.0,37145.44204576944,37070.30370738788,37121.16842943077,37137.80597736759,-120.0,-11.105707354414335,-112.30087453320448,-69.80681103130337,-23.465370964357135
184,37152.0,37134.88573915667,37125.17383369727,37091.945833114856,37119.230905271615,-80.0,-9.858233951625152,-79.2607052042622,-59.24967975848631,-20.213526832398202
185,36880.0,37125.72557786619,36911.782296979356,37002.6690699138,37097.378923702796,-64.0,-8.438322984758997,-54.48005182113047,-27.942228244162834,-10.983035383676906
186,37024.0,37118.00909318715,37016.21373005501,37036.06137662653,37097.26483450426,72.0,-7.07077169308468,65.50008335071834,39.42299502599781,3.5491525266770623
187,37024.0,37111.58403448002,37042.78246368079,37081.51505996579,37104.47722875615,128.0,-5.919409434794943,120.48105202976512,74.21121332216353,11.2362556896951
188,37280.0,37106.17027431756,37257.17583411454,37184.48380327086,37119.73734588365,112.0,-5.069365814655612,100.2725410064304,55.21064494049642,7.24698442168301
189,37248.0,37101.44530285071,37243.32754569365,37191.93634984679,37118.971197599516,-40.0,-4.525351671039971,-37.210559952618496,-20.57927850068154,-7.217588404157141
190,37200.0,37097.11957097548,37182.7547142093,37143.325246269495,37105.30216907534,-168.0,-4.23047089641841,-146.79926043785963,-76.94848044254468,-18.403920070410095
191,36912.0,37092.984361057876,36949.729024817934,37038.0393889617,37082.163357458696,-40.0,-4.09509136370616,-44.38056530167523,-42.26616282694886,-14.630643743712426
192,37120.0,37088.92938824807,37093.99358360595,37058.7929206156,37076.04088158791,24.0,-4.0341094890391105,14.232476817767747,-9.850008038301894,-8.32043179138418
193,36960.0,37084.9161420798,36978.19397845347,37018.33937288509,37065.52249387593,-32.0,-3.9946844089245133,-24.82971288515546,-11.283861287953187,-5.24226301818635
194,37056.0,37080.94001943022,37044.33415783564,37036.22519803969,37065.55635555154,8.0,-3.9713985813177715,7.810968560392212,7.998424174438696,0.5116794531859341
195,36976.0,37076.97334491716,36993.815915574254,37034.33622123397,37066.5458527823,40.0,-4.006753851208487,38.56133560989474,27.279133811265638,5.5167898698746285
196,37136.0,37072.926511727805,37121.45682905543,37090.78346566222,37076.58993529129,64.0,-4.165760458810837,54.925058758311934,33.838977259361855,7.07357927355406
197,37104.0,37068.64182399954,37103.66603309088,37102.014175752694,37080.69301132941,-40.0,-4.5074106420106546,-19.460630510166084,10.237797966823564,2.9377266045921715
198,37056.0,37063.91169044378,37082.5355680351,37111.25906159587,37082.46538850047,136.0,-5.05110669167334,111.54737511972053,36.87441664110884,3.095646596084407
199,37376.0,37058.53961061619,37326.76078333032,37175.76300903491,37086.884304521576,-48.0,-5.751260975652258,-55.526103107713425,-35.61454804349705,-10.036868752813461
200,36960.0,37052.40916849248,36971.48336181967,37040.029965508875,37062.39165099485,-288.0,-6.489558868648601,-244.30537735774487,-95.71806077160363,-19.373070976991585
201,36800.0,37045.560492878896,36838.15002861483,36984.326887491705,37048.13816256759,152.0,-7.078032823101239,127.96926023263586,36.46036572868252,-1.8465802988685027
202,37264.0,37038.253102846276,37227.42188228494,37112.95069696624,37058.69849039711,152.0,-7.289250790490769,135.82881473150337,53.099157957654825,0.29525234936591005
203,37104.0,37030.981991297915,37109.807658077836,37090.525203407014,37048.728667266325,-112.0,-6.8988887928462646,-88.57593381793413,-29.162891855718044,-12.733389767465269
204,37040.0,37024.455325260584,37050.270014649075,37054.624913254804,37033.23171086218,8.0,-5.731036107092223,-8.187570183381467,-28.587833524808957,-15.835370861037518
205,37120.0,37019.51991908373,37093.43251771107,37033.3495363574,37017.05792554425,-96.0,-3.705709790785477,-89.67490838264712,-64.60060871871246,-21.320889040714974
206,36848.0,37017.04390567901,36870.92019788378,36925.42369581738,36990.58993278075,-120.0,-0.8737966171647713,-107.91133040836576,-69.21399263132844,-19.338496124462836
207,36880.0,37017.7723258494,36877.60985689434,36894.92155109474,36978.380933295324,8.0,2.5770976101921406,-5.261056517727411,-23.04136917526921,-7.289952820661711
208,36864.0,37022.1981008994,36860.398084848326,36879.34095746684,36976.010027139426,-48.0,6.341276238883438,-35.22134780440683,-7.910114894482831,3.2295952010754263
209,36784.0,37030.45487832717,36807.16716128553,36879.101321305774,36984.840123697475,64.0,10.038830939662148,62.6048828648527,47.311024491824355,18.872102742920106
210,36992.0,37042.27576277872,36985.60785057803,36973.96300645049,37013.754232625266,168.0,13.276023647104012,146.47994218264648,85.84318836995953,30.001820559056796
211,37120.0,37057.006925621376,37100.12704565082,37050.78769804569,37044.84376481559,0.0,15.71280460685739,15.1544233268869,42.21854061805425,27.331720431098802
212,36992.0,37073.701371992436,37015.916697231805,37058.4000876866,37068.41767348746,32.0,17.11964356437238,35.37313773999631,40.81243348419957,27.39479234625105
213,37184.0,37091.24621275012,37170.87332113081,37132.41256501409,37099.63334950809,112.0,17.415710927991313,89.32322955307245,48.21875983454083,26.997343496030226
214,37216.0,37108.53279384842,37194.56315633795,37154.83760735568,37122.412360479524,-112.0,16.67758418649828,-83.49438310310506,-8.156153980569798,18.099628995409148
215,36960.0,37124.60138112312,37003.8845549246,37116.10025705295,37135.83260749891,40.0,15.11697613756769,43.34992331745889,39.312778223746136,22.211877394332987
216,37296.0,37138.766746123554,37281.26300297287,37233.46316380317,37166.83611526819,224.0,13.036492659881333,189.08771280482324,86.09448865180457,24.54531353268976
217,37408.0,37150.67436644288,37382.05998053425,37288.28923435656,37184.92323456429,-40.0,10.767200388581841,-28.90311976736848,-5.029312268332433,6.933281024310418
218,37216.0,37160.30114690072,37223.45676343813,37223.40453926651,37180.70267731681,-136.0,8.60696419436863,-121.31939990547107,-61.18242545679823,-5.985423381636792
219,37136.0,37167.88829483162,37139.42118072331,37165.924383442965,37172.952387801015,-72.0,6.763661153432622,-66.92967909828803,-42.51796410206225,-5.902670125742588
220,37072.0,37173.82846920758,37089.597405241555,37138.36861106238,37168.897337065326,48.0,5.323337414505659,38.16325072602922,5.628533150611474,0.7898161175762652
221,37232.0,37178.53496966063,37215.747682175366,37177.18144974419,37174.53202003617,56.0,4.239323218818754,44.88868781063138,11.403563553896674,2.761283972649835
222,37184.0,37182.30711564522,37179.37478086282,37161.175738170175,37174.419905010625,-72.0,3.3531871344348474,-59.49899699843809,-27.41784248892145,-0.5911197750101564
223,37088.0,37185.2413439295,37096.74968817849,37122.345764766345,37173.34978048615,-32.0,2.4409031592367683,-38.87665179188116,-21.657091020661028,3.1973644998251984
224,37120.0,37187.188921963694,37101.621477279055,37117.86155612885,37180.814634010276,-104.0,1.2750356968208507,-87.02082450417947,-5.5534305730616325,10.505585224647803
225,36880.0,37187.79141532314,36922.70803917013,37111.23890362022,37194.36095093544,176.0,-0.31083963907440193,178.78091371088158,108.99679930147613,29.26436447193555
226,37472.0,37186.567242685545,37459.18330470082,37335.855154731806,37239.34336295415,368.0,-2.374428316583362,328.23763306562614,156.54382847749002,33.34958016641394
227,37616.0,37183.04255868997,37579.18330530138,37424.3265605752,37261.06011126827,-80.0,-4.837897078687092,-70.42908086107491,-7.365313869006059,3.9697538775326393
228,37312.0,37176.89144852817,37318.32514297867,37321.12452699379,37247.28287070921,-256.0,-7.4986055804438365,-222.88683946078163,-98.63977008451184,-17.0130970235914
229,37104.0,37168.045347529085,37133.40962637982,37227.04702040618,37227.03391722109,-40.0,-10.062848725672666,-37.8673846997699,-32.55399638452582,-14.097257627076033
230,37232.0,37156.765751076826,37242.59037357913,37256.01653422474,37219.08835545506,200.0,-12.211238158699416,162.13261509496078,40.97778093093439,-8.591143993271544
231,37504.0,37143.622871211686,37457.67485656974,37309.00258226805,37209.851629234545,-48.0,-13.66657142144686,-49.142901919938595,-44.512660822667385,-23.944144758788752
232,37136.0,37129.43260823393,37144.30456973925,37166.99121257941,37171.20006593748,-272.0,-14.246584935357532,-239.24577037498238,-126.51576339894018,-36.891560000185564
233,36960.0,37115.12970134097,36979.18331581978,37055.97105547017,37136.068509234174,-64.0,-13.898080806269718,-69.20467482058302,-63.03462937415679,-26.32813124160384
234,37008.0,37101.63644662139,37005.895220098086,37040.92195383109,37118.543803454275,16.0,-12.698949151556008,16.188004768730025,1.4118752764698002,-11.997515607181413
235,36992.0,37089.73180303786,37011.55932535724,37058.79480602311,37112.07347801981,112.0,-10.828347524522542,103.4607320453506,51.270255203566194,-0.46665153347566957
236,37232.0,37079.97975157235,37212.81668418879,37143.462464238226,37117.61050038732,128.0,-8.523170785956609,105.34077977549532,40.39889033423606,-0.18245261312040384
237,37248.0,37072.685461465946,37222.24088490823,37139.59258669158,37111.70857279357,-168.0,-6.0278145149495685,-141.99224930358832,-58.07358420086166,-12.716498954076087
238,36896.0,37067.92412254245,36928.83218558161,37027.3152958365,37092.17750247917,-120.0,-3.542254680629412,-106.62689685440273,-46.61964293682831,-9.722195190439379
239,37008.0,37065.60095210469,37008.98709119942,37046.35330081792,37092.26418241269,96.0,-1.1978450338247058,85.09036161493714,38.214655390383996,4.299889054153027
240,37088.0,37065.5284324748,37099.012908811485,37103.74460661727,37100.77728058748,168.0,0.9514841292366327,145.090361669485,65.26360910798394,9.151962204163283
241,37344.0,37067.50392036316,37299.16781453839,37176.88051903389,37110.56810682102,-72.0,2.918029735898017,-54.13213591490421,-10.42382806643218,-1.8807684254134074
242,36944.0,37071.364491946595,36990.748636981676,37082.896950484406,37097.01574373665,-48.0,4.752387087963143,-44.549878314559464,-24.535093307284114,-5.901575897532894
243,37248.0,37077.00869453909,37210.06805790927,37127.81033241932,37098.76495502595,56.0,6.508941033469455,29.65971047396306,-15.181451855420164,-5.712540959397302
244,37056.0,37084.382374013534,37050.0680579296,37052.534046773566,37085.590661817856,-232.0,8.21744779101573,-189.65971033165624,-77.00926225897274,-11.694760117206897
245,36784.0,37093.44359012112,36830.74863724596,36973.791807901376,37075.37543479154,72.0,9.86268613235734,57.302502292710415,16.15366507849467,4.353544713259907
246,37200.0,37104.10774627825,37164.67306251502,37084.841376930555,37094.297751244376,128.0,11.373339087291242,114.41100109764375,53.470257494456746,13.63720401505634
247,37040.0,37116.1902682957,37059.57063944125,37080.73232289029,37102.64984282165,-16.0,12.632173989608418,-7.2492258675301855,16.257107404882845,11.484583718356589
248,37168.0,37129.372094257466,37150.17461077996,37117.35559174032,37117.26691868109,0.0,13.496536108072178,1.4770252385278582,11.301064720191789,12.080421793496498
249,37040.0,37143.183340511845,37062.524689918304,37103.33445233067,37126.810686408644,32.0,13.821483394684037,24.97352872986812,17.646086755692522,13.88430204798351
250,37232.0,37157.01506104683,37200.1216682397,37152.647765251706,37145.035522777056,-32.0,13.49122030903527,-21.794680480088573,9.637195546885778,13.876612507265236
251,36976.0,37170.165781129916,37018.93532895813,37122.608843424445,37154.563911423174,64.0,12.439237456022965,62.29378313826237,43.265499884957535,18.45658421727785
252,37360.0,37181.89353595888,37324.709234516224,37239.17876502162,37181.94869121161,112.0,10.660041461298533,100.5166005100109,56.159304107990465,18.48221434901643
253,37200.0,37191.48586405251,37219.96852997815,37234.927451640426,37191.52834012121,-16.0,8.21608146583094,-4.898054647350364,13.21241243901386,9.156065915660292
254,37328.0,37198.32569889054,37314.91312522152,37265.60358989965,37200.26082304293,48.0,5.222814967524755,29.5102213509781,-0.5220667909488839,2.3455240738658176
255,37296.0,37201.93149398756,37278.988972680105,37233.88331805853,37196.21938826894,-136.0,1.8398997484182473,-120.97928914089061,-62.778612811856874,-9.030465360541712
256,37056.0,37202.00549838738,37072.95454693974,37140.046364275935,37182.19989232185,-144.0,-1.7406074170612555,-121.26169104166547,-51.813771644625376,-7.709501330999046
257,37008.0,37198.45027915344,37036.465590596774,37130.25577476928,37180.80038560694,152.0,-5.315162099628651,126.73526246573965,51.33729787797711,7.240512565436802
258,37360.0,37191.37517418812,37326.42507187122,37242.72096003189,37196.68091745272,112.0,-8.67424784006289,101.18857480570296,53.825665278560336,7.714577718419605
259,37232.0,37181.101783473314,37238.84274020818,37237.9071053264,37196.22954104378,-80.0,-11.606031858373171,-53.368630622164346,-1.860302042296098,-2.239899356751266
260,37200.0,37168.163110471374,37219.68781062689,37239.0003559473,37192.20111873922,104.0,-13.910634843483422,79.28412355318142,20.59342859455137,-4.418366367601266
261,37440.0,37153.28051378635,37397.41098731454,37279.0939625155,37187.39280830858,-72.0,-15.41867789774551,-65.80263353470582,-40.359412174046156,-17.438670015213575
262,37056.0,37137.32575467588,37088.08254355748,37158.281531599205,37157.32377870879,-128.0,-16.00554734432444,-118.33497917460772,-69.67166511669348,-25.00284066434324
263,37184.0,37121.2694190977,37160.74102896533,37139.750632282114,37137.38712697989,-48.0,-15.617121702201985,-43.636369765517884,-40.65558317603427,-22.26729537990832
264,36960.0,37106.09151127148,37000.809804026445,37076.970365247136,37112.789187948976,64.0,-14.290309632528079,50.81280231772689,-4.295084411405696,-16.958479633467505
265,37312.0,37092.68879983264,37262.36663360078,37131.1604634593,37103.470167712956,-16.0,-12.161598019138182,-27.209729102611163,-36.229670058190095,-19.74551185037126
266,36928.0,37081.7683152332,36946.39034582122,37004.511025130756,37073.298164248234,-224.0,-9.456158563618374,-190.11983911697098,-88.39392576316095,-22.907095252310683
267,36864.0,37073.776482705405,36882.12695536684,36954.37261193298,37057.655977208335,40.0,-6.457566859517101,26.371386379800242,-4.952107231289119,-5.95938817948263
268,37008.0,37068.85318151417,36999.13311858082,36994.60681066818,37061.37938788927,88.0,-3.469727049152425,72.67175611809216,33.53760406928632,6.3923800753982505
269,37040.0,37066.8370286071,37027.47046760302,37021.44782007155,37070.44073735913,-56.0,-0.7639185282387189,-34.310312962697935,17.56491943915171,10.583386337821139
270,36896.0,37067.32534445769,36930.51249265543,37029.73664954648,37082.54616056491,104.0,1.4586787579501106,104.00289646215606,75.15715424816881,21.43273123402105
271,37248.0,37069.754386123,37235.476260527335,37171.76212856789,37113.30619982717,248.0,3.0992551175695553,213.94666237595084,103.90654330535472,24.02534925362488
272,37392.0,37073.52385469283,37358.40581740733,37237.54973615719,37130.59685907216,-56.0,4.166401892871363,-45.04135608335491,-11.437524332104658,4.220502198590111
273,37136.0,37078.08718990874,37145.393548360626,37148.88707990368,37121.74720422435,-184.0,4.7579444388065895,-166.0445272435718,-82.21911630166869,-9.562294636583829
274,37024.0,37083.03974357044,37026.316762920185,37073.11150355385,37111.47226979899,-120.0,5.0333612112590345,-107.4929708395066,-51.219824572901416,-5.901320935412514
275,36896.0,37088.15391233126,36930.40760668161,37046.44743075788,37109.94456235353,168.0,5.167965407188603,142.02492865117165,48.55964258296444,9.169520672210638
276,37360.0,37093.37567438482,37310.36662022253,37170.23078871978,37129.811311143414,48.0,5.316759258079401,48.90920209842079,28.898752321798383,8.357314347056672
277,36992.0,37098.78743084742,37028.226010878454,37104.244935401475,37126.65919104764,-112.0,5.586215433479083,-84.02369387831277,-9.86338561757293,3.5808394566083734
278,37136.0,37104.54810525178,37142.3192324659,37150.504017484636,37136.97299005663,184.0,6.0111810585112835,145.6893839169643,53.511090825482825,10.362448511823459
279,37360.0,37110.80979296444,37319.60477871238,37211.26711705244,37147.38408807129,-32.0,6.5521819262175995,-24.69056019161144,-13.603341905978596,-0.2196975817787461
280,37072.0,37117.652469104214,37092.93811208268,37123.29733367268,37136.53359489307,-136.0,7.109392619207938,-121.97610621631611,-62.32111654341861,-7.623813433561736
281,37088.0,37125.02857820286,37075.65256627975,37086.624883965604,37132.136461204165,-88.0,7.538547302938241,-79.02271440418917,-37.3600077242736,-2.1903106287027185
282,36896.0,37132.72956371009,36934.8926832743,37048.57731822413,37132.15297363567,88.0,7.67982970119192,77.07934408677465,38.241093370590534,11.824161113290756
283,37264.0,37140.38823760524,37229.8112544533,37163.107070706785,37155.78478343075,104.0,7.392003871202178,100.59903272479278,64.08328783604156,18.221048966614035
284,37104.0,37147.513571452495,37136.09074872389,37176.743893896215,37168.595071568896,72.0,6.584216520557675,66.73323789003553,50.00877013754507,16.040041716591077
285,37408.0,37153.55667064636,37363.27773023337,37263.124610981875,37187.86486686393,0.0,5.240667300273344,3.5756326763403194,13.943022576593648,8.263038638233411
286,37104.0,37157.99490605304,37143.24201407657,37204.6299390494,37185.12114884536,-32.0,3.4351488091997453,-23.825645773977158,-8.179702407771401,1.3123394237009052
287,37344.0,37160.42696826476,37315.626438685416,37246.76520616633,37190.48954571133,56.0,1.3317807260718837,30.51661803591196,-6.4821297999042145,-2.307125848466967
288,37216.0,37160.658467505185,37204.27525014839,37191.665679449594,37180.50689714843,-208.0,-0.8350689256840269,-169.9749377950502,-67.26668699194488,-11.75730370547899
289,36928.0,37158.75683041339,36975.676563095316,37112.23183218244,37166.97493830037,16.0,-2.8008691338982317,18.83551575144884,12.68206882407685,-1.5832119330407295
290,37248.0,37155.05672923739,37241.94628165129,37217.02981709775,37177.34047328235,272.0,-4.312022727644944,226.94973948447296,89.3128934641718,6.832558646096004
291,37472.0,37150.1327849581,37429.57604206426,37290.857619110786,37180.640055592565,-32.0,-5.1731843342859065,-24.4900292657112,-16.74338843156511,-11.268414910155116
292,37184.0,37144.71036056882,37192.96622311987,37183.54304023462,37154.80364346204,-216.0,-5.286944501356629,-191.77870334506952,-107.54305875886348,-27.296229957424657
293,37040.0,37139.558895955386,37046.01863537412,37075.77150159306,37126.047595677715,-112.0,-4.6722935369944025,-116.85441087513027,-89.88578784502533,-24.453668000438483
294,36960.0,37135.36577349483,36959.25740136961,37003.77146454457,37105.89630746116,-104.0,-3.4634702067705803,-90.47422715648281,-50.11430477621252,-12.856472843497613
295,36832.0,37132.631955541845,36865.07018106116,36975.542892040634,37100.33464999072,72.0,-1.8796313600360008,71.1636849973329,43.54287351638777,7.855075029096042
296,37104.0,37131.606510774756,37101.58477136427,37090.85721157734,37121.60645751935,264.0,-0.1839579384213721,224.43844712446298,108.74292532537947,22.152130404603668
297,37360.0,37132.264039665,37313.94707531008,37193.02874269139,37144.63891079993,-56.0,1.3600545727495046,-31.684450932927575,18.685902459743374,12.264398820567294
298,36992.0,37134.326619920255,37038.21586949842,37128.22901649683,37146.13525516049,-40.0,2.543731330020819,-30.869726890396123,3.3147820538506494,9.20310711858474
299,37280.0,37137.351502325044,37252.20762152929,37199.658306799094,37163.0451250371,96.0,3.237168891395413,75.02985967730638,31.25844370181585,11.062126128468663
300,37184.0,37140.800957703046,37188.27558885303,37190.74590390046,37168.259507417424,-64.0,3.3927646611737146,-42.554088411103294,-5.5394509483994625,4.427357751195814
301,37152.0,37144.13703164739,37167.099444707084,37188.579404902295,37171.89984053949,72.0,3.050601367420313,54.32107938946501,16.12320345297485,4.635325149036362
302,37328.0,37146.90216043789,37296.91774763196,37222.99231080641,37177.5301577155,-24.0,2.312889881490264,-25.59295891531292,-18.090938692672353,-1.8931749382136331
303,37104.0,37148.76281141037,37115.91352687646,37152.39752751695,37168.11349066306,-152.0,1.3131791865125706,-121.43658637321278,-46.39601953099191,-6.210992519285355
304,37024.0,37149.52851881091,37054.044574885535,37130.20027174443,37165.108172676926,112.0,0.19572052046351018,88.35392243673414,30.90288009969663,4.05009064771366
305,37328.0,37149.1542524513,37292.62137174993,37214.203287716344,37176.21367195849,72.0,-0.8997570426799939,61.68365561403698,27.10465983008544,3.516182879484404
306,37168.0,37147.72900472555,37177.41188611361,37184.4095914046,37172.140538435895,-88.0,-1.851414800989005,-68.15005506826128,-21.58890060944759,-3.8661066007953195
307,37152.0,37145.45142284932,37156.321261613404,37171.02548649745,37168.4814587569,8.0,-2.568004443342943,0.5156835668276472,-3.8713616584245756,-2.8350067411556665
308,37184.0,37142.592995838866,37178.443253247264,37176.66686808775,37166.470524953584,-16.0,-2.9815530776213564,-5.661742129821505,1.974815634170227,-2.887407555630489
309,37120.0,37139.48831669408,37144.99777735376,37174.97511776579,37162.70664364564,112.0,-3.053997442864784,91.54341087529974,25.795808560935257,-1.6285491256676323
310,37408.0,37136.48500095314,37361.53007499786,37228.25848520962,37163.21342670225,-72.0,-2.787267888066708,-67.70203481533827,-36.58738995136082,-11.732545608276268
311,36976.0,37133.913780917945,37009.593707723085,37101.80033786307,37139.241552429085,-152.0,-2.222150704514206,-132.08312121059862,-63.55797841501408,-15.809796651712531
312,37104.0,37132.04069954411,37097.363832576666,37101.14252837959,37131.59383339882,80.0,-1.4383574654784752,54.58928773691514,-2.086545293681411,-6.268027360318229
313,37136.0,37131.03706598699,37118.772283196915,37097.627247275705,37126.70549770845,-88.0,-0.5491993945033755,-64.73013339519457,-22.701657466033794,-5.353060804951383
314,36928.0,37130.9423007551,36967.90356578628,37055.73921344752,37120.88771178892,64.0,0.3101074460319069,52.52363530828006,21.98157289557639,3.826599669919233
315,37264.0,37131.65728087905,37223.819553813475,37141.59039306686,37134.35869704829,64.0,1.008070440726442,51.139233307032555,24.64637615276297,6.988920111780317
316,37056.0,37132.958441636554,37070.18203240034,37105.03196575305,37134.86555201248,-112.0,1.4423105304376804,-82.72735941141582,-12.042444437287486,4.450132564816158
317,37040.0,37134.54190193993,37058.36483499064,37117.50550419228,37143.25896217792,88.0,1.548144349748327,80.0069775435004,51.226290535374574,13.556358274334343
318,37232.0,37136.05473033605,37230.19598748734,37207.4845468238,37161.97826856115,192.0,1.3183288423970225,162.8110899334315,77.72131604341848,15.2182198112896
319,37424.0,37137.17855962472,37383.98701485751,37272.94813627912,37173.6954018005,-64.0,0.8019666976033477,-46.27389834230053,-10.062342405122763,-0.7980966706272739
320,37104.0,37137.65866373126,37137.64819080274,37187.35986201355,37160.382075219895,-88.0,0.08915480237192241,-78.09787004104146,-43.90834325878677,-10.494222819605056
321,37248.0,37137.356869229465,37227.79127477542,37185.131449761546,37152.70695616129,8.0,-0.7009522933039989,-10.90054215019336,-33.66268737123028,-12.439771250545164
322,37120.0,37136.25675914465,37115.847106502355,37120.03448727109,37135.502532718805,-160.0,-1.4483435577385535,-132.70863576128613,-65.07971885491133,-16.429296806545608
323,36928.0,37134.46018211399,36962.37400325285,37054.97201205172,37119.8483625482,24.0,-2.045920695651148,18.396913014756137,-1.5764691935073643,-6.061752043195156
324,37168.0,37132.16491775335,37152.64093253187,37116.88154888408,37123.379028632415,144.0,-2.4061291215912206,113.4715919383707,36.35031127439652,1.2996175158368715
325,37216.0,37129.647923870805,37189.31718712959,37127.672634600516,37122.44759757987,-120.0,-2.460542313307087,-96.73780975432601,-33.37259698330672,-5.609051173549233
326,36928.0,37127.24383312673,36959.165313023215,37050.136354917464,37112.160926285316,-96.0,-2.157627637287078,-74.3253089903119,-16.46810222431668,-1.0786249802877137
327,37024.0,37125.33266859623,37040.66656914897,37094.73643015188,37120.290347619295,216.0,-1.4550191731650557,183.34232945609256,79.96829031035668,12.943938714943215
328,37360.0,37124.3337947804,37325.8499719354,37210.07293553818,37138.0488037152,112.0,-0.3199567035517248,95.92503487796421,40.37297315538308,6.6608962816644635
329,37248.0,37124.69275518913,37232.5166389049,37175.48237646265,37133.612140182624,-216.0,1.2607433643825061,-178.8603676672028,-70.8493708442038,-10.156056523443112
330,36928.0,37126.85528150917,36968.129236600995,37068.37419384977,37117.73669066832,-56.0,3.2634830972892814,-55.63099013777537,-36.92108568799449,-6.3886149808931805
331,37136.0,37131.219721383706,37121.25465862935,37101.64020508666,37120.83491022084,104.0,5.604829190502642,79.398715175088,16.086113780216692,2.3399650635619764
332,37136.0,37138.06493989017,37126.92666695117,37100.5464214102,37122.41662079544,-48.0,8.128728565949132,-39.694656922336435,-18.820572971355432,0.9025416143740586
333,37040.0,37147.477178515604,37041.865344784674,37063.99905914395,37122.639993449586,-96.0,10.608156017347937,-75.73459824314341,-24.54783269427935,4.355372326626821
334,36944.0,37159.28125192487,36975.457470464884,37051.450756021644,37131.127365448694,128.0,12.762352701738564,102.25064316666248,41.17707488851738,17.84374027154263
335,37296.0,37173.00188391908,37246.366631118,37146.353208920984,37158.32747399267,-56.0,14.299749658759538,-46.91204610296336,20.079057359827857,20.316482243608334
336,36832.0,37187.88075124239,36881.63337825896,37091.6088707413,37171.76032993591,152.0,14.968183860371937,151.9999925315533,75.06009719096619,30.420872440037783
337,37600.0,37202.938251639825,37550.366616181105,37296.473403302916,37219.16921887275,80.0,14.606191853890778,80.00000003792593,53.10123421307435,28.36734988047101
338,36992.0,37217.09313495017,37041.63337833481,37197.81133916745,37228.49502969685,-152.0,13.18834490392328,-129.46233845246388,4.243605448260496,21.15056230895061
339,37296.0,37229.31494144767,37291.44193927618,37304.96061419944,37261.47034349065,256.0,10.833212580295367,226.19741148045432,111.62958213170714,31.248830968328548
340,37504.0,37238.75956011076,37494.02820129572,37421.07050343086,37290.99269163351,168.0,7.789561131285154,152.72726849813625,74.64514094685364,18.871982724536792
341,37632.0,37244.89406371024,37596.89647627245,37454.250896093145,37299.21430893972,-96.0,4.398770957155648,-91.01409983660778,-55.69415929114257,-8.41766724680565
342,37312.0,37247.55710202507,37312.0000016225,37309.68218484858,37274.1573571399,-336.0,1.031986428071832,-295.3715939673639,-145.727618820285,-26.949083942825382
343,36960.0,37246.958036566386,37006.15328833772,37162.795658452575,37245.31614105407,-40.0,-1.9673717573896283,-46.240387990616,-45.48869716970876,-14.575409033121105
344,37232.0,37243.62235851029,37219.51922564127,37218.70479050916,37245.006539073656,184.0,-4.334652168643515,150.96206550989518,49.261527311162354,0.34072497326269513
345,37328.0,37238.2887322291,37308.07741935751,37261.3187130749,37245.997591000596,-32.0,-5.9218011553020915,-11.054709496213036,9.27327910319218,-3.109068523026508
346,37168.0,37231.77875619969,37197.409806648844,37237.251348715545,37238.7884020276,48.0,-6.706185037495743,36.38142053554111,10.558309998417826,-3.6697688716158154
347,37424.0,37224.87636215411,37380.840260428595,37282.435333071735,37238.658053257364,-40.0,-6.7728587683232035,-38.32119548073024,-25.598349107945978,-9.397446107366704
348,37088.0,37218.23303866304,37120.76741568738,37186.05465049965,37219.99350981287,-104.0,-6.285885027653421,-90.28281490084919,-47.35335732225576,-12.064867953853536
349,37216.0,37212.3045920988,37200.2746306269,37187.72861842722,37214.52831734966,16.0,-5.4592288743151585,0.8803680739947595,-12.461722858821304,-5.5387765957311785
350,37120.0,37207.31458091441,37122.52815183537,37161.13120478201,37208.91595662141,-88.0,-4.512058642747434,-65.10571961467576,-6.031811254204513,-1.1665628971750266
351,37040.0,37203.280474813306,37070.063191397545,37175.664995918814,37212.19519155531,208.0,-3.637323398525041,183.32012973263045,82.36628909621504,11.888994511660712
352,37536.0,37200.03993411736,37489.168411300634,37325.86378297444,37232.69394564473,104.0,-2.988729359640274,99.47814322351041,45.13067854283872,5.333451371661795
353,37248.0,37197.303016094025,37269.019477844566,37265.92635300449,37222.86209429863,-128.0,-2.6694821757264435,-115.05154423322892,-50.97425346769887,-11.08874663116876
354,37280.0,37194.70096976591,37259.065322834176,37223.91527603904,37210.51645238239,-120.0,-2.7278768965406925,-114.62754083950858,-70.05343894592443,-15.819819297117647
355,37008.0,37191.847262300944,37039.76439616555,37125.81947511264,37191.222455704396,-64.0,-3.161574181754986,-60.478945840892266,-39.18606337008168,-10.13287389278048
356,37152.0,37188.3778214024,37138.10743115239,37145.54314929888,37190.25070459683,32.0,-3.917395781048981,28.88019074877957,16.495248835679376,0.9407841222819116
357,37072.0,37184.012470738846,37097.52477766311,37158.809972784,37193.10402394896,88.0,-4.89016132559118,87.04123482626892,56.67180987712709,8.908520549572131
358,37328.0,37178.597498751216,37312.18990080493,37258.88676905313,37208.067745695975,160.0,-5.921278013691335,135.61462716646201,65.52018079569461,8.967109031815198
359,37392.0,37172.16991471146,37368.75403199603,37289.85033437539,37211.03824201259,-72.0,-6.812546864315664,-59.66570882875021,-20.111267490043247,-6.077591582754394
360,37184.0,37164.972405022585,37192.85848314743,37218.66423407305,37195.912562530466,-160.0,-7.345297911855596,-131.60313311147547,-53.853983265824354,-14.530051355599426
361,37072.0,37157.47931888775,37105.54776577308,37182.14236784374,37181.97813930139,104.0,-7.315541022315301,83.16241136317694,18.549317692566547,-8.435516264005855
362,37392.0,37150.341322977954,37359.18330587378,37255.76286945818,37179.041530002454,112.0,-6.574948871657398,86.81776959748458,5.50193634353127,-13.584532798813598
363,37296.0,37144.32942114444,37279.18330496805,37193.146240530805,37154.809073703764,-224.0,-5.0635316373554815,-201.5575565635263,-114.04350866197638,-31.292002613503428
364,36944.0,37140.21425970324,36956.06819274673,37027.67585213423,37116.45752477545,-248.0,-2.843666125761956,-225.30006798963223,-123.63246232946403,-29.7286726895436
365,36800.0,37138.64208889291,36828.583168988785,36945.88131587188,37095.35172832468,24.0,-0.0995508687083202,15.430821185986133,-8.853878326408449,-6.338210034537042
366,36992.0,37140.01515796583,36986.9298351187,37009.96809548141,37103.78110470637,144.0,2.887948792325915,132.99584172342657,73.07082735023505,14.018431617016176
367,37088.0,37144.417986477565,37094.57485243564,37092.02297057235,37123.38859155871,152.0,5.789507632067398,140.51927949514356,84.06636037710996,21.376916430268466
368,37296.0,37151.59417322996,37267.96839410899,37178.10081623563,37146.53493756691,40.0,8.280605484713305,33.23551221828893,27.128253781102103,15.673092886550876
369,37168.0,37160.97919744699,37161.04587687222,37146.27947813455,37154.73477733181,-176.0,10.098570753685635,-141.69313287571276,-42.68159903380729,7.536578631486918
370,36944.0,37171.79131473733,36984.582128357564,37092.737618168016,37161.608094829884,32.0,11.079721679358045,26.446893273190653,20.826949117476033,17.753722239573108
371,37232.0,37183.13864080571,37213.9396634186,37187.9333763695,37190.24222181096,160.0,11.173935037968477,139.0558521540297,73.16244638623903,26.546238071616244
372,37264.0,37194.13918481327,37262.69383266562,37239.062510940494,37214.70057097312,40.0,10.439485218925256,42.2233325751622,38.66039004123377,21.993377710816276
373,37312.0,37204.01761124356,37298.38632856892,37265.25415645197,37234.22897723259,-40.0,9.016374673887185,-32.37586125209418,2.8187237374622782,15.6398551211023
374,37184.0,37212.171934161044,37197.942110161435,37244.69995841542,37245.98028121532,-48.0,7.09566881669889,-30.733667600306944,9.795781171160343,14.850318043496372
375,37216.0,37218.208948876956,37236.91899336831,37284.84571879429,37263.92961331958,200.0,4.887654066205869,168.2122651967402,74.56861977602239,20.345812770243356
376,37584.0,37221.947242293456,37534.366640554916,37393.83719796746,37286.67190675581,24.0,2.5910155587225745,23.682394629449846,13.910078156899544,7.8758887740150385
377,37264.0,37223.3909799944,37284.28378262721,37312.66587510809,37279.68139086761,-176.0,0.38080737343261717,-147.7059046082104,-56.83838530532739,-6.206446344815049
378,37232.0,37222.70885704032,37238.954831338495,37280.16042735681,37274.25901406618,-8.0,-1.602722697527497,-10.554794596260763,-8.425234072881722,-3.3094260981270054
379,37248.0,37220.185534599346,37263.17419343469,37295.81540696233,37273.06253867136,112.0,-3.2631426447733247,100.09032926962027,39.562683086685865,0.05665153874724638
380,37456.0,37216.182571750775,37439.135489877735,37359.28579353018,37274.37231714367,112.0,-4.544582772694412,91.63874583171855,15.113283332939318,-7.771605670499412
381,37472.0,37211.09636905396,37446.45168509812,37326.041973628206,37257.51932733036,-248.0,-5.42698202610336,-220.13398744901133,-106.22283308787155,-27.577023446796375
382,36960.0,37205.32860769857,36998.86751497971,37146.84012735444,37219.21827025008,-160.0,-5.924082013862062,-153.53798705983718,-85.78178259654669,-25.34014356777334
383,37152.0,37199.24820502623,37139.37571097845,37154.47840843511,37206.83904019481,96.0,-6.0787635509550455,77.38675089099706,8.877485298231477,-9.637278045527637
384,37152.0,37193.17108059666,37153.64101676171,37164.5950979509,37199.943714159024,16.0,-5.955183186804788,22.470389591802814,16.414238491233846,-4.498140327839792
385,37184.0,37187.337838652624,37184.316490162055,37187.30688541758,37197.84275953913,32.0,-5.635365754533268,32.257924210629426,24.36523017547006,-1.4088166429319244
386,37216.0,37181.90034908759,37218.156865182966,37213.32555830184,37197.12608087316,48.0,-5.2123729027480294,44.624700935753935,24.681452035179973,-1.6603746223154303
387,37280.0,37176.91309284713,37273.56589203356,37236.66978948794,37194.5220102945,32.0,-4.791125701874989,23.2384870184178,1.6791259300698584,-6.877970063935209
388,37280.0,37172.31809768384,37264.6338392198,37216.68381016198,37183.37014074529,-96.0,-4.481387802508834,-85.7628567147367,-51.6440742449704,-15.983362511942687
389,37088.0,37167.95031724211,37102.04017860409,37133.381640998,37162.55528527062,-96.0,-4.388878508019843,-92.39276759525092,-60.61134866498469,-17.08709121114589
390,37088.0,37163.5403406678,37079.8483040293,37095.46111283201,37149.195958323,-72.0,-4.599106964564271,-62.95035442828885,-34.189971749976394,-10.29952903146841
391,36944.0,37158.75210331298,36976.13946974751,37065.001697498046,37141.95622720768,64.0,-5.1507141599249735,56.988514455781115,30.04143341505187,2.6580802450662304
392,37216.0,37153.23891234795,37193.82533294086,37155.543979662114,37154.51211881313,120.0,-6.018814983333868,106.81252789764403,60.314271995128365,9.481497546104947
393,37184.0,37146.714473346314,37189.7645255428,37185.6302414883,37160.91922229989,16.0,-7.099563495248731,24.761820315921796,30.901382570336864,5.253064601758524
394,37248.0,37139.039785357454,37243.348973572705,37217.34674480279,37165.01824801665,40.0,-8.212314618274831,30.32931589344298,16.389875715882226,-0.050061882415320724
395,37264.0,37130.289844109764,37250.423157329686,37218.40999292007,37160.81909853506,-80.0,-9.124381707501016,-60.81002959459147,-21.731755422686547,-9.358194554832153
396,37088.0,37120.79102194245,37121.72891438352,37173.883233957415,37146.30185890698,56.0,-9.592971407357254,39.95032897146666,-1.5851419839418668,-11.602146682726016
397,37376.0,37111.10390129505,37330.32381527262,37215.239708952184,37137.61480516961,-32.0,-9.419462348676461,-36.492757378557144,-39.02367052914633,-20.60631347889648
398,37024.0,37101.9520972451,37048.74339962641,37095.83589289912,37105.08923194919,-160.0,-8.498951617246348,-141.15668288342204,-83.48586960349712,-28.471111622959143
399,37056.0,37094.10599806056,37048.010449505775,37048.26796974519,37080.67258192369,-32.0,-6.854698461975204,-40.680702591776935,-51.43393828133412,-23.183020929314807
400,36960.0,37088.24270032115,36967.381994442854,36992.968016336454,37058.72319009056,-48.0,-4.643585697409435,-43.71848284864973,-38.81594524051252,-17.01323232859795
401,36960.0,37084.81882666574,36960.573483808475,36970.636079264164,37046.64611726649,8.0,-2.123614405274566,-3.9410915919979743,-17.013897440203436,-7.744766960746347
402,36976.0,37083.9954715106,36959.49981125886,36958.94022145605,37043.23365616907,-104.0,0.3940833726192068,-83.57461625534415,-20.225747080101428,-0.05077828897265135
403,36752.0,37085.60699341098,36793.42425129779,36930.18458510396,37046.54456068855,96.0,2.61315347371783,93.90963960398585,60.33665619990279,18.038132553909236
404,37168.0,37089.221778458035,37147.31909046683,37079.61353385585,37079.30992127689,224.0,4.320653027923981,197.62634842706757,105.23571567981344,28.330856652180955
405,37200.0,37094.248299466824,37188.67694815192,37140.65601646359,37103.20627399291,-32.0,5.423779123542772,-15.257401555314573,31.370490839533886,19.056666415672225
406,37104.0,37100.06933670512,37116.8042873562,37142.35451553492,37117.42325410823,-16.0,5.961345955380239,-7.851224014728359,20.875756838791858,14.888142820727808
407,37168.0,37106.170991377585,37172.974500122466,37182.40753014117,37132.982559634365,88.0,6.082136256998638,81.04271337857426,47.25677967683805,13.808433507856535
408,37280.0,37112.23360921912,37278.88971411335,37236.868074888596,37145.040121123944,120.0,5.991341013683268,100.36378455763042,32.894582191718655,5.309567545777099
409,37408.0,37118.15367340495,37373.70206923773,37248.19669452461,37143.60169472592,-120.0,5.888788776384899,-113.97487022984933,-68.57303310167845,-14.658341661732265
410,37040.0,37124.01118677189,37050.93997365365,37099.72200868524,37115.72343780048,-264.0,5.912322528085497,-230.76465577294948,-118.61368149675036,-24.09208503541231
411,36880.0,37129.97831846112,36912.17275769183,37010.96933153111,37095.417524655095,40.0,6.099657593800657,22.096572497328452,-23.26801138857627,-9.535036912635405
412,37120.0,37136.21050195949,37095.13311864831,37053.18598590809,37096.65336397521,80.0,6.382202991237136,58.62595419800709,8.809647331021552,0.06850751888123341
413,37040.0,37142.7427244436,37029.42466608784,37028.58862619315,37095.55453969286,-152.0,6.611985590207041,-118.58512212124697,-30.303046618359076,1.6789027022859955
414,36816.0,37149.4344731399,36857.96287440581,36992.57989267137,37100.01116937978,88.0,6.602555508437945,80.96499149796364,52.28121281390122,18.6571881559139
415,37216.0,37155.94783546047,37191.35464908377,37133.151051820954,37132.868916004685,184.0,6.185398745252314,167.55260894584717,99.14668506006637,28.701192425138288
416,37184.0,37161.80527063041,37193.06809229751,37190.8732627915,37157.41355423006,32.0,5.264446829827648,47.05390470128623,61.158842366297904,23.21531593687905
417,37280.0,37166.47672912013,37285.46245848634,37255.46873655355,37179.29954787844,144.0,3.8381632677956077,119.70665862053647,52.3298420388237,16.850971042302263
418,37472.0,37169.481597166,37432.48140953858,37295.53294686915,37191.11549631466,-152.0,2.0034330684429733,-131.81454953192952,-48.16931624982317,-2.2282767480428447
419,36976.0,37170.483595257014,37021.83335942248,37159.130104053904,37174.84299438236,-112.0,-0.05728425102279289,-100.2407047265915,-44.837790788293205,-6.330352213190054
420,37248.0,37169.36702866395,37232.0000000854,37205.85736529256,37178.45479188828,168.0,-2.1143056273249385,130.16664108988698,25.655943884943554,0.1345371003371838
421,37312.0,37166.254984002364,37282.166641602256,37210.44199182379,37175.11206858303,-128.0,-3.94231282009423,-102.81817010987288,-46.19437755688341,-10.187119876096403
422,36992.0,37161.482403023765,37026.36365986565,37113.468610178796,37158.08055213609,-96.0,-5.359720817021298,-80.16666277031982,-36.23907655559378,-8.727488840137084
423,37120.0,37155.53554236832,37121.83331606162,37137.9638387126,37157.65709090276,136.0,-6.257365954937995,104.63623650402587,33.477147890112974,1.459393311804888
424,37264.0,37148.96767111389,37235.636132873704,37180.42290595902,37160.9993387597,-48.0,-6.611289808191941,-28.016518819389603,0.6705202259217913,-1.807785205070104
425,37024.0,37142.31296275194,37065.80027842284,37139.30487916445,37154.04152049262,56.0,-6.472762548190076,45.526405087690364,16.534412787656038,-0.4557422424550168
426,37376.0,37136.02214601751,37326.688943049085,37213.491731534334,37160.08785427479,16.0,-5.943681505887071,7.972512447300687,-7.06728186295004,-4.7492735040868865
427,37056.0,37130.42559974016,37081.74530331744,37125.17031543855,37144.542973484444,-136.0,-5.144564027432352,-116.21712314442993,-53.736258376509795,-11.117732116126717
428,37104.0,37125.733017962644,37094.254696760225,37106.019214781314,37137.852390042535,-40.0,-4.1814982918258465,-36.2171227561048,-18.141493266579346,-4.997963939778856
429,36976.0,37122.06260315651,37009.31105780523,37088.88732890539,37134.547045604886,96.0,-3.125023867127311,82.24481245085553,39.31177857676448,4.622007842597668
430,37296.0,37119.48297022839,37258.744321661936,37184.64277193484,37147.09640572773,64.0,-2.002498575966456,62.52170978667709,40.07682899688007,5.104180409227411
431,37104.0,37118.05760600458,37134.35447737858,37169.04098689915,37144.75540642334,24.0,-0.8113923206474283,27.382542609546363,16.918708413882996,-0.3032289832190145
432,37344.0,37117.860185587095,37313.50940688103,37218.48018876261,37146.48994776129,48.0,0.45117355758702615,26.701963907602476,-13.320703755238355,-8.140961273988069
433,37200.0,37118.95995311975,37187.75840519379,37142.39957938867,37128.473483875365,-232.0,1.766939851208008,-202.1362534550317,-104.88081967959806,-21.592789692156657
434,36880.0,37121.39406528951,36909.236899970965,37008.71854940341,37103.30436837698,-128.0,3.075262744714564,-117.15972763129321,-69.32175528354855,-14.003897079535818
435,36944.0,37125.11047860918,36953.4389499312,37003.756068821574,37100.46568971629,120.0,4.2598901418678,91.39679961624643,24.91555382894512,4.984605825124163
436,37120.0,37129.91384557325,37092.03049920346,37058.5496570613,37113.27358002723,-16.0,5.16965646677636,-1.255954710457445,24.06841677038028,12.471569312299835
437,36912.0,37135.449791542735,36950.92704051029,37051.892902362335,37125.40882834089,48.0,5.654415608587442,59.22822441150129,63.28969648219936,22.805689730710583
438,37216.0,37141.22267679042,37210.48694802646,37185.1290500257,37158.88495948865,264.0,5.606074543087743,226.29816709522856,117.8006726762178,30.620379122185113
439,37440.0,37146.66194062891,37403.523374700744,37287.49424771477,37186.64958658526,0.0,4.99906033861771,10.653300178004429,26.11232154645404,15.097106425877428
440,37216.0,37151.22079746766,37231.79354838247,37237.35369311861,37189.0791723404,-104.0,3.912525792755332,-92.76208440592018,-39.463708036859316,1.083544372162578
441,37232.0,37154.48699221442,37217.999205888904,37208.56683164105,37188.81667532959,-96.0,2.5296846106211888,-83.79831304903564,-40.50344565703199,-2.4216632443349226
442,37024.0,37156.2801666889,37064.1969222844,37156.346801804546,37184.235845851734,64.0,1.1042451991779672,49.91715881887649,13.953371065766987,3.430962814731174
443,37360.0,37156.69548261278,37317.83352352666,37236.473573772586,37195.67860095905,48.0,-0.0834240637923358,40.06938787415493,18.363558854329312,3.2266851552667504
444,37120.0,37156.113318561314,37144.33569803271,37193.073919513205,37190.68921616227,-80.0,-0.7853697814680345,-51.819335330397735,-6.862694502775412,-1.4549239886655414
445,37200.0,37155.12474304984,37214.19485286586,37222.748184767035,37192.76875298172,176.0,-0.8434909941279329,140.83341916244535,41.04835763735173,1.7179744685345213
446,37472.0,37154.42633657306,37426.0025363576,37275.17063478791,37194.125165099336,-80.0,-0.21786038432765054,-76.5386719630551,-45.99223258517668,-12.537329627415602
447,37040.0,37154.689022281185,37061.11750893975,37130.76371959668,37167.69409372689,-224.0,1.0030913943919586,-200.93844547632762,-99.0250553928854,-20.046366686103283
448,37024.0,37156.43251936184,37024.12564540494,37077.12052400214,37154.03243172713,-40.0,2.619229121977696,-36.36363651009742,-27.082933593472262,-7.160040413400566
449,36960.0,37159.92748052514,36988.390235919556,37076.59785240974,37153.37401290009,144.0,4.362484740013315,127.50487127139786,57.77625461246498,9.010281817958457
450,37312.0,37165.15748884187,37279.13538794774,37192.67303322707,37172.05299536305,120.0,5.950749496783828,105.13299060790087,56.41169743086357,11.681632231113326
451,37200.0,37171.82897951871,37198.65621713536,37189.421247271464,37176.737277362314,-120.0,7.138152369487216,-87.19808513560565,-8.541162319866999,3.5211458673838933
452,37072.0,37179.43379358084,37104.73921767653,37175.59070858733,37179.095287097814,80.0,7.76725029318186,69.77908892382766,37.96481560952816,7.712774090388848
453,37360.0,37187.36348010507,37338.21439498301,37265.35087849052,37192.16282554309,152.0,7.795013304479653,124.54715222153027,42.435609148455114,4.675679722433415
454,37376.0,37195.0238201898,37353.83352211959,37260.46192688424,37188.44664654268,-104.0,7.284340250735113,-95.21326226547171,-62.65798816415918,-13.093846673276857
455,37152.0,37201.93216060654,37147.78787045207,37140.0349021622,37165.97513219654,-328.0,6.397824024490546,-292.1000662444676,-126.40957364093993,-21.772757736314816
456,36720.0,37207.819468238784,36769.63338963065,37007.64277960236,37144.90113107005,64.0,5.362183398130583,53.4214363557403,11.429267241343041,0.1710554270175635
457,37280.0,37212.6565274028,37254.63074316355,37162.89343664489,37166.31724305057,264.0,4.418732378788263,239.7358671640468,96.69737536496541,15.731974133046606
458,37248.0,37216.65693299636,37249.10512395875,37201.037530332294,37176.365079336145,0.0,3.788345903321897,5.889414751436561e-07,14.662858853556827,6.466090252379217
459,37280.0,37220.23321920945,37254.63074434143,37192.219154352,37179.24942355533,-192.0,3.623547902530845,-167.73586804083243,-52.70879880429493,-2.1531846030447923
460,36864.0,37223.90402880142,36913.63338787708,37095.619932723705,37172.058710130055,72.0,3.984774798329454,61.06388138320108,19.210744733562024,8.212222081223445
461,37424.0,37228.202768806106,37376.758507107836,37230.640643819126,37195.67386771778,136.0,4.835203165905114,119.43856643851541,38.34103300497736,12.198850973614753
462,37136.0,37233.57443513323,37152.51052075411,37172.30199873366,37196.456412077285,-176.0,6.049646493156615,-141.69538258314788,-40.187645718633576,3.8053649633693567
463,37072.0,37240.30206179242,37093.36774194154,37150.26535238186,37203.28459764452,72.0,7.445070216810564,47.69593089510818,17.096029839129187,13.392415449459804
464,37280.0,37248.46457556685,37247.90238254433,37206.49405841192,37223.241242976204,-16.0,8.816089403131627,-5.953446675572195,19.4757352360175,17.118707480498415
465,37040.0,37257.93424059868,37081.460848590395,37189.216822853894,37237.522012605514,80.0,9.972185194947087,80.0383639108586,57.33117586892331,24.15687025958323
466,37440.0,37268.40894595675,37407.97911036605,37321.156410149764,37271.55498349537,144.0,10.76510092420358,127.23815869306782,72.51779237075607,25.61072006462564
467,37328.0,37279.46444244709,37335.93716597653,37334.252407595406,37288.743452734765,-56.0,11.08806274676681,-32.35611450687429,16.22220124334126,15.225641876131704
468,37328.0,37290.58507145028,37343.2668813523,37353.60081263645,37302.006267247634,104.0,10.876511433642008,83.66412213724834,32.14881135926771,11.963127875253122
469,37536.0,37301.217465314374,37503.26541025103,37398.55003031394,37312.66970848527,8.0,10.097126433010999,-3.674419846145611,-23.77576716553085,-0.5030733381026948
470,37344.0,37310.7793243163,37335.91804166001,37306.049278305385,37301.00012057143,-280.0,8.721153300608421,-241.43679024841185,-111.47611285586754,-13.819581885269145
471,36976.0,37318.65977191559,37020.391829754204,37175.59780460221,37285.03054471473,-64.0,6.723903486006748,-59.88743317737317,-30.652571402079047,-0.5180486209610535
472,37216.0,37324.22713128832,37216.14317530526,37244.74413550123,37299.96402332951,240.0,4.105022245199507,196.4672220773682,83.51839864963767,19.13167978125057
473,37456.0,37326.86981640599,37413.32627390894,37342.63460190148,37323.293904277234,-40.0,0.913821348487545,-16.18553185159908,41.20776735099571,16.694576161589794
474,37136.0,37326.05477398529,37183.77211160206,37327.15967020322,37333.353175652686,112.0,-2.7284997736023797,116.72780254964164,80.10490340334582,19.92693015808618
475,37680.0,37321.412816858785,37646.781879008224,37502.84440870817,37363.14776459341,216.0,-6.59907905410364,189.49775560107446,87.10694285904174,13.951977170392638
476,37568.0,37312.856615877085,37562.76762280421,37501.3735559213,37361.25712999347,-136.0,-10.382753652844258,-110.1761421829433,-34.784074826216965,-12.227778100263095
477,37408.0,37300.6473095531,37426.42959464234,37433.27625905574,37338.69220839288,-32.0,-13.712911924478249,-44.190054950202466,-55.459167337692634,-26.030311180948047
478,37504.0,37285.43079202813,37474.387512903806,37390.45522124592,37309.196507631576,-152.0,-16.23339180233961,-141.54117429266626,-99.59342718686457,-39.23587537972708
479,37104.0,37268.18052594842,37143.347246057005,37234.08940468201,37260.220457633426,-88.0,-17.677726801404788,-92.86737948858718,-91.32111422289745,-41.16502711647627
480,37328.0,37250.07533842532,37288.65275392663,37207.81299280012,37226.86645339862,-96.0,-17.936984302174096,-97.4260649191383,-86.36991548182777,-38.41068156487381
481,36912.0,37232.30655734407,36948.49511621873,37061.349573718355,37183.39909450368,-120.0,-17.103726910994737,-111.68671419233942,-71.78863222259315,-29.897404169762012
482,37088.0,37215.86788460333,37065.27932554195,37064.235728354935,37167.0716450591,8.0,-15.482968022744899,3.180837033007265,-8.995981185955316,-12.373867191621684
483,36928.0,37201.34062129858,36954.85679028474,37043.357611346444,37158.651360120435,8.0,-13.557261650305009,23.861416166510026,36.80068866473448,3.1122830673593853
484,37104.0,37188.75336130272,37113.00215787497,37137.837105684404,37173.29621119382,240.0,-11.921590830930654,211.4965908627637,111.3980471801624,18.109661633068754
485,37408.0,37177.49743963672,37377.84997201027,37266.15370570677,37194.87068338657,120.0,-11.206021211248299,105.75724028897821,57.393452875745425,10.918006362087908
486,37344.0,37166.34131888022,37324.51663845293,37252.624011435895,37195.13222391799,-216.0,-11.962744508138712,-181.84997190315698,-59.217688552918844,-7.181848272681236
487,36976.0,37153.57195062044,37014.150028203956,37147.71832860093,37180.50698684121,-104.0,-14.608128920717718,-88.51663861874476,-19.046518534505594,-4.399887734722142
488,37136.0,37137.12506103879,37147.48336121544,37214.530974366884,37186.33244844855,320.0,-19.34281280248615,276.1082914040562,106.07813294939842,8.342084029765829
489,37616.0,37114.88632501547,37566.36661101207,37359.87459449973,37197.19115490074,0.0,-26.075912855118077,10.599294560823182,17.280917382711777,-10.081735802770709
490,37136.0,37084.97323532855,37168.681950337086,37249.09280913231,37166.16897684301,-184.0,-34.418322818099114,-159.51605100878442,-54.235380801274005,-29.513729215585045
491,37248.0,37046.04967937927,37247.3345089945,37251.40383289718,37138.16369646957,96.0,-43.67131325761511,75.32510362991889,4.012940213469847,-33.4970955499557
492,37328.0,36997.63060881332,37319.332157596924,37257.11868955925,37099.1747857431,40.0,-52.85793509249925,28.658436587022152,-29.725798558316455,-50.430171439318656
493,37328.0,36940.33380919427,37304.651382168544,37191.95223578055,37037.303353590934,-232.0,-60.79089944174484,-215.99415432769092,-133.1903358884192,-76.4062644726182
494,36864.0,36876.04880992983,36887.34384894154,36990.73801778241,36946.36225679786,-240.0,-66.1778162936971,-216.01799877725716,-137.84520910693755,-86.82298395317775
495,36848.0,36807.97817660688,36872.61538461403,36916.26181756667,36863.65738568458,144.0,-67.75433217732643,108.34845874262464,-40.34529143240434,-81.92200182905435
496,37152.0,36740.54014557518,37104.04076642679,36910.0474349176,36782.51825313975,-176.0,-64.45608598970284,-181.5669725239568,-168.94043004178093,-99.61321988784039
497,36496.0,36679.06600462747,36509.481439566116,36578.38095748311,36664.4309459089,-376.0,-55.59580504021142,-353.95594255942706,-248.7262338414257,-109.66575993540755
498,36400.0,36629.348535494755,36396.12888130794,36412.59496723475,36563.186733268936,-128.0,-41.013338756765734,-132.7081517184779,-159.48850663099074,-93.08487597651765
499,36240.0,36597.03932711394,36244.06513612916,36259.40394422113,36478.26119395586,-128.0,-21.196268744653935,-131.73806453298675,-143.48905090305198,-73.0124796152777
500,36144.0,36586.95599800545,36132.652752241964,36125.616865428645,36417.16177403838,-168.0,2.6771621720581606,-168.14862267738863,-142.97864607816155,-47.44133121556297
501,35904.0,36602.39365145806,35907.76789077438,35973.446652064806,36383.37853152474,-232.0,28.78746625562053,-206.04540759565862,-117.44688733143266,-9.814315937408537
502,35680.0,36644.53093051669,35720.56193705065,35890.72309076578,36397.533142163564,16.0,54.83668811386815,15.60373152950342,22.637984083863557,50.031267747006495
503,35936.0,36712.06702768579,35938.97535383339,36018.72262023253,36483.44106701875,256.0,78.31610440864097,235.71903137073605,169.3608395830197,113.2799782061229
504,36192.0,36801.16313933397,36191.99999979212,36229.44476993182,36624.09309857581,280.0,96.83295032848036,277.50536671053123,234.61087610631876,162.2566864858527
505,36496.0,36905.73292834275,36493.98608725445,36487.94437244517,36807.954439990455,264.0,108.46578433906325,265.00695652234936,249.3054472948097,199.45906341416412
506,36720.0,37018.0947080121,36722.01391283682,36728.05566452144,37023.01122540414,704.0,112.07428008124043,703.9808010480847,677.1423064466944,230.20734668389196
507,37904.0,37129.881488505234,37901.94768935062,37842.22898533856,37268.36913335824,712.0,107.48703554358508,703.7888119852942,650.2846313766931,213.5763646220148
508,38144.0,37233.06877909927,38129.591536807406,38028.624927274825,37450.16395464817,168.0,95.53959416700309,155.6015314938013,128.70840557367774,147.10301902233186
509,38240.0,37320.96067683924,38213.150752338224,38099.645796485915,37562.5751714029,-72.0,77.92928522793227,-50.687022778041865,0.8437674540509761,78.53997532488575
510,38000.0,37388.92734955513,38028.21749125132,38030.31246218293,37607.24390529794,-40.0,56.92788264372575,-43.84580483027821,-54.17710321152481,25.030929159929656
511,38160.0,37434.81644212669,38125.45914267767,37991.291590062865,37612.63702972276,-88.0,35.01247607417099,-102.10874937054905,-123.37507708863268,-21.975024089038925
512,37824.0,37458.95230170347,37823.999992510224,37783.56230800566,37563.29385711986,-320.0,14.4780502116555,-302.7295680704665,-230.7323115351537,-62.378479746905214
513,37520.0,37463.77254255,37520.000006536735,37529.82696699256,37487.88007022895,-336.0,-2.881998525946983,-329.59164961787974,-246.0376740360407,-77.01978337946275
514,37152.0,37453.18830465158,37164.816693274464,37291.48695993358,37409.254290360936,-256.0,-15.963899180780572,-237.5916559225043,-168.59652709219154,-65.76306534996911
515,37008.0,37431.84474418844,37044.816694691726,37192.633912808175,37356.35393952901,112.0,-24.395392673566676,87.58050023187388,-6.536090721321671,-35.48265385547347
516,37376.0,37404.397519304446,37339.97769373821,37278.41477849094,37338.28898264999,96.0,-28.45821078359222,91.55244238155501,36.9882549282338,-19.950507746521907
517,37200.0,37374.92832262126,37227.921579454836,37266.61042266464,37316.45292403597,24.0,-28.901711444705143,27.55178299079489,21.500855506023072,-16.01341241222326
518,37424.0,37346.594096415036,37395.0812597198,37321.41648950298,37306.26215782554,32.0,-26.73214268202355,22.56597886399686,3.5143115898354154,-16.07765831915094
519,37264.0,37321.46403725721,37273.05353718283,37273.63904584431,37284.29760739767,-88.0,-23.007754938636936,-76.76003662282164,-42.95792073650955,-20.94967005799117
520,37248.0,37300.57858653776,37241.56118647416,37235.50064802996,37264.36281770956,-64.0,-18.67463996960214,-63.68641833788206,-44.38807379937134,-19.116648802628333
521,37136.0,37284.114757318006,37145.680700507066,37184.86289824557,37246.06430979241,-56.0,-14.479742254396115,-47.476983431759436,-26.206300661604473,-12.795292427526874
522,37136.0,37271.61910202897,37146.60721961064,37183.088046706755,37238.772232854506,64.0,-10.93224488490523,53.96261715678338,21.76917181456156,-2.153465295181377
523,37264.0,37262.250267548196,37253.60593482063,37228.40124187469,37241.75737920205,64.0,-8.304006763391953,55.02838931317456,27.513816105285514,1.8730153076430724
524,37264.0,37255.011088502186,37256.66399823699,37238.115678917326,37242.51826346979,-48.0,-6.67150957038757,-33.62194539871416,-3.227723498705018,-0.3132025587656244
525,37168.0,37248.90724840742,37186.362044023204,37221.94579487728,37241.13097408452,32.0,-5.959618652250356,21.508265902222774,10.803013398599433,2.269259318953118
526,37328.0,37243.091851197685,37299.680530041434,37259.721705714524,37247.0567821077,-40.0,-5.978122580610943,-28.27886377458708,3.6367636945069535,1.8786471285638981
527,37088.0,37236.9510032462,37129.80431647403,37229.2193222663,37244.888268341645,80.0,-6.479002037511236,77.75138742182753,40.10727768491415,5.675899651032523
528,37488.0,37230.13384712266,37455.18330488509,37339.93626108435,37258.40858140976,152.0,-7.163058127840486,122.68949421742218,36.68506936023914,2.0407421386007627
529,37392.0,37222.62488699052,37375.183304908875,37302.589460986776,37248.96975261885,-232.0,-7.732983206951758,-196.31170985486096,-82.0520696041931,-16.590341159968375
530,37024.0,37214.66788070876,37062.55988517537,37175.83212187597,37225.22789908983,-88.0,-7.935258600646193,-87.59575943362142,-50.841278172825696,-13.680458574533986
531,37216.0,37206.754369789225,37199.99178604163,37200.906904641124,37221.60883546978,64.0,-7.554458008311485,57.39083107441547,17.528235085719643,-3.3386218465566344
532,37152.0,37199.558964692136,37177.3415473242,37210.888592047406,37218.55065539671,120.0,-6.4570855177153135,104.05749790357731,39.42598342998099,0.2693526967705111
533,37456.0,37193.840198753795,37408.106781848786,37279.758871501086,37222.14754086332,-32.0,-4.607143017012277,-29.917162364716205,-19.25028479577668,-8.095737490228203
534,37088.0,37190.34467865811,37117.507222594766,37172.38802245585,37202.35918041626,-136.0,-2.0862883287554723,-121.84714014692508,-65.17683781730375,-14.070401426248281
535,37184.0,37189.66762209628,37164.412501554936,37149.40519586648,37194.00673801082,-48.0,0.8996762875976856,-51.03221326513085,-40.280228656138206,-7.8521055048950075
536,36992.0,37192.14403123331,37015.442796064504,37091.827565143576,37186.65496940647,-40.0,4.017935162115464,-31.755725167928176,-7.663848151114507,2.3809798659676744
537,37104.0,37197.703492420515,37100.90105121908,37134.07749956425,37198.76869774276,72.0,6.809667286794138,69.96351124995635,57.28868420279832,16.85216322343331
538,37136.0,37205.763365806895,37155.36981856442,37206.40493354917,37220.35929585333,232.0,8.721955877656,209.89989241478543,107.52990075950584,25.808562903235725
539,37568.0,37215.14740417583,37520.70083604865,37349.13730108326,37250.38582354923,80.0,9.142015462959534,70.25316548012415,33.30101807572282,14.145818873363169
540,37296.0,37224.047396732814,37295.876149524665,37273.00696970062,37248.65093360006,-264.0,7.469033396904706,-225.44393890065476,-87.62684653233737,-4.102343269169069
541,37040.0,37230.085470969636,37069.81295824734,37173.88360801859,37242.18113701089,-80.0,3.200029075389466,-76.99840004060752,-32.18155767273856,3.6392602613741474
542,37136.0,37230.44745488359,37141.87934944345,37208.64385435514,37255.92945412281,112.0,-3.972959018614347,101.46313841334995,71.08217351412532,19.744789818058052
543,37264.0,37222.13955293241,37272.73923507404,37316.04795504684,37281.67071664701,176.0,-14.067316083641344,174.55606100081422,133.4280782151145,26.624798356551764
544,37488.0,37202.31282271631,37490.99147144508,37475.50001078537,37309.17905083591,288.0,-26.745325584917737,260.71412062538366,153.20206113121822,18.56728673070029
545,37840.0,37168.64890176257,37794.16747632481,37622.45207730927,37318.80529010841,40.0,-41.27670177611071,46.508859474783094,38.1781051785365,-16.433496222085523
546,37568.0,37119.75941916409,37584.009190394645,37551.85622114244,37276.31205839174,-144.0,-56.57222905291201,-130.1123339569276,-78.66774559560872,-57.07762879708025
547,37552.0,37055.50444365675,37533.94280841095,37465.116586118056,37204.65003251425,-136.0,-71.27846407604375,-140.35233992890426,-130.1813419653554,-89.02952425178228
548,37296.0,36977.202491012,37303.30451053684,37291.49353721173,37098.253009888176,-200.0,-83.91231658051402,-194.11574518995258,-175.87628030046108,-116.28437213166035
549,37152.0,36887.67981049572,37145.71131803105,37113.364025517134,36972.08128825093,-184.0,-93.03651400608942,-189.03660235053394,-197.44749893603148,-135.16765722470154
550,36928.0,36791.12946299982,36925.23130583577,36896.59853933967,36827.91769543877,-296.0,-97.4409053504678,-290.4477220644585,-257.93299785510317,-149.1677080402187
551,36560.0,36692.797999794784,36564.81587390213,36597.49802980693,36673.74587217049,-280.0,-96.29652137180165,-280.211823374957,-254.88471328180458,-148.48452965975594
552,36368.0,36598.53642025622,36364.807659085855,36386.82911277606,36530.94863611926,-224.0,-89.26317430115887,-215.9699193869892,-201.2543606428335,-134.64980424526948
553,36112.0,36514.27165119247,36132.87603512815,36194.98930852126,36404.44626367995,-120.0,-76.54739163014892,-127.55144831694633,-150.3451499941657,-111.88005925530888
554,36128.0,36445.44163699592,36109.70476245196,36086.13881278773,36307.18851760864,-104.0,-58.89171919894579,-114.64746041638864,-129.78108933967087,-88.29832019087553
555,35904.0,36396.488212794575,35903.581114295375,35935.42712984192,36227.8496232982,-232.0,-37.50150337679224,-208.2180766797319,-134.99811802484692,-63.14641314553592
556,35664.0,36370.43863024234,35693.2686090925,35816.142576738035,36180.89569131757,-72.0,-13.93113978717156,-63.96945974036498,-43.21326473486624,-21.109147414746985
557,35760.0,36368.62593322023,35775.642194814645,35849.00060037219,36185.631328468706,192.0,10.070972785339109,160.5845597953812,77.35832382024819,26.017203574570885
558,36048.0,36390.580575813015,36014.43772868326,35970.85922437853,36232.93009846671,64.0,32.74235642034182,70.98417728489585,83.2882361956108,56.545274921340024
559,35888.0,36434.110646060915,35917.61054938444,36015.57707276341,36298.721878311386,32.0,52.479572054835444,51.225567623372626,108.50638476657696,86.32787376024135
560,36112.0,36495.539719922686,36116.888863930006,36187.871993911685,36405.585845987196,288.0,68.0051063624087,272.18776889754736,220.18365572206676,121.54325997517299
561,36464.0,36570.12085878573,36461.98608717953,36455.94438420754,36541.80839826173,288.0,78.49938376824502,286.5625244452167,254.09184478168027,140.11297218762047
562,36688.0,36652.53848745918,36690.01391282044,36696.055683475046,36685.81179036244,296.0,83.67408714993871,293.70327912112407,268.7680057420839,143.8939816188249
563,37056.0,36737.46903308561,37049.39264542178,36993.48039569171,36829.59636149938,272.0,83.77242897104952,270.7360703322083,241.53604532545796,132.46438921191657
564,37232.0,36820.083345401275,37231.486053484856,37179.12777412596,36950.74056878627,184.0,79.49974288450903,179.52367548737675,159.21126549723704,107.08123572620389
565,37424.0,36896.46851885463,37408.43999639653,37311.90292668618,37043.75883295179,112.0,71.90366845743483,99.1539248943227,76.72661590331336,74.00620581310432
566,37456.0,36963.890682316145,37429.7939032735,37332.58100593259,37098.75298041248,-128.0,62.203054279372736,-109.67657675552982,-41.03141778729696,37.131796481317
567,37168.0,37020.874627413374,37189.086842885474,37229.84009111159,37118.02242591442,-152.0,51.61556075861154,-135.27284596067693,-71.82086926520424,16.770566797662468
568,37152.0,37067.12180383337,37159.24821135215,37188.93926740218,37132.294114007804,24.0,41.21409589577888,6.4024252273957245,-22.43119000831939,13.286393793772731
569,37216.0,37103.30281920493,37201.891693340265,37184.97771109495,37144.59521350197,-32.0,31.81791072857959,-27.898051310556184,-19.472700759753934,8.730860169263906
570,37088.0,37130.75762529053,37103.452108731035,37149.99386588267,37149.75583434633,-32.0,23.9434146227577,-21.179040954044467,-3.986912270938774,8.248412561679288
571,37152.0,37151.18964845045,37159.533611432176,37177.00388655307,37161.09203862533,112.0,17.809899294170464,93.74955986200075,39.51196394693761,11.790806210261508
572,37312.0,37166.37742387887,37290.95122845504,37229.01779377655,37173.337446766855,32.0,13.374557086652203,26.17375929806076,10.522804111747973,5.312280479869514
573,37216.0,37177.93876262375,37211.8811300283,37198.04949477657,37171.71659958507,-128.0,10.400938545226381,-99.66444828525346,-39.94355161169733,-3.835017202531162
574,37056.0,37187.17930096932,37091.62233188453,37149.13069055315,37165.66741236179,80.0,8.534020570088614,57.85286127888685,-2.3534589468436025,-0.5658166051907756
575,37376.0,37195.00680376393,37327.58685258607,37193.34257688288,37170.584966374685,-104.0,7.3786728383965965,-98.34287310607033,-47.11682522882256,-5.353197668366192
576,36848.0,37201.936646646114,36894.93658567239,37054.89704009551,37154.96101702506,-120.0,6.558126681309659,-105.72568181378665,-34.99701673962409,-0.2758984983775008
577,37136.0,37208.12305712655,37116.1354889585,37123.348543403634,37170.03316937793,136.0,5.769941109323554,121.8763480785965,62.12577500994303,16.773810821767256
578,37120.0,37213.47652886476,37138.68928182958,37179.148590115394,37188.508638668594,112.0,4.829377663449122,116.00020201899679,85.3743417694568,21.900901224096742
579,37360.0,37217.781812453446,37348.13589299649,37294.09722694255,37213.83497182612,168.0,3.674376144477719,150.12607614938315,81.99725029843103,18.01808174883263
580,37456.0,37220.82528115372,37438.94143412835,37343.143090712256,37224.54480216626,8.0,2.3649062543117907,5.5127117736046785,-7.382590874171001,-0.8629295515493141
581,37376.0,37222.51162496207,37359.1613165437,37279.332045194205,37212.109112723025,-272.0,1.0463018019763695,-238.71701084901724,-112.14502292094039,-20.630233807081822
582,36912.0,37222.91788475767,36961.507412430314,37118.853044870375,37183.284334552096,-64.0,-0.0957059084175853,-75.37336597895774,-57.052477888646536,-15.260561443326878
583,37248.0,37222.320213145234,37208.414584585786,37165.22708941691,37181.58798983637,56.0,-0.8908717276135576,48.98009508441464,4.987589254993509,-5.0169452239060774
584,37024.0,37221.13614130244,37059.46760259914,37128.82822338036,37173.250444104284,24.0,-1.2352738182271423,28.391031009083235,16.0152456536307,-0.8750235268707911
585,37296.0,37219.84966550878,37265.19664660395,37197.257580724174,37179.83794278263,64.0,-1.1147210334565898,51.71227702455508,19.058147705894953,0.7793958174770523
586,37152.0,37218.90669923553,37162.89215664825,37166.94451879215,37174.80923573924,-56.0,-0.6134818729733524,-47.843706714444124,-22.840802535942203,-3.8882452564321284
587,37184.0,37218.62270176283,37169.509233175064,37151.57597565229,37172.061452269765,-72.0,0.11259468663411099,-65.83675759787002,-31.580555313714285,-3.3447108559812477
588,37008.0,37219.1318886088,37031.21864145251,37103.78340816472,37168.119814027275,-32.0,0.8795660087307624,-22.197384460003377,0.09913659479207126,4.064352458870417
589,37120.0,37220.381833780295,37125.11446425506,37151.77424884187,37180.190157187506,136.0,1.5202099342423026,119.46814407781858,63.8779650980905,15.079851019607304
590,37280.0,37222.17230847728,37270.15492960815,37231.539338360904,37198.27951606649,104.0,1.9267302724510955,95.81511339384087,55.5347586994867,14.003334682311106
591,37328.0,37224.2352943252,37316.74469104274,37262.84376624085,37208.19682655213,-8.0,2.069115289072215,-9.686783351702616,-1.2736889996376703,3.9271518132409255
592,37264.0,37226.31053905543,37250.781362904745,37228.99196036163,37206.13381969297,-160.0,1.9939691054823925,-132.05651361426862,-51.35582569839971,-4.956315874507709
593,37008.0,37228.22323253616,37052.6316638142,37160.13211484405,37198.28419480311,32.0,1.800692339809757,26.318723046581,7.206211904445809,1.664584850299434
594,37328.0,37229.911923735046,37303.41880899791,37243.40438417052,37209.46298939357,160.0,1.6038796954344434,126.57108710714238,40.974461411726224,5.251944060135429
595,37328.0,37231.43099192703,37305.773838028486,37242.0810376675,37208.78808292338,-136.0,1.4958699821545451,-108.7757808269962,-44.282827669267135,-6.63550232401758
596,37056.0,37232.903663699355,37085.867247343915,37154.83872883199,37196.191984745536,-80.0,1.5184812420520757,-70.57035396500214,-37.822944419520354,-5.586498940574529
597,37168.0,37234.467954411135,37164.63313009848,37166.43514882846,37197.615085042235,88.0,1.6554421992550488,61.93153324697778,10.813994410702435,2.9038545488147065
598,37232.0,37236.214548097865,37209.73031383787,37176.46671765339,37201.999693843165,-88.0,1.8416327650666062,-66.25124707127543,-17.73507234837234,2.884593493086868
599,36992.0,37238.15121994127,37032.13063595593,37130.965004131715,37203.38427202841,24.0,1.9871946588900755,23.053501897727983,23.98078854418054,11.953791786665533
600,37280.0,37240.188937415645,37255.837317633326,37224.42829474175,37225.907277416496,112.0,2.015752622828586,102.89326984404033,65.67743798091396,19.818369258911844
601,37216.0,37242.182725186925,37237.91717564401,37262.31988009354,37243.02101054623,96.0,1.8876645671989536,91.66573623072327,61.051525398557715,18.46478365704752
602,37472.0,37243.96426655004,37439.16879009477,37346.53134553887,37262.83684473059,48.0,1.6135765589642688,37.09556492463889,21.477138214762817,9.35767642088831
603,37312.0,37245.409878304854,37312.10830549329,37305.27415652307,37261.73636338801,-160.0,1.258857611584972,-126.51895713502017,-44.620110754265625,-3.613663173182431
604,37152.0,37246.48198177321,37186.13087582473,37257.29112403034,37255.609518384226,64.0,0.9243299475419917,44.67694945511175,4.662529522433033,-0.9463690845732344
605,37440.0,37247.25853819994,37401.46220440351,37314.599215567934,37259.84362521886,32.0,0.718668113448075,22.64235059636121,-5.3923006784352765,-4.773711904417723
606,37216.0,37247.91931800011,37231.415577017455,37246.506522673466,37246.06209457539,-104.0,0.7288527320706635,-92.96874229878813,-52.83943155773159,-12.278425914701074
607,37232.0,37248.71624366408,37215.52471980594,37208.92035245247,37235.28677338946,-112.0,0.9951994221373752,-98.26725818182967,-49.125993994755845,-10.610982516460354
608,36992.0,37249.909716844384,37034.881060653795,37148.254534683954,37224.84012954247,56.0,1.4937205109599745,49.21960051201313,17.461449573456775,1.1953626301365148
609,37344.0,37251.703684686,37313.96392082996,37243.843251599385,37237.67749864973,136.0,2.1415508364734706,113.44450793078431,45.51034271512253,7.521244039744488
610,37264.0,37254.19281851733,37261.770076515364,37239.2752201142,37239.88261762196,-80.0,2.808601323806215,-63.34346173776066,-16.930421428089176,0.9992498533283651
611,37184.0,37257.32088733361,37187.27699735444,37209.982408743206,37239.67599835639,-72.0,3.3432836333413434,-58.10809238870206,-16.301606999386422,2.577180652249808
612,37120.0,37260.879385784014,37145.55389173796,37206.67200611543,37245.03697892646,104.0,3.595360433053429,86.04635307332501,40.025600429937185,11.612829516390775
613,37392.0,37264.51160819972,37359.36970350109,37290.03360960308,37262.90165738917,56.0,3.44776184246075,50.66432926860216,32.3784082891907,11.409761332171911
614,37232.0,37267.774909468935,37246.882550275164,37271.42882269381,37267.8565015908,-56.0,2.8460968439030694,-38.07440185008454,1.1096244376312825,6.747669281172421
615,37280.0,37270.203801887525,37283.22089980092,37292.25285847834,37276.396995951516,64.0,1.8022300184165942,52.44284853035424,26.950465023706784,8.360344158285443
616,37360.0,37271.37936950577,37351.76824733587,37325.32975274122,37284.57718990737,32.0,0.3952563440252561,27.388584214302682,15.741770633489068,4.409053451228829
617,37344.0,37270.994314575575,37337.99806822953,37323.73639974532,37285.215102853974,-56.0,-1.2349462235797546,-43.7798379587075,-11.72515312323958,-2.301331910701265
618,37248.0,37268.90947705861,37264.20857141846,37301.87944649474,37279.97452608597,0.0,-2.9130295844843204,7.253360281203641,5.082769996792194,-3.6418504637040314
619,37344.0,37265.16825540661,37352.504788791935,37333.901939738906,37277.931401926566,160.0,-4.456517200032977,130.82016133316574,26.973463113616162,-5.346554063078656
620,37568.0,37259.99644265854,37525.84889408479,37355.826372721975,37269.28141795981,-160.0,-5.696296466521744,-153.33820669250417,-84.16238065594735,-23.58591306876042
621,37024.0,37253.77566247356,37045.82837540693,37165.57717842701,37230.759575789045,-288.0,-6.498447075715376,-254.95185923390454,-119.4606050814582,-28.18386338131677
622,36992.0,37246.99954850711,37015.94517561698,37116.90516255906,37212.91369119718,112.0,-6.777886067604413,89.84267829494274,13.78056541157639,-6.8002000320047955
623,37248.0,37240.219890338354,37225.51373199681,37193.138309250164,37217.159175725035,104.0,-6.500265079615929,97.13721636391347,48.80230131618737,2.703443314105243
624,37200.0,37233.99901834788,37210.21960834481,37214.50976519143,37218.32057782539,32.0,-5.68535811026959,35.80391807204069,28.62633853698935,2.0774309916268976
625,37312.0,37228.849174117815,37297.121568140894,37250.39098632414,37221.31403770829,16.0,-4.402157976390299,12.509800500552956,5.076714294777048,-1.540838231685484
626,37232.0,37225.1947023951,37235.23920934591,37224.66319378099,37215.23890136202,-48.0,-2.768848565632652,-45.686312065430684,-29.396195652661845,-6.913191278170416
627,37216.0,37223.31147698655,37205.74894401003,37191.59859501882,37207.48765515195,-88.0,-0.9443247208328103,-80.74554528571753,-45.26530125275531,-8.176863452474208
628,37056.0,37223.306052953434,37073.74811877448,37134.13259127548,37198.88517445707,-56.0,0.8843292909878073,-43.26023136317599,-18.399708105607715,-1.4582219720250578
629,37104.0,37225.080135568525,37119.22848128368,37154.7991788076,37204.5712112079,152.0,2.511394560136978,121.62276892762748,46.066176935928524,10.71459731122377
630,37360.0,37228.32884207371,37316.99365662973,37226.26494514733,37220.31436907952,-24.0,3.7412466365822183,-17.26654150529066,4.598238913393288,8.758876325595338
631,37056.0,37232.56262884169,37084.6953982731,37163.99565663439,37222.08896385909,-120.0,4.414772404474206,-88.82126699114087,-8.271460195741383,10.079042972523894
632,37120.0,37237.15838688266,37139.35112264745,37209.72202475585,37240.47245502457,200.0,4.442329541601794,173.72594166902854,90.58738049937892,24.407113916706294
633,37456.0,37241.44728792489,37432.147281611156,37345.17041763315,37270.9031916925,168.0,3.821974081118242,151.21796296206958,80.03360169387815,21.17589625256005
634,37456.0,37244.80233504489,37441.78704857159,37369.78922814361,37282.82424752969,-72.0,2.6439757468288008,-61.4249901816147,-18.486575417740823,3.262268213671632
635,37312.0,37246.73523941855,37309.29730124793,37308.197266797666,37277.427728119845,-168.0,1.0799718230009603,-146.00324108402856,-63.4933279471079,-7.125133003850351
636,37120.0,37246.962278690895,37149.78056640353,37242.80257224939,37268.573981521986,-16.0,-0.6479850007490313,-10.613902826735284,-3.9934084235828777,-1.4250475217595522
637,37280.0,37245.43926941705,37288.06949559446,37300.2104499505,37274.577633076326,216.0,-2.3136340173732606,178.63640716321243,67.5131026763629,5.732533208152745
638,37552.0,37242.33501065615,37507.05338072996,37377.82877760212,37280.03904793829,-8.0,-3.726812879962381,-5.749211214708339,-9.467283547324769,-8.136632741116046
639,37264.0,37237.98564365713,37276.57107316504,37281.27588285585,37258.30436759409,-192.0,-4.765970976844983,-167.62694173971977,-87.91495331833721,-22.01946196449353
640,37168.0,37232.80306870246,37171.79949725052,37201.99887096544,37236.000124009304,-88.0,-5.399367347694351,-85.77408966193252,-62.2775764076905,-18.904237384325825
641,37088.0,37227.18690896174,37105.022893841175,37156.72073004047,37220.49589282544,32.0,-5.677624067218858,18.33786579651496,-10.917775904741575,-8.879436542589247
642,37232.0,37221.44782056802,37208.47522884355,37180.16331915596,37218.241250924126,-24.0,-5.707383574423147,-14.17152077987339,-2.475751306526945,-2.9425793551090464
643,37040.0,37215.77214181289,37076.67985228143,37151.769227427416,37214.610734115224,64.0,-5.614474277997942,51.60388484501891,27.49052198516074,5.100019896857702
644,37360.0,37210.218872012025,37311.682998533586,37235.14436312628,37228.44129071784,-24.0,-5.509231924283085,-17.523236960565555,20.947317262005527,7.2526211385084025
645,36992.0,37204.75367796433,37041.6333783603,37193.66386195143,37229.11597639224,96.0,-5.451376030025131,95.8182126454667,59.35142980085948,12.530484494011034
646,37552.0,37199.316119951975,37503.31942382452,37353.847222728,37253.50225970586,112.0,-5.429652194470691,111.52359945022181,61.10697214056927,9.46139629892059
647,37216.0,37193.894373575386,37264.68057726074,37315.877806232565,37248.03876899008,40.0,-5.378684907675051,39.523594897844305,11.969486620851967,-3.8615522662839794
648,37632.0,37188.558750136624,37582.36661362021,37377.786195969704,37245.779155173295,-64.0,-5.193514075344865,-81.67120801233978,-65.19851227801337,-21.570656058116583
649,37088.0,37183.507345424696,37101.33816123606,37185.48078167654,37204.89745687385,-336.0,-4.753008108520589,-297.90688888891964,-143.56502345489207,-35.0368254557543
650,36960.0,37179.05273391958,36986.55283584237,37090.65614905992,37175.70550426179,32.0,-3.9635420561426145,17.978853818174684,-29.496558086662844,-18.40667739897617
651,37152.0,37175.58026131241,37137.29586887241,37126.48766550321,37168.084102075896,88.0,-2.7811644152498047,77.22237739207776,23.075349194903538,-6.8171970820912975
652,37136.0,37173.490405089084,37140.997590626524,37136.80684744973,37162.071110097604,32.0,-1.2278647156053921,28.68967488675844,10.722605671373458,-4.709436473414826
653,37216.0,37173.1245318812,37194.67521864593,37147.93287684596,37158.66522912907,-64.0,0.6117902014339052,-52.94627875096921,-22.907532180786802,-6.27261951208493
654,37008.0,37174.71398549195,37035.105033124586,37090.99178308815,37149.525871073434,-24.0,2.589596931662527,-24.045019898399914,-15.445202213730227,-2.063064501959161
655,37168.0,37178.303725744525,37146.58517884913,37117.0424724185,37154.53910012515,8.0,4.513319559344382,4.406039970195707,0.5719255395961227,4.340184057971783
656,37024.0,37183.74062461064,37043.91711306498,37092.135634167345,37158.20623918938,-8.0,6.178516627744102,-3.082500459273433,9.160978832518595,10.377451023698086
657,37152.0,37190.66075900001,37140.42017793058,37135.36443008354,37175.294002172544,40.0,7.392025218094204,38.60395451851946,34.91101095795966,18.25246309179056
658,37104.0,37198.52467504683,37121.12502210202,37161.957656083265,37194.71116537296,64.0,7.996683409030084,66.32995468152149,55.57205404136403,23.95272146906791
659,37280.0,37206.65412581807,37273.08008729362,37246.508538166265,37223.19944511068,136.0,7.892582043728908,117.355501659742,67.80515116613242,25.648251993250597
660,37376.0,37214.30983913429,37355.8360254215,37297.56795841553,37246.00766935946,-32.0,7.051854033528798,-18.063934764617443,11.84339945702959,16.308607716753613
661,37216.0,37220.75783388513,37236.95221776439,37270.195337080324,37255.81666054419,-16.0,5.527098797832878,-14.122718835187698,-0.27495279504728387,11.799824211939267
662,37344.0,37225.36403672995,37327.590587751125,37297.018052825435,37269.60731778334,24.0,3.4528299584089837,8.59130874235052,3.3317421578285575,10.071023128315574
663,37264.0,37227.66349380195,37254.13483524909,37276.85882139598,37275.95870680082,-152.0,1.0341734097528388,-122.78157625660606,-13.729820731467044,6.949324357523437
664,37040.0,37227.43238354946,37082.02743523791,37269.5584113625,37283.505966498386,280.0,-1.4778956222944544,260.1158872557535,107.47879564777395,19.72255802248401
665,37824.0,37224.70770255736,37774.3666097606,37491.81641269153,37315.40382284579,184.0,-3.8131158318683447,163.41916259236314,56.16620767478889,6.468047489692253
666,37408.0,37219.80615188572,37408.86576042264,37381.89082671208,37296.44206147777,-336.0,-5.722891120527493,-302.5050975688355,-122.98017262341091,-24.539658294128458
667,37152.0,37213.261920316305,37169.356414622926,37245.85606744471,37266.32450625753,-168.0,-7.0116860443522455,-152.72727268506787,-89.10672554501798,-24.401329907366744
668,37072.0,37205.78277979702,37103.4112150525,37203.67737562204,37247.63940166304,152.0,-7.55899874898023,122.45228939438675,23.659995988360606,-9.903134511339886
669,37456.0,37198.143922818344,37414.2609934117,37293.17605942143,37246.51823723485,88.0,-7.340747077050764,70.81333171537699,8.08671351009616,-11.595252566443378
670,37248.0,37191.101285642915,37245.03787848326,37219.850802642235,37224.44889653015,-216.0,-6.4165038313294644,-184.0337225121475,-87.39985545807576,-23.246895878190116
671,37024.0,37185.310915155686,37046.193548387404,37118.37634850528,37200.02444547847,-88.0,-4.917194257985102,-87.87658815882241,-54.28627988431617,-15.623228777760232
672,37072.0,37181.266897126945,37069.28470216561,37111.2782428736,37193.20243897463,8.0,-3.0132506389563787,9.514664606256702,12.541015805127245,-0.7618845551078266
673,37040.0,37179.28441387777,37065.22287759992,37143.45838011553,37198.500676368254,160.0,-0.8807768711158133,149.52843104592102,83.90932729969427,13.223271212038526
674,37392.0,37179.50534338471,37368.341564257455,37279.09689747299,37219.64898139871,176.0,1.326639303839329,157.35064033279195,79.18696609395556,12.53075410038582
675,37392.0,37181.93769248545,37379.9241582655,37301.83231230344,37223.562184569026,-56.0,3.490679924183496,-48.79661466444668,-22.348429017827584,-4.508687601224665
676,37280.0,37186.48670323308,37270.74833492856,37234.400039437336,37210.63160619626,-168.0,5.534235777442518,-155.43414869413027,-90.23225314743831,-16.398998062959436
677,37056.0,37193.00616404034,37069.05586087724,37121.367806008566,37190.76418844311,-144.0,7.411149394509266,-136.41316966510203,-80.348330424491,-13.129208330996335
678,36992.0,37201.3090020221,36997.92199559836,37073.703378588354,37184.373189534264,-48.0,9.078656332192622,-41.5238872871123,-6.812738126034674,3.227660567870771
679,36960.0,37211.16347670472,36986.008086303016,37107.7423297565,37197.21950957885,224.0,10.49220021173096,207.96276517683145,107.91011604639061,24.707295523530775
680,37440.0,37222.29340244556,37413.84752595202,37289.523610681135,37233.787780581326,224.0,11.59718633695229,207.2408264519945,106.54308626520287,26.25766003154058
681,37408.0,37234.357849378626,37400.489739207005,37320.8285022869,37249.73482964193,-56.0,12.323065553122433,-50.90909070998168,-12.280857250781992,8.033790542700444
682,37328.0,37246.939533551806,37312.02934453206,37264.96189617957,37249.85536166673,-208.0,12.596207202735968,-186.0217796336292,-87.38565801754521,-3.7866998918689205
683,36992.0,37259.5502637841,37028.44617993975,37146.05718625181,37242.16142985819,-88.0,12.360703766800725,-83.64415727462256,-41.87611680185364,4.8141396843784605
684,37152.0,37271.66094108541,37144.74102998281,37181.209662575864,37259.483641035484,88.0,11.599718819612463,79.9999999571155,49.757307611987926,22.696393229063688
685,37168.0,37282.74970142332,37188.44617985398,37245.57180147579,37287.55421631632,168.0,10.355841005017282,158.3255890748187,103.14803963781378,34.04828609665492
686,37488.0,37292.37262309544,37461.39220813245,37387.50574185149,37327.58021322879,136.0,8.733250837693049,127.51752900692736,91.68681130145342,32.0050075739091
687,37440.0,37300.21620309871,37443.48123786783,37428.945424078694,37351.56423146414,-24.0,6.891341013328201,-0.5047809254356252,35.91239426655011,19.562229808554548
688,37440.0,37306.1553051221,37460.38264628158,37459.33053038459,37366.7046728459,144.0,5.033536055212608,118.81463982163041,40.05037149819691,11.475675024059456
689,37728.0,37310.283275209134,37681.11051751109,37509.04616707509,37374.515581512256,-112.0,3.3581270754584693,-108.37817082951005,-59.761279771966656,-9.863312258035876
690,37216.0,37312.871559273015,37243.62630462256,37339.80797084066,37346.97804832983,-224.0,2.019193194933905,-204.69406016127687,-107.33421081409324,-20.988630765928974
691,37280.0,37314.321661599,37271.72239718854,37294.3777454469,37332.5383199804,-8.0,1.102560708492092,-13.291921491298126,-38.241352670309425,-11.812812350417516
692,37200.0,37315.07668069,37217.04246163996,37263.32526550004,37323.352423628996,40.0,0.6056467481903383,30.532372651228798,0.610152803157689,-3.018275169950357
693,37360.0,37315.53295509538,37332.787142491,37295.59805105322,37326.5017696405,-24.0,0.44403558623889694,-20.319606693956302,0.07181107978976797,1.4744344935243134
694,37152.0,37315.96475186248,37176.40324825205,37263.46888765962,37326.301292616045,-56.0,0.47734593613495235,-34.36765297871898,23.605280436207977,8.514587606350688
695,37248.0,37316.48764696765,37264.05183653356,37342.80861192563,37343.5309448532,296.0,0.5499410715383419,266.72336153768265,126.7440302288378,22.006199479816132
696,37744.0,37317.064634005554,37709.849971327414,37516.956948117295,37370.31369157568,192.0,0.5204213070173864,176.23240084253848,60.62681025030179,8.098431301259552
697,37632.0,37317.52848958169,37616.516638218636,37464.06223242624,37359.72780745572,-400.0,0.282817562117998,-358.1082907728378,-136.86359947793608,-24.1994937471718
698,36944.0,37317.63026912979,36993.63338978174,37243.22974916142,37321.91470408133,-144.0,-0.22749465913511813,-139.9918984783144,-71.21760868410638,-18.917368170317786
699,37344.0,37317.07350026342,37336.53284126201,37321.627015058024,37321.89307111508,304.0,-1.0470996953772556,258.19740549765265,67.21077342561694,-1.1269794104955508
700,37552.0,37315.536069739035,37510.028200777044,37377.65129601266,37319.66074526034,-40.0,-2.199730600681505,-36.363636599762685,-31.150071039039176,-13.84928859172578
701,37264.0,37312.674039062054,37263.80556806248,37259.326872979946,37294.19449393163,-312.0,-3.702155436400062,-269.272419450328,-120.6609865427381,-23.95652663212968
702,36928.0,37308.131758866235,36971.48336187639,37136.32932292718,37271.74769199608,-56.0,-5.574385691597854,-52.827769755997,-18.832888589178765,-5.25941733574291
703,37152.0,37301.52526767886,37158.15002855049,37221.66109580159,37283.675659260145,280.0,-7.823326430843736,247.51797993337823,120.1623207752018,18.511750227073207
704,37488.0,37292.48510600455,37466.519321743144,37376.653964477584,37308.77119245023,184.0,-10.409462464482203,170.86473140154703,99.31985091479146,16.134092812590097
705,37520.0,37280.706342749894,37499.87949135358,37420.30079763117,37315.943844885325,-88.0,-13.227388536677608,-67.2423736216333,-6.202768030831066,-3.0301553206336393
706,37312.0,37266.03032893119,37332.03457449988,37364.24842841592,37302.71088180896,-80.0,-16.09080339303182,-67.67204435431995,-29.92815500728466,-13.697418985917466
707,37360.0,37248.52473596383,37364.53540264494,37360.4444876166,37288.54900691349,80.0,-18.735290554839594,55.177841369757516,-3.581696991019271,-17.73442454979886
708,37472.0,37228.55974782151,37442.39025723939,37357.08503443388,37267.242032709364,-72.0,-20.849943339526362,-70.19385920860077,-60.816935965773155,-31.544872568654682
709,37216.0,37206.82484928478,37224.14768422774,37238.810615685055,37225.45926177618,-200.0,-22.120692893713567,-177.50415187296676,-106.86911090630383,-41.30980784437634
710,37072.0,37184.318362034086,37087.38195349346,37143.346812621276,37184.62241702061,-56.0,-22.263344079139642,-59.855963266982144,-59.790396753145615,-35.2057239045389
711,37104.0,37162.2981611265,37104.43575769378,37119.229822178764,37155.0478139671,32.0,-21.08428865017777,19.23259266918103,-16.502079353125737,-27.022212355153897
712,37136.0,37142.14978473373,37125.84713883182,37110.342653915024,37130.577992310304,-40.0,-18.51021740667784,-29.352924702863675,-21.715841306231596,-24.740922041284648
713,37024.0,37125.27772631314,37045.72990828805,37075.7981395663,37105.565969884534,40.0,-14.605428629718517,28.53231089645851,-8.64544456556905,-20.933723931539134
714,37216.0,37112.93892747429,37182.91176062474,37093.051764783886,37088.710544447225,-16.0,-9.581769364289357,-28.25934453960872,-44.220492390475556,-23.21989821495299
715,36992.0,37106.114187584564,36989.21121920883,36987.35715478535,37059.12617345463,-240.0,-3.7801923595616245,-207.6444453717486,-108.0160326058649,-26.228062319860328
716,36736.0,37105.37854275517,36767.62286988124,36877.019699572156,37036.254419807505,-64.0,2.3549872025687364,-63.47399992138162,-39.82760542711185,-7.85903265675006
717,36864.0,37110.8241619897,36862.26321936607,36907.701943931126,37043.40810814113,96.0,8.315212001551117,85.95644631515825,52.53321632453299,16.12409374067647
718,36928.0,37122.00896675827,36939.53576251156,36982.08613222122,37068.50260728886,136.0,13.580657472310122,134.95135570326966,101.42725440071081,32.1196295121772
719,37136.0,37137.98547693432,37132.16593077261,37110.55645273255,37107.64736716548,184.0,17.685412688308134,173.45982212410672,115.74854687759944,37.727128234895645
720,37296.0,37157.37979213489,37286.45540675977,37213.58322597642,37143.95686375865,120.0,20.259386979440023,106.56650978603648,61.81838623208387,28.707339781100018
721,37376.0,37178.5042508932,37345.29895034468,37234.193225196716,37165.06204672768,-168.0,21.082159709236294,-146.9066274145407,-50.2933881813442,10.558285305418394
722,36960.0,37199.54411155336,36992.64215193069,37112.99644961373,37165.073434369486,-160.0,20.120534562858666,-137.20111603767145,-44.69855077612374,10.265059360277519
723,37056.0,37218.74532001892,37070.89671826934,37144.79612364447,37185.59216544824,176.0,17.53148750685432,152.73815768533314,76.19773585297662,26.99833935116112
724,37312.0,37234.60708656707,37298.118467301356,37265.391921319686,37219.07011307181,168.0,13.653121649942477,157.81408553879737,97.2917583350536,28.831453277165565
725,37392.0,37246.051563318804,37386.52488934693,37339.379640314575,37243.25507200257,56.0,8.964984385838761,61.03086878026079,47.67753915218054,16.74771253088693
726,37424.0,37252.53705533875,37420.18020486188,37360.74699962405,37252.56553813358,24.0,4.024609563453851,14.556339824321185,-10.259140878501057,0.7387430376911652
727,37440.0,37254.10078244571,37415.637568995575,37318.86135855757,37244.73255807795,-272.0,-0.6026315517665353,-245.2734081045528,-102.45496178769099,-17.5963521517333
728,36880.0,37251.331792235214,36929.63338865277,37155.837076048665,37217.372833830115,24.0,-4.423100952211826,11.364521526709723,-25.105744484575553,-10.491082556331094
729,37488.0,37245.25458054129,37438.366612048994,37268.64986958842,37223.75039296529,64.0,-7.076892366803804,63.05069629412901,3.1377283339679707,-6.834921216559451
730,37008.0,37237.17800750161,37055.73478124103,37162.1125327166,37203.702991397,-80.0,-8.382359337090747,-76.7254786452504,-29.481070513524173,-10.26225199844339
731,37328.0,37228.48986186711,37284.91565475849,37209.687728561374,37203.2258889684,24.0,-8.35485717929987,13.759147309941909,-11.58093987454049,-6.7158079801738495
732,37056.0,37220.46829314301,37083.253075860914,37138.95065296752,37190.27137543665,-80.0,-7.17957252060296,-65.3971995930151,-29.2617491100973,-6.240944759923877
733,37168.0,37214.1307168259,37154.12125557246,37151.16423034118,37190.743999448554,0.0,-5.172554955326632,1.4744575738586718,3.7956925442558713,1.6098239843340707
734,37056.0,37210.123183232354,37086.20199100863,37146.54203805603,37193.49102340532,96.0,-2.7239018971777114,83.09069047930461,40.64882674286491,9.621575127031974
735,37360.0,37208.682913031545,37320.30263653107,37232.46188382691,37209.98714970262,40.0,-0.23052045785516384,35.61382817779668,22.150787684327952,8.995483782429801
736,37136.0,37209.66214231664,37157.429647364224,37190.84361342469,37211.48199097018,-72.0,1.9624558971918304,-55.72475234571175,-14.196463689870143,5.268940816065879
737,37216.0,37212.60782482593,37208.85313183965,37204.06895644717,37220.52503133475,24.0,3.6026918413299427,15.689143673662329,7.259821246057982,9.269291931312182
738,37184.0,37216.8675259993,37188.80793471155,37205.3632559168,37230.0205748328,0.0,4.551102076755342,3.9944764296487847,11.97592742804045,11.796572239691159
739,37216.0,37221.71002897944,37216.84208469895,37228.02081130325,37244.11817581413,32.0,4.783016508172295,32.244573482144915,28.667961038070644,15.503509772039251
740,37248.0,37226.43355901565,37253.29708167584,37262.699177992945,37261.02759437688,72.0,4.373455366589042,62.94040535608656,42.02795568617148,17.560798281589086
741,37360.0,37230.45693971262,37342.72289541112,37312.07672267559,37279.23977237731,-8.0,3.4622690609903657,3.040290790882864,25.41590602044016,14.174166619297466
742,37232.0,37233.35809713763,37259.377663257605,37313.530990033825,37289.375927615474,48.0,2.215300537071016,53.543084134493256,42.21976237514173,13.00495161893923
743,37456.0,37234.88754078676,37449.809063680106,37396.516247425876,37305.24967561519,192.0,0.7962082428311987,159.4767188230544,53.24338110499593,8.33623178047128
744,37616.0,37234.95051362329,37578.33110090371,37420.01775224382,37306.04839117642,-168.0,-0.6675533016823465,-151.2015746294055,-74.48961906015393,-14.698864879952453
745,37120.0,37233.552434183395,37147.405914421295,37247.53700930557,37275.851945855284,-216.0,-2.1011697717331117,-202.51649800437735,-108.71223828546499,-22.403848028367065
746,37184.0,37230.748174079825,37173.29810489496,37202.59327567289,37261.24069511968,-24.0,-3.4791442852838372,-27.6172850515577,-35.64709579624105,-10.749215979616565
747,37072.0,37226.59414561283,37092.17134431818,37176.242817713086,37254.35351389605,8.0,-4.811227436315676,19.72996101411627,25.77095089674549,2.2304944711722783
748,37200.0,37221.12571920719,37212.75802692319,37254.13517746638,37265.70168406203,248.0,-6.114270478978142,217.21137071749035,104.95994848647751,14.633254369076894
749,37568.0,37214.36560465487,37526.59408575316,37386.16271468604,37283.620022634204,80.0,-7.384980052440369,73.97193409925603,41.10889456268342,3.6993397038859257
750,37360.0,37206.35575910231,37360.7018951217,37336.352966591745,37273.1003634698,-200.0,-8.589716252547078,-162.38271502295538,-61.633264798423625,-14.864640990916087
751,37168.0,37197.18617214978,37201.82865570725,37262.896185089194,37253.89074065237,32.0,-9.656034370291309,10.270039121816808,-26.00868895795793,-14.915085784807161
752,37424.0,37187.04369036173,37381.24197336534,37284.33558867583,37243.270191900185,-56.0,-10.469586592775158,-58.71921001797091,-48.39280207545016,-19.65703915717677
753,37056.0,37176.24699896423,37084.39023567131,37166.11058093829,37214.57666233802,-152.0,-10.909033683554298,-130.55816483475064,-63.16971726838892,-20.764696445265145
754,37120.0,37165.22562299462,37120.125643695836,37157.99615413905,37201.740799009654,40.0,-10.865367787537252,36.363626503687556,10.883650270279759,-8.748823377882218
755,37136.0,37154.51626338915,37157.11748867868,37187.87788147885,37197.079015582254,168.0,-10.25575426649084,143.1205037500913,55.82066807923184,-1.6078326482856937
756,37456.0,37144.71411446164,37406.36665119602,37269.637490297515,37198.52513371308,-8.0,-9.047880159083434,-10.383974428346846,-11.421646032580611,-11.42762518352174
757,37120.0,37136.420503070985,37136.34953982199,37165.03458941369,37174.22376521521,-208.0,-7.262440434482414,-177.34423471213813,-82.08560617698095,-21.590180237108143
758,37040.0,37130.189233592675,37051.67818177174,37105.46627794355,37155.34477323887,-24.0,-4.9708983961136255,-26.28044919153399,-26.835172498358588,-13.11175331440245
759,37072.0,37126.47870627876,37083.78864143892,37111.364244416975,37148.000258586406,112.0,-2.2916543316532625,91.05366686178604,25.58008868190518,-3.544501723139547
760,37264.0,37125.60592492937,37233.785515495314,37156.62645530736,37148.25576979259,0.0,0.6103537637827685,-1.0755484670298756,-8.424561455933144,-5.531700304185506
761,37072.0,37127.699413806324,37081.63754450486,37094.51512150511,37136.936857978035,-120.0,3.542409868678078,-103.96024846612636,-50.85377304969734,-8.072068915655109
762,37024.0,37132.690744666725,37025.86501856306,37054.91890920797,37132.11163196128,-48.0,6.2961541316362855,-46.44743312650462,-24.13675769315887,0.5803555813072308
763,36976.0,37140.291722069596,36988.74267825185,37046.24160611879,37138.09756914065,24.0,8.662243809088977,26.591050948049087,26.443499970213452,14.090815636402112
764,37072.0,37150.0152322849,37079.04712045916,37107.805909148396,37160.29326323408,136.0,10.45842693056693,125.54004450311186,79.46725760381014,26.610357255140116
765,37248.0,37161.20857593073,37239.822767258076,37205.17612132641,37191.31828365093,136.0,11.549443251431512,119.88948308929321,75.95827284121697,28.190934599391767
766,37344.0,37173.114118787766,37318.826086637746,37259.72245483083,37216.675132432865,-72.0,11.872007960304472,-46.86624743160792,12.407560919833486,18.990605403581867
767,37104.0,37184.95259185134,37146.09027239486,37229.99124316608,37229.29949445809,88.0,11.448256996034615,75.77026550622395,33.26440991828349,18.8893367481287
768,37520.0,37196.010632779835,37470.366617650194,37326.2512746674,37254.45380592912,-8.0,10.384502211691142,-11.60526465411749,-0.6143311649830139,11.877001767486945
769,37088.0,37205.72159627472,37122.879743086625,37228.76258083611,37253.05349799307,-152.0,8.8575139175191,-123.42817874481989,-27.107403413228894,6.852366963601526
770,37216.0,37213.72566061487,37223.510260160554,37272.03646784094,37268.158539856326,152.0,7.094504551085265,138.1818178767171,71.29212092529633,17.712968856070802
771,37392.0,37219.91060537689,37399.24337884006,37371.346822686704,37288.47943570521,248.0,5.338571493084601,219.42817782867496,88.98376618912152,15.144867634142429
772,37712.0,37224.40280360104,37662.366615817904,37450.00400021918,37298.44827512461,-120.0,3.8111323166594957,-114.22827387746293,-52.340822357931756,-10.708746824362606
773,37152.0,37227.53287001021,37170.78683108513,37266.66517797084,37267.06194205648,-312.0,2.68001125045339,-275.9392043111475,-126.0062332629168,-25.633235965306085
774,37088.0,37229.76282610195,37110.48820719561,37197.99153369335,37247.181803194,72.0,2.0446692106816045,52.14241208851672,-13.677877430818626,-11.921048702784901
775,37296.0,37231.622208431574,37275.07165526217,37239.3094231092,37243.219844650914,72.0,1.925259794221347,59.94172437739326,12.972600970453641,-6.600966310539661
776,37232.0,37233.61334569039,37230.371655950396,37223.936735634255,37233.97987057292,-72.0,2.2585136414818408,-52.84171955980128,-19.40431965782045,-9.140980549349479
777,37152.0,37236.13923571454,37169.388216142564,37200.50078379356,37224.937883552215,40.0,2.9182711331450264,25.95764090499506,0.8144400560886425,-5.395092843093153
778,37312.0,37239.44988795668,37282.286937760386,37225.56561574643,37223.18968488673,-40.0,3.7380739102736698,-35.6665895802289,-18.15236017391726,-6.1887144211432314
779,37072.0,37243.615383535085,37098.05503698211,37164.19606344573,37212.56045470993,-72.0,4.539734665933793,-53.956715867763705,-15.27152057784042,-3.601207441311999
780,37168.0,37248.52935728855,37174.37350602486,37195.02257459075,37215.98727000411,128.0,5.160864089841198,108.18599916702442,44.33779844039964,5.826178794388397
781,37328.0,37253.93711171477,37314.427035316156,37252.87166032653,37224.212812298705,88.0,5.480573420685687,72.18870587209676,20.284915899035695,3.0361829095309076
782,37344.0,37259.49050412992,37318.75091776905,37235.59240638882,37222.05963582317,-232.0,5.433511312694463,-200.39682384479966,-71.48305074328891,-8.250194684373128
783,36864.0,37264.80413434016,36913.633387626556,37109.90555883995,37207.71242292996,-32.0,5.012513201469119,-28.280293235617137,-2.734068128898798,2.838408253282978
784,37280.0,37269.51553053286,37262.19033129782,37230.124270131026,37227.73645232974,232.0,4.262559520713694,209.31359652919855,95.28084635659252,17.41085201626629
785,37328.0,37273.329253381584,37332.26058068495,37300.467251553135,37242.53412696249,96.0,3.2669935270605492,91.37315281189512,56.576607198676356,10.52438098087805
786,37472.0,37276.04951758698,37444.93663692161,37343.27748452838,37248.78521429149,-16.0,2.120267071390117,-22.640759155325213,-21.551024760570726,-4.909651956422749
787,37296.0,37277.569787524364,37286.9790623743,37257.36520203199,37232.714823049646,-264.0,0.9171907123054552,-228.732976816078,-105.22968148038854,-19.23465008936546
788,36944.0,37277.88389901159,36987.47068328945,37132.8181215676,37210.31591411276,-64.0,-0.26206029533204855,-56.48424849734147,-30.138019680591242,-9.083113231245079
789,37168.0,37277.0456669337,37174.01056537962,37197.08916267081,37214.548596587156,256.0,-1.3675012197600154,216.5927089882789,78.81562243861117,6.560112303752248
790,37456.0,37275.14889657207,37420.65610126601,37290.449366444824,37223.436138720266,80.0,-2.3680059006728698,69.92604221641886,10.584886996424757,-2.7406509308784734
791,37328.0,37272.309655132354,37313.86264981246,37218.25893666366,37209.0672947254,-384.0,-3.243247502552549,-341.51135530092506,-127.06096144932962,-20.315479258595587
792,36688.0,37268.662401566966,36737.63339066416,37036.327443546164,37182.805180203075,0.0,-3.984083574174292,-4.953972561423143,-7.7677713444209076,-1.5218555121718964
793,37328.0,37264.341487984006,37303.95470468961,37202.72339397482,37206.023583701055,320.0,-4.577558368644532,287.0176571170814,103.75764741607054,17.11958268303715
794,37328.0,37259.50728482968,37311.66870489832,37243.842738378306,37217.04434556915,-96.0,-4.996100931410183,-73.94247529968561,-0.9592864073638339,5.472979146547004
795,37136.0,37254.349286121185,37156.06975409024,37200.80482116009,37216.96954199415,-64.0,-5.203376004592428,-55.25018035687026,-10.635506638169318,3.9736735247097386
796,37200.0,37249.10053282049,37201.16834418458,37222.57172510197,37224.99169261857,56.0,-5.159056893506204,50.94031101724613,33.05276649286316,9.271735255348176
797,37248.0,37244.03117233417,37257.95037612473,37266.91035414582,37235.513012504845,120.0,-4.828269171077409,106.53391256382747,53.79380611675879,9.896970511515974
798,37440.0,37239.44399447834,37414.23616931224,37330.159337335484,37244.7856336416,32.0,-4.196038009176846,27.466639748690795,8.328651857409568,-0.4880971811617201
799,37312.0,37235.63909631582,37312.883655622114,37283.567657860636,37234.53681814252,-104.0,-3.286290502979682,-96.93423557956339,-60.80785054453372,-14.121974591951584
800,37232.0,37232.87141347238,37220.36769815311,37208.54363624642,37216.5416844577,-168.0,-2.1734830676650745,-150.6774667034697,-86.75220349101073,-18.7680494619417
801,36976.0,37231.29213018049,37011.528722215175,37110.063250878615,37197.00071921864,-24.0,-0.9837995560410491,-31.19536486207653,-31.448759928494837,-8.490929278126714
802,37184.0,37230.903814360296,37157.97696842896,37145.64611638943,37199.559825901444,16.0,0.1039831689085986,16.33308835857315,16.40592370552622,3.33709797787742
803,37008.0,37231.500096518306,37044.19489893232,37142.87509828967,37203.67491517439,152.0,0.8876841806268203,140.19482492002135,64.6665310450735,13.898835031668568
804,37488.0,37232.67918272155,37438.366618269,37274.979178479574,37227.35749596478,72.0,1.174327140335663,57.644228963203204,25.59366942969791,10.650455588627665
805,37152.0,37233.84875079898,37159.48335685873,37194.06243714906,37224.97582635165,-272.0,0.8068871417344781,-226.1082951531971,-59.885522755979764,1.2671217044517107
806,36944.0,37234.29295700502,36986.150027962605,37155.208132967615,37229.891739373685,120.0,-0.2858350311034883,114.51664070218612,66.74976230235916,19.210499990716926
807,37392.0,37233.27708073677,37388.5166382631,37327.56196175378,37263.39682633308,352.0,-2.06205622581183,307.8499718307248,140.13480966306088,27.07492827605529
808,37648.0,37230.168844553395,37601.849971624055,37435.47775229374,37284.041595925795,-64.0,-4.3592225699467235,-48.858534245649935,1.6546666868234752,2.446849389001727
809,37264.0,37224.55863559688,37290.7995697718,37330.87129512743,37268.290525111086,-160.0,-6.906303646599554,-145.61082726635505,-71.17080960259773,-15.536544559156027
810,37328.0,37216.356237260195,37310.628317091345,37293.13613308854,37252.96850680748,-64.0,-9.35581556854595,-67.02966722371275,-55.16709549461666,-19.073592963228293
811,37136.0,37205.847004459785,37156.740235324374,37220.537104138195,37230.14333918463,-64.0,-11.337026816796424,-50.186905145114,-30.330476881248615,-18.118000663624116
812,37200.0,37193.6821836266,37210.25450680112,37232.475179326044,37216.732505480235,128.0,-12.509712895676785,104.78680548234843,28.175664850874455,-12.574208430381987
813,37392.0,37180.82757866843,37366.31384628907,37276.888433839944,37204.994922323865,40.0,-12.619071631219413,27.62857093331695,-13.14252856613166,-21.087837040173326
814,37280.0,37168.444040364164,37265.51164866775,37206.19012219378,37174.55683139989,-192.0,-11.541602896377299,-173.2439542825632,-107.60325054927671,-35.710249353986
815,37008.0,37157.74437287568,37019.825937723945,37061.68193274139,37133.57442361589,-200.0,-9.305603049084311,-186.55602232408637,-117.66722308169119,-34.70368660319946
816,36880.0,37149.832834265995,36892.39960401958,36970.8556760304,37105.14945819349,-72.0,-6.085195725321682,-65.42831360646596,-45.39841869579686,-17.167492512726312
817,36864.0,37145.573981425034,36888.96931051101,36970.8850953498,37099.23943859044,144.0,-2.1734305393110844,121.41625904650573,53.4719669943006,5.851952326469473
818,37168.0,37145.48597318737,37135.23212211259,37077.799610019,37116.85336284643,80.0,2.053798876419023,82.42342216454563,61.814319678702304,15.056592398312205
819,37024.0,37149.68157917787,37053.816154840104,37094.5137347072,37129.352623387065,72.0,6.1892025240267685,67.6648069280127,51.970992041802674,17.76689170998725
820,37312.0,37157.86437823543,37270.561735968615,37181.741594102605,37152.3871462664,8.0,9.84409768238038,9.554260971577605,22.09865644670208,15.053880192655924
821,37040.0,37169.36977454263,37072.92467678326,37138.711047600606,37159.46038377238,-56.0,12.68793061256656,-33.01367526904869,6.3249772983072035,13.046256694597105
822,37200.0,37183.24023946056,37204.53438543052,37194.39154869922,37178.4796596556,192.0,14.477122330696147,154.2816357998272,52.87627544822317,17.94325886599836
823,37424.0,37198.324019204025,37381.48794838291,37244.46359849705,37195.346901504374,-104.0,15.073496970031556,-97.19217838536133,-39.696150953641336,5.434586923995084
824,36992.0,37213.38723340062,37010.150028659795,37114.99924679194,37189.34883350359,-256.0,14.449497749908915,-219.00229317183403,-67.96472830915081,3.8693736743953195
825,36912.0,37227.22301470384,36943.483362039246,37108.53414187875,37203.085648853164,232.0,12.684048566607089,207.0385674083882,91.8019660261889,28.291097792232904
826,37456.0,37238.75533053384,37424.22716347657,37298.603178844314,37245.93102908805,216.0,9.951912193315366,205.5911949874826,111.3706263877175,32.34193168929414
827,37344.0,37247.12683909047,37354.66575201421,37331.275394654185,37267.76951223175,-24.0,6.505820334670716,-16.232651391295803,26.309913136963587,18.026958755282976
828,37408.0,37251.76697120318,37391.76186069398,37351.22300511824,37281.98494659862,-48.0,2.6449223826239177,-44.09458785031893,-8.440886976819456,7.91468169680229
829,37248.0,37252.41668385572,37266.47657631357,37314.393620700546,37283.59887562536,-48.0,-1.3090425813788897,-32.90240281252409,-3.632574067425594,3.393872808002925
830,37312.0,37249.14888604042,37325.95705506893,37343.95785698339,37288.772692214625,160.0,-5.040787301375531,129.26575410003352,45.543164774539036,4.012451200000214
831,37568.0,37242.33510925297,37525.00808451364,37405.479950249624,37291.62377802536,-16.0,-8.278506531347375,-15.908547987102793,-19.73793160895366,-10.967725288002839
832,37280.0,37232.591872977726,37294.139959094726,37304.48199376548,37266.83724163862,-184.0,-10.807592242854298,-160.16832994528522,-88.75695960140001,-25.444674304802902
833,37200.0,37220.71992476726,37204.67142462307,37227.966031046824,37240.73442941575,-56.0,-12.482882659838651,-66.11141135631988,-62.53294719524638,-24.066090752083255
834,37168.0,37207.62610765805,37161.917136382086,37179.41609937499,37218.70506013445,-88.0,-13.241865979456634,-73.16860633057149,-42.841881984339125,-19.49411627457448
835,37024.0,37194.23619280835,37058.33421196193,37142.282267078146,37201.7461968666,80.0,-13.094044649351417,68.08813538948743,22.007301242225367,-8.071553424520971
836,37328.0,37181.438018359346,37298.09340716106,37223.43070185944,37202.56195328541,112.0,-12.110820647092623,90.22623100444252,28.863785711015225,-5.45614591692356
837,37248.0,37170.01455151416,37238.78667397081,37200.00983850018,37190.833905032756,-128.0,-10.41255860891033,-105.37336333620624,-47.41594410917605,-14.586353001013777
838,37072.0,37160.612901141525,37087.34668048865,37128.59881364109,37173.38924728338,-80.0,-8.151917047493043,-74.70659103891376,-43.111618038543384,-12.375195385204279
839,37088.0,37153.71071741918,37089.373491892984,37113.78660242309,37166.08351426235,16.0,-5.506783639692003,8.894270869244792,-1.91891000645046,-3.4015573079195747
840,37104.0,37149.59933386214,37105.13522222714,37124.76099362819,37166.586132667544,16.0,-2.669818403359386,21.4378414698258,21.354888019188365,3.631925038574991
841,37120.0,37148.37108061246,37132.249174832636,37156.49637846147,37173.3473643395,96.0,0.1618064977810718,88.3598267686757,49.983574064015556,9.428599888928147
842,37296.0,37149.9229468577,37281.85487576449,37224.72814175622,37185.4433324454,96.0,2.794853012466774,78.88007975428263,32.59583417286194,6.568134728171572
843,37312.0,37153.96078663739,37290.0093343412,37221.68804680719,37186.48363379584,-120.0,5.051299158123584,-101.79886971728047,-48.19607154543337,-5.2355169597685745
844,37056.0,37160.02554517395,37078.25713632993,37128.33599866535,37174.97229852586,-104.0,6.782654943439411,-100.4665163616155,-57.18404880915841,-5.562720343681576
845,37104.0,37167.52609652427,37089.07630161797,37107.31994918887,37175.35819310848,-72.0,7.894936921034969,-63.799326622116496,-19.356074882045505,3.9538042380372644
846,36912.0,37175.81541901602,36950.658483085695,37089.62384890126,37182.87990700194,80.0,8.36725978301547,87.46184122692284,71.1158241630219,21.06570924355765
847,37264.0,37184.2606160903,37263.999984071816,37249.55159751492,37217.48961159559,360.0,8.254581327440974,315.8540732664587,152.7035473711112,32.2841851734338
848,37632.0,37192.3245816709,37582.36662961861,37395.03094364348,37247.448277348805,24.0,7.693286015568447,28.57274376976784,26.9948179503117,10.731079620654782
849,37312.0,37199.64718812144,37321.14547161135,37303.54123341554,37238.9517708369,-232.0,6.885205024162133,-208.9666463323665,-95.71909352016883,-12.148917970058392
850,37168.0,37206.09499171923,37164.43333695388,37203.592756603146,37223.15044140869,-192.0,6.07011450581922,-174.5454498880572,-82.15209851082545,-13.043807357782498
851,36928.0,37211.78741713308,36972.05457183524,37139.23703639389,37212.86415612134,128.0,5.481834934176732,118.04165053538236,41.26279798768883,3.956922518718784
852,37424.0,37217.05866158758,37400.516638024645,37286.11835257852,37231.064286446126,256.0,5.304179674887564,220.89769983476072,77.94049247389194,8.553344647094491
853,37440.0,37222.39577648285,37413.84997150476,37295.118021341674,37229.970845415526,-160.0,5.642819993641751,-143.92657369455628,-63.44132056601302,-11.594898759823991
854,37104.0,37228.34430157486,37112.66349063553,37159.2357114465,37207.87448892648,-264.0,6.503679692006699,-231.35926299313724,-108.26445417192735,-16.90263204272196
855,36912.0,37235.403135866865,36951.131445518484,37078.58911299782,37196.16558133008,48.0,7.791917299211491,34.1251824753781,2.6479580502273166,2.499371470104961
856,37200.0,37243.92813617329,37180.91385558629,37164.53162754695,37212.87323186669,152.0,9.333317910775804,134.35168799924577,68.20832832261294,17.351312129943835
857,37216.0,37254.06977168842,37219.834821516975,37215.005769643045,37230.86820558997,56.0,10.903129016751336,58.095073515560216,49.97702691761515,18.73838400277964
858,37312.0,37265.73439420679,37297.10400261741,37264.48568138218,37250.34999987225,-8.0,12.256585448834812,2.7891941874695476,25.722752430228866,16.39929427588868
859,37200.0,37278.58294258609,37225.413209891914,37266.4512745035,37263.66679414175,64.0,13.172113867978624,55.37525673408163,35.19123037306781,16.500133976587676
860,37440.0,37292.07862194275,37407.85451608557,37334.86814212832,37283.35026782542,24.0,13.478874922802788,21.713886621513666,15.850938688981842,11.850987074943987
861,37248.0,37305.54069243169,37268.84098313494,37298.153151881466,37287.368768291635,-48.0,13.07228195649077,-34.80861727591764,-11.638414306122286,5.986938880796515
862,37344.0,37318.22318585573,37338.23728153374,37311.59131351607,37295.324145587016,64.0,11.936003213977529,40.582706067478284,-2.766181607359613,5.521584574733424
863,37376.0,37329.41269885965,37350.0063952699,37292.62078866675,37298.4119374411,-200.0,10.148877867224655,-172.30194739336366,-60.660130515952915,-0.791611273863964
864,36944.0,37338.52094159018,36993.63338674701,37190.27105248417,37293.74092303929,-8.0,7.8795443163617165,2.0621525139686128,20.785790059504507,12.816031750153343
865,37360.0,37345.17178749237,37354.130700297836,37334.192368785756,37324.04400094141,312.0,5.370601633992919,274.9856252172103,131.01750069447007,28.505277949192532
866,37568.0,37349.26214485816,37543.60463718143,37452.30605387311,37350.75147893767,64.0,2.9080853796112933,67.49712279075175,60.26671202390207,15.845051943146245
867,37488.0,37350.98795825159,37489.12494587934,37454.72579283356,37355.7341048277,-64.0,0.7794134882024082,-48.85496190540289,-14.217364622771129,-1.630668868587236
868,37440.0,37350.82097183457,37445.894713370624,37423.871324627566,37347.4901412005,0.0,-0.7744354270980693,-13.756665655611869,-38.91880589221182,-12.869456567175803
869,37488.0,37349.4390873974,37461.611614568115,37376.88818104914,37329.99519169335,-184.0,-1.60780996264657,-170.7556756659469,-102.53905305385706,-25.395189922481222
870,37072.0,37347.605351909275,37104.38336203873,37218.79321851985,37296.699761355536,-152.0,-1.6998507591561065,-140.7807926317255,-84.69835326935936,-22.06044227003804
871,37184.0,37346.039385879085,37180.050029304664,37207.49147451042,37285.87430715327,72.0,-1.1540366753579292,55.91681378926296,0.4439932457753457,-5.731738844599022
872,37216.0,37345.29727855856,37216.216989617256,37219.6812050114,37285.23628366634,48.0,-0.16984684659837512,37.25190839885545,14.030333006685396,2.823790696380456
873,37280.0,37345.69969218589,37254.553846102375,37235.55214052379,37291.521888546034,-112.0,0.9980757627708954,-88.89391300300122,-6.35299422571552,6.861699306999071
874,36992.0,37347.2934300841,37038.429163611254,37206.97521655997,37298.959682280336,136.0,2.1026867104519624,133.35313365987167,78.91068431616804,22.785777848319412
875,37552.0,37349.90506560679,37521.26011342212,37393.373509156125,37337.09344424267,232.0,2.9653686782294244,211.79951882674868,107.08504717421602,27.388434174466965
876,37456.0,37353.22416744056,37462.02820126475,37421.1453109084,37353.73655062927,-32.0,3.5052634048370237,-29.090905833603756,10.34445720648364,11.529933918063762
877,37488.0,37356.915592416466,37463.07830175491,37414.06242356909,37360.1533120788,-160.0,3.7389421423322347,-138.19741116824662,-44.05167555477237,0.024427053471299587
878,37136.0,37360.702051725224,37185.63337892826,37333.04195979886,37353.78540473621,104.0,3.7781798528594663,91.6441576760626,17.50051612920288,4.521362894221966
879,37696.0,37364.471952122185,37646.366617107036,37449.0634558275,37369.196037867245,64.0,3.7931349095779296,43.591656681732275,-7.44677605761899,-0.9295649756058992
880,37264.0,37368.28832154438,37272.81669229172,37318.14840768362,37351.926274785,-312.0,3.966807326556591,-266.7749617529298,-103.84084430206349,-12.873449342994718
881,37072.0,37372.4055667753,37112.81669360118,37241.38176722337,37343.449139181255,64.0,4.473371021722414,47.19790277288848,7.924243151435803,5.095321355318447
882,37392.0,37377.235063587825,37367.2124978375,37333.99689398649,37362.11691749564,144.0,5.460859467577393,127.3438599662768,63.6135737563709,17.173624189163093
883,37360.0,37383.32728571045,37367.50441353373,37368.60891473611,37377.79638755958,32.0,7.032775690564449,37.81398336486018,38.91647811767325,16.569289441922592
884,37456.0,37391.30061496895,37442.84046456722,37411.82985022184,37395.25549637948,8.0,9.213437135043932,9.538373869607312,21.135860596648854,14.421883638875443
885,37376.0,37401.75415998054,37386.581161272945,37410.88063592941,37406.64015483733,-16.0,11.92009507124385,-3.3534969295469637,16.49110367227695,12.916666199718748
886,37424.0,37415.14080511144,37436.133470708126,37444.81205756639,37421.08882877892,136.0,14.910981639932288,110.2196629758073,44.33745042017472,14.30311538053138
887,37648.0,37431.576123260405,37607.02048722456,37499.55553676976,37435.246385598395,-40.0,17.741802291071508,-34.010547360769124,-19.478752411749156,3.519876099395333
888,37344.0,37450.624409693584,37368.11237598659,37405.854552742894,37428.12858097771,-136.0,19.751384159433655,-118.3462313050477,-62.773707655422186,-2.911375571795361
889,37376.0,37471.07889157927,37370.328024614464,37374.008121458915,37429.423634454804,-16.0,20.086971730368532,-26.144228299792303,-32.84237055452104,3.9662351998304075
890,37312.0,37490.79835315432,37315.823919387,37340.16981163385,37436.06105137737,-32.0,17.81539458518455,-35.38450829243811,-19.753404008137295,12.840469491435215
891,37312.0,37506.70968074964,37299.55900802959,37334.50131344264,37455.104573437675,-96.0,12.080660601855925,-78.4698712094796,5.5821585301055165,26.198750732186454
892,37120.0,37514.95967435803,37158.884176968044,37351.33412869406,37488.458552841745,184.0,2.313143085630145,190.22049991122185,165.20531555918933,51.77690704615816
893,37680.0,37511.3359669209,37680.00000785203,37664.91194456102,37558.65838752999,408.0,-11.550322923634667,388.55790605774746,273.3283521867306,64.13275406474713
894,37936.0,37491.859028510764,37935.99998908354,37897.990833067524,37616.72406097124,280.0,-28.92740542541287,269.72096394161053,214.0743050402707,42.10187648981082
895,38240.0,37453.48115607008,38219.44193573525,38093.06055464156,37642.86214050961,168.0,-48.54039391191691,163.01410598945586,121.59999889481333,-3.718813436149503
896,38272.0,37394.77824068693,38262.02820106245,38141.19083085715,37609.28643409894,-8.0,-68.5051300104169,-7.272729360556696,-17.274308355830726,-66.7113847057226
897,38224.0,37316.47089604924,38204.89647701414,38058.5119379299,37509.43937109817,-400.0,-86.56141938847577,-394.0071441157561,-330.5675885809651,-135.57509444586685
898,37472.0,37221.65540190998,37474.01391283094,37480.05565369522,37338.136245207206,-488.0,-100.39396789205784,-479.45519489039,-409.2837927684086,-177.99631363059962
899,37248.0,37115.68296026513,37245.98608723336,37239.94435239308,37153.44674383697,-288.0,-107.98998219148416,-287.33333341076286,-285.33333645288076,-189.41716417838688
900,36896.0,37005.67543752701,36899.34724600941,36909.38898078946,36959.30191685043,-280.0,-107.97344627972052,-280.66666719690693,-282.66666986161,-190.9797311440161
901,36688.0,36899.736067705686,36684.652752839545,36674.61101266986,36771.487281548936,-384.0,-99.83737123110768,-385.67362069304727,-384.01747901564886,-183.64027122404877
902,36128.0,36806.000695064795,36128.00000462332,36141.35402275816,36592.021374402335,-528.0,-84.03227574929042,-501.50968606935567,-384.03496130163694,-156.26483842648668
903,35632.0,36731.671516207105,35681.633380700834,35906.54109006659,36458.95760469596,-72.0,-61.91682449334985,-91.00695571283359,-97.5423876582754,-91.71588947157215
904,35984.0,36682.167046078095,35945.98609319765,35946.26924744161,36408.58959545919,72.0,-35.57952281614416,66.19026647020655,20.862781095827813,-29.138529463816667
905,35776.0,36660.51247057482,35814.01391364125,35948.266652258244,36400.68054576833,80.0,-7.543537483801629,92.3699938224272,88.13073094575157,23.324977597560064
906,36144.0,36667.07997111049,36130.726080842505,36122.530709333114,36455.23955065431,232.0,19.569098787873372,216.0699662411862,163.52941174142688,70.12098241869535
907,36240.0,36699.65066815056,36246.15384612362,36275.3254757411,36540.92251060572,136.0,43.35881427446657,146.1969958992231,170.45750427853272,100.72908548169653
908,36416.0,36753.797599659425,36423.12007264095,36463.44571789018,36656.697721617704,248.0,61.93113553966032,239.24945390403082,211.84310109417493,127.81009709286445
909,36736.0,36823.512939229884,36724.65275393168,36699.01167792945,36796.54270479145,216.0,74.09482933786785,218.1135867671801,217.07179900399206,142.87211841332464
910,36848.0,36901.98725833516,36859.34724617531,36897.58931589816,36942.44195844435,320.0,79.4538566457486,324.91432778349554,316.3587924894091,150.6213515751151
911,37376.0,36982.42065252138,37374.48140949867,37331.729262908266,37097.78540794168,384.0,78.38617232023171,374.05760615341205,319.01808189262374,141.43271989441564
912,37616.0,37058.759602975624,37607.462458482136,37535.62547968341,37225.307398233184,192.0,71.9244639474382,190.29334139415005,163.70895661685063,107.98736020315846
913,37760.0,37126.26958041626,37755.06809228697,37659.14717614197,37313.760128347996,136.0,61.55475354359078,122.94609523971667,73.09528452954328,66.14073653221567
914,37888.0,37181.869110062806,37853.35464896157,37681.8160487425,37357.588871297616,-168.0,48.97752269716875,-157.12178001043503,-80.42310302822443,17.30818651449954
915,37424.0,37224.224625810595,37440.8245322661,37498.30097008552,37348.376501376995,-264.0,35.86009082131932,-246.22587387210297,-146.3645936142202,-12.993544851768092
916,37360.0,37253.589291705444,37360.90290121736,37389.08686151406,37331.60178159408,-64.0,23.62720420340338,-75.40712496191554,-94.67067781442893,-18.194630703215807
917,37296.0,37271.4790342174,37290.01028234227,37308.95961445666,37311.987239970564,-112.0,13.315784574548161,-100.84120716374309,-73.64743982907385,-18.81517962498401
918,37136.0,37280.22086085454,37159.22048688988,37241.79198185591,37293.97142234411,-24.0,5.508850167683704,-14.687361002997932,-14.271641672788974,-10.117246509249526
919,37248.0,37282.49673455277,37260.635560336275,37280.41633111108,37291.752746952065,200.0,0.3415942363681097,164.59287512775336,54.832514810706925,-0.031038044442539103
920,37536.0,37280.90404932728,37488.406237145384,37351.45701147732,37293.90934625523,-80.0,-2.415068854661513,-61.9774904936603,-21.23081389509389,-9.947933384079079
921,37088.0,37277.666596843446,37136.680579348955,37237.954703320895,37271.85688018391,-56.0,-3.240165814058855,-56.543408021956566,-38.524956495977676,-12.859622062122071
922,37424.0,37274.42371769916,37375.31942110147,37274.40709848537,37268.19010213098,-24.0,-2.746320318314247,-35.265275651014235,-38.344055592846416,-11.457272946376179
923,37040.0,37272.17395620682,37066.150028046926,37161.2665921352,37248.942334291154,-184.0,-1.5661610163297155,-147.91802990902215,-52.50721028256521,-8.800651125271543
924,37056.0,37271.2913956665,37079.483361283426,37169.39267792024,37250.58879988044,168.0,-0.25830421315549756,143.87792709050336,64.82242474515442,11.375905583310669
925,37376.0,37271.65734778051,37353.90588222793,37290.91144162551,37271.694145457775,168.0,0.7594982241935213,150.8241446473112,78.97448451802848,15.890052850219945
926,37392.0,37272.81039211489,37381.13165057805,37327.341646956294,37282.36890558088,-40.0,1.2251332341256784,-27.11597875964435,4.101028808934643,5.193205402152671
927,37296.0,37274.10761424876,37299.673924708644,37299.11349924338,37282.08055626208,-72.0,1.0405033688075491,-63.0881023262009,-26.671398091228184,-0.984321505697153
928,37248.0,37274.8913988525,37254.95544592565,37273.99885077384,37280.400262569485,0.0,0.25107800063778996,-9.941249154773686,-12.115223082622833,-0.06028056412105798
929,37296.0,37274.609770250034,37279.7914263991,37274.883053078134,37281.95999513384,-72.0,-0.9895088894954824,-56.20688753106879,-9.67427115663304,0.8577323210447503
930,37104.0,37272.91238107351,37142.54167086351,37254.65030846057,37282.115727211574,128.0,-2.4504981179161405,115.377855440649,55.092409612720076,9.061518438316853
931,37552.0,37269.7087740142,37510.547137280395,37385.067872303574,37300.08303201047,112.0,-3.8681014900867012,100.82189616016694,46.95149999478599,5.3714563994180935
932,37328.0,37265.17617809334,37344.18546318384,37348.553308450144,37292.85864001041,-112.0,-4.9904210589738796,-85.43435817731734,-26.237909628354828,-8.981459999537037
933,37328.0,37259.727931896254,37339.67842092576,37332.592053046865,37282.1201120114,80.0,-5.611699473756744,53.885062370736705,-13.665228879843198,-13.032522398443689
934,37488.0,37253.952779145824,37451.95558792532,37321.22285069046,37266.79359521352,-168.0,-5.605461742554326,-159.87545562762534,-94.75777701118204,-26.386837037200166
935,36992.0,37248.517008411145,37019.92750967051,37143.0764990245,37229.346437937,-224.0,-4.941120242638135,-200.45996764848678,-102.60810215370657,-25.579835379674478
936,37040.0,37244.07053866055,37051.03565262834,37116.006646383044,37215.633924454174,112.0,-3.6847427128341224,86.28640609955983,10.933470550065977,-4.930817260115873
937,37216.0,37241.14752298548,37192.50032186963,37164.94344012463,37219.484803416766,16.0,-1.9811923851266329,23.96627858944703,23.408513803904498,4.025119133431872
938,37072.0,37240.108153890294,37098.96820980724,37162.82367399085,37223.68416272104,32.0,-0.02495045317482436,41.308936973779055,43.292070861651155,11.783567440321349
939,37280.0,37241.09762207913,37275.11819581719,37251.527581847935,37243.05193829741,184.0,1.9708084836238413,151.7409650958798,74.46769878104897,17.520372491242597
940,37440.0,37244.04977085754,37402.450139999,37311.75907155295,37258.72490770352,-88.0,3.8080840957263717,-60.7424313354677,-3.8889745185078937,6.60921479128956
941,37104.0,37248.71379027058,37153.63333314625,37243.74963281092,37256.27036787999,8.0,5.3275612266261305,6.010385981968284,1.8653776634309907,5.15897857046366
942,37456.0,37254.704893310794,37414.47091196293,37315.48982687981,37269.04286484445,72.0,6.425526600494777,46.856687040148245,1.4851075088008656,3.424640206685581
943,37248.0,37261.56484347157,37247.34670722655,37246.71984782852,37263.11964829336,-208.0,7.053657341522921,-170.39066860363164,-69.41005513703567,-5.16723413642103
944,37040.0,37268.81220799384,37073.68957475567,37176.66971660574,37258.70839657161,0.0,7.217342070387531,-5.2092586925246,-1.715272919907875,6.5241681068255275
945,37248.0,37275.999527612345,37236.9281898415,37243.289301988705,37276.16798450701,120.0,6.976846336026938,107.87956429331098,64.26423637731932,18.867987160756456
946,37280.0,37282.765900665894,37289.44870334229,37305.19818936038,37296.44437089312,96.0,6.429160193965799,99.76403021224905,74.5079820518622,21.09860493076485
947,37440.0,37288.857848000276,37436.456250266,37392.30526609243,37318.36519436854,152.0,5.699769184575416,129.28879825367767,63.25970977826,15.839083193845
948,37584.0,37294.165439035045,37548.02629984965,37431.7176089169,37328.12253728081,-128.0,4.932908038041205,-106.66808885512364,-36.72885271707128,-3.036530223685986
949,37184.0,37298.72366407636,37223.12007255575,37318.84756065829,37312.29213392117,-104.0,4.265102246190509,-90.93622682812565,-45.44626792947747,-9.415796663586661
950,37376.0,37302.695643527426,37366.153846193396,37340.825073057946,37309.29094395364,128.0,3.803121326585824,93.80300460463695,4.390048928638862,-6.336642769845639
951,37440.0,37306.32990672953,37410.726081765024,37327.627658515565,37299.61884838148,-120.0,3.6012240838863363,-110.00190906926218,-69.38358528460594,-16.691153153089545
952,37136.0,37309.8980916952,37146.15002805487,37202.057902488734,37275.90863764746,-240.0,3.6462279427651083,-205.62135996978031,-92.54080478245669,-16.71477885164495
953,36960.0,37313.62236261506,36999.48336182546,37142.54604895065,37266.18929067819,128.0,3.8587186733821,103.49011375537884,31.761170937239513,5.590117564639513
954,37392.0,37317.61552904196,37353.13025556563,37265.58024436321,37287.08887277674,112.0,4.113854623406951,106.55820071084963,59.82431759416795,15.654025737385382
955,37184.0,37321.850071861874,37212.59976324716,37262.19468413899,37297.49734215296,-8.0,4.27357568439038,2.4683239173573384,35.71178184526798,16.08333648386906
956,37376.0,37326.16268041074,37358.066903400344,37337.00380805375,37319.255545744476,56.0,4.219000504894211,55.801657154886925,55.31102794163962,18.920980878745468
957,37296.0,37330.28807287166,37324.20307755694,37372.81674002227,37335.33930391045,144.0,3.880805613807752,131.94625553163496,74.22130197965089,18.05072336149169
958,37664.0,37333.92429163836,37621.959414463614,37485.44641201305,37355.35699246746,72.0,3.2565731340218917,62.75871563441979,23.352877997305768,4.585538180381263
959,37440.0,37336.80121913971,37449.720508825776,37419.52249601688,37344.51038027121,-136.0,2.4047500102788035,-123.636361508954,-76.16266798772995,-15.621093182686309
960,37392.0,37338.73379165892,37374.686691445706,37333.12107603759,37324.11480610209,-240.0,1.4171320622626808,-220.04356570331583,-115.84088196049561,-23.789833864018874
961,36960.0,37339.63548326423,37009.633377419144,37187.84073209589,37296.93071254317,-56.0,0.3905522195236699,-51.83364794724184,-31.359977893756877,-10.337557931754418
962,37280.0,37339.514896097964,37271.01939555122,37270.40112025008,37303.43969023858,248.0,-0.5974537821421109,209.87342245635227,77.76094827922134,7.6809622073342325
963,37456.0,37338.44057569995,37429.38022233185,37343.36262865433,37312.29263695784,24.0,-1.5068965163191024,25.261938439885853,16.64282273142453,1.6675785671541234
964,37328.0,37336.501103065326,37321.543272430994,37303.686765712926,37306.774847372886,-168.0,-2.3311105444772693,-140.12058774587058,-51.83248008494411,-6.579047216309846
965,37120.0,37333.77835461099,37149.13904684011,37239.69766848444,37299.13454252522,-32.0,-3.0809323716493964,-26.708991390343726,-4.140262986264133,1.316422278596292
966,37264.0,37330.33923832203,37268.12528965031,37295.4062397404,37309.40769193008,160.0,-3.765457972032891,139.6126910617204,71.41169112615535,12.543534001360968
967,37440.0,37326.24743866693,37428.36442896355,37382.52105073675,37324.221610527944,112.0,-4.36744672927307,102.06128413098486,58.375336364730174,9.024999124263559
968,37488.0,37321.60434486348,37472.247857912276,37412.15691246986,37327.457690178606,-48.0,-4.837793827300629,-34.87728148990209,-8.285682031961187,-4.791035840407858
969,37344.0,37316.571851012326,37358.609865983744,37365.94968667283,37314.63953884713,-40.0,-5.106659194443637,-40.588662009824475,-35.23238246061737,-14.286174389122607
970,37408.0,37311.391026474594,37391.07053389263,37341.69214754862,37298.88534140036,-40.0,-5.100821524174535,-52.18666262798433,-57.41146534989457,-21.20993037674998
971,37264.0,37306.37020796398,37254.236540727776,37251.12675597304,37272.21967809363,-216.0,-4.772591488708713,-185.65128952595478,-97.0020135890627,-26.254679402049078
972,36976.0,37301.845843497176,37019.76795484072,37147.6881203705,37246.37598259626,-16.0,-4.128247714950703,-15.628811683480308,-17.594575417297165,-12.324896367554175
973,37232.0,37298.113712534076,37222.978917360815,37215.937605138446,37247.56988535852,192.0,-3.2293587532039965,158.1055493241911,60.21828733717484,1.9723970301856752
974,37360.0,37295.38712599077,37335.9790534891,37268.12469504485,37250.320776656634,-16.0,-2.196537994321261,-7.104596426237549,6.249437428825331,-2.733069869056635
975,37200.0,37293.72063654543,37208.76972450834,37228.4364799961,37242.10374562041,-104.0,-1.192011603685387,-83.36070643906714,-25.469975050702487,-6.111843755206792
976,37152.0,37293.0031027834,37169.257640610966,37217.18474494344,37238.09708914622,56.0,-0.38542623438479495,46.776119157460926,21.340637419070845,0.2981979831238277
977,37312.0,37292.94978407666,37302.32196282326,37271.11775483424,37242.700141586654,96.0,0.07744426211138489,84.67413632859098,33.491887307911384,1.1380595197661023
978,37344.0,37293.15799130762,37338.60591326815,37284.168519559265,37240.37320818575,16.0,0.10005004830964026,9.31351678561623,-16.86497549534033,-7.5082729916102835
979,37344.0,37293.14988417328,37320.948996394494,37237.38780384356,37227.683595603434,-224.0,-0.35264650686076493,-203.56127568153534,-100.08681379393238,-18.505432802150608
980,36896.0,37292.4526982939,36931.48336190508,37083.9948919714,37203.36234258145,-160.0,-1.23970459179327,-141.39948418369022,-59.39546588644953,-8.953135892908904
981,37024.0,37290.670474989696,37038.150028027114,37118.59687207066,37209.777323817616,208.0,-2.4547925785118423,181.04362508418126,81.90041613458379,15.70384742704482
982,37312.0,37287.543113136875,37293.57061207344,37247.79572424057,37234.77003743554,168.0,-3.8409483485738747,159.64682558693312,97.09671429019,21.131215489705937
983,37360.0,37282.98857829255,37357.44367920098,37312.79030065104,37252.03975479703,48.0,-5.212032984221878,51.09146313243764,41.38972673599346,11.871705101333646
984,37408.0,37277.11904716843,37395.753538338315,37330.575177712555,37258.51344763821,-16.0,-6.375019210358005,-22.922449171088374,-20.927534082205966,-1.000634776908555
985,37328.0,37270.23853987183,37311.5987808588,37270.93523248663,37250.03848524321,-208.0,-7.154831215753802,-182.4179436377308,-88.17232898261864,-12.373038132835063
986,36992.0,37262.809384736924,37030.91765106285,37154.23051974732,37233.76737137254,-80.0,-7.416588482610678,-69.83578402945932,-35.589452865649946,-4.1827453020487155
987,37168.0,37255.40536290661,37171.927212799885,37199.75632675533,37241.67299463911,200.0,-7.086065578285343,160.6456257364407,61.4039703856688,11.589272998535307
988,37392.0,37248.63725358035,37352.208902535735,37277.038460518655,37256.94591736961,-40.0,-6.159407319344609,-18.673797585463035,19.801364022659982,8.52021859897286
989,37088.0,37243.08654826792,37134.57961762896,37239.35905480065,37258.71343183706,80.0,-4.700720218155766,75.07886146883538,38.00012168231842,10.303186059303698
990,37552.0,37239.23581314404,37502.366625473405,37353.03870388329,37277.552289488216,64.0,-2.8380969359568553,50.765444596159796,14.199001024288009,5.116472125569999
991,37216.0,37237.41035439601,37236.11050682128,37267.75705684922,37268.9463760882,-184.0,-0.749253978865454,-156.65895216124045,-59.40311860946167,-5.958594595609611
992,37184.0,37237.73730518631,37189.048721150924,37234.23246666437,37265.635100297,-24.0,1.3595936891360907,-21.818179915742803,-8.40835685266211,0.7704792236472713
993,37168.0,37240.12954177428,37192.47414698979,37250.9403431439,37270.48733453549,184.0,3.2828797441979987,156.65894965522602,58.178048051471706,9.976600965273974
994,37552.0,37244.30306467471,37502.36662046138,37350.58856276731,37285.588302227545,-8.0,4.837543125089724,-6.91018489693306,-1.057498992926412,1.780382803426619
995,37152.0,37249.80462802446,37178.65377719593,37248.825345158046,37274.04810014235,-184.0,5.8860330043316935,-152.6709854778128,-53.350545030243666,-5.437797078080621
996,37184.0,37256.07513068337,37197.02464950575,37243.887472706825,37274.71270807138,104.0,6.357900705894281,83.49411983859318,25.00586390218814,5.200243332605169
997,37360.0,37262.52042943625,37345.64201687311,37298.83707296242,37284.44858680756,96.0,6.255600055650575,76.82745173292278,24.36813673681172,5.958308076551475
998,37376.0,37268.58633079467,37350.6795529716,37292.62374618045,37286.62932422449,-184.0,5.648142707053921,-152.00431317550465,-47.90145369175298,-2.2877963718492538
999,36992.0,37273.816714850356,37041.6333905221,37203.034165578916,37279.87299406386,-24.0,4.658929351600818,-11.339781972255878,15.927502187929349,7.6373195425694576
1000,37328.0,37277.90418949787,37327.999989027085,37324.47875055631,37301.903963309625,328.0,3.4407852346630534,278.36661854412523,119.68396025554102,20.726167411248753
1001,37648.0,37280.69828531968,37598.366627610354,37442.40208609,37321.325328886356,-16.0,2.146102467802848,-1.8960792759353353,15.124378578690084,3.0876320210445556
1002,37296.0,37282.19639443348,37324.207830475214,37354.72750771369,37308.079227351715,-136.0,0.8980517230920668,-120.12367748655379,-58.310824519463495,-12.642140167052276
1003,37376.0,37282.49438876587,37358.11927263725,37325.78043705107,37296.04104855225,-48.0,-0.23068605899607064,-55.492194651724276,-54.05685213708057,-16.036126371851424
1004,37200.0,37281.735022315486,37213.223441171765,37246.613803439526,37276.00697460801,-80.0,-1.2181454028941516,-78.77862560665017,-55.859731891785486,-16.233725213842263
1005,37216.0,37280.05809796008,37200.562021423946,37214.0609732675,37263.57359812457,-104.0,-2.08298192307484,-89.85131262808136,-33.52234353827589,-10.054696577211871
1006,36992.0,37277.56905846934,37033.5208159156,37179.569116362974,37255.89758145359,136.0,-2.8596250089067325,125.87534157101982,59.292701276957814,5.518862401695515
1007,37488.0,37274.338847942265,37452.312704565986,37332.646375821416,37274.61132292796,168.0,-3.568698851267982,155.0429439789914,75.40044736914933,8.044307620770269
1008,37328.0,37270.4316607668,37343.606703873586,37330.37001110127,37271.98619669513,-40.0,-4.200620943465765,-30.672481324490946,-1.0913591695025389,-5.42581639807031
1009,37408.0,37265.93760605533,37390.967741917004,37330.46365748241,37263.75969013182,-24.0,-4.705521065126959,-37.80025237154405,-38.67452487766059,-15.438522056723741
1010,37280.0,37261.02061863655,37268.0061991305,37253.02096134595,37241.10915258168,-216.0,-5.003709200413141,-182.93054713402307,-90.93221546347922,-24.595079921051365
1011,36976.0,37255.93018765451,37025.10664764896,37148.59922655545,37214.569530289715,8.0,-5.013790514447464,3.588554176611069,-18.122121512777085,-14.611145777478669
1012,37296.0,37250.99303760765,37275.18330748372,37216.7767183204,37211.88686102672,184.0,-4.678546090432064,145.03832983998655,28.565850925144332,-6.888326211657841
1013,37344.0,37246.57309547364,37315.18330732893,37205.73092840574,37200.7928778664,-232.0,-3.987608719515265,-196.7749620503273,-80.18032571178992,-18.25433926700498
1014,36832.0,37243.01782016862,36881.633383383065,37056.41606689682,37175.378182492714,-72.0,-2.9938243738142774,-73.06777179684286,-37.106828060506814,-8.245786249044613
1015,37200.0,37240.585446726014,37169.047763735245,37131.51727228473,37184.30130536831,136.0,-1.8007153540092986,113.02946233487819,40.85984153026584,8.138188144006563
1016,37104.0,37239.4163894606,37107.69230805282,37138.13574995735,37191.65455878073,-72.0,-0.5356192469953385,-42.89391541830264,23.686352651300695,11.735981351455848
1017,37056.0,37239.51420823202,37083.25993289864,37178.88997758733,37207.77326807122,216.0,0.679451868225442,194.64404251014275,102.19921642364716,23.707372694054357
1018,37536.0,37240.77529319705,37496.98039307311,37342.534182804644,37239.069304168836,144.0,1.7482156270634732,135.84567236887597,66.91129661963714,16.449501306055026
1019,37344.0,37243.01063948615,37354.95127763639,37312.7125708266,37240.67227068333,-96.0,2.6191786593481083,-87.27272725475996,-45.46532656474301,-3.563419951336982
1020,37344.0,37246.01365051575,37322.43493856359,37251.60352967516,37231.94246426616,-224.0,3.2873620906684664,-208.4031889890175,-107.30727631386253,-14.332683203858323
1021,36896.0,37249.58536366749,36938.14489965836,37098.09801819888,37212.006904275615,-112.0,3.775197381484759,-105.50399787927381,-52.45650237683731,-4.135214776768407
1022,37120.0,37253.56404527872,37111.42694280504,37146.69052492148,37223.672034712625,144.0,4.116615276579978,130.41675717185717,61.937769183343335,16.848732172638847
1023,37184.0,37257.81859422065,37198.97841400207,37221.973556565565,37245.70436862089,176.0,4.343885194575705,162.44354120738353,94.26980992686731,25.11755233931399
1024,37472.0,37262.25181566787,37436.314025219806,37335.23014477522,37273.90713939125,64.0,4.484823361803137,58.90573731677068,44.8716605972586,18.298127739923075
1025,37312.0,37266.78824094425,37316.78988863561,37311.71687776008,37282.30062410074,-120.0,4.55838280568787,-95.57469340612806,-23.65482813509152,6.908515914521558
1026,37232.0,37271.36858127925,37245.16463840755,37287.920488505035,37287.724171220296,-8.0,4.5838135091617005,-5.802058190303796,4.16385499747048,8.209755680574744
1027,37296.0,37275.95586796258,37305.185772255005,37320.04458775502,37298.72013546189,128.0,4.5855519332653785,105.94999512248978,44.14639312750296,11.131971014685405
1028,37488.0,37280.53968514578,37457.06462865253,37376.21327476004,37309.98811324967,-8.0,4.593258840981434,-2.7980003398079134,0.2753243850347644,2.367383450262423
1029,37280.0,37285.14238564454,37299.58977157539,37320.59523652509,37303.45490236241,-64.0,4.625997245762846,-59.525999200181104,-35.32041997239867,-5.360465769132134
1030,37360.0,37289.7916796373,37338.01263025217,37305.57243481524,37299.2671817114,-80.0,4.680898323662404,-71.51399006236534,-42.23658430223077,-7.224361565444269
1031,37120.0,37294.504182291865,37156.56179145066,37236.12206792063,37289.006179231525,8.0,4.732375260122353,1.3581184517934162,-11.38933293430091,-1.810693518298649
1032,37376.0,37299.25643015755,37340.728867155754,37282.79376894664,37295.645794674805,16.0,4.7246302273379115,7.811411483875418,0.06858549933531322,2.6219051770203805
1033,37152.0,37303.95344274654,37172.18461441841,37236.2592389193,37294.249989585565,-96.0,4.582279308349825,-67.62118064532115,-4.404910567689512,5.716694390041084
1034,37184.0,37308.42098877425,37205.48650586511,37273.98394781126,37307.07918345489,184.0,4.2315193235372135,160.0744860145678,82.71668279759615,18.98315304206335
1035,37520.0,37312.416481393615,37492.333586447545,37401.692604514494,37332.21629566969,144.0,3.6268438968691044,129.17494757787063,68.55495896047432,15.747926998286857
1036,37472.0,37315.674676567985,37463.83640102085,37411.09386573221,37338.57503745146,-88.0,2.774142787031451,-69.31518032242457,-21.051805916176818,-0.31250634565367363
1037,37344.0,37317.96476696768,37353.703225802696,37359.58899268214,37331.591282978385,-56.0,1.741435936288326,-61.61704620468299,-43.7103767089975,-7.6041903241602995
1038,37360.0,37319.15754844056,37340.60230861149,37323.673112314216,37323.36665680314,-128.0,0.6588487860717578,-110.08937413374952,-54.07932421081932,-10.056293335084774
1039,37088.0,37319.28246453982,37133.5244775352,37251.4303442605,37311.478696308215,40.0,-0.30259731946716784,32.98624546699648,9.472404076532257,-0.7140256795137248
1040,37440.0,37318.55235380163,37406.57479954548,37342.61792046728,37321.93860544411,104.0,-0.9667578105036227,93.48263087038868,42.49653644042337,4.5568394081019505
1041,37296.0,37317.348948918814,37320.489739275974,37336.42341714135,37320.59237512442,40.0,-1.1899995196072268,36.363636110349034,14.017205244745128,-0.11661156347327051
1042,37520.0,37316.17235476241,37479.30207176618,37370.65233095677,37321.70538231717,-104.0,-0.8995230024956982,-91.56700310000087,-40.44492070619526,-8.801723691394727
1043,37088.0,37315.54990291382,37137.35573307597,37255.53357572896,37302.98892774163,-48.0,-0.11556400427070912,-48.27797888922578,-31.35196736333819,-7.9670081884542014
1044,37424.0,37315.94122675387,37382.74611398773,37307.948396230095,37305.77136594026,56.0,1.0447596811463882,39.120950850377994,-5.610981383812032,-3.128993504360551
1045,37200.0,37317.639422276116,37215.59763477673,37244.31161296133,37296.73094073291,-104.0,2.383615029786597,-89.16030532733566,-41.480976788097905,-4.2038781707051385
1046,37216.0,37320.708456813445,37204.425503333056,37224.9864426539,37297.36360959885,-80.0,3.6627485602475645,-69.04461477841687,-14.831948980485322,4.700849345885217
1047,37040.0,37324.96491939661,37077.508405219894,37214.64771500036,37306.13263942468,160.0,4.651845422617043,144.78029189215522,76.98512984664558,22.075661797061912
1048,37536.0,37330.01214765868,37493.986087117366,37378.95670234719,37341.51493319297,120.0,5.177332865448989,122.25275357843566,85.78733852041842,25.658040427944798
1049,37280.0,37335.31958512751,37322.013912376766,37386.2223920412,37357.44872028057,56.0,5.1565165404754225,59.133059154759394,60.37688571460967,19.80622310162289
1050,37648.0,37340.32518073963,37612.252205426885,37499.71047377641,37381.12737939622,112.0,4.608814973522385,90.46364817302674,39.34331862341787,10.33502808546109
1051,37504.0,37344.53721507455,37502.94120872282,37464.909029288036,37378.11877645149,-136.0,3.6450781022977026,-114.60495308998725,-54.34692984435969,-9.302664122154965
1052,37376.0,37347.615336944225,37383.04229924691,37391.01661408769,37362.52205115191,-80.0,2.4317859938455513,-84.68741324135772,-66.38410815650423,-16.27062274198397
1053,37344.0,37349.400787062244,37333.566382240104,37332.14081297503,37345.57753096752,-112.0,1.146480093961145,-101.64400580627262,-64.80539462514571,-16.865643636010645
1054,37152.0,37349.90829713215,37179.754287634365,37261.4058248374,37328.790763879886,-16.0,-0.04669525209101266,-15.04065643391732,-16.0320757189329,-7.947228893644933
1055,37312.0,37349.30739655806,37303.48506937227,37300.07666153716,37329.68307318023,96.0,-1.0280962438300776,81.15612859923567,32.709167468347005,1.7764629593621066
1056,37344.0,37347.85210464449,37342.06654483284,37326.82415977409,37332.34368979861,32.0,-1.741784110228764,28.914199624770845,18.159578123973915,2.077801108305721
1057,37376.0,37345.823828337605,37361.31346862181,37336.39581778511,37333.838675396844,-72.0,-2.1769400034572755,-54.18573310196007,-10.230433096425259,-0.613080631923367
1058,37200.0,37343.49822463757,37233.695078628916,37306.36329358124,37331.11752853476,48.0,-2.3539400827321515,40.85700315169743,23.149122586753947,3.8347295646562998
1059,37472.0,37341.11594817214,37443.027474925206,37382.69406295862,37341.50813452616,72.0,-2.3142846786831797,64.46977092230736,31.67780085668346,3.866012717702688
1060,37344.0,37338.86965528021,37362.63462047353,37369.71889529461,37338.84955397017,16.0,-2.1074020263949933,12.780247915969085,-0.11572001670356258,-2.9161028574781085
1061,37504.0,37336.90114411935,37468.587970757144,37382.46262292521,37335.6759288112,-72.0,-1.7809186453050643,-71.97260726178865,-48.02496090679415,-11.58982871840999
1062,37200.0,37335.3078179896,37218.689405949954,37273.66897348102,37315.66989653335,-184.0,-1.3857391407436808,-155.58572372631534,-71.95916270368252,-14.222537451183598
1063,37136.0,37334.12966583786,37157.41652330451,37238.544297517845,37307.23085390883,56.0,-0.9753283406389528,45.809733877147664,16.147472795750218,0.1225000709273445
1064,37312.0,37333.35716130832,37310.30887370425,37305.96391907252,37315.9148966752,168.0,-0.6055814621759055,144.4367189209661,64.40158109093318,8.87978760012993
1065,37472.0,37332.91850291351,37446.289961146445,37367.34745969971,37324.99042910909,8.0,-0.3350250478288217,7.430893174408993,9.057270477042039,1.7250538893458724
1066,37328.0,37332.68711121266,37325.17066005307,37324.078460026605,37319.365004453895,-168.0,-0.2066693213855615,-135.26600082802906,-45.229769659799786,-6.0571744325061445
1067,37136.0,37332.50516427074,37175.75795949039,37276.88792038011,37312.87608024408,112.0,-0.23850662750555784,88.59798077364394,23.253420543562243,2.354879802391224
1068,37552.0,37332.21009795765,37502.366621600355,37370.58530111373,37324.07476405868,8.0,-0.4178737152542453,8.260594248440611,2.990031290479237,-0.19757798247155733
1069,37152.0,37331.66941684023,37192.27914798727,37282.86798296107,37312.48092427914,-96.0,-0.7018026500190899,-77.731441697837,-22.28332667212453,-3.569793565580767
1070,37360.0,37330.80649265761,37346.90373820468,37326.01864776948,37316.935176927516,120.0,-1.0081021923942899,89.14328124079839,26.15998869314717,2.301011494753766
1071,37392.0,37329.65321245544,37370.565710468865,37335.187960347364,37317.082947268646,-112.0,-1.2398772721244313,-83.5094753914891,-19.23670724843032,-3.5980822954406904
1072,37136.0,37328.32673811336,37179.8847874217,37287.54523327262,37309.739012336635,80.0,-1.315589653866482,72.30879722917234,28.12988956155823,1.3430156848226034
1073,37552.0,37327.02203314771,37515.18330492721,37391.44773947048,37319.76897863829,136.0,-1.1721526460314635,107.6492589737536,23.626375933108648,-1.5815847664271132
1074,37408.0,37325.9824328213,37395.18330536921,37334.79798513884,37306.57584280378,-216.0,-0.7881851732927316,-190.5166384856857,-93.25076176222865,-18.264343694321724
1075,37120.0,37325.445662801125,37134.15002795584,37204.94621594602,37283.24029124965,-208.0,-0.19316968814382562,-183.84997186041437,-87.37866121979823,-15.173536991653236
1076,36992.0,37325.59609344501,37027.48336164838,37160.04066269924,37276.228768820474,112.0,0.5487917267419107,98.10044253212982,39.11477810283759,7.199916011850291
1077,37344.0,37326.54324625461,37330.3509130201,37283.1757721517,37297.64012327335,240.0,1.3569743302250572,207.27181587451923,92.722995528311,19.09336061654176
1078,37472.0,37328.31004210546,37442.02699339742,37345.48665375586,37314.41549005356,-48.0,2.1544973115815083,-38.1889526355626,-0.9457915179082192,8.896141282890312
1079,37248.0,37330.85224087777,37253.97300774897,37281.28418911588,37315.43240583913,-192.0,2.8938635292979598,-158.18894690357047,-47.5603700820393,4.388536077523895
1080,37088.0,37334.09776916406,37125.64909959028,37250.365913591784,37323.192562208606,72.0,3.5686654973869736,69.01347962556247,50.26468127179396,19.519784479907685
1081,37392.0,37337.989571872546,37391.9999670001,37381.81355165947,37354.471974798944,312.0,4.206068395396869,268.3587711090513,126.35441389742482,29.403011330286972
1082,37712.0,37342.50990595485,37662.36664180838,37503.074741386634,37381.99858486918,-24.0,4.845872031582985,-6.99303304222849,16.7985604204805,11.02653931369423
1083,37344.0,37347.68131593571,37378.01390091564,37415.41067250043,37376.52505342633,-104.0,5.511059836975619,-96.19027795374495,-51.9587326359906,-3.8472787715327286
1084,37504.0,37353.5320256288,37469.98608590089,37399.15727611465,37374.304027326114,-112.0,6.177657713313238,-112.59860272606966,-68.67475832844866,-8.705824733911868
1085,37120.0,37360.03663136234,37152.8166954635,37278.061155843534,37359.11340395851,-144.0,6.756563382194145,-118.58469590410459,-42.06554234935538,-3.2349531696781924
1086,37216.0,37367.04515239319,37232.81669409268,37315.02619141594,37367.83412098676,280.0,7.094879633757955,238.77495840514166,86.47813128038251,16.312423077586573
1087,37680.0,37374.226390629854,37630.366612273785,37451.0174184043,37391.73825011368,8.0,7.002528246350266,16.337871912517585,21.49993619050656,9.491041632609267
1088,37232.0,37381.05020888589,37265.49243791772,37358.026063796955,37386.816204251976,-168.0,6.2957675981815555,-139.05836644252122,-29.97832270887011,2.8187643508899782
1089,37344.0,37386.81792582622,37352.24987938874,37391.06077298656,37397.37577881546,152.0,4.847992305221851,128.006838414738,56.56509568288675,13.228363504258596
1090,37536.0,37390.746193496336,37521.50611474719,37471.15625516273,37413.27293126049,112.0,2.6357387379066495,96.78680909440664,47.673609757533995,9.760799008057802
1091,37568.0,37392.08940330203,37545.823497577556,37486.40799250163,37416.89737683158,-112.0,-0.23655048615546548,-86.56512928186203,-25.544266410284763,-3.930685587336484
1092,37312.0,37390.273092524025,37348.37585618347,37420.06772234216,37405.41156008582,-16.0,-3.5431456360893208,-15.568360476740054,-12.306408988391922,-6.815238741466601
1093,37536.0,37385.00311202985,37514.686776624076,37461.79517452484,37403.266899348644,88.0,-6.968869349340821,59.744803560992295,4.625039445105358,-8.781315769741923
1094,37488.0,37376.33535382534,37467.865463305454,37429.31780123237,37387.84892854634,-184.0,-10.156637950509321,-148.52671986215864,-61.818472676288366,-20.425524374993984
1095,37168.0,37364.68983612883,37217.63333689976,37338.158229172266,37362.415850598656,56.0,-12.7769661507009,41.250596755377046,-6.080457473970455,-15.712285417746898
1096,37600.0,37350.78142152394,37550.36665681621,37417.15688628443,37356.42435771084,40.0,-14.581486779377883,27.99887732436764,-12.422899745626637,-18.1702750022705
1097,37248.0,37335.52686257008,37273.631091548494,37313.31242968101,37326.075300594115,-152.0,-15.434986372893036,-134.29569644362346,-71.18824176290582,-26.44529208702079
1098,37296.0,37319.911448778155,37281.77526392896,37274.78040275862,37303.5337735368,-64.0,-15.335193328191963,-62.97950797470912,-49.14182554308354,-22.164838380474976
1099,37120.0,37304.85647591369,37147.672075599075,37215.028778594846,37281.745623833165,8.0,-14.393720153879258,4.257189665473561,-12.23723486635572,-13.700868511979934
1100,37312.0,37291.1240084704,37290.28964325991,37250.305933025906,37276.13203651284,48.0,-12.7987452693269,34.065783960373665,4.430120944020018,-7.4069854946792475
1101,37216.0,37279.25898537504,37215.80364351982,37223.889020482886,37266.93165284381,-96.0,-10.77482851032255,-75.4677821409714,-22.472402301584225,-6.653801026845031
1102,37120.0,37269.57435144975,37139.354078977965,37205.36112842274,37262.82443445915,16.0,-8.542797253827302,20.320830347969604,24.15267215122367,3.0340033383035916
1103,37248.0,37262.173390867385,37256.44530421576,37272.19436478533,37272.999659520414,184.0,-6.283243530506297,159.31774631661392,78.93041875526251,11.425208037282573
1104,37488.0,37257.00786438874,37457.98957161119,37363.22196593326,37285.67485053372,56.0,-4.116090437997627,51.49212545138289,28.638584114560217,2.5589335399854463
1105,37360.0,37253.94120999139,37359.42955511853,37329.47153301445,37278.117526600385,-120.0,-2.101013523461006,-101.41224090001197,-49.014666411585495,-11.651447603308043
1106,37248.0,37252.80583734182,37255.16508981117,37265.19263311009,37262.3719553271,-64.0,-0.24613097069959622,-68.43901625153376,-55.6825833493167,-15.026973506930517
1107,37232.0,37253.44894804999,37222.55152261546,37218.10636631582,37248.063579586524,-88.0,1.4744911469315412,-79.85595411839677,-54.03308363636461,-13.505196761252591
1108,37072.0,37255.75481963568,37095.453181574376,37157.12646583736,37235.361561804595,0.0,3.0993354991041997,-9.832433169201977,-18.416667559773487,-4.5339396916970145
1109,37232.0,37259.6476190482,37202.886656277056,37181.27303119627,37238.99570020313,-48.0,4.663300538355543,-38.13324391201968,-1.2169190429558512,3.983923408690316
1110,36976.0,37265.08142071239,37019.18669375034,37154.69262775145,37243.329408621976,48.0,6.185082016829256,62.55666934929832,62.76591043090593,17.700178849943768
1111,37328.0,37272.01778308186,37327.99999497565,37306.804852058085,37274.39605790302,384.0,7.647555220268259,337.58996059880155,141.51465033568093,28.386452176193416
1112,37744.0,37280.37653115293,37694.36661494794,37437.72192842281,37300.10231297436,-136.0,9.005140121193108,-111.18330689136565,-22.22195942387043,3.5113707200653153
1113,37056.0,37290.028063324244,37105.63338119292,37262.360933210344,37281.41879934315,-168.0,10.190994031458104,-164.70138269455128,-72.18052860729222,-7.412573664059892
1114,37408.0,37300.758519215844,37364.96384955884,37293.36087120823,37285.27716564624,64.0,11.118059497901413,38.567925048006146,-26.319626398002583,-2.277775414593634
1115,37184.0,37312.26418232005,37182.769231288934,37209.72168041434,37276.86324851396,-232.0,11.703917915205238,-188.34846182523688,-70.77835058671553,-3.770754706580192
1116,36944.0,37324.166355046254,36988.26692590836,37151.8041700348,37277.73565623308,104.0,11.892065610376449,93.71581963670542,45.98457463785235,17.559190530770138
1117,37392.0,37336.0483135408,37370.200870562345,37301.690829690044,37311.9816295755,232.0,11.662679619003029,206.05480199021258,104.7320745002653,30.24505482120003
1118,37408.0,37347.49171428426,37400.37652988879,37361.26831903533,37338.22576587548,-24.0,11.04595462175348,-7.941691229603748,36.211648862947186,22.75542459374992
1119,37344.0,37358.14022278431,37354.31748810314,37374.11412741594,37357.492478763,0.0,10.127694358234294,5.528398730031768,27.902872088583536,19.941336825671897
1120,37408.0,37367.74710300073,37411.43332734885,37417.074063212494,37378.108439526826,80.0,9.028450830399379,74.2824759899886,47.49696740280342,19.121382740166155
1121,37504.0,37376.197124445105,37502.882440083114,37469.108062221545,37395.73524424333,104.0,7.8815657344821375,85.86131314983868,34.58803011982309,12.213566928672662
1122,37616.0,37383.51023446969,37583.15595364853,37486.25012345214,37402.53557338417,-128.0,6.80715292189052,-108.4096475151855,-47.73287704333052,-3.872892189952836
1123,37248.0,37389.811430288886,37286.06314505274,37373.642308134884,37387.98945986343,-88.0,5.881989632642217,-82.3141540088327,-49.78666124981828,-7.54664052757289
1124,37440.0,37395.27421373498,37418.527645630864,37386.676800952504,37387.442292329026,40.0,5.124833725451026,25.10272873242866,-13.627106706124323,-3.175052917951689
1125,37328.0,37400.06109773979,37336.2686025176,37346.388094722635,37381.639354027524,-40.0,4.492364888803422,-40.9160305252517,-31.09465886855469,-3.120970600124565
1126,37360.0,37404.258943512585,37336.69558458036,37324.487483215395,37381.20035112878,-136.0,3.8872519883152563,-116.09509503542358,-39.65686989954338,0.6210146576922853
1127,37056.0,37407.83560171642,37104.078412446754,37267.07435492355,37382.88138334291,48.0,3.186723144390271,56.22016174901364,48.12404916992455,18.025101381277636
1128,37456.0,37410.632389801365,37449.13590807839,37420.735581555244,37417.25055389133,296.0,2.2739591890131123,262.291764374746,136.02901740932066,32.431698242988205
1129,37648.0,37412.383520094445,37628.661941196246,37539.13238974219,37447.744779828885,88.0,1.0661016419580847,82.83573909906409,63.96300305803743,20.48146492899832
1130,37632.0,37412.76459308528,37614.807386276516,37548.66158767132,37458.21348374933,-120.0,-0.46538835684623336,-99.81762353714657,-32.14000823520837,1.7793781079089968
1131,37408.0,37411.45274338075,37429.02669412195,37474.85237327177,37451.3035360447,-88.0,-2.285790586451185,-80.6472215447975,-40.38302776366254,-4.744770902390883
1132,37456.0,37408.19301191238,37453.51294318692,37467.89553214399,37448.72394194455,16.0,-4.308349389579234,12.050964999558346,-1.009075055782887,-2.943397002927668
1133,37440.0,37402.836044601594,37453.12862412107,37472.83422316021,37445.41674203885,80.0,-6.408079870368965,65.25880153949765,21.355802596317517,-3.0363628037594026
1134,37616.0,37395.37685217164,37584.030546265916,37510.60713733663,37442.65121633703,-40.0,-8.4426981830984,-28.94534652559014,-14.9235171552682,-11.432964884967078
1135,37360.0,37385.9506482354,37395.23793106989,37442.98718884967,37422.55081226891,-8.0,-10.277501403288625,-12.6029598465866,-26.126354062122118,-16.972863454666367
1136,37600.0,37374.821849365064,37558.82462657274,37458.354429212384,37408.705489427695,-32.0,-11.795994967404113,-49.61895593009467,-55.45554503109088,-23.410048369838478
1137,37296.0,37362.35865830059,37296.0000192097,37332.07609878749,37375.73071552924,-304.0,-12.903602035508811,-258.5956245649104,-108.24028103115052,-28.988238121990435
1138,36992.0,37349.014645294046,37041.63337744292,37241.87386715008,37350.729013183714,152.0,-13.533709707437083,129.23130667508667,34.73470193763205,-7.065251686341071
1139,37600.0,37335.291238885715,37554.46263255987,37401.54550266275,37361.600212156554,168.0,-13.64289594598813,152.81125423613776,60.444386844046676,-1.048790419332363
1140,37328.0,37321.72885340207,37347.2558859152,37362.76264083818,37348.63143234505,-144.0,-13.202763742519892,-110.92731706870472,-21.401541405492026,-11.937208194249251
1141,37312.0,37308.885711400675,37332.60799842246,37358.74241985177,37337.725795768056,120.0,-12.203922006923676,88.39210461958282,19.350988939480885,-9.619346788593248
1142,37568.0,37297.32100938822,37524.04009515436,37401.46461871714,37329.39273876786,-80.0,-10.662145987815165,-68.63037623006312,-40.54549177606168,-20.2634200618013
1143,37152.0,37287.561419425045,37195.34724596234,37277.651436299646,37297.19895564445,-72.0,-8.628775566958211,-71.69367064657854,-60.987464267673204,-24.93383534118402
1144,37424.0,37280.063458254306,37380.652753861206,37279.48969018179,37279.525068085495,-88.0,-6.2016142059910635,-92.44152897553431,-70.41690102695429,-24.897634154684056
1145,36976.0,37275.15819101306,37010.46418801127,37136.81763424574,37247.403687335085,-160.0,-3.5265988454048056,-136.8568196131746,-62.263238813186035,-18.551196383657953
1146,37104.0,37273.0102605635,37106.93911463486,37154.96321255542,37242.42267531818,128.0,-0.793747322884883,111.17049979785952,43.62718458739255,1.940121749004902
1147,37232.0,37273.57069636729,37232.80518760699,37224.07200342052,37251.283930833095,144.0,1.7843870387405332,129.89201100704668,65.14479257536732,9.825452056571521
1148,37392.0,37276.57903464098,37366.72313664895,37285.252797706155,37262.07357943132,8.0,4.002408055104752,7.5336322867369745,7.807193138709408,4.293327569790563
1149,37248.0,37281.5755124775,37247.87245218046,37239.68638969794,37259.870585972676,-136.0,5.6895188082780805,-119.48842356617752,-49.72321315924273,-1.6094641600102477
1150,37120.0,37287.958072257534,37127.746289516595,37185.80637138767,37258.8546511113,-96.0,6.74397340323776,-81.39471508089264,-20.976832616441243,5.926797694191919
1151,37056.0,37295.06345928398,37085.083022018676,37197.73272446506,37271.72418136106,152.0,7.147623376324191,141.87579308935892,82.792715309919,23.655739317808184
1152,37424.0,37302.25331901018,37411.49787569531,37351.39180200751,37306.16612974692,248.0,6.962350544228684,224.7802816592921,117.35497854619825,28.55025487320745
1153,37552.0,37308.988160372435,37534.64358533726,37432.442681557455,37328.824691107475,40.0,6.314357832859969,36.36363632824941,21.272220328683034,11.49979591592637
1154,37504.0,37314.8820346759,37484.22514835181,37393.93624266487,37329.16572157877,-248.0,5.363723748738266,-218.41743681732987,-93.53831756015279,-8.400683449763164
1155,37056.0,37319.71560786991,37097.8087117026,37245.36604643715,37312.02332420795,-112.0,4.265825118724024,-108.24813654527316,-53.887173009145044,-4.341231160422467
1156,37280.0,37323.41368491335,37267.728875261266,37286.16189664658,37320.483259257926,120.0,3.1394169038139808,108.56453986500128,43.87679853272857,10.484098012868344
1157,37296.0,37325.99444167754,37314.9377914326,37333.11964350261,37332.991520233685,160.0,2.0443550824529666,141.8978733343356,65.51756860732348,14.357836987448536
1158,37600.0,37327.502395078256,37551.52462192994,37417.19703386123,37349.19893323282,-48.0,0.9863612916087732,-40.57392968574277,-7.324092710758123,3.6673596607761283
1159,37200.0,37327.96716426076,37233.78993206112,37318.47145808109,37340.32623955524,-136.0,-0.06836568319704384,-114.00115973046195,-39.48984673959785,-1.8563816998248512
1160,37328.0,37327.36566371186,37323.52230246901,37338.217340382034,37345.48616983317,80.0,-1.1609085133059125,67.3438827529535,24.854552491957293,6.0342387695964135
1161,37360.0,37325.645347234145,37368.477697567025,37368.180563065005,37352.39471709443,104.0,-2.305613122360228,87.3438829331426,34.053504215477005,6.528283115982049
1162,37536.0,37322.75443746714,37498.2100683353,37406.32434881299,37358.54273606514,-88.0,-3.4703944383836642,-72.56121352943956,-26.694039845526277,-2.724844226042478
1163,37184.0,37318.70455835738,37223.355270508146,37314.79248337395,37346.945028642345,-72.0,-4.558636316778575,-64.73451931224918,-26.135623752055835,-3.450455990670889
1164,37392.0,37313.637164833584,37368.7410297108,37354.05310130888,37351.641824083796,32.0,-5.4165499196751625,29.090907756639353,20.287168589366047,2.678886645640887
1165,37248.0,37307.87145851803,37281.537086021424,37355.366820552685,37352.30280193363,144.0,-5.861465666814183,130.81279373504367,54.9971295201467,5.876117946510931
1166,37680.0,37301.914233499956,37630.36661718089,37464.04736034917,37363.39405997682,16.0,-5.716787915494933,14.905078144845902,0.7042199710740533,-4.739038957970479
1167,37280.0,37296.43788268704,37311.347242311116,37356.77526049483,37342.824724017686,-136.0,-4.852621569822077,-126.85693171245293,-68.8844696069209,-17.42809975824275
1168,37408.0,37292.20899036031,37376.65275375598,37326.27842113533,37328.53786046033,-104.0,-3.238284578968887,-104.59860694862073,-71.3576287918404,-18.259970534341846
1169,37072.0,37289.9613135291,37102.150028413875,37214.06000291115,37306.304782949,-136.0,-0.9642267687158892,-110.58469609932217,-41.18841676860029,-10.517838363877672
1170,37136.0,37290.28053682288,37155.48336155734,37243.90158759813,37307.50218373258,288.0,1.7585599605627067,248.10829090969855,83.79237848603952,9.772509970203828
1171,37648.0,37293.478433450226,37598.36661023327,37381.64475988323,37325.84980288941,-8.0,4.614720628011128,-1.463960645836778,4.565552226718864,2.240109301303164
1172,37120.0,37299.5099780789,37152.55544026566,37253.032692051565,37311.98240233518,-208.0,7.234488477799459,-184.21185813069678,-62.09572180588657,-4.268280437467183
1173,37232.0,37307.947410405824,37229.94289397188,37257.45331627146,37317.313242014476,88.0,9.26468400914382,67.10192356560947,17.147282355621428,9.596501780015387
1174,37296.0,37318.03934609719,37286.75928739688,37287.32725676281,37331.175405895214,0.0,10.43391200514452,10.612830409416347,25.53756887275813,15.620934175498405
1175,37232.0,37328.81523441611,37251.16855479071,37308.528454016974,37348.55511036547,56.0,10.604316100780125,60.25204134739761,59.4654242626566,23.207459988534538
1176,37408.0,37339.24797829875,37407.26337009168,37406.25810528812,37377.59032587228,168.0,9.797453286668315,152.41166575936222,96.85870391520439,27.51473180042376
1177,37568.0,37348.41014098945,37555.991886309435,37502.24586184738,37403.58457396632,88.0,8.185020340362826,88.68794776493814,63.110687482952926,17.773476792353904
1178,37584.0,37355.618018979476,37584.639265621554,37532.47948025403,37413.13727945699,40.0,6.042359412400401,31.84370741987732,4.473358533661667,1.0095694635165273
1179,37648.0,37360.49485981425,37619.67930114919,37511.192578914706,37405.60371289335,-168.0,3.679275571801554,-155.7950793908749,-89.69061188197156,-19.65338091896774
1180,37248.0,37362.97657012308,37273.049106839804,37353.098256490084,37373.830517619055,-184.0,1.3755243967898423,-172.15303944591506,-105.54519417958,-25.4816693933426
1181,37280.0,37363.24590860783,37275.37322225736,37300.102190555546,37354.64037410667,-8.0,-0.6727072324429173,-20.80977329565576,-42.94497065676478,-15.458124807057175
1182,37232.0,37361.63115565819,37231.42956024849,37267.208315176555,37342.91426800494,-64.0,-2.374370041954535,-46.79586076641863,-15.289717790714349,-6.180392701480741
1183,37152.0,37358.49716852392,37181.78150072452,37269.52275497412,37342.27958870371,128.0,-3.733621757772198,112.95315495970135,61.07581728462537,8.87930013395453
1184,37488.0,37354.16391214265,37457.335870167895,37389.359949745805,37360.67286827285,112.0,-4.815019250028854,108.54000942176935,70.51716964458683,12.026922982782708
1185,37376.0,37348.867130023864,37398.86151956806,37410.55709426329,37366.33343466927,56.0,-5.704061184009333,55.833247240483615,38.47569164913875,5.177238129886973
1186,37600.0,37342.75578977463,37569.00236464886,37466.31133304408,37371.027344532624,32.0,-6.476746593849384,15.152668325095874,-11.090094697174209,-6.754722910016426
1187,37440.0,37335.913636836165,37429.16685621825,37388.37690486894,37352.82398884924,-248.0,-7.175546770136862,-216.092835214964,-103.74597574066502,-22.562156240925106
1188,37104.0,37328.40469623436,37136.816694218935,37258.81938156275,37325.90303205077,-120.0,-7.8138477297034115,-106.17508302900751,-52.147832524817204,-15.82580519592375
1189,37200.0,37320.28594137676,37216.81669016024,37284.08123981931,37321.17237845739,248.0,-8.38889825588194,206.77496380832963,67.3024781662134,1.3279653294885065
1190,37600.0,37311.62689972259,37550.366621835594,37393.42433789518,37328.55896270975,24.0,-8.886268944224867,23.500646477936243,6.055267023461056,-6.185467612158391
1191,37248.0,37302.51340348831,37263.81798311611,37296.19177386623,37308.801443233075,-224.0,-9.290836515614501,-188.26784582936307,-73.13667709583387,-16.717447315018944
1192,37152.0,37293.04522669136,37173.83093017687,37247.15098370351,37295.12406807971,32.0,-9.579327205552545,19.167597945106536,-1.4652983109663182,-6.521171749373025
1193,37312.0,37283.3547490772,37302.15317900632,37293.2611772443,37295.75909973433,88.0,-9.712829853287985,79.08814386107042,36.74078216293492,-0.1770133586724114
1194,37328.0,37273.61956698479,37332.00721789901,37320.63254802938,37294.77004136237,56.0,-9.6301174262735,49.89012838770941,23.68764479977108,-2.650556303840858
1195,37424.0,37264.09451422466,37401.93343578174,37340.63646684384,37290.45798712665,-48.0,-9.249864486275328,-40.40660320855022,-21.677847763621685,-10.989154879389389
1196,37232.0,37255.11983801224,37251.19401148191,37277.27685250214,37272.79173160359,-56.0,-8.488911735050351,-54.76936689030117,-40.72118809062886,-15.626668942877586
1197,37312.0,37247.116690754556,37292.39470200114,37259.19409066258,37259.20464924089,-56.0,-7.284957475407282,-56.82579947504928,-44.485716508264886,-16.22684990065318
1198,37120.0,37240.54992306142,37137.54241253181,37188.30541948561,37240.33803180228,-80.0,-5.6235146874169,-67.14022681030474,-36.73596143416944,-12.849715848496999
1199,37152.0,37235.86966137972,37158.11424838053,37185.72216779424,37233.5052175439,64.0,-3.5600447015240206,51.14307775139241,14.277832205756567,-2.757553381186881
1200,37248.0,37233.429833658374,37239.828568034594,37216.86108389712,37234.82292503991,96.0,-2.439827721347683,81.71431965406373,31.138916102878284,1.3177074960112805
