distance,Raw,Median+Gaussian,Huber MRF lambda=0.1,Huber MRF lambda=1,Huber MRF lambda=10,derivative:Raw,derivative:Median+Gaussian,derivative:Huber MRF lambda=0.1,derivative:Huber MRF lambda=1,derivative:Huber MRF lambda=10
0,32864.0,33288.97729076275,32862.74213606296,32864.7930370198,33131.69560780015,-16.0,43.0027643360736,-12.578639370425662,0.7930370197937009,26.769560780012398
1,32848.0,33331.98005509882,32850.163496692534,32865.586074039595,33158.465168580165,0.0,63.988775231449836,-1.7611559077486163,9.586074039594678,42.29281920902213
2,32864.0,33416.95484122565,32859.21982424746,32883.96518509899,33216.2812462182,-24.0,104.87334030352213,-14.844551207766926,28.36170360889446,75.43013994894136
3,32800.0,33541.726735705866,32820.474394277,32922.30948125738,33309.32544847805,56.0,142.9243029943391,63.62654141451276,99.49903678708506,118.51047468375691
4,32976.0,33702.803447214326,32986.47290707649,33082.96325867316,33453.30219558571,280.0,176.75848980639785,268.4779826302474,214.1354067523498,167.8418568869456
5,33360.0,33895.24371531866,33357.430359537495,33350.58029476208,33645.00916225194,312.0,204.91802459134487,307.9943157001544,262.90718346997164,205.95742477882231
6,33600.0,34112.639496397016,33602.4615384768,33608.777625613104,33865.217045143356,256.0,226.03102685133126,257.33887132326345,262.5861436575724,233.46873514858453
7,33872.0,34347.305769021325,33872.10810218402,33875.75258207723,34111.94663254911,416.0,239.02478606667864,414.76923081682617,411.61123735699584,283.41462787971614
8,34432.0,34590.68906853037,34432.00000011045,34432.000100327095,34432.04630090279,752.0,243.32908981292712,751.9459488458597,750.1236382959323,530.3823046997968
9,35376.0,34833.96394864718,35375.99999987574,35375.99985866909,35172.7112419487,776.0,239.0318629609792,764.1417530527979,701.6086380779161,495.5324729958629
10,35984.0,35068.75279445233,35960.283506216045,35835.21737648293,35423.111246894514,312.0,226.9182971262817,308.9230769550668,290.5811959171515,222.3555672905386
11,36000.0,35287.80054289974,35993.846153785875,35957.162250503396,35617.42237652978,-24.0,208.3798989731331,2.793416499218438,100.52599927216579,175.18224846175508
12,35936.0,35485.5125923986,35965.87033921448,36036.26937502726,35773.475743818024,208.0,185.23476397396735,186.96967447005954,129.24181203748958,147.92715447914816
13,36416.0,35658.27007084768,36367.785502725994,36215.645874578375,35913.276685488076,96.0,159.4885104679779,95.24888417244802,79.19943684030295,114.66477594445314
14,36128.0,35804.489613334554,36156.36810755938,36194.668248707865,36002.80529570693,-96.0,133.0796796958639,-69.57685736971325,12.35649848342291,83.2688750041998
15,36224.0,35924.429430239405,36228.63178798657,36240.35887154522,36079.814435496475,120.0,107.65376010924228,95.42262036004104,53.87005860996578,69.79986156437008
16,36368.0,36019.79713355304,36347.21334827946,36302.4083659278,36142.40501883567,0.0,84.41938687117363,14.648301690205699,29.253677346474433,51.31083428097554
17,36224.0,36093.26820398175,36257.92839136698,36298.86622623817,36182.436104058426,96.0,64.10643245182291,80.35699992242007,33.89097342945752,37.95289042568038
18,36560.0,36148.009998456684,36507.9273481243,36370.19031278671,36218.31079968703,-64.0,46.99978571246902,-58.078770347547106,-23.580757058098243,18.790235612956167
19,36096.0,36187.26777540669,36141.770850671885,36251.70471212197,36220.01657528434,-104.0,33.026269068039255,-89.58777636662853,-40.633244603755884,7.906604361523932
20,36352.0,36214.06253659276,36328.75179539104,36288.9238235792,36234.12400841008,96.0,21.881579732857062,70.739921674387,5.681023246826953,8.213633546245546
21,36288.0,36231.030934872404,36283.25069402066,36263.06675861563,36236.44384237683,-80.0,13.163285886206722,-69.24763126707694,-38.32368565575962,-0.25797391440937645
22,36192.0,36240.389108365176,36190.25653285689,36212.27645226768,36233.60806058126,-120.0,6.4757711697529885,-101.71149687932484,-40.65208021410217,-0.7553787665056007
23,36048.0,36243.98247721191,36079.82770026201,36181.76259818742,36234.93308484382,48.0,1.505367675123125,48.70966871516066,36.36744501345311,10.671678504746524
24,36288.0,36243.39984371542,36287.67587028721,36285.01134229459,36254.95141759075,240.0,-1.9392268837000302,206.22752146126732,101.75441525445422,18.36590362647621
25,36528.0,36240.10402344451,36492.28274318454,36385.27142869633,36271.66489209677,16.0,-3.9430133041969384,26.02058882003621,28.89580074990954,3.896719110853155
26,36320.0,36235.51381710703,36339.71704792728,36342.802943794406,36262.74485581246,-64.0,-4.527040539323934,-53.98045562084735,-31.06701300471832,-11.782793493686768
27,36400.0,36231.04994236586,36384.32183194285,36323.137402686894,36248.0993051094,-16.0,-3.7149011859983148,-33.786056270186236,-58.09683976406086,-22.240585447591002
28,36288.0,36228.08401473503,36272.14493538691,36226.609264266284,36218.26368491728,-224.0,-1.6082730782363797,-201.4786232420629,-127.2235062874679,-33.3224359462547
29,35952.0,36227.83339620939,35981.36458545872,36068.69039011196,36181.45443321689,-136.0,1.5740291493275436,-133.93101901390764,-99.57367909835011,-25.33653003954896
30,36016.0,36231.23207303369,36004.282897359095,36027.461906069584,36167.59062483818,-32.0,5.487152220328426,-35.66720130414615,-35.49753100758244,-6.284277136797755
31,35888.0,36238.807700650046,35910.03018285043,35997.695328096794,36168.88587894329,8.0,9.671192903715564,15.898199743493024,25.081086075602798,15.339548052277678
32,36032.0,36250.57445884112,36036.07929684608,36077.62407822079,36198.269720942735,160.0,13.602361647514044,146.44559822605515,102.74078923439447,37.69732804657906
33,36208.0,36266.012423945074,36202.92137930254,36203.17690656558,36244.28053503645,136.0,16.78509307411514,141.448978969147,123.14128162758425,47.824840845540166
34,36304.0,36284.14464498935,36318.977254784375,36323.90664147596,36293.919402633815,208.0,18.833464107749023,190.94214940369056,130.68305564835828,49.13483772905238
35,36624.0,36303.67935216057,36584.80567810992,36464.5430178623,36342.550210494555,72.0,19.522075815435528,69.8568138751616,60.907885317486944,34.55831838546874
36,36448.0,36323.18879662022,36458.6908825347,36445.72241211093,36363.03603940475,-88.0,18.809297129060724,-72.66038290174401,-19.95939969590472,16.237630880434153
37,36448.0,36341.297946418694,36439.484912306434,36424.62421847049,36375.025472255424,-64.0,16.832126240526122,-61.78140869609706,-32.78608440519383,8.340706463441165
38,36320.0,36356.85304910127,36335.128065142504,36380.150243300544,36379.717452331635,-32.0,13.872044363830355,-28.716521451420704,-14.398853519676777,7.677852692795568
39,36384.0,36369.042035146354,36382.05186940359,36395.826511431136,36390.381177641015,40.0,10.307717462841538,37.18315127905953,21.5895238461635,10.982784191430255
40,36400.0,36377.468484026955,36409.49436770062,36423.32929099287,36401.683020714496,88.0,6.558463687011681,74.91433680013506,39.16742505816728,11.38599410920142
41,36560.0,36382.15896252038,36531.88054300386,36474.16136154747,36413.15316585942,-32.0,3.0367876390373567,-18.211109677449713,7.912751328334707,4.127803437899274
42,36336.0,36383.54205930503,36373.072148345724,36439.15479364954,36409.938627590294,24.0,0.10875565957394429,26.55234707049749,16.570828926840477,0.48239311038923915
43,36608.0,36382.376473839526,36584.98523714486,36507.30301940115,36414.117952080196,128.0,-1.9402693868287315,96.83927452340504,17.799735452183086,-5.514777906089876
44,36592.0,36379.66152053137,36566.750697392534,36474.75426455391,36398.909071778115,-208.0,-2.927696713250043,-178.32949117573298,-91.17162257029122,-24.863426713174704
45,36192.0,36376.521080413026,36228.32625479339,36324.95977426057,36364.39109865385,-128.0,-2.7968092670707847,-122.94473024610488,-83.31460316304947,-25.89841819157664
46,36336.0,36374.06790199723,36320.861236900324,36308.12505822781,36347.11223539496,40.0,-1.6214903933432652,16.841166608537605,-30.772186918860825,-16.72325148914024
47,36272.0,36373.27809962634,36262.00858801047,36263.41540042285,36330.944595675566,-136.0,0.4038228232675465,-108.80970883751797,-49.001957593536645,-13.220409935613134
48,36064.0,36374.875547643765,36103.24181922529,36210.121143040735,36320.671415523735,40.0,2.986972857390356,37.44232734124307,19.76631413825453,2.5603906243559322
49,36352.0,36379.25204534112,36336.89324269295,36302.94802869936,36336.06537692428,192.0,5.7769104447361315,158.11763693242028,68.30090000830387,14.597230246756226
50,36448.0,36386.42936853324,36419.47709309013,36346.72294305734,36349.86587601725,-80.0,8.409174741344032,-60.030684152196045,-6.863614113342919,8.893792893832142
51,36192.0,36396.07039482381,36216.83187438856,36289.22080047267,36353.85296271194,-104.0,10.559542528651946,-78.485846758751,-8.891742348332627,12.07973483029491
52,36240.0,36407.54845359054,36262.50539957263,36328.93945836068,36374.02534567784,192.0,11.98268598314462,163.18661267210337,84.18838706833776,26.87365024978135
53,36576.0,36420.0357667901,36543.20509973277,36457.597574609346,36407.600263211505,120.0,12.535044455318712,111.73910919906848,69.45690355334591,25.154930694247014
54,36480.0,36432.61854250118,36485.98361797076,36467.85326546737,36424.33520706633,-40.0,12.1859636291083,-27.303391908200865,4.182323591707245,13.951704208142473
55,36496.0,36444.407694048314,36488.598315916366,36465.96222179276,36435.50367162779,-32.0,11.007112942883396,-34.393722472574154,-16.909932778227812,8.14364814284636
56,36416.0,36454.632768386946,36417.196173025615,36434.03339991091,36440.622503352024,-80.0,9.1607835645882,-65.42127776266352,-22.912121926390682,6.349956891834154
57,36336.0,36462.72926117749,36357.75576039104,36420.13797793998,36448.20358541146,56.0,6.877814294890413,49.33838932063372,28.173566999059403,13.191261330011912
58,36528.0,36468.38839697673,36515.87295166688,36490.38053390903,36467.00502601205,112.0,4.430014273602865,97.48194961027548,51.432822923565254,15.75169190118686
59,36560.0,36471.589289724696,36552.71965961159,36523.00362378711,36479.70696921383,-8.0,2.1094071562874888,0.44500600266837864,14.12490177163636,8.687291662477946
60,36512.0,36472.6072112893,36516.76296367222,36518.630337452305,36484.379609337004,-16.0,0.20067947722418467,-12.141877578291314,-1.0581176086525375,3.291620590021921
61,36528.0,36471.990648679144,36528.43590445501,36520.887388569805,36486.290210393876,24.0,-1.0550721288527711,13.852463057824934,-1.299254597601248,-0.17488842343300348
62,36560.0,36470.497067031596,36544.46788978787,36516.0318282571,36484.02983249014,-80.0,-1.4882537630401202,-61.62856572781311,-26.83964618414393,-6.058886279231956
63,36368.0,36469.014141153064,36405.17877299938,36467.20809620152,36474.17243783541,64.0,-1.0261174230799952,46.60474820843592,0.7803160451658187,-4.5487727629588335
64,36688.0,36468.444832185436,36637.67738620474,36517.592460347434,36474.93228696422,-32.0,0.2838316794295679,-37.24849851321051,-34.81940568036225,-9.893536522977229
65,36304.0,36469.58180451192,36330.68177597296,36397.56928484079,36454.38536478946,-184.0,2.2676621156824694,-155.45268762471824,-73.23853308624894,-13.027653935288981
66,36320.0,36472.9801564168,36326.772010955305,36371.115394174936,36448.87697909364,48.0,4.651706101274613,29.950289758849976,-0.8961935783881927,0.9354632588656386
67,36400.0,36478.88521671447,36390.58235549066,36395.776897684016,36456.25629130719,8.0,7.096830362974288,16.722121988641447,22.549952351084357,10.192126778903912
68,36336.0,36487.17381714275,36360.21625493259,36416.215298877105,36469.26123265145,96.0,9.245752493461623,90.7151741048765,60.54605063164854,19.66800297683585
69,36592.0,36497.376721701396,36572.01270370041,36516.86899894731,36495.59229726086,128.0,10.786302117903688,111.85996726991289,63.08819954385763,21.510679472456104
70,36592.0,36508.74642137856,36583.93618947241,36542.39169796482,36512.28259159636,-32.0,11.491081142157782,-28.395566865954606,0.7185479999243398,12.704423915314692
71,36528.0,36520.35888398571,36515.221569968504,36518.30609494716,36521.00114509149,-160.0,11.252432421177218,-132.60676966138635,-28.93255554408097,8.368610749705113
72,36272.0,36531.25128622091,36318.72265014964,36484.52658687666,36529.01981309577,160.0,10.09824824169118,149.5195027290065,72.48378536782184,20.869658659074048
73,36848.0,36540.55538046909,36814.26057542652,36663.273665682806,36562.74046240964,248.0,8.177169106314977,214.43563060981614,86.38391164755012,19.457672434342385
74,36768.0,36547.60562443354,36747.59391136927,36657.29441017176,36567.93515796446,-232.0,5.731218762026401,-192.57960991864093,-61.332050425171474,-4.8085465469557676
75,36384.0,36552.017817993146,36429.101355589235,36540.60956483246,36553.12336931573,-72.0,3.063753741018445,-69.1032751260791,-38.38006292306454,-6.355620182941493
76,36624.0,36553.73313191558,36609.387361117115,36580.53428432563,36555.223917598574,144.0,0.49839394411901594,107.22281111343545,18.191861655981484,-1.338255837228644
77,36672.0,36553.014605881384,36643.546977816106,36576.993288144426,36550.44685764127,-136.0,-1.6601844698052446,-108.1054942204828,-51.04435210898737,-10.854717075239023
78,36352.0,36550.41276297597,36393.17637267615,36478.445580107655,36533.514483448096,-40.0,-3.155897190052201,-44.48874175922174,-35.32491798294723,-7.85665002076712
79,36592.0,36546.70281150128,36554.56949429766,36506.34345217853,36534.733557599735,-24.0,-3.8095259890287707,-25.75940689019626,-14.930401839861588,-1.6442479683755664
80,36304.0,36542.79371099791,36341.65755889576,36448.58477642793,36530.225987511345,-48.0,-3.538708921565558,-24.62414092313702,14.5337124633661,6.803729287177703
81,36496.0,36539.62539365815,36505.32121245139,36535.41087710526,36548.34101617409,240.0,-2.3652884808107046,210.26971581258476,106.53153922996717,20.73207947145056
82,36784.0,36538.06313403629,36762.196990520926,36661.647854887866,36571.690146454246,168.0,-0.41573372624770855,147.8607306741833,65.0609052265354,12.73363760286884
83,36832.0,36538.79392620565,36801.042673799755,36665.532687558334,36573.80829137983,-200.0,2.0878461501379206,-175.50295222413843,-79.34882355036825,-10.791440505425271
84,36384.0,36542.238826336565,36411.19108607265,36502.95020778713,36550.107265443396,-208.0,4.852897824275715,-194.33415286209492,-103.10737587763651,-15.395662664264819
85,36416.0,36548.499721854205,36412.374368075565,36459.31793580306,36543.0169660513,-16.0,7.5491471258574165,-16.944877619247563,-21.97330408254129,-0.7394510895319399
86,36352.0,36557.33712058828,36377.301330834154,36459.00359962205,36548.62836326433,96.0,9.849768886939273,91.43361692936378,53.187463630009006,15.4428153762492
87,36608.0,36568.19925962808,36595.24160193429,36565.69286306308,36573.9025968038,176.0,11.47264792626811,154.14828077161656,85.53569497256831,23.56936337965817
88,36704.0,36580.282416440816,36685.59789237739,36630.07498956718,36595.76709002365,-16.0,12.214102753561747,-1.6542476699578401,27.419621287699556,16.452847721033322
89,36576.0,36592.62746513521,36591.93310659438,36620.53210563848,36606.80829224586,-24.0,11.97293027960768,-13.999252811125189,12.72316889053036,12.58161683450453
90,36656.0,36604.22827700003,36657.59938675514,36655.521327348244,36620.93032369266,88.0,10.75284004029163,73.66321393643739,34.749885383891524,12.368547631431284
91,36752.0,36614.13314521579,36739.25953446725,36690.03187640626,36631.545387508726,24.0,8.65530028595822,17.957820048355643,3.5264872611442115,4.5923331915000745
92,36704.0,36621.53887757195,36693.51502685185,36662.57430187053,36630.11499007566,-112.0,5.862676911103335,-98.1693733561442,-48.17042360045889,-5.124647929282219
93,36528.0,36625.858499038,36542.92078775496,36593.69102920534,36621.29609165016,-88.0,2.614186626418814,-75.99030032208611,-36.03775806251724,-4.154093842986185
94,36528.0,36626.767250824785,36541.534426207676,36590.4987857455,36621.806802389685,80.0,-0.8197565353875689,66.28576949107446,28.057149412903527,5.2010508590065
95,36688.0,36624.21898596722,36675.49232673711,36649.80532803115,36631.698193368175,80.0,-4.153325248313195,71.41953421497965,40.20920630122782,7.076300646895106
96,36688.0,36618.46060032816,36684.373494637635,36670.917198347954,36635.959403683475,-24.0,-7.100896371419367,-9.251358911282296,12.570469490779942,1.6591804994786798
97,36640.0,36610.01719322438,36656.98960891455,36674.94626701271,36635.01655436713,72.0,-9.403742872218572,57.564158849650994,21.502202171112003,-1.1920215979880595
98,36832.0,36599.65311458372,36799.50181233694,36713.92160269018,36633.5753604875,-16.0,-10.850561735165684,-19.978734892945795,-20.063862977443932,-11.362425855255424
99,36608.0,36588.31606975405,36617.032139128656,36634.81854105782,36612.29170265662,-168.0,-11.298701724132115,-137.30897756500053,-65.69379110344016,-21.06907269805015
100,36496.0,36577.05571113546,36524.883857206936,36582.5340204833,36591.4372150914,80.0,-10.698535769624868,52.27100411295032,-9.017510332880192,-16.082626810650254
101,36768.0,36566.9189982148,36721.57414735456,36616.78352039206,36580.12644903532,-32.0,-9.10529816442795,-35.438973079602874,-41.35873989520405,-20.704443604314292
102,36432.0,36558.8451148066,36454.00591104773,36499.81654069289,36550.02832788277,-184.0,-6.6764425466208195,-157.53868106818118,-83.05870935272469,-24.196704758411215
103,36400.0,36553.56611312156,36406.496785218194,36450.66610168661,36531.7330395185,-8.0,-3.650101213133894,-15.025199738585798,-23.81738816297002,-11.70863638834635
104,36416.0,36551.544912380334,36423.95551157056,36452.18176436695,36526.61105510608,72.0,-0.3028700992326776,57.23628420517707,19.606544863814634,0.408568342882063
105,36544.0,36552.960372923095,36520.96935362855,36489.87919141424,36532.55017620426,-32.0,3.0953998094082635,-18.139389799256605,10.637022754410282,5.366629908399773
106,36352.0,36557.73571199915,36387.676731972046,36473.45580987577,36537.34431492288,40.0,6.324488053116511,45.09103820371456,44.30452339941621,14.06135446476037
107,36624.0,36565.60934902933,36611.15143003598,36578.488238213075,36560.67288513378,184.0,9.24125240374633,159.23184824380223,82.27654744383835,20.162214467589365
108,36720.0,36576.21821680664,36706.14042845965,36638.00890476345,36577.668743858056,24.0,11.785039477730606,25.691140721904958,18.52511893209885,9.87929591718057
109,36672.0,36589.17942798479,36662.53371147979,36615.53847607727,36580.431476968144,-96.0,13.952479884694185,-90.93815958094638,-50.70119064753817,-1.8156930415061652
110,36528.0,36604.12317657603,36524.26410929776,36536.60652346837,36574.03735777504,-184.0,15.766389081261877,-156.9490556932251,-74.62869087472063,-4.092251304347883
111,36304.0,36620.71220614731,36348.63560009334,36466.28109432783,36572.24697435945,72.0,17.241144432315195,52.46606146653721,10.815118023376272,11.621965302376339
112,36672.0,36638.60546544066,36629.19623223083,36558.23675951512,36597.281288379796,72.0,18.349182541514892,61.62522308737607,35.07404494485672,21.298378439340013
113,36448.0,36657.41057123034,36471.88604626809,36536.429184217544,36614.84373123813,-64.0,19.02259905387473,-37.879954622272635,22.4070168111939,25.904629420238052
114,36544.0,36676.65066354841,36553.43632298629,36603.05079313751,36649.09054722027,136.0,19.164623301614483,128.7318916496297,96.1470054887177,39.50134334315953
115,36720.0,36695.73981783357,36729.34982956735,36728.72319519498,36693.84641792445,248.0,18.679486113098392,222.66265441780706,130.0339996549592,43.44819160039333
116,37040.0,36714.00963577461,36998.7616318219,36863.11879244743,36735.98693042106,72.0,17.510250878909574,63.21996136405869,45.95499347616715,26.939859017667914
117,36864.0,36730.76031959139,36855.789752295466,36820.633182147314,36747.72613595978,-224.0,15.663969411649305,-184.02311804910642,-64.16901922645775,5.925512336711108
118,36592.0,36745.33757459791,36630.71539572369,36734.78075399451,36747.83795509448,-32.0,13.222191595144977,-31.497377953328396,-14.462051155540394,7.903716889424686
119,36800.0,36757.20470278168,36792.79499638881,36791.70907983623,36763.53356973863,144.0,10.333270923470991,126.05458260918385,52.78286575983293,13.872293131080369
120,36880.0,36766.00411644485,36882.824560942056,36840.34648551418,36775.58254135664,120.0,7.193503084174154,104.15236926352372,28.810648435035546,6.828098685840814
121,37040.0,36771.59170895003,37001.09973491586,36849.330376706304,36777.189767110314,-240.0,4.017579381164978,-214.33954068361345,-86.35092045472265,-11.533285890807747
122,36400.0,36774.03927520718,36454.14547957483,36667.644644604734,36752.515969575026,-144.0,1.0133233858286985,-127.74952537365607,-47.86340979920351,-7.047999056539993
123,36752.0,36773.61835572169,36745.600684168545,36753.6035571079,36763.093768997234,296.0,-1.6344427877411363,249.09468257989647,86.76069105711576,11.132487872073398
124,36992.0,36770.770389631696,36952.33484473462,36841.166026718965,36774.78094531917,0.0,-3.771067376874271,8.408384239162842,12.145482970543526,0.8262235878937645
125,36752.0,36766.07622096794,36762.41745264687,36777.894523048984,36764.74621617302,-168.0,-5.274522938558221,-137.83012885340577,-50.32424214548519,-9.397418337499403
126,36656.0,36760.22134375458,36676.67458702781,36740.517542427995,36755.986108644174,24.0,-6.060603498153796,17.63006951999705,4.881790593011829,-3.7608020966399636
127,36800.0,36753.95501397163,36797.677591686865,36787.65810423501,36757.22461197974,128.0,-6.083745040850772,109.3909630933922,40.969613924513396,-0.900266065440519
128,36912.0,36748.05385367288,36895.456513214594,36822.45677027702,36754.18557651329,24.0,-5.345549945384846,15.061487600702094,-9.97294881947164,-10.929756640787673
129,36848.0,36743.26391408086,36827.80056688827,36767.712206596065,36735.36509869817,-192.0,-3.911728313196363,-168.6531118849889,-94.88846038292832,-24.45222288021614
130,36528.0,36740.230397046485,36558.15028944462,36632.679849511165,36705.28113075286,-120.0,-1.9201977558695944,-118.89883022056893,-82.6924323293133,-21.219911407664767
131,36608.0,36739.42351856912,36590.00290644713,36602.32734193744,36692.92527588284,-64.0,0.4293138655120856,-58.13285076181273,-33.188836605007964,-8.109591075881326
132,36400.0,36741.08902477751,36441.88458792099,36566.30217630115,36689.0619486011,96.0,2.892897063127748,91.18225903540224,47.125922514285776,10.589770148315438
133,36800.0,36745.20931269538,36772.367424517935,36696.57918696601,36714.10481617947,192.0,5.212606002038228,162.4423212300535,78.56660414786893,20.748108387346292
134,36784.0,36751.514236781586,36766.7692303811,36723.43538459689,36730.55816537579,-128.0,7.167419271685503,-91.75204223136097,-3.4261100706862635,13.781257465110684
135,36544.0,36759.54415123875,36588.86334005521,36689.72696682464,36741.66733110969,64.0,8.610822532842576,54.5049262439461,39.15506564007592,20.992532289379596
136,36912.0,36768.73588184727,36875.77908286899,36801.74551587704,36772.54322995455,112.0,9.492223166576878,97.71704086496538,56.891306990917656,23.903060342592653
137,36768.0,36778.5285975719,36784.297421785144,36803.50958080647,36789.473451794875,-24.0,9.85583939055141,-9.994552158132137,19.518855332669773,18.003894430068613
138,36864.0,36788.447560628374,36855.789978552726,36840.78322654238,36808.55101881469,32.0,9.826236749475356,30.442449531226885,25.665259007091663,16.305117960542702
139,36832.0,36798.18107107085,36845.1823208476,36854.840098820656,36822.08368771596,64.0,9.571444574638008,55.30394653286203,25.476921688605216,13.036853287074337
140,36992.0,36807.59044977765,36966.39787161845,36891.73706991959,36834.624725388836,0.0,9.250746041787352,-6.795091136918927,-13.234493941268738,4.672273942316679
141,36832.0,36816.68256315443,36831.59213857376,36828.37111093812,36831.42823560059,-160.0,8.979614300496905,-136.84504017589643,-65.18040351240779,-3.225078008210403
142,36672.0,36825.549678378644,36692.70779126666,36761.37626289477,36828.174569372415,-32.0,8.806701355297264,-35.3453909737982,-22.306716595961916,4.555062240440748
143,36768.0,36834.29596586502,36760.901356626164,36783.757677746195,36840.538360081475,32.0,8.71251955158732,32.700348490310716,30.260253724518407,15.990708713132335
144,36736.0,36842.97471748182,36758.10848824728,36821.89677034381,36860.15598679868,104.0,8.618879678382655,107.74957285749042,81.08747776951714,25.825426057141158
145,36976.0,36851.53372522179,36976.400502341145,36945.93263328523,36892.18921219576,256.0,8.419612354817218,220.2945257995707,109.002179584033,27.842686006861186
146,37248.0,36859.81394219145,37198.69753984642,37039.901129511876,36915.8413588124,-80.0,8.015311339480832,-62.672461673828366,-10.080939017410856,7.044214557270607
147,36816.0,36867.56434790075,36851.05557899349,36925.77075525041,36906.2776413103,-152.0,7.335537466115056,-133.90686747427026,-59.24499663626557,-5.04983543659182
148,36944.0,36874.48501712368,36930.88380489788,36921.411136239345,36905.74168793922,32.0,6.35445372077811,14.247250393800641,-15.654050891393126,-2.44886897411925
149,36880.0,36880.273255342305,36879.55007978109,36894.46265346762,36901.37990336206,-72.0,5.095151083562087,-53.583326211359235,-19.71715603791381,-3.29278940905715
150,36800.0,36884.67531929081,36823.71715247516,36881.97682416352,36899.156109121104,72.0,3.622031360722758,62.75283506987034,28.502582777658972,2.734011215103237
151,37024.0,36887.51731806375,37005.05574992083,36951.46781902294,36906.847925792266,104.0,2.0242236395679356,86.617347049807,33.22490437089073,1.8342129607735842
152,37008.0,36888.72376656994,36996.951846574775,36948.4266329053,36902.82453504265,-72.0,0.4077031221713696,-63.344670472193684,-32.82786966499043,-9.282163997482712
153,36880.0,36888.33272430809,36878.36640897644,36885.81207969296,36888.2835977973,-152.0,-1.1168350220068533,-126.75339271613848,-59.70851336586202,-14.126757355483278
154,36704.0,36886.49009652593,36743.4450611425,36829.009606173575,36874.571020331685,88.0,-2.447914763855806,62.303957878568326,5.702329567400739,-5.18402644903108
155,37056.0,36883.43689478038,37002.97432473358,36897.21673882776,36877.91554489924,-32.0,-3.49343830372527,-26.24710936334668,-11.184497931935766,-5.559698187487811
156,36640.0,36879.50321991848,36690.950842415805,36806.6406103097,36863.45162395671,-48.0,-4.178611736544553,-36.62127361642706,-7.255823363200761,-3.291339744690049
157,36960.0,36875.07967130729,36929.731777500725,36882.70509210136,36871.33286540986,104.0,-4.4517557199069415,87.43982258855976,37.417027842329844,3.4478847236387082
158,36848.0,36870.599708478665,36865.830487592924,36881.47466599436,36870.34739340399,24.0,-4.284034671469271,25.251148056802776,15.506906890183018,0.13189766433060868
159,37008.0,36866.511601964354,36980.23407361433,36913.718905881724,36871.59666073852,-24.0,-3.673944214686344,-24.426045906926447,-14.896307171773515,-5.570899628542975
160,36800.0,36863.25182004929,36816.97839577907,36851.682051650816,36859.2055941469,-96.0,-2.656276409914426,-78.36369893990195,-36.19582840550356,-9.430786884269764
161,36816.0,36861.199049144525,36823.50667573453,36841.32724907072,36852.73508696998,64.0,-1.3023795514454832,44.06165862806665,2.308821955259191,-4.633752828423894
162,36928.0,36860.6470609464,36905.101713035205,36856.299695561334,36849.93808849005,-40.0,0.28483885147215915,-32.89639752328367,-20.87770572871159,-6.700094055428053
163,36736.0,36861.76872684747,36757.71388068796,36799.57183761329,36839.334898859124,-40.0,1.9776812903328391,-38.8184289074743,-24.941939141397597,-5.436444687969924
164,36848.0,36864.60242352707,36827.464855220256,36806.41581727854,36839.06519911411,-40.0,3.630461585071316,-32.92474936640792,-13.948111695481202,-0.7164397893029673
165,36656.0,36869.02965001761,36691.86438195514,36771.67561422233,36837.90201928052,48.0,5.096221745028743,43.721436510593776,23.097604054961266,7.931921130428236
166,36944.0,36874.794867017124,36914.907728241444,36852.61102538846,36854.92904137497,96.0,6.252868970361305,77.5819874935114,35.24092386036136,12.573474163200444
167,36848.0,36881.535387958334,36847.028356942166,36842.157461943054,36863.04896760692,-96.0,7.016763059589721,-72.73758658843872,-13.374832473884453,8.872374612295971
168,36752.0,36888.828393136304,36769.432555064566,36825.86136044069,36872.67379059956,8.0,7.357935535314027,9.566973445242184,20.634578717985278,15.658512522622914
169,36864.0,36896.25125902896,36866.16230383265,36883.426619379024,36894.365992652165,120.0,7.308479464034463,107.54126793134492,67.27856862784392,23.210501685211057
170,36992.0,36903.44535206437,36984.515090927256,36960.41849769638,36919.09479396998,80.0,6.9598606815015955,80.92824173090412,61.20112716555013,21.083541016316303
171,37024.0,36910.170980391966,37028.01878729446,37005.828873710125,36936.5330746848,72.0,6.445641313264787,63.597632839500875,36.324812868806475,13.064934449052089
172,37136.0,36916.3366346909,37111.71035660626,37033.06812343399,36945.22466286809,-40.0,5.909529919455963,-37.75664765690817,-24.226688559137983,-0.847178673302551
173,36944.0,36921.99004023088,36952.50549198064,36957.37549659185,36934.83871733819,-128.0,5.473723003953637,-116.67740472240985,-69.00487854622043,-10.844009662985627
174,36880.0,36927.28408069881,36878.35554716144,36895.05836634155,36923.53664354212,-88.0,5.216497292691201,-82.37220901202454,-54.78794707952329,-9.125241618970904
175,36768.0,36932.42303481626,36787.76107395659,36847.7996024328,36916.58823410025,16.0,5.144682418023876,8.210896578111715,-7.358962692345813,0.4810022631463653
176,36912.0,36937.57344553486,36894.77734031766,36880.34044095686,36924.49864806841,24.0,5.200960117799696,20.902967949376034,16.711059002489492,8.535346371576452
177,36816.0,36942.82495505186,36829.567009855346,36881.22172043778,36933.6589268434,-16.0,5.28828614543454,2.62471881442616,33.49213969980701,15.04322511716964
178,36880.0,36948.15001782573,36900.026777946514,36947.324720356475,36954.58509830275,216.0,5.297187918564305,188.86034181046125,99.76536009693518,24.65542637447652
179,37248.0,36953.41933088899,37207.28769347627,37080.75244063165,36982.96977959236,96.0,5.14035827681073,85.43269892434546,49.803940590998536,15.133170269229595
180,37072.0,36958.43073437935,37070.892175795205,37046.93260153847,36984.85143884121,-176.0,4.7821890704544785,-141.93463870504638,-46.353538323939574,-2.4757688090867305
181,36896.0,36962.9837090299,36923.418416066175,36988.04536398377,36978.01824197418,-8.0,4.25228263286408,-10.381679398138658,-12.864555562817259,-2.732284768317186
182,37056.0,36966.935299645076,37050.12881699893,37021.20349041284,36979.38686930457,128.0,3.633669055747305,97.35448592737885,15.75987163548416,-2.4620292043800873
183,37152.0,36970.25104714139,37118.12738792093,37019.56510725474,36973.09418356542,-128.0,3.0441080682394386,-118.86136420755065,-67.85582953072662,-15.237976560882089
184,36800.0,36973.023515781555,36812.406088583826,36885.491831351384,36948.91091618281,-264.0,2.6010534790220845,-226.1939816837512,-91.32736022766767,-16.73772157347048
185,36624.0,36975.453154099436,36665.73942455343,36836.910386799405,36939.61874041848,200.0,2.3921392107622523,171.1330435357122,57.873748847727256,6.488761256594444
186,37200.0,36977.80779420308,37154.67217565525,37001.23932904684,36961.888438696,168.0,2.4556653325380466,153.19104457909998,64.94860677084944,10.364120212318085
187,36960.0,36980.36448476451,36972.12151371163,36966.807600341104,36960.34698084312,-152.0,2.772906507801963,-121.94309338545281,-31.027928535178944,-1.5241088107250107
188,36896.0,36983.35360721868,36910.785988884345,36939.18347197648,36958.84022107455,32.0,3.282145224893611,12.594419594435749,-6.0323923763826315,1.635251285159029
189,37024.0,36986.9287752143,36997.3103529005,36954.74281558834,36963.617483413436,-56.0,3.900795596797252,-46.92387148132548,-19.069248593976226,1.7581365095575165
190,36784.0,36991.15519841228,36816.938245921694,36901.04497478853,36962.35649409366,-24.0,4.544533726926602,-15.68087737033784,4.824646594461228,7.656835384910664
191,36976.0,36996.01784266815,36965.948598159826,36964.39210877726,36978.93115418326,112.0,5.150470692293311,98.75334303727504,57.54318837735627,16.721217798760335
192,37008.0,37001.456139796865,37014.444931996244,37016.13135154324,36995.798929691184,80.0,5.687229517876403,80.72099381763474,55.80491853760395,16.257721992482402
193,37136.0,37007.392301703905,37127.390585795096,37076.00194585247,37011.44659816822,88.0,6.145275854836655,69.8985827743345,29.871567235462862,9.419998385452345
194,37184.0,37013.74669150654,37154.24209754491,37075.87448601417,37014.63892646209,-152.0,6.52925596559362,-128.22147924301316,-54.190216831219004,-5.275725383031386
195,36832.0,37020.45081363509,36870.94762730907,36967.62151219003,37000.89514740216,-96.0,6.8365377630034345,-82.27285497310368,-40.442217729119875,-5.2990216898178915
196,36992.0,37027.419767032545,36989.696387598706,36994.99005055593,37004.04088308245,136.0,7.036575892088877,107.23069828317239,28.86356364385938,3.747779834411631
197,37104.0,37034.52396541927,37085.409023875414,37025.34863947775,37008.39070707098,8.0,7.067276529389346,2.7577556537835335,-8.967091339305625,-0.4306406579162285
198,37008.0,37041.55432009132,36995.21189890627,36977.055867877316,37003.17960176662,-184.0,6.83846783613626,-154.13763043776635,-63.76483766177262,-5.452125216033892
199,36736.0,37048.20090109154,36777.13376299988,36897.818964154205,36997.486456638915,-16.0,6.2550884948032035,-12.409320906972425,1.6725783539877739,7.381177704239235
200,36976.0,37054.06449708093,36970.39325709233,36980.40102458529,37017.9419571751,192.0,5.249406648537843,165.22577955408633,84.7825727237323,22.552598394941015
201,37120.0,37058.69971438862,37107.585322108054,37067.38410960167,37042.5916534288,72.0,3.8233895092707826,75.11867555599383,60.67513981721277,20.77927892513617
202,37120.0,37061.71127609947,37120.630608204316,37101.75130421972,37059.50051502537,16.0,2.0784288795148314,16.19832711784329,25.242846727906,13.883887347845302
203,37152.0,37062.85657214765,37139.98197634374,37117.86980305748,37070.35942812449,-56.0,0.22002749658713583,-40.738750141856144,-0.9465996334947704,6.7768845053360565
204,37008.0,37062.151331092646,37039.1531079206,37099.85810495273,37073.05428403604,64.0,-1.4530413137290452,54.936671179872064,27.917354371613328,5.9475701133633265
205,37280.0,37059.95048952019,37249.855318703485,37173.70451180071,37082.254568351214,72.0,-2.588068755230779,59.978804300288175,20.698662748334755,-0.6869872672687052
206,37152.0,37056.975193582184,37159.11071652118,37141.2554304494,37071.680309501506,-64.0,-2.8556866608851124,-55.19101957642488,-37.82136612661634,-14.590243374637794
207,37152.0,37054.23911619842,37139.473279550635,37098.061779547475,37053.07408160194,-80.0,-2.024773112461844,-82.2710392173758,-70.16276112818377,-23.55252381946775
208,36992.0,37052.92564735726,36994.56863808643,37000.92990819303,37024.57526186257,-144.0,-0.018335640190343838,-132.06145103206654,-92.66691725793135,-26.870056646235753
209,36864.0,37054.20244491804,36875.3503774865,36912.72794503161,36999.33396830947,-56.0,3.0393262638826855,-62.46637316741544,-63.83799064561026,-18.474595137635333
210,36880.0,37059.004299885026,36869.6358917516,36873.25392690181,36987.6260715873,-56.0,6.823385083494941,-57.53502697693693,-42.84705467890308,-6.326593142799538
211,36752.0,37067.84921508503,36760.28032353263,36827.03383567381,36986.68078202387,-88.0,10.855990108939295,-67.95395055582776,-8.703173391098971,10.78874953776176
212,36704.0,37080.716280102904,36733.72799063994,36855.84758011961,37009.20357066282,160.0,14.583077682316798,153.97577470429678,104.73753450560616,37.78296717209378
213,37072.0,37097.01537044966,37068.23187294122,37036.50890468502,37062.246716368056,320.0,17.470981769387436,283.7750926100962,162.9157769079211,52.55548152363917
214,37344.0,37115.65824364168,37301.278175860134,37181.67913393545,37114.3145337101,0.0,19.10207139773047,19.437182219589886,64.00979621816441,40.58354402754776
215,37072.0,37135.21951324512,37107.1062373804,37164.52849712135,37143.41380442315,-32.0,19.25015007345064,-18.640751577746414,29.113611746564857,32.669960934210394
216,37280.0,37154.15854378858,37263.99667270464,37239.90635742858,37179.65445557852,88.0,17.921912526348024,76.87379884742404,55.33103902153016,31.223373934291885
217,37248.0,37171.06333829782,37260.85383507525,37275.19057516441,37205.860552291735,56.0,15.347682939871447,61.12633774687856,48.87950531802926,24.09912432780402
218,37392.0,37184.85390966832,37386.2493481984,37337.66536806464,37227.85270423413,120.0,11.938572583614587,96.64225411515508,35.307476932550344,13.78478715410165
219,37488.0,37194.94048346505,37454.13834330556,37345.80552902951,37233.43012659994,-176.0,8.218086566972488,-149.95021990581517,-62.95707452037459,-7.151071304197103
220,37040.0,37201.29008280227,37086.34890838677,37211.75121902389,37213.550561625736,-96.0,4.730955894396175,-87.51396144420505,-48.17870049366684,-11.202036892911565
221,37296.0,37204.40239525384,37279.11042041715,37249.448128042175,37211.026052814115,144.0,1.9492144971954986,108.31361411615217,14.420973039363162,-6.773206170921185
222,37328.0,37205.18851179666,37302.97613661907,37240.59316510262,37200.004149283894,-128.0,0.20150740566896275,-101.25360070271563,-52.55838038824004,-17.42169606601965
223,37040.0,37204.80541006518,37076.60321901172,37144.331367265695,37176.182660682076,-40.0,-0.37410851185632055,-43.356822548783384,-44.09611420407964,-17.01235556772008
224,37248.0,37204.44029477295,37216.262491521506,37152.40093669446,37165.97943814845,0.0,0.15208720500959316,-19.028269882663153,-39.72996222400616,-14.304250626195426
225,37040.0,37205.1095844752,37038.54667924639,37064.87144281768,37147.574159429685,-224.0,1.5261049942091631,-184.98241604316718,-75.09377246793883,-13.026570747286314
226,36800.0,37207.492504761365,36846.29765943517,37002.21339175858,37139.92629665388,112.0,3.362501315317786,94.3019096438693,38.448644820193294,9.348452056892711
227,37264.0,37211.83458710583,37227.15049853413,37141.76873245807,37166.27106354347,152.0,5.217307974420692,141.54269949037553,78.43970692851872,21.45832006675846
228,37104.0,37217.92712071021,37129.38305841592,37159.09280561562,37182.8429367874,24.0,6.6676119797739375,29.147851961395645,44.87047596536286,20.514020083301148
229,37312.0,37225.16981106538,37285.44620245692,37231.509684388795,37207.29910371007,24.0,7.379862300891546,23.294156325628137,32.17172096757349,19.22112210817795
230,37152.0,37232.68684531199,37175.97137106718,37223.436247550766,37221.285181003754,0.0,7.161901206101902,10.382023946131085,27.64468693735398,17.450336343867093
231,37312.0,37239.493613477585,37306.210250349184,37286.7990582635,37242.19977639781,120.0,5.985572076024255,101.29013102794124,50.76233984448481,17.42458421394622
232,37392.0,37244.65798946404,37378.55163312306,37324.960927239736,37256.134349431646,8.0,3.980179873837187,5.099548389160191,4.642332596100459,7.141290505420329
233,37328.0,37247.45397322526,37316.409347127505,37296.083723455704,37256.48235740865,-144.0,1.403057542116585,-120.09555035801532,-44.8353420561798,-3.2278741525697114
234,37104.0,37247.46410454827,37138.36053240703,37235.290243127376,37249.67860112651,-16.0,-1.4004819115834835,-6.246152685333072,4.85164123535651,0.48017377418727847
235,37296.0,37244.65300940209,37303.91704175684,37305.78700592642,37257.44270495702,248.0,-4.055176517573273,205.14171813397843,75.39026576225297,5.836239078369545
236,37600.0,37239.353751513125,37548.64396867499,37386.07077465188,37261.351079283246,-8.0,-6.208889376659499,-12.053229706929415,-26.680843948597612,-13.024071709616692
237,37280.0,37232.235230648774,37279.81058234298,37252.42531802922,37231.39456153779,-408.0,-7.574088794681302,-355.2492277227284,-147.43279760804944,-32.38678966856969
238,36784.0,37224.20557392376,36838.14551322953,37091.20517943578,37196.57749994611,80.0,-7.968405395757145,56.606494906151056,-7.617548875543434,-14.188186594372382
239,37440.0,37216.29841985726,37393.02357215528,37237.190220278135,37203.018188349044,200.0,-7.330698014222435,177.92067493583454,44.58015098141914,-5.408402179611585
240,37184.0,37209.54417789532,37193.9868631012,37180.36548139862,37185.76069558688,-176.0,-5.726674836612801,-149.10239354810255,-58.64199818019915,-17.16945798281813
241,37088.0,37204.845070184034,37094.81878505908,37119.90622391774,37168.67927238341,-64.0,-3.335902095241181,-65.07415274672894,-44.50614552202023,-13.047459584304306
242,37056.0,37202.872373704835,37063.83855760774,37091.35319035458,37159.665776418275,24.0,-0.4260087774928252,8.212560587373446,-10.876438385865185,-3.8302071442194574
243,37136.0,37203.99305262905,37111.24390623382,37098.153347146006,37161.01885809497,-96.0,2.6854148757447547,-76.37512020481518,-12.123169635575323,2.6040245814401715
244,36864.0,37208.243203456324,36911.08831719811,37067.10685108343,37164.873825581155,136.0,5.675379924377921,129.79697248114826,70.50692947914285,18.89865876524709
245,37408.0,37215.343812477804,37370.83785119612,37239.16720610429,37198.81617562546,200.0,8.251239659293788,179.42781445231594,87.64395807300752,23.483158825580176
246,37264.0,37224.74568277491,37269.94394610274,37242.394767229445,37211.840143232315,-88.0,10.186912782097352,-71.17417457964984,-7.575055260123918,10.415974768471642
247,37232.0,37235.717638042,37228.48950203682,37224.017095584044,37219.648125162406,-64.0,11.347223899509117,-59.00693388183936,-22.36912385337928,7.190388188206271
248,37136.0,37247.44013057393,37151.930078339064,37197.65651952269,37226.22091960873,8.0,11.690814230831165,3.0909679975484323,4.4676836999860825,11.083840426759707
249,37248.0,37259.09926650366,37234.67143803192,37232.952462984016,37241.815806015926,8.0,11.269844530525006,16.098549852438737,27.772174953337526,15.285676707997482
250,37152.0,37269.97981963498,37184.12717804394,37253.20086942936,37256.79227302472,128.0,10.214507822471205,118.14119261447559,70.84884116002286,20.216080660029547
251,37504.0,37279.5282821486,37470.95382326087,37374.65014530406,37282.247967335985,128.0,8.706217658771493,113.54619913853094,56.774348526731046,14.368092678061657
252,37408.0,37287.39225495252,37411.219576321004,37366.749566482824,37285.528458380846,-48.0,6.950600364645652,-43.63636533482713,-28.525795579822443,-2.8430860360931547
253,37408.0,37293.429482877895,37383.681092591214,37317.59855414442,37276.5617952638,-192.0,5.144987021260022,-175.43064589879577,-94.35173526619474,-15.538573353860556
254,37024.0,37297.68222899504,37060.35828452341,37178.046095950434,37254.451311673125,-128.0,3.4503035587622435,-115.2337603256492,-62.529410218769044,-10.587918007018743
255,37152.0,37300.33008999542,37153.213571939916,37192.53973370688,37255.38595924976,120.0,1.9764144405453408,98.92314711608196,34.76350460988397,6.1039455391291995
256,37264.0,37301.635057876134,37258.204578755576,37247.5731051702,37266.65920275138,80.0,0.7748281680906075,76.01390059355617,46.81992404842458,11.40620363918788
257,37312.0,37301.8797463316,37305.24137312703,37286.17958180373,37278.19836652814,8.0,-0.15416055774039705,13.243660006584832,25.69626753538614,9.849082103159162
258,37280.0,37301.32673676065,37284.691898768746,37298.965640240975,37286.3573669577,-8.0,-0.8368243153418007,2.9100194854436268,22.268878557733842,8.476868777452182
259,37296.0,37300.20609770092,37311.061412097915,37330.717338919196,37295.15210408304,120.0,-1.3047889254667098,101.67657381875688,49.11036813781902,8.752342329491512
260,37520.0,37298.71715890972,37488.04504640626,37397.18637651661,37303.862051616685,16.0,-1.5769356830860488,17.208866339660744,5.062225855719589,-2.0969498855229176
261,37328.0,37297.052226334745,37345.47914477724,37340.841790630635,37290.958204311995,-56.0,-1.647027405364497,-55.17017774286069,-49.92369057065662,-14.755937089088548
262,37408.0,37295.42310409899,37377.70469092054,37297.3389953753,37274.35017743851,-200.0,-1.4825271532245097,-181.69900040778884,-98.8332975676858,-23.290518001562305
263,36928.0,37294.087172028296,36982.08114396166,37143.17519549526,37244.37716830887,-56.0,-1.0385038079766673,-62.76982599679468,-46.57620213240443,-14.154150714195566
264,37296.0,37293.34609648304,37252.16503892695,37204.18659111049,37246.04187601012,56.0,-0.27410380317815,50.90908960002707,15.104691170472506,-0.8331984982469294
265,37040.0,37293.53896442194,37083.89932316171,37173.38457783621,37242.71077131238,56.0,0.8338768931826053,58.36955688502712,35.89027564381831,6.804433867881016
266,37408.0,37295.0138502694,37368.904152697,37275.96714239813,37259.65074374588,104.0,2.2792181335207715,82.38693617861281,36.56613576098971,9.522509620794153
267,37248.0,37298.09740068898,37248.67319551894,37246.51684935819,37261.755790553965,-152.0,4.0236782598694845,-116.86497958338441,-30.191868360852823,2.792836335785978
268,37104.0,37303.06120678914,37135.174193530234,37215.58340567642,37265.23641641745,56.0,5.996855746023357,42.37196566245984,24.858259156448185,11.542446684357856
269,37360.0,37310.09111218103,37333.41712684386,37296.233367671084,37284.84068392268,64.0,8.101707395479025,65.32856753291708,48.76664583020829,15.8463017013637
270,37232.0,37319.2646215801,37265.83132859607,37313.11669733684,37296.92901982018,112.0,10.224079594914656,103.78932877029001,57.44167833417305,15.334786888506642
271,37584.0,37330.53927137086,37540.99578438444,37411.11672433943,37315.510257699694,72.0,12.238704871182563,57.924893672796316,11.558389172303578,5.156750764501339
272,37376.0,37343.742031322465,37381.68111594166,37336.233475681445,37307.24252134918,-144.0,14.01979267500792,-130.9090887344646,-94.76651081726231,-11.70561028305383
273,37296.0,37358.57885672087,37279.17760691551,37221.583702704906,37292.09903713359,-336.0,15.449661412611022,-311.7678310395422,-151.85792162408325,-15.338532358917291
274,36704.0,37374.64135414769,36758.14545386258,37032.51763243328,37276.565456631346,-104.0,16.432449314128462,-95.58875162072945,-24.807254054987425,13.094692329330428
275,37088.0,37391.44375534913,37088.00010367405,37171.96919459493,37318.28842179225,360.0,16.904267185011122,332.92722546668665,181.4361594591137,53.23738625051192
276,37424.0,37408.44988851771,37423.99990479595,37395.389951351506,37383.04022913237,328.0,16.845221311610658,315.480088158125,209.1157324323285,62.70381879673732
277,37744.0,37425.13419797235,37718.9602799903,37590.20065945959,37443.69605938572,168.0,16.283460122456745,157.6451792760272,117.91103783787548,45.64063322264337
278,37760.0,37441.01680876262,37739.290263348004,37631.21202702726,37474.32149557766,-96.0,15.279507818890124,-83.21869990227424,-23.382618918705703,16.341510970814852
279,37552.0,37455.69321361013,37552.52288018575,37543.43542162218,37476.37908132735,-208.0,13.916269748224295,-184.15298223349964,-92.05889459399259,-1.7234601839372772
280,37344.0,37468.84934825907,37370.984298881005,37447.09423783927,37470.87457520978,-40.0,12.288398837546993,-46.6170868997433,-44.79406486327207,0.8392226429205039
281,37472.0,37480.270011285225,37459.288706386265,37453.84729189563,37478.05752661319,40.0,10.48213428451345,24.747939436598244,-2.323299995816342,7.4858277340717905
282,37424.0,37489.8136168281,37420.4801777542,37442.44763784764,37485.846230677926,-80.0,8.570619308356981,-56.40763986107777,-2.175835124176956,10.881015598628437
283,37312.0,37497.41124990194,37346.47342666411,37449.49562164728,37499.81955781045,104.0,6.628822911603493,103.55686876759137,75.79579462327456,23.364305023045745
284,37632.0,37503.071262651305,37627.593915289384,37594.03922709419,37532.57484072402,296.0,4.736510957089195,253.89357853505498,125.56321899400791,27.784024949767627
285,37904.0,37506.88427181612,37854.26058373422,37700.622059635294,37555.387607709985,-48.0,2.9892463552532718,-30.06598569610651,4.893862358752813,5.382147371470637
286,37536.0,37509.04975536181,37567.46194389717,37603.826951811694,37543.33913546696,-136.0,1.4954236823905376,-121.45334753917268,-62.88163191775311,-11.681515469681472
287,37632.0,37509.8751191809,37611.353888655874,37574.85879579979,37532.02457677062,-48.0,0.35725804088360746,-59.33861196193175,-57.53875811201215,-16.31332985780682
288,37440.0,37509.76427144358,37448.78471997331,37488.74943558767,37510.712475751345,-144.0,-0.3520059342481545,-118.64556881602766,-61.73464241828333,-17.776477231709578
289,37344.0,37509.1711073124,37374.06275102382,37451.38951096322,37496.4716223072,96.0,-0.610565424671222,75.59178616959252,16.334830857158522,-6.617272328778199
290,37632.0,37508.543140594236,37599.96829231249,37521.41909730199,37497.47793109379,80.0,-0.4732281679098378,65.74700285114523,14.739134989758895,-5.719794658725732
291,37504.0,37508.22465097658,37505.55675672611,37480.86778094274,37485.03203298975,-96.0,-0.06674234435195103,-86.62775195583527,-52.11742588787456,-13.394296454553114
292,37440.0,37508.40965590553,37426.71278840082,37417.18424552624,37470.68933818468,-160.0,0.4408811263856478,-145.28002632119387,-75.09141265338621,-12.808227895831806
293,37184.0,37509.106413229354,37214.99670408372,37330.68495563597,37459.41557719809,-72.0,0.8733893914941291,-56.732563898476656,-13.156812072291359,2.4970178733092325
294,37296.0,37510.15643468852,37313.24766060387,37390.870621381655,37475.6833739313,232.0,1.0986344582488528,205.5739778416646,107.62097643651941,25.251965429779375
295,37648.0,37511.30368214585,37626.14465976705,37545.926908509005,37509.91950805765,200.0,1.0597490367727005,182.5355796962249,104.01974138185687,27.332109529226727
296,37696.0,37512.275932762066,37678.31881999632,37598.91010414537,37530.347592989754,-40.0,0.7876800547710445,-36.231739789134735,4.438247709047573,12.145464581593842
297,37568.0,37512.879042255394,37553.68118018878,37554.8034039271,37534.210437220834,-232.0,0.391992097003822,-196.23173886361838,-50.70499825471779,2.173366092123615
298,37232.0,37513.059916956074,37285.85534226908,37497.50010763593,37534.694325174,184.0,0.021349004651710857,175.62303066538152,75.44675752679541,15.618604211867932
299,37936.0,37512.9217402647,37904.927241519545,37705.69691898069,37565.44764564457,328.0,-0.18561901862267405,289.53594960851115,93.04527083510766,12.225702752799407
300,37888.0,37512.68867891883,37864.927241486104,37683.59064930615,37559.1457306796,-328.0,-0.14010350568059948,-298.28615682964664,-124.31094502147243,-22.744628430991725
301,37280.0,37512.641533253336,37308.35492786025,37457.07502893775,37519.95838878259,-288.0,0.1777535842047655,-271.87531009788654,-137.97810589953224,-27.189422457886394
302,37312.0,37513.04418608724,37321.17662129033,37407.634437507084,37504.76688576383,72.0,0.7203077796148136,58.704799881739746,-1.623372677117004,-5.553158730566793
303,37424.0,37514.082148812566,37425.76452762373,37453.82828358351,37508.85207132145,120.0,1.397609477488004,113.41054445205737,61.1079878681885,8.327789123697585
304,37552.0,37515.839405042214,37547.997710194446,37529.85041324346,37521.42246401122,104.0,2.1111948290417786,102.22173354293045,64.94733628167523,11.041515890334267
305,37632.0,37518.30453847065,37630.20799470959,37583.72295614686,37530.93510310212,88.0,2.7874631504200806,73.25025806310441,29.734020976833563,4.459394246001466
306,37728.0,37521.414331343054,37694.498226320655,37589.31845519713,37530.341252503225,-216.0,3.3917088220186997,-188.0312469320961,-63.745273351174546,-10.476787973733735
307,37200.0,37525.08795611469,37254.1455008454,37456.232409444514,37509.981527154654,64.0,3.9269871217802574,53.678135098700295,-4.969841030357202,-4.860648990837944
308,37856.0,37529.268305586615,37801.854496518055,37579.378773136414,37520.61995452155,16.0,4.41239498154755,13.415287199186423,-15.164249739893421,-6.130574907027039
309,37232.0,37533.91274607778,37280.97607524377,37425.90390996473,37497.7203773406,-160.0,4.854858929767943,-150.92260019221794,-56.52290818932306,-9.613558313918475
310,37536.0,37538.97802344615,37500.00929613362,37466.33295675777,37501.39283789371,48.0,5.233269999978802,39.079701557944645,5.595525171924237,1.94210244779606
311,37328.0,37544.37928607774,37359.13547835966,37437.094960308576,37501.60458223619,0.0,5.494813493889524,14.803574024350382,25.309483705092134,8.891973454290564
312,37536.0,37549.96765043393,37529.61644418232,37516.95192416795,37519.176784802294,160.0,5.5649754649202805,138.5631867342563,70.3329259433558,16.731041806215217
313,37648.0,37555.50923700758,37636.261851828174,37577.76081219529,37535.06666584862,56.0,5.366761888235487,47.95466678671073,25.689294124975277,10.243214338759572
314,37648.0,37560.7011742104,37625.52577775574,37568.3305124179,37539.66321347981,-144.0,4.854024350155669,-123.10718529371661,-49.265043568429974,-0.8202916948175698
315,37360.0,37565.21728570789,37390.04748124074,37479.23072505843,37533.42608245899,-104.0,4.0289970969861315,-85.24089031129915,-29.48442483025792,2.434173102123168
316,37440.0,37568.75916840437,37455.04399713314,37509.36166275739,37544.53155968406,168.0,2.954278444096417,140.21650155812313,64.81176907764893,16.332055209273676
317,37696.0,37571.125842596084,37670.48048435699,37608.854263213725,37566.090192877535,88.0,1.7449617776219384,87.83890900879851,55.91973206320108,15.063142837352643
318,37616.0,37572.24909195962,37630.72181515074,37621.20112688379,37574.657845358764,40.0,0.5456294775467541,33.8504065474408,14.947427111954312,6.50054474917124
319,37776.0,37572.21710155118,37738.18129745187,37638.749117437634,37579.09128237588,-112.0,-0.49407784698996693,-105.15786369752823,-51.07745072733451,-5.411998864095949
320,37392.0,37571.26093626564,37420.406087755684,37519.04622542912,37563.83384763057,-184.0,-1.2562762599300186,-152.22093765976751,-56.1797792939542,-6.665742363777099
321,37408.0,37569.70454903132,37433.739422132334,37526.389558849725,37565.75979764832,224.0,-1.6769191122220946,184.503621234624,66.53811284547191,9.813939900170226
322,37840.0,37567.90709804119,37789.41333022493,37652.12245112006,37583.46172743091,56.0,-1.7425123509165132,60.267383020953275,31.79411783036994,4.875016154132027
323,37520.0,37566.219524329485,37554.27418817424,37589.977794510465,37575.50982995659,-72.0,-1.488236793433316,-63.76820117947136,-27.155759354369366,-5.176405976493697
324,37696.0,37564.930624454326,37661.87692786599,37597.810932411325,37573.108915477926,-64.0,-0.9833415259381582,-63.01262097832296,-41.26139589347804,-8.5454687047677
325,37392.0,37564.25284127761,37428.248946217594,37507.45500272351,37558.41889254705,-56.0,-0.2958807677823643,-52.383250560418674,-32.62842832606111,-6.369078303519927
326,37584.0,37564.33886291876,37557.11042674515,37532.5540757592,37560.370758870886,-8.0,0.5296523678880476,-5.586385746686574,-0.6238890847052971,0.7704042673758522
327,37376.0,37565.312146013384,37417.07617472422,37506.2072245541,37559.9597010818,88.0,1.4871557082151412,76.5951285400879,38.75676107194158,8.78692726500958
328,37760.0,37567.31317433519,37710.30068382533,37610.067597903086,37577.944613400905,32.0,2.609462297623395,33.47942128784052,28.894172300533683,8.882142989146814
329,37440.0,37570.53107060863,37484.0350172999,37563.995569155166,37577.7239870601,-24.0,3.9473553969983186,-6.09058002592792,15.925755829663103,6.665573012196546
330,37712.0,37575.20788512919,37698.11952377347,37641.91910956241,37591.2757594253,184.0,5.541201418545825,144.68212534092527,42.88309518844835,7.515560336469207
331,37808.0,37581.61347344572,37773.39926798175,37649.76175953206,37592.755107733035,-176.0,7.397515671375004,-152.12246608421992,-71.27647026431441,-9.282896305612667
332,37360.0,37590.00291647194,37393.87459160503,37499.36616903378,37572.70996681407,-168.0,9.454139480218146,-155.7531681502769,-80.71250598138795,-9.40964257826272
333,37472.0,37600.52175240616,37461.8929316812,37488.33674756929,37573.93582257651,24.0,11.569363845075713,17.48299848215902,-2.8610476798530726,6.32264689126896
334,37408.0,37613.14164416209,37428.84058856935,37493.64407367408,37585.35526059661,72.0,13.54287697453401,71.15059973488314,48.12936294182509,20.287201049926807
335,37616.0,37627.60750635523,37604.194131150965,37584.59547345294,37614.51022467636,128.0,15.140205287567369,116.3241983364569,75.24913650532835,29.080475313570787
336,37664.0,37643.422054737224,37661.488985242264,37644.142346684734,37643.51621122375,40.0,16.137474679835577,44.7397803026106,49.6180465741636,27.981797108579485
337,37696.0,37659.8824557149,37693.67369175619,37683.831566601264,37670.47381889352,16.0,16.35581745507443,20.553165294855717,33.60500321716245,25.68129861444322
338,37696.0,37676.13368964737,37702.595315831975,37711.35235311906,37694.87880845264,48.0,15.69796727920766,41.89820323567983,35.196963077320106,24.348929981752008
339,37792.0,37691.27839027331,37777.470098227546,37754.225492755904,37719.17167885703,-8.0,14.169270853435592,2.225273533294967,23.98588601479787,20.651454347236722
340,37680.0,37704.472231354244,37707.045862898565,37759.324125148654,37736.18171714711,72.0,11.873153226151771,64.80507916384522,44.760694967073505,19.819124147437833
341,37936.0,37715.02469672562,37907.08025655524,37843.74688269005,37758.8099271519,56.0,8.995377676386852,55.43567643285496,38.29619888642628,13.768706362388912
342,37792.0,37722.46298670702,37817.917215764275,37835.91652292151,37763.71912987189,48.0,5.780652213947178,40.42303803042887,14.127901692205342,3.4951592135839746
343,38032.0,37726.58600115351,37987.926332616094,37872.00268607446,37765.80024557907,-88.0,2.5041256600088673,-81.36896618984247,-43.912493809813895,-11.228872013867658
344,37616.0,37727.471238027036,37655.17928338459,37748.09153530188,37741.261385844155,-120.0,-0.567182528127887,-105.84088618642272,-57.86538312164339,-18.275790442708967
345,37792.0,37725.451636097256,37776.24456024325,37756.271919831175,37729.24866469365,56.0,-3.20175333681982,42.288078074914665,-9.683655555119913,-15.150287915821536
346,37728.0,37721.067731353396,37739.75543953442,37728.72422419164,37710.96081001251,32.0,-5.230823971458449,22.288076963272033,-27.18558354371271,-19.139814180511166
347,37856.0,37714.98998815434,37820.82071416979,37701.90075274375,37690.96903633263,-232.0,-6.564146158063522,-211.51812380130286,-103.87309507601458,-28.243321863250458
348,37264.0,37707.93943903727,37316.719191931814,37520.97803403961,37654.47416628601,-136.0,-7.198927906978497,-123.81859329325744,-52.4337016843383,-16.97116173231916
349,37584.0,37700.59213234038,37573.18352758328,37597.03334937507,37657.02671286799,224.0,-7.210054221777682,202.3819735678626,82.57199002300331,6.203882225378038
350,37712.0,37693.519330593714,37721.48313906754,37686.12201408562,37666.88193073677,216.0,-6.729365364466503,195.7153068219559,76.14967175335187,7.599314405615587
351,38016.0,37687.13340161145,37964.61414122719,37749.33269288178,37672.22534167922,-208.0,-5.927548996121914,-189.08194606274628,-70.1229747629477,-11.84532197358567
352,37296.0,37681.66423260147,37343.31924694205,37545.87606455972,37643.191286789595,-232.0,-4.982474612927035,-209.4150052165569,-78.51859604219499,-11.674490550143673
353,37552.0,37677.168452385595,37545.784130794076,37592.29550079739,37648.876360578935,192.0,-4.041665315857244,171.3855378223925,66.56718663635911,10.528891818285047
354,37680.0,37673.580901969755,37686.09032258683,37679.01043783244,37664.249070426165,184.0,-3.1998181250528432,170.75780472690167,86.22015595127232,14.585163368537906
355,37920.0,37670.76881613549,37887.29974024788,37764.73581269993,37678.04668731601,48.0,-2.4934256547167024,37.70811890043478,8.093281217454205,1.699951255650376
356,37776.0,37668.59405066032,37761.5065603877,37695.19700026735,37667.648972937466,-288.0,-1.897404381830711,-249.21619770724647,-109.9403122989097,-15.815265731675026
357,37344.0,37666.97400737183,37388.86734483339,37544.85518810211,37646.41615585266,-104.0,-1.3399573561910074,-97.34667160182653,-49.914218114179675,-6.112009292173752
358,37568.0,37665.91413594794,37566.81321718405,37595.36856403899,37655.42495435312,208.0,-0.724155030460679,172.01195827092306,64.19765795637068,13.380046218117059
359,37760.0,37665.525697310906,37732.89126137523,37673.25050401485,37673.176248288895,24.0,0.049637999862170545,30.534351067344687,34.50719198328807,13.410106350220303
360,37616.0,37666.013411947664,37627.88191931874,37664.382948005565,37682.24516705356,-72.0,1.0612959248137486,-45.59974546282319,15.323917993493524,12.381177117342304
361,37616.0,37667.648289160534,37641.691770449586,37703.89834000184,37697.93860252358,200.0,2.3545133896986954,173.85599591122445,83.46456199719614,19.79036559619999
362,38016.0,37670.72243872706,37975.593911141186,37831.31207199996,37721.82589824596,120.0,3.9230895123073424,100.28440386509828,35.069767998091265,9.178590634674038
363,37856.0,37675.49446818515,37842.26057817978,37774.03787599802,37716.29578379293,-264.0,5.71001435643484,-225.3647600427612,-98.25525800291507,-12.515325263379054
364,37488.0,37682.14246743993,37524.864391055664,37634.80155599413,37696.7952477192,-112.0,7.6146464557314175,-109.73991386552007,-65.83554200684011,-9.06077368777187
365,37632.0,37690.72376109661,37622.78075044874,37642.36679198434,37698.174236417384,64.0,9.504601170698152,51.82011163680727,12.748631982391089,4.687700519054488
366,37616.0,37701.15166978133,37628.50461432928,37660.29881995891,37706.17064875731,72.0,11.230826254763087,68.24693552694225,40.08143795402066,12.504944777792844
367,37776.0,37713.18541360614,37759.27462150263,37722.529667892384,37723.18412597297,48.0,12.645595502541255,47.14311468649612,35.49568187966361,14.372683514306118
368,37712.0,37726.44286078641,37722.79084370227,37731.290183718236,37734.91601578592,16.0,13.62948584622427,17.470440710982075,18.405607684973802,12.87769060224673
369,37808.0,37740.444385298586,37794.21550292459,37759.34088326233,37748.93950717746,8.0,14.112350410716317,2.5021738452815043,3.7211411752650747,11.070466750417836
370,37728.0,37754.66756160784,37727.795191392834,37738.73246606877,37757.05694928676,-88.0,14.068688394050696,-67.44435456758583,-15.242184159185854,9.57028957363218
371,37632.0,37768.58176208669,37659.32679378942,37728.85651494396,37768.08008632473,80.0,13.53768431746721,68.16557134367395,38.552306347177364,17.827141354206105
372,37888.0,37781.74293024278,37864.12633408018,37815.83707876312,37792.71123199517,96.0,12.610104208622943,85.43121069168046,50.899103200717946,19.866707270201005
373,37824.0,37793.80197050393,37830.18921517278,37830.654721345396,37807.81350086513,-16.0,11.395678368542576,-2.991043043512036,18.145003254976473,14.292943913213094
374,37856.0,37804.53428697986,37858.14424799316,37852.127085273074,37821.2971198216,48.0,10.019128438281768,38.676272786146,19.53590656421875,11.748474947547948
375,37920.0,37813.8402273805,37907.54176074507,37869.72653447383,37831.310450760226,-16.0,8.584389568113693,-12.893683522739593,-7.53728356233114,5.578853476643417
376,37824.0,37821.70306611609,37832.35688094768,37837.05251814841,37832.45482677488,-32.0,7.148921679920022,-33.40047505901748,-26.14775725120853,1.567117353399226
377,37856.0,37828.13807074034,37840.74081062704,37817.43101997142,37834.444685467024,-72.0,5.727403897446493,-67.91201718545199,-38.90598819129082,0.912092965492775
378,37680.0,37833.15787391098,37696.532846576774,37759.24054176583,37834.27901270587,-72.0,4.30510741029866,-61.54373116637362,-18.570207322671195,7.548277874135238
379,37712.0,37836.748285560934,37717.65334829429,37780.290605326074,37849.541241215295,48.0,2.853008637401217,49.38724318896129,55.19536622328087,22.139290570194134
380,37776.0,37838.863891185785,37795.3073329547,37869.63127421239,37878.55759384626,288.0,1.3633795205860224,258.1006062806082,136.1563059925138,34.14423232327681
381,38288.0,37839.475044602106,38233.85456085551,38052.6032173111,37917.82970586185,64.0,-0.1285741530227824,77.41813131317394,65.27355175426419,20.76359730867989
382,37904.0,37838.60674287974,37950.143595581045,38000.17837772092,37920.08478846362,-56.0,-1.5362581395929737,-46.50104335078868,-4.335650729721237,3.0593220249502338
383,38176.0,37836.40252832292,38140.85247415393,38043.93191585166,37923.94834991175,40.0,-2.7387270816652745,14.971249342539522,-22.280503943427902,-8.739021056280762
384,37984.0,37833.12928871641,37980.086094266124,37955.617369834064,37902.606746351055,-208.0,-3.6079945770798076,-180.33590855717193,-102.50586110056611,-25.411266243139835
385,37760.0,37829.18653916876,37780.180657039586,37838.92019365053,37873.12581742547,-96.0,-4.035859397146851,-99.00215202859545,-77.23707935827406,-23.824638054313255
386,37792.0,37825.057569922115,37782.08179020893,37801.143211117516,37854.95747024243,-56.0,-3.9710483916351222,-47.689915785995254,-33.20537697425243,-15.020473670916545
387,37648.0,37821.24444238549,37684.800825467595,37772.50943970202,37843.084870083636,144.0,-3.429090657402412,121.88637388290226,33.62094843551313,-2.118356654613308
388,38080.0,37818.19938860731,38025.85453797474,37868.38510798854,37850.7207569332,-16.0,-2.4842696730338503,-19.530712077656062,-9.931777719208185,-3.8280753037761315
389,37616.0,37816.27590303942,37645.73940131228,37752.645884263606,37835.428719476084,-216.0,-1.2422897175965772,-176.72422692880718,-47.416281593134045,-4.320601483312203
390,37648.0,37815.71480917212,37672.40608411712,37773.552544802274,37842.07955396658,200.0,0.19158913334831595,176.92725721316674,83.68293293980241,16.354812188823416
391,38016.0,37816.65908130612,37999.59391573862,37920.01175014321,37868.13834385373,248.0,1.7402220943913562,216.92725649186832,98.46508041254492,18.665707079842832
392,38144.0,37819.1952533609,38106.26059710086,37970.482705627364,37879.41096812626,-184.0,3.36764903896983,-148.72422694457418,-36.28769170216765,-1.9568273211589258
393,37648.0,37823.39437938406,37702.14546184947,37847.436366738875,37864.22468921141,8.0,5.0696429575109505,-0.2030335556009959,-23.32815551904787,-4.375044454278395
394,38160.0,37829.33453927592,38105.85452998966,37923.82639458927,37870.66087921771,-32.0,6.851808149745921,-42.86969220112951,-41.69677485497232,-8.030766032818065
395,37584.0,37837.09799568355,37616.40607744721,37764.04281702893,37848.16315714578,-256.0,8.699499935333733,-218.05755365414007,-69.76216904586909,-9.289564214646816
396,37648.0,37846.73353914659,37669.73942268138,37784.30205649753,37852.08175078841,288.0,10.553869905947067,245.51815720779996,88.41026771736142,14.122681182063388
397,38160.0,37858.205735495445,38107.44239186281,37940.86335246365,37876.4085195099,88.0,12.303658686199924,91.42722992873314,46.99297219794971,10.147194696979568
398,37824.0,37871.34085651899,37852.593882538844,37878.28800089343,37872.37614018237,-136.0,13.79410124372589,-111.87909662974926,-35.431351123512286,-1.613572318408842
399,37888.0,37885.7939379829,37883.68419860331,37870.00065021663,37873.181374873086,32.0,14.851414478551305,9.511309081008221,-17.28702556848657,0.06430343436659314
400,37888.0,37901.04368547609,37871.61650070086,37843.71394975646,37872.504747051105,-104.0,15.318923558785173,-93.985194398163,-48.42972558194015,-1.4513904694249504
401,37680.0,37916.43178510047,37695.713809806985,37773.14119905275,37870.278593934236,-120.0,15.098328582433169,-97.33364185897517,-24.00215117733751,7.287776579843921
402,37648.0,37931.24034264096,37676.94921698291,37795.70964740178,37887.08030021079,200.0,14.1731394232811,178.5195105019884,96.42327204992762,28.755721287096094
403,38080.0,37944.77806394703,38052.75283081096,37965.987743152604,37927.79003650843,200.0,12.622311299932335,187.02974947138136,113.27196732712036,33.09923812305715
404,38048.0,37956.48496524082,38051.00871592567,38022.25358205602,37953.27877645691,0.0,10.617718908430106,13.299464743078715,43.39262993142984,20.75267877132501
405,38080.0,37966.01350176389,38079.35176029712,38052.77300301546,37969.29539405108,32.0,8.396968252487568,25.101845857054286,16.905922467169148,10.48138729672064
406,38112.0,37973.2789017458,38101.21240763978,38056.06542699036,37974.24155105035,-32.0,6.224601994716068,-32.07731445844547,-24.674862529922393,-1.9417654482094804
407,38016.0,37978.46270575332,38015.19713138023,38003.42327795562,37965.41186315466,-96.0,4.34849842105541,-90.0296193584254,-58.93051005693269,-11.359094737956184
408,37920.0,37981.97589858791,37921.15316892293,37938.204406876495,37951.52336157444,-104.0,2.9653306012332905,-88.27811784263395,-56.116667640879314,-12.312333501500689
409,37808.0,37984.39336695579,37838.64089569496,37891.18994267386,37940.78719615166,96.0,2.1883113017283904,70.69220524684351,-5.4194928657016135,-4.096805615194171
410,38112.0,37986.352521191366,38062.53757941662,37927.36542114509,37943.32975034405,-152.0,2.0399503327607817,-140.24769697277225,-56.14181095621825,-5.890958290408889
411,37504.0,37988.47326762131,37558.145501749415,37778.90632076142,37929.00527957084,-64.0,2.469071481235005,-53.94740724888834,-11.005940002956777,6.925793205333321
412,37984.0,37991.290664153836,37954.64276491884,37905.35354113918,37957.181336754715,208.0,3.3554019812945626,186.8262038699213,87.12399094734064,26.83512402161068
413,37920.0,37995.1840715839,37931.79790948926,37953.154302656105,37982.67552761406,16.0,4.549960253563768,36.144692016692716,64.37791284497871,28.627967240048747
414,38016.0,38000.39058466096,38026.932148952226,38034.109366829136,38014.43727123481,176.0,5.898356473004242,149.79498422408506,90.00974758759912,31.683607182494598
415,38272.0,38006.98078452991,38231.38787793743,38133.1737978313,38046.04274197905,-16.0,7.233476017936482,1.3951186723497813,29.651329917818657,20.307607843187725
416,37984.0,38014.857536696836,38029.722386296926,38093.41202666477,38055.05248692119,32.0,8.400597337844374,26.946439844115957,14.94424216585685,12.56236928819635
417,38336.0,38023.781979205596,38285.28075762566,38163.06228216302,38071.16748055544,16.0,9.263061128651316,1.9621594570344314,-16.81860342024447,2.8733676620286133
418,38016.0,38033.38365895414,38033.646705210995,38059.774819824284,38060.799222245245,-184.0,9.695771844093542,-163.40052635967368,-81.4000524265939,-8.128297197934444
419,37968.0,38043.17352289378,37958.47970490631,38000.26217730983,38054.910886159574,-136.0,9.599420766022376,-122.76847577313674,-43.381553859537235,-1.5427917776942195
420,37744.0,38052.58250048618,37788.10975366472,37973.01171210521,38057.71363868986,216.0,8.927722906810232,199.37062856761622,87.25539084798584,18.48843446477622
421,38400.0,38061.028968707404,38357.220962041545,38174.7729590058,38091.88775508913,232.0,7.702852692902525,206.0242070989334,89.14772640349474,18.768504153729737
422,38208.0,38067.98820587199,38200.15816786259,38151.3071649122,38095.250646997316,-240.0,6.03194069161691,-196.27195486600613,-51.812211637501605,-2.2745757419470465
423,37920.0,38073.09285009064,37964.67705230953,38071.1485357308,38087.33860360523,-8.0,4.107593335604179,-12.095854005387082,-4.584361316003196,0.45488678817491746
424,38192.0,38076.2033925432,38175.966459851814,38142.13844228019,38096.160420573666,160.0,2.1845101985600195,131.12170680133568,46.05912768948838,4.0298379971209215
425,38240.0,38077.46187048776,38226.920465912204,38163.266791109774,38095.398279599474,-16.0,0.5376281233002373,-14.443664378610265,-17.238255615528033,-7.99222699422171
426,38160.0,38077.2786487898,38147.07913109459,38107.66193104914,38080.17596658522,-160.0,-0.592252605871181,-144.44567934462611,-81.7738945360652,-19.213514684986876
427,37920.0,38076.277365276015,37938.02910722295,37999.719002037644,38056.9712502295,-136.0,-1.0400959980033804,-118.90448775688856,-68.08342799267484,-16.356153844248183
428,37888.0,38075.19845679379,37909.270155580816,37971.49507506379,38047.463658896726,104.0,-0.7546366077804123,77.59182626194888,13.523610558040673,-1.5344083879390382
429,38128.0,38074.768092060454,38093.21275974685,38026.766223153725,38053.90243345362,16.0,0.19295291927846847,10.006402900275134,4.654259666800499,2.733896229579841
430,37920.0,38075.58436263235,37929.28296138137,37980.80359439739,38052.931451355886,-152.0,1.6269143869030813,-117.51499145864,-15.560831557639176,5.675590470054885
431,37824.0,38078.02192083426,37858.18277682957,37995.64456003845,38065.25361439373,216.0,3.3073919741800637,196.05655286099136,100.66324566028197,24.384843757532508
432,38352.0,38082.19914658071,38321.39606710335,38182.13008571795,38101.70113887095,240.0,4.97229547383904,213.9507725255753,101.55056853847782,23.932581420769566
433,38304.0,38087.96651178194,38286.08432188072,38198.7456971154,38113.11877723527,-152.0,6.378126514460746,-124.890135819016,-36.01154004484488,1.8735772260806698
434,38048.0,38094.95539960963,38071.61579546532,38110.10700562826,38105.44829332311,-96.0,7.332191999536008,-96.38954908879896,-57.58518867301245,-4.798069246000523
435,38112.0,38102.63089578101,38093.30522370312,38083.57531976938,38103.52263874327,-80.0,7.69993526647886,-71.78445324657514,-40.74402597419976,-2.349522642678494
436,37888.0,38110.35527014259,37928.04688897217,38028.61895367986,38100.749248037755,40.0,7.409667717914999,34.976110129868175,15.353110750420456,7.8640716963709565
437,38192.0,38117.45023121684,38163.25744396286,38114.28154127022,38119.25078213601,112.0,6.44604738038106,91.49777480500052,46.8033582254684,14.864073205058958
438,38112.0,38123.24736490335,38111.04243858217,38122.2256701308,38130.47739444787,-88.0,4.848827115147287,-57.00281246986924,13.05696392597747,12.15048203425249
439,38016.0,38127.147885447135,38049.25181902312,38140.39546912217,38143.55174620452,176.0,2.7149679440371983,157.60906888991303,80.36753355246401,19.451939066872
440,38464.0,38128.67730079142,38426.260576361994,38282.96073723573,38169.38127258162,160.0,0.20384551376264426,135.1710458154921,52.04563673141456,11.098590006182349
441,38336.0,38127.55557647466,38319.593910654105,38244.486742585,38165.74892621688,-264.0,-2.462421305161115,-221.58372956079984,-84.23062335822397,-12.14490005389598
442,37936.0,38123.7524581811,37983.093117240394,38114.49949051928,38145.091472473825,-64.0,-5.003166060727381,-68.14859008830535,-40.73750680608646,-10.202880119362817
443,38208.0,38117.549244353206,38183.296730477494,38163.01172897283,38145.343165978156,88.0,-7.11008693425174,76.6872656245614,26.01810293996823,-2.8811481967604777
444,38112.0,38109.5322843126,38136.46764848952,38166.535696399216,38139.329176080304,80.0,-8.490474472284404,75.50916045960912,30.79181562599115,-4.647531093836733
445,38368.0,38100.56829540864,38334.31505139671,38224.59536022481,38136.04810379048,48.0,-8.911491843435215,29.422659890769864,-13.642656061994785,-14.878667100296298
446,38208.0,38091.70930062573,38195.31296827106,38139.25038427523,38109.57184187971,-224.0,-8.260951728301734,-202.43724177038894,-119.7197838119755,-31.39766981678622
447,37920.0,38084.04639195203,37929.440567855934,37985.15579260086,38073.25276415691,-240.0,-6.574471735897532,-218.66956113544074,-121.51669537393173,-28.6564395149544
448,37728.0,38078.56035715393,37757.973846000175,37896.21699352736,38052.2589628498,-24.0,-4.03780673775691,-21.597491854885448,-4.830302309816034,-4.7808531646223855
449,37872.0,38075.97077847652,37886.24558414616,37975.49518798123,38063.691057827666,296.0,-0.9699760674848221,268.14336474026277,131.02578844447635,21.016647869251756
450,38320.0,38076.62040501896,38294.2605754807,38158.268570416316,38094.292258588306,232.0,2.2360239292866027,210.6741628745949,101.90766764324144,19.31581369005289
451,38336.0,38080.44282633509,38307.59390989535,38179.31052326771,38102.32268520777,-184.0,5.186465283968573,-161.73018913896522,-57.30278551474112,-3.6534391201457765
452,37952.0,38086.9933355869,37970.80019720277,38043.662999386834,38086.985380348015,-240.0,7.5498072568298085,-209.7596536483179,-89.81602418746843,-8.588035842356476
453,37856.0,38095.54244084875,37888.07460259872,37999.678474892775,38085.14661352306,96.0,9.113013512571342,77.6474183895225,27.854712952332193,9.618563851199724
454,38144.0,38105.21936261204,38126.095033981816,38099.3724252915,38106.222508050414,168.0,9.811249613667314,148.49560129219026,77.38016304447228,19.187019929871894
455,38192.0,38115.16494007609,38185.0658051831,38154.43880098172,38123.5206533828,8.0,9.734232403141505,24.299797116749687,36.28577618108102,13.874178001529799
456,38160.0,38124.687827418325,38174.694628215315,38171.94397765366,38133.97086405347,80.0,9.096477529001277,63.10196410879871,23.477165498770773,9.148753873349051
457,38352.0,38133.35789513409,38311.269733400695,38201.39313197926,38141.8181611295,-112.0,8.19034669872417,-97.39765046816683,-45.8542796847687,-2.6617948675011576
458,37936.0,38141.068520815774,37979.89932727898,38080.23541828412,38128.64727431847,-80.0,7.336558494207566,-81.55234706978445,-49.04000455307687,-3.538523095106939
459,38192.0,38148.031012122505,38148.16503926113,38103.31312287311,38134.74111493929,-56.0,6.833870758295234,-50.90909171221938,-21.26573397446191,3.2308963677787688
460,37824.0,38154.736262332364,37878.08114385454,38037.7039503352,38135.10906705403,48.0,6.919714757390466,61.71443644026294,41.24280262969114,15.923405467445264
461,38288.0,38161.870441637286,38271.59391214165,38185.79872813249,38166.58792587418,296.0,7.733785097392683,250.08971642125834,96.99414186353897,25.408255113859923
462,38416.0,38170.20383252715,38378.26057669706,38231.69223406228,38185.92557728175,-160.0,9.312439360110147,-139.05058101293616,-46.260377039077866,7.833930271655845
463,37968.0,38180.495320357506,37993.49275011578,38093.277974054334,38182.25578641749,-232.0,11.58766029553226,-200.28394694875533,-75.77527298077621,7.042998456614441
464,37952.0,38193.379153118214,37977.69268279955,38080.141688100724,38200.01157419498,144.0,14.391927344440774,112.6633466814892,50.93455809675288,30.15636648724103
465,38256.0,38209.27917504639,38218.81944347876,38195.14709024784,38242.56851939197,48.0,17.479796676474507,55.22397807301968,84.57894727103121,41.88537116658699
466,38048.0,38228.33874647116,38088.14063894559,38249.29958264279,38283.78231652815,264.0,20.55016894680739,261.0538991045796,154.80228371634075,53.002912962590926
467,38784.0,38250.37951294,38740.92724168792,38504.75165768052,38348.57434531715,272.0,23.27066878210462,246.39330227208484,115.82790387799469,43.020746054859046
468,38592.0,38274.88008403537,38580.92724348976,38480.955390398776,38369.82380863787,-272.0,25.304553602320084,-237.96850253269804,-79.31857208236033,10.140653752612707
469,38240.0,38300.98862014464,38264.99023662252,38346.1145135158,38368.85565282238,-176.0,26.35027382609769,-168.38110197127753,-81.78362012507205,5.474626825624
470,38240.0,38327.58063168757,38244.1650395472,38317.38815014863,38380.77306228912,0.0,26.1736985899297,6.606969691347331e-07,9.967711707147828,18.95606258119369
471,38240.0,38353.3360173245,38264.990237943915,38366.049936930096,38406.767777984765,224.0,24.64125688992135,203.26851510693086,111.68675524650826,34.333104594890756
472,38688.0,38376.86314546741,38650.702069761064,38540.76166064165,38449.4392714789,136.0,21.753915206878446,141.73005363179618,101.0925540323733,30.74345706807435
473,38512.0,38396.84384773826,38548.45034520751,38568.23504499484,38468.254692120914,88.0,17.6540661301442,80.00000148397521,55.59090685062256,16.628155248065013
474,38864.0,38412.1712777277,38810.702072729015,38651.943474342894,38482.69558197503,-48.0,12.6287087314995,-43.61152502996629,-22.31983348050926,-4.624331047136366
475,38416.0,38422.10126520126,38461.227295147575,38523.595378033824,38459.00603002664,-88.0,7.0681420261571475,-83.96468564698444,-74.55040729215034,-21.539250447054656
476,38688.0,38426.30756178001,38642.772701435046,38502.84265975859,38439.61708108092,-232.0,1.4143753550742986,-227.5408898222886,-113.33138839593812,-31.808094891675864
477,37952.0,38424.93001591141,38006.145515503,38296.93260124195,38395.38984024329,-56.0,-3.897526690081577,-48.438044653532415,-33.4437578956713,-22.057748825463932
478,38576.0,38418.51250839985,38545.89661212798,38435.95514396725,38395.50158342999,288.0,-8.52226930849065,254.72239678632832,69.0001147089315,-8.913177641799848
479,38528.0,38407.885477294425,38515.590309075655,38434.93283065981,38377.56348495969,-104.0,-12.253545460811438,-92.35475767404569,-47.555897977537825,-25.459924222319387
480,38368.0,38394.00541747823,38361.18709677989,38340.843348012175,38344.58173498535,-200.0,-15.068227040632337,-188.46772839632104,-107.66780864154862,-34.152663225064316
481,38128.0,38377.74902321316,38138.65485228301,38219.59721337671,38309.25815850956,-192.0,-17.1425152060001,-169.25798308182493,-75.44752794710803,-26.26066855031604
482,37984.0,38359.72038706623,38022.67113061624,38189.94829211796,38292.06039788472,224.0,-18.838064145598764,195.21660413407153,73.32522480022817,-1.7947407306055538
483,38576.0,38340.07289492196,38529.088060551156,38366.24766297717,38305.66867704835,160.0,-20.668899554595555,154.01255997103,71.42320234779982,0.09171301604874316
484,38304.0,38318.382587957036,38330.6962505583,38332.79469681356,38292.24382391682,-72.0,-23.2299895295655,-64.91055720137956,-19.055617756836,-14.01266193569245
485,38432.0,38293.61291586283,38399.2669461484,38328.1364274635,38277.643353176965,-96.0,-27.111547620224883,-95.09457366790593,-56.590055618307815,-22.31830308100325
486,38112.0,38264.159492716586,38140.50710322249,38219.61458557694,38247.60721775481,-136.0,-32.80262740413309,-116.22432681347709,-54.71454909808017,-23.25577453441656
487,38160.0,38228.007661054566,38166.81829252144,38218.70732926734,38231.13180410813,72.0,-40.585620332552935,60.40265190616992,28.44640832406003,-12.918823441268614
488,38256.0,38182.98825205148,38261.31240703483,38276.50740222506,38221.769570872275,136.0,-50.43314148616628,121.05614968751615,68.05377407025662,-11.073754692246439
489,38432.0,38127.14137808223,38408.930591896475,38354.81487740785,38208.98429472364,24.0,-61.930403647991625,32.27114434401301,39.71491388671711,-23.936061412452545
490,38304.0,38059.1274447555,38325.854695722854,38355.9372299985,38173.89744804737,16.0,-74.2550015168963,26.19758244062905,27.090967589894717,-41.59197427390245
491,38464.0,37978.63137504844,38461.32575677773,38408.99681258764,38125.800346175834,152.0,-86.21615745938107,122.09984494353557,25.557988882959762,-65.00708456274151
492,38608.0,37886.695129836735,38570.054385609925,38407.05320776442,38043.88327892189,-96.0,-96.34502859945496,-94.6628831832204,-102.41700094101543,-110.12290330785618
493,38272.0,37785.94131784953,38271.99999041129,38204.16281070561,37905.55453956012,-488.0,-103.04095157839765,-460.4135422943291,-353.07200601724617,-156.65101238375428
494,37632.0,37680.61322667994,37649.22730102127,37700.909195729924,37730.58125415438,-352.0,-104.76759645531274,-360.6136450664999,-352.5360027994793,-170.04422269802672
495,37568.0,37576.406124938905,37550.77270027829,37499.09080510665,37565.46609416407,-256.0,-100.24122527461805,-264.61364912422505,-275.95949347069836,-165.24185528210728
496,37120.0,37480.1307761307,37120.00000277282,37148.99020878853,37400.097543590164,-424.0,-88.62059966095694,-400.8154871823026,-295.91898652311284,-151.36367339439676
497,36720.0,37399.16492561699,36749.14172591369,36907.252832060425,37262.738747375275,-184.0,-69.65323858273769,-175.08429397709187,-148.11096069788618,-110.2218588461219
498,36752.0,37340.82429896523,36769.83141481863,36852.768287392755,37179.65382589792,136.0,-43.77952098134119,109.84676299813145,-4.100400971292402,-61.70223018246179
499,36992.0,37311.60588365431,36968.83525190995,36899.05203011784,37139.33428701035,104.0,-12.190881868311408,83.18009664105557,-0.19024221599465818,-32.95282453705295
500,36960.0,37316.442535228605,36936.191608100744,36852.387802960766,37113.748176823814,-192.0,23.199428644951695,-172.9015286466638,-100.47032567669521,-17.898701345344307
501,36608.0,37358.00474094421,36623.03219461662,36698.11137876445,37103.53688431966,-240.0,59.864774218985985,-216.78251505984008,-109.22073481408734,14.565551711835724
502,36480.0,37436.17208366658,36502.626577981064,36633.94633333259,37142.879280247485,-8.0,94.87299607028763,-7.2727267302288965,12.808121234433202,72.48635994019423
503,36592.0,37547.75073308479,36608.486741156164,36723.727621233316,37248.50960420005,232.0,125.18174264272238,216.73972877509368,155.6450985173833,138.4558041625678
504,36944.0,37686.53556895202,36936.10603553125,36945.23653036736,37419.79088857262,264.0,148.00690906122327,259.7036122121426,222.1271743177167,195.07082880119924
505,37120.0,37843.764551207234,37127.89396558045,37167.98196986875,37638.65126180245,520.0,161.2077672073865,523.9469823159416,519.3821483739557,282.1219460043794
506,37984.0,38008.951103366795,37984.000000163134,37984.00082711527,37984.03478058138,968.0,163.61620688523544,964.0530169359263,944.0071657242988,419.6642333185737
507,39056.0,38170.996964977705,39055.9999994523,39055.99630131735,38477.9797284396,784.0,155.24054194955534,766.1925913765954,677.3770532962953,353.4359490851966
508,39552.0,38319.432187265906,39516.385182916325,39338.75493370786,38690.90667875177,176.0,137.2942047288525,187.4822973176815,170.11905195056534,169.87228424976274
509,39408.0,38445.58537443541,39430.964594087665,39396.23440521848,38817.72429693912,24.0,112.02082791045541,29.402381609670556,51.5966741198572,97.3038330343079
510,39600.0,38543.47384308682,39575.189946135666,39441.948281947574,38885.51434482039,40.0,82.34697705349754,20.175082726327673,-33.31198229712027,32.065765122282755
511,39488.0,38610.279328542405,39471.31475954032,39329.61044062424,38881.85582718369,-304.0,51.4432833455794,-291.5949724391867,-218.61265559859385,-33.96572627751448
512,38992.0,38646.360409777975,38992.00000125729,39004.72297075039,38817.58289226536,-440.0,22.271538726858125,-422.37255976310917,-291.4459499112745,-72.99379030505952
513,38608.0,38654.82240599612,38626.5696400141,38746.71854080169,38735.86824657357,-240.0,-2.8026163178546994,-225.2307698606528,-188.64515954785747,-75.3212333631127
514,38512.0,38640.755177142266,38541.53846153599,38627.43265165467,38666.940425539135,96.0,-22.234100689995103,62.6611292018315,-61.56956331968104,-61.18079975747969
515,38800.0,38610.35420461613,38751.891898417765,38623.57941416233,38613.50664705861,-96.0,-35.36987809133643,-98.8934016455787,-92.06353041117836,-62.75844612759465
516,38320.0,38570.01542095959,38343.75165824483,38443.305590832315,38541.423533283945,-256.0,-42.367126743443805,-220.6756183326106,-118.62102791385405,-61.011937110462895
517,38288.0,38525.61995112924,38310.540661752544,38386.33735833462,38491.482772837684,112.0,-44.0106409400687,79.49231227042037,-7.799553330391063,-39.76662180438143
518,38544.0,38481.994139079456,38502.73628278567,38427.70648417153,38461.89028967518,-24.0,-41.47970699189682,-14.122965038535767,-16.777632077315502,-33.697968678741745
519,38240.0,38442.66053714545,38282.29473167547,38352.78209417999,38424.0868354802,-8.0,-36.10264476377779,-8.967892732824112,-18.533342901555443,-28.599112420968595
520,38528.0,38409.7888495519,38484.80049732002,38390.63979836842,38404.692064833245,0.0,-29.173719188773248,-13.491747755349934,-30.822396627354465,-25.560167405295942
521,38240.0,38384.3130987679,38255.31123616477,38291.13730092528,38372.96650066961,-184.0,-21.804744540859247,-152.93308033140056,-73.93384698050795,-25.07723913015434
522,38160.0,38366.17936047018,38178.93433665722,38242.772104407406,38354.53758657294,40.0,-14.843303228582954,18.294783778557758,-6.979144314165751,-8.70203476802999
523,38320.0,38354.62649231074,38291.90080372189,38277.17901229695,38355.56243113355,-40.0,-8.846143337163085,-27.529514325899072,12.996414038010698,2.802966117295
524,38080.0,38348.487073795855,38123.87530800542,38268.76493248343,38360.14351880753,152.0,-4.092319540421158,146.69484767247195,85.96838642819057,18.58826361435058
525,38624.0,38346.441853229895,38585.29049906683,38449.11578515333,38392.73895836225,192.0,-0.6251110519478971,172.52388303375483,92.90874524656829,21.03238747283831
526,38464.0,38347.23685169196,38468.92307407293,38454.582422976564,38402.2082937532,-128.0,1.67800636919128,-91.75205462925442,0.7578493115142919,6.379750078613142
527,38368.0,38349.79786596828,38401.78638980832,38450.63148377636,38405.498458519476,152.0,3.0386843630476505,122.46573675258333,37.36480268797459,5.165087692246743
528,38768.0,38353.314220418055,38713.8545475781,38529.31202835251,38412.5384691377,-24.0,3.7130346484773327,-35.894591676722484,-40.66344124758325,-10.733065924894618
529,38320.0,38357.22393526523,38329.99720645488,38369.30460128119,38384.03232666969,-312.0,3.916063570923143,-277.30629348740695,-135.35512643073162,-25.304526134528714
530,38144.0,38361.1463475599,38159.241960603285,38258.60177549105,38361.92941686864,-104.0,3.807249176741607,-94.54544283518408,-53.4019380446116,-11.206438957611681
531,38112.0,38364.838433618715,38140.90632078451,38262.50072519197,38361.61944875446,232.0,3.4730470952781616,197.6138653183043,79.1493122969041,12.171004323547095
532,38608.0,38368.09244175046,38554.469691239894,38416.90040008486,38386.27142551573,64.0,2.9329266112727055,74.49392544030343,58.84987493531298,13.565548037055123
533,38240.0,38370.70428684126,38289.89417166512,38380.20047506259,38388.750544828574,-40.0,2.159176886540081,-15.104661249180936,33.40031250903485,9.916646554269391
534,38528.0,38372.41079552354,38524.26036874153,38483.70102510293,38406.10471862427,264.0,1.0869655367641826,215.66804078408313,81.35106259180247,11.259409726910235
535,38768.0,38372.87821791479,38721.23025323328,38542.9026002462,38411.269364282394,-152.0,-0.3767377597359882,-132.8018792781986,-53.3471247336347,-12.671886127754988
536,38224.0,38371.657320004066,38258.656610185135,38377.00677563566,38380.76094636876,-216.0,-2.3723381742129277,-193.36756218608934,-89.39243679271385,-22.67037059519498
537,38336.0,38368.13354156636,38334.495128861105,38364.11772666077,38365.928623092004,88.0,-5.099995045296964,68.31416298148906,1.1698143555004208,-13.335892122158839
538,38400.0,38361.45732991347,38395.28493614811,38379.34640434666,38354.089162124445,40.0,-8.843863569858513,37.214488027562766,4.901879859215114,-14.135002861337853
539,38416.0,38350.44581442665,38408.92410491623,38373.9214863792,38337.65861736933,-16.0,-13.964864443420083,-21.74030665072496,-26.464174777858716,-20.347613886649924
540,38368.0,38333.52760102663,38351.80432284666,38326.41805479094,38313.393934351145,-160.0,-20.85092655941844,-138.09816783624774,-68.29440419279126,-26.994986300625897
541,38096.0,38308.74396130781,38132.727769243735,38237.33267799362,38283.66864476808,-40.0,-29.85936476668212,-35.43770738424428,-18.41903780051507,-20.34185734466155
542,38288.0,38273.80887149327,38280.928908078175,38289.57997918991,38272.71021966182,136.0,-41.20673000624811,112.84567922533097,53.03729079125333,-11.722914123165538
543,38368.0,38226.33050129531,38358.4191276944,38343.407259576124,38260.222816521746,16.0,-54.83914584789818,29.58585808821954,41.53091017427505,-17.8762623139919
544,38320.0,38164.13057979747,38340.100624254614,38372.64179953846,38236.95769503384,88.0,-70.33102555825462,82.18461783329622,55.55543973157182,-27.417236736211635
545,38544.0,38085.668450178804,38522.78836336099,38454.51813903927,38205.38834304932,88.0,-86.81961709019743,76.62955591131322,37.13540902044042,-48.49993483204889
546,38496.0,37990.491345617076,38493.35973607724,38446.91261757934,38139.95782536974,-56.0,-103.02647089427774,-42.62994689755942,-32.14921267025784,-83.23262641109977
547,38432.0,37879.61550839025,38437.52846956587,38390.21971369875,38038.92309022712,-16.0,-117.35699832929822,-28.18891868202627,-77.58304703120666,-120.68858063125663
548,38464.0,37755.77734895848,38436.98189871319,38291.74652351693,37898.58066410723,-240.0,-128.07694696464387,-242.7642349750422,-219.11049953566908,-168.61339291453623
549,37952.0,37623.46161446096,37951.999999615786,37951.998714627414,37701.69630439805,-640.0,-133.54290052909346,-617.8772998469976,-517.9463550217297,-209.39954448927529
550,37184.0,37488.69154790029,37201.22729901919,37255.85381347347,37479.781575128676,-416.0,-132.43180682758248,-424.6136489838391,-447.5095198589879,-207.12565051294223
551,37120.0,37358.598000805796,37102.77270164811,37056.97967490944,37287.445003372166,-232.0,-123.94161881060427,-235.22578979980972,-230.38430110930858,-183.96432158789685
552,36720.0,37240.808310279084,36730.77571941957,36795.08521125485,37111.85293195288,-272.0,-107.9224104225359,-267.4836844613819,-224.35185802715932,-155.9994248216426
553,36576.0,37142.753179960724,36567.805332725344,36608.27595885512,36975.44615372888,-216.0,-84.92018664880015,-203.94372306750665,-170.6712729721694,-116.43447053755881
554,36288.0,37070.967936981484,36322.88827328456,36453.742665310514,36878.983990877765,-72.0,-56.136677318088914,-70.47569301798649,-71.66196088935249,-66.91296330722616
555,36432.0,37030.479825324546,36426.85394668937,36464.952037076415,36841.62022711443,88.0,-23.31980210369875,78.23540685167973,27.685390304104658,-16.882752407615044
556,36464.0,37024.32833277409,36479.35908698792,36509.11344591872,36845.218486062535,144.0,11.393589258856082,129.30057523812138,66.71813180167374,22.659183251234936
557,36720.0,37053.26700384226,36685.45509716561,36598.38830067976,36886.9385936169,40.0,45.68050665670671,33.37149600574412,28.469005100923823,50.06703723520695
558,36544.0,37115.6893460875,36546.10207899941,36566.05145612057,36945.35256053295,-160.0,77.2498576858743,-128.84262316916647,-21.31111649891318,78.4815949426993
559,36400.0,37207.76671921401,36427.76985082728,36555.766067681936,37043.9017835023,16.0,104.05716627421862,20.517025964280037,67.59764540233664,130.7443121444594
560,36576.0,37323.80367863594,36587.13613092797,36701.246746925244,37206.84118482187,440.0,124.51471018586017,426.1150737579119,362.11719780577187,194.48146056066616
561,37280.0,37456.79613958573,37279.999998343104,37280.00046329348,37432.86470462363,624.0,137.65908448702248,618.4319365292722,561.3763555032856,233.6667550329439
562,37824.0,37599.12184760998,37824.00000398651,37823.999457931815,37674.174694887755,528.0,143.24371962744408,527.999997869043,508.3878054448105,233.81872500851387
563,38336.0,37743.283578840616,38335.99999408119,38296.7760741831,37900.50215464066,472.0,141.7396685226413,449.08246738210073,352.14001891411317,204.55256748493412
564,38768.0,37882.601184655265,38722.16493875071,38528.27949576004,38083.27982985762,88.0,134.23329620658114,99.27094283253246,111.64316945696191,148.5416667098507
565,38512.0,38011.75017125378,38534.541879746255,38520.062413097025,38197.58548806036,-88.0,122.2304520513826,-74.91366027317417,-4.185876114504936,98.58493260575051
566,38592.0,38127.06208875803,38572.337618204365,38519.90774353103,38280.449695069125,-56.0,107.40917258578702,-60.51617052008805,-36.20079780048036,67.28669176221956
567,38400.0,38226.56851642535,38413.50953870608,38447.660817496064,38332.1588715848,-104.0,91.37304186217807,-91.28038596787155,-48.4165172869325,48.31712009491821
568,38384.0,38309.808172482386,38389.77684626862,38423.07470895717,38377.08393525896,16.0,75.44765409926913,5.15153890566944,-5.048754060317151,44.57926043710904
569,38432.0,38377.46382462389,38423.81261651742,38437.56330937543,38421.317392459016,-16.0,60.570552290057094,-6.901147164131544,17.270255105977412,43.6993268230035
570,38352.0,38430.9492770625,38375.97455194036,38457.61521916912,38464.48258890497,64.0,47.27293524626293,72.03469512474476,72.85951937824939,48.78932589120086
571,38560.0,38472.009695116416,38567.88200676691,38583.28234813193,38518.89604424142,256.0,35.73568520306435,231.80968106318323,137.3083030287744,52.3582575485234
572,38864.0,38502.42064746863,38839.593914066725,38732.23182522667,38569.199104002015,168.0,25.929577167258685,149.18928523133945,83.06538970807742,35.563014960695
573,38896.0,38523.86884945093,38866.26057722959,38749.41312754808,38590.02207416281,-200.0,17.726409460119612,-166.95329933221728,-56.112133904542134,5.524073868935375
574,38464.0,38537.87346638887,38505.68731540229,38620.007557417586,38580.247251739886,-120.0,10.985976864089025,-107.21383617279935,-51.40179142170382,-3.9624598359296215
575,38656.0,38545.84080317911,38651.83290488399,38646.609544704675,38582.09715449095,160.0,5.625437205420894,125.3101139016253,21.9067596394234,-1.8452395243875799
576,38784.0,38549.12434079971,38756.30754320554,38663.82107669643,38576.55677269111,-32.0,1.6134289588590036,-33.98764565075908,-42.87792966001871,-15.912543165282841
577,38592.0,38549.06766109683,38583.85761358247,38560.85368538464,38550.27206816038,-240.0,-1.0581039914832218,-213.16186171072695,-118.54054861948316,-28.37110112270966
578,38304.0,38547.00813281674,38329.98381978409,38426.73997945747,38519.81457044569,-136.0,-2.4204106539582426,-123.95469487794253,-72.74371619843441,-19.666769192408537
579,38320.0,38544.22683978891,38335.948223826585,38415.36625298777,38510.938529775565,96.0,-2.5686896168808744,85.7055231754166,36.309400024190836,0.6708858186539146
580,38496.0,38541.87075358298,38501.39486613492,38499.35877950585,38521.156342083,224.0,-1.6889227829924494,192.4209729829381,85.67191627099965,11.475629411583213
581,38768.0,38540.84899422293,38720.79016979246,38586.71008552977,38533.88978859873,-16.0,-0.060449313303251984,-16.65384738013745,-3.293651211195538,1.0279359456726525
582,38464.0,38541.749854956375,38468.087171374646,38492.77147708346,38523.212213974344,-280.0,1.9859242046331929,-232.26714154460205,-79.55286990458262,-7.716963925675373
583,38208.0,38544.820842632194,38256.25588670326,38427.6043457206,38518.45586074738,152.0,4.101713575008034,126.10531105743576,44.63504149744767,10.766439810409793
584,38768.0,38549.95328210639,38720.29779348952,38582.04156007835,38544.745093595164,136.0,5.966042560809001,128.8737120213118,61.457994396922004,15.12648752754103
585,38480.0,38556.75292775381,38514.00331074588,38550.52033451445,38548.70883580246,-48.0,7.338937648033607,-36.27792901422072,3.7389416933183384,7.3991839974187315
586,38672.0,38564.63115740246,38647.741935461076,38589.51944346499,38559.54346159,32.0,8.090684773200337,12.448302020551637,-2.241169316959713,5.211798867043399
587,38544.0,38572.93429730021,38538.89991478698,38546.03799588053,38559.13243353655,-168.0,8.223382551426766,-134.3424467391742,-42.46244964419748,0.3455936233731336
588,38336.0,38581.07792250531,38379.05704198273,38504.594544176594,38560.23464883675,80.0,7.859092368322308,73.57940056263396,42.853820384360006,12.313947742033633
589,38704.0,38588.65248203686,38686.05871591225,38631.74563664925,38583.76032902062,224.0,7.205551259779895,199.15819003751312,91.02391079728113,17.513696634901862
590,38784.0,38595.48902502487,38777.37342205775,38686.64236577116,38595.26204210655,64.0,6.508263492873084,58.181816434262146,6.217912007483392,2.0648151912610047
591,38832.0,38601.669009022604,38802.422348780776,38644.181460664215,38587.88995940314,-296.0,5.993810504129215,-277.17061267973986,-136.3701747748346,-19.577584733255208
592,38192.0,38607.47664603313,38223.032196698274,38413.90201622149,38556.10687264004,-296.0,5.822101828183804,-269.89788528449935,-119.32843633198354,-13.577743131096213
593,38240.0,38613.31321267897,38262.62657821178,38405.52458800025,38560.73447314095,168.0,6.04435536852543,152.72727257238148,74.38486577888034,20.66432415795498
594,38528.0,38619.56535677018,38528.48674184304,38562.67174777925,38597.43552095595,368.0,6.597524038312258,337.8169984655033,174.4830336686282,40.17282386280203
595,38976.0,38626.508260755596,38938.26057514278,38754.490655337504,38641.08012086655,160.0,7.3286780168018595,151.55358339460508,81.06423522700425,26.898605953923834
596,38848.0,38634.222712803785,38831.59390863225,38724.80021823326,38651.2327328638,-304.0,8.021596510167,-261.4164366772093,-91.2903279876191,0.3142486404394731
597,38368.0,38642.55145377593,38415.427701788365,38571.909999362266,38641.70861814743,-104.0,8.448967984219053,-106.3083845741603,-50.93521918985789,4.161316191006335
598,38640.0,38651.12064877222,38618.977139483926,38622.92977985354,38659.55536524581,112.0,8.426467621538904,98.4351351151854,42.48467041804906,18.824515360669466
599,38592.0,38659.40438901901,38612.297972018736,38656.879340198364,38679.35764886877,96.0,7.8414920041650475,94.81069262850724,66.38923044400144,24.170166066392994
600,38832.0,38666.80363278055,38808.59852474094,38755.708240741544,38707.8956973786,80.0,6.671731126240047,79.29317642690876,60.68302091395162,22.33283337876128
601,38752.0,38672.74785127149,38770.88432487255,38778.24538202627,38724.02331562629,64.0,4.980963530790177,56.70742449439422,35.65983229785343,14.728784029008239
602,38960.0,38676.76555984213,38922.01337372973,38827.02790533725,38737.35326543661,-40.0,2.898361982566712,-38.8040824941927,-17.70352402039134,2.1976130821531115
603,38672.0,38678.54457523662,38693.27615988417,38742.838333985484,38728.4185417906,-152.0,0.59172814190606,-122.35641442473934,-48.770404359020176,-6.1137965564885235
604,38656.0,38677.949016125945,38677.30054488025,38729.48709661921,38725.12567232364,120.0,-1.7658055428764783,90.52710939734607,23.392310943327175,0.16341414922499098
605,38912.0,38675.01296415087,38874.33037867886,38789.62295587214,38728.74537008905,8.0,-4.0180489426566055,8.681727192913968,-1.0526628110055753,-5.543033730140451
606,38672.0,38669.91291824063,38694.66399926608,38727.3817709972,38714.039604863356,-80.0,-6.039525872893137,-66.3463830824112,-34.550299376336625,-12.603784982522484
607,38752.0,38662.93391240508,38741.63761251404,38720.522357119466,38703.537800124,8.0,-7.742303811977763,-4.838324181841017,-22.5982353180043,-12.924914733153855
608,38688.0,38654.42831061668,38684.9873509024,38682.18530036119,38688.18977539705,-80.0,-9.075531074387982,-71.71350709965554,-41.24440657767991,-15.338535957103886
609,38592.0,38644.782850256306,38598.21059831473,38638.033543964106,38672.860728209795,-72.0,-10.014807926538197,-55.7237610140437,-21.134984415028157,-11.286010776759213
610,38544.0,38634.3986947636,38573.53982887431,38639.915331531134,38665.61775384353,160.0,-10.557397159464017,133.2568095880415,49.83945333259544,-1.1620866740922793
611,38912.0,38623.66805593738,38864.72421749081,38737.7124506293,38670.53655486161,56.0,-10.717024538873375,44.57704141363865,10.6533444128072,-7.154371238837484
612,38656.0,38612.96464568585,38662.693911701586,38661.22202035675,38651.309011365855,-200.0,-10.518934301486297,-168.56074728130625,-73.8794200941702,-19.462092927464255
613,38512.0,38602.630187334405,38527.6027229282,38589.953610440956,38631.61236900668,-64.0,-10.000212530554563,-57.07757413240324,-32.29160469531416,-13.716023908837087
614,38528.0,38592.964220624744,38548.53876343678,38596.63881096612,38623.87696354818,152.0,-9.199981203004427,123.6298576924928,41.00460600822771,-2.941557281090354
615,38816.0,38584.2302249284,38774.86243831318,38671.96282245741,38625.7292544445,24.0,-8.16295804614856,20.635866442327824,3.3054227199972956,-7.661246381456294
616,38576.0,38576.63830453245,38589.810496321435,38603.249656406115,38608.55447078527,-136.0,-6.937582790564193,-115.99946038457347,-55.0883378482431,-15.54706011997041
617,38544.0,38570.35505934727,38542.863517544036,38561.786146760925,38594.63513420456,-56.0,-5.569698645413155,-52.62939105721307,-32.570436264726595,-11.387579870479385
618,38464.0,38565.49890724162,38484.55171420701,38538.10878387666,38585.77931104431,56.0,-4.10240088667706,44.446767698005715,13.377029054066952,-2.7668576080359344
619,38656.0,38562.150257573914,38631.75705294005,38588.54020486906,38589.10141898849,24.0,-2.570127737682924,25.990603433274373,16.70152342692745,-0.02282110639862367
620,38512.0,38560.358651766255,38536.53292107356,38571.51183073052,38585.73366883151,32.0,-0.9959200932353269,27.440473501315864,12.72754122671904,0.31893328460137127
621,38720.0,38560.15841738744,38686.63799994268,38613.9952873225,38589.73928555769,-16.0,0.6150132260554528,-16.704921417465812,-10.51889974677033,-2.507418995934131
622,38480.0,38561.588678218366,38503.12307823863,38550.474031236976,38580.71883083964,-80.0,2.2724173355163657,-67.8995305109238,-28.28424046703003,-3.9845131760666845
623,38560.0,38564.703252058476,38550.83893892083,38557.42680638844,38581.77025920556,0.0,3.998707888113131,1.9105552863511548,5.666178345676599,2.139941326189728
624,38480.0,38569.58609399459,38506.94418881133,38561.80638792833,38584.99871349202,104.0,5.821954569542868,90.82619394713038,45.28277550405255,8.478389961066569
625,38768.0,38576.34716119756,38732.49132681509,38647.99235739654,38598.72703912769,48.0,7.758765797378146,48.00377207920974,26.182148166488332,5.264677592054795
626,38576.0,38585.10362558935,38602.95173296975,38614.170684261306,38595.52806867613,8.0,9.80201072139971,5.219071003390127,-14.736331004583917,-2.222567017750407
627,38784.0,38595.95118264036,38742.92946882187,38618.519695387375,38594.28190509219,-144.0,11.906350610865047,-141.2728212191796,-78.39114118024372,-10.732068329336471
628,38288.0,38608.91632681108,38320.40609053139,38457.38840190082,38574.06393201746,-216.0,13.975587278397143,-184.59502445288672,-76.43709253614725,-5.914776473855454
629,38352.0,38623.902357197156,38373.7394199161,38465.64551031508,38582.45235214448,208.0,15.865164839517092,173.3894396536889,65.07986357179834,19.91103773424402
630,38704.0,38640.64665649011,38667.18496983877,38587.548129044415,38613.88600748595,104.0,17.400803590619034,98.01138842801083,63.67668325154591,26.927955715764256
631,38560.0,38658.703964378394,38569.76219677212,38592.99887681817,38636.30826357601,-80.0,18.401909121861536,-48.6117892060538,21.950186182843026,26.237669268859463
632,38544.0,38677.450474733836,38569.96139142666,38631.4485014101,38666.36134602367,152.0,18.7140755978362,130.0061517878239,82.17387529697953,36.17114974884316
633,38864.0,38696.132115574066,38829.77450034777,38757.34662741213,38708.650563073694,88.0,18.246109304694983,88.68561065996619,72.57143970809193,34.52174520371409
634,38720.0,38713.942693343226,38747.33261274659,38776.591380826285,38735.404836431095,56.0,16.99067013761305,54.22117613177761,47.540443827299896,27.524515178953152
635,38976.0,38730.11345584929,38938.216852611324,38852.42751506673,38763.6995934316,0.0,15.027697175279172,1.9685029213433154,14.049891773815034,17.67973667208571
636,38720.0,38743.998087693784,38751.26961858928,38804.691164373915,38770.764309775266,-40.0,12.51500105901141,-30.59914107566874,-5.39076850586207,9.602931832429022
637,38896.0,38755.143457967315,38877.018570459986,38841.64597805501,38782.90545709646,40.0,9.665071609895676,30.841804170624528,9.777802708598756,6.48642017601378
638,38800.0,38763.328230913576,38812.95322693053,38824.24676979111,38783.737150127294,0.0,6.707743204187864,0.7007911231921753,-5.275823368341662,0.0185505372028274
639,38896.0,38768.55894437569,38878.42015270637,38831.09433131832,38782.942558170864,-16.0,3.861380113346968,-22.432310692322062,-25.60527281362738,-6.447464047887479
640,38768.0,38771.05099114027,38768.08860554588,38773.03622416386,38770.84222203152,-128.0,1.305634722510149,-109.88851943107511,-55.53999507253684,-11.958225037767988
641,38640.0,38771.17021382071,38658.64311384422,38720.01434117325,38759.02610809533,-16.0,-0.8347899208347371,-16.229922480575624,-13.01471240398314,-5.864808531427116
642,38736.0,38769.3814112986,38735.62876058473,38747.00679935589,38759.112604968665,88.0,-2.4869758886416093,75.12944966415307,32.49585786058378,1.242127121771773
643,38816.0,38766.19626204343,38808.90201317253,38785.00605689442,38761.51036233887,40.0,-3.6255836404161528,37.783318450437946,22.50228598573449,-0.32672451284815907
644,38816.0,38762.13024401777,38811.19539748561,38792.01137132736,38758.45915594297,-32.0,-4.265774328931002,-21.729628258901357,-4.988999903373042,-5.928248598756909
645,38752.0,38757.664713385566,38765.442756654724,38775.02805708767,38749.65386514136,32.0,-4.455437657143193,21.461142442753044,-5.469285695853614,-8.92259754454426
646,38880.0,38753.21936870348,38854.117682371114,38781.07279993565,38740.61396085388,-32.0,-4.263153709249309,-40.73666242806212,-43.4188571841878,-16.009206244783854
647,38688.0,38749.13840596707,38683.9694317986,38688.190342719296,38717.63545265179,-224.0,-3.7745916890016815,-190.3010915795021,-92.78728585671342,-21.496735569497105
648,38432.0,38745.67018532548,38473.51549921211,38595.498228222226,38697.620489714885,0.0,-3.087611489725532,-2.8764365259557962,-10.943000385952473,-6.733938451161521
649,38688.0,38742.963182987616,38678.21655874669,38666.30434194739,38704.16757574947,192.0,-2.3006323144472844,155.78385326803254,59.958284698856005,7.355464822052454
650,38816.0,38741.06892069658,38785.083205748175,38715.41479761994,38712.33141935899,-72.0,-1.5036478217225522,-47.71732425765731,-1.1821455174867879,2.98041457747604
651,38544.0,38739.95588734417,38582.78191023137,38663.94005091242,38710.12840490442,-16.0,-0.7674756174601498,-8.391744359942095,8.495278748694545,6.103405790650868
652,38784.0,38739.53396946166,38768.29971702829,38732.40535511733,38724.53823094029,136.0,-0.13939194902195595,107.01639193838491,42.667981763570424,11.436737582884234
653,38816.0,38739.67710344613,38796.81469410814,38749.27601443956,38733.00188007019,-88.0,0.35933257772921934,-67.41155237942439,-16.491333457994187,4.313743133407115
654,38608.0,38740.25263461712,38633.47661226944,38699.42268820134,38733.165717207106,-48.0,0.7266488928435137,-35.955020491477626,-4.14198213754571,6.422122997271799
655,38720.0,38741.130401231814,38724.90465312519,38740.99205016447,38745.84612606473,144.0,0.9652069078365457,115.95130648168197,52.065387045357056,13.972715160864027
656,38896.0,38742.183048432795,38865.379225232806,38803.55346229205,38761.111147528834,-32.0,1.0819009316692245,-12.62930172837514,16.33814327361688,8.52057884054011
657,38656.0,38743.29420309515,38699.64604966844,38773.6683367117,38762.88728374581,96.0,1.075341111911257,84.23765119602103,28.949042775500857,7.120500404271297
658,39088.0,38744.33373065662,39033.85452762485,38861.451547843055,38775.35214833738,-48.0,0.9393625918928592,-48.488753074962005,-25.491014947125223,-3.1675279915652936
659,38560.0,38745.17292827894,38602.66854351851,38722.68630681745,38756.55222776268,-152.0,0.674592716673942,-137.61397577637035,-57.422087616872886,-8.972309186563507
660,38784.0,38745.682916089965,38758.62657607211,38746.60737260931,38757.40752996425,32.0,0.2986746836686507,29.09091291412915,5.224752096510201,-0.47432130021843477
661,38624.0,38745.770277646276,38660.85036934677,38733.13581101047,38755.603585162244,96.0,-0.14215250583947636,88.7170044408449,41.096343906396214,4.776234456108796
662,38976.0,38745.398611078286,38936.0605849538,38828.8000604221,38766.95999887647,96.0,-0.5687612388392154,73.27177594370369,22.06427962268208,0.9044136580450868
663,38816.0,38744.6327551686,38807.39392123418,38777.264370255834,38757.412412478334,-208.0,-0.8674439310088928,-171.69705754873212,-70.90350503835361,-12.476965774218115
664,38560.0,38743.66372321627,38592.66646985633,38686.993050345394,38742.00606732803,-56.0,-0.9087916742646485,-51.39510209616492,-26.774794737742923,-6.306041783896944
665,38704.0,38742.81517182007,38704.60371704185,38723.71478078035,38744.80032891054,136.0,-0.5638502914334822,114.95583239476764,46.57912082513212,4.834278028032713
666,38832.0,38742.5360226334,38822.57813464587,38780.15129199566,38751.6746233841,80.0,0.2701617205457296,70.86509083336568,30.51215721313929,2.8580256427630957
667,38864.0,38743.35549526116,38846.33389870858,38784.73909520663,38750.516380196066,-72.0,1.644697799009009,-64.57474239439398,-35.042649185714254,-6.832424178232031
668,38688.0,38745.82541823142,38693.42864985708,38710.06599362423,38738.00977502763,-144.0,3.5511946009501116,-125.76199956608616,-63.64010477028569,-10.006116417047451
669,38576.0,38750.45788446306,38594.80989957641,38657.458885666056,38730.50414736197,0.0,5.9166085953693255,-4.569252398614481,-11.877665125150088,0.21957970243602176
670,38688.0,38757.65863542216,38684.29014505985,38686.31066337393,38738.448934432505,88.0,8.607980815693736,70.93097078270148,28.0071093948427,10.467233792162006
671,38752.0,38767.67384609445,38736.67184114181,38713.47310445574,38751.438614946295,-40.0,11.447945052877913,-24.259098208960495,7.89899330967819,12.961611261100188
672,38608.0,38780.554525527914,38635.77194864193,38702.108649993286,38764.372156954705,40.0,14.236192041844333,37.95985070976167,35.68987053418823,20.752149856147298
673,38832.0,38796.146230178136,38812.591542561335,38784.85284552412,38792.94291465859,80.0,16.76729635528318,79.77730672607504,59.17061829289378,26.61790343681423
674,38768.0,38814.08911823848,38795.32656209408,38820.449886579074,38817.60796382833,136.0,18.847314742968592,119.3678300031388,61.8219843444931,27.145447361159313
675,39104.0,38833.84085966407,39051.32720256761,38908.496814213104,38847.23380938091,-88.0,20.306222960633022,-74.59055157177863,-9.704665259414469,16.787536021623964
676,38592.0,38854.701564159746,38646.14545895052,38801.040556060245,38851.18303587158,-40.0,21.003199392191163,-34.410537889740226,-2.9359801227365097,16.90837828424992
677,39024.0,38875.847258448455,38982.50612678813,38902.62485396763,38881.05056594941,112.0,20.84949279623106,96.07459568689592,40.896724891197664,22.720058375296503
678,38816.0,38896.40054975221,38838.294650324315,38882.83400584264,38896.623152622175,-56.0,19.810602097189985,-32.73822484226184,13.626154796329502,19.6037443038731
679,38912.0,38915.468462642835,38917.02967710361,38929.87716356029,38920.258054557155,128.0,17.910939904635597,103.88341229734942,55.98173949779084,24.047804662841372
680,39072.0,38932.22242956148,39046.06147491901,38994.79748483822,38944.71876194786,-16.0,15.250869811192388,-0.6608275895268889,26.319063697050296,18.09664548809087
681,38880.0,38945.97020226522,38915.708021924554,38982.51529095439,38956.451345533336,48.0,12.008992964612844,48.18665662830608,38.97545159335641,15.555150862150185
682,39168.0,38956.240415490705,39142.434788175626,39072.748388024935,38975.82906367216,120.0,8.430366789390973,98.90070712921079,42.6072910830153,9.7691713224267
683,39120.0,38962.830935844,39113.509436182976,39067.72987312042,38975.98968817819,-80.0,4.805499274931208,-61.37817107774754,-31.15357834430324,-7.039891085056297
684,39008.0,38965.85141404057,39019.67844602013,39010.44123133633,38961.749281502045,-24.0,1.44003824560059,-35.43876006221035,-56.0680261159323,-16.55294260104347
685,39072.0,38965.7110123352,39042.631916058555,38955.59382088856,38942.8838029761,-240.0,-1.3902398512582295,-218.76649804776753,-113.05050000349001,-25.321288377137535
686,38528.0,38963.07093433805,38582.145449924596,38784.34023132935,38911.10670474777,-104.0,-3.4821932182458113,-93.35940613137063,-43.08347389453411,-12.621762990944262
687,38864.0,38958.74662589871,38855.913103795814,38869.42687309949,38917.640276994214,272.0,-4.739187768849661,231.81291084964323,87.80007831988405,9.215586096153856
688,39072.0,38953.59255880035,39045.77127162388,38959.940387969116,38929.53787694008,56.0,-5.187777960811218,58.71452594750008,34.48370885418626,4.77449379286918
689,38976.0,38948.37106997709,38973.342155690814,38938.39429080786,38927.18926457995,-96.0,-4.968507875837531,-85.7183374790111,-40.348951757328905,-4.789149131127488
690,38880.0,38943.65554304868,38874.33459666586,38879.24248445446,38919.95957867782,-144.0,-4.306132811077987,-127.33457569564052,-59.53056412616934,-5.231706968243088
691,38688.0,38939.75880435493,38718.67300429953,38819.33316255552,38916.72585064347,0.0,-3.4608767692370748,-2.2965708686606376,5.7572593788281665,8.202564497823914
692,38880.0,38936.7337895102,38869.74145492854,38890.757003212115,38936.36470767347,104.0,-2.6784116302260372,99.77572527169832,76.8023422626502,22.45709241367149
693,38896.0,38934.40198109448,38918.22445484293,38972.93784708082,38961.64003547081,288.0,-2.137358479481918,266.0565177962744,120.64976740911516,28.557329570881848
694,39456.0,38932.45907255124,39401.85449052109,39132.056538030345,38993.479366815234,-104.0,-1.919342781373416,-88.03947294980753,-2.85304003530473,8.71329968518694
695,38688.0,38930.563295531734,38742.145508943315,38967.23176701021,38979.06663484118,-104.0,-2.008824186083075,-95.1302891900923,-25.208887515025708,0.14059976800854201
696,39248.0,38928.44142417907,39211.5939121409,39081.638763000294,38993.76056635125,224.0,-2.3076371602401196,188.05753379717862,31.226377490223967,1.9819598276299075
697,39136.0,38925.948021211254,39118.26057653767,39029.68452199066,38983.03055449644,-272.0,-2.6791658496767923,-236.2109285089864,-105.11198001430239,-18.378484129985736
698,38704.0,38923.08309247972,38739.17205512293,38871.41480297169,38957.00359809128,-160.0,-2.990171167824883,-149.04777020597976,-74.5623175331275,-13.37677650059777
699,38816.0,38919.967678875604,38820.16503612571,38880.559886924406,38956.27700149525,112.0,-3.1514370978984516,101.81816163133044,41.425027414919896,6.287253478727507
700,38928.0,38916.78021828392,38942.80837838559,38954.26485780153,38969.578105048735,232.0,-3.139055796320463,202.84475863146145,86.83739977788355,15.380008805925172
701,39280.0,38913.68956728296,39225.854553388635,39054.23468648017,38987.0370191071,-88.0,-2.991393043030257,-77.86782126674007,-12.912828081269254,2.810765013717173
702,38752.0,38910.79743219786,38787.07273585211,38928.43920163899,38975.19963507617,-216.0,-2.7894707500854565,-179.39089950667403,-37.57588402168767,-0.6774022771205637
703,38848.0,38908.11062578279,38867.07275437529,38979.0829184368,38985.68221455286,368.0,-2.629635084878828,323.3908757217141,116.1851760162026,17.366690204329643
704,39488.0,38905.538162028104,39433.85448729554,39160.809553671395,39009.93301548483,16.0,-2.5937582807600847,25.31315287825055,18.131412070295482,0.3474517062131781
705,38880.0,38902.92310922127,38917.69906013179,39015.34574257739,38986.37711796528,-224.0,-2.7262495377544838,-204.94619530721684,-77.79093980531252,-18.237041621279786
706,39040.0,38900.085662952595,39023.962096681105,39005.22767406077,38973.45893224227,48.0,-3.0307027247399674,26.073519954865333,-27.50423148623304,-16.245239110900002
707,38976.0,38896.86170377179,38969.84610004152,38960.33727960492,38953.88663974348,-96.0,-3.474995179760299,-84.88549643197621,-52.721754653390235,-20.67796051161349
708,38848.0,38893.135672593075,38854.19110381715,38899.78416475399,38932.10301121904,-104.0,-4.0049812051256595,-84.69947713861256,-34.66103247393767,-17.578477963488695
709,38768.0,38888.85174136154,38800.447145764294,38891.01521465705,38918.729683816506,208.0,-4.560649536557321,177.8316970849046,52.73865723158087,-5.836843211713131
710,39264.0,38884.01437351996,39209.85449798696,39005.26147921715,38920.429324795616,-24.0,-5.084872094732418,-18.943258317838627,-15.122995831316075,-15.47889278110597
711,38720.0,38878.681997172076,38762.56062912862,38860.769222994415,38887.771898254294,-152.0,-5.524009201442823,-146.2075490562529,-74.1076447255291,-24.268831628611224
712,38960.0,38872.966355117074,38917.439399874456,38857.04618976609,38871.89166153839,-96.0,-5.826701598925865,-90.20759040690609,-55.19993834527486,-20.285653638977237
713,38528.0,38867.028593974224,38582.145448314805,38750.369346303865,38847.20059097634,0.0,-5.938880813391734,5.999998633029463,4.507829689704522,-8.7310410132377
714,38960.0,38861.08859349029,38929.439397140515,38866.0618491455,38854.42957951192,168.0,-5.801618504658109,156.2075864346989,68.72342741439206,1.950467511174793
715,38864.0,38855.42535696491,38894.5606211842,38887.81620113265,38851.10152599869,144.0,-5.359789168363932,132.2075525949731,33.66245255346803,-3.9729772132959624
716,39248.0,38850.36901515356,39193.85450233046,38933.38675425244,38846.483625085326,-232.0,-4.567623734725203,-228.51945906362744,-111.73606975399525,-24.693719659095223
717,38400.0,38846.29010949546,38437.52170305695,38664.34406162466,38801.7140866805,-360.0,-3.4020700684886833,-325.9216547568831,-136.8706618154465,-24.68383407080546
718,38528.0,38843.564875016586,38542.011192816695,38659.645430621546,38797.115956943715,192.0,-1.8835458586981986,174.54545384324229,61.12408430765572,8.857668110405939
719,38784.0,38842.52301777806,38786.61261074343,38786.59223023997,38819.42942290131,296.0,-0.0570173239466385,264.7944347089542,128.24291473841004,24.08493710265975
720,39120.0,38843.45084036869,39071.600062234604,38916.131260098366,38845.285831149034,40.0,2.0153648209234234,35.857799599165446,27.604659907578025,12.120699805174809
721,38864.0,38846.55374741991,38858.32820994176,38841.80155005513,38843.67082251166,-288.0,4.252089165685902,-241.63080258404443,-85.42893501567232,-2.631467511790106
722,38544.0,38851.955018700064,38588.338457066515,38745.27339006702,38840.022896125454,-56.0,6.567165362113883,-48.297467542655795,4.108535045401368,11.153218420065969
723,38752.0,38859.688078144136,38761.73327485645,38850.01862014593,38865.97725935179,424.0,8.879945704808051,374.75801523384143,153.7545401518728,31.653226193928276
724,39392.0,38869.71491010968,39337.8544875342,39052.78247037077,38903.32934851331,56.0,11.114082371514087,63.747010753428185,33.155085410224274,12.918556587181229
725,38864.0,38881.916242887164,38889.22729636331,38916.32879096638,38891.814372526154,-248.0,13.183491529085586,-233.54089292067874,-110.2892839212036,-10.12425736084333
726,38896.0,38896.08189316785,38870.77270169284,38832.20390252836,38883.080833791624,-216.0,14.994235325200862,-202.91573200361017,-116.02293717383873,-9.379497044952586
727,38432.0,38911.904713537566,38483.39583235609,38684.2829166187,38873.05537843625,-80.0,16.43802331117695,-72.07306175895792,-21.77952760030894,12.027313566435623
728,38736.0,38928.957939790205,38726.626578174924,38788.64484732774,38907.135460924495,216.0,17.395792400911887,196.36363669347702,130.68435437291555,42.63685553447431
729,38864.0,38946.69629833939,38876.12310574304,38945.65162536453,38958.3290895052,368.0,17.766711964359274,346.86617722255323,197.8325907190556,55.91008305596188
730,39472.0,38964.491363718924,39420.35893262003,39184.31002876585,39018.95562703642,152.0,17.489125986005092,149.27636903792518,94.81341778425121,37.974318883039814
731,39168.0,38981.6745503114,39174.67584381889,39135.278460933034,39034.27772727128,-248.0,16.562775779606454,-212.30386970668405,-65.39233736630558,8.635986598423187
732,38976.0,38997.61691527814,38995.75119320666,39053.52535403324,39036.227600233266,-80.0,15.067639517528733,-80.16868457891542,-42.9904298831716,4.961252973655064
733,39008.0,39011.80982934646,39014.33847466106,39049.29760116669,39044.20023321859,64.0,13.166563325317838,50.279654759713594,16.421047716798057,9.782644646245899
734,39104.0,39023.95004192877,39096.31050272609,39086.36744946684,39055.79288952576,40.0,11.07739432057133,43.52454169547127,28.25357303356577,9.18230078346096
735,39088.0,39033.9646179876,39101.387558052,39105.80474723382,39062.56483478551,88.0,9.035752357915044,72.01484558591619,28.339671383891982,5.500186999026482
736,39280.0,39042.0215466446,39240.34019389792,39143.04679223462,39066.79326352381,-72.0,7.25272184239293,-59.34639466448061,-31.234558881893463,-6.431908085509349
737,38944.0,39048.470061672386,38982.69476872304,39043.335629470035,39049.70101861449,-64.0,5.873008382663102,-64.171581559669,-50.043348029565095,-11.807193978595024
738,39152.0,39053.76756340993,39111.997030778584,39042.96009617549,39043.17887556662,-128.0,4.953545673462941,-120.27463946337593,-54.895485206798185,-11.963199269535835
739,38688.0,39058.37715301931,38742.14548979629,38933.54465905644,39025.77462007542,96.0,4.465315417739475,88.92873559220243,13.356892409166903,-0.5155244874331402
740,39344.0,39062.69819424541,39289.85450196299,39069.673880993825,39042.147826591754,32.0,4.319933705690346,23.130297523421177,-1.0338375657047436,1.280597845921875
741,38752.0,39067.01702043069,38788.40608484313,38931.47698392503,39028.33581576726,-240.0,4.405439903905062,-204.0575406271928,-48.458405106281134,0.0047799638741707895
742,38864.0,39071.50907405322,38881.7394207086,38972.75707078126,39042.1573865195,224.0,4.629369240694359,196.22382768898387,95.65862224686134,22.729440078212065
743,39200.0,39076.27575891208,39180.8537402211,39122.79422841875,39073.79469592369,200.0,4.946683813304844,189.18963233748946,111.4342718468688,25.327044200370437
744,39264.0,39081.40244167983,39260.11868538358,39195.625614475,39092.81147492024,64.0,5.360511405495345,59.858372080376284,38.64419329375232,10.45735274256731
745,39328.0,39086.99678172307,39300.57048438185,39200.08261500626,39094.70940140882,-104.0,5.896163482320844,-96.695779092468,-59.5016919656191,-9.766603440977633
746,39056.0,39093.19476864447,39066.72712719865,39076.62223054376,39073.27826803829,-192.0,6.577452501955122,-180.20772118997775,-113.14926919061327,-20.56721996862325
747,38944.0,39100.15168672698,38940.1550420019,38973.78407662503,39053.574961471575,-160.0,7.3810705471660185,-145.79687518726496,-87.9461156062207,-14.224558493133372
748,38736.0,39107.9569097388,38775.13337682412,38900.72999933132,39044.82915105202,40.0,8.212330660677253,30.645218942816427,9.310922371954803,6.695647133048624
749,39024.0,39116.57634804834,39001.44547988753,38992.40592136894,39066.96625573767,120.0,8.918189437768888,113.53950250106936,75.87888272208511,24.28541747253621
750,38976.0,39125.79328861434,39002.212381826255,39052.48776477549,39093.39998599709,136.0,9.313902714773576,131.82881107001958,98.32572579430052,32.30372955927305
751,39296.0,39135.204153477884,39265.10310202757,39189.05737295754,39131.57371485622,112.0,9.232246504718205,108.40623033918382,83.0982946608201,29.952414601935743
752,39200.0,39144.257781623775,39219.02484250462,39218.68435409713,39153.304815200965,48.0,8.569012111187476,49.04595300014989,38.96915818815978,19.396341104795283
753,39392.0,39152.34217770026,39363.19500802787,39266.99568933386,39170.36639706581,16.0,7.318871138046234,0.14520566261489876,-14.190820096340758,5.979901718135807
754,39232.0,39158.89552389987,39219.31525382985,39190.30271390445,39165.26461863724,-280.0,5.5819767536377185,-238.52478345033524,-97.5416184771857,-8.438547496713
755,38832.0,39163.506131207534,38886.1454411272,39071.91245237949,39153.48930207238,-8.0,3.5532963366567856,-6.0408402621760615,1.565964664783678,4.29914853876835
756,39216.0,39166.00211657318,39207.2335733055,39193.43464323402,39173.86291571477,288.0,1.4866819412745826,252.07553030289273,110.23951247153673,18.266759428126534
757,39408.0,39166.47949509008,39390.296501732984,39292.39147732256,39190.022820928636,104.0,-0.3626609553284652,94.54543709240897,41.152572749826504,5.261046260297007
758,39424.0,39165.276794662524,39396.32444749032,39275.73978873367,39184.38500823537,-232.0,-1.782938402822765,-203.96673652084064,-90.78179422205721,-17.61856228149918
759,38944.0,39162.91361828444,38982.3630286913,39110.82788887845,39154.78569636564,-160.0,-2.6377264946531795,-150.5293556127399,-81.49795541600179,-19.06002705145147
760,39104.0,39160.00134167322,39095.26573626484,39112.74387790167,39146.264954132464,88.0,-2.8951471678919916,69.23138889771144,6.287927974051854,-6.4074945265492715
761,39120.0,39157.123323948654,39120.825806486726,39123.40374482655,39141.97070731254,24.0,-2.6290255065141537,29.68910265554223,12.36173933815735,-3.195711454296543
762,39152.0,39154.74329066019,39154.64394157592,39137.46735657798,39139.87353122387,64.0,-2.000100357556221,47.037842968791665,6.797290040423832,-2.7034995274771063
763,39248.0,39153.12312323354,39214.90149242431,39136.9983249074,39136.563708257585,-128.0,-1.2244828614639118,-114.58909207616671,-55.969869216882216,-8.881637553404289
764,38896.0,39152.29432493726,38925.46575742359,39025.52761814422,39122.11025611706,-160.0,-0.5397221289240406,-132.75284283665678,-46.70689769107048,-3.1479393346744473
765,38928.0,39152.04367897569,38949.395806750996,39043.58452952526,39130.267829588236,144.0,-0.15982099698885577,130.90908308239887,75.84917614366714,18.270964950592315
766,39184.0,39151.974682943284,39187.28392358839,39177.22597043155,39158.65218601825,328.0,-0.22717518633362488,290.22936010560807,130.2544261220719,27.11696573091831
767,39584.0,39151.589328603026,39529.85452696221,39304.0933817694,39184.50176105007,-136.0,-0.7857019810107886,-110.56922924853643,-13.085897777444188,5.8746630843306775
768,38912.0,39150.40327898126,38966.145465091315,39151.05417487666,39170.40151218691,-136.0,-1.7601202717742126,-124.14564794415492,-33.51211945441173,-1.1801732538187935
769,39312.0,39148.06908805948,39281.5632310739,39237.06914286058,39182.141414542435,160.0,-2.9667050488860696,140.88867498902619,48.54953941420899,5.246973082648765
770,39232.0,39144.46986888349,39247.92281506937,39248.15325370508,39180.895458352206,48.0,-4.150822274415987,45.97365934230402,19.16073769704235,-3.8011832726188004
771,39408.0,39139.767443510646,39373.51054975851,39275.39061825466,39174.5390479972,-48.0,-5.029455038376909,-46.859516518310556,-39.06732632308922,-18.029457955148246
772,39136.0,39134.41095880674,39154.203782032746,39170.0186010589,39144.83654244191,-136.0,-5.3506304712282144,-128.28785756202706,-88.36271666630637,-29.2606784331947
773,39136.0,39129.06618256819,39116.934834634456,39098.66518492205,39116.01769113081,-144.0,-4.95606969030996,-132.59477422601412,-90.02082367582625,-29.817966754559166
774,38848.0,39124.49881942612,38889.01423358072,38989.97695370725,39085.20060893279,-16.0,-3.8035255012691778,-22.849433150149707,-37.69975436117238,-18.957051751378458
775,39104.0,39121.45913156565,39071.23596833416,39023.265676199706,39078.10358762805,32.0,-1.9796987420086225,18.401576424221275,-7.07843940769817,-8.391841923337779
776,38912.0,39120.5394219421,38925.81738642916,38975.82007489185,39068.416925086116,-104.0,0.3167156732597505,-76.33164975920954,-15.535563861922128,-1.86581628762724
777,38896.0,39122.09256291217,38918.57266881574,38992.19454847586,39074.3719550528,120.0,2.8220457515853923,105.61862646527152,64.4717478219427,14.873627719320211
778,39152.0,39126.18351344527,39137.0546393597,39104.76357053574,39098.16418052476,152.0,5.248117636587267,143.75516734246776,88.95080732774295,21.100434498195682
779,39200.0,39132.588798185345,39206.08300350067,39170.09616313135,39116.57282404919,112.0,7.3232997876548325,99.44338164434157,50.38067416128615,14.23728472689254
780,39376.0,39140.83011302058,39335.94140264839,39205.52491885831,39126.63874997854,-144.0,8.82246839558502,-125.23442742567568,-49.808784843884496,-2.4021365717198933
781,38912.0,39150.233734976515,38955.61414864932,39070.47859344358,39111.76855090575,-112.0,9.588476389006246,-107.45667093712473,-55.80702869294328,-4.881771527507226
782,39152.0,39160.00706579859,39121.02806077414,39093.910861472425,39116.87520692353,16.0,9.537674382117984,10.554215995507548,-5.612301234941697,3.3504163639554463
783,38944.0,39169.30908374075,38976.72258064034,39059.253990973695,39118.46938363366,0.0,8.664967470853298,19.307423067897616,22.970124988118187,10.3176458918133
784,39152.0,39177.3370007403,39159.64290690993,39139.85111144866,39137.51049870715,264.0,7.049142816747917,221.13486081924566,74.5226761992999,18.316640008855757
785,39472.0,39183.40736937425,39418.99230227883,39208.299343372295,39155.10266365137,-264.0,4.853958394425717,-240.74869534028767,-63.40209639022578,1.7472981267819705
786,38624.0,39187.04491752915,38678.14551622936,39013.04691866821,39141.00509496072,-80.0,2.3304481475424836,-65.36459247357925,-0.7289653699735936,11.75268605738529
787,39312.0,39188.06826566933,39288.26311733167,39206.84141263235,39178.60803576614,344.0,-0.20901189170399448,321.7381774348578,141.21520028030864,30.93334259373296
788,39312.0,39186.62689374574,39321.62187109907,39295.47731922883,39202.87178014818,72.0,-2.4139122098385997,81.46810926276521,80.37456621088859,18.807333389446285
789,39456.0,39183.240441249654,39451.1993358572,39367.590545054125,39216.222702545034,128.0,-3.948502019065927,105.57414404414158,27.908498352364404,1.362057524103875
790,39568.0,39178.72988970761,39532.770159187356,39351.294315933555,39205.59589519639,-208.0,-4.554510151428985,-203.51014305752688,-124.64907115379538,-28.747012588821235
791,39040.0,39174.1314209468,39044.179049742146,39118.292402746534,39158.72867736739,-392.0,-4.096487644146691,-358.76409841000714,-193.85571181375053,-40.930783960629924
792,38784.0,39170.53691441932,38815.24196236734,38963.582892306054,39123.73432727513,-80.0,-2.59412119800254,-72.72727553810546,-64.91806428745986,-18.007633728506335
793,38880.0,39168.94317855079,38898.724498665935,38988.456274171614,39122.71340991038,208.0,-0.2191473292041337,183.50930946064182,79.1015189513746,11.114753130768804
794,39200.0,39170.09861976091,39182.260581288625,39121.7859302088,39145.96383353667,216.0,2.732191173854517,188.4347092334683,94.2226211415873,20.54861530312337
795,39312.0,39174.4075608985,39275.59391713287,39176.90151645479,39163.810640516625,-144.0,5.896980236630043,-110.92725115523717,-12.433655526616349,10.437339005784452
796,38912.0,39181.89258023417,38960.40607897815,39096.91861915557,39166.83851154824,-72.0,8.9067897621062,-50.92727060013203,12.476412278563657,15.769796609027253
797,39168.0,39192.22114042271,39173.73937593261,39201.85434101192,39195.35023373468,328.0,11.450357342189818,276.7242531466254,121.86289236230368,29.879233873176418
798,39568.0,39204.79329491855,39513.8545852714,39340.64440388018,39226.59697929459,-32.0,13.302810015014984,-7.850624558064737,25.11226480834739,14.17659452463704
799,39104.0,39218.82676045274,39158.03812681648,39252.07887062861,39223.703422783954,-48.0,14.348412101378926,-43.08114064783513,-14.526097937254235,3.0916146285635477
800,39472.0,39233.49011912131,39427.69230397573,39311.59220800567,39232.78020855172,80.0,14.573273532521853,48.11569703791247,-20.690558620110096,-2.8842038046495873
801,39264.0,39247.97330751779,39254.2695208923,39210.69775338839,39217.935015174655,-392.0,14.02825150040735,-342.77339447601844,-127.54557792308697,-17.14844261833423
802,38688.0,39261.54662212212,38742.145515023694,39056.501052159496,39198.48332331505,128.0,12.809706258951337,110.66219455035025,30.053824850852834,6.07247430615098
803,39520.0,39273.59272003569,39475.593909993004,39270.8054030901,39230.07996378696,312.0,11.031936912069796,280.05753548791836,89.70705247565274,17.10063866125347
804,39312.0,39283.61049594626,39302.26058599953,39235.9151571108,39232.684600637556,-328.0,8.805872691045806,-278.7242080018914,-72.9326674238946,-1.3611331175234227
805,38864.0,39291.20446541778,38918.14549398922,39124.94006824231,39227.35769755191,16.0,6.234083599625592,13.145913427346386,19.494945252663456,12.8409817919528
806,39344.0,39296.07866314551,39328.552412854224,39274.90504761613,39258.36656422146,304.0,3.414953197574505,263.32926165065146,115.41750318188497,26.727194880622847
807,39472.0,39298.03437181293,39444.804017290524,39355.77507460608,39280.812087313156,-40.0,0.45741155369614717,-19.728309111062117,22.75756429298417,12.886127457350085
808,39264.0,39296.993486252904,39289.0957946321,39320.4201762021,39284.13881913616,-32.0,-2.5103233075169555,-30.229249497937417,-7.144810302928818,4.33367277981597
809,39408.0,39293.013725197896,39384.34551829465,39341.48545400022,39289.47943287279,-24.0,-5.3361803884581605,-23.022684864208713,-12.191995201763348,-0.5854146197380032
810,39216.0,39286.32112547599,39243.05042490368,39296.03618579857,39282.967989896686,-8.0,-7.842814685162011,-6.042968872563506,-5.431175302368501,-3.163043481265049
811,39392.0,39277.32809582757,39372.25958054952,39330.62310339548,39283.15334591026,40.0,-9.82855871114225,30.507058393472107,3.8984692946578434,-5.256976690914598
812,39296.0,39266.6640080537,39304.064541690626,39303.833124387886,39272.45403651486,-32.0,-11.095751004657359,-27.872330405763933,-22.87341681365433,-11.876607569658518
813,39328.0,39255.13659381826,39316.514919737994,39284.876269768174,39259.40013077094,-40.0,-11.477655306567613,-44.97502326268295,-40.51871973562447,-16.483899205370108
814,39216.0,39243.70869744057,39214.11449516526,39222.79568491664,39239.48623810412,-136.0,-10.854843819965026,-111.82794874640967,-58.68274239321909,-18.739580761619436
815,39056.0,39233.42690617833,39092.859022245175,39167.510784981736,39221.9209692477,88.0,-9.199739810446772,63.039638305806875,0.47049255596721196,-9.269220394031436
816,39392.0,39225.309217819675,39340.193771776874,39223.73667002857,39220.947797316054,-32.0,-6.583297687229788,-37.55980101941532,-27.905779938879277,-9.525782065840758
817,38992.0,39220.26031080387,39017.739420206344,39111.69922510398,39202.86940511602,-208.0,-3.1847563223564066,-167.89384110330502,-52.18783237260868,-7.534921944235975
818,38976.0,39218.93970517496,39004.406089570264,39119.361005283354,39205.87795342758,184.0,0.7092635616500047,168.26057822700386,79.34228282105687,14.502445982943755
819,39360.0,39221.67883792717,39354.26057666035,39270.38379074609,39231.87429708191,320.0,4.735035558398522,281.5939093801062,106.21468083577929,19.590058508420043
820,39616.0,39228.40977629176,39567.59390833048,39331.79036695491,39245.05807044442,-248.0,8.485187110349216,-223.46841616696474,-80.69824031372264,-5.3633231152634835
821,38864.0,39238.649212147866,38907.32374432642,39108.987310118646,39221.14765085138,-272.0,11.557232480281527,-248.88015288243696,-100.3094017769472,-6.053037050474813
822,39072.0,39251.52424125232,39069.8336025656,39131.17156340102,39232.95199634347,176.0,13.604170319016703,151.6778710672006,51.77003498288468,19.85194530926674
823,39216.0,39265.8575527859,39210.679486460824,39212.527380084415,39260.851541469914,112.0,14.390549880721665,114.24331619935037,79.61950672560488,30.14212219993351
824,39296.0,39280.305341013765,39298.3202349643,39290.41057685223,39293.23624074334,104.0,13.823626526624139,99.2419233249966,75.08848519392632,32.24651131059727
825,39424.0,39293.50480583915,39409.16333311082,39362.70435047227,39325.34456409111,32.0,11.973630591386609,36.659763700587064,41.64594885617407,27.17555155232185
826,39360.0,39304.25260219654,39371.63976236548,39373.702474564576,39347.58734384798,16.0,9.0713702988578,20.675241082059074,17.84936137459954,21.622146949273883
827,39456.0,39311.64754643686,39450.513815274935,39398.40307322147,39368.58885798966,72.0,5.46747887791571,51.44312928415093,-4.097864732379094,16.63095704115767
828,39504.0,39315.18755995237,39474.52602093378,39365.50674509982,39380.8492579303,-352.0,1.580842623628996,-322.1841491059422,-102.14295557173682,6.102862837156863
829,38752.0,39314.80923168412,38806.14551706305,39194.11716207799,39380.79458366397,256.0,-2.1707548705635418,260.5339435833048,203.2161721582488,31.385054916871013
830,40016.0,39310.84605021124,39995.59390810039,39771.939089416315,39443.61936776404,672.0,-5.43195852428471,628.0575288341606,302.24429790539943,34.205752488269354
831,40096.0,39303.94531463555,40062.26057473137,39798.60575788879,39449.20608864051,-424.0,-7.962184915864782,-402.1969395899432,-213.7370351823447,-26.75297469150246
832,39168.0,39294.92168037951,39191.2000289205,39344.465019051626,39390.113418381035,-472.0,-9.645636683089833,-454.8939213305566,-274.2016467121357,-47.98699934042452
833,39152.0,39284.65404126937,39152.47273207026,39250.20246446452,39353.23208995966,-40.0,-10.481034693555557,-36.363636498932465,-45.161322354841104,-26.819723923392303
834,39088.0,39273.9596109924,39118.47275592264,39254.142374341944,39336.47397053425,224.0,-10.554487624969624,206.719586649564,87.01109704838746,-4.334420898696408
835,39600.0,39263.54506601943,39565.91190536939,39424.224658561296,39344.56324816227,208.0,-9.983882081978663,188.6428931096525,82.19461350000347,-4.682559963868698
836,39504.0,39253.991846828445,39495.75854214194,39418.53160134195,39327.10885060651,-128.0,-8.886529518502357,-111.3606525177347,-48.42725654836613,-26.29895502542786
837,39344.0,39245.77200698243,39343.19060033392,39327.37014546456,39291.96533811141,-168.0,-7.355570106279629,-156.61494013845368,-99.47638314510914,-37.745245589532715
838,39168.0,39239.280706615886,39182.528661865035,39219.57883505173,39251.61835942745,-88.0,-5.455835390836,-88.01862914370213,-82.00189288696129,-36.1660607125923
839,39168.0,39234.860336200756,39167.15334204651,39163.36635969064,39219.63321668623,0.0,-3.2197856445854995,-19.608609585950035,-58.52929551577836,-29.403481906909292
840,39168.0,39232.841135326715,39143.311442693135,39102.520244020176,39192.81139561363,-240.0,-0.6962939588775043,-212.50392642655788,-93.58599366037015,-25.58125129191467
841,38688.0,39233.467748283,38742.1454891934,38976.1943723699,39168.4707141024,-16.0,2.039597106333531,-3.655706268920767,17.771314534671546,-0.31714580611514975
842,39136.0,39236.92032953938,39136.000030155294,39138.06287308952,39192.1771040014,408.0,4.898962806106283,364.7242033035145,162.89993726437388,26.5152450990754
843,39504.0,39243.265673895214,39471.593895800426,39301.99424689865,39221.50120430055,152.0,7.754144579976128,141.13027235713525,62.928497258457355,15.199160514173855
844,39440.0,39252.428618699334,39418.260574869564,39263.91986760643,39222.57542502975,-392.0,10.452517226200143,-348.7241913216094,-126.11444548899453,-9.797008019315399
845,38720.0,39264.170708347614,38774.14551315721,39049.76535592066,39201.90718826192,-88.0,12.838180216396722,-96.62266025896679,-49.27183372544823,3.4271226452692645
846,39264.0,39278.10497913213,39225.01525435163,39165.37620015554,39229.429670320285,176.0,14.762489313772676,165.8749220237769,66.2989443126462,25.793965574383037
847,39072.0,39293.69568697516,39105.89535720476,39182.36324454595,39253.49511941068,32.0,16.08696485487235,50.356888876955054,72.16866666339047,33.140205060928565
848,39328.0,39310.27890884187,39325.72903210554,39309.71353348232,39295.71008044214,248.0,16.696185122054885,208.47883542847558,118.20705567752884,40.60046505356877
849,39568.0,39327.08805721927,39522.85302806171,39418.77735590101,39334.69604951782,-56.0,16.506260444497457,-28.610863735255407,34.45250036919606,27.320771551570942
850,39216.0,39343.29142973087,39268.50730463503,39378.61853422071,39350.351623545284,80.0,15.477442705774592,75.50075837177064,41.1504454300557,22.373155204724753
851,39728.0,39358.04294263082,39673.854544805254,39501.07824676112,39379.44235992727,48.0,13.62945300019419,39.6933143129645,8.998835920967394,11.662854378351767
852,39312.0,39370.550335731255,39347.89393326096,39396.616206062645,39373.67733230199,-128.0,11.051494129438652,-118.87425397927291,-62.153937667153514,-2.681161010183132
853,39472.0,39380.145930889696,39436.10603684671,39376.770371426814,39374.080037906904,-168.0,7.919259862097533,-158.87421391640237,-67.46064892242066,-4.493292499741074
854,38976.0,39386.38885545545,39030.145505428154,39261.6949082178,39364.690747302506,24.0,4.497750041751715,35.743938842435455,27.771990899895172,10.045246760728332
855,39520.0,39389.1414309732,39507.59391453158,39432.314353226604,39394.17053142836,360.0,1.114134878393088,312.0575403768198,126.7766216220989,23.188310697274574
856,39696.0,39388.61712521224,39654.260586181794,39515.248151462,39411.067368697055,-160.0,-1.8713064623480022,-126.72420955156849,-7.44212603359847,2.650205703543179
857,39200.0,39385.3988180485,39254.14549542844,39417.43010115941,39399.47094283545,32.0,-4.118646821076254,27.999998991566827,10.89700027710569,-1.6228787198306236
858,39760.0,39380.379831570084,39710.26058416493,39537.04215201621,39407.821611257394,144.0,-5.365551641363709,114.72420906917614,8.133126864915539,-9.258251015187852
859,39488.0,39374.667714765776,39483.593913566794,39433.69635488924,39380.95444080507,-288.0,-5.472227777285298,-254.3078503075012,-130.49761968235543,-32.21944841206641
860,39184.0,39369.43537601551,39201.644883549925,39276.0469126515,39343.38271443326,-208.0,-4.452081617564545,-188.11386472391678,-111.62598591198548,-29.602590650149068
861,39072.0,39365.76355153065,39107.36618411896,39210.44438306527,39321.74925950477,112.0,-2.475627966116008,82.55222116382356,3.619661946398992,-9.145991953246266
862,39408.0,39364.48412008328,39366.74932587757,39283.2862365443,39325.09073052677,72.0,0.15402708189139958,53.12977114646492,10.484971751182457,-0.8039924516706378
863,39216.0,39366.07160569443,39213.62572641189,39231.41432656763,39320.14127460143,-208.0,3.0532573694836174,-164.99496740623727,-44.164746692847984,0.2576078047386545
864,38992.0,39370.59063482225,39036.7593910651,39194.956743158604,39325.605946136246,88.0,5.81312972273372,88.98409166212878,65.02078817026995,22.144968841625086
865,39392.0,39377.6978651399,39391.59390973615,39361.45590290817,39364.43121228468,360.0,8.068951261579059,310.7505956683817,151.22711120365057,37.446826762668934
866,39712.0,39386.72853734541,39658.26058240186,39497.410965565905,39400.49959966158,-40.0,9.550244678779563,-21.086903488499956,28.66054544068902,20.493367359980766
867,39312.0,39396.798354497456,39349.42010275915,39418.77699378955,39405.417947004644,-128.0,10.105407218296023,-102.68347768342574,-25.245474881579867,9.58924469329213
868,39456.0,39406.939351782,39452.89362703501,39446.920015802745,39419.67808904817,120.0,9.715601225892897,87.94165945089117,23.603029914567742,12.444046495933435
869,39552.0,39416.22955694924,39525.30342166093,39465.983053618686,39430.30603999651,-80.0,8.484368241588527,-61.073097069442156,-23.945435374716908,4.543252948169538
870,39296.0,39423.908088265176,39330.747432896125,39399.02914505331,39428.76459494451,-16.0,6.617363886794919,-20.818824284197035,-15.439336038718466,5.0967846952189575
871,39520.0,39429.46428472283,39483.665773092536,39435.10438154125,39440.49960938695,-32.0,4.392531869565573,-28.752794340904074,-6.372572741438489,7.75999491179391
872,39232.0,39432.69315200431,39273.24184421432,39386.283999570434,39444.284584768095,-24.0,2.1355766170418065,-4.214707806644583,28.321617814402998,14.399204619545344
873,39472.0,39433.735437956915,39475.23635747925,39491.747617170055,39469.29801862604,248.0,0.1831249024362478,218.17630066115817,115.33742618464385,24.878334789249493
874,39728.0,39433.05940180918,39709.59444553663,39616.95885193972,39494.04125434659,160.0,-1.1421977887948742,142.33031574054985,69.69066073952854,13.045298437882593
875,39792.0,39431.451042379325,39759.89698896035,39631.12893864911,39495.388615501804,-168.0,-1.5655192393314792,-144.87424728507176,-66.26544396605459,-13.483208069697866
876,39392.0,39429.92836333052,39419.84595096649,39484.42796400761,39467.0748382072,-176.0,-0.8993825588149775,-166.15954765087372,-100.48699263768867,-24.560035384245566
877,39440.0,39429.652277261695,39427.5778936586,39430.154953373734,39446.26854473331,-56.0,0.9449692648631753,-54.37858901490836,-59.1955339470187,-20.492866237222188
878,39280.0,39431.81830186024,39311.08877293667,39366.036896113575,39426.08910573275,56.0,3.926896402215789,38.95474396143982,-21.099609203363798,-12.87498371392212
879,39552.0,39437.50607006613,39505.48738158148,39387.95573496701,39420.51857730547,-96.0,7.8881833322338935,-94.96233033564204,-60.10329366307269,-12.144599562008807
880,39088.0,39447.59466852471,39121.16411226539,39245.83030878743,39401.799906608736,-192.0,12.58113285689251,-161.70486110129423,-63.21027178585791,-3.0286753662949195
881,39168.0,39462.66833577991,39182.07765937889,39261.53519139529,39414.46122657288,160.0,17.691967194037716,131.30184400794315,62.47247830550623,24.984381292782928
882,39408.0,39482.978602912786,39383.767800281275,39370.77526539844,39451.7686691943,72.0,22.89342172961915,80.52914230877286,90.6277067023766,39.49587608114234
883,39312.0,39508.45517923915,39343.135943996436,39442.790604800044,39493.452978735164,224.0,27.867036001262022,214.56507473858073,137.41064180161993,50.756958477617445
884,39856.0,39538.71267491531,39812.89794975844,39645.59654900168,39553.28258614954,160.0,32.31050846365906,154.7345435129646,97.60421870247956,44.693736721848836
885,39632.0,39573.07619616647,39652.605031022365,39637.999042205,39582.84045217886,-64.0,35.92616975183773,-57.267763624258805,-4.597985694177623,27.099888638269476
886,39728.0,39610.565014418986,39698.36242250992,39636.40057761333,39607.482363426076,-112.0,38.37331280580838,-102.43049596284982,-47.39817578501243,18.616029418517428
887,39408.0,39649.822821778085,39447.744039096666,39543.20269063498,39620.0725110159,-56.0,39.221756857659784,-51.89818792990263,-25.596541660863295,23.193773140614212
888,39616.0,39689.008528134305,39594.566046650114,39585.2074942916,39653.869909707304,48.0,37.938303251467005,39.65224080403641,26.60855080242618,35.690894176776055
889,39504.0,39725.69942828102,39527.04852070474,39596.41979223983,39691.45429936945,40.0,33.902586793621595,47.72507757833591,57.42219406814547,46.957104630615504
890,39696.0,39756.81370172155,39690.016201806786,39700.05188242789,39747.784118968535,144.0,26.470663183972647,133.04869013599819,105.65803140201024,58.91902554751141
891,39792.0,39778.640754648965,39793.145900976735,39807.73585504385,39809.29235046447,104.0,15.129539931269392,108.85920405361685,115.5519001378816,62.37284901916064
892,39904.0,39787.07278158409,39907.73460991402,39931.155682703655,39872.529817006856,128.0,-0.3214477143046679,133.26175850737854,136.99766901163093,61.66395739272775
893,40048.0,39777.997859220355,40059.66941799149,40081.73119306711,39932.62026524993,232.0,-19.600207505169237,210.2818980349548,167.44110689701483,54.32146150556946
894,40368.0,39747.87236657375,40328.29840598393,40266.037896497684,39981.172740017995,56.0,-41.81897566394764,70.1210179121008,133.32565167941357,29.211111768963747
895,40160.0,39694.35990789246,40199.911453815694,40348.38249642594,39991.042488787854,288.0,-65.44800197094446,294.31441771159734,203.61753409447556,1.421873209255864
896,40944.0,39616.97636263186,40916.927241407124,40673.272964686636,39984.01648643651,392.0,-88.40299741635317,358.507893825692,162.44526465076342,-55.025178029525705
897,40944.0,39517.55391305975,40916.92724146708,40673.27302572747,39880.9921327288,-376.0,-108.26290256370339,-362.4636208151278,-240.63707894247273,-156.17474707126166
898,40192.0,39400.45055750445,40191.99999977687,40191.99880680169,39671.666992293984,-720.0,-122.59277138789912,-706.4636206062532,-584.6360950242342,-235.34179082011906
899,39504.0,39272.368370283955,39504.00000025457,39504.000835679,39410.308551088565,-648.0,-129.31596079828523,-644.7196838530617,-634.8782494539919,-273.08525536952584
900,38896.0,39141.81863590788,38902.560632070745,38922.242307893706,39125.49648155493,-400.0,-127.05399005431173,-403.28031621563787,-413.1217453212994,-266.2950037373521
901,38704.0,39018.26039017533,38697.439367823295,38677.7573450364,38877.71854361386,-568.0,-115.39299547360861,-570.4106034138895,-514.0995856288464,-239.0920107603779
902,37760.0,38911.032644960665,37761.739425242966,37894.04313663601,38647.312460034176,-624.0,-95.0033808213193,-594.5166380825976,-460.1993447926434,-186.04046057797677
903,37456.0,38828.25362853269,37508.4060916581,37757.35865545111,38505.63762245791,120.0,-67.59150899211454,107.83148114980577,13.994846540663275,-89.19295645337115
904,38000.0,38775.84962697644,37977.40238754258,37922.03282971734,38468.926547127434,288.0,-35.6889424441797,256.873877153168,125.69058912488981,-13.264747974106285
905,38032.0,38756.875743644334,38022.153845964436,38008.73983370089,38479.108126509695,-32.0,-2.3113335395173635,-4.479311755967501,75.07692083400616,32.53698570774941
906,37936.0,38771.2269598974,37968.44376403064,38072.18667138535,38534.00051854293,136.0,29.445196836019022,130.9760955434249,131.5401733771323,84.79241796038332
907,38304.0,38815.76613731637,38284.106037051286,38271.82018045516,38648.69296243046,200.0,56.80791832687464,193.72510095307734,183.54359929738348,131.927092009053
908,38336.0,38884.84279655115,38355.8939659368,38439.27386998012,38797.85470256104,272.0,77.67536155690323,281.9469813080541,288.0899291885071,172.25447525862546
909,38848.0,38971.11686043018,38847.999999667394,38848.00003883217,38993.20191294771,712.0,90.8477847296599,685.439367952531,578.3745729066213,202.6073060340641
910,39760.0,39066.53836601047,39726.77270184186,39596.02301579336,39203.06931462917,392.0,96.10214105295017,408.613652760243,427.3867955459027,182.02086741290987
911,39632.0,39163.32114253608,39665.22730518788,39702.77362992398,39357.24364777353,88.0,94.11746182274146,104.61364304144445,142.13742909260327,140.43651553304153
912,39936.0,39254.773289655954,39935.99998792475,39880.29787397857,39483.94234569525,376.0,86.27923867358186,332.3135921084868,149.67318104387232,104.09581520648499
913,40384.0,39335.87961988324,40329.854489404854,40002.11999201172,39565.4352781865,-152.0,74.4015131654196,-149.13028213561847,-69.11788596098268,40.56469640057185
914,39632.0,39403.57631598679,39637.73942365351,39742.0621020566,39565.071738496394,-504.0,60.42099877386863,-452.7242003477222,-205.0268389268167,-3.709952765286289
915,39376.0,39456.72161743098,39424.40608870941,39592.06631415809,39558.01537265593,88.0,46.12032657699456,64.26057719042365,-41.96263081946745,2.0444027923294925
916,39808.0,39495.81696914078,39766.26057803436,39658.13684041767,39569.16054408105,128.0,32.9292082071006,97.59391090927238,-8.861053531589278,-0.796801370819594
917,39632.0,39522.58003384518,39619.593910527954,39574.34420709491,39556.42176991429,-296.0,21.814566902117804,-252.26057754239082,-112.62052977530038,-16.51768567104955
918,39216.0,39539.44610294502,39261.73942294958,39432.89578086707,39536.12517273895,-96.0,13.259920315118507,-85.59391015477013,-33.0005357943046,-4.2903385383906425
919,39440.0,39549.09987447542,39448.406090218414,39508.3431355063,39547.84109283751,320.0,7.334344681388757,273.5471001681035,109.61892239237568,17.107974740432837
920,39856.0,39554.114792307795,39808.833623285784,39652.13362565182,39570.34112221982,80.0,3.7843245512376598,79.74566768910881,41.857302971431636,8.217085493299237
921,39600.0,39556.66852357789,39607.89742559663,39592.05774144916,39564.27526382411,-192.0,2.1513802327499434,-161.44906970597367,-64.0470134780735,-7.85209520450735
922,39472.0,39558.417552773295,39485.935483873836,39524.03959869567,39554.636931810805,-40.0,1.9037478610189282,-52.28452235361692,-41.99834340565212,-5.506485422760306
923,39520.0,39560.47601929993,39503.3283808894,39508.06105463786,39553.26229297859,-80.0,2.5066934625247086,-65.96519853745485,-21.94801673888651,0.28847581671288935
924,39312.0,39563.430939698344,39354.00508679893,39480.1435652179,39555.21388344423,120.0,3.4791048653751204,111.86353797971242,56.15429318898532,14.112284637853008
925,39760.0,39567.43422903068,39727.05545684882,39620.36964101583,39581.48686225429,184.0,4.446677103958791,157.1662562184465,70.41089630584975,17.347321922778065
926,39680.0,39572.32429390626,39668.33759923582,39620.9653578296,39589.90852728979,-144.0,5.145989590077079,-117.02986143390808,-28.921604271432443,3.9170913999805634
927,39472.0,39577.726208210835,39492.995733981006,39562.526432472965,39589.321045054254,-88.0,5.417877346080786,-70.36319534978247,-13.175709120154352,5.278570017184393
928,39504.0,39583.16004859842,39527.611208536255,39594.61393958929,39600.465667324155,216.0,5.201517805129697,182.58854751942272,77.39447691096939,15.96790563610557
929,39904.0,39588.129243821095,39858.17282901985,39717.315386294904,39621.256856326465,80.0,4.51586887762096,71.50873529993623,29.359139853066154,6.654031818634394
930,39664.0,39592.191786353666,39670.62867913613,39653.33221929542,39613.773730961424,-176.0,3.4467865456972504,-154.40075420309586,-69.31705735177457,-9.994438816967886
931,39552.0,39595.02281691249,39549.37132061366,39578.681271591355,39601.26797869253,-152.0,2.1357329950187705,-134.40075545416767,-61.31031190838985,-10.042353334269137
932,39360.0,39596.4632523437,39401.82716822779,39530.71159547864,39593.689024292886,72.0,0.740994523777772,68.6060583412982,37.386121626612294,4.105496814998332
933,39696.0,39596.504805960045,39686.583437296256,39653.45351484458,39609.478972322526,272.0,-0.5791500871855533,230.65908596153167,101.46867678822309,11.463896645767818
934,39904.0,39595.30495216933,39863.145340150855,39733.64894905509,39616.61681758442,-40.0,-1.675382014571369,-27.711396391103335,-4.980091261946654,-7.231313858883368
935,39616.0,39593.1540419309,39631.16064451405,39643.493332320686,39595.01634460476,-184.0,-2.4270480331397266,-156.1814730665683,-76.40895057405942,-22.64965574942471
936,39536.0,39590.45085610305,39550.78239401772,39580.83104790697,39571.31750608557,8.0,-2.7638207301788498,-6.466280407730665,-40.24676046023524,-21.93296321490925
937,39632.0,39587.626400470544,39618.22808369859,39562.999811400216,39551.15041817494,16.0,-2.6760415976859804,-1.413891826174222,-52.33133080664629,-24.209567001882533
938,39568.0,39585.09877290768,39547.95461036537,39476.16838629368,39522.89837208181,-288.0,-2.212005630033673,-254.0413119680561,-132.74723195969636,-30.50712748904334
939,39056.0,39583.20238921048,39110.145459762476,39297.50534748082,39490.136163196854,-16.0,-1.4669955174758798,-33.050038436802424,-57.9103650724428,-11.055400725112122
940,39536.0,39582.16478187273,39481.854533491765,39360.34765614879,39500.78757063158,-96.0,-0.5637863757001469,-95.99997983729554,-24.983863257639314,8.89078596631225
941,38864.0,39582.07481645908,38918.145500087885,39247.537620965544,39507.91773512948,256.0,0.3634589329776645,262.20302175339384,202.61126554337534,39.32605125436385
942,40048.0,39582.891699738684,40006.26057699855,39765.57018723554,39579.43967314031,504.0,1.2027716976008378,470.7242053190239,253.16516964392213,48.093921667852555
943,39872.0,39584.48035985428,39859.59391072593,39753.86796025339,39604.10557846518,-280.0,1.882836193759431,-244.26057741578552,-70.76824685546308,11.27118424812943
944,39488.0,39586.6573721262,39517.73942216698,39624.033693524616,39601.98204163657,-176.0,2.378949475209083,-157.59391295124442,-61.817419966460875,3.5755652532134263
945,39520.0,39589.2382588047,39544.406084823444,39630.23312032047,39611.25670897161,264.0,2.707825641016825,222.0575367676356,61.31598695608045,13.837502783622767
946,40016.0,39592.07302340824,39961.85449570225,39746.66566743678,39629.657047203815,-64.0,2.9169602032161492,-50.36546854802509,-18.234619165297772,-0.9168094076048874
947,39392.0,39595.07217921113,39443.675147727394,39593.76388198987,39609.4230901564,-144.0,3.0580040560998896,-136.07770139374406,-52.01984445197013,-9.362802539595577
948,39728.0,39598.18903152044,39689.699092914765,39642.62597853284,39610.93144212462,64.0,3.171071515604126,54.519409761196584,6.175085809380107,-4.345075925542915
949,39520.0,39601.41432224234,39552.71396724979,39606.11405360863,39600.732938305315,24.0,3.2707364219131705,26.58471058397481,6.545101880110451,-6.161856904043816
950,39776.0,39604.73050436426,39742.868514082715,39655.71618229306,39598.607728316536,40.0,3.32392655033982,24.497117246493872,-10.539780169045116,-10.994823572953464
951,39600.0,39608.06217534302,39601.708201742775,39585.03449327054,39578.74329115941,-144.0,3.2681528269786213,-132.61930362607745,-78.16444238724944,-20.92727259915773
952,39488.0,39611.26681001822,39477.62990683056,39499.38729751856,39556.75318311822,-200.0,3.0253621021911385,-175.9287607594124,-79.95354699269956,-18.552448885275226
953,39200.0,39614.1128995474,39249.85068022395,39425.12739928514,39541.63839338886,80.0,2.5086294439897756,78.84377389764268,38.303801409150765,1.96712994007612
954,39648.0,39616.2840689062,39635.317454625845,39575.99490033686,39560.68744299837,304.0,1.6528776229242794,264.6844481466251,114.86495122014821,14.683421759436897
955,39808.0,39617.41865479325,39779.2195765172,39654.85730172544,39571.00523690773,0.0,0.44161436070498894,4.477351467357948e-06,2.291052251293877,-1.5319442452528165
956,39648.0,39617.16729762761,39635.31746358055,39580.57700483945,39557.62355450787,-320.0,-1.0792875636652752,-278.53704109438695,-107.99179446626295,-17.900504674475087
957,39168.0,39615.26007966592,39222.145494328426,39438.87371279291,39535.20422755878,88.0,-2.7969732156452665,67.26852216280531,-6.2664356500790745,-4.059115571144503
958,39824.0,39611.57335119632,39769.85450790616,39568.04413353929,39549.50532336558,8.0,-4.545000814468949,7.999998470797436,1.1924875160220836,0.5763619750759972
959,39184.0,39606.17007803698,39238.14549127002,39441.25868782496,39536.35695150893,-80.0,-6.126769920836523,-65.79248809358978,1.8438981981489633,4.4694757188008225
960,39664.0,39599.319811354646,39638.26953171898,39571.73192993559,39558.44427480318,240.0,-7.34970548074125,206.7734077768073,84.33920707842117,16.809537034405366
961,39664.0,39591.4706670755,39651.692306823636,39609.9371019818,39569.976025577744,-80.0,-8.065930582419242,-48.115690777176496,11.173723037107266,6.830552053452266
962,39504.0,39583.18795018981,39542.038150164626,39594.0793760098,39572.105378910084,128.0,-8.20609881276323,107.0811075925194,29.181962032911542,5.534622277846211
963,39920.0,39575.05846944997,39865.854522008674,39668.30102604762,39581.045270133436,-48.0,-7.792233629410475,-61.9769314936093,-51.62783693837628,-8.007845269978134
964,39408.0,39567.60348293099,39418.08428717741,39490.82370213305,39556.08968837013,-352.0,-6.93568252397381,-308.82739899162334,-136.065472848044,-17.551097344803566
965,39216.0,39561.18710440202,39248.19972402543,39396.170080351534,39545.94307544383,-8.0,-5.798735440152086,-8.88594302483034,-4.568581605748477,6.350540845895011
966,39392.0,39556.00601205068,39400.31240112775,39481.68653892155,39568.79077006192,208.0,-4.566219663716765,193.67468274106795,130.3597280307913,31.687233121181634
967,39632.0,39552.05466507459,39635.54908950756,39656.88953641312,39609.31754168619,368.0,-3.399918896764575,342.9740869341367,187.64776569812966,39.39264870858824
968,40128.0,39549.20617425715,40086.26057499602,39856.98207031781,39647.576067479094,160.0,-2.394309352075652,152.0224094520745,64.58356906359404,14.23732916685185
969,39952.0,39547.26604637044,39939.59390841171,39786.056674540305,39637.792200019896,-376.0,-1.5760407246707473,-343.5939085652826,-153.89705850735118,-25.494257458198263
970,39376.0,39546.05409280781,39399.072757865455,39549.18795330311,39596.5875525627,-312.0,-0.9244518910891202,-290.26057717944786,-150.27474458563665,-30.175269829069293
971,39328.0,39545.41714258826,39359.07275405282,39485.50718536903,39577.44166036176,168.0,-0.3935661707910185,133.55103052579216,15.072824750433938,-6.673809182848345
972,39712.0,39545.26696046623,39666.17481891704,39579.33360280398,39583.239934197,56.0,0.05670744416784146,59.78889537506984,27.49321883693119,-0.6397294549060462
973,39440.0,39545.530557476595,39478.65054480296,39540.493623042894,39576.162201451945,0.0,0.4282823682369781,5.72844990071826,11.406831760366913,-0.2696226724619919
974,39712.0,39546.1235252027,39677.631718718476,39602.14726632471,39582.70068885208,40.0,0.6862812583894993,27.139767507913348,6.727276444176823,0.07352184273986495
975,39520.0,39546.903119993374,39532.93007981878,39553.94817593125,39576.309245137425,-96.0,0.7690744762549002,-80.05123980577628,-31.22500242784372,-3.5759814577832003
976,39520.0,39547.66167415521,39517.52923910692,39539.697261469024,39575.54872593651,-32.0,0.6196874893794302,-27.75464517722139,-4.402283727707982,2.016917095912504
977,39456.0,39548.14249497213,39477.42078946434,39545.14360847583,39580.34307932925,64.0,0.21550479821598856,66.9954976791123,50.018151244719775,11.011507359198731
978,39648.0,39548.092683751645,39651.52023446515,39639.73356395846,39597.57174065491,224.0,-0.40717420260989456,191.70061732654358,90.4567374618673,14.707248358405195
979,39904.0,39547.32814656691,39860.82202411743,39726.057083399566,39609.75757604606,-8.0,-1.1463832379085943,-6.588089760560251,-2.6479388591178576,-2.5262858065434557
980,39632.0,39545.79991727583,39638.34405494403,39634.43768624023,39592.51916904182,-224.0,-1.8489740196819184,-190.7576944532666,-90.40055403922452,-19.212448552149
981,39456.0,39543.63019852755,39479.306635210894,39545.25597532112,39571.33267894176,-32.0,-2.345237711473601,-42.504243678660714,-44.55372325855569,-15.419856152973807
982,39568.0,39541.10944185288,39553.335567586706,39545.33023972312,39561.679456735874,0.0,-2.4863434155849973,0.7067703093598539,-11.260615736438922,-9.969249369092722
983,39456.0,39538.65751169638,39480.720175829614,39522.73474384824,39551.39418020358,64.0,-2.176591046001704,50.985487390971684,10.771876049242564,-5.515567522113997
984,39696.0,39536.75625976088,39655.30654236865,39566.8739918216,39550.648321691646,-32.0,-1.4082663471708656,-28.88092161770328,-20.423756115833385,-8.013442427352857
985,39392.0,39535.84097900204,39422.95833259421,39481.88723161657,39535.36729534887,-88.0,-0.2594185048546933,-77.55654680338921,-40.04314439674636,-8.112661575331003
986,39520.0,39536.23742275117,39500.19344876187,39486.78770302811,39534.422998540984,-24.0,1.1207989549548074,-21.797640022996347,-11.705677074409323,-0.22314688083861256
987,39344.0,39538.08257691195,39379.363052548215,39458.475877467754,39534.921001587194,64.0,2.53648778826755,55.98486652744032,28.926113173522026,10.044053125569917
988,39648.0,39541.3103983277,39612.16318181675,39544.63992937515,39554.511104792124,64.0,3.7881991303438554,53.616038352301985,34.4840165949754,14.91565844453362
989,39472.0,39545.658975172635,39486.59512925282,39527.443910657705,39564.75231847626,-80.0,4.707912897349161,-52.59240629982742,10.525936611407815,14.878829607954685
990,39488.0,39550.7262241224,39506.9783692171,39565.69180259797,39584.26876400803,120.0,5.190943499717832,115.27508604974719,77.09379323924804,24.329883732170856
991,39712.0,39556.04086217207,39717.14530135231,39681.6314971362,39613.4120859406,272.0,5.223238662289077,235.8934388967682,100.75544310632904,24.213926229600474
992,40032.0,39561.17270144698,39978.76524701063,39767.20268881063,39632.696616467234,-160.0,4.874331154933316,-140.56704190419987,-46.82746392026456,-0.6806386500065855
993,39392.0,39565.78952448194,39436.01121754391,39587.97656929567,39612.05080864059,-200.0,4.285424240093562,-186.68471913145186,-81.23783486711181,-9.643267394614668
994,39632.0,39569.74354992717,39605.39580874773,39604.7270190764,39613.410081678005,40.0,3.652715784024622,36.36363494248508,3.113959318929119,0.4297771213132364
995,39472.0,39573.09495604999,39508.738487428884,39594.20448793353,39612.910362883216,136.0,3.1756918259634404,123.23417374863857,50.57971282388826,6.545799349372828
996,39904.0,39576.094933579094,39851.86415624501,39705.88644472418,39626.50168037675,56.0,3.020919981194311,46.24739211807537,12.62517915274293,-0.28359848762556794
997,39584.0,39579.136796012375,39601.233271665034,39619.454846239016,39612.343165907965,-200.0,3.293279060275381,-164.4645262548147,-68.70417536565583,-12.741356173391978
998,39504.0,39582.681491699645,39522.93510373538,39568.47809399287,39601.018968029966,40.0,4.009875915959128,16.37735074723969,-18.737705249710416,-6.473249476497585
999,39664.0,39587.15654784429,39633.987973159514,39581.979435739595,39599.39666695497,-40.0,5.0964116466821,-39.007264778309036,-27.50894038347542,-4.852467727247131
1000,39424.0,39592.87431499301,39444.92057417876,39513.46021322592,39591.31403257547,-112.0,6.400554509040376,-84.46452808697723,-23.789115900723118,0.2830672492746089
1001,39440.0,39599.957656862374,39465.05891698556,39534.40120393815,39599.96280145352,184.0,7.718878512408992,151.68882407491765,68.14159268130607,16.646908950722718
1002,39792.0,39608.31207201783,39748.298222328594,39649.74339858853,39624.60785047692,56.0,8.834961520457,58.47452064566096,44.21389394464859,16.275441547244554
1003,39552.0,39617.62757990329,39582.00795827688,39622.828991827446,39632.51368454801,-24.0,9.554813943002955,-16.250472667310532,8.500089152639703,11.931518298493756
1004,39744.0,39627.42169990383,39715.79727699397,39666.74357689381,39648.470887073905,-8.0,9.749364627430623,-7.224296313033847,5.286373513266881,11.180746879588696
1005,39536.0,39637.12630915815,39567.55936565081,39633.40173885398,39654.875178307186,8.0,9.37223755162995,9.558916910893458,15.35903138716094,12.34805014864105
1006,39760.0,39646.16617500709,39734.91511081576,39697.46163966813,39673.16698737119,40.0,8.463599529521161,41.931299243758986,32.79072064821594,13.950158432558965
1007,39616.0,39654.05350821719,39651.42196413833,39698.98318015041,39682.7754951723,112.0,7.151281314130756,97.469788518516,43.013130557486875,12.94728255973314
1008,39984.0,39660.468737635354,39929.85468785279,39783.487900783104,39699.06155249065,-72.0,5.625839064377942,-62.638314567378984,-15.751328975758952,2.0391349428828107
1009,39472.0,39665.30518634595,39526.14533500357,39667.48052219889,39686.85376505807,-56.0,4.105942347661767,-49.794272440180066,-18.26711748476373,-1.465099179677054
1010,39872.0,39668.68062233068,39830.26614297243,39746.95366581358,39696.1313541313,96.0,2.799185089817911,78.75448048139151,16.949976521475037,0.4841567797884636
1011,39664.0,39670.90355652558,39683.65429596636,39701.380475241844,39687.822078617646,-56.0,1.8671953846751421,-48.34036717431081,-26.88295295081116,-7.118171582766081
1012,39760.0,39672.41501310003,39733.58540862381,39693.187759911954,39681.89501096577,-96.0,1.386923617345019,-82.14184422347535,-41.598835373908514,-9.832317103591777
1013,39472.0,39673.67740376027,39519.370607519406,39618.18280449403,39668.15744441046,32.0,1.3431000081945967,22.638236492621218,-1.9135531709180214,-3.9296943347835622
1014,39824.0,39675.10121311642,39778.86188160905,39689.36065357012,39674.0356222962,48.0,1.6328334471181734,33.80068213492996,3.85817586115445,-1.6200409994526126
1015,39568.0,39676.94307065451,39586.971971789266,39625.899156216336,39664.91736241156,-120.0,2.0807443707708444,-97.03005087345446,-34.51191924561499,-4.272391764065105
1016,39584.0,39679.26270185796,39584.801779862144,39620.33681507889,39665.49083876807,0.0,2.48739670319992,1.8387073836092895,12.606066401993303,4.648018294919893
1017,39568.0,39681.91786406091,39590.649386556484,39651.11128902032,39674.2133990014,128.0,2.6764496631112706,119.0945394767441,72.3301184515949,14.033230183391424
1018,39840.0,39684.61560118418,39822.99085881563,39764.99705198208,39693.55729913485,168.0,2.5360297283586988,147.29576633730176,76.38428895279503,12.02176509020137
1019,39904.0,39686.98992351763,39885.24091923109,39803.87986692591,39698.2569291818,-48.0,2.0417682769257226,-31.545343429086643,-11.177251593209803,-5.58752349396309
1020,39744.0,39688.69913773803,39759.90017195746,39742.64254879566,39682.38225214693,-40.0,1.2611824120140227,-45.839887486345106,-61.91604373242444,-18.95556442752786
1021,39824.0,39689.512288341655,39793.5611442584,39680.04777946106,39660.345800326744,-264.0,0.33955876619074843,-247.96607679184308,-134.57087960406352,-30.219161803845054
1022,39216.0,39689.378255270414,39263.96801837377,39473.50078958753,39621.94392853924,-176.0,-0.5373428530037927,-160.32026363100158,-77.79659507976976,-18.104675360544206
1023,39472.0,39688.43760263565,39472.920616996395,39524.454589301524,39624.136449605656,248.0,-1.1773698725155555,213.5556836045871,77.18109436475788,9.799343546699674
1024,39712.0,39687.02351552538,39691.07938558295,39627.86297831705,39641.542615632636,128.0,-1.4104110441621742,113.55569650128018,61.339878174047044,13.883296808613522
1025,39728.0,39685.61678054732,39700.032009998955,39647.13434564962,39651.90304322288,-184.0,-1.1098782016961195,-146.46695801548776,-21.16145984261675,6.555579751391633
1026,39344.0,39684.80375912199,39398.14546955197,39585.540058631814,39654.65377513542,80.0,-0.2094929634440632,85.11429028558632,59.17574229809907,18.283420669307816
1027,39888.0,39685.197794620435,39870.26059057013,39765.485830245816,39688.4698845615,328.0,1.3005354002016247,282.72422332234055,118.68868673690667,23.839603654152597
1028,40000.0,39687.404829922394,39963.59391619665,39822.91743210563,39702.332982443724,-120.0,3.371902803577541,-99.3952037709023,-31.109682087368128,-1.0202529955895443
1029,39648.0,39691.94160022759,39671.47018302832,39703.26646607108,39686.42937857032,-176.0,5.893460492588929,-164.0747076460575,-92.0177329990147,-13.982134944886639
1030,39648.0,39699.19175090757,39635.44450090454,39638.8819661076,39674.36871255395,-104.0,8.692741402275715,-98.80317760109028,-68.94351690967596,-10.742230388674216
1031,39440.0,39709.32708303214,39473.86382782614,39565.37943225173,39664.94491779297,16.0,11.539558646181831,7.738466052302101,-10.812817730009556,1.823451128671877
1032,39680.0,39722.270868199936,39650.92143300914,39617.25633064758,39678.015614811295,32.0,14.16446466880734,31.664770228715497,20.50506371964002,12.971477758885158
1033,39504.0,39737.656012369756,39537.19336828357,39606.38955969101,39690.88787331074,56.0,16.284246124880156,52.238776692316605,40.328008888933255,22.216652164985135
1034,39792.0,39754.839360449696,39755.398986393775,39697.912348425445,39722.448919141265,32.0,17.63892842174755,35.200550079072855,44.47896294716338,28.083491787587263
1035,39568.0,39772.93386921325,39607.59446844172,39695.347485585335,39747.054856885916,40.0,18.027251612395048,50.16782425654674,61.10887995255689,33.55868058894703
1036,39872.0,39790.893863674486,39855.73463490687,39820.13010833056,39789.56628031916,192.0,17.348971692088526,166.81334099951346,98.84767691050365,38.389737449204404
1037,39952.0,39807.63181259743,39941.221150440746,39893.04283940634,39823.834331784325,24.0,15.612929072674888,31.59226773758928,43.43415077895406,27.85976805437531
1038,39920.0,39822.119721819836,39918.91917038205,39906.99840988847,39845.28581642791,-40.0,12.935436316583946,-27.706128148445714,7.4547754263585375,17.7157754649852
1039,39872.0,39833.5026852306,39885.808894143855,39907.95239025906,39859.265882714295,40.0,9.521504871292564,35.93419448108034,18.930175500125188,13.343360422099067
1040,40000.0,39841.16273156242,39990.78755934421,39944.85876088872,39871.97253727211,80.0,5.624365997562563,58.91646192137341,9.335751074013388,6.305281421417021
1041,40032.0,39844.75141722572,40003.6418179866,39926.623892407086,39871.87644555713,-200.0,1.5062334230169654,-172.5240684856799,-70.92292227808866,-8.10226943712405
1042,39600.0,39844.175198408455,39645.73942237285,39803.01291633254,39855.76799839786,-104.0,-2.590593203865865,-85.61786668843706,-22.10451790827574,-3.3200472393727978
1043,39824.0,39839.57023081799,39832.40608460973,39882.414856590534,39865.23635107838,352.0,-6.460051815822226,302.05753764535984,108.60936855326509,11.530170234440448
1044,40304.0,39831.25509477681,40249.85449766357,40020.23165343907,39878.82833886674,-16.0,-9.92933647992686,-10.542095414562937,-4.067376431932644,-7.666595268303354
1045,39792.0,39819.711557858136,39811.3218937806,39874.28010372667,39849.90316054178,-296.0,-12.847755518003396,-258.02059055355494,-104.81149784906302,-26.030020297876035
1046,39712.0,39805.559583740804,39733.81331655646,39810.608657740944,39826.76829827099,48.0,-15.060281786358246,31.55800555816313,-14.36711711524913,-17.396447357241414
1047,39888.0,39789.59099428542,39874.43790489693,39845.54586949617,39815.110265827294,88.0,-16.397510343118483,72.81411282510089,13.710146503308351,-15.302519152326568
1048,39888.0,39772.76456305457,39879.44154220666,39838.02895074756,39796.163259966335,-40.0,-16.68909499397705,-37.78865165697425,-32.502443374825816,-23.53884286264656
1049,39808.0,39756.212804297465,39798.86060158298,39780.54098274652,39768.032580102,-144.0,-15.788945991043875,-126.27793270877737,-71.2174766277858,-30.1290508592283
1050,39600.0,39741.18667107248,39626.885676789105,39695.59399749199,39735.90515824788,-40.0,-13.62367217836072,-37.54654084834692,-37.14998650853158,-25.332163941733597
1051,39728.0,39728.965459940744,39723.767519886285,39706.241009729456,39717.36825221853,104.0,-10.24209158314261,75.71944252859248,-0.23248289780894993,-19.068493418417347
1052,39808.0,39720.702487906194,39778.32456184629,39695.12903169637,39697.768171411044,-104.0,-5.860770862575009,-93.82014880852876,-67.5474621848989,-25.11167223693701
1053,39520.0,39717.243918215594,39536.12722226923,39571.14608535966,39667.14490774466,-176.0,-0.8679427282077086,-161.5612282309121,-98.40990365688049,-23.26601827914783
1054,39456.0,39718.96660244978,39455.202105384466,39498.30922438261,39651.23613485275,-88.0,4.208028118639049,-84.91458996243455,-51.6822487857462,-6.146966149277432
1055,39344.0,39725.65997445287,39366.29804234436,39467.781587788166,39654.850975446105,16.0,8.7767571022232,22.58614868170116,31.36315729963826,19.157389365660492
1056,39488.0,39736.520116654225,39500.37440274787,39561.03553898189,39689.55091358407,216.0,12.291519946109474,195.94837414283393,129.77172068466461,44.77748381717174
1057,39776.0,39750.24301434509,39758.19479063003,39727.325029157495,39744.40594308045,168.0,14.352969636991475,168.7943410323096,141.95200475435558,53.27532665039689
1058,39824.0,39765.22605592821,39837.96308481249,39844.9395484906,39796.10156688486,152.0,14.790288856889674,149.58371824490678,128.0842935783985,50.30070214866282
1059,40080.0,39779.82359205887,40057.36222711984,39983.49361631429,39845.007347377774,104.0,13.694938686978276,106.21027790656444,90.30087598084356,37.156147861795034
1060,40032.0,39792.615933302164,40050.383640625616,40025.541300452285,39870.41386260845,96.0,11.399198008577514,84.93961663387745,38.81833436413581,17.327208361104567
1061,40272.0,39802.621988076025,40227.241460387595,40061.13028504256,39879.66176409998,-88.0,8.39406567259357,-95.38201609461976,-69.84587288844341,-10.36901030347508
1062,39856.0,39809.40406464735,39859.61960843638,39885.8495546754,39849.6758420015,-336.0,5.22115428260804,-301.0766719747335,-160.35595302946604,-30.302129998399323
1063,39600.0,39813.06429664124,39625.08811643813,39740.41837898363,39819.057504103184,-120.0,2.3674266196649114,-109.0909098075972,-75.2219861999547,-19.665462693163136
1064,39616.0,39814.13891788668,39641.43778882118,39735.40558227549,39810.34491661518,216.0,0.17073639531736262,178.8581041785219,54.689994429605576,1.00465834275019
1065,40032.0,39813.405769431876,39982.80432479517,39849.79836784284,39821.066820788685,64.0,-1.2138605101281428,60.068672260284075,23.291969488775067,0.17524521294399165
1066,39744.0,39811.711196866425,39761.57513334175,39781.98952125304,39810.695407041065,-160.0,-1.800240188040334,-133.3535247446889,-48.814085963284015,-7.03664339556417
1067,39712.0,39809.805289055796,39716.097275305794,39752.170195916275,39806.99353399756,-24.0,-1.7205414053896675,-24.991481506975106,-9.73422737862711,1.0478036563654314
1068,39696.0,39808.270114055646,39711.5921703278,39762.521066495785,39812.791014353796,80.0,-1.166998389056971,73.45574666101675,43.611403827399045,11.63703107393303
1069,39872.0,39807.47129227768,39863.00876862783,39839.39300357107,39830.26759614542,120.0,-0.32496829790761694,106.46044143915424,60.568438860824244,15.389961598892114
1070,39936.0,39807.62017745983,39924.51305320611,39883.65794421743,39843.57093755158,0.0,0.6674947724241065,4.069550608841382,18.09391275507369,8.681888283739681
1071,39872.0,39808.80628182253,39871.14786984551,39875.58082908122,39847.6313727129,-80.0,1.7137054459417413,-57.62583413303946,-6.286700595599541,2.842003796969948
1072,39776.0,39811.047588351714,39809.26138494003,39871.084543026234,39849.25494514552,168.0,2.743082517248695,141.35332598807872,43.04598545813133,5.286319689890661
1073,40208.0,39814.29244685703,40153.85452182167,39961.67279999748,39858.20401209268,-32.0,3.672968649341783,-35.45709429019553,-32.57534303000648,-8.540732448203926
1074,39712.0,39818.3935256504,39738.34719635964,39805.93385696622,39832.17348024911,-232.0,4.3851057505416975,-211.38138957705814,-108.77201454815076,-20.021857831114175
1075,39744.0,39823.06265835811,39731.09174266755,39744.12877090118,39818.160296430455,-64.0,4.71881220661453,-71.79674035434437,-61.74070061445309,-10.305168997132569
1076,39584.0,39827.83115006363,39594.75371565095,39682.452455737315,39811.56314225485,-104.0,4.495534985904669,-82.56944876186753,-12.450087295208505,4.781002937132143
1077,39536.0,39832.05372832992,39565.95284514382,39719.228596310764,39827.72230230472,224.0,3.5650769826861506,215.7534299444742,128.3904387288312,30.74527516510716
1078,40032.0,39834.961304029,40026.2605755399,39939.23333319498,39873.05369258506,376.0,1.861685319829121,336.82053336305034,173.6214034816985,37.384074909597985
1079,40288.0,39835.77709896958,40239.59391186992,40066.47140327416,39902.490452123915,-72.0,-0.5577466555696446,-52.486475072400935,16.473771716267947,10.161282145047153
1080,39888.0,39833.84581071786,39921.287625395096,39972.18087662751,39893.376256875155,-144.0,-3.4902098386446596,-128.0787887473416,-52.200088332894666,-8.845382405001146
1081,40000.0,39828.79667929229,39983.436334375234,39962.07122660837,39884.79968731391,-16.0,-6.60262699584564,-20.669619143696764,-29.074036714951944,-14.33658519554956
1082,39856.0,39820.64055672617,39879.9483871077,39914.03280319761,39864.703086484056,24.0,-9.486177429487725,16.253988270971604,-19.022021811961167,-19.66144650565184
1083,40048.0,39809.82432443331,40015.94431091718,39924.02718298445,39845.47679430261,-8.0,-11.720330109688803,-24.2825216046258,-51.992028720935195,-29.3524524663153
1084,39840.0,39797.19989650679,39831.38334389845,39810.04874575574,39805.998181551426,-272.0,-12.946046618544642,-234.11647095816807,-128.95406435084078,-41.17870367361684
1085,39504.0,39783.932231196224,39547.71136900084,39666.11905428277,39763.119386955375,-48.0,-12.928266705996066,-58.64290646171503,-62.87016433158715,-29.92282524827897
1086,39744.0,39771.3433630948,39714.09753097502,39684.308417092565,39746.15253105487,24.0,-11.592764358185377,16.873816849285504,-11.656428643920663,-16.859229347763176
1087,39552.0,39760.74670247985,39581.45900269941,39642.80619699493,39729.40092825985,16.0,-9.03045441391805,14.656485221454204,3.90087839982516,-7.881556382024428
1088,39776.0,39753.28245426696,39743.41050141793,39692.110173892215,39730.38941829082,-8.0,-5.477455193642527,-0.9959941918132245,7.359063843399781,-1.292039054493216
1089,39536.0,39749.79179209257,39579.467014315785,39657.524324681726,39726.81685015086,72.0,-1.2732833795998886,61.222076842164824,26.176313130374183,5.968274367587583
1090,39920.0,39750.73588750776,39865.85465510226,39744.46280015296,39742.325967025994,-16.0,3.1898188785562525,-16.543795089561172,-0.8301244522808702,6.625415226433688
1091,39504.0,39756.17142984968,39546.37942413666,39655.864075777165,39740.06768060373,-112.0,7.514682866552903,-83.20389126033842,-12.666686487220431,9.54509760791916
1092,39696.0,39765.76525324087,39699.44687258158,39719.12942717852,39761.41616224183,208.0,11.340625003602327,170.301811352816,74.83006499061958,24.619289750196913
1093,39920.0,39778.852679856886,39886.983046842295,39805.524205758404,39789.306260104124,16.0,14.377443133729685,22.451408472177718,29.156881459086435,21.355410867494356
1094,39728.0,39794.52013950833,39744.34968952594,39777.443190096696,39804.12698397682,-80.0,16.425096357543225,-60.884909686665196,-3.359420613363909,18.627073071540508
1095,39760.0,39811.70287257197,39765.213227468965,39798.805364531676,39826.560406247205,48.0,17.386818190530903,46.92967528783265,40.7648567008182,25.761442582745076
1096,39824.0,39829.29377588939,39838.2090401016,39858.97290349833,39855.64986914231,168.0,17.270878256043943,144.04101314064246,77.65399071582215,30.67195635222015
1097,40096.0,39846.24462908406,40053.29525375025,39954.11334596332,39887.904318951645,-8.0,16.183199935028824,1.5624823999023647,24.19711544665188,21.849665756915783
1098,39808.0,39861.66017575945,39841.33400490141,39907.367134391636,39899.34920065614,-64.0,14.310471089575003,-45.291224341814086,2.93735562412985,16.012341737306997
1099,39968.0,39874.86557126321,39962.71280506662,39959.98805721158,39919.92900242626,112.0,11.896675219020835,94.94282549830677,48.614951425734034,18.176251891425636
1100,40032.0,39885.45352619749,40031.21965589802,40004.597037243104,39935.701704438994,72.0,9.202382302144542,64.60513032151721,30.90749865307953,10.957787234689022
1101,40112.0,39893.2703358675,40091.923065709656,40021.80305451774,39941.84457689564,-40.0,6.4694690587239165,-39.68126164006753,-27.892455466499086,-2.3648986985790543
1102,39952.0,39898.39246431494,39951.857132617886,39948.812126310106,39930.971907041836,-160.0,3.8934341536478314,-140.78027000235306,-74.58486505258043,-11.924074501708674
1103,39792.0,39901.057204174795,39810.36252570495,39872.63332441258,39917.99642789222,-48.0,1.5977963493169227,-49.68197838819469,-35.86213969123855,-6.675657755004067
1104,39856.0,39901.58805701357,39852.4931758415,39877.08784692763,39917.62059153183,24.0,-0.3729464216521592,24.596529344038572,14.998445978861128,2.7051932161994046
1105,39840.0,39900.31131133149,39859.55558439303,39902.6302163703,39923.40681432462,120.0,-2.0304002337143174,104.84033051665392,56.857477627825574,9.95656350902209
1106,40096.0,39897.52725654614,40062.173836874805,39990.80280218328,39937.53371854987,24.0,-3.414584665573784,33.48743685579029,35.573986904615595,6.203590152745164
1107,39888.0,39893.48214200034,39926.53045810461,39973.77819017953,39935.81399463011,64.0,-4.576747824317863,57.00891175285142,25.864483086013934,0.6709758117431193
1108,40224.0,39888.373760897506,40176.19166038051,40042.53176835531,39938.87567017336,32.0,-5.5445339323086955,10.619504178423085,-21.980537646566518,-11.19454094807952
1109,39952.0,39882.393074135725,39947.769466461454,39929.8171148864,39913.42491273395,-312.0,-6.298551603234955,-263.06432344181667,-123.80609602570621,-27.37951180271557
1110,39600.0,39875.776657691036,39650.063013496874,39794.919576303895,39884.11664656793,-24.0,-6.787253372320265,-33.90192365018447,-37.43775043055939,-15.10243383762645
1111,39904.0,39868.818567391085,39879.965619161085,39854.94161402528,39883.2200450587,136.0,-6.940242511784163,109.73070146964528,35.4928447340244,-1.9355992562923348
1112,39872.0,39861.89617266747,39869.524416436165,39865.905265771944,39880.24544805534,-48.0,-6.6849178177144495,-22.819120544078032,7.916284632632596,-2.5623246005889087
1113,39808.0,39855.448731755656,39834.32737807293,39870.774183290545,39878.09539585752,120.0,-5.97561318165026,96.43985200138923,36.256009163877025,1.3547175950552628
1114,40112.0,39849.94494630417,40062.40412043894,39938.4172840997,39882.95488324545,-16.0,-4.807079538339167,-19.902655439258524,-19.148257141001523,-6.592768449798314
1115,39776.0,39845.83457267898,39794.52206719441,39832.47766900854,39864.90985895792,-208.0,-3.2211131692856725,-175.2717172724806,-77.70078058688887,-13.59953133963063
1116,39696.0,39843.502719965596,39711.86068589398,39783.01572292592,39855.75582056619,0.0,-1.3018834423892258,-3.357951830505044,-5.954084619654168,-1.1662473634241906
1117,39776.0,39843.2308057942,39787.8061635334,39820.56949976923,39862.577364231074,160.0,0.8436768341198331,134.97629530642735,59.838526727926364,11.150411876438739
1118,40016.0,39845.190073633836,39981.81327650684,39902.69277638177,39878.05664431907,16.0,3.0999025791425083,23.073495507615007,25.469664803425985,8.582112303945905
1119,39808.0,39849.430610952484,39833.95315454863,39871.508829376085,39879.741588838966,-24.0,5.354835340156569,-18.094349215032707,0.570467682355229,5.272023961846571
1120,39968.0,39855.89974431415,39945.62457807677,39903.83371174648,39888.60069224276,0.0,7.51643622354095,-0.20568608802204835,0.24173824363970198,4.889138015936624
1121,39808.0,39864.463483399566,39833.54178237259,39871.992305863365,39889.51986487084,24.0,9.496679223841056,15.626116158735385,0.15474704856751487,4.9951658716163365
1122,40016.0,39874.89310276183,39976.87681039424,39904.14320584362,39898.591023985995,-56.0,11.213735807476041,-52.28092000714969,-23.777497097937157,3.2007103144533176
1123,39696.0,39886.89095501452,39728.97994235829,39824.43731166749,39895.921285499746,-112.0,12.591944166677422,-82.99715624449891,-15.487238342386263,7.326325788741087
1124,39792.0,39900.076991095186,39810.882497905244,39873.168729158846,39913.24367556348,216.0,13.547296686349,185.32883885721458,89.315782070782,23.384573841904057
1125,40128.0,39913.985548387216,40099.63762007272,40003.068875809055,39942.690433183554,160.0,13.995848003083665,137.92942874700384,67.43458455473592,20.18127927925525
1126,40112.0,39928.06868710135,40086.74135539925,40008.03789826832,39953.60623412199,-168.0,13.863029193747934,-139.18948767720576,-47.01202840657788,2.9961126445305126
1127,39792.0,39941.71160677471,39821.258644718306,39909.0448189959,39948.682658472615,-144.0,13.099470217912312,-119.18948708942844,-40.47066977446593,2.9105572742591903
1128,39824.0,39954.26762753718,39848.362381220395,39927.096558719386,39959.427348670506,208.0,11.70674029332804,171.20357153901568,69.60001908317645,17.516057631415606
1129,40208.0,39965.12508736137,40163.66578779634,40048.24485716225,39983.714773735446,72.0,9.753678822671645,71.34441662265453,41.270727023988,13.073163751712855
1130,39968.0,39973.77498518252,39991.051214465704,40009.63801276736,39985.57367617393,-64.0,7.384532716027024,-57.358501002105186,-17.78783801120153,2.7375862471853907
1131,40080.0,39979.89415279342,40048.94878579213,40012.66918113985,39989.18994622982,-112.0,4.811461287099519,-97.35849971296193,-30.634241057596228,-0.9242326326275361
1132,39744.0,39983.39790775672,39796.33421503978,39948.36953065217,39983.72521090868,104.0,2.288519034293131,96.80119947289859,37.88511483840921,6.521525224292418
1133,40288.0,39984.47119086201,40242.551184737924,40088.43941081667,40002.2329966784,160.0,0.07062123792638886,131.22819836139388,40.28958557283113,4.21943560364889
1134,40064.0,39983.53915023257,40058.79061176257,40028.94870179783,39992.164082115974,-256.0,-1.6404765608749585,-209.80751416253042,-77.0163581199231,-13.660710456631932
1135,39776.0,39981.19023774026,39822.93615641286,39934.40669457682,39974.91157576514,8.0,-2.747965383285191,-1.1736732854078582,-15.338659932600422,-7.306927562578494
1136,40080.0,39978.043219466,40056.44326519175,39998.27138193263,39977.55022699082,152.0,-3.290949487916805,115.7234347376725,23.00037832212547,-2.483837424777448
1137,40080.0,39974.608338764425,40054.38302588821,39980.40745122107,39969.94390091558,-152.0,-3.4427848984305456,-130.14510986252208,-67.66020510102317,-13.109131029457785
1138,39776.0,39971.15764966914,39796.15304546671,39862.950971730585,39951.3319649319,-176.0,-3.4738677206478314,-157.46475308795198,-73.98099362519497,-9.845337737086084
1139,39728.0,39967.66060332313,39739.453519712304,39832.44546397068,39950.25322544141,0.0,-3.6790223389616585,0.5680728071019985,21.717224225441896,10.03392178158174
1140,39776.0,39963.79960499122,39797.28919108091,39906.38542018147,39971.399808495065,232.0,-4.295509633480833,223.23266642318413,139.13266630152066,30.916573478407372
1141,40192.0,39959.06958405617,40185.91885255867,40110.71079657372,40012.086372398226,328.0,-5.427250505137636,299.272884621103,163.68077467911644,31.690882523071195
1142,40432.0,39952.94510398094,40395.83496032312,40233.7469695397,40034.78157354121,32.0,-7.0093531083039124,29.09090938002919,23.909657735832297,2.834279820039228
1143,40256.0,39945.05087783956,40244.10067131873,40158.53011204539,40017.754932038304,-280.0,-8.812944062425231,-250.16194682496644,-123.95180147162318,-28.93889490098445
1144,39872.0,39935.31921585609,39895.511066673185,39985.843366596455,39976.90378373924,-208.0,-10.495711264808051,-192.10325686537908,-115.76506215070185,-35.605959112104756
1145,39840.0,39924.05945530994,39859.89415758797,39926.999987743984,39946.543013814095,88.0,-11.688159596156765,63.85387885466116,-15.34338498048237,-25.033619234440266
1146,40048.0,39911.94289666378,40023.21882438251,39955.15659663549,39926.83654527036,56.0,-12.091938026129355,39.41878870708388,-18.265092790745257,-25.764641280216892
1147,39952.0,39899.875579257685,39938.73173500214,39890.46980216249,39895.01373125366,-168.0,-11.54058216285921,-150.82841436967647,-95.4518933917534,-34.672127454017755
1148,39712.0,39888.86173233806,39721.561995643155,39764.25280985198,39857.49229036232,-184.0,-10.019122160829284,-169.35976114323057,-100.09058738451495,-30.246826373218937
1149,39584.0,39879.837334936026,39600.01221271568,39690.288627393464,39834.52007850722,-48.0,-7.675616242857359,-41.4887193490722,-20.819868761787802,-10.446207929740922
1150,39616.0,39873.510499852346,39638.58455694501,39722.61307232841,39836.59987450284,168.0,-4.762719011407171,151.49512895440057,85.6309810991479,13.10978972076191
1151,39920.0,39870.31189691321,39903.00247062448,39861.55058959176,39860.73965794875,192.0,-1.571207165994565,179.4302668018645,109.71281205922787,21.176766343342024
1152,40000.0,39870.36808552036,39997.44509054874,39942.03869644686,39878.953407189525,88.0,1.6210151642335404,81.66807266794785,51.50745507853571,12.161419600255613
1153,40096.0,39873.55392724168,40066.338615960376,39964.56549974883,39885.06249714926,-88.0,4.590044023716473,-79.41339478647569,-43.19044682362073,-4.437785182806692
1154,39824.0,39879.54817356779,39838.61830097579,39855.65780279962,39870.07783682391,-160.0,7.173771811416373,-154.62881010566707,-93.07879554939791,-12.680768484151486
1155,39776.0,39887.90147086451,39757.08099574904,39778.407908650035,39859.700960180955,-208.0,9.2734543159022,-188.23640808884375,-76.04593982456936,-6.1918286339059705
1156,39408.0,39898.095082199594,39462.1454847981,39703.56592315048,39857.6941795561,160.0,10.835167631099466,150.84585635718395,72.94097607568983,20.477928352949675
1157,40096.0,39909.57180612671,40058.77270846341,39924.289860801415,39900.656816886854,256.0,11.833669331546844,247.54090427204574,134.8688680516425,33.19547817509374
1158,39920.0,39921.76242086269,39957.22729334219,39973.30365925377,39924.08513590629,144.0,12.265770424506627,135.54089221755567,75.66562807923037,23.632575814750453
1159,40384.0,39934.103346975724,40329.85449289852,40075.621116959876,39947.921968516355,-128.0,12.157689626332285,-129.2550769189329,-51.871983813947736,2.032931035886577
1160,39664.0,39946.07780011535,39698.717139504326,39869.55969162587,39928.15099797806,-312.0,11.577945860266482,-277.3467555325187,-103.28157952106994,-6.56342063939519
1161,39760.0,39957.25923869626,39775.160981833484,39869.057957917736,39934.795127237565,176.0,10.63708627338201,152.2487514965942,54.02724525072699,15.383885621384252
1162,40016.0,39967.351972662116,40003.214642497514,39977.61418212733,39958.91876922083,176.0,9.492197639843653,164.12687315158837,89.3633152732582,21.269580444306484
1163,40112.0,39976.243633975944,40103.41472813666,40047.78458846425,39977.33428812618,56.0,8.320453604657814,57.27372632245533,38.06270056905123,11.682233311654272
1164,40128.0,39983.99287987143,40117.762095142425,40053.73958326543,39982.28323584414,-32.0,7.282473621984536,-36.84215728208801,-31.17521356610814,-2.3368904898306937
1165,40048.0,39990.80858121991,40029.730413572484,39985.434161332036,39972.66050714652,-296.0,6.49630380126473,-263.80829248412556,-99.58834126737929,-13.389703340293636
1166,39536.0,39996.98548747396,39590.145510174174,39854.56290073067,39955.50382916355,160.0,6.00881879958979,142.06203769329295,28.410189763970266,3.818513475209329
1167,40368.0,40002.82621881909,40313.85448895907,40042.254540859976,39980.297534096935,144.0,5.788551817484404,123.74372857230992,24.81891055929009,5.4085816382321354
1168,39824.0,40008.56259110893,39837.632967318794,39904.20072184925,39966.320992440014,-352.0,5.742410684080824,-305.309701482478,-97.95345808609636,-6.860492034920753
1169,39664.0,40014.311040187255,39703.235085994114,39846.34762468778,39966.57655002709,72.0,5.74817429970426,61.7775486458886,33.320715182424465,15.384385088433191
1170,39968.0,40020.05893970834,39961.18806461057,39970.8421522141,39997.08976261688,248.0,5.701815138047095,223.89330166932268,125.91560363336612,31.96770072063009
1171,40160.0,40025.71467046335,40151.02168933276,40098.178831954516,40030.511951468354,152.0,5.557633345990325,144.9420713859763,96.42609571767389,26.94778642489473
1172,40272.0,40031.17420640032,40251.07220738252,40163.69434364945,40050.98533546667,-8.0,5.347350310847105,-4.588445037607016,11.362683519659186,9.42265077164484
1173,40144.0,40036.40937108504,40141.844799257546,40120.904198993834,40049.35725301164,-144.0,5.169577894714166,-120.00341183724959,-54.33804515869633,-6.360219804439112
1174,39984.0,40041.51336218975,40011.065383708024,40055.018253332055,40038.26489585779,24.0,5.156863584881648,4.5475029905937845,-30.37681899575182,-8.379112360966246
1175,40192.0,40046.723098254806,40150.93980523873,40060.15056100233,40032.59902828971,-72.0,5.435511072220834,-74.5230954613653,-60.79241182856276,-13.635916153594735
1176,39840.0,40052.38438433419,39862.019192785294,39933.43342967493,40010.9930635506,-200.0,6.078998684657563,-169.728105341208,-80.00041648993283,-13.056311561576877
1177,39792.0,40058.88109562412,39811.48359455632,39900.149728022465,40006.48640516656,56.0,7.092326430509274,46.88237455260969,20.791162358764268,6.217661874281475
1178,39952.0,40066.56903719521,39955.78394189051,39975.01575439246,40023.428387299165,184.0,8.40028483876813,163.22005678676578,86.37390356621836,20.51340149756288
1179,40160.0,40075.68166530166,40137.92370812985,40072.8975351549,40047.51320816168,72.0,9.855570358009572,71.75830688857604,54.330548339901725,18.46048127060567
1180,40096.0,40086.28017791123,40099.300555667665,40083.67685107226,40060.34934984038,-32.0,11.284055980493576,-22.12037412384234,4.617741453483177,11.05360917071448
1181,40096.0,40098.249777262645,40093.682959882164,40082.13301806187,40069.62042650311,-8.0,12.511775669932831,-17.202796374658647,-8.477323979452194,7.9520979878871
1182,40080.0,40111.30372925109,40064.89496291835,40066.72220311336,40076.25354581615,-128.0,13.376644800540817,-104.31318237209052,-22.04971339183612,6.445796603846247
1183,39840.0,40125.00306686373,39885.05659513798,40038.033591278196,40082.512019710804,160.0,13.742324719281896,147.51880010953028,70.32818380393292,18.38407488019584
1184,40400.0,40138.78837868966,40359.93256313741,40207.37857072122,40113.02169557654,192.0,13.510637189312547,172.46459148645954,73.03426480364215,16.16076064456138
1185,40224.0,40152.02434124235,40229.9857781109,40184.10212088548,40114.83354099993,-112.0,12.601744990002771,-100.0178944719737,-43.22538939301012,-3.646477526614035
1186,40176.0,40163.99186866966,40159.89677419346,40120.9277919352,40105.728740523315,-152.0,10.94980303835473,-150.60513295015335,-90.71043298266886,-12.618363450452307
1187,39920.0,40173.92394731906,39928.775512210595,40002.68125492014,40089.59681409902,-216.0,8.515322993429436,-187.24370092988102,-76.90590955499283,-7.652085719335446
1188,39744.0,40181.02251465652,39785.4093723337,39967.11597282522,40090.424569084644,176.0,5.287083239414642,158.78136112763605,75.99270431768309,18.148983439848962
1189,40272.0,40184.49811379789,40246.33823446587,40154.66666355551,40125.89478097872,256.0,1.3142129951738752,237.5193951254587,128.88402250804938,28.164950943013537
1190,40256.0,40183.65094064687,40260.44816258462,40224.884017841316,40146.75447097067,24.0,-3.2634441457339562,36.350741041835136,54.65936320646506,15.397413540482376
1191,40320.0,40177.97122550642,40319.03971654954,40263.98538996844,40156.689608059685,72.0,-8.200808427052834,53.790136712614185,11.094067111342156,1.7696174920019985
1192,40400.0,40167.24932379276,40368.028436009845,40247.072152064,40150.293705954675,-232.0,-13.134177645239106,-204.44723477295702,-93.37716187243495,-18.88121680727636
1193,39856.0,40151.702870215944,39910.145247003624,40077.23106622357,40118.92717444513,-72.0,-17.595497709829942,-83.08678928247537,-59.22555272864702,-18.220172787288902
1194,40256.0,40132.0583283731,40201.854857444894,40128.621046606706,40113.8533603801,-16.0,-21.06106445097612,-15.999977537368977,-12.299496313506097,-12.181146046030335
1195,39824.0,40109.58074131399,39878.145291928886,40052.63207359656,40094.56488235307,56.0,-23.019749253846385,70.86954929866624,38.32706378812509,-5.760233909371891
1196,40368.0,40086.01882986541,40343.59395604223,40205.275174182956,40102.33289256135,288.0,-23.065254989625828,246.05763393419693,71.28068767787408,-5.515345163646998
1197,40400.0,40063.45023133474,40370.26055979728,40195.193448952305,40083.53419202578,-224.0,-20.98263693770059,-211.79693804488488,-112.48500075449556,-34.62199093429081
1198,39920.0,40044.05355599001,39920.00007995246,39980.305172673965,40033.08891069277,-416.0,-16.81161379027617,-374.05756757036215,-184.73568994136076,-44.79083579836515
1199,39568.0,40029.82700375419,39622.145424656555,39825.72206906958,39993.95252042905,56.0,-10.87792223154247,42.463597632871824,-25.722069069586723,-17.83876424227492
1200,40032.0,40022.297711526924,40004.9272752182,39928.86103453479,39997.41138220822,464.0,-7.529292227263795,382.7818505616451,103.13896546520846,3.4588617791741854
