distance,Raw,Median+Gaussian,Huber MRF lambda=0.1,Huber MRF lambda=1,Huber MRF lambda=10,derivative:Raw,derivative:Median+Gaussian,derivative:Huber MRF lambda=0.1,derivative:Huber MRF lambda=1,derivative:Huber MRF lambda=10
0,49232.0,49329.762155477685,49252.88541574043,49309.84448168773,49354.467347430626,272.0,2.0635506669204915,208.85415740426106,77.84448168773088,12.246734743064735
1,49504.0,49331.825706144606,49461.73957314469,49387.68896337546,49366.71408217369,-16.0,3.1102803351896,-2.4479768722885638,19.688963375458115,5.382438851749612
2,49200.0,49335.982716148064,49247.98946199585,49349.22240843865,49365.232225134125,0.0,5.2233460056559124,26.19719883041762,36.14464928250891,6.779754217139271
3,49504.0,49342.27239815592,49514.133970805524,49459.97826194048,49380.27359060797,384.0,7.338679472268268,316.81436283730363,88.74498447207588,8.855045004242129
4,49968.0,49350.6600750926,49881.61818767046,49526.7123773828,49382.94231514261,-384.0,9.344408207001834,-345.0565364313843,-153.90969586628125,-26.58415970822898
5,48736.0,49360.96121456992,48824.020897942755,49152.15887020792,49327.10527119151,-352.0,11.059750102605904,-336.8611083653195,-166.47407207091965,-26.28178039152408
6,49264.0,49372.77957529781,49207.89597093982,49193.76423324096,49330.37875435956,128.0,12.25515188449208,103.35492769613847,6.487479653518676,6.592420886026957
7,48992.0,49385.471518338905,49030.73075333503,49165.133829514954,49340.290112963565,-16.0,12.694835535283346,16.488549070360023,57.93651103147204,27.325864252183237
8,49232.0,49398.16924636838,49240.87306908054,49309.637255303904,49385.03048286393,264.0,12.214787989407341,254.50766114818907,183.32205344090107,52.39189404356148
9,49520.0,49409.90109431772,49539.74607563141,49531.77793639676,49445.07390105069,448.0,10.780018987527,400.6340187696187,228.02964929123118,56.29711323929223
10,50128.0,49419.72928434343,50042.141106619776,49765.696553886366,49497.62470934251,80.0,8.517313313612249,70.0699300255801,52.76689443279247,21.03204375895075
11,49680.0,49426.935720944944,49679.88593568257,49637.31172526234,49487.13798856859,-440.0,5.738738743722934,-362.8254925243491,-149.7289659928574,-20.129821345493838
12,49248.0,49431.20676183088,49316.49012157108,49466.23862190065,49457.365066651524,16.0,2.903646764163568,-20.94520625608493,-61.953792411357426,-19.304668584485626
13,49712.0,49432.74301447327,49637.9955231704,49513.40414043963,49448.52865139962,-48.0,0.5331299975696311,-48.51698254867733,-52.132411241218506,-22.009982681927795
14,49152.0,49432.27302182602,49219.45615647372,49361.973799418214,49413.34510128767,-104.0,-0.890901113529253,-81.25858432807217,-46.44344131230173,-22.116295047566382
15,49504.0,49430.96121224621,49475.478354514256,49420.51725781502,49404.296061304485,152.0,-1.0174356871684722,113.41397061182943,16.802087304316956,-14.034236917959788
16,49456.0,49430.23815045168,49446.28409769738,49395.57797402685,49385.27662745175,-88.0,0.28973556932396605,-77.77376832996379,-55.15029677475104,-22.55560248014808
17,49328.0,49431.54068338486,49319.93081785433,49310.21666426552,49359.18485634419,-184.0,2.927543148616678,-166.6991905713985,-94.2529776285628,-24.532528290350456
18,49088.0,49436.093236748915,49112.885716554585,49207.07201876972,49336.21157087105,-104.0,6.574424639951758,-82.61651852682553,-43.608636110941006,-10.562706929587875
19,49120.0,49444.689532664765,49154.69778080068,49222.99939204364,49338.05944248501,272.0,10.745817853035987,215.30096824948487,67.42706929573615,12.750843738216645
20,49632.0,49457.58487245499,49543.487653053555,49341.926157361195,49361.71325834748,-192.0,14.902469679331261,-159.71553033102828,-26.110156001850555,10.139478779841738
21,48736.0,49474.49447202343,48835.26672013862,49170.77908003994,49358.3384000447,-16.0,18.532637652424455,5.488756388087495,46.242462698719464,27.74206169944955
22,49600.0,49494.650147759836,49554.46516582973,49434.411082758634,49417.19738174638,432.0,21.221692238486867,380.0918540815037,180.8375440980053,49.718850789005955
23,49600.0,49516.9378565004,49595.45042830163,49532.45416823595,49457.77610162271,-8.0,22.6952016433097,18.237403980052477,64.27016959529647,33.46752495746114
24,49584.0,49540.040551046455,49590.939973789835,49562.95142194923,49484.1324316613,40.0,22.806308735420316,30.189414437401865,19.972964687884087,21.362951621656975
25,49680.0,49562.55047397124,49655.82925717643,49572.40009761172,49500.50200486602,-40.0,21.511425632197643,-55.96443073125192,-44.35127553164784,7.394673448023241
26,49504.0,49583.06340231085,49479.01111232733,49474.24887088593,49498.92177855735,-360.0,18.85011293057687,-301.7625832124577,-113.02679128282034,-1.8341373808070784
27,48960.0,49600.250699832395,49052.30409075152,49346.346515046076,49496.83373010441,152.0,14.914397775351972,140.3293735337611,65.27090168317955,24.75363805227971
28,49808.0,49612.892197861554,49759.66985939485,49604.79067425229,49548.42905466191,424.0,9.84134902004007,360.19912426562587,156.83949633235898,38.61677729059738
29,49808.0,49619.933397872475,49772.70233928277,49660.025507710794,49574.0672846856,-216.0,3.843820550620876,-163.45582369821932,-18.75241268609534,13.941594257976249
30,49376.0,49620.579838962796,49432.758211998414,49567.2858488801,49576.31224317786,-72.0,-2.75736846039581,-56.15306729228905,2.903265609355003,12.260570651145827
31,49664.0,49614.418660951684,49660.39620469819,49665.832038929504,49598.588425987895,248.0,-9.532840131334524,209.61901619071068,99.46220951415307,19.00560410943217
32,49872.0,49601.51415870013,49851.996244379836,49766.210267908406,49614.323451396725,104.0,-15.940416425655712,91.58126158080995,47.48336293310058,2.8511979786671873
33,49872.0,49582.53782810037,49843.55872785981,49760.798764795705,49604.29082194523,-192.0,-21.37071568166357,-150.64387722095125,-61.01212071484406,-23.418088354235806
34,49488.0,49558.7727273368,49550.70848993793,49644.18602647872,49567.487274688254,48.0,-25.24939861657549,20.692211767800472,-38.51972507762548,-32.829183522560925
35,49968.0,49532.03903086722,49884.94315139541,49683.759314640454,49538.63245490011,-120.0,-27.12965111016092,-117.72103378849351,-102.54705451803966,-50.32319704314432
36,49248.0,49504.51342511648,49315.266422360946,49439.09191744264,49466.840880601965,-208.0,-26.78790409972862,-196.6731650067086,-149.12143847649713,-60.849530268042145
37,49552.0,49478.463222667764,49491.596821381994,49385.51643768746,49416.93339436402,-104.0,-24.298850558618142,-125.68549406896636,-136.81726091144446,-56.660816519739456
38,49040.0,49455.91572399924,49063.89543422301,49165.45739561975,49353.519247562486,-368.0,-20.03960638828721,-308.2242160439382,-157.3303442578399,-47.73818442341508
39,48816.0,49438.38400989119,48875.14838929412,49070.85574917178,49321.45702551719,144.0,-14.628758973518416,106.99490154171508,32.82622813792841,-6.789370769434754
40,49328.0,49426.658206052205,49277.885237306444,49231.109851895606,49339.94050602362,152.0,-8.83444548764237,152.16303454454828,111.80902867162149,19.08050580760755
41,49120.0,49420.715118915905,49179.474458383214,49294.47380651502,49359.61803713241,240.0,-3.4316782696114387,233.57402451107555,150.60085787692879,31.65843296541061
42,49808.0,49419.79484951298,49745.033286328595,49532.31156764946,49403.25737195444,264.0,0.9412198602003627,216.1127480701216,99.99354495917578,23.40220341975146
43,49648.0,49422.597558636306,49611.69995452346,49494.460896433375,49406.42244397191,-432.0,3.8665978241260746,-351.8860864236631,-114.62022299939781,-8.913805783930002
44,48944.0,49427.528045161234,49041.26111348127,49303.07112165067,49385.42976038658,-64.0,5.200498335518205,-47.08074640002815,-11.854213957380125,1.078804433993355
45,49520.0,49432.99855530734,49517.5384617234,49470.752468518614,49408.5800528399,560.0,5.080969651648047,463.96965685914984,143.05758112726107,17.579295095314592
46,50064.0,49437.68998446453,49969.20042719957,49589.18628390519,49420.58835057721,-392.0,3.8622274760309665,-341.13586724030756,-118.97304266083665,-20.162284733829438
47,48736.0,49440.723010259404,48835.266727242786,49232.80638319694,49368.25548337224,-320.0,2.028930808228324,-288.51490718702917,-107.97670910977467,-20.72009303635423
48,49424.0,49441.74784608099,49392.17061282551,49373.23286568564,49379.1481645045,424.0,0.0982173686279566,367.4717618687464,115.04291533151991,8.650089357481193
49,49584.0,49440.91944499666,49570.21025098028,49462.89221385998,49385.5556620872,120.0,-1.4831542028477998,109.09089305618545,29.10545510433076,-3.514719312934176
50,49664.0,49438.78153767529,49610.35239893788,49431.4437758943,49372.11872587863,-344.0,-2.3998532933292154,-308.955099478786,-147.72655001852763,-28.030999914641143
51,48896.0,49436.11973841,48952.30005202271,49167.439113822926,49329.49366225792,-344.0,-2.5040944767388282,-295.6928446758684,-128.2851051599173,-20.95038050781295
52,48976.0,49433.773348721814,49018.966709586144,49174.87356557447,49330.217964863004,352.0,-1.8234472943950095,289.3253548957,106.87123453877939,18.435200848234672
53,49600.0,49432.47284382121,49530.95076181411,49381.181582900484,49366.36406395439,160.0,-0.5267568350172951,158.9127118969227,96.89880877625546,24.464302289099578
54,49296.0,49432.71983505178,49336.79213337999,49368.67118312698,49379.1465694412,8.0,1.1423590126869385,9.802038465822989,23.825191789987002,16.939833958880627
55,49616.0,49434.757561846585,49550.55483874575,49428.83196648046,49400.24373187215,-128.0,2.9297534303186694,-113.46310090545376,-33.42323340629082,10.30934902455192
56,49040.0,49438.57934191242,49109.86593156908,49301.8247163144,49399.76526749031,-136.0,4.626456793677789,-91.35924933125352,3.9051079911369015,17.509798992672586
57,49344.0,49444.01047543394,49367.836340083246,49436.64218246273,49435.263329857495,472.0,6.122814130103507,396.29289576830706,181.13855737970516,40.06122886006051
58,49984.0,49450.82497017262,49902.451723105696,49664.10183107381,49479.88772521043,104.0,7.412661383212253,107.73321171298812,67.51056414797495,19.418781613454485
59,49552.0,49458.835798200365,49583.30276350922,49571.66331075868,49474.100893084404,-184.0,8.570922826631431,-162.63514205036336,-82.60686493578396,-9.681787471799908
60,49616.0,49467.96681582589,49577.18143900497,49498.88810120224,49460.52415026683,-200.0,9.705337988794781,-200.2141294794019,-131.33115895531955,-21.350535304238292
61,49152.0,49478.246474177955,49182.87450455042,49309.00099284804,49431.39982247593,-280.0,10.89150731681002,-239.9344117024666,-111.3866119301747,-15.154336667103053
62,49056.0,49489.74983045951,49097.312615600036,49276.11487734189,49430.21547693262,128.0,12.13453637207931,121.0011890497808,77.17132316478819,17.526428303324792
63,49408.0,49502.51554692211,49424.87688264998,49463.34363917762,49466.45267908258,536.0,13.329542922034307,465.71038534049876,214.90058142453927,39.159836104085116
64,50128.0,49516.408916303575,50028.733386281034,49705.91604019097,49508.53514914079,0.0,14.270532095295493,18.908767750264815,31.53042110883689,11.109227515255043
65,49408.0,49531.056611112705,49462.69441815051,49526.40448139529,49488.67113411309,-280.0,14.702700193014607,-257.7139151326519,-120.30931809803224,-15.830458322052436
66,49568.0,49545.814316689604,49513.30555601573,49465.297403994904,49476.87423249669,-272.0,14.363911531243502,-249.71386760332098,-112.45837540294087,-16.35318999156152
67,48864.0,49559.78443417519,48963.26668294387,49301.48773058941,49455.964754129964,120.0,13.05444513499242,120.24371640121899,54.93419188921689,8.688759339773242
68,49808.0,49571.92320695959,49753.79298881817,49575.16578777334,49494.251751176234,416.0,10.710997761598264,372.39486075856985,157.2609510705879,22.599584605079144
69,49696.0,49581.20642969839,49708.05640446101,49616.00963273059,49501.16392334012,16.0,7.428059744786879,14.545437947868777,0.8486613225504698,-2.829631669101218
70,49840.0,49586.77932644916,49782.883864713905,49576.86311041844,49488.59248783803,-384.0,3.44759884593077,-357.21150780473545,-170.71496710293286,-30.141811110192066
71,48928.0,49588.10162739025,48993.63338885154,49274.57969852472,49440.88030111974,-360.0,-0.8538520385627635,-314.6252399775112,-128.9935626313527,-22.068171662307577
72,49120.0,49585.07162237204,49153.63338475888,49318.87598515573,49444.45614451342,424.0,-5.009979830196244,363.66191006494046,143.7342792088748,19.798650619351974
73,49776.0,49578.08166772986,49720.95720898142,49562.04825694247,49480.47760235844,272.0,-8.552678157881019,256.61487876643514,136.19640025797707,21.245337962947815
74,49664.0,49567.966266056275,49666.86314229175,49591.26878567169,49486.94682043931,-48.0,-11.076169583808223,-39.77835523088652,-7.145078434943571,-2.38344089716702
75,49680.0,49555.92932856224,49641.400498519644,49547.758100072584,49475.71072056411,-248.0,-12.289853465266788,-218.4601511738947,-109.63163556281506,-21.450563846996374
76,49168.0,49543.38655912574,49229.942839943964,49372.00551454606,49444.04569274532,-104.0,-12.076473363020341,-101.743458855879,-73.74982825349434,-17.86274318152573
77,49472.0,49531.7763818362,49437.913580807886,49400.258443565595,49439.985234201056,56.0,-10.514485478910501,37.53864490336127,-7.617849197664327,-5.661196834207658
78,49280.0,49522.35758816792,49305.02012975069,49356.76981615073,49432.723299076904,-16.0,-7.865035596420057,-7.792802303782082,-5.103719339502277,0.37422982969292207
79,49440.0,49516.04631064336,49422.32797620032,49390.05100488659,49440.73369386044,48.0,-4.527271371007373,28.947727451268292,8.306691179161135,8.047079476560612
80,49376.0,49513.303045425906,49362.91558465322,49373.38319850905,49448.817458030026,-168.0,-0.9799670014435833,-124.83446828098022,-17.976207123017957,11.724637071081816
81,49104.0,49514.08637664047,49172.65903963836,49354.098590640555,49464.182968002606,232.0,2.31243170909147,203.71906777162076,105.764687451785,33.374658372711565
82,49840.0,49517.92790884409,49770.353720196465,49584.91257341262,49515.56677477545,232.0,4.983208320700214,198.7828669457267,103.27026947837294,35.16214551161829
83,49568.0,49524.05279328187,49570.224773529815,49560.6391295973,49534.50725902584,-256.0,6.823726035167056,-189.0050790175519,-27.95387901666618,17.265847201684664
84,49328.0,49531.57536091442,49392.34356216136,49529.00481537929,49550.09846917882,184.0,7.817885618667788,143.83659943833118,68.86809347163216,26.696133611912956
85,49936.0,49539.68856451921,49857.89797240648,49698.375316540565,49587.89952624967,80.0,8.123549268540955,75.04427227751148,50.558159431559034,20.396033383338363
86,49488.0,49547.822459451505,49542.432106716384,49630.12113424241,49590.890535945495,-72.0,8.015534970421868,-43.30533210816793,2.8063848230449366,8.135536493096879
87,49792.0,49555.71963446005,49771.28730819014,49703.988086186655,49604.17059923586,168.0,7.806686604202696,125.29174242445879,29.860995037579414,3.8885932521661744
88,49824.0,49563.43583265991,49793.0155915653,49689.843124317566,49598.66772244983,-152.0,7.751941553051438,-133.19375879833387,-81.2233997103067,-16.769490663547913
89,49488.0,49571.223517566155,49504.899790593474,49541.54128676604,49570.631617908766,-224.0,7.974299206136493,-203.61684800444345,-121.53119416850313,-23.90452364562225
90,49376.0,49579.38443107218,49385.781895556414,49446.78073598056,49550.85867515858,-72.0,8.434347857291868,-70.20841725498758,-59.37018279520635,-11.030008992252988
91,49344.0,49588.09221328074,49364.4829560835,49422.80092117563,49548.57159992426,120.0,8.94815912105696,81.11584094455611,15.420645782884094,7.941504761889519
92,49616.0,49597.2807493143,49548.01357744553,49477.62202754633,49566.74168468236,-240.0,9.235997649349883,-200.6081077208073,-14.367879856134095,15.707168992219522
93,48864.0,49606.56420857944,48963.266740641884,49394.06516146336,49579.9859379087,336.0,8.998723129599966,326.6659168776969,181.47571464871362,49.04355012177257
94,50288.0,49615.2781955735,50201.34541120092,49840.573456843755,49664.82878492591,448.0,8.024366698246013,433.9332924021837,222.79502380226768,53.684286263502145
95,49760.0,49622.61294197593,49831.13332544625,49839.655209067896,49687.3545104357,-16.0,6.238491874148167,-14.545458523407433,38.909356758089416,18.893451031584846
96,50256.0,49627.75517932179,50172.254494154105,49918.39217035993,49702.61568698908,-192.0,3.7157858886821487,-190.01485853903432,-90.06695352799943,-12.408039097175788
97,49376.0,49630.044513753295,49451.10360836818,49659.5213020119,49662.53843224135,-264.0,0.6693979141819,-233.22434592758873,-117.11021734208407,-25.750333135656547
98,49728.0,49629.09397515016,49705.80580229893,49684.171735675765,49651.11502071776,200.0,-2.5825227923269267,143.73120542538527,2.7363015017508587,-15.267660487697867
99,49776.0,49624.87946816864,49738.56601921895,49664.9939050154,49632.003111265956,-192.0,-5.68883363185887,-154.40968698521465,-74.68087815267063,-26.311753888512612
100,49344.0,49617.71630788644,49396.9864283285,49534.809979370424,49598.49151294074,-104.0,-8.333119369555789,-76.64744924797924,-34.77893595975911,-20.78702267817789
101,49568.0,49608.21322942953,49585.271120722995,49595.43603309588,49590.4290659096,344.0,-10.26119102118173,274.6402960094674,74.34407027339694,-6.940993735661323
102,50032.0,49597.193925844076,49946.26702034743,49683.49811991722,49584.609525469416,-248.0,-11.318523714406183,-212.44187259052705,-86.18885322005372,-28.189064166712342
103,49072.0,49585.57618200072,49160.38737554194,49423.05832665577,49534.050937576176,-224.0,-11.460527085200738,-199.16989314363673,-84.91062993356172,-27.456041014429502
104,49584.0,49574.272871673675,49547.92723406016,49513.676860050095,49529.69744344056,248.0,-10.73463644817457,207.17602881901257,55.45696341937219,-7.068621963593614
105,49568.0,49564.10690910437,49574.739433179966,49533.97225349452,49519.91369364899,72.0,-9.287357664510637,60.50936501965771,3.2815201916819206,-12.188065109115996
106,49728.0,49555.69815634465,49668.945964099476,49520.23990043346,49505.321313222325,-272.0,-7.350793258970953,-236.74172170304882,-117.61240284433006,-25.72631476555034
107,49024.0,49549.405322586426,49101.25598977387,49298.74744780586,49468.46106411789,-144.0,-5.199899956493027,-145.73195233635852,-84.11872872467211,-14.637195898540085
108,49440.0,49545.29835643167,49377.48205942676,49352.002442984114,49476.046921425244,-40.0,-3.132193957302661,-36.363633213310095,9.256216670313734,9.388203378617618
109,48944.0,49543.14093467182,49028.52872334725,49317.259881146485,49487.23747087512,200.0,-1.4452593737951247,221.77560879929297,151.88737873560967,38.35242299363381
110,49840.0,49542.40783768408,49821.033277025344,49655.77720045533,49552.75176741251,632.0,-0.37936237054600497,549.5856106622632,246.40591953651528,51.151884908016655
111,50208.0,49542.38220993073,50127.699944671775,49810.071720219516,49589.54124069116,-232.0,-0.0714013338983932,-204.36661089795598,-44.66962012606018,5.866535313198256
112,49376.0,49542.26503501628,49412.30005522943,49566.43796020321,49564.48483803891,-496.0,-0.5350379082883592,-424.3666113919062,-148.41477991469947,-15.632160750297771
113,49216.0,49541.31213411415,49278.96672188796,49513.24216039012,49558.27691919056,344.0,-1.6479005035471346,293.31987717796073,95.42528038196906,10.905927111180063
114,50064.0,49538.969234009186,49998.939809585354,49757.28852096715,49586.29669226127,328.0,-3.1436742930418404,282.85253454454505,90.69062106060665,4.134607683768991
115,49872.0,49535.02478552807,49844.67179097705,49694.62340251133,49566.5461345581,-320.0,-4.64282700111653,-290.90906372305835,-151.35341720016004,-35.02325097526409
116,49424.0,49529.68358000695,49417.12168213924,49454.58168656683,49516.25019031074,-552.0,-5.713836064831412,-488.7025557336783,-224.75087266107948,-45.68343473182176
117,48768.0,49523.597113398406,48867.266679509696,49245.12165718917,49475.179265094455,104.0,-5.929699752254237,97.29252029141571,29.100799216928863,-5.711961961562338
118,49632.0,49517.824180502445,49611.70672272207,49512.78328500069,49504.826266387616,608.0,-4.944835663165577,518.9203890422941,208.05327031186243,23.288314612542308
119,49984.0,49513.707442072075,49905.107457594284,49661.228197812896,49521.75589431954,-144.0,-2.5643622093557497,-101.06197715634698,-12.940988281348837,-6.182577352101362
120,49344.0,49512.69545608373,49409.582768409375,49486.90130843799,49492.46111168341,-176.0,1.1934247195422358,-167.61084713805758,-102.87623515591258,-21.871727051951893
121,49632.0,49516.09429151116,49569.88576331817,49455.47572750107,49478.012440215636,-128.0,6.075356192806794,-150.26818850034397,-119.68771718638163,-22.148049456998706
122,49088.0,49524.84616846935,49109.04639140869,49247.52587406523,49448.165012769416,-424.0,11.609947049069888,-355.60741486606275,-128.18691640322868,-11.839176807749027
123,48784.0,49539.3141856093,48858.67093358604,49199.10189469461,49454.33408660014,512.0,17.17150286955075,451.8434171085755,159.12696797668832,39.6857781607323
124,50112.0,49559.18917420845,50012.73322562584,49565.779810018605,49527.53656909088,112.0,22.088528427855636,122.21947334093056,93.56782033329728,43.979310945280304
125,49008.0,49583.49124246501,49103.109880267904,49386.23753536121,49542.2927084907,-272.0,25.752602091484732,-227.42920419138318,9.576493023203511,41.47077482435998
126,49568.0,49610.69437839142,49557.87481724307,49584.93279606501,49610.4781187396,472.0,27.734200027189218,404.1390231905243,207.16165873631326,70.30931618587783
127,49952.0,49638.95964251939,49911.38792664895,49800.560852833834,49682.911340862454,128.0,27.856923456773075,150.45274265065382,139.9084831857399,58.978789165976195
128,49824.0,49666.408225304964,49858.78030254438,49864.74976243649,49728.43569707155,136.0,26.20829852508905,121.29388861733605,84.5637908209028,40.74614106267836
129,50224.0,49691.37623956957,50153.975703883625,49969.68843447564,49764.40362298781,-64.0,23.109825090010418,-54.92607924264303,-22.217110723035148,12.988107065648364
130,49696.0,49712.627875484985,49748.92814405909,49820.31554099042,49754.41191120285,-152.0,19.036631710660004,-140.40683952908876,-87.2151229900046,-7.071116224818979
131,49920.0,49729.44950299089,49873.16202482545,49795.25818849563,49750.26139053817,-96.0,14.515695214351581,-109.95599510638567,-87.42825824697502,-12.637451137768949
132,49504.0,49741.65926591369,49529.01615384632,49645.45902449647,49729.13700892731,-272.0,10.028485190810898,-219.0651017475102,-79.0696517509241,-9.86753116449836
133,49376.0,49749.50647337251,49435.03182133043,49637.11888499378,49730.52632820918,320.0,5.950562776386505,278.9917440488207,122.21930299420274,19.115635692327487
134,50144.0,49753.56039146646,50086.99964194396,49889.89763048488,49767.36828031197,328.0,2.511408493759518,289.1490604207538,125.72756073353594,18.010366118389356
135,50032.0,49754.52929036003,50013.329942171935,49888.574006460854,49766.547060445955,-192.0,-0.22604600273552933,-167.0199889123469,-73.03662079359856,-14.09386684371566
136,49760.0,49753.10829946099,49752.95966411927,49743.82438889768,49739.180546624535,-328.0,-2.32150923044901,-295.57195745631907,-152.83742311433525,-28.40748649019224
137,49376.0,49749.88627189913,49422.1860272593,49582.899160232184,49709.73208746557,-112.0,-3.914516203745734,-99.84350056348558,-57.47564854940356,-12.76185478568732
138,49536.0,49745.2792670535,49553.2726629923,49628.87309179887,49713.65683705316,256.0,-5.194109857733565,217.44995069448487,92.41047746612821,12.807591440247052
139,49888.0,49739.49805218366,49857.08592864827,49767.72011516444,49735.347270346065,168.0,-6.35597096357742,149.2429088973222,78.70708094779184,14.057796810207947
140,49872.0,49732.56732512634,49851.75848078694,49786.287253694456,49741.772430673576,-136.0,-7.547942887376848,-106.53504392661489,-24.289234622763615,-0.08621813880745322
141,49616.0,49724.40216640891,49644.01584079504,49719.14164591891,49735.17483406845,-80.0,-8.842565096776525,-67.66343601672634,-15.574784816082683,-0.6388549017065088
142,49712.0,49714.88219493279,49716.43160875349,49755.13768406229,49740.49472087016,96.0,-10.233724668665673,94.57381172589885,57.56488017452284,6.744622845224512
143,49808.0,49703.93471707158,49833.163464246834,49834.27140626796,49748.6640797589,288.0,-11.622728115165955,242.54917672751617,92.26942533964757,5.202562876678712
144,50288.0,49691.63673870246,50201.52996220852,49939.676534741586,49750.89984662352,-168.0,-12.836439062310092,-149.99897707610944,-68.75660415558013,-24.619240804200672
145,49472.0,49678.26183894696,49533.165510094615,49696.7581979568,49699.4255981505,-320.0,-13.661434573543374,-276.52161556039937,-130.53923780638797,-40.102968565501214
146,49648.0,49664.31386955537,49648.48673108772,49678.59805912881,49670.69390949252,160.0,-13.872983911387564,117.75487643171437,-2.861109263580147,-27.596993183349696
147,49792.0,49650.51587112418,49768.675262958044,49691.03597942964,49644.2316117838,16.0,-13.28937969274557,3.5648466605525755,-38.04408998435247,-33.85071711953424
148,49680.0,49637.73511016988,49655.61642440883,49602.509879160105,49602.99247525345,-272.0,-11.815215903847275,-234.97671650507618,-127.27116068948453,-45.089512767670385
149,49248.0,49626.88543931649,49298.72182994789,49436.49365805067,49554.05258624846,-112.0,-9.457175015217217,-103.2854447214886,-71.76939208409749,-33.63725969257575
150,49456.0,49618.820760139446,49449.04553496585,49458.97109499191,49535.7179558683,144.0,-6.335501969773759,115.55137984723115,23.962984437192063,-14.348732586739061
151,49536.0,49614.21443537694,49529.824589642354,49484.41962692505,49525.35512107498,72.0,-2.67993999328246,49.902002888269635,-0.3416546043299604,-10.895078739573364
152,49600.0,49613.46088015288,49548.84954074239,49458.28778578325,49513.92779838915,-288.0,1.194887128269329,-236.72734518801008,-96.98794825018194,-15.730932766367914
153,48960.0,49616.60420963348,49056.369899266334,49290.44373042469,49493.89325554224,-8.0,4.935860540947033,-10.63014514437964,-2.622190146215871,6.6601199302022
154,49584.0,49623.332601234775,49527.58925045363,49453.04340549082,49527.248038249556,224.0,8.193430548351898,189.16560345545804,97.1213778115416,30.517184619791806
155,49408.0,49632.99107073018,49434.70110617725,49484.68648604777,49554.92762478183,16.0,10.66187577801611,40.61738660987612,69.98632358083705,35.02596777136205
156,49616.0,49644.65635279081,49608.82402367338,49593.01605265249,49597.29997379228,152.0,12.129946831537382,138.24303586306996,96.83759293096591,41.43734770006631
157,49712.0,49657.25096439326,49711.18717790339,49678.361671909704,49637.80232018196,112.0,12.508763311412622,98.2990437469598,68.52645521206796,36.792462398781936
158,49840.0,49669.67387941363,49805.4221111673,49730.06896307663,49670.884898589844,-104.0,11.8413551504309,-78.65451089956332,-3.2582272947656747,24.626823337370297
159,49504.0,49680.93367469412,49553.87815610426,49671.84521732017,49687.0559668567,-8.0,10.310293394897599,-2.153174541719636,25.69886290362774,25.32386660969496
160,49824.0,49690.29446620343,49801.115762083864,49781.466688883884,49721.532631809234,136.0,8.215434016216022,132.8164163989204,88.35481600565254,29.35329654299494
161,49776.0,49697.36454272655,49819.510988902104,49848.55484933148,49745.76255994269,272.0,5.9291732123092515,235.95017132878274,103.36558511333715,22.718056130590412
162,50368.0,49702.15281262805,50273.01610474143,49988.19785911056,49766.968744070415,-64.0,3.855335266503971,-72.39129343862442,-50.258060665641096,-8.845378668753256
163,49648.0,49705.07521325956,49674.728402024855,49748.038728000196,49728.07180260518,-488.0,2.373780634938157,-413.66875960721154,-190.13976711026407,-34.89335133497298
164,49392.0,49706.90037389792,49445.67858552701,49607.91832489003,49697.18204140047,72.0,1.7794364457695337,39.3431111371865,-32.16124066515113,-15.630659134691086
165,49792.0,49708.6340861511,49753.41462429923,49683.716246669894,49696.8104843358,152.0,2.2351851299536065,114.80916026834893,21.656045114810695,-5.131032847875758
166,49696.0,49711.37074415783,49675.296906063704,49651.23041511965,49686.91997570472,-240.0,3.7551566263791756,-181.63318791701022,-54.87062399042043,-10.344509845850553
167,49312.0,49716.14439940386,49390.14824846521,49573.97499868905,49676.1214646441,176.0,6.189206808634481,145.71654784476414,53.73208291393166,7.407562171585596
168,50048.0,49723.7491577751,49966.73000175323,49758.694580947515,49701.73510004789,160.0,9.23805769325918,130.10779893698054,40.06687273222269,8.300390406187944
169,49632.0,49734.620514790375,49650.36384633917,49654.1087441535,49692.722245456476,-256.0,12.510776618975797,-224.54692371823694,-93.53146471727086,-5.976742318591278
170,49536.0,49748.77071101305,49517.63615431676,49571.63165151297,49689.781615410706,-256.0,15.583756846081087,-224.5469204386245,-64.66126688403529,4.748450724764552
171,49120.0,49765.78802848254,49201.27000546192,49524.78621038543,49702.219146906005,368.0,18.07449451962384,333.97884499265274,155.547664065165,41.54848884060266
172,50272.0,49784.9197000523,50185.593844302064,49882.7269796433,49772.87859309191,320.0,19.703420464808005,308.2980938125511,163.3042590795303,45.703375840497756
173,49760.0,49805.19486941215,49817.86619308702,49851.39472854449,49793.625898587,-88.0,20.33039703553004,-78.39668577992052,14.365113173433201,22.428600424442266
174,50096.0,49825.58049412336,50028.80047274222,49911.45720599017,49817.735793940796,-144.0,19.96469184286616,-125.06335663366917,-32.20891955924162,10.196685050832457
175,49472.0,49845.124253097885,49567.739479819684,49786.976889426005,49814.019268688666,88.0,18.72786510867445,84.11640751042069,33.008128148841934,13.384438182307349
176,50272.0,49863.03622434071,50197.033287763064,49977.47346228785,49844.50467030541,248.0,16.795290788068087,187.98024542415078,43.233304005778336,9.110635132012249
177,49968.0,49878.71483467402,49943.699970667985,49873.44349743756,49832.24053895269,-464.0,14.343331610769383,-377.99317632126986,-151.3082161315142,-19.052104405087448
178,49344.0,49891.722887562246,49441.046935120525,49674.857030024825,49806.400461495236,8.0,11.487623385812185,-14.258647378726891,-33.157952400324575,-2.72005438269116
179,49984.0,49901.690081445646,49915.18267591053,49807.12759263691,49826.80043018731,168.0,8.26923084059672,130.04912034266454,43.83435893054411,12.53999020143965
180,49680.0,49908.26134924344,49701.145175805854,49762.52574788591,49831.480441898115,-160.0,4.6818537587387254,-108.31162107542696,-3.3389708080394485,12.254033805711515
181,49664.0,49911.05378896312,49698.55943375968,49800.449651020834,49851.30849779873,192.0,0.709210140601499,170.21142675223018,106.14872864533754,29.193480790549074
182,50064.0,49909.67976952464,50041.568029310314,49974.82320517659,49889.86740347921,256.0,-3.632204376393929,230.8487421022037,129.78515674405207,29.852275854445907
183,50176.0,49903.789380210335,50160.256917964085,50060.01996450894,49911.01304950762,48.0,-8.237120542424236,39.973478474210424,27.206741586815042,7.896298503790604
184,50160.0,49893.205528439794,50121.514986258735,50029.23668835022,49905.660000486794,-280.0,-12.887791394754458,-231.16700041168224,-96.16493198361422,-18.070048996487458
185,49616.0,49878.01379742083,49697.92291714072,49867.69010054171,49874.87295151465,0.0,-17.29142697849602,-13.977483414433664,-35.70153753765044,-17.843401396414265
186,50160.0,49858.6226744828,50093.56001942987,49957.83361327492,49869.973197693966,96.0,-21.105792318183376,63.437199438492826,-10.93968062933709,-19.401093935986864
187,49808.0,49835.80221278446,49824.797316017706,49845.810739283035,49836.070763642674,-224.0,-23.98768875951646,-184.77612332364515,-93.11750435036083,-32.498895869153785
188,49712.0,49810.64729696377,49724.00777278258,49771.598604574196,49804.97540595566,-32.0,-25.660694604350283,-40.75067932226011,-44.41283242174541,-26.446587389233173
189,49744.0,49784.48082357576,49743.295957373186,49756.985074439544,49783.17758886421,24.0,-25.951675928856275,15.767971456520172,-8.120992914875387,-19.83893764824461
190,49760.0,49758.743945106056,49755.54371569562,49755.356618744445,49765.29753065917,-16.0,-24.820749616905232,-10.033663199490547,-3.950146322877117,-17.615181672077597
191,49712.0,49734.83932434195,49723.228630974205,49749.08478179379,49747.94722552005,16.0,-22.37813849183658,23.828070149600535,12.270553946240398,-15.552943863112887
192,49792.0,49713.98766812238,49803.19985599482,49779.897726636926,49734.19164293294,176.0,-18.892548895386426,135.97050499469333,24.761808161594672,-16.64600044046165
193,50064.0,49697.054226551176,49995.16964096359,49798.60839811698,49714.65522463913,-176.0,-14.780228995266953,-166.64076427585678,-113.98512946145274,-37.003657061857666
194,49440.0,49684.42721013185,49469.918327443105,49551.92746771402,49660.18432880923,-408.0,-10.573213255654991,-361.20092224238033,-190.7171965459529,-43.461679389442
195,49248.0,49675.907800039866,49272.76779647883,49417.174005025074,49627.731865860245,-80.0,-6.849969084927579,-73.31154857010915,-50.16646017641324,-13.465869655967253
196,49280.0,49670.727271961994,49323.29523030289,49451.594547361194,49633.25258949729,320.0,-4.146949004920316,267.00358533847975,120.21781601672046,23.183353111908218
197,49888.0,49667.613902030025,49806.77496715579,49657.609637058515,49674.09857208406,64.0,-2.859124642687675,77.35457263184071,90.8199082265819,30.15091119097633
198,49408.0,49665.00902267662,49478.00437556657,49633.23436381436,49693.554411879246,-16.0,-3.1341667014894483,21.251286243626964,88.24190866301433,33.73356038914426
199,49856.0,49661.345568627046,49849.277539643044,49834.09345438454,49741.56569286235,384.0,-4.818103688390693,337.66086229169014,189.90581776246472,42.28956562621897
200,50176.0,49655.37281529984,50153.32610014995,50013.04599933929,49778.133543131684,216.0,-7.46622759582533,190.67906125664013,97.47554462438347,16.67452742592286
201,50288.0,49646.413113435396,50230.635662156325,50029.04454363331,49774.914747714196,-256.0,-10.41911024739602,-227.92060389779363,-113.47918388932158,-28.87305803178242
202,49664.0,49634.534594805045,49697.48489235436,49786.087631560644,49720.38742706812,-408.0,-12.92656984385394,-347.31783134437137,-181.91309629234456,-51.70794929266776
203,49472.0,49620.55997374769,49535.99999946758,49665.21835104862,49671.49884912886,224.0,-14.327299272717937,158.51510445114036,-24.260104987708473,-38.91363548281515
204,50112.0,49605.87999625961,50014.51510125664,49737.56742158523,49642.56015610249,-144.0,-14.204074400429818,-142.91802997708146,-114.8672186707845,-52.41068522124988
205,49184.0,49592.15182494683,49250.16393951342,49435.48391370705,49566.67747868636,-328.0,-12.465837652918708,-299.5228261267839,-176.34155102464865,-56.748803481808864
206,49456.0,49580.94832095377,49415.469449003074,49384.88431953593,49529.06254913887,-8.0,-9.365965304034034,-37.34724549496241,-86.15743440315418,-33.96180209054364
207,49168.0,49573.41989433876,49175.469448523494,49263.169044900744,49498.75387450527,-256.0,-5.447716086186119,-202.6527578621135,-74.13075218481026,-13.77098090833897
208,48944.0,49570.0528887814,49010.16393327885,49236.62281516631,49501.52058732219,176.0,-1.3988993666098395,169.79184599825385,119.76517784871248,30.642742183033988
209,49520.0,49570.62209560554,49515.05314052,49502.69940059817,49560.03935887134,544.0,2.11113224935616,475.8772149925244,257.42628573095135,60.52073949271289
210,50032.0,49574.27515328011,49961.918363263896,49751.47538662821,49622.56206630762,80.0,4.561062509110343,96.45703906335984,108.5136793441452,42.05081075165799
211,49680.0,49579.74422062376,49707.96721864672,49719.72675928646,49644.14098037466,-144.0,5.673543615728704,-114.11505138356733,-11.885247698526655,19.78596308577471
212,49744.0,49585.62224051157,49733.68826049676,49727.70489123116,49662.13399247917,-32.0,5.44459560611358,-25.837655666156934,-0.1694224397178914,13.899711728467082
213,49616.0,49590.63341183599,49656.29190731441,49719.38791440702,49671.94040383159,160.0,4.1128620668678195,124.06318338967321,43.37698037937298,12.603431544001069
214,50064.0,49593.847964645305,49981.81462727611,49814.458851989904,49687.34085556717,-120.0,2.0728772196634964,-90.51285103611372,-29.699636422166805,-3.4325054860601085
215,49376.0,49594.779166275315,49475.26620524218,49659.98864156269,49665.07539285947,8.0,-0.22537998804546078,2.3744201991867158,-12.475889645866118,-7.811693064726569
216,50080.0,49593.397204669214,49986.56346767448,49789.50707269817,49671.71746943772,64.0,-2.351802011649852,36.63149216086822,-15.72803251543155,-13.772049949868233
217,49504.0,49590.075562252016,49548.52918956392,49628.53257653183,49637.531292959735,-264.0,-3.962825253514893,-215.3883302909635,-98.70820790043217,-27.509611829995265
218,49552.0,49585.471554162184,49555.786807092554,49592.09065689731,49616.69824577773,48.0,-4.840140851938486,26.191652991405135,-16.396591185861325,-17.598134893123643
219,49600.0,49580.39528054814,49600.91249554673,49595.739394160104,49602.33502317349,72.0,-4.8880561790501815,49.688166187792376,1.5184343428481952,-14.246471445560019
220,49696.0,49575.695441804084,49655.16313946814,49595.127525583004,49588.20530288661,-192.0,-4.121712405849394,-149.93365873790754,-51.04810578559773,-19.51945514255567
221,49216.0,49572.15185573644,49301.04517807091,49493.64318258891,49563.296112888376,144.0,-2.648923954242491,118.50078279559239,37.33724830036226,-7.544384353808709
222,49984.0,49570.3975938956,49892.164705059324,49669.80202218373,49573.11653417899,104.0,-0.6411675426825241,84.55019844677372,19.059850686677237,-10.723752000438253
223,49424.0,49570.869520651075,49470.14557496446,49531.76288396226,49541.8486088875,-240.0,1.6994271670082526,-191.2912552725611,-84.15769624032691,-25.37549484711417
224,49504.0,49573.796448229616,49509.5821945142,49501.486629703075,49522.36554448476,120.0,4.153479644613981,67.34759212073914,-31.53293940765434,-18.56478717850041
225,49664.0,49579.1764799403,49604.84075920594,49468.697005146954,49504.7190345305,-272.0,6.511423278654547,-243.9788457890172,-130.44112198264338,-25.610558227737783
226,48960.0,49586.819294786925,49021.62450293617,49240.60438573779,49471.144428029285,-280.0,8.617061522112635,-231.6525350784941,-87.7904265402758,-8.017385099748935
227,49104.0,49596.41060298453,49141.53568904895,49293.1161520664,49488.684264331,360.0,10.367284798354376,307.5896313575395,147.06984236181597,36.77404951826611
228,49680.0,49607.55386438363,49636.803765651246,49534.74407046142,49544.69252706582,304.0,11.71796642557456,279.28690485850893,168.99995362572736,49.24288908810922
229,49712.0,49619.84653583568,49700.10949876597,49631.11605931786,49587.17004250722,-16.0,12.687417481152806,3.853226944549533,55.9300185153661,36.23601756675998
230,49648.0,49632.92869934594,49644.510219540345,49646.60410749215,49617.16456219934,-104.0,13.319012589410704,-73.04818152390726,14.790101920367306,28.452747802086378
231,49504.0,49646.4845610145,49554.01313571815,49660.69626315859,49644.07553811139,168.0,13.650168235210003,159.56859476856334,92.44028724573946,33.914752817621775
232,49984.0,49660.22903581636,49963.64740907747,49831.48468198363,49684.99406783458,368.0,13.688120209386398,307.8713187466965,94.5307598168547,25.968233114919713
233,50240.0,49673.86080143327,50169.755773211546,49849.7577827923,49696.01200434123,-392.0,13.385116346111317,-365.67367611679947,-176.84800779518264,-16.181463276287104
234,49200.0,49686.99926850858,49232.30005684387,49477.788666393266,49652.63114128201,-624.0,12.642687792831566,-555.3945258397216,-233.07478320239898,-20.749305995126633
235,48992.0,49699.146177018934,49058.9667215321,49383.6082163875,49654.51339235098,248.0,11.342537457916478,228.01917713393777,101.62365818798571,35.00792068652299
236,49696.0,49709.684343424415,49688.33841111175,49681.03598276924,49722.64698265505,568.0,9.380772395721579,524.54484035317,289.9457577663561,69.46593943682456
237,50128.0,49717.90772181038,50108.05640223844,49963.499731920216,49793.44527122463,352.0,6.714130787295289,320.00000231890954,200.21361511108262,54.07055213080821
238,50400.0,49723.112604999005,50328.33841574957,50081.4632129914,49830.78808691667,-208.0,3.405302128277981,-171.37143848545384,-41.304912433111895,8.882220037874504
239,49712.0,49724.71832606693,49765.313525267535,49880.88990705399,49811.20971130038,-304.0,-0.35746070356617565,-263.1117333999355,-116.12835241041466,-14.617890051275026
240,49792.0,49722.39768359187,49802.1149489497,49849.20650817057,49801.55230681412,128.0,-4.269341752948094,87.37616843064461,-3.080144798132096,-9.179789145549876
241,49968.0,49716.17964256104,49940.065862128824,49874.72961745773,49792.85013300928,0.0,-7.939147507244343,-1.71977617677112,-21.112081983981625,-17.45966715438044
242,49792.0,49706.519388577384,49798.675396596154,49806.98234420261,49766.63297250536,-136.0,-10.939160669007833,-108.01348255189077,-60.25610115380914,-27.48551187864723
243,49696.0,49694.30132122302,49724.03889702504,49754.21741515011,49737.87910925198,104.0,-12.873289671431849,65.55798555409638,-23.656221477449435,-26.65990779078129
244,50000.0,49680.77280923452,49929.79136770435,49759.66990124771,49713.313156923796,-216.0,-13.447957097854669,-196.53102287276124,-114.71256327853916,-38.900294481991295
245,49264.0,49667.40540702731,49330.97685127952,49524.79228859303,49660.078520288,-248.0,-12.528989593683946,-212.68992795342274,-104.48146835816442,-33.43071062140007
246,49504.0,49655.71483004715,49504.4115117975,49550.70696453138,49646.451735680996,224.0,-10.173166163971473,175.49221950547144,49.26815820403863,-6.504197822952847
247,49712.0,49647.05907469937,49681.96129029046,49623.32860500111,49647.070124642094,0.0,-6.632833558462153,27.356229945293308,28.285942970280303,-2.628104806797637
248,49504.0,49642.44916293023,49559.12397168809,49607.27885047194,49641.1955260674,184.0,-2.3286450307205087,152.78253983807735,35.58967070680228,0.9851777286748984
249,50080.0,49642.40178463793,49987.52636996662,49694.50794641471,49649.040480099444,-240.0,2.199866208480671,-229.29755071678665,-105.51693084986982,-13.703021962981438
250,49024.0,49646.84889534719,49100.528870254515,49396.2449887722,49613.78948214144,-352.0,6.372112877237669,-309.02134961114643,-112.14046325640447,-5.761523850935191
251,49376.0,49655.146010392404,49369.483670744325,49470.227019901904,49637.51743239757,264.0,9.642736393641826,236.37315421143285,121.09554108065277,36.80382187601208
252,49552.0,49666.13436813447,49573.27517867738,49638.43607093351,49687.39712589346,312.0,11.57407793947641,310.16740131994084,211.4270864983555,56.64954979056347
253,50000.0,49678.29416627136,49989.818473384206,49893.081192898615,49750.8165319787,416.0,11.897950723116082,365.6356616278499,201.18571841441008,50.960232684174116
254,50384.0,49689.930269580705,50304.54650193308,50040.80750776233,49789.31759126181,-96.0,10.539041209682182,-82.53946178571641,-23.86993125511799,8.76693884620181
255,49808.0,49699.37224869072,49824.73954981277,49845.34133038838,49768.350409671104,-464.0,7.630701084726752,-396.1092030564396,-176.7955121797604,-22.949661107155407
256,49456.0,49705.19167175016,49512.3280958202,49687.21648340281,49743.4182690475,-16.0,3.4873823008056206,-30.77097489157677,-42.51660528417051,-10.561227171227074
257,49776.0,49706.34701329233,49763.19760002962,49760.30811982004,49747.22795532865,224.0,-1.4333220856569824,186.85750435752925,65.24569632724888,2.371084047583281
258,49904.0,49702.325027578845,49886.04310453526,49817.707876057306,49748.160437142666,32.0,-6.581369721669034,33.0610271819387,14.253694265920785,-6.859496328848763
259,49840.0,49693.184273848994,49829.3196543935,49788.81550835188,49733.50896267095,-120.0,-11.374406669747259,-110.1251781742576,-54.48461352948652,-19.976026338168595
260,49664.0,49679.57621423935,49665.792748186745,49708.73864899833,49708.20838446633,-192.0,-15.250850235483085,-154.56316527304443,-57.707534854380356,-23.090158981307468
261,49456.0,49662.68257337803,49520.19332384741,49673.40043864312,49687.32864470834,232.0,-17.74093729956803,202.9536015110789,73.36200896634546,-9.313307522574178
262,50128.0,49644.094339640214,50071.6999512089,49855.462666931024,49689.58176942118,296.0,-18.51353930899495,242.41997679260749,45.79356175341309,-19.66778681609867
263,50048.0,49625.65549476004,50005.03327743262,49764.987562149945,49647.99307107614,-552.0,-17.413351897390385,-490.6281186995402,-231.98132370610256,-61.58904479123157
264,49024.0,49609.267635845434,49090.44371380982,49391.50001951882,49566.40367983872,-400.0,-14.486064764831099,-373.2431624873061,-189.73753287171712,-54.46920724548909
265,49248.0,49596.683365230376,49258.54695245801,49385.51249640651,49539.05465658516,248.0,-9.97722760092438,220.8380009382381,62.76872509094392,-12.796290424295876
266,49520.0,49589.313180643585,49532.1197156863,49517.03746970071,49540.811098990125,384.0,-4.300219348795508,334.17134165979587,130.0437081445525,2.7969973544677487
267,50016.0,49588.082926532785,49926.8896357776,49645.599912695616,49544.6486512941,-48.0,2.012379539610265,-54.05987401231687,-56.637600657286384,-19.730015131321124
268,49424.0,49593.337939722805,49423.999967661664,49403.762268386134,49501.35106872748,-640.0,8.381838840734417,-557.2947828554934,-251.95651011641166,-39.430029130238836
269,48736.0,49604.84660421425,48812.300070066616,49141.68689246279,49465.78859303362,-184.0,14.27286222895782,-172.51662122247217,-59.23192969194133,0.9269539578162949
270,49056.0,49621.88366418072,49078.96672521672,49285.29840900225,49503.204976643116,592.0,19.242453640763415,530.4453585239098,258.2607210405804,59.7766324416516
271,49920.0,49643.33151149578,49873.190787114436,49658.20833454395,49585.34185791692,432.0,22.985010967207927,411.2329201796856,242.01409281367523,65.40397416965425
272,49920.0,49667.85368611514,49901.43256557609,49769.3265946296,49634.012924982424,-96.0,25.366348961037147,-64.5953936578735,35.781557400452584,34.37171331462014
273,49728.0,49694.064209417855,49743.99999979869,49729.77144934486,49654.08528454616,-64.0,26.40161852355959,-77.43256678395483,-38.669420612310205,16.376623791049497
274,49792.0,49720.656923162256,49746.56743200818,49691.98775340498,49666.76617256452,-264.0,26.207054702765163,-224.5954077495844,-87.78981923738684,6.419196646587807
275,49200.0,49746.478318823385,49294.80918429952,49554.191810870085,49666.92367783934,184.0,24.95045233743076,157.08292692375835,39.29996290014242,23.503689166780532
276,50160.0,49770.55782783712,50060.7332858557,49770.587679205266,49713.773550898084,-40.0,22.823644113737828,-37.77122859976589,21.68970793781409,24.53855060364731
277,49120.0,49792.12560705086,49219.26672709999,49597.57122674571,49716.00077904663,64.0,19.994494521706656,66.27362842076036,65.7691609133035,32.02726710088609
278,50288.0,49810.54681688053,50193.28054269722,49902.12600103187,49777.828085099856,280.0,16.591387309239508,261.57648370640527,111.61777480209275,36.31871030821276
279,49680.0,49825.30838166934,49742.4196945128,49820.8067763499,49788.63819966306,-176.0,12.7268720715183,-138.76237562040842,-10.915836507025233,16.242024546354514
280,49936.0,49836.00056102357,49915.7557914564,49880.29432801782,49810.312134192565,96.0,8.524054912020802,72.11505422560731,31.634715676835185,15.389541239135724
281,49872.0,49842.35649149338,49886.64980296401,49884.07620770357,49819.41728214133,64.0,4.139988798782724,44.143026327677944,9.819983537530788,6.476012055831234
282,50064.0,49844.28053862113,50004.04184411176,49899.934295092884,49823.26415830423,-224.0,-0.2215142805216601,-182.39873829346107,-66.17476506424282,-8.189915921891952
283,49424.0,49841.91346293234,49521.85232637709,49751.72667757508,49803.03745029755,48.0,-4.302522634789057,44.94549266759714,15.65572126974439,-1.2748354918039695
284,50160.0,49835.675493351555,50093.93282944695,49931.24573763237,49820.71448732062,248.0,-7.81657553230616,203.87127178777519,65.14192887346871,0.7127613891061628
285,49920.0,49826.280311867726,49929.59486995264,49882.01053532202,49804.46297307576,-128.0,-10.482227402200806,-116.36360973108094,-68.22993464933461,-22.028365591071633
286,49904.0,49814.71103854715,49861.20560998479,49794.7858683337,49776.65775613848,-360.0,-12.079291752310382,-315.16410696180174,-141.83173282147254,-34.172329130360595
287,49200.0,49802.121728363105,49299.26665602904,49598.347069679076,49736.11831481504,104.0,-12.505786452038592,85.64484454427657,2.734736184913345,-13.733525582687435
288,50112.0,49789.699465643076,50032.49529907334,49800.25534070353,49749.1907049731,272.0,-11.811761479049892,217.2575169740776,46.03594137621985,-5.068074593280471
289,49744.0,49778.498205405005,49733.78168997719,49690.418952431515,49725.98216562848,-416.0,-10.20695880868152,-349.80515921018014,-136.62691205626106,-24.109431063199736
290,49280.0,49769.28554802571,49332.88498065298,49527.00151659101,49700.9718428467,-160.0,-8.052170685987221,-136.47180605929316,-39.9166775449994,-3.961730639439338
291,49424.0,49762.39386403303,49460.83807785861,49610.58559734152,49718.0587043496,424.0,-5.802200085403456,372.7714172258675,176.8768794212665,31.78979672037167
292,50128.0,49757.681147854906,50078.42781510472,49880.75527543354,49764.551436287446,352.0,-3.912304230445443,309.10088204247586,146.5473158087916,28.3203037522253
293,50128.0,49754.56925557214,50079.03984194356,49903.6802289591,49774.69931185405,-288.0,-2.76831667890292,-244.18876344338787,-89.23493199489167,-7.517158840699267
294,49552.0,49752.1445144971,49590.05028821794,49702.28541144376,49749.51711860605,-352.0,-2.610330426516157,-298.73811263588505,-126.25211179345933,-15.30633731769558
295,49424.0,49749.34859471911,49481.56361667179,49651.17600537218,49744.08663721866,224.0,-3.475258540143841,179.33141181277097,62.47859661451366,10.573850473541825
296,50000.0,49745.19399741681,49948.713111843485,49827.242604672785,49770.66481955313,256.0,-5.190434493109933,210.71505438911845,89.68790163699668,15.111423312126135
297,49936.0,49738.96772573289,49902.993725450026,49830.551808646174,49774.30948384291,-280.0,-7.403915510305524,-210.75075914331683,-49.41489170351997,-4.439861518068938
298,49440.0,49730.3861663962,49527.21159355685,49728.412821265745,49761.78509651699,96.0,-9.65426823222515,85.86262606763921,42.06742325243977,3.5648674999283685
299,50128.0,49719.65918926844,50074.718977585304,49914.686655151054,49781.43921884277,320.0,-11.450947633671603,255.51548177839504,79.61716146083927,2.3260832679115993
300,50080.0,49707.48427112886,50038.24255711364,49887.647144187424,49766.437263052816,-288.0,-12.367175308248989,-245.2636349034692,-123.21593886991468,-30.680092637307098
301,49552.0,49694.92483865194,49584.191707778366,49668.254777411224,49720.07903356815,-328.0,-12.125765870790929,-293.09231044346234,-161.2649780705906,-37.95427780625687
302,49424.0,49683.23273938728,49452.057936226716,49565.11718804624,49690.5287074403,32.0,-10.64603274856563,8.155909581942979,-32.57899534185708,-16.223890755834873
303,49616.0,49673.63277315481,49600.50352694225,49603.09678672751,49687.63125205648,80.0,-8.063433400973736,70.96322542679263,31.527992045022984,0.6841072190036357
304,49584.0,49667.10587258533,49593.9843870803,49628.17317213629,49691.89692187831,24.0,-4.717888288749236,43.40279553957225,47.162971476922394,9.660515915740689
305,49664.0,49664.19699657731,49687.309118021396,49697.422729681355,49706.952283887964,256.0,-1.1035322742063727,209.87032104808895,85.96092238574056,17.20297620405836
306,50096.0,49664.898808036916,50013.72502917648,49800.09501690777,49726.302874286426,-120.0,2.2154386258225713,-106.22936274463427,-45.28020431969708,0.8657341127800464
307,49424.0,49668.627873828955,49474.85039253213,49606.86232104196,49708.683752113524,-304.0,4.694109468095121,-263.3522542016108,-101.80153534482815,-3.3849345672279014
308,49488.0,49674.28702697311,49487.02052077326,49596.49194621811,49719.53300515197,8.0,5.913847816835187,7.272732107427146,43.87559828520898,22.42590329604718
309,49440.0,49680.455569462625,49489.39585674698,49694.61351761238,49753.53555870562,496.0,5.671560481674533,451.5623855143858,225.4283302004551,49.679331488929165
310,50480.0,49685.630147936456,50390.14529180203,50047.34860661902,49818.89166812983,256.0,4.014171446244291,249.26812825944216,136.40939231615266,32.30069283070043
311,49952.0,49688.483912355114,49987.932113265866,49967.432302244684,49818.13694436702,-256.0,1.2629478771268623,-222.55261220685134,-72.20015325199711,-7.447876544458268
312,49968.0,49688.15604369071,49945.04006738833,49902.94830011503,49803.99591504091,-160.0,-2.0447295842241147,-157.69170893588307,-97.00985207214035,-22.341233574061334
313,49632.0,49684.394453186665,49672.5486953941,49773.4125981004,49773.4544772189,-80.0,-5.274558973193052,-69.74789502372369,-58.8294029644203,-23.468713961068715
314,49808.0,49677.60692574432,49805.54427734088,49785.28949418619,49757.058487118775,168.0,-7.803694582031312,120.71696865115518,0.521643178879458,-18.943065744184423
315,49968.0,49668.7870640226,49913.98263269641,49774.45588445816,49735.56834573053,-176.0,-9.133994298732432,-161.6484811624032,-107.6056674989486,-33.11172410172367
316,49456.0,49659.33893714686,49482.24731501607,49570.07815918829,49690.83503891533,-336.0,-8.994749608522397,-300.4987425999898,-147.33864567572164,-32.99155486942982
317,49296.0,49650.79756480556,49312.98514749643,49479.77859310672,49669.58523599167,-96.0,-7.391521042773093,-84.33643003748148,1.589730471780058,-2.570541124077863
318,49264.0,49644.55589506131,49313.57445494111,49573.25762013185,49685.69395666717,640.0,-4.554574432349909,581.8740433810162,248.10783709106545,37.193418508861214
319,50576.0,49641.68841594086,50476.73323425846,49975.99426728885,49743.97207300939,248.0,-0.8805204301097547,235.56692260169075,102.73378080141993,16.676719992690778
320,49760.0,49642.79485420109,49784.70830014449,49778.72518173469,49719.04739665255,-520.0,3.1401639861760486,-470.6378666143537,-187.90649468681295,-26.97230652421058
321,49536.0,49647.96874391321,49535.457501029756,49600.181277915224,49690.02745996097,-272.0,7.025740895125637,-251.96329396596775,-146.45326486185513,-21.318563693537726
322,49216.0,49656.846335991344,49280.781712212556,49485.81865201098,49676.41026926548,88.0,10.387546062876936,69.23277224558478,20.546700101247552,9.403322767786449
323,49712.0,49668.743836038964,49673.923045520925,49641.27467811772,49708.83410549654,216.0,12.964285020942043,202.75656091299606,120.09336516559779,32.265541505887086
324,49648.0,49682.77490603323,49686.29483403855,49726.00538234218,49740.94135227725,224.0,14.625560604443308,203.84595871036072,123.73339539554217,36.75431439457316
325,50160.0,49697.99495724785,50081.61496294165,49888.741468908804,49782.34273428569,8.0,15.373714230267069,3.3949436113252887,27.106821021036012,22.518518722725275
326,49664.0,49713.52233449376,49693.0847212612,49780.21902438425,49785.9783897227,-312.0,15.307014553069166,-243.1066353744609,-50.41293233243778,9.734574923146283
327,49536.0,49728.60898635399,49595.401692192725,49787.91560424393,49801.81188413198,392.0,14.592812833852804,330.6958766590724,133.65438198164702,29.124088615877554
328,50448.0,49742.70796016147,50354.47647457934,50047.52778834754,49844.22656695446,176.0,13.447633872761799,160.08671051940837,59.376078277382476,12.226011170198035
329,49888.0,49755.50425409951,49915.57511323154,49906.66776079869,49826.26390647238,-344.0,12.114793572429335,-301.0257951901076,-131.52614714949596,-21.049465158459498
330,49760.0,49766.93754730633,49752.42488419913,49784.47549404855,49802.12763663754,-224.0,10.835734974898514,-201.02580803676756,-109.95451972587398,-22.029888002962252
331,49440.0,49777.17572404931,49513.52349715801,49686.758721346945,49782.20413046645,184.0,9.85266720132131,138.76434043125846,25.66258797187038,-2.813299647765234
332,50128.0,49786.64288170897,50029.953565061645,49835.80066999229,49796.50103734201,16.0,9.378331959225761,16.149651529511175,2.942283641492395,-2.2780412573447393
333,49472.0,49795.93238796776,49545.82280021703,49692.64328862993,49777.64804795176,-152.0,9.554814335977426,-115.016763759475,-32.83573704739683,-3.5705869926532614
334,49824.0,49805.752510380924,49799.920037542695,49770.1291958975,49789.3598633567,168.0,10.458126815883588,133.69742503912858,50.550505216320744,9.979808572770708
335,49808.0,49816.84864159953,49813.217650295286,49793.74429906257,49797.607665097305,40.0,12.027627527804725,39.385864229006984,16.48725269635179,7.728184995470656
336,49904.0,49829.80776543653,49878.69176600071,49803.1037012902,49804.81623334764,-56.0,14.020965867679479,-61.06705429103022,-41.08874712726174,2.249379917720944
337,49696.0,49844.89057333489,49691.083541713226,49711.56680480805,49802.10642493275,-256.0,16.00028963285149,-212.1905157213514,-83.75349407813701,2.595512831740052
338,49392.0,49861.808344702236,49454.31073455801,49635.59671313393,49810.00725901112,96.0,17.286827420746704,74.7808656348061,45.82826489284707,28.80119702892989
339,49888.0,49879.46422817638,49840.64527298284,49803.22333459374,49859.708818990606,152.0,16.950321776905184,149.5609033390392,125.23828875668914,48.28700092901636
340,49696.0,49895.70898825605,49753.432541236085,49886.073290647306,49906.581260869156,176.0,13.847393056686997,199.9499744336499,177.88660137721308,57.40150492200701
341,50240.0,49907.159014289755,50240.54522185014,50158.99653734817,49974.51182883462,568.0,6.685570053745323,489.8387898647561,232.42151537494647,54.656159407197265
342,50832.0,49909.08012836354,50733.1101209656,50350.9163213972,50015.89357968355,-160.0,-5.8118296731954615,-149.86555240866073,-48.62205525236641,0.5764298331050668
343,49920.0,49895.535354943364,49940.814117032816,50061.752426843435,49975.66468850083,-624.0,-24.74063411170937,-540.2443624166044,-218.2876811320457,-37.44565675767444
344,49584.0,49859.59886014012,49652.62139613239,49914.34095913311,49941.0022661682,64.0,-50.79262670607568,54.914259761499125,17.759011856229336,-16.812309024222486
345,50048.0,49793.95010153121,50050.642636555815,50097.270450555894,49942.040070452385,472.0,-83.94793767398005,411.2344232025098,207.5647167007337,-4.260192193196417
346,50528.0,49691.70298479216,50475.09024253741,50329.470392534575,49932.48188178181,152.0,-123.30311345540395,159.89881866862925,132.93513824596812,-39.33409458148526
347,50352.0,49547.343874620405,50370.44027389307,50363.14072704783,49863.371881289415,-48.0,-166.92916404339485,-12.448599178947916,39.24069803716702,-93.54140642792481
348,50432.0,49357.84465670537,50450.19304417951,50407.95178860891,49745.39906892596,216.0,-211.8566114415371,170.7179911839885,32.786955865536584,-152.30285891715903
349,50784.0,49123.63065173733,50711.87625626105,50428.7146387789,49558.7661634551,-88.0,-254.2781644215902,-98.9355066132157,-156.87983044055727,-247.8945972981055
350,50256.0,48849.28832786219,50252.32203095308,50094.192127727794,49249.60987432975,-696.0,-289.870253158846,-659.9381270019621,-518.3615909886685,-359.47579540886
351,49392.0,48543.89014541964,49392.000002257126,49391.99145680157,48839.81457263738,-784.0,-314.262909326324,-782.1610165911989,-703.0925158581995,-437.404573060503
352,48688.0,48220.76250920954,48687.99999777068,48688.007096011395,48374.80072820874,-856.0,-323.60431576756673,-856.0000006206647,-855.9970390375747,-486.3903084151607
353,47680.0,47896.681513884505,47680.0000010158,47679.99737872642,47867.033955807055,-1112.0,-315.0811425323009,-1097.2155905896034,-1039.1013704945435,-492.6985742143697
354,46464.0,47590.60022414494,46493.568816591476,46609.80435502231,47389.40357978,-680.0,-287.346779447118,-693.5384619253382,-710.3615602328682,-431.36019703805505
355,46320.0,47321.98795499027,46292.92307716512,46259.27425826068,47004.313561730945,-320.0,-240.8022354614077,-336.03035360076683,-380.8929676312873,-350.8743399625055
356,45824.0,47108.99575322212,45821.50810938994,45848.018419759734,46687.65489985499,-560.0,-177.6663985842497,-520.9852031660885,-399.24662862108016,-273.4759168832097
357,45200.0,46966.65515782177,45250.95267083294,45460.78100101852,46457.361727964526,-272.0,-101.82991244540244,-278.6813020516529,-256.8469182319568,-167.42508549223567
358,45280.0,46905.33592833132,45264.14550528664,45334.32458329582,46352.80472887052,-48.0,-18.497191678292438,-66.07963911314073,-99.29412607478662,-50.91676265048227
359,45104.0,46929.660774465185,45118.79339260666,45262.19274886895,46355.52820266356,-104.0,66.30719495467929,-71.385149646645,6.964540007596952,65.29988392622181
360,45072.0,47037.95031824068,45121.37520599335,45348.253663311014,46483.404496722964,328.0,146.35411430122258,303.2560591222973,224.18774609757384,198.44651889555098
361,45760.0,47222.36900306763,45725.305510851256,45710.568241064095,46752.42124045466,384.0,215.90237049417192,376.6596433453051,337.5986982851282,318.637805754428
362,45840.0,47469.75505922902,45874.69449268396,46023.45105988127,47120.68010823182,952.0,270.2983252021113,969.3472445235893,976.7159260714725,455.8535358258814
363,47664.0,47762.96565347185,47663.999999898435,47664.00009320704,47664.128312106426,1416.0,306.46746272491146,1394.638840835505,1308.2187929199536,593.2924470197831
364,48672.0,48082.689984678844,48663.97217435497,48639.88864572118,48307.265002271386,704.0,323.24184068666364,708.0139128313967,720.0555850704004,551.501450101543
365,49072.0,48409.44933484518,49080.02782556123,49104.11126334784,48767.13121230951,752.0,321.3898622184206,745.8614389317263,683.6043749454984,444.62277065360104
366,50176.0,48725.469709115685,50155.69505221842,50007.097395612174,49196.51054357859,680.0,303.3849922415575,684.4758278299669,615.2087044255059,380.4048584480079
367,50432.0,49016.219319328295,50448.97948122116,50334.52867219885,49527.94092920553,416.0,272.98565208808213,378.18183510855306,278.6956126861078,286.22743208721295
368,51008.0,49271.44101329185,50912.058722435526,50564.48862098439,49768.965407753014,-224.0,234.62681425557457,-182.85640205426535,8.204259277725214,179.0727489351375
369,49984.0,49485.472947839444,50083.26667711263,50350.9371907543,49886.0864270758,-40.0,192.79500353676485,-41.66269136565825,-30.0828348529285,112.22534067658125
370,50928.0,49657.03102036538,50828.73333970421,50504.32295127853,49993.41608910618,56.0,151.47900756413583,25.18056639113638,-58.452763836507074,60.600466485680954
371,50096.0,49788.430962967715,50133.627809894904,50234.03166308129,50007.287360047165,-464.0,113.76659168680999,-407.58039856113464,-201.27545665659636,9.435638943345111
372,50000.0,49884.564203739,50013.57254258194,50101.77203796534,50012.28736699287,-40.0,81.63966239644287,-52.192554403278336,-81.37360613327837,5.614375295350328
373,50016.0,49951.7102877606,50029.24270108835,50071.28445081473,50018.516110637865,104.0,55.97451342946806,81.88366394816694,-2.8453617432460305,6.3545491768854845
374,50208.0,49996.513230597935,50177.339870478274,50096.08131447885,50024.99646534664,8.0,36.71203535075256,-5.203478218696546,-31.16247909645972,-2.669822023890447
375,50032.0,50025.134358462106,50018.835744650954,50008.95949262181,50013.176466590085,-272.0,23.091873413421126,-224.3254025725655,-98.64207554612949,-12.761175427051057
376,49664.0,50042.69697742478,49728.68906533314,49898.79716338659,49999.474114492536,40.0,13.973829516715341,33.298647347910446,7.236252458074887,3.0713536270777695
377,50112.0,50053.08201749554,50085.433039346775,50023.43199753796,50019.31917384424,280.0,8.104761088172381,223.90917074753088,80.35083292035415,15.211018043915828
378,50224.0,50058.90649960112,50176.507406828205,50059.4988292273,50029.89615058037,-176.0,4.323066064185696,-146.38859837756172,-46.183753697012435,0.8717842651458341
379,49760.0,50061.72814962391,49792.65584259165,49931.06449014394,50021.06274237453,-272.0,1.7305767806938093,-220.57235127831154,-42.90209401139509,4.219728912892606
380,49680.0,50062.36765316251,49735.36270427158,49973.69464120451,50038.33560840615,472.0,-0.24054683204303728,416.30841794570733,189.47747166281988,35.18964645192682
381,50704.0,50061.24705595982,50625.27267848307,50310.01943346958,50091.442035278385,328.0,-1.8422836533063673,299.4853317189518,139.334508999862,22.478528636151168
382,50336.0,50058.6830858559,50334.333367709485,50252.36365920423,50083.292665678455,-368.0,-3.0613021962853963,-299.2724722261664,-99.47394466322658,-20.784736316007184
383,49968.0,50055.12445156725,50026.727734030734,50111.071544143124,50049.87256264637,24.0,-3.741183715996158,-13.966963525097526,-69.75634298954537,-29.326474899764435
384,50384.0,50051.200718423905,50306.39944065929,50112.85097322514,50024.639715878926,-224.0,-3.677716899834195,-211.23590737971608,-133.79508430541682,-43.20086097350213
385,49520.0,50047.76901776758,49604.2559192713,49843.48137553229,49963.47084069937,-192.0,-2.7422855501936283,-177.95910772676507,-107.62890992670509,-38.995333144586766
386,50000.0,50045.71614732352,49950.48122520576,49897.59315337173,49946.64904958975,120.0,-0.9923812876768352,98.63143196324745,2.908354525308823,-19.48933863012644
387,49760.0,50045.78425519223,49801.5187831978,49849.29808458291,49924.492163439114,72.0,1.3556154730686103,58.63147398104047,-3.646026497372077,-13.932277978685306
388,50144.0,50048.427378269655,50067.74417316784,49890.301100376986,49918.78449363238,-224.0,3.916885476148309,-195.12612028715375,-85.84643401742869,-16.96844512511234
389,49312.0,50053.618026144526,49411.26654262349,49677.60521654805,49890.55527318889,-48.0,6.218823248269473,-57.21927025885816,-29.893275554906722,0.6985432159526681
390,50048.0,50060.86502476619,49953.305632650125,49830.51454926717,49920.18158006429,48.0,7.825085912019858,45.713982205605134,44.16660735271216,23.23538587861185
391,49408.0,50069.268197968566,49502.6945070347,49765.938431253475,49937.02604494611,96.0,8.398154786496889,120.68087663147162,114.3930976130323,43.29576712912967
392,50240.0,50077.66133433919,50194.66738591307,50059.30074449324,50006.77311432255,416.0,7.772804158681538,367.49034137031776,203.01268548638836,58.085725092561916
393,50240.0,50084.81380628593,50237.675189775335,50171.96380222625,50053.19749513124,16.0,5.986002611138247,31.383752738947805,78.64495884613643,37.08425556525617
394,50272.0,50089.633339561464,50257.43489139096,50216.59066218551,50080.94162545306,-80.0,3.234458851849922,-53.06584142957581,16.92219105201002,18.19121159446877
395,50080.0,50091.28272398963,50131.54350691618,50205.80818433027,50089.579918320174,160.0,-0.19223622855133726,131.8261501061388,52.121614309900906,9.117288783127151
396,50592.0,50089.24886710436,50521.08719160324,50320.83389080531,50099.17620301931,56.0,-3.9752307010203367,34.97964270327793,-20.557348122303665,-15.044905149894475
397,50192.0,50083.33226258759,50201.50279232274,50164.693488085664,50059.490108020385,-304.0,-7.832231371670787,-272.0704376668218,-169.79365867681918,-46.311589597909915
398,49984.0,50073.58440436102,49976.9463162696,49981.24657345167,50006.55302382349,-256.0,-11.555378261982696,-259.8248947051361,-184.82362790815387,-51.80943300571744
399,49680.0,50060.22150606362,49681.85300291247,49795.04623226936,49955.87124200895,-328.0,-15.015561641685053,-285.8282987948005,-128.67722504764242,-36.88821971409561
400,49328.0,50043.55328107765,49405.28971868,49723.89212335639,49932.7765843953,312.0,-18.12066846585367,282.79515059814366,126.79195276523023,7.144171606119926
401,50304.0,50023.980169131915,50247.443304108754,50048.63013779982,49970.15958522119,408.0,-20.78404355472958,386.46026454188177,197.05308334333677,20.690980086943455
402,50144.0,50001.98519396819,50178.21024776376,50117.99829004306,49974.15854456919,112.0,-22.916733551814104,101.81818247379488,56.367297264776425,-4.493113423537579
403,50528.0,49978.14670202829,50451.079669056344,50161.36473232937,49961.173358374115,-248.0,-24.399876724091882,-250.28842999631888,-139.95119154900385,-41.326518276371644
404,49648.0,49953.18544052001,49677.63338777112,49838.095906945055,49891.505508016446,-560.0,-25.108761059284006,-486.7231458589886,-228.22087191179162,-57.49257495684651
405,49408.0,49927.92917990972,49477.63337733837,49704.92298850579,49846.18820846042,200.0,-24.970310231463372,159.13985921926724,15.288575813625357,-23.407889132999117
406,50048.0,49903.24482005708,49995.91310620966,49868.673058572305,49844.68972975045,296.0,-23.98372320907947,246.87227695938418,74.08659935266769,-11.663992222456727
407,50000.0,49879.96173349156,49971.377931257135,49853.09618721112,49822.86022401551,-192.0,-22.237565567145793,-167.64551866683541,-89.02877775561865,-30.686494534162193
408,49664.0,49858.76968892279,49660.622068875986,49690.61550306107,49783.31674068212,-384.0,-19.924940043965762,-327.64551800122354,-149.17293261951636,-33.57764629927624
409,49232.0,49840.11185340363,49316.08689525469,49554.75032197209,49755.704931416956,120.0,-17.29935533924072,92.7632667450307,25.509979897062294,-1.4265626943233656
410,49904.0,49824.17097824431,49846.14860236605,49741.63546285519,49780.463615293476,264.0,-14.625302323267533,223.940754848707,105.7028723106996,18.58186464119717
411,49760.0,49810.86124875709,49763.9684049521,49766.15606659349,49792.86866069935,-112.0,-12.12819940620102,-62.338172653446236,27.598637035040156,14.048478440839972
412,49680.0,49799.914579431905,49721.472257059155,49796.83273692527,49808.560572175156,192.0,-9.945746572346252,164.86513740283408,89.0930387944245,22.119940084565314
413,50144.0,49790.9697556124,50093.69867975777,49944.34214418234,49837.10854086848,152.0,-8.104886820186948,120.71982148745519,47.68047934823335,13.203395736745733
414,49984.0,49783.70480579153,49962.911900034065,49892.19369562174,49834.96736364865,-288.0,-6.522799079786637,-236.2272795533754,-98.05160074973173,-9.592809037396364
415,49568.0,49777.92415745283,49621.24412065102,49748.238942682874,49817.92292279369,-72.0,-5.0459223791986005,-75.44717612792738,-53.83528159742491,-4.548294715277734
416,49840.0,49773.61296103313,49812.01754777821,49784.52313242689,49825.87077421809,72.0,-3.4821930675097974,50.86116601822869,8.545755957457004,7.241390135306574
417,49712.0,49770.95977131781,49722.96645268748,49765.33045459779,49832.4057030643,-48.0,-1.6476060975146538,-34.21883165334657,7.472549469788646,12.555213999428815
418,49744.0,49770.317748838104,49743.57988447152,49799.46823136647,49850.98120221695,0.0,0.5695145092286111,18.51285414163067,61.87189245191985,23.924559263494302
419,49712.0,49772.098800336265,49759.99216097074,49889.07423950163,49880.25482159129,384.0,3.182416568582994,347.5012746111606,178.1431278859709,37.686360453903035
420,50512.0,49776.68258197527,50438.58243369384,50155.75448713841,49926.353923124756,256.0,6.102175117364823,220.3742479340217,88.55749120598193,16.81679768970571
421,50224.0,49784.303150570995,50200.74065683878,50066.18922191359,49913.8884169707,-408.0,9.116853928073397,-354.13849266113175,-168.47065426802146,-27.971085305522138
422,49696.0,49794.91628983142,49730.305448371575,49818.813178602366,49870.41175251371,-312.0,11.926405856625934,-298.90796660933484,-185.96945401003904,-34.75607683130147
423,49600.0,49808.15596228425,49602.92472362011,49694.25031389351,49844.3762633081,-120.0,14.194405525988259,-112.75710665092265,-77.43770776209567,-13.816676040209131
424,49456.0,49823.30510088339,49504.79123506973,49663.937763078175,49842.77840043329,168.0,15.592323121301888,145.82268679824483,73.6563307237484,17.7410571468572
425,49936.0,49839.34060852685,49894.5700972166,49841.56297534101,49879.85837760181,184.0,15.864498464907228,182.62934822988973,130.40669993334086,34.27289604861289
426,49824.0,49855.03409781321,49870.04993152951,49924.751162944856,49911.32419253052,224.0,14.88040074368837,205.7294919604683,133.56376907627055,35.83202455523133
427,50384.0,49869.10141001423,50306.02908113754,50108.69051349355,49951.522426712276,48.0,12.666868220152537,46.12455529571889,46.284607295474416,18.57435551737217
428,49920.0,49880.36783425351,49962.29904212095,50017.320377535805,49948.47290356526,-168.0,9.437289593148307,-132.23482841186706,-42.7099471898473,-1.6258779687523202
429,50048.0,49887.975989200524,50041.559424313804,50023.27061911386,49948.27067077477,80.0,5.582438682242355,47.05750376186552,-6.414448865019949,-5.188699251750222
430,50080.0,49891.532711618,50056.41404964468,50004.491479805765,49938.09550506176,-120.0,1.6063999566540588,-103.07512644571761,-56.53339940521255,-17.270390459922055
431,49808.0,49891.18878911383,49835.40917142237,49910.20382030343,49913.72988985493,-104.0,-1.922509430678474,-83.95902111045143,-43.18574935061406,-19.079120714090095
432,49872.0,49887.68769275664,49888.496007423775,49918.11998110454,49899.93726363358,168.0,-4.441758158012817,135.5668731202968,30.976151353374007,-12.395763039665326
433,50144.0,49882.30527279781,50106.54291766296,49972.15612301018,49888.9383637756,56.0,-5.5086722019805165,30.761498554016725,-31.885796589267557,-23.751981669203815
434,49984.0,49876.67034835268,49950.01900453181,49854.348387926,49852.433300295175,-456.0,-4.884407107856532,-391.87155103811165,-182.63354112118031,-43.08339846566378
435,49232.0,49872.53645858209,49322.79981558674,49606.88904076782,49802.77156684427,-120.0,-2.576576421575737,-107.77745044534822,-60.01482677427339,-21.123155108693027
436,49744.0,49871.51719550953,49734.46410364111,49734.318734377455,49810.18699007779,448.0,1.1235432740868418,363.984806259934,122.58906079836015,10.724772737408784
437,50128.0,49874.78354513027,50050.76942810661,49852.06716236454,49824.22111231909,-96.0,5.6512206031729875,-69.8475350014669,-20.217990830638882,-1.1548221427474346
438,49552.0,49882.819636715874,49594.76903363818,49693.88275271618,49807.877345792294,-304.0,10.25998738034832,-242.15522627754763,-87.24303329028044,-3.5498992371794884
439,49520.0,49895.303519890964,49566.45897555151,49677.58109578398,49817.12131384473,272.0,14.134975341854442,203.98481967089901,62.48889095979757,24.100033744671236
440,50096.0,49911.08958739958,50002.73867297998,49818.86053463577,49856.07741328164,-144.0,16.532204322611506,-117.59612672156072,2.7097061696767923,26.959970100990176
441,49232.0,49928.36792853619,49331.26672210839,49683.00050812333,49871.04125404671,40.0,16.94111634908404,64.32262814601927,89.64022754922553,46.9159034674085
442,50176.0,49944.97182009775,50131.383929272015,49998.140989734224,49949.909220216454,472.0,15.17651625857252,425.1450740979526,226.21097647800343,67.5634271805684
443,50176.0,49958.72096105333,50181.556870304295,50135.42246107934,50006.168108407845,56.0,11.423750784233562,77.957292553765,116.99270188478113,47.7672936117815
444,50288.0,49967.81932166622,50287.298514379545,50232.126393503786,50045.44380744002,120.0,6.21785311081112,102.23421597295965,68.76712917634359,27.14788940417202
445,50416.0,49971.156667274954,50386.025302250215,50272.956719432026,50060.46388721619,-48.0,0.3348852983217512,-51.146700878256524,-30.69131435574309,-2.7567258630151628
446,50192.0,49968.48909226286,50185.00511262303,50170.7437647923,50039.93035571399,-288.0,-5.359822630623967,-235.99462651203794,-112.84107224358013,-28.13701371650677
447,49840.0,49960.437022013706,49914.03604922614,50047.274574944866,50004.189859783175,144.0,-10.081855215750693,99.2111827338158,-19.8319023749973,-27.531002941650513
448,50480.0,49948.32538183136,50383.42747809066,50131.079960042305,49984.868349830685,-16.0,-13.265379577922431,-45.23279242671197,-90.65463488140813,-44.078092460953485
449,49808.0,49933.90626285786,49823.570464372715,49865.96530518205,49916.03367486127,-520.0,-14.638587629338872,-450.2430801098162,-236.13200226923072,-63.432991226356535
450,49440.0,49919.04820657268,49482.94131787103,49658.815955503844,49858.00236737797,-136.0,-14.244397347702034,-125.92255714652492,-97.74137192628405,-37.131189114395966
451,49536.0,49905.41746816246,49571.725350079665,49670.48256132948,49841.771296632476,336.0,-12.382303502730792,267.41078260698123,78.90788649037495,-0.9425059138739016
452,50112.0,49894.28359956722,50017.76288308499,49816.63172848459,49856.117355550225,-160.0,-9.49196524236686,-128.22931000864992,-1.534968602587469,1.5519266952614998
453,49216.0,49886.43353767772,49315.266730062365,49667.41262412431,49844.875150023,-16.0,-6.048770872232126,28.968540979753016,76.48720770186628,20.201551973925234
454,50080.0,49882.18605782276,50075.6999650445,49969.606143888326,49896.520459498075,704.0,-2.4727755319654534,606.883274953012,246.99659170817904,42.471332449978945
455,50624.0,49881.48798661379,50529.03327996839,50161.405807540665,49929.81781492296,-216.0,0.9397998796121101,-181.1709655882405,-39.4974325773328,-1.411753828971996
456,49648.0,49884.06565758198,49713.35803386802,49890.61127873366,49893.69695184013,-368.0,4.0332577603549,-329.2143964062343,-149.48888944016653,-23.836015490815043
457,49888.0,49889.5545021345,49870.60448715592,49862.42802866033,49882.14578394133,120.0,6.751174302327854,70.26888906750537,-40.96923574316679,-11.843878701740323
458,49888.0,49897.56800618664,49853.89581200303,49808.67280724733,49870.00919443665,-224.0,9.108290209223924,-187.2296151377268,-93.41881778934112,-13.03612978284582
459,49440.0,49907.77108255295,49496.14525688047,49675.59039308165,49856.073524375635,-104.0,11.169431377398723,-77.02427072021601,-15.287217624852929,6.868006157768832
460,49680.0,49919.906868941434,49699.8472705626,49778.09837199762,49883.74520675219,352.0,13.000166251960763,302.9383664951165,151.55716491478233,37.85894271415964
461,50144.0,49933.77141505687,50102.0219898707,49978.704722911214,49931.791409803955,216.0,14.650951574800274,192.2846686615885,117.95871236920357,37.43577354196532
462,50112.0,49949.208772091035,50084.416607885774,50014.01579673603,49958.61675383612,-216.0,16.159029845828627,-155.52234255605435,-13.68102780717527,19.15618172397444
463,49712.0,49966.08947474853,49790.97730475859,49951.34266729686,49970.1037732519,128.0,17.5201918379571,109.41675165338165,56.99820420926699,24.392208078374097
464,50368.0,49984.24915576695,50303.25011119254,50128.01220515456,50007.40116999287,232.0,18.677729984596226,180.55383140904087,56.67564043497987,19.267455240609706
465,50176.0,50003.44493471772,50152.08496757667,50064.69394816682,50008.63868373312,-328.0,19.526357052363892,-270.74030573251366,-118.97128290432738,-7.130552073089348
466,49712.0,50023.30186987168,49761.76949972751,49890.06963934591,49993.14006584669,-144.0,19.917509006041655,-141.46796921162968,-85.58948914795837,-1.4416145940995193
467,49888.0,50043.279952729805,49869.149029153414,49893.51496987091,50005.755454544924,24.0,19.694176798253466,13.124675192972063,6.202815460452257,18.503161425483995
468,49760.0,50062.690223468184,49788.018850113454,49902.47527026681,50030.146388697656,40.0,18.73559587326963,58.96407152730899,80.19793552930787,37.898253587613
469,49968.0,50080.751144476344,49987.07717220803,50053.91084092952,50081.55196172015,320.0,16.99834956109771,294.44418313473943,194.390991127475,57.08317110850112
470,50400.0,50096.68692259038,50376.90721638293,50291.25725252176,50144.31273091466,288.0,14.560669436676108,274.36612608956057,182.97503785312074,49.976405740242626
471,50544.0,50109.872483349696,50535.80942438715,50419.860916635764,50181.504773200635,128.0,11.62846688872014,117.94932993997645,66.53412243187995,19.067280946008395
472,50656.0,50119.94385636782,50612.805876262886,50424.32549738552,50182.447292806675,-136.0,8.483717833274568,-138.97416680985407,-111.37267055747725,-22.735115753628634
473,50272.0,50126.839919016245,50257.861090767445,50197.11557552081,50136.03454169338,-544.0,5.425374276463117,-486.64960723015975,-264.6521341043117,-53.211024028627435
474,49568.0,50130.794604920746,49639.50666180257,49895.0212291769,50076.02524474942,-208.0,2.712185191216122,-199.81084438009566,-138.58373175546149,-34.60803470648534
475,49856.0,50132.26428939868,49858.23940200725,49919.948112009886,50066.81847228041,296.0,0.4905092941480689,229.92975024093903,56.90093883793452,1.3341511450089456
476,50160.0,50131.77562350904,50099.366162284445,50008.82310685277,50078.69354703944,-104.0,-1.2290528614248615,-62.04242830056319,13.28654826926504,7.809752110999398
477,49648.0,50129.80618367583,49734.15454540613,49946.521208548416,50082.437976502406,112.0,-2.5324882934182824,111.23204297695702,86.9587059698606,25.466328288090153
478,50384.0,50126.710646922205,50321.83024823836,50182.74051879249,50129.62620361562,256.0,-3.559970408467052,231.1560111993931,135.5895696403095,34.4695372939932
479,50160.0,50122.686242858894,50196.46656780491,50217.700347829035,50151.37705109039,48.0,-4.452829106681747,56.969158591098676,63.81000295107151,21.319700029296655
480,50480.0,50117.80498870884,50435.768565420556,50310.36052469463,50172.26560367421,32.0,-5.299211913566978,18.144824718445307,7.840439212908677,5.50183276752432
481,50224.0,50112.08781903176,50232.756217241804,50233.38122625485,50162.38071662544,-184.0,-6.124967969255522,-159.23126196974408,-72.28868531235275,-12.965851217493764
482,50112.0,50105.55505277033,50117.30604148107,50165.783154069926,50146.333901239224,-112.0,-6.916900857286237,-88.91996835537793,-40.70649514996694,-14.330120324259042
483,50000.0,50098.25401731719,50054.91628053105,50151.96823595492,50133.72047597692,264.0,-7.634223524848494,212.19164170521617,62.16919986245557,-5.927401463453862
484,50640.0,50090.286605720634,50541.6893248915,50290.12155379484,50134.47909831232,-8.0,-8.25816719332579,-14.110899562365375,-36.78590526266635,-24.517422748987883
485,49984.0,50081.737682930536,50026.69448140632,50078.396425429586,50084.68563047895,-320.0,-8.818576729045162,-292.19186807329606,-164.5269156504619,-44.759186309427605
486,50000.0,50072.64945226254,49957.30558874491,49961.06772249391,50044.96072569346,-312.0,-9.380530021877348,-283.7139171306262,-136.7948416887084,-37.47686850080936
487,49360.0,50062.97662288678,49459.266647145065,49804.80674205217,50009.73189347733,176.0,-10.022849587934616,166.90375273567406,66.14239058433304,-2.7422375422647747
488,50352.0,50052.603753086674,50291.113094216256,50093.35250366258,50039.47625060893,408.0,-10.803613792391843,359.655427736041,159.22201344170753,14.118169662047876
489,50176.0,50041.369395302,50178.57750261715,50123.250768935584,50037.968232801424,-144.0,-11.737966846252675,-99.64807851337537,3.5236497407895513,-8.409606167439051
490,50064.0,50029.12781939417,50091.816937189506,50100.39980314416,50022.657038274054,88.0,-12.77716603128647,52.324120519897406,-4.651064219338878,-17.378342613665154
491,50352.0,50015.815063239424,50283.22574365694,50113.94864049691,50003.211547574094,-160.0,-13.803413555200677,-154.59389612611267,-105.47684239880255,-36.88491332125341
492,49744.0,50001.52099228377,49782.62914493728,49889.446118346554,49948.88721163155,-360.0,-14.656828790892177,-305.3194531549925,-151.77946297707604,-44.07997536097173
493,49632.0,49986.50140565764,49672.58683734696,49810.389714542755,49915.05159685215,128.0,-15.17132864686937,92.89187914444847,10.138453467581712,-19.683034936788317
494,50000.0,49971.17833499003,49968.41290322618,49909.72302528172,49909.52114175797,152.0,-15.194686813756562,137.89058201009902,54.194823379817535,-10.05439800627937
495,49936.0,49956.11203203013,49948.368001367155,49918.77936130239,49894.94280083959,56.0,-14.618637320243579,41.79510497673982,0.44601667187089333,-16.631200876403454
496,50112.0,49941.94106034954,50052.00311317966,49910.61505862546,49876.25874000516,-216.0,-13.402854217474669,-198.32797283571563,-108.85677336420122,-30.471123834166065
497,49504.0,49929.30632359518,49551.71205569572,49701.06581457399,49834.00055317126,-312.0,-11.579547476721928,-259.75212845881833,-111.01633676448182,-25.75815917534419
498,49488.0,49918.7819653961,49532.49885626202,49688.582385096495,49824.742421654475,240.0,-9.25641066197204,203.28108187640828,87.80776307075939,7.578989565939992
499,49984.0,49910.79350227123,49958.27421944854,49876.681340715506,49849.15853230314,344.0,-6.596333643265098,297.1464604292087,134.43962597676364,17.674037263823266
500,50176.0,49905.58929810957,50126.79177712044,49957.46163705002,49860.09049618212,-96.0,-3.801119995332556,-77.52355672591875,-28.48888514047576,-4.863511311912589
501,49792.0,49903.19126228057,49803.2271059967,49819.703570434554,49839.431509679314,-304.0,-1.0929156491765752,-267.4291411402046,-123.90628139818728,-18.28741101884225
502,49568.0,49903.403466811214,49591.93349484003,49709.64907425365,49823.51567414444,-104.0,1.3282750568396295,-91.62613695651453,-39.22995905408243,-3.140051827653224
503,49584.0,49905.84781239425,49619.97483208367,49741.24365232639,49833.15140602401,232.0,3.3149703259405214,207.91549766200842,110.21640423593635,22.09330218076866
504,50032.0,49910.033407463096,50007.764490164045,49930.08188272552,49867.702278505974,296.0,4.7751599941111635,266.61210890060465,137.87917176189148,26.33598640726632
505,50176.0,49915.39813238247,50153.19904988488,50017.00199585017,49885.82337883854,40.0,5.662740011546703,31.429809145258332,7.421111049741739,3.612269274490245
506,50112.0,49921.35888748619,50070.62410845456,49944.924104825004,49874.926817054955,-408.0,5.959939954645961,-351.14666448323624,-155.61583861267354,-22.750220930833166
507,49360.0,49927.31801229176,49450.90572091841,49705.770318624825,49840.322936976874,-104.0,5.636492898029246,-103.49751761839434,-66.26862688775873,-10.587733229240257
508,49904.0,49932.63187328225,49863.62907321777,49812.38685104949,49853.751350596474,272.0,4.610505508440838,210.86871838822117,60.809957949400996,10.915981149424624
509,49904.0,49936.539023308644,49872.64315769485,49827.39023452363,49862.15489927572,-208.0,2.7420929477484606,-147.77012704865774,-23.3014992640492,6.311293643037061
510,49488.0,49938.116059177744,49568.08881912046,49765.78385252139,49866.37393788255,176.0,-0.14077042397184414,152.58259271854695,77.28554425846232,23.13773550094993
511,50256.0,49936.2574824607,50177.80834313195,49981.96132304055,49908.43037027762,192.0,-4.187710365626117,162.06840398055647,79.15813203943617,24.677950908957428
512,49872.0,49929.74063844649,49892.22562708157,49924.10011660026,49915.72983970046,-240.0,-9.44746454410415,-184.45458064254126,-31.811148140164732,9.485961407863215
513,49776.0,49917.36255337249,49808.899181846864,49918.33902676022,49927.40229309335,88.0,-15.787689057378884,81.16946399959488,65.40842354007327,19.242568047553505
514,50048.0,49898.165260331734,50054.56455508076,50054.91696368041,49954.21497579557,320.0,-22.850897475600505,278.48814863769803,140.03641876039183,22.123431491996598
515,50416.0,49871.66075842129,50365.87547912226,50198.411864281006,49971.64915607734,56.0,-30.07255430762234,60.68831965278878,34.700832741102204,-4.783361914356647
516,50160.0,49838.02015171649,50175.94119438634,50124.31862916261,49944.64825196686,-112.0,-36.74965009012158,-110.22831280423634,-91.93392053708521,-37.768491512146284
517,50192.0,49798.16145824105,50145.41885351379,50014.544023206836,49896.11217305305,-464.0,-42.17096517216487,-422.33721603536833,-198.50259435236148,-63.330470261153096
518,49232.0,49753.67822137216,49331.2667623156,49727.31344045789,49817.98731144455,160.0,-45.77231042411222,133.6571895972811,-39.573862520002876,-48.825496036268305
519,50512.0,49706.61683739282,50412.73323270835,49935.39629816683,49798.461180980514,32.0,-47.265030836733786,6.449160435429803,-80.21899320764715,-55.20307141501689
520,49296.0,49659.14815969869,49344.16508318646,49566.875454042594,49707.58116861452,-592.0,-46.717296733320836,-541.6255865762323,-233.08311710293128,-70.3009539352679
521,49328.0,49613.18224392618,49329.482059555885,49469.23006396097,49657.85927310998,-8.0,-44.54783038706955,-7.272725851173163,-27.03035810115034,-33.22893184904024
522,49280.0,49570.05249892455,49329.619631484115,49512.814737840294,49641.12330491644,360.0,-41.43937552031639,338.44227582289386,159.99204279948026,1.3201970522823103
523,50048.0,49530.30349288555,50006.36661120167,49789.21414955993,49660.49966721454,432.0,-38.19976533564841,378.3734892518405,147.00648649959476,0.0013456588312692475
524,50144.0,49493.65296825326,50086.366609987796,49806.82771083948,49641.1259962341,-456.0,-35.59056278042772,-395.59344292511014,-150.97258330070326,-44.517371168738464
525,49136.0,49459.12236732469,49215.17972535145,49487.26898295852,49571.464924877066,-304.0,-34.17831980090705,-287.86176622889616,-143.9242364017009,-47.88782511318277
526,49536.0,49425.29632865144,49510.64307753,49518.97923803608,49545.35034600773,216.0,-34.236273790760606,168.67873982857782,23.199874095604173,-25.647061568943172
527,49568.0,49390.64981974317,49552.53720500861,49533.66873114973,49520.17080173918,-56.0,-35.715629211703344,-35.41984747833703,-2.4761413114938478,-27.571004181594617
528,49424.0,49353.865070228036,49439.80338257333,49514.026955413094,49490.208337644544,-64.0,-38.27791643597811,-33.71690956864768,25.371701969917922,-26.652047212406615
529,49440.0,49314.093986871216,49485.10338587131,49584.412135089566,49466.866707314366,504.0,-41.3736456338338,446.4649218654813,142.59124722125125,-21.99829496446182
530,50432.0,49271.11777896037,50332.73322630429,49799.209449855596,49446.21174771562,-88.0,-44.356101669698546,-105.84626902602395,-101.5979603061678,-69.94437221296539
531,49264.0,49225.38178353182,49273.410847819265,49381.21621447723,49326.977962888435,-808.0,-46.589310180930624,-730.7738876191761,-359.38512813975467,-116.08488668276186
532,48816.0,49177.93915859851,48871.18545106594,49080.43919357609,49214.0419743501,-120.0,-47.53091771276377,-126.29814142362375,-168.55742411309984,-93.03388982083197
533,49024.0,49130.31994810629,49020.81456497202,49044.10136625103,49140.91018324677,192.0,-46.79420720140479,133.70193876616395,-26.28714419953758,-67.28628194098928
534,49200.0,49084.3507441957,49138.58932859827,49027.86490517701,49079.46941046812,-256.0,-44.16715409270182,-204.7740846256129,-102.30400848552017,-67.46730225524516
535,48512.0,49041.98563992089,48611.26639572079,48839.49334927999,49005.97557873628,16.0,-39.60841743823403,5.367137438453938,-24.624881257022935,-48.795052795023366
536,49232.0,49005.13390931923,49149.323603475175,48978.615142662966,48981.87930487807,136.0,-33.22836799552897,103.81262466148837,12.429364714462281,-36.60230861430682
537,48784.0,48975.52890392983,48818.89164504377,48864.352078708915,48932.77096150767,-192.0,-25.25057245764401,-155.9737332125842,-74.08702459959386,-41.66979529501987
538,48848.0,48954.63276440394,48837.37613705001,48830.44109346378,48898.53971428803,-24.0,-15.975288126352098,-34.63482274372291,-42.6904385132475,-31.70426150523417
539,48736.0,48943.578327677125,48749.62199955632,48778.97120168242,48869.3624384972,-24.0,-5.748195604377543,-19.644139712068863,-29.984290940152277,-22.50915386597262
540,48800.0,48943.136373195186,48798.08785762587,48770.47251158347,48853.52140655609,72.0,5.052139106897812,38.90514619887472,-23.262434307205694,-13.16496161331088
541,48880.0,48953.68260589092,48827.43229195407,48732.44633306801,48843.03251527058,-320.0,16.044184273603605,-269.410668970213,-111.8030119814648,-12.337265521975496
542,48160.0,48975.22474174239,48259.26651968544,48546.866487620544,48828.846875512136,-24.0,26.85822646007,-13.955037688021548,7.8533983628040005,19.25670401716343
543,48832.0,49007.39905881106,48799.52221657803,48748.153129793616,48881.545923304904,432.0,37.12747832468813,355.90520669814214,159.36320706988408,55.176343958009966
544,49024.0,49049.47969839177,48971.07693308173,48865.59290176031,48939.199563428156,-152.0,46.50752168073814,-93.06061808764935,38.23622284684825,53.41361829466405
545,48528.0,49100.41410217254,48613.40098040273,48824.62557548731,48988.37315989423,104.0,54.68795989665523,111.01365218076899,107.34546147065339,72.19225446078781
546,49232.0,49158.85561818508,49193.104237443265,49080.28382470162,49083.58407234973,408.0,61.40149088011094,343.5397414107392,179.80016156512283,87.79011607298162
547,49344.0,49223.21708393276,49300.48046322421,49184.22589861756,49163.953392040195,-160.0,66.43473239314335,-110.22145809801441,24.055023224715114,71.36698929247723
548,48912.0,49291.72508297137,48972.66132124724,49128.39387115105,49226.318050934686,-48.0,69.62599906754622,-24.51253574079601,52.36490810901523,78.08056144122384
549,49248.0,49362.46908206785,49251.45539174262,49288.95571483559,49320.11451492264,336.0,70.88431389458856,296.07102920845136,181.03970110233058,97.40218973409355
550,49584.0,49433.493710760544,49564.80337966414,49490.47327335571,49421.12243040287,232.0,70.17902346148549,217.3648862422233,154.75419519798015,92.86403700037044
551,49712.0,49502.82712899082,49686.18516422706,49598.46410523155,49505.842588923384,-32.0,67.5313944989066,-7.692394301757304,51.222884491609875,74.41228796667929
552,49520.0,49568.55649975836,49549.418591060625,49592.91904233893,49569.94700633623,16.0,63.02852629230256,10.32638213667451,30.914458276849473,66.6017677296586
553,49744.0,49628.88418157543,49706.83792850041,49660.29302178525,49639.0461243827,-40.0,56.82385769193934,-28.39102005816312,25.520490338938544,63.8514242656056
554,49440.0,49682.204215142236,49492.6365509443,49643.96002301681,49697.64985486744,32.0,49.13626197320991,48.98137716538622,85.64701273996616,71.48622322811207
555,49808.0,49727.15670552185,49804.800682831185,49831.58704726518,49782.018570838925,320.0,40.2400037229163,296.1675460428014,199.4205478809672,83.06964451343083
556,50080.0,49762.68422258807,50084.9716430299,50042.80111877874,49863.789143894304,336.0,30.451852473714098,305.0291753482088,192.61463090292455,70.96003025009486
557,50480.0,49788.060410469276,50414.8590335276,50216.81630907103,49923.938631339115,-24.0,20.09368044545772,4.182558135733416,42.42334482780643,32.34641901176656
558,50032.0,49802.871583478984,50093.33675930137,50127.647808434354,49928.48198191784,-8.0,9.46633571429993,-14.838477719382354,-41.344596419497975,-0.6325503253865463
559,50464.0,49806.993081897876,50385.18207808884,50134.12711623203,49922.67353068834,-256.0,-1.1680750312407326,-255.32324699723176,-158.45713408630036,-32.87477469507576
560,49520.0,49800.5354334165,49582.690265306905,49810.733540261754,49862.732432527686,-368.0,-11.593331106440019,-335.96153001851417,-178.02680583940673,-42.80447653427473
561,49728.0,49783.806419684995,49713.25901805181,49778.07350455322,49837.06457761979,72.0,-21.606044545544137,56.86384300393547,-7.623283431923483,-20.214626026903716
562,49664.0,49757.323344325414,49696.417951314776,49795.48697339791,49822.30318047388,144.0,-30.96523608626012,145.24868983684792,83.15695554363629,-6.846238122216164
563,50016.0,49721.875947512475,50003.756397725505,49944.38741564049,49823.37210137536,288.0,-39.341473049069464,246.1204350382577,113.09415006283234,-8.562474029753503
564,50240.0,49678.640398227275,50188.65882139129,50021.67527352357,49805.17823241437,-88.0,-46.28839607633199,-71.80346937777722,-31.874505355131987,-39.93495734026874
565,49840.0,49629.29915535981,49860.14945896995,49880.63840493023,49743.50218669482,-272.0,-51.2556488654991,-227.7620675715807,-120.71766612823194,-66.50093638481121
566,49696.0,49576.12910049628,49733.13468624813,49780.23994126711,49672.17635964475,104.0,-53.64691760967253,58.65865851881608,-58.27849302956747,-72.51700906783299
567,50048.0,49522.005320140466,49977.46677600758,49764.081418871094,49598.46816855916,-88.0,-52.9454802902801,-108.33403020263722,-158.1178129604632,-96.18478265763406
568,49520.0,49470.23813991572,49516.466625842855,49464.00431534618,49479.80679432948,-600.0,-48.84175311680883,-537.0444818035248,-328.07494585182576,-120.67103451320509
569,48848.0,49424.32181390685,48903.37781240053,49107.93152716744,49357.12609953275,-272.0,-41.330834703330765,-277.8222905865732,-226.10702459502136,-97.22438982009407
570,48976.0,49387.576470509055,48960.82204466971,49011.79026615614,49285.35801468929,0.0,-30.776668915987102,-18.445544382266235,-78.24612793323104,-56.300184108989924
571,48848.0,49362.768476074874,48866.486723636,48951.43927130098,49244.52573131477,-8.0,-17.89805417045136,-1.9017028537164151,-8.631359204668115,-21.005996808784403
572,48960.0,49351.78036216815,48957.018638962276,48994.5275477468,49243.346021071724,80.0,-3.677362844809977,75.62511013763651,60.352050319219416,12.987590810538677
573,49008.0,49355.413750385254,49017.73694391127,49072.14337193942,49270.500912935844,96.0,10.787133495523449,109.40302450535091,109.68751016233,40.27993751091344
574,49152.0,49373.3546291592,49175.82468797298,49213.90256807146,49323.90589609355,312.0,24.440047294119722,277.2111839265963,172.71048016777422,62.00027796238646
575,49632.0,49404.293844973494,49572.159311764466,49417.56433227497,49394.50146886062,96.0,36.41456268265756,97.13118261379714,96.44393034098903,58.720646210094856
576,49344.0,49446.183754524514,49370.08705320057,49406.79042875344,49441.34718851374,-104.0,46.120866556138935,-71.63699256103064,20.62131085519286,51.71307907881419
577,49424.0,49496.53557808577,49428.885326642405,49458.80695398535,49497.927627018245,96.0,53.27884084032121,83.22490665387522,69.42000222458955,60.27681985541494
578,49536.0,49552.74143620516,49536.53686650832,49545.63043320262,49561.90082822457,112.0,57.89100675746522,110.33587240752604,91.63869581857944,65.26824261755246
579,49648.0,49612.3175916007,49649.55707145746,49642.08434562251,49628.46411225335,128.0,60.173333895108954,120.80556223640087,93.49608523114512,65.58648964144959
580,49792.0,49673.088103995375,49778.147990981124,49732.62260366491,49693.07380750747,56.0,60.47178426036771,59.33087442930264,60.84955987485591,59.66338562949022
581,49760.0,49733.26116012144,49768.21882031606,49763.783465372224,49747.79088351233,40.0,59.18194937852968,31.164930915238074,33.05259439342626,54.106620180478785
582,49872.0,49791.452002752434,49840.4778528116,49798.72779245176,49801.28704786843,-112.0,56.6868427813788,-85.35170344645667,-1.691776694577129,49.96051674951741
583,49536.0,49846.634845684195,49597.51541342315,49760.39991198307,49847.711917011366,64.0,53.31198165082242,64.61462772730374,73.87207552283871,62.01046499350923
584,50000.0,49898.07596605408,49969.70710826621,49946.47194349744,49925.307977855446,232.0,49.301783716189675,220.7272361740943,159.30800326309327,73.86145973685052
585,50000.0,49945.238413116575,50038.96988577134,50079.015918509256,49995.43483648507,280.0,44.82388179438567,264.11220636179496,172.0519342664411,69.89860045387468
586,50560.0,49987.72372964285,50497.9315209898,50290.57581203032,50065.105178763195,184.0,39.98158123873145,148.61924016745616,76.84779953622638,44.92560121628776
587,50368.0,50025.20157559404,50336.20836610625,50232.71151758171,50085.28603891764,-392.0,34.82452613998612,-320.68132435228836,-125.50853565776197,6.045162100330344
588,49776.0,50057.37278192282,49856.56887228522,50039.5587407148,50077.195502963856,-64.0,29.376765988461557,-76.79513239491644,-61.373406509505,6.9692391944045085
589,50240.0,50083.95510757096,50182.61810131642,50109.9647045627,50099.22451730645,64.0,23.66959516119823,39.1397356132984,5.3883161292433215,14.99024020791694
590,49904.0,50104.71197224522,49934.84834351182,50050.335372973284,50107.17598337969,-144.0,17.75883194362541,-93.52804024553188,13.53835489723133,18.110265242226887
591,49952.0,50119.47277145821,49995.56202082535,50137.04141435716,50135.445047790905,424.0,11.763674082081707,369.6121664097009,179.22674856245794,37.44131680075952
592,50752.0,50128.23932040938,50674.07267633122,50408.7888700982,50182.05861698121,208.0,5.893522470138123,197.7856521925787,100.1418907901425,18.116500039363018
593,50368.0,50131.25981639849,50391.13332521051,50337.32519593745,50171.67804786963,-184.0,0.4344846076746762,-167.27272506815643,-86.80107619203409,-20.19666671809682
594,50384.0,50129.10828962473,50339.52722619491,50235.18671771413,50141.665283545015,-336.0,-4.259987880079279,-310.28535629631006,-176.54511936624476,-42.12950014736634
595,49696.0,50122.73984063833,49770.56261261789,49984.23495720496,50087.4190475749,-168.0,-7.806037031823507,-159.83616223232457,-106.83428190670384,-34.6752835913685
596,50048.0,50113.496215561085,50019.85490173026,50021.518153900724,50072.31471636228,136.0,-9.847574317609542,108.56679776366582,24.04227364613689,-13.888595394510048
597,49968.0,50103.04469200311,49987.69620814522,50032.31950449723,50059.64185678588,56.0,-10.134386742131028,66.32234714108927,42.96110284511815,-8.090766737102967
598,50160.0,50093.22744207682,50152.499596012436,50107.44035959096,50056.13318288807,144.0,-8.586346007643442,127.30136792941266,48.84103488921028,-8.70201475340582
599,50256.0,50085.87199998782,50242.29894400405,50130.00157427565,50042.23782727907,40.0,-5.347633308650984,21.294068011833588,-40.43799817748368,-24.58346424504998
600,50240.0,50082.53217545952,50195.0877320361,50026.56436323599,50006.96625439797,-384.0,-0.8131766924925614,-359.0442778603465,-210.15502942166495,-46.923260161194776
601,49488.0,50084.24564660284,49524.210388283354,49709.69151543232,49948.39130695668,-448.0,4.395185692421364,-402.5536762630363,-206.02709008751117,-35.55538209346196
602,49344.0,50091.32254684436,49389.98037951003,49614.51018306097,49935.85549021105,112.0,9.502031973421253,95.67188877684384,40.07375915913508,17.056957764925755
603,49712.0,50103.24971054968,49715.55416583704,49789.83903375059,49982.50522248653,368.0,13.692998943508428,343.3446155122074,214.2483675649164,60.1749933998035
604,50080.0,50118.70854473138,50076.669610534445,50043.006918190804,50056.205477010655,360.0,16.25476999609964,344.46349736962657,234.67134353561778,72.51052837465977
605,50432.0,50135.75925054188,50404.481160576295,50259.18172082183,50127.52627923585,216.0,16.712470510978164,190.2173529233405,129.76566304193693,56.09711618698566
606,50512.0,50152.13348575334,50457.10431638113,50302.53824427468,50168.39970938463,-376.0,14.925287931433559,-312.6072086119093,-61.37435440980698,23.693415618014114
607,49680.0,50165.60982640475,49779.26674335248,50136.43301200221,50174.913110471876,112.0,11.121761431149935,103.18021408496861,62.11127372864212,31.259056610837433
608,50736.0,50174.37700861564,50663.46474455106,50426.76079173196,50230.9178226063,360.0,5.866526997851906,327.58959992502787,135.70817559572606,30.750603264743404
609,50400.0,50177.34288040045,50434.44594320253,50407.849363193665,50236.41431700136,-64.0,-0.039160583684861194,-56.78908533586946,-14.986746941460297,-2.6827897548719193
610,50608.0,50174.29868744827,50549.886573879325,50396.78729784904,50225.55224309656,-176.0,-5.709558967471821,-175.12649992659135,-116.66841642009967,-29.984461749976617
611,50048.0,50165.92376246551,50084.19294334935,50174.512530353466,50176.44539350141,-328.0,-10.319992467728298,-284.72891378321583,-159.01850231884964,-42.68457992007461
612,49952.0,50153.65870251281,49980.42874631289,50078.75029321134,50140.18308325641,72.0,-13.222251422626869,38.379534528023214,-32.38709053644925,-26.853156082186615
613,50192.0,50139.47925962025,50160.952012405396,50109.73834928057,50122.73908133704,32.0,-14.036992839417508,25.283328119487123,-10.142769290487195,-20.90704785251728
614,50016.0,50125.584716833975,50030.99540255187,50058.46475463037,50098.368987551374,-72.0,-12.693605084798037,-54.97959709418501,-30.04121733501961,-20.251644408090215
615,50048.0,50114.09204945066,50050.992818217026,50049.65591461053,50082.235792520856,56.0,-9.394417366962443,34.961506750296394,-7.980882714575273,-14.421405404478719
616,50128.0,50106.79588210005,50100.91841605246,50042.50298920122,50069.526176742416,-96.0,-4.565162742899702,-85.48232190227645,-49.90143080870257,-15.63330694131946
617,49856.0,50104.96172396486,49880.02817441247,49949.85305299312,50050.96917863822,-128.0,1.2365733415499562,-100.74936957762475,-45.72340971153608,-8.808539172288874
618,49872.0,50109.26902878315,49899.41967689721,49951.056169778145,50051.90909839784,208.0,7.420083253771736,156.4898869707722,40.73120167410161,9.935374679516826
619,50272.0,50119.8018904724,50193.00794835402,50031.315456341326,50070.83992799725,-176.0,13.442761628826702,-140.07663269133263,-40.08298526616272,8.8728259992713
620,49520.0,50136.1545520408,49619.266411514545,49870.89019924582,50069.65475039638,-48.0,18.886681380987284,-37.851126848934655,15.019842527406581,26.297559918952174
621,50176.0,50157.575253234376,50117.30569465615,50061.35514139614,50123.435047835155,224.0,23.504786227706063,203.71404992276803,133.14251284838974,51.152049830528995
622,49968.0,50183.164124496216,50026.69451136008,50137.1752249426,50171.95885005744,216.0,27.212208202443435,214.4817595112072,160.40769601775537,58.721744725156896
623,50608.0,50211.99966963926,50546.26921367856,50382.17053343165,50240.87853728547,216.0,30.053525823150267,199.30038470440923,132.08057520487637,50.563614092305215
624,50400.0,50243.271176142516,50425.2952807689,50401.33637535235,50273.08607824205,0.0,32.13964264524839,5.502470934850862,19.834029596873734,25.861844868679327
625,50608.0,50276.27895492976,50557.274155548264,50421.8385926254,50292.60222702283,-128.0,33.56014793611757,-121.6503474793135,-72.57848641425517,3.7462601319239184
626,50144.0,50310.39147201475,50181.99458581027,50256.17940252384,50280.5785985059,-208.0,34.31532226969648,-185.30664068663827,-109.5694888396356,-5.19469859164019
627,50192.0,50344.90959946915,50186.66087417499,50202.69961494613,50282.21282983955,8.0,34.28733193187509,-22.029340760356718,-48.129980104647984,6.144872825629136
628,50160.0,50378.9661358785,50137.93590428956,50159.919442314545,50292.868344157156,-200.0,33.266677890853316,-159.0454484376096,-42.820451474308356,17.298931525467196
629,49792.0,50411.44295525086,49868.56997729977,50117.05871199751,50316.81069289048,144.0,31.016244928712695,146.44893482027692,119.66862568171928,50.182883377849066
630,50448.0,50440.99862573593,50430.83377393011,50399.256693677984,50393.234110912854,496.0,27.368633693993615,443.46769096969,257.82632851946255,73.68512356801875
631,50784.0,50466.180222638846,50755.50535923915,50632.711369036435,50464.18094002652,176.0,22.312757068440987,182.1983815047679,157.810359876672,54.955876114985585
632,50800.0,50485.62413987281,50795.23053693965,50714.87741343133,50503.145863142825,0.0,16.04946801613187,15.877862398763682,39.60475111055712,24.122216273452068
633,50784.0,50498.27915867111,50787.261084036676,50711.92087125755,50512.42537257342,32.0,8.993951584037859,8.335967280410841,-38.996106545004295,-4.299221940735151
634,50864.0,50503.612043040885,50811.90247150047,50636.88520034132,50494.547419261355,-408.0,1.7233726807608036,-368.77796560892966,-188.59307074556637,-36.350582348997705
635,49968.0,50501.72590403263,50049.70515281882,50334.73472976642,50439.72420787543,-240.0,-5.116033486174274,-220.73984401249254,-118.7831056916948,-31.237000992157846
636,50384.0,50493.379976068536,50370.422783475486,50399.31898895793,50432.07341727704,304.0,-10.921104258468404,252.83154803408615,72.24375367047469,-5.247119734536682
637,50576.0,50479.883695515695,50555.36824888699,50479.222237107366,50429.229968406355,88.0,-15.230921192513051,81.78670984646669,31.514366703122505,-10.181950450365548
638,50560.0,50462.91813368351,50533.99620316842,50462.347722364175,50411.70951637631,-184.0,-17.792727298445243,-151.39102987649676,-65.70065356111081,-24.934976211228786
639,50208.0,50444.298240918804,50252.586189133996,50347.820929985144,50379.3600159839,-56.0,-18.597168853331823,-58.479068364424165,-44.6163273864513,-23.78149959322036
640,50448.0,50425.723795976846,50417.03806643957,50373.11506759127,50364.14651718987,16.0,-17.87036979435652,9.642209503424965,-12.148328598239459,-19.40617293453397
641,50240.0,50408.55750133009,50271.870608140845,50323.524272788665,50340.54767011483,16.0,-16.025045114321983,14.185582405509194,-7.828658408270712,-18.57146356929661
642,50480.0,50393.6737057482,50445.40923125059,50357.45775077473,50327.003590051274,8.0,-13.60282649911096,0.5847793626744533,-27.337646626576316,-21.193900560989277
643,50256.0,50381.35184833187,50273.040166866194,50268.84897953551,50298.15986899285,-80.0,-11.197568130835862,-87.16823005344122,-82.1842814714546,-26.735727608785965
644,50320.0,50371.27856948653,50271.07277114371,50193.08918783182,50273.5321348337,-264.0,-9.360546898602479,-246.6035400039509,-139.21519778778384,-26.951127417458338
645,49728.0,50362.630754534664,49779.83308685829,49990.418583959945,50244.257614157934,-280.0,-8.529580661699583,-232.07424999395516,-71.46131189190055,-3.461639967874362
646,49760.0,50354.21940816313,49806.924271155796,50050.16656404802,50266.60885489795,384.0,-8.96566589354552,353.73353202673024,204.8312621120822,47.68168348491599
647,50496.0,50344.69942274757,50487.30015091175,50400.08110818411,50339.620981127766,600.0,-10.70327151665333,544.8556423644659,301.95509822814347,65.19317528620013
648,50960.0,50332.812865129825,50896.63555588473,50654.07676050431,50396.99520547035,88.0,-13.52954750338904,92.51318439661918,101.0340325723555,29.2239846161101
649,50672.0,50317.640327740795,50672.32651970499,50602.14917332882,50398.068950359986,-264.0,-17.006197796239576,-222.67643765478715,-86.85300051107697,-12.622807592371828
650,50432.0,50298.800469537346,50451.282680575154,50480.37075948215,50371.74959028561,-120.0,-20.535476042441587,-124.63043625408682,-97.59303410558641,-29.33188056009385
651,50432.0,50276.56937565591,50423.06564719682,50406.96310511765,50339.4051892398,-64.0,-23.434447840096254,-72.88879739422555,-85.92610180568954,-36.97414158382526
652,50304.0,50251.93157385715,50305.5050857867,50308.518555870774,50297.80130711796,-112.0,-25.029992352960107,-110.03513247661613,-96.18527131148221,-41.913816765936645
653,50208.0,50226.50939094999,50202.995382243585,50214.59256249468,50255.577555707925,-136.0,-24.767103268404753,-127.53279232517161,-90.62971212874618,-39.84487362464279
654,50032.0,50202.39736732034,50050.43950113636,50127.25913161328,50218.111559868674,-80.0,-22.290670496859093,-60.358375425432314,-39.7038650747636,-28.160417845814663
655,50048.0,50181.928049956274,50082.27863139272,50135.184832345156,50199.256720016296,256.0,-17.478095496899186,203.23228721997657,51.51811690445538,-11.292003851562185
656,50544.0,50167.441176326545,50456.90407557631,50230.29536542219,50195.52755216555,-80.0,-10.465894929402566,-79.95754182229939,-61.74178421186298,-21.152790242471383
657,49888.0,50160.99626009747,49922.36354774812,50011.70126392143,50156.95113953135,-400.0,-1.650065460606129,-343.619425200126,-156.7434695400516,-25.128855657625536
658,49744.0,50164.14104540533,49769.66522517606,49916.80842634209,50145.2698408503,-24.0,8.361095863474475,-24.372196691754652,-8.488624408295436,8.382193361456302
659,49840.0,50177.71845182442,49873.61915436461,49994.72401510484,50173.715526254266,296.0,18.798983219756337,272.04970101163417,155.27759631516528,45.13146171668268
660,50336.0,50201.739011844846,50313.76462719933,50227.36361897242,50235.532764283664,376.0,28.802293857512268,328.96860883134286,178.32141335379129,56.793876243584236
661,50592.0,50235.32303953944,50531.5563720273,50351.36684181242,50287.303278741434,-112.0,37.493214458085276,-84.42639503554165,3.686643746212212,36.535678394837305
662,50112.0,50276.725440761016,50144.911837128246,50234.736906464845,50308.60412107334,-280.0,44.05194689189011,-222.0853492578026,-55.26148211515465,31.131048385574104
663,50032.0,50323.42693332322,50087.38567351169,50240.84387758211,50349.56537551258,312.0,47.81178391409776,245.91110993528855,110.52890990832384,56.839523214872315
664,50736.0,50372.34900858921,50636.73405699882,50455.79472628149,50422.28316750308,0.0,48.34593518511247,21.940185290899535,74.84821184012617,57.031950365653756
665,50032.0,50420.11880369345,50131.26604409349,50390.540301262365,50463.62927624389,160.0,45.54891113422127,159.9997878539507,114.01572561205103,62.92757255300239
666,51056.0,50463.446830857654,50956.733632706724,50683.826177505594,50548.13831260909,136.0,39.69259467531447,134.89699107526394,107.19896499603055,59.115951995649084
667,50304.0,50499.503993044076,50401.06002624402,50604.938231254426,50581.86118023519,-72.0,31.42319768305606,-40.70271726586725,71.58116937604427,47.615926637863595
668,50912.0,50526.29322622377,50875.32819817499,50826.98851625768,50643.370165884815,320.0,21.71321335835819,290.9091628058959,179.54454313210226,48.07749394386701
669,50944.0,50542.93041976079,50982.87835185581,50964.02731751863,50678.01616812292,392.0,11.731411377546465,360.70252696127864,147.05246002026252,21.3468106442524
670,51696.0,50549.75604897886,51596.73325209755,51121.09343629821,50686.06378717332,-248.0,2.6654420910017507,-241.07435257768884,-130.387163071322,-42.44919159093479
671,50448.0,50548.261303942796,50500.729646700434,50703.252991375986,50593.11778494105,-584.0,-4.471725745439471,-532.5204725891635,-290.2139492342285,-85.69011298521582
672,50528.0,50540.81259748798,50531.69230691922,50540.66553782975,50514.68356120289,104.0,-9.016429237999546,49.42419481487377,-156.2546846313635,-79.10004567802025
673,50656.0,50530.2284454668,50599.57803633018,50390.74362211326,50434.91769358501,-528.0,-10.783397068746126,-483.3974093645302,-282.550104659862,-90.81998293862853
674,49472.0,50519.24580335049,49564.89748819016,49975.56532851003,50333.04359532563,-328.0,-10.091633091371477,-301.0197867628449,-163.39562934821515,-58.82191849309311
675,50000.0,50510.045179284054,49997.53846280449,50063.95236341683,50317.273856598826,512.0,-7.657671369375748,420.33328863679344,120.36321661521288,0.09395410312936292
676,50496.0,50503.93046061174,50405.56406546375,50216.29176174045,50333.23150353189,-200.0,-4.462012294741726,-149.13585384926046,12.485279193853785,7.819222109665134
677,49600.0,50501.12115469457,49699.26675510597,50088.92292180454,50332.912300818156,144.0,-1.5376282411889406,148.28908323797077,117.09262096635575,36.32641232716924
678,50784.0,50500.85520412936,50702.14223193969,50450.477003673164,50405.88432818623,352.0,0.2790064603141218,340.31580229352403,194.7925837052062,54.06624377738626
679,50304.0,50501.6791676152,50379.89835969302,50478.50808921495,50441.04478837293,40.0,0.4807322384767758,57.24792621844608,115.28513014926284,42.012699605344096
680,50864.0,50501.81666860631,50816.63808437658,50681.04726397169,50489.90972739692,240.0,-1.0289236381613591,199.93014656645755,111.0628067425896,30.160425393834885
681,50784.0,50499.621320338876,50779.758652825934,50700.63370270013,50501.3656391606,-80.0,-3.9331755870043708,-58.08616742097365,-22.096709921501315,-2.6758062782864727
682,50704.0,50493.9503174323,50700.46574953463,50636.85384412869,50484.55811484034,-80.0,-7.621459089539712,-96.96415561812319,-97.35293650709718,-27.779618578239024
683,50624.0,50484.3784021598,50585.83034158969,50505.927829685934,50445.80640200412,-400.0,-11.340449399252975,-348.59969723047834,-189.96209959979024,-47.66139273601948
684,49904.0,50471.2694186338,50003.266355073676,50256.92964492911,50389.235329368305,-8.0,-14.368662687233154,-37.75847741082907,-72.53336229226989,-32.30930616739715
685,50608.0,50455.64107678533,50510.31338676803,50360.861105101394,50381.187789669326,24.0,-16.161957432614145,13.256229031663679,-19.63798727701942,-19.38815021551636
686,49952.0,50438.94550376857,50029.778813137,50217.65367037507,50350.45902893727,-144.0,-16.43251416498606,-91.64050794600553,-10.38059953879565,-10.805809285186115
687,50320.0,50422.77604845536,50327.03237087602,50340.0999060238,50359.57617109895,408.0,-15.173463928658748,332.41541211911317,132.4961886606361,11.095950716626248
688,50768.0,50408.59857591125,50694.60963737523,50482.64604769634,50372.650930370524,-8.0,-12.63115149155783,0.6254533753708529,-0.13083447928511305,-6.692694209901674
689,50304.0,50397.51374547224,50328.28327762676,50339.83823706523,50346.19078267915,-272.0,-9.216795456231921,-244.9099716146593,-124.88869209849872,-24.3506085574154
690,50224.0,50390.16498499879,50204.78969414591,50232.86866349934,50323.94971325569,-248.0,-5.396802120631037,-219.54511275130062,-102.5352418162147,-17.243583760675392
691,49808.0,50386.72014123098,49889.19305212416,50134.7677534328,50311.7036151578,184.0,-1.6087113081812277,154.92457430254217,65.28296664985828,12.939082659999258
692,50592.0,50386.947562382426,50514.638842750996,50363.43459679906,50349.82787857569,176.0,1.8141771137088654,174.08404867829813,114.38414176578226,26.015657346673834
693,50160.0,50390.3484954584,50237.361149480756,50363.53603696437,50363.73492985115,128.0,4.672462989849009,134.53055510993363,101.86945864749941,24.093797768015065
694,50848.0,50396.29248836212,50783.69995297086,50567.17351409406,50398.01547411172,256.0,6.89831505543043,199.83606736799265,63.22423417671598,11.781317966160714
695,50672.0,50404.14512556926,50637.03328421674,50489.9845053178,50387.29756578347,-424.0,8.518308943686861,-368.3666186004775,-168.19675611736238,-24.95303003907975
696,50000.0,50413.3291062495,50046.96671576991,50230.78000185933,50348.10941403356,-352.0,9.58576215301946,-308.36661866723443,-143.8145025287995,-21.78268104822928
697,49968.0,50423.3166498753,50020.30004688227,50202.3555002602,50343.73220368701,312.0,10.146053690350527,258.9225384072597,88.75324853097118,14.409399837797537
698,50624.0,50433.6212136302,50564.81179258443,50408.286498921276,50376.92821370916,264.0,10.193663175832626,224.48173574078828,98.07424812170939,20.842420707605925
699,50496.0,50443.70397622696,50469.26351836385,50398.50399650362,50385.41704510222,-296.0,9.641562496610277,-229.23068240134307,-58.53050416584665,2.9596836481759965
700,50032.0,50452.90433862342,50106.35042778174,50291.22549058958,50382.84758100551,8.0,8.330514464949374,8.83904832657936,22.33423938075066,14.972914953563304
701,50512.0,50460.36500515686,50486.94161501701,50443.17247526512,50415.36287500935,304.0,6.0464852327277185,255.29926232029175,117.53322230810227,27.683437754305487
702,50640.0,50464.997309088874,50616.948952422325,50526.29193520579,50438.21445651412,8.0,2.561518768841779,14.752099516947055,26.26542754355978,12.762304330477491
703,50528.0,50465.488042694546,50516.4458140509,50495.70333035224,50440.8874836703,-192.0,-2.3197055503442243,-158.27406811690526,-46.7369396774302,-1.6825986603034835
704,50256.0,50460.357897988186,50300.400816188514,50432.81805585093,50434.849259193514,-8.0,-8.704098341979261,5.959083080164419,25.523753424156894,2.904238482889923
705,50512.0,50448.07984601059,50528.36398021123,50546.750837200554,50446.69596063608,360.0,-16.54880907497136,309.78306507889283,131.30819994989724,8.581499474370503
706,50976.0,50427.26027983824,50919.9669463463,50695.43445575072,50452.012258142255,136.0,-25.62527486255931,111.43769786654957,8.4008464255312,-20.88308958671405
707,50784.0,50396.82929628547,50751.23937594433,50563.55253005162,50404.929781462655,-648.0,-35.48994210607998,-570.3500954531846,-242.10566067329637,-66.03598760646491
708,49680.0,50356.28039562608,49779.26675543993,50211.22313440413,50319.940282929325,-136.0,-45.4647957921552,-136.4363751128949,-86.71782844542031,-52.992484386868455
709,50512.0,50305.89970470116,50478.36662571854,50390.116873160776,50298.94481268892,512.0,-54.677446492612944,429.5499354523454,117.9521753370318,-31.648229605958477
710,50704.0,50246.92550264086,50638.36662634462,50447.12748507819,50256.64382371741,-248.0,-62.15048550710708,-187.7501958394314,-71.42564554348792,-64.66879778563816
711,50016.0,50181.598733686944,50102.86623403968,50247.2655820738,50169.60721711764,-80.0,-66.90706634252274,-81.5858939179343,-84.22911196749192,-79.35624574388567
712,50544.0,50113.11136995581,50475.19483850875,50278.66926114321,50097.93133222964,80.0,-68.11331156692177,28.30279701282052,-101.26169035898783,-93.97931827652428
713,50176.0,50045.3721105531,50159.47182806532,50044.742201355824,49981.64858056459,-432.0,-65.2435233844626,-398.3638701168238,-299.5559591094716,-126.00032263681351
714,49680.0,49982.62432318689,49678.467098275105,49679.557342924265,49845.93068695601,-696.0,-58.193251753655204,-638.1025404833781,-365.4061869694269,-127.42135926078117
715,48784.0,49928.98560704579,48883.26674709856,49313.92982741697,49726.80586204303,0.0,-47.35978250190601,-34.82085631583686,-100.66260179880919,-71.98453181083096
716,49680.0,49887.904758183075,49608.82538564343,49478.23213932665,49701.96162333435,288.0,-33.66812939402007,255.07310946280995,63.41838157299571,-23.74615754196202
717,49360.0,49861.64934825775,49393.41296602418,49440.76659056296,49679.31354695911,-72.0,-18.466549133736407,-48.347589498334855,2.9177465177999693,-6.68239902728601
718,49536.0,49850.9716599156,49512.13020664676,49484.06763236225,49688.596825279776,0.0,-3.3745824469697254,-0.6317261436051922,17.334857980404195,16.91311958465667
719,49360.0,49854.90018336381,49392.14951373697,49475.43630652377,49713.13978612842,56.0,9.897822173599707,40.766875775079825,49.08682742340898,42.19995015506356
720,49648.0,49870.7673042628,49593.66395819692,49582.241287209064,49772.9967255899,-96.0,19.845446912921034,-70.16576455546601,73.92562428982637,66.10677574098008
721,49168.0,49894.59107718965,49251.81798462604,49623.28755510342,49845.35333761038,600.0,25.40551834593134,577.5346371631604,346.7991942826993,106.22427890099789
722,50848.0,49921.578340954664,50748.73323252324,50275.83967577446,49985.4452833919,408.0,26.118978711940144,406.61332961253356,288.36280972164604,96.96420995111112
723,49984.0,49946.82903461353,50065.044643851106,50200.013174546715,50039.2817575126,-224.0,22.244207903986535,-184.78797611953632,32.180086045606004,56.60056199633618
724,50400.0,49966.06675676264,50379.15728028417,50340.199847865675,50098.64640738457,248.0,14.72519869448297,209.89903785390197,110.2865972517975,44.296970241197414
725,50480.0,49976.2794320025,50484.84271955891,50420.58636905031,50127.875697995,152.0,5.045942043609102,129.89903706928453,50.67970570979014,11.623075510175113
726,50704.0,49976.158640849855,50638.95535442274,50441.559259285255,50121.89255840492,-240.0,-5.015246294096869,-201.74078425831976,-110.24748012242708,-35.08851166983368
727,50000.0,49966.248939414305,50081.36115104227,50200.091408805456,50057.69867465533,-112.0,-13.677744102402357,-120.15825693327497,-141.42214607706774,-61.308950016820745
728,50480.0,49948.80315264505,50398.63884055619,50158.71496713112,49999.27465837128,-152.0,-19.44547480496476,-186.3093287856973,-202.01895810877977,-82.46028336548625
729,49696.0,49927.357989804375,49708.742493470876,49796.0534925879,49892.77810792436,-592.0,-21.324533813844027,-529.4026586503569,-312.6347282492716,-96.65764505070547
730,49296.0,49906.15408501736,49339.833523255475,49533.44551063258,49805.95936826987,-152.0,-18.950467665821634,-149.74135393801407,-143.8852266390386,-61.320771240993054
731,49392.0,49889.45705447273,49409.25978559485,49508.28303930982,49770.13656544237,200.0,-12.58641156847807,155.72519031359116,32.97904833215944,-16.91597455538067
732,49696.0,49880.981261880406,49651.28390388266,49599.403607296896,49772.12741915911,-8.0,-3.010041188197647,18.443637701086118,42.82237163552054,5.797224674690369
733,49376.0,49883.43697209634,49446.14706099702,49593.92778258086,49781.73101479175,168.0,8.650196776237863,157.61821041367511,103.4880665743949,29.890146372235904
734,50032.0,49898.28165543288,49966.52032471001,49806.379740445685,49831.90771190358,208.0,21.133373627002584,180.95513894879696,99.64182808766782,40.17208270700212
735,49792.0,49925.70371935034,49808.057338894614,49793.211438756196,49862.07518020576,-96.0,33.236652777402924,-78.1762913423081,-12.56258231139509,33.671227312468545
736,49840.0,49964.75496098769,49810.16774202539,49781.254575822895,49899.250166528516,-160.0,43.97491338195323,-147.0508867422759,-41.32957502185309,40.13749464918146
737,49472.0,50013.65354611425,49513.95556541006,49710.55228871249,49942.35016950412,-120.0,52.66696672512626,-86.43434956499914,48.57385724583946,66.61751145081143
738,49600.0,50070.08889443794,49637.29904289539,49878.402290314574,50032.48518943014,568.0,58.945366783824284,528.4023249884485,307.0511467593715,111.75927939752728
739,50608.0,50131.5442796819,50570.76021538696,50324.65458223123,50165.868728299174,568.0,62.742269168924395,528.6986164001828,304.5795830322786,111.27697528399585
740,50736.0,50195.57343277579,50694.69627569576,50487.56145637913,50255.03913999813,-112.0,64.19635798334275,-82.58256121242084,38.6876023374607,65.12236869885965
741,50384.0,50259.93699564858,50405.59509296212,50402.029786906154,50296.11346569689,-192.0,63.576245325595664,-181.12571792306335,-76.5167760198965,36.67999898360722
742,50352.0,50322.72592342698,50332.44483984963,50334.52790433934,50328.399137965345,-192.0,61.198301607615576,-170.92605386433934,-76.23793039714292,31.105629166722792
743,50000.0,50382.333598863814,50063.74298523344,50249.55392611187,50358.32472403034,48.0,57.33318652255912,50.01307155098402,39.802984828464105,47.841822266505915
744,50448.0,50437.3922964721,50432.4709829516,50414.13387399627,50424.08278249836,344.0,52.18317360695801,291.08291247618035,147.64688488252796,64.5621975929389
745,50688.0,50486.69994607773,50645.9088101858,50544.847695876924,50487.44911921622,-24.0,45.8661441682998,2.9818781632093305,59.13766981911613,53.33879267867087
746,50400.0,50529.1245848087,50438.43473927802,50532.4092136345,50530.7603678557,-40.0,38.42865629336302,-15.300374517704768,53.7661245748277,49.84926703226665
747,50608.0,50563.557258664456,50615.30806115039,50652.37994502658,50587.14765328075,232.0,29.90213753460921,213.41362762432982,142.16070390537425,55.344668089084735
748,50864.0,50588.92885987792,50865.26199452668,50816.73062144525,50641.44970403387,288.0,20.33954093153443,256.26390600968807,140.71598714128777,43.17453595481493
749,51184.0,50604.236340527525,51127.835873169766,50933.811919309155,50673.49672519038,-16.0,9.8115013665265,-18.24675550808388,-8.012742481514579,6.5218574160317075
750,50832.0,50608.55186261097,50828.76848351051,50800.70513648222,50654.49341886593,-368.0,-1.5632240820486913,-315.224972106691,-148.75421458582787,-27.87863538115198
751,50448.0,50601.10989236343,50497.385928956384,50636.3034901375,50617.739454428076,-80.0,-13.592211235853028,-84.45290977218974,-70.24990127597266,-28.26699171645305
752,50672.0,50581.36744013926,50659.86266396613,50660.20533393027,50597.959435433026,128.0,-26.045132335453673,101.79005484039953,18.004510757913522,-23.482047223398695
753,50704.0,50549.01962769252,50700.96603863718,50672.31251165333,50570.77535998128,32.0,-38.64017550411518,25.933567856969603,-3.736566450286773,-33.84530745268421
754,50736.0,50504.08708913103,50711.72979968007,50652.7322010297,50530.26882052766,-136.0,-51.019330248887854,-110.58724055675339,-61.2142101087702,-50.793098427235236
755,50432.0,50446.980967194744,50479.79155752368,50549.884091435786,50469.18916312681,32.0,-62.749473032861715,7.019545461971575,-43.906063876027474,-59.220199244511605
756,50800.0,50378.58814306531,50725.76889060401,50564.920073277644,50411.828422038634,-144.0,-73.30770435586237,-135.15333505482704,-102.50398151931586,-76.76931998624059
757,50144.0,50300.36555848302,50209.48488741402,50344.876128397154,50315.65052315433,-208.0,-82.08523764177153,-178.88444496465308,-119.60588068191282,-87.59537272659145
758,50384.0,50214.41766778177,50368.00000067471,50325.70831191382,50236.63767658545,136.0,-88.42581329887616,78.51511663420752,-48.31366052642625,-86.380962739604
759,50416.0,50123.51393188527,50366.51512068244,50248.2488073443,50142.88859767512,-312.0,-91.69269297279607,-255.9860982997925,-161.33510089736228,-107.4046490265755
760,49760.0,50031.032281836175,49856.02780407512,50003.038110119094,50021.8283785323,0.0,-91.35028613221584,-23.27147451199562,-123.6916421656606,-107.96880021620382
761,50416.0,49940.813359620835,50319.972171658446,50000.86552301298,49926.95099724271,-232.0,-87.0728150235118,-254.92293059635267,-209.73982559962678,-119.32983142745434
762,49296.0,49856.88665178915,49346.18194288242,49583.55845891984,49783.16871567739,-536.0,-78.83015439584051,-484.1523578920278,-273.52783463321975,-119.42384578144629
763,49344.0,49783.153050829154,49351.66745587439,49453.80985374654,49688.10330567982,72.0,-66.91946053831998,43.82279236391696,-74.8436783000252,-77.86024471358542
764,49440.0,49723.04773071251,49433.82752761025,49433.87110231979,49627.44822625022,80.0,-51.96592495406367,51.2977097871335,-23.003200266855856,-51.28266811708818
765,49504.0,49679.22120092103,49454.26287544866,49407.80345321283,49585.53796944564,-280.0,-34.87297234520884,-228.2502749183186,-74.165922500546,-37.833358332292846
766,48880.0,49653.30178602209,48977.32697777361,49285.5392573187,49551.781509585635,320.0,-16.71940108236595,295.2351742859719,80.50543276521421,-0.16738438072570716
767,50144.0,49645.782398756295,50044.7332240206,49568.81431874326,49585.20320068419,8.0,1.3723391857893148,-5.846794866316486,-4.317779203807731,5.481851132764859
768,48896.0,49656.04646439367,48965.63338804098,49276.90369891108,49562.745211851165,-504.0,18.365134840783867,-439.5499176513731,-101.45877037663013,10.879271759531548
769,49136.0,49682.51266843786,49165.633388717855,49365.89677799,49606.961744203254,520.0,33.42379360240011,452.2616020982023,203.94146807390644,67.76461956225103
770,49936.0,49722.89405159847,49870.156592237385,49684.786635058896,49698.27445097567,256.0,45.992730885634955,271.2115068744206,193.28317459834943,79.42642932119634
771,49648.0,49774.49813020913,49708.0564024667,49752.4631271867,49765.81460284565,152.0,55.82905560105064,138.18182256280124,119.90805572114914,73.43088201226419
772,50240.0,49834.55216280057,50146.52023736299,49924.602746501194,49845.136215000195,-80.0,62.969905885580374,-67.82282835612205,14.440992565094348,59.578422904556646
773,49488.0,49900.43794198029,49572.41074575445,49781.345112316885,49884.97144865476,-152.0,67.66418496426195,-113.167912768924,3.414921974137542,59.68380608730513
774,49936.0,49969.8805327291,49920.18441182514,49931.43259044947,49964.503827174805,312.0,70.27962477737674,268.6957251963795,147.80377335731828,80.95756987878485
775,50112.0,50040.99719153505,50109.80219614721,50076.95265903152,50046.88658841233,184.0,71.18885187678461,178.6287650581362,127.99639809781002,79.1270906581376
776,50304.0,50112.25823648267,50277.44194194141,50187.42538664509,50122.75800849108,32.0,70.690728650643,34.84945550127304,52.18542093610813,66.80932050330739
777,50176.0,50182.37864883633,50179.50110714976,50181.32350090374,50180.505229418945,-96.0,68.96472706302666,-80.43529904284878,-3.4401352894783486,57.972482398810826
778,50112.0,50250.18769060872,50116.571343855714,50180.54511606613,50238.7029732887,-64.0,66.08529400466432,-40.07304401546571,33.49417319546046,64.5328925341928
779,50048.0,50314.54923684566,50099.355019118826,50248.31184729466,50309.57101448733,344.0,62.08356476991685,302.1700316880597,167.92265487585246,83.94659192299514
780,50800.0,50374.354820148554,50720.91140723183,50516.39042581784,50406.59615713469,168.0,57.023002504392934,163.50216344134242,126.27379143209328,77.35495050409736
781,50384.0,50428.59524185445,50426.35934600151,50500.859430158845,50464.280915495525,-128.0,51.084062290054135,-82.75533122274283,42.89871942043828,61.698804135605315
782,50544.0,50476.52294472866,50555.40074478635,50602.187864658714,50529.9937654059,208.0,44.596191216747684,186.04512271655403,130.42236682922157,65.01253818067562
783,50800.0,50517.78762428794,50798.44959143462,50761.70416381729,50594.305991856876,256.0,38.036899199425534,235.29680382136576,140.36838106721916,54.02752604381749
784,51056.0,50552.59674312751,51025.99435242908,50882.92462679315,50638.04881749354,88.0,31.97924201484784,77.51652313987142,34.68277637243955,22.845266511340014
785,50976.0,50581.74610831764,50953.48263771436,50831.06971656217,50639.996524879556,-192.0,26.972336965081922,-185.09852614290503,-124.32005194990052,-14.85246637000455
786,50672.0,50606.54141705768,50655.79730014327,50634.28452289335,50608.34388475353,-424.0,23.431698912336287,-378.69883685474633,-215.64293222214474,-34.835445888355025
787,50128.0,50628.60950614231,50196.08496400487,50399.78385211788,50570.325633102846,-120.0,21.549258361479588,-119.28751611407279,-98.60874471653369,-15.901969995535183
788,50432.0,50649.639933780636,50417.222267915124,50437.067033460284,50576.53994476246,192.0,21.248900780294207,147.2486434858656,39.8166980725473,13.441308897730778
789,50512.0,50671.1073077029,50490.5822509766,50479.41724826297,50597.20825089831,-72.0,22.214665629300725,-33.72876205553621,26.058838934171945,24.928718680766906
790,50288.0,50694.06926503924,50349.76474380405,50489.18471132863,50626.39738212399,192.0,23.981575511872506,168.006211847729,110.35981872997218,46.10900033188591
791,50896.0,50719.070458726645,50826.59467467206,50700.13688572292,50689.42625156208,128.0,26.025915670714312,129.8033042283023,113.02061725574822,52.7001820161895
792,50544.0,50746.121096380666,50609.371352260656,50715.225945840124,50731.79774615637,104.0,27.8740362178105,109.63343889186945,100.70203303726521,51.76138190210986
793,51104.0,50774.818531162266,51045.8615524558,50901.54095179745,50792.9490153663,176.0,29.198948468219896,145.79796247412014,85.08548185605105,45.598719978243025
794,50896.0,50804.518993317106,50900.967277208896,50885.396909552226,50822.99518611286,-160.0,29.842126890867803,-120.05788920240593,-21.44558746911207,26.395930052203767
795,50784.0,50834.502784944,50805.745774050985,50858.64977685922,50845.74087547071,24.0,29.788524731251528,13.50736709699413,10.577755736612744,25.832733131381246
796,50944.0,50864.09604277961,50927.982011402884,50906.55242102545,50874.66065237562,40.0,29.12419129954651,42.14629436633186,29.17885467895394,25.45280952369285
797,50864.0,50892.751167543094,50890.03836278365,50917.00748621713,50896.64649451809,112.0,27.981689849308168,92.24816529901,36.95880830024544,23.618166868382104
798,51168.0,50920.059422478225,51112.478342000904,50980.47003762594,50921.896986112384,-64.0,26.48908628223944,-55.16831077822644,-30.30242977821763,12.945340899907023
799,50736.0,50945.72934010757,50779.701741227196,50856.402626660696,50922.53717631791,-112.0,24.754679378242145,-114.26789463774185,-63.86609763490196,9.96704902141937
800,50944.0,50969.56878123471,50883.94255272542,50852.73784235614,50941.83108415522,-272.0,22.873091491699597,-244.21749610620463,-49.29586312648826,19.185462045075838
801,50192.0,50991.47552309097,50291.26674901479,50757.81090040772,50960.90810040806,384.0,20.95903359708973,371.3827765734568,187.97850825544083,57.52242127323916
802,51712.0,51011.48684842889,51626.708105872334,51228.69485886702,51056.8759267017,528.0,19.179325918423274,489.4281222406098,229.2313878928071,63.211622628728946
803,51248.0,51029.83417492782,51270.12299349601,51216.273676193334,51087.331345665516,-296.0,17.759815697849263,-245.97014489628054,-28.28434457701951,22.42198624708908
804,51120.0,51047.00647982459,51134.76781607977,51172.12616971298,51101.71989919588,-64.0,16.979914934705448,-61.51609701738562,-18.08442162385836,13.474548490157758
805,51120.0,51063.79400479723,51147.090799461235,51180.10483294562,51114.28044264583,192.0,17.121871853607445,147.7769806876422,38.03107970543715,12.274565582243667
806,51504.0,51081.2502235318,51430.32177745506,51248.188329123856,51126.26903036037,-96.0,18.407255318568787,-85.16013473091152,-59.82233925982655,-6.8979607674446015
807,50928.0,51100.60851543437,50976.77052999941,51060.460154425964,51100.48452111094,-240.0,20.922479185977863,-209.6985974585732,-121.49809748491316,-17.160283193879877
808,51024.0,51123.09518190376,51010.92458253791,51005.19213415403,51091.94846397261,8.0,24.565147444624017,-31.223034771926905,-64.67195319491657,-5.138633939703141
809,50944.0,51149.738810323615,50914.32446045556,50931.11624803613,51090.207253231536,-296.0,29.036966761083022,-244.9778198045642,-80.51776209983291,5.569151920502918
810,50432.0,51181.169115425924,50520.96894292878,50844.15660995436,51103.08676781361,232.0,33.857880071678665,214.82385590284684,119.11866689541057,46.43385297275745
811,51408.0,51217.45457046697,51343.97217226125,51169.35358182695,51183.07495917705,352.0,38.42850717163674,339.5294318530323,205.87376278606462,68.74193932229173
812,51136.0,51258.0261297692,51200.02780663485,51255.90413552649,51240.570646458196,304.0,42.11918063027406,286.3805473466018,146.50262146278328,62.724219604057
813,52016.0,51301.69293172752,51916.733266954456,51462.35882475252,51308.523398385165,-280.0,44.376416296512616,-262.3805775036053,-70.36589839771113,32.578921846226876
814,50576.0,51346.77896236222,50675.26665162764,51115.17233873107,51305.72849015065,-416.0,44.80942135645455,-366.36655572739255,-77.60031665591305,33.69151627301471
815,51184.0,51391.31177444043,51184.00015549967,51307.15819144069,51375.906430931194,680.0,43.26135503100522,594.8359204280896,253.564948429972,79.77326232710766
816,51936.0,51433.30167242423,51864.938492483816,51622.302235591014,51465.275014804865,224.0,39.84247553547175,233.32885168096254,158.29516194582538,65.83233461391137
817,51632.0,51470.99672551137,51650.657858861596,51623.74851533234,51507.57110015902,-152.0,34.9173451753195,-120.99133931422693,-2.679462592499476,36.07464036210149
818,51632.0,51503.13636277487,51622.95581385536,51616.943310406015,51537.42429552907,-80.0,29.058361315146612,-72.92297572943062,-14.333549723323813,25.124410146505397
819,51472.0,51529.11344814167,51504.811907402735,51595.081415885696,51557.81992045203,48.0,22.954885315346473,45.91563056103405,39.678813422531675,24.686620945562026
820,51728.0,51549.046133405565,51714.78707497743,51696.30093725108,51586.79753742019,152.0,17.303693667076004,143.9105424618283,85.36998999092248,21.917493839173403
821,51776.0,51563.72083547582,51792.63299232639,51765.82139586754,51601.654908130375,184.0,12.70631027752097,161.01087898092374,64.43115655022848,6.1401161167013925
822,52096.0,51574.45875396061,52036.80883293928,51825.163250351536,51599.077769653595,-40.0,9.584330462210346,-51.77999469070346,-76.0765203402334,-27.42324999410266
823,51696.0,51582.88949640024,51689.073002944984,51613.668355187074,51546.80840814217,-408.0,8.127907253638114,-382.37081526937254,-252.6607175709214,-59.72894110431298
824,51280.0,51590.71456846788,51272.06720240053,51319.84181520969,51479.61988744497,-496.0,8.28623353074363,-457.7198122135669,-273.90563237254173,-57.207526324953506
825,50704.0,51599.46196346173,50773.63337851785,51065.85709044199,51432.39335549226,-168.0,9.816996602068684,-149.21690762166327,-73.05617954670379,-10.806864178095566
826,50944.0,51610.34856167202,50973.633387157206,51173.729456116285,51458.00615908878,488.0,12.3658619316775,434.7310285937165,222.73709373244128,51.31311155095682
827,51680.0,51624.19368732508,51643.09543570528,51511.33127790687,51535.019578594176,416.0,15.55286666037864,398.37514290614854,253.26746074402035,69.76439843510525
828,51776.0,51641.45429499278,51770.3836729695,51680.264377604326,51597.53495595899,88.0,19.04951613006051,99.20660211173163,121.0652884996125,53.592125162766024
829,51856.0,51662.2927195852,51841.50863992875,51753.4618549061,51642.20382891971,0.0,22.61092903304234,-1.331833397027367,21.92840475482444,33.97906440669976
830,51776.0,51686.67615305886,51767.72000617545,51724.121187113975,51665.49308477239,-128.0,26.094197840586276,-115.1886028760564,-55.280074235131906,17.763910091303842
831,51600.0,51714.481115266375,51611.131434176634,51642.901706435834,51677.731649102316,-112.0,29.43375920809558,-100.93140111564935,-59.768627460227435,16.12514678503794
832,51552.0,51745.543671475054,51565.85720394415,51604.58393219352,51697.743378342464,48.0,32.593319599091046,24.01178948825691,-12.025808145557676,27.29889815727438
833,51696.0,51779.66775446456,51659.15501315315,51618.85009014472,51732.329445416864,-112.0,35.53518667211392,-90.92712502527866,-24.308796976438316,36.402539345242985
834,51328.0,51816.61404481928,51384.00295389359,51555.96633824064,51770.54845703295,-16.0,38.21019770683415,4.862710208417411,51.09941721625,60.34643446773407
835,51664.0,51856.088149878226,51668.88043356998,51721.04892457722,51853.02231435233,352.0,40.5644233511448,309.27964752631306,193.60704862518105,91.92497303699929
836,52032.0,51897.74289152157,52002.56224894622,51943.180435491005,51954.39840310695,184.0,42.56788278235035,186.49306010733562,177.72172865928587,97.49600890996226
837,52032.0,51941.223915442926,52041.866553784654,52076.49238189579,52048.01433217226,56.0,44.225303005569,88.63707376172533,155.55813735268384,94.41664567392218
838,52144.0,51986.19349753271,52179.83639646967,52254.29671019637,52143.23169445479,520.0,45.57644692368922,465.4333415330111,232.95268339876566,95.1789470052754
839,53072.0,52032.376809290305,52972.733236850676,52542.39774869332,52238.37222618281,-64.0,46.689130818176636,-54.434840039379196,23.29991284360949,53.459143037158356
840,52016.0,52079.57175916906,52070.96671639091,52300.89653588359,52250.14998052911,-496.0,47.620567924997886,-424.21659033113247,-99.05294486793719,23.485253372753505
841,52080.0,52127.6179451403,52124.30005618841,52344.29185895745,52285.342732928315,720.0,48.38140189065962,642.8832514450514,175.54125255258623,45.45988904562182
842,53456.0,52176.33456295038,53356.73321928101,52651.979040988765,52341.06975862035,-328.0,48.91704572006347,-303.84270531314905,-170.3705293967687,-0.01948637694658828
843,51424.0,52225.45203658043,51516.61464556211,52003.55080016391,52285.30376017442,-752.0,49.10728880267925,-705.1530118029914,-282.60560882043865,-12.70081043720711
844,51952.0,52274.54914055574,51946.42719567503,52086.76782334789,52315.66813774594,464.0,48.798229077463475,401.9485284880793,150.60093485792095,48.54778445881311
845,52352.0,52323.048494735354,52320.51170253827,52304.75266987975,52382.39932909205,192.0,47.86515681224773,216.64301955461997,194.36118147174057,68.25115780071064
846,52336.0,52370.279454180236,52379.71323478427,52475.49018629137,52452.17045334736,408.0,46.2834560383053,390.260788954758,240.48260955730075,75.5796469226807
847,53168.0,52415.615406811965,53101.03328044779,52785.71788899435,52533.55862293741,312.0,44.17214343053638,273.9933651150495,119.08664720016168,49.66610073691845
848,52960.0,52458.62374104131,52927.69996501437,52713.66348069169,52551.5026548212,-624.0,41.81529084875001,-540.883286484659,-195.2226679568157,-2.480835375150491
849,51920.0,52499.245988509465,52019.26670747847,52395.27255308072,52528.59695218711,-184.0,39.6398198994757,-180.47990669320643,-80.75465107060518,7.5241449752647895
850,52592.0,52537.90338084026,52566.74015162796,52552.15417855048,52566.55094477173,464.0,38.14963603311844,395.6041849620051,136.95871474500382,36.68153982320291
851,52848.0,52575.5452605757,52810.47507740248,52669.18998257073,52601.960031833514,56.0,37.85899580212936,56.11031278691735,27.630795305609354,23.107088653465325
852,52704.0,52613.62137244452,52678.96077720179,52607.4157691617,52612.76512207866,-304.0,39.19837084487517,-256.71041419170797,-110.06632882817576,6.24334634907791
853,52240.0,52653.94200226545,52297.054249019064,52449.05732491438,52614.44672453167,-96.0,42.43518995445265,-96.63528308739478,-53.82978179013662,20.403938679592102
854,52512.0,52698.491752353424,52485.690211027,52499.75620558143,52653.57299943784,64.0,47.618638179133995,57.08701714293784,44.576983457758615,46.204924878067686
855,52368.0,52749.17927862372,52411.22828330494,52538.211291829895,52706.856574287805,128.0,54.56521744391648,141.6794888026525,123.56073216341974,70.22640356434931
856,52768.0,52807.62218724126,52769.04918863231,52746.87766990827,52794.02580656654,424.0,62.86336235699855,363.0668484889102,198.10521303250425,88.4705226070655
857,53216.0,52874.90600333772,53137.36198028276,52934.421717894904,52883.79761950194,-56.0,71.90156486541673,-24.877306935741217,46.75490693408938,73.1616939104897
858,52656.0,52951.42531697209,52719.294574760825,52840.387483776445,52940.34919438752,-128.0,80.91610131029665,-101.59453171779387,-1.8404922302397608,70.76903460496032
859,52960.0,53036.73820595831,52934.17291684717,52930.740733434424,53025.33568871186,112.0,89.05368954769074,85.7429263221893,75.7236163751877,88.25327875993389
860,52880.0,53129.53269606747,52890.7804274052,52991.83471652682,53116.85575190739,-24.0,95.4625469869643,10.509647584058257,117.01134135581015,103.3628507908943
861,52912.0,53227.66329993224,52955.19221201529,53164.763416146045,53232.061390293646,536.0,99.3724556974048,505.7930911041949,299.31040769225,131.2087079009434
862,53952.0,53328.27760746228,53902.36660961359,53590.45553191132,53379.273167709274,520.0,100.19659575024343,473.5871992485954,244.91988172093625,118.57543580109268
863,53952.0,53428.056491432726,53902.36661051248,53654.60317958792,53469.21226189583,-472.0,97.61670788684205,-402.36661038938837,-84.55076252944855,65.79970728134504
864,53008.0,53523.511023235966,53097.633388834816,53421.35400685242,53510.872582271964,-232.0,91.63959030610204,-202.36661365293548,-26.57216930927825,66.8039494897348
865,53488.0,53611.33567204493,53497.63338320661,53601.45884096936,53602.8201608753,512.0,82.6114089599032,450.80556389332924,236.83425460161743,97.68858664709842
866,54032.0,53688.73384115577,53999.244516621475,53895.02251605566,53706.24975556616,344.0,71.16805158942225,335.19506303377057,225.07493311412327,87.14208246917042
867,54176.0,53753.671775223775,54168.02350927415,54051.60870719761,53777.10432581364,128.0,58.14993275991583,128.89653902344435,94.39054474075601,50.909786538159096
868,54288.0,53805.033706675604,54257.03759466836,54083.80360553717,53808.06932864248,-56.0,44.470492958746036,-65.79794126399065,-69.90329889185159,6.968469260966231
869,54064.0,53842.61276114127,54036.42762674617,53911.802109413904,53791.041264335574,-592.0,30.997708240916836,-526.8854327406661,-248.10044141631806,-30.67600109013074
870,53104.0,53867.02912315744,53203.26672918703,53587.602722704534,53746.71732646222,-104.0,18.462916872638743,-104.36382753323778,-82.3980253571026,-12.188071550241148
871,53856.0,53879.538594886544,53827.69997167969,53747.0060586997,53766.66512123509,504.0,7.379077544097527,418.88327534971177,104.90636534501027,15.481050834623602
872,54112.0,53881.78727824563,54041.033279886455,53797.415453394555,53777.679428131465,-520.0,-1.9608417070521682,-456.2165954490338,-106.88287860786295,-5.701721697048924
873,52816.0,53875.61691147244,52915.266780781625,53533.24030148397,53755.261677840994,160.0,-9.447345604661677,150.80277654486417,94.44499883140816,24.545333601574384
874,54432.0,53862.89258703631,54342.63883297618,53986.30545105737,53826.770095334614,520.0,-15.111214270873461,515.0471484219852,230.2178751020765,41.2469222603504
875,53856.0,53845.39448293069,53945.361077625595,53993.676051688126,53837.755522361695,80.0,-19.047119609436777,75.04726817007395,76.20862647482136,10.073203145169828
876,54592.0,53824.798347817436,54492.73336931633,54138.722704007014,53846.91650162495,-32.0,-21.36726833627472,-75.62225051152564,-81.59199567760515,-28.093195655499585
877,53792.0,53802.65994625814,53794.116576602544,53830.492060332916,53781.569131050695,-680.0,-22.17785856874616,-586.8921563098629,-288.98461350764046,-65.8689140217175
878,53232.0,53780.44263067994,53318.949056696605,53560.75347699173,53715.17867358152,0.0,-21.569169343714748,-40.42223642290992,-105.36184484531987,-42.23152379010571
879,53792.0,53759.521607570714,53713.272103756724,53619.768370642276,53697.106083470484,8.0,-19.643645692394784,0.6835658437448728,-27.10092102831186,-22.81728593750813
880,53248.0,53741.155339295154,53320.316188384095,53506.55163493511,53669.5441017065,-72.0,-16.554861329714186,-31.37497345214433,16.05908176038065,-6.484776678658818
881,53648.0,53726.411884911286,53650.522156852436,53651.88653416304,53684.13653011317,408.0,-12.543042192512075,342.81675273052315,147.27816630945017,16.39925491232134
882,54064.0,53716.06925491013,54005.94969384514,53801.10796755401,53702.342611531145,80.0,-7.97238102684787,65.17600621842212,17.775417167980777,0.12321199453799636
883,53808.0,53710.46712285759,53780.87416928928,53687.437368499,53684.38295410224,-456.0,-3.3366845364616893,-388.96292390688905,-173.95191480551148,-24.140509723791183
884,53152.0,53709.395885837206,53228.02384603136,53453.20413794299,53654.06159208356,-144.0,0.7909106523620721,-144.47284730365936,-83.63116158451885,-5.218282414502028
885,53520.0,53712.048944162314,53491.92847468196,53520.17504532996,53673.94638927324,136.0,3.82193580461535,123.54700206041525,67.05843005195493,27.582116653338744
886,53424.0,53717.03975744644,53475.11785015219,53587.3209980469,53709.22582539024,272.0,5.246643025606318,238.77862623121837,148.80645174038,49.540727386513026
887,54064.0,53722.54223021353,53969.4857271444,53817.78794881072,53773.027844046264,0.0,4.755621656404401,21.7965127141797,107.3609251691887,49.25341085833861
888,53424.0,53726.551000759246,53518.71087558055,53802.042848385274,53807.73264710692,272.0,2.3399695224288735,272.34971320303157,173.27632376718975,53.891435415996966
889,54608.0,53727.222169258384,54514.18515355046,54164.3405963451,53880.81071487826,296.0,-1.6638993404376379,276.8298588581092,140.46804613237327,36.71860351525538
890,54016.0,53723.22320207837,54072.37059329677,54082.97894065002,53881.16985413743,-184.0,-6.596313806647231,-159.96159376982177,-47.87218537006629,-6.38236803395921
891,54240.0,53714.02954164509,54194.26196601082,54068.59622560497,53868.04597881034,-88.0,-11.564187154017418,-106.7987972318515,-100.08460224256851,-31.72157638657154
892,53840.0,53700.094827770336,53858.77299883307,53882.80973616488,53817.726701364285,-256.0,-15.595858593023877,-241.6239730123889,-164.3816213576465,-51.432942377839936
893,53728.0,53682.83782445904,53711.01401998604,53739.832982889675,53765.18009405466,-264.0,-17.813083502191148,-232.68887891684426,-137.06026183036738,-50.68760260689305
894,53312.0,53664.46866076595,53393.39524099938,53608.68921250415,53716.3514961505,240.0,-17.592173810269742,198.8596268707406,17.200835866548005,-28.611023096636927
895,54208.0,53647.6534768385,54108.73327372752,53774.23465462277,53707.958047861386,16.0,-14.677907579120074,-9.880938881724433,-51.33723056999224,-33.395545896044496
896,53344.0,53635.11284560771,53373.63336323593,53506.014751364164,53649.56040435841,-552.0,-9.230255374113767,-467.54995492497983,-187.2125275765211,-43.11962328505615
897,53104.0,53629.192966090275,53173.63336387756,53399.80959946973,53621.718801291274,344.0,-1.7803888329181063,279.54996014591234,41.699647840425314,-1.9556630025690538
898,54032.0,53631.55206794188,53932.733283527756,53589.414047045015,53645.64907835327,-144.0,6.881415441792342,-129.18335345507876,-31.68852890220296,4.612730979657499
899,52816.0,53642.95579697386,52915.266656967404,53336.43254166532,53630.94426325059,-296.0,15.840427110866585,-246.36658777554476,7.234765452969441,26.042398059846164
900,53440.0,53663.23292216361,53440.000107976666,53603.88357795095,53697.733874472964,936.0,24.2083643767146,836.7332675109719,349.392825261104,79.67630494602781
901,54688.0,53691.37252572729,54588.73319198935,54035.21819218753,53790.296873142644,40.0,31.250877436530573,82.38990968785583,104.94371033034986,47.67784232680788
902,53520.0,53725.73467703667,53604.77992735238,53813.77099861165,53793.08955912658,-344.0,36.471443652288144,-316.2439735420958,-74.56169427005443,16.447163940265455
903,54000.0,53764.315413031865,53956.245244905156,53886.09480364742,53823.191201023175,176.0,39.628507986588374,132.69154207856627,15.371206859475933,21.26120194775649
904,53872.0,53804.99169300985,53870.16301150951,53844.513412330605,53835.61196302209,-104.0,40.72898888539203,-95.26717584807193,-55.324685151510494,10.6013601500199
905,53792.0,53845.77339080265,53765.71089320901,53775.4454333444,53844.393921323215,-280.0,39.98027333718346,-235.8976522554367,-77.34526231400014,11.401654367284209
906,53312.0,53884.952239684215,53398.36770699864,53689.822887702605,53858.41527175666,136.0,37.71929745527814,142.03910844344136,103.2888982095028,41.342114021277666
907,54064.0,53921.211985713206,54049.789110095895,53982.02322976341,53927.07814936577,576.0,34.34830329383476,502.8231939160687,251.21195694250127,61.81678507739707
908,54464.0,53953.648846271884,54404.014094830774,54192.24680158761,53982.048841911455,40.0,30.284558031773486,54.2954588887369,74.34697261801193,30.87313464125691
909,54144.0,53981.78110177675,54158.38002787337,54130.71717499943,53988.824418648284,-208.0,25.92095280479407,-173.73392759055423,-68.17103908846912,-0.9832023307571944
910,54048.0,54005.49075188147,54056.546239649666,54055.90472341067,53980.08243724994,-32.0,21.577009525753965,-59.1025899753804,-70.86008988342655,-12.137859535843745
911,54080.0,54024.93512082826,54040.17484792261,53988.99699523258,53964.5486995766,-256.0,17.470043773239013,-215.4971521140178,-112.40923056179963,-21.30630269451649
912,53536.0,54040.43083942795,53625.55193542163,53831.08626228707,53937.46983186091,40.0,13.715229423200071,33.13676460717761,-10.367601801972341,-7.00537612264452
913,54160.0,54052.36557967466,54106.44837713696,53968.26179162863,53950.53794733131,280.0,10.320538245679927,213.13832740015278,41.30642515587897,2.595012836969545
914,54096.0,54061.07191591931,54051.828590221936,53913.69911259883,53942.65985753485,-520.0,7.194017510795675,-443.5907969376203,-145.71312273039075,-15.54509691972271
915,53120.0,54066.75361469625,53219.26678326172,53676.83554616785,53919.44775349186,-24.0,4.170077685317665,-1.9143059262532915,41.554206652952416,16.760283631610946
916,54048.0,54069.412071289946,54047.99997836943,53996.80752590473,53976.18042479807,856.0,1.0409650819492526,756.733234658197,294.37574268924436,53.14169254610533
917,54832.0,54068.83554486015,54732.73325257812,54265.58703154634,54025.73113858407,-280.0,-2.382335226429859,-230.36662159776824,-14.426978585222969,9.237270715213526
918,53488.0,54064.647400837086,53587.26673517389,53967.95356873429,53994.654966228496,-112.0,-6.211139702936634,-111.99998143421544,-57.65667844491327,-5.743424044158019
919,54608.0,54056.41326545428,54508.733289709686,54150.27367465651,54014.24429049576,-24.0,-10.454776776834478,-24.000029526545404,-46.543056749520474,-10.098461207948276
920,53440.0,54043.73784728342,53539.2666761208,53874.867455235246,53974.4580438126,-224.0,-14.975746500640525,-197.9620193503979,-57.97249180364088,-13.063344492526085
921,54160.0,54026.461772452996,54112.80925100889,54034.32869104923,53988.117601510705,360.0,-19.482309987655754,298.98417620892724,96.62558133860148,5.0654377736354945
922,54160.0,54004.773227308106,54137.23502853866,54068.11861791245,53984.58891935987,-136.0,-23.5798446975532,-89.39907977695839,-12.150764180561964,-12.299236182836466
923,53888.0,53979.30208305789,53934.01109145497,54010.02716268811,53963.51912914503,40.0,-26.81019735827431,26.83152019120098,2.9221261197162676,-17.29383375759062
924,54240.0,53951.15283259156,54190.89806892106,54073.96287015188,53950.00125184469,24.0,-28.736175559050025,11.377322071366507,-19.082857460289233,-28.017814708106016
925,53936.0,53921.82973193979,53956.765735597706,53971.86144776753,53907.48349972882,-168.0,-29.023206197725813,-130.30365533483564,-84.1706985005876,-43.943577129430196
926,53904.0,53893.106420196105,53930.29075825139,53905.621473150706,53862.11409758583,152.0,-27.488849636349187,104.97881391063493,-65.42923804146267,-47.46369726369812
927,54240.0,53866.85203266709,54166.723363418976,53841.002971684604,53812.55610520142,-544.0,-24.131522162162582,-507.51202076534173,-264.1170156238077,-70.93018712433332
928,52816.0,53844.84337587178,52915.266716720704,53377.38744190309,53720.25372333716,-376.0,-19.13582858231166,-366.0422381710523,-182.921808829964,-47.08969569740657
929,53488.0,53828.58037550247,53434.63888707687,53475.159354024676,53718.37671380661,264.0,-12.84425353534607,241.0472238446382,91.35158913392661,9.641826159782795
930,53344.0,53819.15486880109,53397.36116440998,53560.090620170944,53739.53737565673,264.0,-5.691127331832831,277.9169271889514,192.97657623173654,40.93753063294935
931,54016.0,53817.1981208388,53990.472741454774,53861.11250648815,53800.25177507251,472.0,1.8402988185589493,417.086456512734,223.57813956127575,49.926988169409015
932,54288.0,53822.835466438206,54231.53407743545,54007.246899293496,53839.391351995546,-56.0,9.24308189740259,-41.26827684210002,5.757842452097975,16.709144522810675
933,53904.0,53835.68428463361,53907.936187770574,53872.628191392345,53833.67006411813,-336.0,16.007814630251232,-303.91695081198486,-150.30461220498182,-9.237784671506233
934,53616.0,53854.85109569871,53623.70017581148,53706.63767488353,53820.91578265253,-272.0,21.6255940039664,-245.73513290169285,-120.67167906704708,-2.5084923329704907
935,53360.0,53878.93547264154,53416.46592196719,53631.28483325825,53828.65307945219,72.0,25.596008899930894,75.09535599166702,60.28957500384058,31.16995077226602
936,53760.0,53906.04311349857,53773.89088779481,53827.21682489121,53883.255684197065,648.0,27.46028908902008,570.1336533493122,229.54040407856883,60.76538895472913
937,54656.0,53933.85605081958,54556.73322866581,54090.36564141539,53950.18385736165,-208.0,26.864764656602347,-174.12875033616,-19.668362768126826,31.63736603266443
938,53344.0,53959.772642811775,53425.63338712249,53787.88009935496,53946.530416262394,-464.0,23.651907193103398,-405.5499199422229,-80.5454923829493,26.473079713861807
939,53728.0,53981.15986520579,53745.63338878137,53929.27465664949,54003.13001678937,528.0,17.936518727216026,480.44170828070855,242.0318856192789,70.35610136645118
940,54400.0,53995.64568026621,54386.51680368391,54271.94387059352,54087.2426189953,552.0,10.14569790065434,501.1926706070735,278.6411492407824,68.47473315568641
941,54832.0,54001.451261007096,54748.018729995514,54486.556955131055,54140.079483100744,-96.0,1.0179484930631588,-58.404423710799165,41.89156210306464,18.240838260484452
942,54208.0,53997.68157725233,54269.70795626231,54355.72699479965,54123.724295516266,-224.0,-8.49240997403831,-169.77099242165423,-56.96646293158847,-20.568972808661783
943,54384.0,53984.46644105902,54408.476745152206,54372.62402926788,54098.94153748342,336.0,-17.372191542905057,261.1525146509157,11.209049102169956,-39.035681158678926
944,54880.0,53962.93719416652,54792.01298556414,54378.14509300399,54045.65293319891,-520.0,-24.70945599586048,-508.0883446283078,-328.4819938125329,-95.00595762456578
945,53344.0,53935.0475290673,53392.30005589559,53715.66004164281,53908.92962223429,-776.0,-29.86019065302753,-706.5231373296192,-393.5794264891265,-108.47682985290157
946,53328.0,53903.21681286047,53378.966710904904,53590.98624002573,53828.699273493105,312.0,-32.55077304590304,250.79983592695135,6.819318395784649,-55.19538506653407
947,53968.0,53869.94598297549,53893.89972774949,53729.29867843438,53798.53885210122,168.0,-32.882831774884835,135.13202919896503,18.961777625841933,-38.63347878681816
948,53664.0,53837.4511493107,53649.230769302834,53628.90979527742,53751.43231591947,-400.0,-31.257022041769233,-318.5151119324946,-117.93398551825885,-42.73492038578115
949,53168.0,53807.431938891954,53256.8695038845,53493.43070739786,53713.06901132966,80.0,-28.25117626179417,64.6445984727361,27.236265819377877,-11.109854023328808
950,53824.0,53780.94879678711,53778.51996624831,53683.38232691617,53729.21260787281,344.0,-24.462551246255316,281.591949136764,119.64278297639612,11.404226936792838
951,53856.0,53758.50683639944,53820.05340215803,53732.716273350656,53735.877465203244,-192.0,-20.367796576472756,-138.19955330010634,-12.307916890196793,0.6587305905959511
952,53440.0,53740.213203634165,53502.120859648094,53658.76649313578,53730.530069054,-32.0,-16.25130595101291,-7.32824426946172,35.433466353020776,9.179107303458295
953,53792.0,53726.00422449742,53805.39691361911,53803.5832060567,53754.23567981016,448.0,-12.198428690349829,370.26062206656206,150.6083159492664,21.81739474666756
954,54336.0,53715.816346253465,54242.64210378122,53959.98312503431,53774.16485854734,-48.0,-8.148763373952534,-44.559569318196736,-31.608518505232496,-8.16257833545751
955,53696.0,53709.70669774951,53716.277774982715,53740.36616904623,53737.910523139246,-472.0,-3.9792653927033825,-409.9601754985524,-197.4338714649639,-34.15880925113015
956,53392.0,53707.85781546806,53422.72175278411,53565.115382104384,53705.84724004508,-152.0,0.3984299953081063,-139.94725827803268,-88.69309588965916,-16.37092109191144
957,53392.0,53710.50355774013,53436.38325842665,53562.979977266914,53705.16868095542,288.0,4.961368895863416,235.57779777578617,83.35458379599004,14.979874958113214
958,53968.0,53717.780553259785,53893.877348335685,53731.824549696365,53735.806989961304,104.0,9.54874658335757,86.88083158746304,50.75684727762928,19.028658503943007
959,53600.0,53729.601050906844,53610.144921601575,53664.49367182217,53743.22599796331,-304.0,13.869342314341338,-233.00781872622247,-35.08404196310585,14.580307900174375
960,53360.0,53745.51923788847,53427.86171088324,53661.65646577015,53764.96760576165,392.0,17.567444803837134,338.06468972655784,147.99102683305318,41.989988086425
961,54384.0,53764.73594051452,54286.27430105469,53960.47572548828,53827.20597413616,208.0,20.295291954003915,188.74474941622975,87.05712246226904,34.3986670813174
962,53776.0,53786.109821796475,53805.3512097157,53835.77071069469,53833.76493992429,-408.0,21.791438178264798,-334.16704276048404,-94.81965944624244,9.447212784340081
963,53568.0,53808.31881687105,53617.94021553372,53770.836406595794,53846.10039970484,80.0,21.95617401344134,62.29008348665229,36.483899199003645,26.24047976579095
964,53936.0,53830.02216982336,53929.931376689005,53908.7385090927,53886.24589945587,344.0,20.864395889359002,281.6480446002897,124.27135704324974,37.657794723825646
965,54256.0,53850.047608649766,54181.2363047343,54019.37912068229,53921.41598915249,-176.0,18.75780451249375,-123.33246099907774,-7.669828069254436,18.44088915424436
966,53584.0,53867.537778848346,53683.26645469085,53893.39885295419,53923.12767776436,56.0,16.001809894554754,59.23188266970101,28.719158748990594,18.668072500087874
967,54368.0,53882.051228438875,54299.700070073704,54076.817438180275,53958.752134152666,280.0,13.009839471564192,214.88341920837775,37.82730431622258,15.162063095940539
968,54144.0,53893.557457791474,54113.033293107605,53969.053461586635,53953.45180395624,-568.0,10.158337684009894,-485.65560576604184,-195.2372458003265,-14.827739998618199
969,53232.0,53902.367903806895,53328.38885854162,53686.34294657962,53929.09665415543,-152.0,7.736532492537663,-158.5448475199264,-55.53904171720205,10.499682906967791
970,53840.0,53909.03052277655,53795.94359806775,53857.97537815223,53974.451169770175,272.0,5.895243537368515,247.27272986489334,180.6201206487276,52.0770741032502
971,53776.0,53914.15839088163,53822.93431827141,54047.58318787708,54033.25080236193,728.0,4.619046670541138,700.3948107249671,325.3994036633849,71.66217270984998
972,55296.0,53918.26861611763,55196.733219517686,54508.774185479,54117.775515189875,80.0,3.7631835610882263,89.96067450927148,67.57809034142338,25.61348858743804
973,53936.0,53921.68475800381,54002.85566728995,54182.73936855992,54084.477779536806,-528.0,3.098591417485295,-510.82739061684333,-202.66513263911474,-25.873846676226094
974,54240.0,53924.4657989526,54175.078438284,54103.44392020077,54066.02782183742,-152.0,2.362706935229653,-152.38503758596562,-147.5734882587676,-27.148566607513203
975,53632.0,53926.41017187427,53698.08559211802,53887.59239204239,54030.18064632178,-168.0,1.334838745646266,-146.56488557587,-88.05533213718809,-15.938143199553451
976,53904.0,53927.135476443895,53881.94866713226,53927.333255926394,54034.151535438315,80.0,-0.12694516004921752,73.60641067555116,51.40749184719971,10.478465888449136
977,53792.0,53926.15628155417,53845.29841346912,53990.40737573679,54051.13757809868,344.0,-2.0437168462194677,312.6608396219308,162.27780767879085,29.942921565299912
978,54592.0,53923.048042751456,54507.27034637612,54251.888871283976,54094.037378568915,176.0,-4.299033536481147,155.5046388481278,91.42593118917648,18.00166939867995
979,54144.0,53917.55821448121,54156.30769116538,54173.25923811514,54087.14091689604,-368.0,-6.667822572373552,-289.42419938385865,-64.00001411126868,-9.739415828076744
980,53856.0,53909.71239760671,53928.4219476084,54123.88884306144,54074.55854691276,344.0,-8.836293605680112,288.2127829856472,84.5740264770211,-1.6544426376349293
981,54832.0,53899.88562726985,54732.73325713667,54342.40729106918,54083.83203162077,72.0,-10.464654893021361,48.73082690134106,-26.277906457664358,-28.134913710957335
982,54000.0,53888.783087820666,54025.883601411086,54071.33303014611,54018.28871949085,-528.0,-11.266817795509269,-472.17366886050877,-235.40774585001782,-64.62887615538057
983,53776.0,53877.35199167883,53788.385919415654,53871.59179936915,53954.57427931001,-168.0,-11.038418233853008,-175.56808491718039,-151.94533109239273,-54.78572621533749
984,53664.0,53866.70625135296,53674.747431576725,53767.442367961325,53908.71726706017,-72.0,-9.672614477523894,-59.90132995528256,-52.42824742715675,-33.621148896825616
985,53632.0,53858.00676272378,53668.58325950509,53766.735304514834,53887.331981516356,208.0,-7.193819875690679,176.75212545380055,66.66058881092249,-8.618686467998486
986,54080.0,53852.31861160158,54028.251682484326,53900.76354558317,53891.479894124175,120.0,-3.741613682563184,100.92683540086728,44.41001385992058,-5.278092685977754
987,53872.0,53850.523535358654,53870.43693030682,53855.555332234675,53876.7757961444,-208.0,0.45966277708794223,-165.63010064338596,-53.43054723115711,-14.465308172548248
988,53664.0,53853.237937155754,53696.991481197554,53793.902451120855,53862.54927777908,-16.0,5.105369810011325,-8.488043121516966,3.298344446611736,-4.299054476370657
989,53840.0,53860.73427497868,53853.46084406379,53862.1520211279,53868.17768719166,272.0,9.819771452683199,223.77358318517872,79.32558057098504,7.037293772162229
990,54208.0,53872.87748006112,54144.53864756791,53952.553612262825,53876.6238653234,-16.0,14.187572196071415,-26.228958656331088,-37.32160273365298,-8.122628602086479
991,53808.0,53889.10941937082,53801.00292675113,53787.50881566059,53851.932429987486,-448.0,17.781697249407443,-378.5210870611336,-175.29038877194034,-22.494813836539834
992,53312.0,53908.440874559936,53387.496473445644,53601.972834718945,53831.63423765032,-16.0,20.201038720599172,-36.02408607727193,-40.549563582171686,5.683519545353192
993,53776.0,53929.51149681202,53728.95475459658,53706.40968849625,53863.29946907819,128.0,21.127174361321522,106.23205413386677,69.64169802542892,36.03020488177572
994,53568.0,53950.69522328258,53599.96058171338,53741.2562307698,53903.694647413875,-8.0,20.387332097365288,30.808735683665873,121.47465765845118,57.179910706377996
995,53760.0,53970.28616100675,53790.572225963915,53949.35900381315,53977.65929049095,536.0,18.008954914359492,499.6854170760853,302.78227494992825,84.84760760161953
996,54640.0,53986.7131331113,54599.33141586555,54346.82078066966,54073.389862617114,480.0,14.225581709353719,449.2036262234069,250.8721671913372,67.4000652570212
997,54720.0,53998.737324425456,54688.97947841073,54451.103338195826,54112.45942100499,-72.0,9.447817504729755,-65.45454540115679,-30.165773375916615,8.692529438125348
998,54496.0,54005.60876812076,54468.422325063235,54286.489233917826,54090.774921493365,-536.0,4.182445113794529,-499.4360005737217,-269.36948731908706,-41.9457534369576
999,53648.0,54007.102214653045,53690.107477263286,53912.36436355765,54028.567914131076,-464.0,-1.042296227933548,-426.78698894113404,-241.9426885813482,-43.17861165573413
1000,53568.0,54003.52417566489,53614.84834718097,53802.60385675513,54004.4176981819,216.0,-5.752013754918153,158.98260582253715,7.541421575042477,-2.329331040087709
1001,54080.0,53995.59818714321,54008.07268890836,53927.44720670774,54023.9092520509,24.0,-9.59174597121455,33.587786269206845,48.56695330647926,16.687016471551033
1002,53616.0,53984.34068372246,53682.02391971938,53899.73776336809,54037.791731125,-40.0,-12.32821604820856,4.070829407923156,114.15943834439531,34.97206563034706
1003,54000.0,53970.94175504679,54016.214347724206,54155.76608339653,54093.853383311594,760.0,-13.815609190423856,678.1713449234194,333.91136172670303,60.754321352174884
1004,55136.0,53956.70946534161,55038.36660956622,54567.560486821494,54159.30037382935,280.0,-13.964253978803754,271.0761313755538,127.57464683571743,16.61200920922056
1005,54560.0,53943.013247089184,54558.366610475314,54410.91537706796,54127.077401730035,-624.0,-12.735208364480059,-543.7251062512223,-231.18742121955074,-53.86910201280989
1006,53888.0,53931.23904861265,53950.916397063775,54105.18564438239,54051.56216980373,-216.0,-10.154045465147647,-237.31006855579471,-197.13691049437693,-67.33712343612206
1007,54128.0,53922.70515615889,54083.746473363724,54016.64155607921,53992.40315485779,-64.0,-6.366037608939223,-88.43755688141755,-144.22331026358006,-65.93885720304388
1008,53760.0,53918.506973394775,53774.04128330094,53816.73902385523,53919.68445539764,-272.0,-1.675958294817974,-239.49877355808712,-171.5330202963596,-64.73447669027155
1009,53584.0,53919.35323956925,53604.74892624755,53673.57551548649,53862.93420147725,-40.0,3.4292880537104793,-65.54772581566067,-98.3757506255024,-42.803543846530374
1010,53680.0,53925.365549502196,53642.94583166962,53619.98752260423,53834.07736770458,-160.0,8.280889006364305,-147.07393622982272,-83.59423158014397,-21.152965387442237
1011,53264.0,53935.91501758198,53310.601053787905,53506.3870523262,53820.628270702364,-136.0,12.126323598324234,-99.33950894218651,7.593055885074136,14.382316532904952
1012,53408.0,53949.618196698844,53444.266813785245,53635.173634374376,53862.84200077039,480.0,14.274483191151376,430.4825548586996,242.37339923536274,64.95583010654809
1013,54224.0,53964.463983964284,54171.566163505304,53991.13385079693,53950.53993091546,360.0,14.229850261552201,349.6474413114338,239.52714182101045,74.0249266908395
1014,54128.0,53978.07789722195,54143.56169640811,54114.2279180164,54010.89185415207,24.0,11.810769272724428,49.8040149433873,116.2080262276686,54.49651594421084
1015,54272.0,53988.08552250973,54271.17419339208,54223.549903252264,54059.53296280388,160.0,7.211717387996032,123.48346394435794,85.09693686200262,38.017756792007276
1016,54448.0,53992.50133199794,54390.52862429683,54284.4217917404,54086.92736773608,-216.0,0.9851351200741192,-168.0024476110848,-20.917215641660732,9.340773319006985
1017,53840.0,53990.05579274988,53935.16929816991,54181.71547196894,54078.214509441896,248.0,-6.039669593392318,227.1023370835137,68.1514162130079,3.1978671779070282
1018,54944.0,53980.421992811156,54844.733298463856,54420.72462416642,54093.3231020919,0.0,-12.907683330195141,2.0486677244298335,-22.628535719311913,-27.42525224540441
1019,53840.0,53964.24042608949,53939.26663361877,54136.45840053032,54023.36400495109,-144.0,-18.702794273114705,-143.99998000726555,-136.03702337094,-60.79089689325701
1020,54656.0,53943.01640426493,54556.733338449325,54148.65057742454,53971.74130830538,-216.0,-22.66815012583902,-264.81663377813675,-241.4825343935081,-85.83563123043496
1021,53408.0,53918.90412583781,53409.633366062495,53653.4933317433,53851.69274249022,-912.0,-24.31030168359939,-813.549975435064,-372.41057980958794,-97.86392869065457
1022,52832.0,53894.39580089773,52929.6333875792,53403.82941780536,53776.013450924074,272.0,-23.457670533662167,249.4924788952012,36.25079496474427,-28.47861901993747
1023,53952.0,53871.98878477049,53908.6183238529,53725.99492167279,53794.73550445034,584.0,-20.25689797758605,520.7510360556589,209.16296470382076,10.858828748783708
1024,54000.0,53853.882004942556,53971.135459690515,53822.155347213,53797.73110842164,-112.0,-15.133179348751582,-81.80556570978297,7.238099146710738,-7.117840607621474
1025,53728.0,53841.722426072985,53745.00719243333,53740.47111996621,53780.4998232351,-144.0,-8.754361824314401,-141.09230509050394,-75.44866726368127,-14.60629402478662
1026,53712.0,53836.37328129393,53688.95084950951,53671.25801268564,53768.51852037207,-176.0,-1.9435587817279156,-171.3020953762716,-89.58410093775456,-9.155376844424609
1027,53376.0,53837.83530850953,53402.40300168079,53561.3029180907,53762.18906954625,-192.0,4.425403300039761,-154.532839424759,-17.303635549582395,12.980002651493123
1028,53328.0,53845.22408789401,53379.88517065999,53636.650741586476,53794.478525675055,608.0,9.5093878172338,545.165112103743,229.67319428900737,55.61338241255726
1029,54592.0,53856.854084144,54492.733225888274,54020.64930666872,53873.415834371364,72.0,12.60636878924197,94.32081751667647,98.32321841660087,43.00810041487421
1030,53472.0,53870.43682547249,53568.52680569334,53833.29717841968,53880.4947265048,-264.0,13.262178777462395,-227.63611439981833,-6.703539039197494,27.503628458682215
1031,54064.0,53883.37844169892,54037.46099708864,54007.24222859032,53928.42309128873,400.0,11.340328474310809,336.2391768384805,145.566164465803,41.14951934836063
1032,54272.0,53893.11748242111,54241.0051593703,54124.429507351284,53962.793765201524,40.0,7.053742393731227,48.56995913318315,43.402032436602894,18.910362172871828
1033,54144.0,53897.485926486384,54134.600915355004,54094.04629346353,53966.24381563447,-184.0,0.9512832234358939,-153.39966724025726,-55.36006715599433,-5.437758785326878
1034,53904.0,53895.020048867984,53934.20582488979,54013.709373039295,53951.91824763087,-56.0,-6.146118273358297,-49.36596601628844,-25.482233904582245,-11.929655622057908
1035,54032.0,53885.19368993967,54035.86898332243,54043.081825654364,53942.38450439036,144.0,-13.268346489472606,121.00807504478144,34.91336544225487,-14.014518020998366
1036,54192.0,53868.48335588904,54176.22197497935,54083.536103923805,53923.889211588874,80.0,-19.439968000366207,61.462866553698404,-13.777669768660417,-31.900832222039753
1037,54192.0,53846.313753938935,54158.794716429824,54015.52648611704,53878.58283994628,-184.0,-23.810957847643294,-183.4536764004224,-156.24637474823612,-60.97722964528293
1038,53824.0,53820.86144019375,53809.31462217851,53771.04335442733,53801.93475229831,-528.0,-25.783869321032398,-476.83182099732585,-270.96145447604795,-77.75135003305331
1039,53136.0,53794.74601529687,53205.13107443517,53473.60357716495,53723.08013988017,-224.0,-25.082388201954018,-204.6033379289256,-128.63798867991136,-49.50060542413121
1040,53376.0,53770.696663789844,53400.107946320655,53513.76737706751,53702.933541450046,392.0,-21.78624326928184,315.5166034887443,109.04748843631751,-3.7999213576185866
1041,53920.0,53751.17352875831,53836.16428141266,53691.69855403758,53715.48029716493,-16.0,-16.298137339774257,16.877742155324086,63.78045398886388,2.3207705731292663
1042,53344.0,53738.100389110296,53433.8634306313,53641.32828504524,53707.575082596304,216.0,-9.258290616286104,208.2845529908045,98.2938735302705,10.273539561188954
1043,54352.0,53732.656947525735,54252.73338739427,53888.286301098124,53736.02737628731,184.0,-1.4377730939777393,139.068171864732,15.101166601947625,-2.3463374946295517
1044,53712.0,53735.22484292234,53711.99977436077,53671.53061824913,53702.882407607045,-600.0,6.367422634419199,-527.5499515232477,-236.99037372442035,-33.60084829990956
1045,53152.0,53745.39179279457,53197.633484347774,53414.30555364928,53668.82567968749,-304.0,13.435781997406593,-277.1831867265755,-126.07228777520868,-8.21544393518343
1046,53104.0,53762.09640691715,53157.633400907616,53419.386042698716,53686.45151973668,440.0,19.218569094868144,380.26656400330467,162.77351039879431,46.74841603602181
1047,54032.0,53783.82893098431,53958.166612354384,53739.85257444687,53762.322511759536,288.0,23.377035793087998,279.26663031330463,174.39281897158799,62.38711761083323
1048,53680.0,53808.85047850333,53716.166661534226,53768.17168064189,53811.225754958345,-104.0,25.790929813188995,-61.166643149023,72.404946515966,55.46453094672688
1049,53824.0,53835.41079061069,53835.83332605634,53884.6624674788,53873.25157365299,184.0,26.52550016717214,178.83329480381508,146.82202057631366,64.48839737729213
1050,54048.0,53861.90147883767,54073.833251141856,54061.81572179452,53940.20254971293,424.0,25.79296032748971,368.45007571105816,184.06111521297862,61.561103545587684
1051,54672.0,53886.99671126567,54572.733477478454,54252.78469790476,53996.373780744165,-48.0,23.906173311894236,-51.65854200116519,-18.638674937381438,22.389920068442734
1052,53952.0,53909.71382546146,53970.516167139525,54024.538371919756,53984.982389849814,-536.0,21.190795428959973,-456.6942138275517,-191.97714002512657,-9.742271401857579
1053,53600.0,53929.37830212359,53659.34504982335,53868.83041785451,53976.88923794045,-8.0,17.93166422250215,-14.445868199418328,-21.292745137994643,10.751309987652348
1054,53936.0,53945.577153906466,53941.62443074069,53981.95288164377,54006.48500982512,368.0,14.36482706221068,310.40153462078524,136.09890461114264,33.12002237592969
1055,54336.0,53958.10795624801,54280.14811906492,54141.02822707679,54043.12928269231,40.0,10.667685378077294,59.26428364881576,61.58945897142257,22.000737001806556
1056,54016.0,53966.91252466262,54060.15299803832,54105.13179958661,54050.48648382873,0.0,6.965421094446356,0.7698691650184628,8.669472303121438,9.08152532785607
1057,54336.0,53972.0387984369,54281.68785739496,54158.367171683036,54061.29233334802,-40.0,3.3618625769559003,-50.02585366856147,-35.58104206205462,-2.929533813312446
1058,53936.0,53973.63624981653,53960.1012907012,54033.9697154625,54044.62741620211,-256.0,-0.023871413388405927,-201.0801131877597,-75.4125984892853,-11.233546335803112
1059,53824.0,53971.991055610124,53879.52763101944,54007.541974704465,54038.825240676415,256.0,-3.044588057371584,197.06449541544134,65.34324659419872,4.939086508125911
1060,54448.0,53967.54707370179,54354.23028153208,54164.6562086509,54054.50558921836,-8.0,-5.538198942893359,5.854058173052181,15.442338271885092,-3.9943719971379323
1061,53808.0,53960.91465772434,53891.23574736554,54038.426651248235,54030.83649668214,-72.0,-7.357451509327802,-46.815797338829725,-11.016231778550718,-12.52726770211666
1062,54304.0,53952.832170683134,54260.59868685442,54142.6237450938,54029.451053814126,208.0,-8.420470349112293,152.35637376097293,23.508966392462753,-15.112890177304507
1063,54224.0,53944.07371702611,54195.94849488749,54085.44458403316,54000.61071632753,-232.0,-8.748234331917047,-204.90771752948422,-126.45686904405738,-40.00980167021771
1064,53840.0,53935.3357020193,53850.78325179545,53889.710007005684,53949.43145047369,-320.0,-8.500973184392933,-291.2489841147544,-170.87957352463127,-45.70769333015414
1065,53584.0,53927.07177065733,53613.45052665798,53743.6854369839,53909.19532966722,-104.0,-7.981815829582047,-90.08009184756884,-66.18185152983642,-23.9763543231129
1066,53632.0,53919.372070360136,53670.623068100314,53757.34630394601,53901.478741827465,312.0,-7.55092397862245,250.28788194391382,76.33401893511837,5.757349251620326
1067,54208.0,53911.96992270008,54114.02629054581,53896.353474854135,53920.71002817046,-160.0,-7.523690860354691,-131.82817367431926,-16.816091664804844,4.866787751518132
1068,53312.0,53904.324688639426,53406.966720751676,53723.7141206164,53911.2123173305,-176.0,-8.093133247548394,-126.86311718687284,33.217706070459826,20.46290502656484
1069,53856.0,53895.783656204985,53860.30005617206,53962.788886995055,53961.63583822359,696.0,-9.229388720275892,610.6912666001008,292.4692098761843,55.70531280427167
1070,54704.0,53885.865911198875,54628.34925395188,54308.65254036877,54022.622942939044,256.0,-10.646663019721018,253.93781721977575,148.18992355810042,26.91825186240385
1071,54368.0,53874.49033016554,54368.17569061161,54259.168734111256,54015.4723419484,-304.0,-11.857786324584595,-259.2951102821826,-103.89943920188307,-24.776983893225406
1072,54096.0,53862.150338549705,54109.75903338751,54100.853661965004,53973.06897515259,-176.0,-12.272756707410736,-189.62149028653948,-155.88824116374963,-48.549918038177566
1073,54016.0,53849.94481675072,53988.932710038534,53947.39225178376,53918.372505872045,-272.0,-11.36255018267184,-256.16277315628395,-187.76528428936945,-59.57784398694639
1074,53552.0,53839.42523818436,53597.433487074944,53725.323093386265,53853.9132871787,-168.0,-8.813491613487713,-164.33178758887152,-135.40761170436235,-49.36355433440622
1075,53680.0,53832.317833523746,53660.26913486079,53676.57702837503,53819.64539720323,-24.0,-4.638535583140765,-35.81867791021796,-50.457550823710335,-27.285620115311758
1076,53504.0,53830.14816701808,53525.79613125451,53624.407991738844,53799.34204694808,-56.0,0.7821619593378273,-25.492347333747603,8.03495923322771,-5.536247907748475
1077,53568.0,53833.88215744242,53609.284440193296,53692.64694684149,53808.572901387735,376.0,6.765075584167789,315.468656861427,130.56242852338983,21.259499509043962
1078,54256.0,53843.678318186416,54156.73344497736,53885.532848785624,53841.861045966165,-24.0,12.474761023731844,-23.158907327371708,7.652326336952683,12.58119687674116
1079,53520.0,53858.831679489886,53562.96662553855,53707.95159951539,53833.73529514122,-408.0,17.116311769666936,-330.2167017039501,-83.60544951253542,7.561013932110654
1080,53440.0,53877.91094172575,53496.30004156946,53718.32194976055,53856.983073830386,360.0,20.112371099159645,303.7351894273561,149.53132512544107,44.09693238068576
1081,54240.0,53899.056421688205,54170.437004393265,54007.014249766275,53921.92915990259,232.0,21.24643748122253,237.4204192410034,172.199424888855,49.04254406733162
1082,53904.0,53920.403816688195,53971.14088005147,54062.72079953826,53955.06816196505,112.0,20.71418286235712,136.40827591553534,135.06694954112027,35.692410160714644
1083,54464.0,53940.48478741292,54443.253556224336,54277.148148848515,53993.31398022402,440.0,19.037218281973765,368.380457294541,121.00142373450944,14.711517270170589
1084,54784.0,53958.47825325214,54707.90179464055,54304.72364700728,53984.49119650539,-528.0,16.91068758937763,-467.99340375270185,-212.0626783375883,-48.79822389335823
1085,53408.0,53974.306162591674,53507.26674871893,53853.02279217334,53895.7175324373,-224.0,15.01946596664493,-235.58427266638319,-229.18945874727797,-64.38778744622323
1086,54336.0,53988.51718518543,54236.733249307785,53846.344729512726,53855.715621612944,-472.0,13.815554665205127,-471.99999041957926,-280.10882273662355,-64.01612974371164
1087,52464.0,54001.937271922085,52563.26676787977,53292.80514670009,53767.68527294988,-136.0,13.418442558231618,-136.0000067314577,-110.5338846302111,-22.846085015575227
1088,54064.0,54015.354070301895,53964.73323584487,53625.276960252304,53810.023451581794,336.0,13.604569741881278,331.8499730278854,113.11029367836454,29.639351211008034
1089,53136.0,54029.14641140585,53226.966713935544,53519.02573405682,53826.963975371895,-216.0,13.873519594180834,-162.21659010932854,85.26164083292679,51.48872255869355
1090,53632.0,54043.10110949026,53640.30005562621,53795.80024191816,53913.00089669918,704.0,13.638199025288486,636.8759560583712,358.67462882041946,100.08696616224915
1091,54544.0,54056.422809456424,54500.71862605229,54236.37499169766,54027.13790769639,488.0,12.396154200901947,461.9693644508807,286.76224562832795,88.29390638202676
1092,54608.0,54067.89341789206,54564.23878452797,54369.32473317481,54089.588709463234,-200.0,9.885820836152561,-155.28591888444862,13.612108064564381,36.53023724000377
1093,54144.0,54076.19445112873,54190.14678828339,54263.59920782679,54100.1983821764,-168.0,6.170753468715702,-143.35805482762225,-45.9259214346348,8.419591821988433
1094,54272.0,54080.23492482949,54277.52267487273,54277.472890305544,54106.42789310721,152.0,1.6247634003120766,114.98926095299976,16.610127631527575,-2.0490944138291525
1095,54448.0,54079.44397792935,54420.12531018939,54296.81946308984,54096.10019334874,24.0,-3.166293677284557,3.229186263622978,-56.243695670778834,-27.922690091036202
1096,54320.0,54073.90233747492,54283.981047399975,54164.985498963986,54050.58251292514,-344.0,-7.544212352553586,-321.24596573601593,-209.34121464386408,-58.98855477734105
1097,53760.0,54064.355553224246,53777.63337871736,53878.137033802115,53978.12308379406,-472.0,-10.902467191495816,-413.17383514935136,-227.77994826080976,-61.55327494137964
1098,53376.0,54052.09740309193,53457.63337710127,53709.42560244237,53927.47596304238,160.0,-12.801480695208738,112.50979697433286,-1.998630138565204,-23.073322599560925
1099,54080.0,54038.75259183383,54002.65297266602,53874.139773524985,53931.97643859494,144.0,-13.033302965646726,133.94154581081239,61.78405784510687,-2.900702517694299
1100,53664.0,54026.03079716064,53725.5164687229,53832.99371813258,53921.67455800699,8.0,-11.612961565220758,30.445839671378053,43.35080367388582,2.5818473124018055
1101,54096.0,54015.52666870339,54063.54465200878,53960.84138087276,53937.14013321974,232.0,-8.741504969693779,175.7514433297838,60.26835317655059,7.5225818737380905
1102,54128.0,54008.54778722125,54077.019355382465,53953.53042448568,53936.71972175447,-320.0,-4.772477062855614,-254.139149293198,-94.54574414423041,-9.984425377551815
1103,53456.0,54005.981714577676,53555.26635342238,53771.749892584296,53917.17128246464,72.0,-0.14463950050776475,47.8570784240801,-23.905585609241825,3.510124833403097
1104,54272.0,54008.258508220235,54172.733512230625,53905.7192532672,53943.73997142127,-88.0,4.663699818931491,-99.48318549681426,-49.171012683495064,10.15568752769832
1105,53280.0,54015.30911421554,53356.299982428754,53673.407867217305,53937.482657520035,-336.0,9.170772783614666,-274.88339589298266,-35.60745244123609,26.61681897476592
1106,53600.0,54026.600053787464,53622.96672044466,53834.504348384726,53996.973609370805,504.0,12.945081116449728,465.8500047498783,278.3486553597795,79.3396323193083
1107,54288.0,54041.19927644844,54287.99999192851,54230.105177936864,54096.16192215865,856.0,15.642491608974524,794.8832520907054,366.65341852056736,89.59640889577713
1108,55312.0,54057.88503700541,55212.73322462607,54567.81118542586,54176.16642716236,-272.0,17.030324956471304,-232.4758247412792,-34.38839979807017,23.212826361828775
1109,53744.0,54075.25992636138,53823.04834244595,54161.328378340724,54142.58757488231,-592.0,17.04031754179232,-547.7676748561571,-197.81861791477422,-13.649473535937432
1110,54128.0,54091.965672089,54117.197874913756,54172.17394959631,54148.867480090485,296.0,15.766126249152876,240.13890703659126,32.93254605374386,7.323279212698253
1111,54336.0,54106.79217885969,54303.326156519135,54227.19347044821,54157.234133307706,16.0,13.436812598836696,22.7590642010764,0.6162560760021734,-0.571640117392235
1112,54160.0,54118.83929728667,54162.71600331591,54173.406461748316,54147.7241998557,-160.0,10.389441845632973,-127.03013662367812,-47.083777825733705,-10.123723459219036
1113,54016.0,54127.57106255095,54049.26588327178,54133.025914796744,54136.98668638927,64.0,7.0141259746669675,52.87929631474617,18.132410446803988,-4.688179146971379
1114,54288.0,54132.867549236005,54268.4745959454,54209.671282641924,54138.34784156176,152.0,3.7050590639446455,121.58169240065399,37.48100916614203,-6.121452749423042
1115,54320.0,54134.98118067884,54292.42926807309,54207.98793312903,54124.74378089042,-144.0,0.7948229160829214,-113.89898750687644,-57.68938294838517,-23.366871626814827
1116,54000.0,54134.45719506817,54040.67662093165,54094.292516745154,54091.61409830813,-32.0,-1.4736949305588496,-48.369542483185796,-66.54915801129755,-28.548977666887367
1117,54256.0,54132.033790817724,54195.690183106715,54074.88961710643,54067.64582555665,-144.0,-2.9664351080573397,-146.53552229134584,-109.95809108550384,-33.3859814736461
1118,53712.0,54128.52432485206,53747.60557634896,53874.376334574146,54024.842135360836,-328.0,-3.663624617813184,-270.05672501295703,-119.32511524521396,-27.16158342777271
1119,53600.0,54124.7065415821,53655.5767330808,53836.239386616006,54013.3226587011,224.0,-3.6480905276621343,185.8548221358542,79.98274534986558,9.14665627532304
1120,54160.0,54121.22814379673,54119.315220620665,54034.34182527388,54043.13544791148,296.0,-3.0762220836768392,260.31459064320006,135.2733512948107,23.96956160595073
1121,54192.0,54118.554097414744,54176.2059143672,54106.78608920563,54061.261781913,-56.0,-2.145474977169215,-22.079734417435247,29.837308534566546,11.589423097171675
1122,54048.0,54116.937193842394,54075.155751785795,54094.01644234301,54066.314294105825,56.0,-1.081788357343612,34.72859634756969,10.23857430888529,5.968226898115972
1123,54304.0,54116.39052070006,54245.66310706234,54127.2632378234,54073.198235709235,-136.0,-0.11385697297737352,-121.17710941172481,-55.12158560791431,-4.65614661113068
1124,53776.0,54116.70947989644,53832.801532962345,53983.77327112718,54057.00200088356,-168.0,0.5602027178574644,-128.85390928828565,-39.60333113262459,-2.146134781491128
1125,53968.0,54117.51092613577,53987.95528848577,54048.05657555815,54068.90596614625,312.0,0.7815548409635085,254.93019795228247,104.31159221004054,16.949263570000767
1126,54400.0,54118.272589578366,54342.66192886691,54192.39645554726,54090.900528023565,64.0,0.45404859352493077,68.01628471568256,40.538107762742584,6.539588278490555
1127,54096.0,54118.41902332282,54123.987857917135,54129.13279108363,54081.98514270323,-80.0,-0.41669078901031753,-78.73478136412086,-46.69726892181643,-9.616128185170965
1128,54240.0,54117.439208000345,54185.19236613867,54099.00191770363,54071.66827165322,-248.0,-1.7508114471456793,-212.833661085122,-100.62991452818096,-18.7334574673514
1129,53600.0,54114.91740042853,53698.32053574689,53927.87296202727,54044.51822776853,16.0,-3.3923449720714416,7.6645866006474535,-7.192474662726454,-4.924132496264065
1130,54272.0,54110.6545180562,54200.52153933996,54084.61696837818,54061.820006660695,168.0,-5.109816713094915,141.8749620349372,63.05249053999796,6.79277922520123
1131,53936.0,54104.69776700234,53982.070459816765,54053.97794310727,54058.10378621893,-16.0,-6.663041203089961,11.901219560626487,28.349946282723977,2.3889688691815536
1132,54240.0,54097.32843565002,54224.323978461216,54141.316860943625,54066.59794439906,216.0,-7.85133047862837,163.87341095052034,37.99734830817033,-0.1759445999196032
1133,54368.0,54088.995106045084,54309.817281717806,54129.97263972361,54057.751897019094,-336.0,-8.551218272536062,-288.4567199132798,-130.35790135820935,-24.358452529013448
1134,53568.0,54080.22599910495,53647.41053863466,53880.60105822721,54017.88103934103,-200.0,-8.743389628900331,-182.3176181509698,-93.07105238279837,-17.376805711006455
1135,53968.0,54071.50832678728,53945.182045415866,53943.83053495801,54022.99828559708,232.0,-8.53528138827096,183.68173386054696,51.1447442098106,7.867160535901348
1136,54032.0,54063.15543632841,54014.77400635575,53982.89054664683,54033.615360412834,-40.0,-8.140758884175739,-16.538007281345926,14.50528501223016,10.697842836390919
1137,53888.0,54055.22680901893,53912.106030853174,53972.84110498247,54044.39397126986,16.0,-7.821650036996289,17.86217876327646,32.37111082687625,18.598309420525766
1138,54064.0,54047.512136254416,54050.4983638823,54047.63276830058,54070.811979253886,72.0,-7.857057154171343,70.88415244064163,66.60804746840222,26.75860694671792
1139,54032.0,54039.51269471059,54053.87433573446,54106.057199919276,54097.9111851633,104.0,-8.462015235178114,112.74765052445218,95.45303157833041,30.394765167573496
1140,54272.0,54030.58810578406,54275.99366493121,54238.53883145724,54131.60150958903,288.0,-9.736269811393868,242.08765385278457,115.75104726658901,26.670399905189697
1141,54608.0,54020.0401550878,54538.04964344003,54337.559294452454,54151.25198497368,-104.0,-11.655593409697758,-87.6958042910228,-36.199889778559736,-3.1869253666736768
1142,54064.0,54007.276918964664,54100.60205634916,54166.13905190012,54125.227658855685,-296.0,-14.040427520296362,-254.4373053450654,-120.35071660227186,-22.96294317520733
1143,54016.0,53991.95930004721,54029.175032749896,54096.85786124791,54105.32609862326,8.0,-16.588659434288274,-5.551859849791072,-28.85226002825948,-15.435255301257712
1144,54080.0,53974.09960009609,54089.49833664958,54108.4345318436,54094.35714825317,136.0,-18.927444385502895,107.81498714758709,25.79393651749342,-10.251092957438232
1145,54288.0,53954.1044112762,54244.80500704507,54148.4457342829,54084.82391270839,-64.0,-20.66589869627569,-60.66829437917477,-29.76593041925662,-19.69203990936512
1146,53952.0,53932.767802703536,53968.16174789123,54048.90267100509,54054.97306843444,-248.0,-21.461335934869567,-195.83451969766975,-51.09172777526692,-24.702190852221975
1147,53792.0,53911.181739406464,53853.13596764973,54046.26227873236,54035.41953100394,536.0,-21.077009709610138,478.2857363293624,124.4907470934595,-7.382560880301753
1148,55024.0,53890.613783284316,54924.733220549955,54297.88416519201,54040.207946673836,-144.0,-19.413277833020402,-158.41795573937998,-111.43603094435093,-44.401186996412434
1149,53504.0,53872.35518374042,53536.30005617097,53823.39021684366,53946.61715701112,-864.0,-16.503355628647114,-780.88325045698,-314.7988399265123,-71.45993181216181
1150,53296.0,53857.60707202702,53362.966719635995,53668.286485338984,53897.28808304951,352.0,-12.494617813295918,286.4111958267058,31.039511164810392,-19.26466980913392
1151,54208.0,53847.36594811383,54109.12244782438,53885.46923917328,53908.08781739285,120.0,-7.59014016252695,126.8570331285664,55.91737342094348,-4.19587478701942
1152,53536.0,53842.42679170197,53616.68078589313,53780.12123218087,53888.89633347547,-144.0,-2.0066301257684245,-89.03773246563287,16.712609098023677,-1.546667243601405
1153,53920.0,53843.352687862294,53931.04698289312,53918.89445736933,53904.99448290565,456.0,4.047434821804927,369.6011114655921,138.22045387312755,15.347873575457925
1154,54448.0,53850.52166134558,54355.88300882431,54056.562139927126,53919.59208062639,-176.0,10.38612847992772,-147.48290659096165,-58.05124747864102,-11.822798247943865
1155,53568.0,53864.12494482215,53636.08116971119,53802.79196241205,53881.34888640976,-288.0,16.823491238203133,-267.66201391341747,-136.37419630905424,-22.575749896139314
1156,53872.0,53884.168643821984,53820.55898099748,53783.81374730902,53874.44058083411,-80.0,23.13991030959005,-72.72728372634447,-63.071341448525345,-6.786276533941418
1157,53408.0,53910.40476544133,53490.626602258504,53676.649279515,53867.77633334188,104.0,29.043404750704212,84.74749059432725,27.160171963481844,16.32456917485979
1158,54080.0,53942.25545332339,53990.05396218613,53838.13409123598,53907.08971918383,48.0,34.17472951153468,48.150312817491795,40.551857338970876,30.66787180114261
1159,53504.0,53978.7542244644,53586.92722789349,53757.75299419294,53929.11207694416,8.0,38.12841740212025,11.509405174805579,46.495400053430785,43.2779616075386
1160,54096.0,54018.51228812763,54013.07277253574,53931.12489134284,53993.64564239891,8.0,40.502750872787146,11.50940732098752,90.93434282132876,59.415847574691725
1161,53520.0,54059.75972620997,53609.94604253546,53939.621679835596,54047.943772093546,384.0,40.97609060224568,375.8302668189717,218.30762841055184,80.69531829931657
1162,54864.0,54100.464469332124,54764.733306173686,54367.740148163946,54155.03627899754,336.0,39.38440327497665,321.515571006501,179.9885424103195,71.64432085386943
1163,54192.0,54138.52853275993,54252.977184548465,54299.598764656235,54191.232413801285,-240.0,35.76290157924086,-199.15875952470742,-14.342001179593353,36.15775549380851
1164,54384.0,54171.990272490606,54366.41578712427,54339.05614580476,54227.35178998516,48.0,30.357375797666464,25.517538197145768,16.98545405090408,28.28696568313171
1165,54288.0,54199.24328435526,54304.012260942756,54333.56967275804,54247.80634516755,16.0,23.603767968375905,17.657778532280645,17.29836333230196,18.44487244076663
1166,54416.0,54219.19780842736,54401.73134418883,54373.65287246936,54264.24153486669,24.0,16.07128182757515,26.37580419024016,18.909635946005437,8.847266442477121
1167,54336.0,54231.38584801041,54356.76386932324,54371.388944650054,54265.5008780525,80.0,8.39347944473775,58.851871750594,15.43054450571799,-2.2656129115639487
1168,54576.0,54235.98476731683,54519.43508769002,54404.5139614808,54259.71030904356,-152.0,1.1919246999059396,-120.15334318312307,-52.61800242885147,-21.60505355676287
1169,54032.0,54233.76969741022,54116.45718295699,54266.15293979235,54222.29077093898,24.0,-4.980642406371771,19.308010051914607,-21.284551792272396,-27.904999557635165
1170,54624.0,54226.02348250409,54558.05110779385,54361.944857896255,54203.90030992829,168.0,-9.673902577495028,111.84946380609836,-35.235652947969356,-39.39544551427025
1171,54368.0,54214.42189225523,54340.15611056919,54195.68163389641,54143.499879910436,-472.0,-12.570759924728918,-432.87552595209127,-252.4224070516393,-71.62543602233563
1172,53680.0,54200.88196265463,53692.30005588967,53857.100043792976,54060.64943788362,-568.0,-13.498481907729001,-510.5946936578184,-250.03156820694494,-63.81797013263349
1173,53232.0,54187.424928439774,53318.96672325355,53695.61849748252,54015.86393964517,264.0,-12.412130521151994,233.0401557485493,70.3277024308045,-5.592301256194332
1174,54208.0,54176.05770161233,54158.380367386766,53997.755448654585,54049.46483537123,456.0,-9.409845693971874,419.7756089501054,197.01467549935478,25.67413749462503
1175,54144.0,54168.60523705183,54158.51794115376,54089.64784848123,54067.21221463442,80.0,-4.7412226484157145,72.7272795358258,64.71632406726712,13.90798999490653
1176,54368.0,54166.5752563155,54303.83492645842,54127.18809678912,54077.280815361046,-192.0,1.2100680061375897,-176.68736261711092,-82.86570329755705,-4.467358505324228
1177,53760.0,54171.025373064105,53805.14321591954,53923.91644188612,54058.27749762377,-320.0,7.935226218560274,-271.7966507273122,-121.3134339599419,-4.089442856082314
1178,53728.0,54182.44570875262,53760.24162500379,53884.561228869235,54069.10192964888,160.0,14.82038973300223,116.30653410320883,38.925401417734975,27.879528507553914
1179,54080.0,54200.66615253011,54037.75628412596,54001.76724472159,54114.03655463888,56.0,21.210341091191367,66.29607975195177,78.08963821314683,46.63645272193753
1180,53840.0,54224.866390935,53892.8337845077,54040.74050529553,54162.374835092756,96.0,26.465278441959526,119.24642292023418,139.34351322170915,64.45702220852036
1181,54272.0,54253.59670941403,54276.249129966425,54280.45427116501,54242.95059905592,448.0,30.040910350551712,404.6609952908657,243.9409014519806,79.12329391595631
1182,54736.0,54284.9482116361,54702.15577508943,54528.62230819949,54320.62142292467,288.0,31.54362711781505,256.6855205701431,144.47919113422904,56.90189501498389
1183,54848.0,54316.68396364966,54789.62017110671,54569.412653433465,54356.75438908589,-320.0,30.762417614852893,-265.0639743311913,-98.50332804929712,11.57068561550841
1184,54096.0,54346.47304686581,54172.027826427046,54331.615652100896,54343.762794155686,-168.0,27.705327848976594,-176.82398666240988,-119.98917528211678,-0.603455222411867
1185,54512.0,54372.09461934761,54435.97219778189,54329.43430286923,54355.54747864106,-216.0,22.57641475757555,-204.3805445887083,-93.4641977970532,3.962058417426306
1186,53664.0,54391.62587638096,53763.26673724963,54144.68725650679,54351.68691099054,80.0,15.742247820562625,85.21551519771674,55.59658189095717,30.523777899004926
1187,54672.0,54403.57911498874,54606.403228177325,54440.627466651145,54416.59503443907,376.0,7.692385772737907,341.7512471855189,180.2539434699247,52.13787517048695
1188,54416.0,54407.010647926436,54446.76923162067,54505.19514344664,54455.96266133151,-56.0,-1.0038488963145937,-5.787838453310542,109.16524851881331,41.36575995901512
1189,54560.0,54401.57141719611,54594.827551270704,54658.95796368877,54499.3265543571,536.0,-9.745944361806323,470.98199979769925,203.2418020865225,40.33022074344626
1190,55488.0,54387.51875920282,55388.733231216065,54911.678747619684,54536.623102818405,-136.0,-17.938335826911498,-115.0769220600996,-35.43984225924578,-10.272296397779428
1191,54288.0,54365.694745542285,54364.673707150505,54588.07827917028,54478.781961561544,-408.0,-25.024527366746042,-376.82815402141205,-173.5613288642635,-48.302043178784515
1192,54672.0,54337.46970446933,54635.07692317324,54564.55608989116,54440.019016460836,144.0,-30.534617156277818,85.78783188894886,-77.24414433354104,-50.36199427766405
1193,54576.0,54304.62551122973,54536.2493709284,54433.5899905032,54378.057973006216,-384.0,-34.10917403460553,-332.24669032084785,-202.17110413636328,-71.85814480431145
1194,53904.0,54269.25135640012,53970.583542531545,54160.21388161843,54296.30272685221,-208.0,-35.52560352151704,-198.08212302112952,-145.26916807554517,-62.140109811389266
1195,54160.0,54233.574304186695,54140.08512488614,54143.05165435211,54253.77775338344,104.0,-34.71671442229854,69.9272067853235,-25.636400090275856,-37.836085799608554
1196,54112.0,54199.81792755552,54110.43795610219,54108.94108143788,54220.630555252996,-40.0,-31.763655652401212,-37.457388272985554,-35.6400321952824,-27.715670367786515
1197,54080.0,54170.04699288189,54065.17034834017,54071.77158996154,54198.346412647865,-144.0,-26.88381881033638,-119.4158660611647,-41.28369649556407,-16.36682197274058
1198,53824.0,54146.05028993485,53871.60622397986,54026.37368844675,54187.896911307515,32.0,-20.40399539252394,44.466995538990886,55.78894270857927,7.7453442250225635
1199,54144.0,54129.239002096845,54154.104339418154,54183.3494753787,54213.83710109791,376.0,-12.731402224573685,333.01981252907717,176.65052462129825,29.432044845292694
1200,54576.0,54120.5874854857,54537.64584903802,54379.67473768935,54246.7610009981,432.0,-8.651516611142142,383.54150961986306,196.32526231064548,32.92389990019001
