distance,Raw,Median+Gaussian,Huber MRF lambda=0.1,Huber MRF lambda=1,Huber MRF lambda=10,derivative:Raw,derivative:Median+Gaussian,derivative:Huber MRF lambda=0.1,derivative:Huber MRF lambda=1,derivative:Huber MRF lambda=10
0,45232.0,45449.692451059454,45263.817686708,45377.51787479581,45477.205978092046,368.0,3.6771970370027702,318.1768670799938,145.51787479580526,24.52059780919808
1,45600.0,45453.36964809646,45581.99455378799,45523.03574959162,45501.726575901244,264.0,5.325163031637203,228.14963601992713,107.03574959161779,19.606926604265027
2,45760.0,45460.34277712273,45720.11695874785,45591.58937397905,45516.419831300576,-80.0,8.288045329787565,-61.2928013009041,-15.651688623049267,2.5142469643578806
3,45440.0,45469.94573875603,45459.40895118618,45491.73237234552,45506.75506982996,-184.0,10.503218674610252,-163.66325163075453,-73.99081546076923,-6.327007979114569
4,45392.0,45481.34921447195,45392.79045548634,45443.60774305751,45503.76581534235,-72.0,11.890579135797452,-62.66621826811752,-22.320757759258413,2.599036279501888
5,45296.0,45493.72689702763,45334.07651464995,45447.090856827,45511.953142388964,144.0,12.53914322048513,131.66863241332248,79.02854218299763,18.98498416606526
6,45680.0,45506.42750091292,45656.12772031299,45601.664827423505,45541.73578367448,216.0,12.668128907509526,202.68980722798733,115.40638430825129,22.86943046923625
7,45728.0,45519.063154842646,45739.45612910592,45677.903625443505,45557.69200332744,160.0,12.569234317616065,140.6090543225182,51.19061074175261,7.440819819334138
8,46000.0,45531.56596954815,45937.34582895802,45704.04604890701,45556.617423313146,-240.0,12.534699134204857,-228.31381231536216,-121.83455208299347,-23.243708848636743
9,45248.0,45544.132553111056,45282.8285044752,45434.23452127752,45511.20458563016,-424.0,12.77304181112413,-367.4421451492417,-176.69426699072937,-32.25260840147166
10,45152.0,45557.1120531704,45202.46153865954,45350.65751492555,45492.1122065102,232.0,13.353369583979656,171.94072748204417,15.751751110805344,-2.0867687944519275
11,45712.0,45570.839292279015,45626.709959439286,45465.73802349913,45507.03104804126,-56.0,14.207120149672846,-39.21327916148584,-8.050479676858231,4.670393933120067
12,45040.0,45585.526293469746,45124.03498033657,45334.556555571835,45501.45299437644,-72.0,15.132476057231543,-45.48858028219911,16.09680985862724,17.494596054002614
13,45568.0,45601.10424439348,45535.73279887489,45497.93164321638,45542.020240149264,296.0,15.851746434298548,250.36181291273897,128.3409092527363,39.26825778028797
14,45632.0,45617.22978633834,45624.758606162046,45591.23837407731,45579.98950993702,32.0,16.111104310450173,52.81883809740248,72.92591789957442,35.36874528460612
15,45632.0,45633.32645301438,45641.37047506969,45643.78347901553,45612.75773071848,64.0,15.74623401676945,63.464244256119855,58.43684444599421,31.806107317381247
16,45760.0,45648.72225437188,45751.687094674286,45708.112062969296,45643.60172457178,88.0,14.743437418510439,68.75209297601396,38.38461543840822,25.024080081890133
17,45808.0,45662.8133278514,45778.87466102172,45720.55270989235,45662.80589088226,-152.0,13.250052482519095,-118.43912854397422,-31.282998130773194,11.944460854592762
18,45456.0,45675.22235933692,45514.80883758634,45645.54606670775,45667.49064628097,32.0,11.540943720927316,29.978364496317226,19.766390169275837,15.259287712757214
19,45872.0,45685.895215293254,45838.831390014355,45760.0854902309,45693.32446630777,200.0,9.95220285972755,158.17950249979913,58.582168638600706,16.900043342189747
20,45856.0,45695.126765056375,45831.167842585935,45762.71040398495,45701.290732965346,-176.0,8.785896357243473,-131.82433449874225,-44.01988425347008,0.23080330584707553
21,45520.0,45703.46700800774,45575.18272101687,45672.04572172396,45693.786072919465,40.0,8.226086583821598,19.928483515279368,-14.641821399014589,1.184643600088748
22,45936.0,45711.57893822402,45871.024809616494,45733.42676118692,45703.660020165524,-16.0,8.29230641520553,-29.033863317887153,-39.90557994357732,-1.7430517456632515
23,45488.0,45720.05162083815,45517.114994381096,45592.234561836805,45690.29996942814,-248.0,8.820888430625928,-208.33484332990338,-89.07491843171738,-3.24505226598194
24,45440.0,45729.22071508527,45454.35512295669,45555.27692432349,45697.16991563356,8.0,9.504510181675869,9.015743359039334,20.680824648428825,19.728441987102997
25,45504.0,45739.060641201504,45535.146481099175,45633.59621113366,45729.756853402345,264.0,9.976710576145706,236.523763638339,143.11739237700385,43.874780438902235
26,45968.0,45749.17413623756,45927.402650233365,45841.511709077495,45784.919476511364,184.0,9.90085477379398,189.2694203010069,144.67135248258273,46.00859693458551
27,45872.0,45758.86235074909,45913.68532170119,45922.93891609883,45821.774047271516,216.0,9.053957971620548,194.7092799737802,106.89666507074799,34.34327312372989
28,46400.0,45767.2820521808,46316.821210180926,46055.30503921899,45853.606022758824,-152.0,7.367654935718747,-134.83591624565815,-39.981357270342414,4.512276625246159
29,45568.0,45773.59766062053,45644.01348920987,45842.976201558144,45830.79860052201,-184.0,4.926362764417718,-170.66241929168245,-74.84073688177159,-9.667492210712226
30,46032.0,45777.13477770964,45975.49637159756,45905.62356545545,45834.2710383374,56.0,1.9382217609927466,48.96474037551161,-0.5408533749759954,-6.414010267741105
31,45680.0,45777.474104142515,45741.942969960895,45841.89449480819,45817.970579986526,88.0,-1.3432400158271776,76.1614481678298,17.218176756839966,-9.40192935154846
32,46208.0,45774.448297677984,46127.81926793322,45940.05991896913,45815.4671796343,-8.0,-4.677242608668166,-15.027362361579435,-35.804616354504105,-22.13004137050666
33,45664.0,45768.11961892518,45711.88824523774,45770.28526209918,45773.71049724551,-192.0,-7.86816964762329,-176.48979650681576,-116.63202582035228,-36.27115752651298
34,45824.0,45758.71195838274,45774.83967491959,45706.79586732842,45742.92486458128,-240.0,-10.798697051985073,-221.07894110582856,-122.0914611065491,-34.83938943517205
35,45184.0,45746.52222482121,45269.73036302608,45526.102339886085,45704.03171837517,-8.0,-13.42304942467672,-10.613661979990866,-9.64235749929503,-12.89156028734942
36,45808.0,45731.86585953338,45753.61235095961,45687.51115232983,45717.14174400658,200.0,-15.726818431976426,184.32865333406153,101.16438860866037,8.567112831737177
37,45584.0,45715.068587957256,45638.3876696942,45728.431117103406,45721.16594403864,184.0,-17.692091762568452,179.83169783782432,113.13552332527979,10.882497233997128
38,46176.0,45696.48167600825,46113.275746635256,45913.78219898039,45738.90673847457,168.0,-19.274779462670267,138.14877948511275,54.242181367179,-4.113868640342844
39,45920.0,45676.519029031915,45914.68522866443,45836.915479837764,45712.93820675796,-256.0,-20.405235449416068,-225.16437464869523,-118.40897922374279,-36.32162137871637
40,45664.0,45655.671205109415,45662.946997337865,45676.96424053291,45666.26349571714,-280.0,-20.997862592721503,-257.00324463724974,-153.4691190384001,-46.56153625496154
41,45360.0,45634.52330384647,45400.67873938993,45529.977241760964,45619.815134248034,-56.0,-20.965818421427684,-58.87456099831252,-61.99837789146841,-33.457604756702494
42,45552.0,45613.73956826656,45545.19787534124,45552.96748474997,45599.348286203734,136.0,-20.249510207275307,110.50851265751044,23.47398536399487,-18.099433734114427
43,45632.0,45594.02428343192,45621.69576470495,45576.92521248895,45583.616266779805,32.0,-18.840607540350902,24.9767128884705,-3.5796660165397043,-18.151206084938167
44,45616.0,45576.05835318586,45595.15130111818,45545.80815271689,45563.04587403386,-152.0,-16.780336305611854,-130.7879579958535,-66.21298341361762,-23.218099044253904
45,45328.0,45560.4636108207,45360.11984871324,45444.49924566172,45537.1800686913,-80.0,-14.145697757357993,-74.43220883871254,-43.05928422430952,-15.40680190799685
46,45456.0,45547.76695767114,45446.286883440756,45459.68958426827,45532.232270217864,48.0,-11.039396866628522,37.601451931288466,17.035130740689056,-1.1361849625391187
47,45424.0,45538.38481708744,45435.32275257582,45478.5695071431,45534.90769876622,32.0,-7.557539975496184,45.64963201414503,46.16467644636941,8.220813486666884
48,45520.0,45532.65187772015,45537.58614746905,45552.01893716101,45548.6738971912,224.0,-3.784000884901616,190.19413223844458,89.45889859841918,15.19989328453812
49,45872.0,45530.81681531764,45815.71101705271,45657.487304339935,45565.307485335295,0.0,0.23180537790904054,-3.320045152802777,-1.787980651108228,1.2989624108631688
50,45520.0,45533.11548847597,45530.94605716344,45548.442975858794,45551.271822012925,-272.0,4.458897308362793,-230.03467407205608,-94.82284055174023,-12.472072221728013
51,45328.0,45539.73460993436,45355.641668908596,45467.841623236454,45540.36334089184,-48.0,8.873304803270003,-37.09604371187015,-10.680541004112456,-0.2903140764901764
52,45424.0,45550.86209808251,45456.7539697397,45527.08189385057,45550.691193859944,336.0,13.432837523054332,286.07989892409387,110.78121753939558,16.662412661098642
53,46000.0,45566.60028498047,45927.801466756784,45689.404058315245,45573.68816621404,112.0,18.04736109507212,88.85708140652059,7.024193622302846,1.6813806647987803
54,45648.0,45586.95682027265,45634.46813255274,45541.130281095175,45554.05395518954,-528.0,22.576185937061382,-456.98131376391393,-201.70863667249068,-24.331513265020476
55,44944.0,45611.752656854595,45013.838839228956,45285.986784970264,45525.025139683996,-184.0,26.815509365595062,-175.44645485543515,-84.15010363977126,0.022441478653490776
56,45280.0,45640.58783900384,45283.57522284187,45372.83007381563,45554.09883814685,328.0,30.513130006605934,287.6124978222797,133.25832575318054,42.778640370197536
57,45600.0,45672.77891686781,45589.063834873516,45552.503436476625,45610.58242042439,272.0,33.38828410361748,250.80778639922573,155.9250808993056,57.012703298758424
58,45824.0,45707.36440721108,45785.19079564032,45684.68023561424,45668.124244744366,-24.0,35.176280789306475,2.080938968436385,62.51691694474357,49.74803655719734
59,45552.0,45743.13147844642,45593.22571281039,45677.53727036611,45710.078493538786,0.0,35.662390905643406,14.163481221992697,55.6256699349251,49.85817347135526
60,45824.0,45778.68918902236,45813.51775808431,45795.93157548409,45767.840591687076,200.0,34.717341945033695,167.88083569545415,104.36009286002809,54.95412773264616
61,45952.0,45812.56616233649,45928.9873842013,45886.25745608617,45819.98674900408,-32.0,32.33815118950224,0.4065471234935103,57.45460864515917,45.545494767207856
62,45760.0,45843.36549140137,45814.330852331295,45910.84079277441,45858.93158122149,200.0,28.664794592034013,172.60623717455746,100.00373307544942,43.891411278487794
63,46352.0,45869.895751520555,46274.19985855041,46086.26492223707,45907.76957156105,56.0,23.972102629555593,55.25979158309565,42.556590581185446,26.626468917613238
64,45872.0,45891.30969666048,45924.85043549749,45995.95397393678,45912.18451905672,-112.0,18.653752330592397,-85.0972455654919,-28.33396133189308,6.424173448500369
65,46128.0,45907.20325618174,46104.00536741943,46029.59699957328,45920.617918458054,104.0,13.173227282743028,59.18176901909101,-15.558474576864683,-1.9357046757613716
66,46080.0,45917.656151225965,46043.21397353567,45964.83702478305,45908.313109705196,-320.0,8.000032368803659,-265.13751973682156,-122.34146239869733,-20.889153267598886
67,45488.0,45923.20332091935,45573.730327945785,45784.91407477589,45878.83961192286,0.0,3.542591905745212,-17.467469599305332,-31.465912619220035,-9.931517186196288
68,46080.0,45924.741335037455,46008.27903433706,45901.90519954461,45888.4500753328,80.0,0.08326960143676843,72.99533534632792,27.94372454102995,0.03296717659031856
69,45648.0,45923.36986012222,45719.72099863844,45840.80152385795,45878.90554627604,120.0,-2.2613953404143103,112.99528708389334,35.29708624230261,2.000748257032683
70,46320.0,45920.21854435663,46234.269608504845,45972.49937202922,45892.45157184687,-96.0,-3.5521629682843923,-92.29239654820776,-42.05246581411484,-7.8313958368271415
71,45456.0,45916.26553418565,45535.136205542025,45756.69659222972,45863.24275460238,-184.0,-4.003713262762176,-168.21165590418605,-65.45448368464349,-8.846679514361313
72,45952.0,45912.2111178311,45897.84629669647,45841.59040465993,45874.758212818146,112.0,-3.9250500328853377,91.94157463679221,29.689014760184364,7.65336885666693
73,45680.0,45908.41543411988,45719.01935481561,45816.074621750085,45878.54949231572,-16.0,-3.645803299055842,16.269832197169308,42.521527965192945,13.718754113357136
74,45920.0,45904.91951123299,45930.38596109081,45926.63346059032,45902.19572104486,320.0,-3.449395755342266,263.29641172926495,113.87556913539447,22.756014781385602
75,46320.0,45901.5166426092,46245.61217827414,46043.825760020874,45924.06152187849,-104.0,-3.51474666696231,-83.50551243896552,-20.894820559002255,2.068876927554811
76,45712.0,45897.890017899066,45763.37493621288,45884.84381947231,45906.33347489997,-240.0,-3.885049992310087,-198.5699400038393,-72.56003081241215,-8.011373233523045
77,45840.0,45893.746542624576,45848.47229826646,45898.70569839605,45908.03877541144,160.0,-4.487684830419312,127.45885338590233,43.2147281217658,5.107239282046066
78,46032.0,45888.91464823823,46018.292642984685,45971.273275715845,45916.54795346406,112.0,-5.172107745842368,101.28355964166622,42.20421517772047,2.7365757258230587
79,46064.0,45883.40232713289,46051.03941754979,45983.11412875149,45913.51192686309,-32.0,-5.754687321197707,-32.056137685940485,-28.602082588611665,-10.560430257817643
80,45968.0,45877.40527359583,45954.180367612804,45914.06911053862,45895.42709294843,-184.0,-6.077926786438184,-165.95721187295567,-96.0104629435591,-21.71347926724411
81,45696.0,45871.246473560015,45719.12499380388,45791.09320286437,45870.0849683286,-128.0,-6.052117580049526,-119.43040478949843,-75.42930624205837,-16.637876203392807
82,45712.0,45865.30103843573,45715.31955803381,45763.210498054505,45862.15134054164,24.0,-5.666054884950427,12.792354398934549,-2.2774557826123782,-0.42606075987714576
83,45744.0,45859.914363790114,45744.70970260175,45786.53829129915,45869.232846808845,24.0,-4.972666542926163,32.93865757672029,44.596938894210325,13.343148607644252
84,45760.0,45855.35570534988,45781.19687318725,45852.404375842925,45888.83763775693,136.0,-4.065983299027721,142.47153652173074,112.06827246524335,26.04667283593153
85,46016.0,45851.78239719206,46029.65277564521,46010.674836229635,45921.32619248071,368.0,-3.0323032903907006,316.71978068403405,155.60787850153065,27.754864347814873
86,46496.0,45849.2910987691,46414.636434555316,46163.62013284599,45944.34736645256,-56.0,-1.9348928718936804,-43.086967395371175,-13.24463696066232,-4.561457705520297
87,45904.0,45847.91261144827,45943.47884085447,45984.18556230831,45912.20327706967,-280.0,-0.8069832663713896,-252.51059034646096,-139.3417893835176,-31.733925529410044
88,45936.0,45847.67713223636,45909.615253862394,45884.93655407895,45880.87951539374,-168.0,0.3493165586805844,-165.7873176800931,-124.78073118987959,-34.07978590624043
89,45568.0,45848.61124456563,45611.904205494284,45734.62409992855,45844.04370525719,-80.0,1.5296894224629796,-78.1900208966872,-67.00040418612843,-23.033624873689405
90,45776.0,45850.73651108128,45753.23521206902,45750.935745706694,45834.81226564636,32.0,2.697173057615146,27.507066919824865,3.779518631487008,-6.2908263285135035
91,45632.0,45854.00559068086,45666.91833933393,45742.183137191525,45831.46205260016,96.0,3.7820048251960543,88.2748239345674,46.338960080596735,6.62288958381032
92,45968.0,45858.300520731675,45929.784859938154,45843.61366586789,45848.05804481398,80.0,4.677432945361943,71.79082029499114,39.237361610303196,10.598894454516994
93,45792.0,45863.36045657159,45810.499979923916,45820.65786041213,45852.659841509194,-24.0,5.257940352228616,-26.784980394659215,-8.626875249694422,7.634788770676096
94,45920.0,45868.81640143613,45876.214899148836,45826.3599153685,45863.32762235533,-184.0,5.4214839729283995,-153.21058503091263,-41.117987359379185,7.8341619639031705
95,45424.0,45874.20342451744,45504.07880986209,45738.42188569337,45868.328165437,136.0,5.107867006539891,125.37340313373716,69.27291317156414,27.216951353519107
96,46192.0,45879.03213544921,46126.96170541631,45964.90574171163,45917.76152506237,224.0,4.326888753781532,200.57597952575088,112.93672687406433,35.72143587848768
97,45872.0,45882.85720202501,45905.23076891359,45964.2953394415,45939.771037193976,-104.0,3.158154730757815,-55.57709193474875,45.53726745062522,25.398063991306117
98,45984.0,45885.34844491073,46015.80752154681,46055.98027661288,45968.55765304498,384.0,1.7386196763036423,324.5194178684651,127.67507547781133,28.01449850325298
99,46640.0,45886.334441377614,46554.26960465052,46219.645490397124,45995.80003420048,-136.0,0.22662721104643424,-125.80449486631915,-46.51204101719122,-4.967617134472675
100,45712.0,45885.80169933282,45764.198531814174,45962.956194578495,45958.62241877604,-408.0,-1.2348253413474595,-348.3688700440107,-131.21119852937773,-24.846494485645962
101,45824.0,45883.86479069492,45857.5318645625,45957.22309333837,45946.10704522919,416.0,-2.536513451490464,347.0355358960951,60.87844542905077,-6.410021285388211
102,46544.0,45880.72867242984,46458.269603606364,46084.7130854366,45945.80237620526,-256.0,-3.626379726360028,-229.90073450106865,-102.15346518346632,-30.214550213662733
103,45312.0,45876.6120312422,45397.730395560364,45752.916162971436,45885.677944801864,-264.0,-4.510889474848227,-252.44321437797407,-111.3388409794461,-31.440534163306438
104,46016.0,45871.70689348014,45953.383174850416,45862.035403477705,45882.92130787865,200.0,-5.2391559171592235,179.068248917436,32.136942245124374,-9.410571529282606
105,45712.0,45866.13371940788,45755.866893395236,45817.190047461685,45866.8568017433,24.0,-5.891756294779043,21.81818552101322,7.749667714822863,-8.321666048181214
106,46064.0,45859.923380890585,45997.01954589244,45877.53473890735,45866.27797578229,-144.0,-6.552396815324755,-123.06825569387729,-32.88793910066306,-10.464927171902673
107,45424.0,45853.02892577723,45509.73038200748,45751.41416926036,45845.926947399494,88.0,-7.292700115522166,83.85197931334187,37.58651498319159,0.7453189871848735
108,46240.0,45845.33798065954,46164.72350451913,45952.70776887373,45867.768613756656,192.0,-8.162093621594977,165.44004959969607,57.64748405024511,3.2300970449941815
109,45808.0,45836.70473853404,45840.61048120687,45866.70913736085,45852.38714148948,-192.0,-9.171469242708554,-161.06061727790438,-56.64406283246353,-13.162115192699275
110,45856.0,45826.99504217412,45842.60226996332,45839.41964320881,45841.44438337126,-64.0,-10.291837643806502,-64.99686142695282,-35.57967254763935,-11.67053894966375
111,45680.0,45816.12106324643,45710.61675835297,45795.54979226557,45829.046063590155,16.0,-11.459922728769016,21.0982801545033,13.905045189549128,-4.946016601596057
112,45888.0,45804.075196716585,45884.798830272324,45867.229733587905,45831.552350168065,192.0,-12.573335446351848,158.17622328099242,61.29480811628673,-0.3160959136839665
113,46064.0,45790.974392353724,46026.96920491495,45918.139408498144,45828.41387176279,-56.0,-13.505711894180422,-42.983600782612484,-22.020620840688935,-14.917784817138454
114,45776.0,45777.063772928224,45798.8316287071,45823.18849190653,45801.71678053379,-128.0,-14.121131738007534,-113.97943267237133,-71.35667063835353,-25.411252202309697
115,45808.0,45762.73212887771,45799.01033957021,45775.42606722144,45777.59136735817,-24.0,-14.28951933038843,-44.76959128585804,-64.04939107437167,-25.64584480771009
116,45728.0,45748.48473426745,45709.29244613538,45695.08970975778,45750.42509091837,-216.0,-13.905262441901868,-183.25566275792153,-96.79150258476511,-26.04502189388222
117,45376.0,45734.921603993906,45432.49901405437,45581.84306205191,45725.5013235704,16.0,-12.895030767995195,5.701638190810627,-10.325116679923667,-7.448701169447304
118,45760.0,45722.69467273146,45720.695722517004,45674.439476397936,45735.527688579474,112.0,-11.237412529408175,91.67532104765633,49.81615254499775,8.802749438043975
119,45600.0,45712.44677893509,45615.84965614968,45681.4753671419,45743.10682244649,-64.0,-8.976004924934387,-25.597785618923808,47.773574314916914,14.734474989345472
120,45632.0,45704.74266288159,45669.50015127916,45769.98662502777,45764.996638558165,336.0,-6.2222484295816685,303.3092381854258,157.50457039974935,28.539648039579333
121,46272.0,45700.002282075926,46222.46813252053,45996.4845079414,45800.18611852565,280.0,-3.1476119894650765,243.15065718387996,88.74013688433479,11.598785893769673
122,46192.0,45698.44743890266,46155.80146564692,45947.46689879644,45788.194210345704,-440.0,0.02057971875547082,-386.8347427056033,-171.2841597467377,-32.182197662663384
123,45392.0,45700.04344151344,45448.798647109325,45653.916188447925,45735.82172320032,-288.0,3.0323301303506014,-283.83417892441867,-162.5926161245552,-35.181400985362416
124,45616.0,45704.51209916336,45588.13310779808,45622.28166654733,45717.83140837498,0.0,5.652181734683836,-3.2083335099741817e-07,-28.49368862693518,-12.898744406596961
125,45392.0,45711.347804982805,45448.79864646766,45596.928811194055,45710.02423438713,200.0,7.697314408236707,181.74781444775,77.11155024375694,8.094037731509161
126,46016.0,45719.90672797983,45951.62873669358,45776.50476703484,45734.019483838,176.0,9.061689653583016,143.8847302539216,59.828339358205994,9.896223642765108
127,45744.0,45729.47118428997,45736.5681069755,45716.58548991047,45729.81668167266,-320.0,9.746772556431097,-252.22009484058435,-73.62653216913895,-4.911968081702071
128,45376.0,45739.400273092695,45447.18854701241,45629.251702696565,45724.19554767459,80.0,9.847009413471824,66.5631750989487,39.29206413438078,11.788643385661999
129,45904.0,45749.165203116914,45869.6944571734,45795.16961817923,45753.39396844398,288.0,9.507421362457535,250.97819602796153,111.50272457227402,21.66811919158863
130,45952.0,45758.41511581761,45949.144939068334,45852.25715184111,45767.53178605777,72.0,8.895021701358928,65.17517723661149,7.216109582441277,4.914406916675944
131,46048.0,45766.95524651963,46000.04481164662,45809.60183734411,45763.222782277335,-376.0,8.13569876216934,-342.48083825947833,-161.85439582494655,-18.547864666568785
132,45200.0,45774.68651334195,45264.18326254938,45528.54836019122,45730.43605672463,-280.0,7.289653298845224,-261.34046727946406,-116.77929705727729,-6.2649227164693
133,45488.0,45781.53455311732,45477.36387708769,45576.04324322956,45750.692936844396,176.0,6.351338517728436,159.9999999767715,91.51650465311104,33.39152696198289
134,45552.0,45787.389190377406,45584.18326250292,45711.58136949744,45797.2191106486,408.0,5.274432649814116,379.7177477544028,215.32881101661042,58.78712933663337
135,46304.0,45792.08341841695,46236.7993725965,46006.70086526278,45868.26719551766,200.0,4.01993377054896,204.63092325151229,146.46992839672748,49.261444644947915
136,45952.0,45795.4290579185,45993.445109005945,46004.5212262909,45895.741999938495,-48.0,2.6037116337829502,-36.1287185608453,24.080974173564755,24.661904417756887
137,46208.0,45797.29084168452,46164.54193547481,46054.86281360991,45917.59100435318,-32.0,1.1247315853615873,-46.193496157102345,-26.227005876036856,7.328554632338637
138,45888.0,45797.67852108923,45901.05811669174,45952.06721453882,45910.39910920317,-248.0,-0.23517318495214568,-198.19323532437193,-70.76199180166805,-6.071939689845749
139,45712.0,45796.82049531461,45768.155464826064,45913.33883000657,45905.447124973485,312.0,-1.2437517855214537,262.6057418196906,61.94103047102908,4.72037201899002
140,46512.0,45795.191017518184,46426.26960033112,46075.94927548088,45919.83985324115,-72.0,-1.6712607894114626,-75.96669399584789,-55.41491678524835,-15.215279070278484
141,45568.0,45793.47797373579,45616.22207683437,45802.508996436074,45875.01656683293,-424.0,-1.3422735378044308,-378.23937772345016,-156.1857808267705,-29.4724580665752
142,45664.0,45792.506470442575,45669.79084488422,45763.57771382734,45860.894937108,96.0,-0.18695418339484604,82.52299247094197,10.8575743049405,-4.276882869526162
143,45760.0,45793.104065369,45781.26806177625,45824.224145045955,45866.462801093876,256.0,1.7409856438753195,217.8175257733019,92.758503741592,10.89100404056444
144,46176.0,45795.988441730326,46105.425896430825,45949.094721310525,45882.67694518913,-56.0,4.278362343058689,-28.712683191326505,11.417936919835483,1.5479913547133037
145,45648.0,45801.66079005512,45723.8426953936,45847.060018885626,45869.5587838033,0.0,7.1708260829836945,-2.3697240692345076,-2.504692982085544,-2.0402221956610447
146,46176.0,45810.33009389629,46100.686448292356,45944.08533534635,45878.59650079781,16.0,10.114143685477757,0.2759943605524313,-18.932015866095753,-5.83245796560368
147,45680.0,45821.88907742607,45724.394684114704,45809.195987153435,45857.893867872095,-184.0,12.799693023916916,-154.3183436041436,-70.29135461620172,-11.80793953211105
148,45808.0,45835.92947994413,45792.04976108407,45803.50262611395,45854.980621733586,-8.0,14.956801124419144,-12.09611761029737,-7.9420479825130315,-0.5642150518287963
149,45664.0,45851.80267967491,45700.20244889411,45793.31189118841,45856.76543776844,88.0,16.37626944096337,89.16493228057152,54.46521066866262,11.42308792327458
150,45984.0,45868.68201882605,45970.37962564521,45912.433047451275,45877.826797580135,248.0,16.923870620226808,202.0753049771738,83.3376799885009,15.752699690703594
151,46160.0,45885.650420915365,46104.35305884846,45959.98725116541,45888.270837149845,-184.0,16.55066921474645,-144.26127255448955,-52.45217070315266,-3.1424185727955773
152,45616.0,45901.78335725555,45681.85708053623,45807.52870604497,45871.541960434544,-88.0,15.28417417604578,-93.21057563104478,-56.694192097962514,-3.9517786935757613
153,45984.0,45916.218769267456,45917.93190758637,45846.598866969485,45880.36727976269,-104.0,13.206400145263615,-94.26563501804048,-29.63040559073852,3.643683316280658
154,45408.0,45928.196157546074,45493.32581050015,45748.26789486349,45878.829327067106,96.0,10.446206474971405,109.19428420921031,71.80297532575423,22.00351365777169
155,46176.0,45937.1111822174,46136.32047600479,45990.204817620994,45924.37430707824,392.0,7.164884337682452,337.4257167339274,149.03933156799394,32.96369536504062
156,46192.0,45942.52592622144,46168.177243968006,46046.34655799948,45944.75671779719,-104.0,3.5516704636538634,-87.2570121967401,-16.684980621768773,8.020246608812158
157,45968.0,45944.21452314471,45961.80645161131,45956.834856377456,45940.41480029586,-272.0,-0.1780864415668475,-237.33853430013914,-95.09427343330026,-5.721177486531815
158,45648.0,45942.169753338305,45693.50017536773,45856.15801113288,45933.31436282412,-56.0,-3.7883316320403537,-40.8053994049551,3.4021603218607197,7.165280669465574
159,45856.0,45936.637859880626,45880.1956528014,45963.63917702118,45954.74536163479,400.0,-7.0139221256140445,345.70287401440874,161.3007543988897,26.36826689240843
160,46448.0,45928.14190908708,46384.905923396545,46178.75951993066,45986.05089660894,160.0,-9.579137705182802,151.2107550041219,80.50010287481564,8.20807980459358
161,46176.0,45917.47958447026,46182.61716280964,46124.63938277081,45971.16152124398,-200.0,-11.238703249437094,-169.2029465386986,-79.80044577445005,-25.131299302756815
162,46048.0,45905.6645025882,46046.50003031915,46019.15862838176,45935.78829800343,-136.0,-11.81340282977908,-143.6169808947343,-119.9014401981658,-40.98380834038471
163,45904.0,45893.8527788107,45895.38320102017,45884.83650237448,45889.19390456321,-208.0,-11.229889680409542,-194.20082419810205,-143.9038748200437,-47.33469821205654
164,45632.0,45883.20472322738,45658.098381922944,45731.35087874167,45841.11890157931,-96.0,-9.570717181784858,-106.79290948249763,-103.81018426197261,-37.61905790492892
165,45712.0,45874.71134444713,45681.79738205518,45677.21613385053,45813.95578875335,-144.0,-7.065868451707502,-127.31408959189139,-71.52667796587411,-22.065323388294928
166,45344.0,45869.07298632397,45403.47020273916,45588.297522809924,45796.98825480272,0.0,-4.067419255763525,19.023834379782784,33.230150364353904,5.6818787895063
167,45712.0,45866.576505935605,45719.84505081474,45743.67643457924,45825.319546332365,424.0,-0.9933392203201947,355.6001021493212,171.21712905893946,33.99726884625852
168,46192.0,45867.08630788333,46114.670407037804,45930.7317809278,45864.98279249524,-24.0,1.7591801304261026,8.17739141207494,56.421236812464485,23.312385787641688
169,45664.0,45870.09486619646,45736.19983363889,45856.51890820417,45871.94431790765,-32.0,3.9037855565547943,-17.47140520444009,22.046581378453993,17.358741307787568
170,46128.0,45874.89387899644,46079.72759662892,45974.82494368471,45899.700275110816,136.0,5.325175064448558,102.165746134644,41.718507322893856,16.340970958710386
171,45936.0,45880.745216325355,45940.53132590818,45939.95592284996,45904.62625982507,-152.0,6.094378005320323,-116.53964117981741,-32.891059409772424,3.3572977055046067
172,45824.0,45887.08263500708,45846.64831426929,45909.042824865166,45906.414870521825,24.0,6.460645788178226,19.35855970756529,11.608314447792509,5.909354222847469
173,45984.0,45893.66650790171,45979.24844532331,45963.17255174554,45916.444968270764,128.0,6.777870866044395,108.84235767058635,43.71600275314995,6.652346162478352
174,46080.0,45900.63837673917,46064.33302961046,45996.474830371466,45919.71956284678,8.0,7.408489811365143,6.7497323394381965,-8.460306188346294,-4.739427281641838
175,46000.0,45908.48348752444,45992.74791000219,45946.25193936885,45906.96611370748,-112.0,8.633800115989288,-107.84556959732072,-77.09692131819247,-17.40514345392876
176,45856.0,45917.905976971146,45848.64189041582,45842.28098773508,45884.909275938924,-200.0,10.572397927237034,-180.89656750727227,-110.83045776622748,-20.611373971609282
177,45600.0,45929.628283378916,45630.954774987644,45724.591023836394,45865.74336576426,-56.0,13.135132841998711,-62.91324048995375,-55.39445198049361,-5.87874188645219
178,45744.0,45944.17624265514,45722.81540943591,45731.492083774094,45873.15179216602,-16.0,16.043904121539526,-14.062318372158188,0.6471018247466418,13.866016010062594
179,45568.0,45961.716091621995,45602.83013824333,45725.88522748589,45893.47539778439,40.0,18.88655936954092,54.165420024070045,73.33575745474081,36.59737550758291
180,45824.0,45981.949361394225,45831.14624948405,45878.163598683575,45946.346543181186,280.0,21.19235082425439,264.0473586609769,179.36017053947216,58.988472555862245
181,46128.0,46004.1007932705,46130.92485556528,46084.60556856483,46011.45234289611,352.0,22.53558520022125,314.4028839076236,184.74475416367568,59.27841685972817
182,46528.0,46027.02053179467,46459.9520172993,46247.65310701093,46064.90337690064,-16.0,22.616108191188687,-11.212751769471652,22.87409195156215,30.29620284956036
183,46096.0,46049.33300965288,46108.49935202634,46130.353752467956,46072.04474859523,-352.0,21.30449585590759,-288.95590514126525,-100.1224783089965,5.9436091243551346
184,45824.0,46069.62952350648,45882.04020701677,46047.408150392934,46076.79059514935,72.0,18.650728459830134,63.741890074292314,28.758473121441057,17.385376311587606
185,46240.0,46086.63446657254,46235.98313217492,46187.87069871084,46106.81550121841,400.0,14.863626738671883,333.85858603277666,114.39789767333059,23.36568112997702
186,46624.0,46099.35677698383,46549.75737908232,46276.203945739595,46123.521957409306,-296.0,10.261003692132363,-251.12637308828562,-85.56478010144929,-8.317445938639139
187,45648.0,46107.156473956806,45733.73038599835,46016.74113850794,46090.18060934113,-192.0,5.204439846260357,-181.60329038433701,-75.09223797768936,-11.232317601115938
188,46240.0,46109.76565667635,46186.55079831365,46126.019469784216,46101.057322207074,200.0,0.044174886166729266,173.49014658296073,52.28806616838483,3.9295789762945788
189,46048.0,46107.24482372914,46080.71067916427,46121.31727084471,46098.03976729372,56.0,-4.917380886708997,57.713276671966014,31.95643648285113,-0.515566548667266
190,46352.0,46099.93089490293,46301.97735165758,46189.93234274992,46100.02618910974,-32.0,-9.436037291914545,-28.846569218774675,-12.418756719835073,-10.61226872849511
191,45984.0,46088.37274914531,46023.01754072672,46096.47975740504,46076.81522983673,-112.0,-13.337485752243083,-83.87210729726212,-37.21270664235999,-18.570197781173192
192,46128.0,46073.25592339844,46134.233137063056,46115.5069294652,46062.88579354739,192.0,-16.51278153414387,142.38128165162198,12.780636792755104,-17.18514661196241
193,46368.0,46055.34718607702,46307.78010402997,46122.04103099055,46042.4449366128,-320.0,-18.91014202491715,-280.2513694462614,-116.4453829793747,-36.718610103951505
194,45488.0,46035.43563934861,45573.73039817053,45882.61616350645,45989.44857333949,-40.0,-20.531474634903134,-43.55861848070708,-42.11678573087556,-27.92393460634048
195,46288.0,46014.284236807216,46220.66286706855,46037.8074595288,45986.59706740012,248.0,-21.427637776578194,201.1065642777212,30.09502578675165,-17.92165256935914
196,45984.0,45992.58036379545,45975.943526725976,45942.80621507995,45953.60526820077,-352.0,-21.690944532307185,-285.0017067126828,-115.59813690886949,-34.51153578931189
197,45584.0,45970.9023477426,45650.65945364319,45806.61118571106,45917.5739958215,32.0,-21.437527194208087,8.013195133127738,-24.8894365133674,-19.352572588202747
198,46048.0,45949.705309407036,45991.96991699223,45893.02734205322,45914.90012302437,88.0,-20.781906843127217,61.160048310212005,8.929827368767292,-9.32886664590842
199,45760.0,45929.33853405635,45772.97955026361,45824.470840448594,45898.91626252968,-208.0,-19.80343956384604,-154.09261541054366,-36.321081380330725,-9.038047368205298
200,45632.0,45910.098430279344,45683.784686171144,45820.385179292556,45896.824028287956,224.0,-18.522042621774744,187.39888624453306,90.10692849024053,11.148967172677658
201,46208.0,45892.2944488128,46147.77732275268,46004.684697429075,45921.21419687504,160.0,-16.892070720427,145.2089308636132,82.64186685105597,10.05087843082947
202,45952.0,45876.31428883849,45974.20254789837,45985.66891299467,45916.925785149615,-104.0,-14.806792728628352,-62.56203536243993,-2.1813279370689997,-6.042122467941226
203,46000.0,45862.68086335554,46022.6532520278,46000.32204155494,45909.129951939154,208.0,-12.151369583993073,161.71696426843118,14.814149337737035,-12.339335613505682
204,46368.0,45852.011549670504,46297.63647643523,46015.29721167014,45892.2471139226,-312.0,-8.854614319709071,-296.0673900497022,-161.37622404972717,-40.67048232041634
205,45376.0,45844.97163471612,45430.51847192839,45677.56959345548,45827.78898729832,-408.0,-4.924866006778757,-375.29264823156336,-186.94282148691855,-41.86867725936827
206,45552.0,45842.16181765695,45547.051179972106,45641.411568696305,45808.50975940387,104.0,-0.49882439268913004,91.78860790426552,8.547759588978806,-6.453739924258116
207,45584.0,45843.973985930745,45614.095687736924,45694.66511263344,45814.881507449805,240.0,4.167014287835627,217.5229464494223,108.58610025385133,17.915823418428772
208,46032.0,45850.49584623262,45982.09707287095,45858.58376920401,45844.341406240725,128.0,8.730651802423381,118.48674948879125,77.21054117257518,20.076969102952717
209,45840.0,45861.43528953559,45851.06918671451,45849.08619497859,45855.03544565571,-104.0,12.818412945191085,-75.68195258389096,-4.95447673612216,11.445811697773024
210,45824.0,45876.132672123,45830.73316770317,45848.67481573176,45867.23302963627,16.0,16.09118634187689,13.329819504502666,11.926028619054705,14.359235462372453
211,45872.0,45893.617662219345,45877.72882572351,45872.9382522167,45883.753916580456,104.0,18.314195283597655,75.63978663788293,24.732562593289913,17.108582773205853
212,46032.0,45912.761062690195,45982.012740978935,45898.13994091834,45901.45019518268,-184.0,19.397286432129476,-145.65237984988198,-41.728340839184966,11.168788361363113
213,45504.0,45932.412235083604,45586.42406602375,45789.48157053833,45906.09149330318,24.0,19.393585257996165,27.051305536646396,34.08241488915155,24.74587278566105
214,46080.0,45951.54823320619,46036.11535205223,45966.304770696646,45950.941940754004,256.0,18.490295497427724,219.74839591651107,119.97558550663598,38.39754448851818
215,46016.0,45969.39282607846,46025.92085785677,46029.4327415516,45982.88658228022,8.0,16.966487879464694,39.40979508840974,69.84434163076003,30.28897064022749
216,46096.0,45985.48120896512,46114.93494222905,46105.993453958166,46011.51988203446,224.0,15.127422230903903,183.68879551751888,81.55743938564774,24.40929385596246
217,46464.0,45999.64767054027,46393.29844889181,46192.5476203229,46031.70516999214,-136.0,13.254748667044623,-118.04691636891584,-49.17202347381681,-1.4294535427070514
218,45824.0,46011.990706299206,45878.841109491215,46007.64940701053,46008.660974949045,-224.0,11.56787499669008,-197.3491244537945,-93.07350980710544,-13.811146295647632
219,46016.0,46022.78342053365,45998.60019998422,46006.40060070869,46004.08287740085,48.0,10.18367234131074,32.76009041407815,-6.048505947495869,-5.173953678153339
220,45920.0,46032.35805098183,45944.36129031937,45995.55239511554,45998.31306759274,64.0,9.118397870941408,67.56754193201414,26.92799196462147,-1.8541564284714696
221,46144.0,46041.02021627553,46133.73528384825,46060.25658463793,46000.374564543905,176.0,8.31026015091993,138.05041277011696,22.832481841353,-5.119774821640021
222,46272.0,46048.97857128367,46220.462115859606,46041.21735879825,45988.07351794946,-272.0,7.6403273960604565,-253.4350414502769,-134.4305464405552,-26.49737069697221
223,45600.0,46056.30087106765,45626.865200947694,45791.39549175682,45947.37982314996,-432.0,6.979909457222675,-376.7984574137881,-154.1241211630222,-23.324703642003442
224,45408.0,46062.93839019811,45466.86520103203,45732.9691164722,45941.42411066545,304.0,6.225376316393522,265.70958144453107,104.05818295148129,20.715493048766803
225,46208.0,46068.75162370044,46158.284363836756,45999.51185765978,45988.810809247494,336.0,5.329178335585311,311.45740578846744,162.29867001747334,36.42723904441664
226,46080.0,46073.59674686928,46089.780012608964,46057.56645650715,46014.278588754285,-48.0,4.31648332165787,-19.60428818298533,46.83782710093874,22.18170894450668
227,46112.0,46077.384590343754,46119.075787470785,46093.18751186166,46033.17422713651,96.0,3.2737555078238074,64.67471221573942,26.214811285342876,14.954349739047757
228,46272.0,46080.14425788493,46219.12943704044,46109.996079077835,46044.18728823238,-208.0,2.346392829906108,-170.33224986704954,-64.19339324491011,-0.377574492511485
229,45696.0,46082.077376003566,45778.411287736686,45964.80072537184,46032.419078151484,-24.0,1.6950579265067063,-22.628625981418736,-10.79499102007685,5.052743826679944
230,46224.0,46083.534373737944,46173.872185077606,46088.40609703768,46054.29277588574,176.0,1.4619801060362079,144.8218227289508,55.8084201846832,13.388336528543732
231,46048.0,46085.00133621564,46068.05493319459,46076.417565741205,46059.19575120857,-16.0,1.7346149327422609,-5.5425859100869275,2.2202515741228126,5.462762883260439
232,46192.0,46087.00360360343,46162.78701325743,46092.84660018593,46065.21830165226,-48.0,2.5256578142252692,-51.332853650008474,-33.14766546231476,-0.3165344736989937
233,45952.0,46090.05265184409,45965.38922589457,46010.122234816576,46058.562682261174,-160.0,3.7742972078231105,-130.45165788999657,-53.66324796106346,-1.3274852780268702
234,45872.0,46094.552198019075,45901.88369747744,45985.5201042638,46062.56333109621,112.0,5.346259880239813,85.91295897006421,32.15792157912438,13.528815389843658
235,46176.0,46100.74517160457,46137.2151438347,46074.438077974824,46085.62031304086,40.0,7.053591735420923,41.407165530752536,38.13701269844023,18.537997596697096
236,45952.0,46108.65938148992,45984.69802853894,46061.79412966068,46099.6393262896,-8.0,8.67189492916441,10.973027398940758,42.253116516196314,21.400979563219153
237,46160.0,46118.0889614629,46159.16119863258,46158.94431100722,46128.4222721673,192.0,9.96518897716669,170.26916325655475,96.62233685014871,27.20405948606276
238,46336.0,46128.58975944425,46325.23635505205,46255.03880336098,46154.04744526173,128.0,10.710308633151726,112.2569316797526,55.613894034249824,16.52754535751592
239,46416.0,46139.5095787292,46383.675061992086,46270.17209907572,46161.47736288233,-112.0,10.7252371566683,-103.18598309954177,-57.780654747406516,-5.296214235280786
240,46112.0,46150.04023375759,46118.86438885297,46139.477493866165,46143.455016791166,-264.0,9.88703073108627,-230.48872887427933,-116.95585827647301,-16.449595251608116
241,45888.0,46159.283640191374,45922.69760424353,46036.26038252277,46128.578172379115,-8.0,8.174336486772518,-22.67876339182476,-29.086920082005236,-2.8479357930918923
242,46096.0,46166.38890673113,46073.50686206932,46081.303653702154,46137.75914520498,32.0,5.694441706567886,38.34356817240041,37.6950980304573,11.26893008611296
243,45952.0,46170.67252360451,45999.38474058833,46111.650578583685,46151.11603255134,168.0,2.693338322442287,162.80158146062968,110.17221417337714,23.312688973928744
244,46432.0,46171.77558337602,46399.11002499058,46301.64808204891,46184.38452315284,264.0,-0.45362968232802814,235.27540935513025,124.82154448967776,20.88771675913813
245,46480.0,46169.76526423985,46469.93555929859,46361.29366756304,46192.89146606962,24.0,-3.3012931728662807,20.503330800973345,0.29241929565614555,-5.848483779740491
246,46480.0,46165.172997030284,46440.116686592526,46302.23292064022,46172.68755559336,-280.0,-5.419067234255635,-267.5351792931251,-147.94428660271296,-35.56953269659061
247,45920.0,46158.92712977134,45934.86520071234,46065.405094357615,46121.752400676436,-448.0,-6.486502570824086,-392.6257427688397,-164.12527910379504,-40.84753488309798
248,45584.0,46152.199991888636,45654.86520105485,45973.98236243263,46090.99248582716,512.0,-6.381569782461156,461.7021985479223,103.56844929132785,-5.410290557920234
249,46944.0,46146.16399020642,46858.26959780818,46272.54199294027,46110.931819560596,-48.0,-5.240544019310619,-41.886423795542214,-37.16937302222141,-21.71407528853524
250,45488.0,46141.718903850015,45571.09235346376,45899.64361638819,46047.56433525009,-448.0,-3.4418258890982543,-442.45286036702237,-167.0765683579848,-35.38926754799468
251,46048.0,46139.28033842822,45973.36387707414,45938.3888562243,46040.153284464606,32.0,-1.5242060557538935,29.090908981081157,-16.0603320517439,-7.80338656226013
252,45552.0,46138.67049173851,45629.274171425925,45867.5229522847,46031.95756212557,112.0,-0.07941872359879198,132.05160516594697,86.89557220275674,15.802155767243676
253,46272.0,46139.121500981026,46237.46708740603,46112.180000629814,46071.75759599909,392.0,0.38361043455734034,345.7578993257448,164.74704866001412,29.787913673477306
254,46336.0,46139.43771260762,46320.789970077414,46197.01704960473,46091.533389472526,8.0,-0.4397191135867615,7.272733058463928,15.345573777285608,7.552462947060121
255,46288.0,46138.24206275385,46252.01255352296,46142.871148184386,46086.862521893214,-376.0,-2.5878140661443467,-325.52980012682747,-126.71032732815365,-14.727741484650323
256,45584.0,46134.26208447533,45669.73036982376,45943.59639494842,46062.077906503226,-80.0,-5.8222182185563724,-70.59087118276148,-19.476555761753843,-0.8807200648298021
257,46128.0,46126.59762631674,46110.83081115744,46103.91803666088,46085.101081763554,408.0,-9.67103104501075,349.03018491041803,148.28066004289576,20.878229348509194
258,46400.0,46114.92002238531,46367.790739644595,46240.15771503421,46103.834365200244,96.0,-13.523580341374327,95.91362671011302,56.318535890444764,3.9250016966980183
259,46320.0,46099.55046563399,46302.65806457766,46216.55510844177,46092.95108515695,-168.0,-16.75056279844648,-151.84235217860987,-75.32505237156147,-22.2357257854419
260,46064.0,46081.41889678842,46064.106035287376,46089.50761029109,46059.36291362936,-280.0,-18.807872379591572,-238.02185285340238,-114.29369300513645,-33.82002584612201
261,45760.0,46061.93472087481,45826.61435887086,45987.967722431495,46025.311033464706,192.0,-19.31961901333125,149.08179046952864,12.443973356159404,-20.786328491423774
262,46448.0,46042.779658761756,46362.26961622643,46114.39555700341,46017.79025664651,-16.0,-18.14526785966882,-17.446682380046695,-40.37438692638898,-29.031263985863916
263,45728.0,46025.64418515547,45791.720994110765,45907.21894857872,45967.24850549298,-192.0,-15.392328466889012,-180.99530322582723,-117.56713413532998,-38.57932587888354
264,46064.0,46011.99500182798,46000.27900977478,45879.26128873275,45940.631604888746,-208.0,-11.386591837144806,-196.99531211394788,-120.32701547959005,-32.78532035979879
265,45312.0,46002.87100148118,45397.73036988287,45666.56491761954,45901.67786477338,-88.0,-6.595795405632089,-79.00852476846558,-35.41391230344743,-9.469846876694646
266,45888.0,45998.803411016714,45842.26196023785,45808.433464125854,45921.691911135356,232.0,-1.559482211003342,207.90150248694044,102.08527856924047,21.698641918741487
267,45776.0,45999.752037059174,45813.53337485675,45870.73547475802,45945.075148610864,168.0,3.202605906772078,158.93828890264558,109.66974801117613,31.836994906054315
268,46224.0,46005.20862283026,46160.13853804314,46027.772960148206,45985.365900947465,16.0,7.292987411336071,27.297853402073088,58.92396546429154,28.35904738397221
269,45808.0,46014.338011881846,45868.129081660896,45988.5834056866,46001.79324337881,-24.0,10.468578080031875,8.635951922216918,51.10214838169486,26.117004600284417
270,46176.0,46026.14577899032,46177.41044188757,46129.977256911596,46037.599910148034,384.0,12.662307152790163,316.3335696645445,118.3824796807894,28.88666227662543
271,46576.0,46039.662626187426,46500.796220989985,46225.34836504818,46059.56656793206,-256.0,13.959335681895027,-220.33366185672276,-79.95470933932302,-3.855013819371379
272,45664.0,46054.06445035411,45736.74311817413,45970.06783823295,46029.88988250929,-256.0,14.556267263291375,-232.63696603618155,-102.24660769875845,-11.382191297303507
273,46064.0,46068.77516071401,46035.52228891762,46020.85514965066,46036.80218533745,200.0,14.690733210914914,156.3906153316093,29.21488624304766,5.552412095035834
274,46064.0,46083.44591677594,46049.524348837345,46028.497610719045,46040.99470669936,-88.0,14.581284657186188,-58.37619589353926,-10.108733572098572,3.0422566968773026
275,45888.0,46097.93773002838,45918.76989713054,46000.637682506465,46042.88669873121,16.0,14.39927885729412,23.0950339458941,28.45891304064935,9.636326968404319
276,46096.0,46112.24447449053,46095.71441672913,46085.415436800344,46060.26736063617,200.0,14.244157616885786,175.5166032442794,79.4854726940539,15.594029936772131
277,46288.0,46126.42604526215,46269.8031036191,46159.60862789457,46074.07475860475,104.0,14.145122399339016,83.10420498547683,9.997505041515979,3.1111358988200664
278,46304.0,46140.53471928921,46261.92282670009,46105.410446883376,46066.48963243381,-368.0,14.0736631910695,-330.80228465649634,-153.4929575695096,-19.46064454924999
279,45552.0,46154.57337164429,45608.19853430611,45852.622712755554,46035.15346950625,-296.0,13.953593603779154,-260.1954796255377,-102.47637775004478,-7.178489452249778
280,45712.0,46168.441906496766,45741.53186744901,45900.457691383286,46052.13265352931,392.0,13.675023013634927,339.0553796454078,142.06382431937527,33.985816699529096
281,46336.0,46181.92341767156,46286.309293596925,46136.750361394304,46103.12510290531,256.0,13.118391567568324,238.26118487507847,136.6678507081706,39.348704521260515
282,46224.0,46194.6786896319,46218.05423719917,46173.79339279963,46130.83006257183,-144.0,12.152316165829689,-97.98387040189846,11.939727805140137,23.046462795115076
283,46048.0,46206.22805000322,46090.34155279313,46160.629817004585,46149.21802849554,112.0,10.65718138268494,83.9950795595978,43.15133270724618,23.448867348484782
284,46448.0,46215.99305239727,46386.044396318364,46260.09605821412,46177.7277972688,-24.0,8.542250505084667,-14.075174882949796,5.514270316598413,14.996158636702603
285,46000.0,46223.31255101339,46062.19120302723,46171.65835763778,46179.210345768945,-8.0,5.77428706687715,-12.897178154998983,-2.6085217574509443,10.443065788589593
286,46432.0,46227.54162653103,46360.250040008366,46254.87901469922,46198.61392884598,-72.0,2.3977829458272026,-60.69096297701981,-5.339835588954884,7.734279519336269
287,45856.0,46228.108116905045,45940.80927707319,46160.97868645987,46194.67890480762,104.0,-1.453982604205521,108.68551015545017,58.58901499059357,12.998921202015481
288,46640.0,46224.633661322616,46577.62106031927,46372.057044680405,46224.61177125001,264.0,-5.5592947138611635,220.83719711773665,77.10688056073559,9.163455004898424
289,46384.0,46216.98952747732,46382.48367130866,46315.19244758134,46213.005814817414,-224.0,-9.621957644041686,-202.71903246731017,-91.2683733083868,-20.155665691730974
290,46192.0,46205.38974603453,46172.182995384646,46189.52029806363,46184.30043986655,-352.0,-13.28940889955993,-309.38569900079165,-126.91200048589599,-29.09035295753347
291,45680.0,46190.4107096782,45763.71227330708,46061.36844660955,46154.82510890235,240.0,-16.211389023359516,209.42932274665873,62.53237185069156,-5.734075519085309
292,46672.0,46172.96696798781,46591.041640877964,46314.585041765014,46172.83228882838,248.0,-18.07722854819076,223.1988936718626,74.50911603797067,-6.951205632551137
293,46176.0,46154.25625258182,46210.110060650804,46210.38667868549,46140.922697637245,-248.0,-18.64939754288207,-210.3812769731412,-87.00502373677227,-33.66345630927026
294,46176.0,46135.66817290205,46170.27908693168,46140.57499429147,46105.50537620984,-40.0,-17.80932986508924,-68.4355390607343,-87.52418724828749,-38.942052616916044
295,46096.0,46118.63759285164,46073.238982529336,46035.33830418892,46063.03859240341,-232.0,-15.582846465236798,-210.84519175567402,-135.5675380080902,-44.11485418625307
296,45712.0,46104.502479971576,45748.58870342033,45869.43991827529,46017.27566783733,-160.0,-12.144956206335337,-141.70676200735033,-87.1784267759831,-30.499141174215765
297,45776.0,46094.34768043897,45789.825458514635,45860.98145063695,46002.04031005498,136.0,-7.817168460613175,110.36404766747364,34.032257680133625,-3.9333422796007653
298,45984.0,46088.86814305035,45969.31679875528,45937.50443363556,46009.40898327813,120.0,-3.0395253143506125,106.07533401704495,53.27519981638761,8.639122387055977
299,46016.0,46088.26862981027,46001.976126548725,45967.53185026973,46019.31855482909,-56.0,1.6784661365563807,-37.46003946293422,5.793341769029212,10.07549929241577
300,45872.0,46092.22507532346,45894.39671982941,45949.091117173615,46029.55998186296,0.0,5.829038310388569,4.404192427766247,20.104825490700023,18.119426127017505
301,46016.0,46099.92670643105,46010.78451140426,46007.74150125113,46055.55740708313,112.0,8.973587464908633,90.31034859615102,54.521134703074495,27.975295574324264
302,46096.0,46110.17225025328,46075.017417021714,46058.133386579764,46085.51057301161,-72.0,10.80689696313857,-40.680009273957694,31.458578618519823,29.42869457906272
303,45872.0,46121.540500357325,45929.42449285634,46070.658658488166,46114.41479624125,200.0,11.220828738085402,181.87223745145457,111.85460115248497,41.024963041701994
304,46496.0,46132.61390772945,46438.76189192462,46281.842588884734,46167.560499095016,200.0,10.32071804215957,182.80416135628548,104.10522483893146,36.72372780851583
305,46272.0,46142.181936441644,46295.03281556891,46278.86910816603,46187.862251858285,-32.0,8.394134846741508,-28.564998511137674,0.46107336431305157,16.09486535618271
306,46432.0,46149.40217742293,46381.63189490235,46282.76473561336,46199.75022980738,-192.0,5.8550483855033235,-165.2414461548433,-70.72200474598867,0.27548943946749205
307,45888.0,46153.89203321265,45964.54992325923,46137.42509867405,46188.41323073722,-32.0,3.172612282935006,-34.33235534697087,-20.627087602286338,3.6836624666975695
308,46368.0,46155.7474019888,46312.967184208406,46241.51056040879,46207.11755474078,80.0,0.762555888533825,73.25318199119283,40.840741939133295,10.660201740596676
309,46048.0,46155.41714498972,46111.05628724161,46219.10658255232,46209.73363421841,200.0,-1.0962840707070427,184.65120971661963,63.14931341968622,10.702761188556906
310,46768.0,46153.55483384739,46682.269603641646,46367.80918724816,46228.52307711789,-96.0,-2.300039883113641,-100.25443095040464,-51.3928016800819,-8.184403244627902
311,45856.0,46150.81706522349,45910.5474253408,46116.320979192154,46193.36482772916,-384.0,-2.9144979314805823,-327.44995651350837,-121.32771845992465,-18.29000800227368
312,46000.0,46147.72583798443,46027.36969061463,46125.15375032831,46191.94306111334,320.0,-3.1342405168907135,253.67071834696617,71.40964630030794,8.175386439848808
313,46496.0,46144.54858418971,46417.888862034735,46259.14027179277,46209.715600608855,-16.0,-3.2078025025039096,-0.03651840619932045,15.556657360844838,3.458319525958359
314,45968.0,46141.31023297942,46027.29665380223,46156.26706505,46198.85970016526,-136.0,-3.3370221303594008,-94.10893922136529,-8.73967421776615,0.6870845646662929
315,46224.0,46137.87453992899,46229.670983592005,46241.66092335724,46211.08976973819,288.0,-3.6203880743923946,230.7292477498122,94.22431998585671,11.584558059839765
316,46544.0,46134.069456830635,46488.755149301855,46344.715705021714,46222.02881628494,-32.0,-4.025868360928143,-17.140087780866452,3.4126341753326415,-5.159512639005698
317,46160.0,46129.822803207135,46195.39080803027,46248.4861917079,46200.77074446018,-144.0,-4.406946446018992,-116.41030112023509,-51.98641745985515,-19.219534601750638
318,46256.0,46125.2555639386,46255.934547061384,46240.742870102,46183.58974708144,96.0,-4.557586052804254,60.21647433801627,-15.371886554898083,-20.80151002466664
319,46352.0,46120.707631101526,46315.823756706304,46217.74241859811,46159.16772441084,-136.0,-4.296255651173851,-120.99200682354058,-90.1292422048391,-34.06363645005695
320,45984.0,46116.66305263625,46013.9505334143,46060.484385692325,46115.462474181324,-152.0,-3.5353524319652934,-152.12055622047046,-119.0158400596265,-37.132126520449674
321,46048.0,46113.636926237596,46011.58264426536,45979.710738478854,46084.903471369944,-200.0,-2.3255098412373627,-184.4546678221377,-114.9182779740404,-28.71382924288264
322,45584.0,46112.012032953775,45645.04119777003,45830.647829744245,46058.03481569556,-72.0,-0.8662560687771474,-61.335457645196584,-25.738993862483767,-3.166914889607142
323,45904.0,46111.90441410004,45888.91172897497,45928.23275075389,46078.56964159073,184.0,0.5464740058851021,168.42917607978234,109.70129638658182,29.26330797470655
324,45952.0,46113.104980965545,45981.89954992959,46050.05042251741,46116.56143164497,248.0,1.5847279116096615,242.48557060258463,170.84288302222922,46.21986163649126
325,46400.0,46115.07386992326,46373.88287018014,46269.918516798345,46171.00936486371,296.0,1.9753378061941476,261.3976711512332,154.82735268010583,42.99840146192582
326,46544.0,46117.05565657793,46504.69489223206,46359.70512787762,46202.55823456882,-88.0,1.5761155226755363,-65.71351678778956,-2.360824981911719,14.476781433553697
327,46224.0,46118.22610096861,46242.45583660456,46265.19686683452,46199.96292773082,-192.0,0.41580167766369414,-169.95987260469337,-73.90982762584099,-3.7971604514641513
328,46160.0,46117.88725993326,46164.77514702267,46211.88547262594,46194.963913665895,-64.0,-1.2995994472621533,-53.804954468509095,-27.368657895614888,-3.2508183816280507
329,46096.0,46115.62690207409,46134.84592766754,46210.45955104329,46193.46129096756,200.0,-3.2121450698141416,164.30041898257332,55.803853938999964,3.3704418500456086
330,46560.0,46111.46296979363,46493.37598498782,46323.49318050394,46201.70479736599,40.0,-4.887310549835092,25.409982259388926,-5.219780287388858,-9.671253733278718
331,46176.0,46105.85228097442,46185.66589218632,46200.019990468514,46174.118783501006,-312.0,-5.871065327781253,-259.3806318699135,-111.4631948011629,-27.680074689931644
332,45936.0,46099.72083913807,45974.61472124799,46100.56679090161,46146.34464798612,-24.0,-5.759779423722648,-17.977564698383503,-17.16980411609984,-17.25690311557264
333,46128.0,46094.33272212697,46149.71076278955,46165.680382236314,46139.60497726986,344.0,-4.2953954814547615,283.6498554893442,83.95378245286338,-6.159421852771629
334,46624.0,46091.13004817516,46541.91443222668,46268.47435580734,46134.02580428058,-80.0,-1.4129693830145698,-88.48770255674026,-74.96884852530638,-30.077882775254693
335,45968.0,46091.50678336094,45972.73535767607,46015.7426851857,46079.44921171935,-552.0,2.730223902333819,-475.23875304294415,-228.8603280287898,-49.004131975256314
336,45520.0,46096.59049597983,45591.43692614079,45810.75369974976,46036.01754033007,0.0,7.735345025819697,-24.113800831310073,-59.612135561059404,-17.630794372784294
337,45968.0,46106.97747341258,45924.50775601345,45896.51841406358,46044.18762297378,136.0,12.958451489801519,115.60960993991466,50.02392134560796,11.979463792406023
338,45792.0,46122.50739895943,45822.65614602062,45910.801542440975,46059.97646791488,24.0,17.547349643493362,51.42912011026783,73.68389959788692,29.187668336842762
339,46016.0,46142.07217269957,46027.36599623399,46043.88621325936,46102.56295964747,304.0,20.490714146664686,261.53983138331387,147.02777744805644,46.914639714959776
340,46400.0,46163.48882725276,46345.73580878725,46204.85709733709,46153.8057473448,48.0,20.696778127366997,47.048856489484024,63.39943274627876,38.93307506457495
341,46112.0,46183.4657289543,46121.463709212956,46170.685078751914,46180.42910977662,-232.0,17.11283749443828,-176.95355350950558,-4.829479209216515,30.044817920646892
342,45936.0,46197.71450224164,45991.82870176824,46195.198138918655,46213.89538318609,352.0,8.871703187134699,305.0121261079621,154.11212962606442,47.36104256877661
343,46816.0,46201.20913532857,46731.48796142888,46478.90933800404,46275.15119491417,152.0,-4.579159873192111,161.59544209354863,115.16586808740976,34.213371473790176
344,46240.0,46188.55618249525,46315.019585955335,46425.529875093474,46282.32212613367,-64.0,-23.350772435860563,-41.370445696869865,39.38547463617215,9.287037526184577
345,46688.0,46154.50759045685,46648.74707003514,46557.68028727639,46293.72526996654,176.0,-46.983657452754414,137.46283425552974,66.99055582110668,-8.31059266880402
346,46592.0,46094.588867589744,46589.945254466395,46559.51098673569,46265.700940796065,-96.0,-74.37407877372607,-69.07554323679506,-14.413807172852103,-44.33928213067338
347,46496.0,46005.7594329094,46510.59598356155,46528.85267293068,46205.046705705194,0.0,-103.79839392432405,-6.369353097088606,-14.231977339670266,-75.2018998056119
348,46592.0,45886.992079741096,46577.20654827222,46531.04703205635,46115.29714118484,-16.0,-133.00761335253992,-7.356693928231834,-28.282124846155057,-113.58470746111198
349,46464.0,45739.74420620432,46495.88259570509,46472.28842323837,45977.87729078297,104.0,-159.3940487431537,78.0890259582884,-54.614397198791266,-161.72598586271852
350,46800.0,45568.20398225479,46733.384600188794,46421.818237658765,45791.845169459404,-448.0,-180.24439339129458,-463.94130374213637,-450.4342395134772,-236.43986285059873
351,45568.0,45379.25541942173,45567.999988220814,45571.41994421142,45504.99756508177,-840.0,-193.033937145261,-806.6922914525203,-637.8151485783892,-289.99772612354354
352,45120.0,45182.13610796427,45120.00001728375,45146.187940501986,45211.84971721232,-504.0,-195.72555243510942,-478.1394969800531,-412.13803345843553,-288.55536200883944
353,44560.0,44987.80431455151,44611.72099426071,44747.14387729455,44927.88684106409,-184.0,-187.0416486519607,-209.86050949931087,-305.47212456016496,-265.5685340950149
354,44752.0,44808.052810660345,44700.27899828513,44535.24369138166,44680.71264902229,-280.0,-166.66991226953542,-305.86049707466736,-373.5668301285514,-250.73855959069624
355,44000.0,44654.46449001244,44000.00000011137,44000.010217037445,44426.4097218827,-760.0,-135.36589572980301,-703.612331900149,-489.1825427022086,-232.98244104544938
356,43232.0,44537.32101920074,43293.054334484834,43556.87860597724,44214.74776693139,-232.0,-94.92730993026998,-262.52716639436767,-273.4496412883782,-162.52456660474127
357,43536.0,44464.6098701519,43474.94566732264,43453.11093446069,44101.36058867322,-136.0,-48.06546765687017,-137.0945674807008,-145.2122042862029,-85.1191488245131
358,42960.0,44441.190083887,43018.86519952343,43266.45419740483,44044.50946928236,-192.0,1.8478120964318805,-148.04023325035087,-33.42963835344199,-2.62564592673516
359,43152.0,44468.305494344764,43178.865200821936,43386.251657753804,44096.10929681975,472.0,51.1272971663675,423.69860260338464,236.9232892258733,98.80529237837618
360,43904.0,44543.444678219734,43866.2624047302,43740.30077585658,44242.120054039115,384.0,96.16354340902035,369.33663036404687,272.1995060310619,162.91675992131786
361,43920.0,44660.632581162805,43917.53846155003,43930.65066981593,44421.942816662384,0.0,133.81841684052415,38.9683645699879,195.67522886731604,204.91990345638987
362,43904.0,44811.08151190078,43944.19913387018,44131.65123359121,44651.959860951894,432.0,161.76316424045945,433.23076925440546,426.6748383298909,267.4150373371085
363,44784.0,44984.158909643724,44784.00000005884,44784.00034647571,44956.7728913366,960.0,178.7240094380104,935.2634287413784,788.970859079549,313.45167495153146
364,45824.0,45168.5295307768,45814.725991352934,45709.59295175031,45278.86321085496,696.0,184.57679058090434,683.3189582168925,619.918850433558,294.8334800611083
365,46176.0,45353.31249080553,46150.637916492626,46023.838047342826,45546.43985145882,200.0,180.29702960585564,209.1015076028416,238.16411926393266,236.09863317679992
366,46224.0,45529.123589988514,46232.92900655862,46185.921190278175,45751.06047720856,128.0,167.74665914054276,126.9361228590642,143.0437380744297,180.97364961016865
367,46432.0,45688.80580908662,46404.510162210754,46309.925523491685,45908.387150679155,32.0,149.34185085931676,34.131966705903324,62.96709495936011,131.14603100455133
368,46288.0,45827.80729170715,46301.192939970424,46311.855380196896,46013.35253921766,-64.0,127.68420797380168,-37.352522388187936,13.857546803654259,91.2330154993906
369,46304.0,45944.17422503422,46329.80511743438,46337.640617098994,46090.853181677936,200.0,105.19426888054659,157.63776463584145,42.60554545159175,66.8433015441733
370,46688.0,46038.19582946824,46616.46846924211,46397.06647110008,46147.03914230601,-256.0,83.82056995620587,-226.0373659266661,-86.04091044886809,29.13791774337369
371,45792.0,46111.81536494663,45877.730385581046,46165.55879620126,46149.12901716468,-32.0,64.87543069731692,-39.099424542648194,-44.72827679819602,19.946325716908177
372,46624.0,46167.946690862875,46538.26962015681,46307.60991750369,46186.93179373982,72.0,48.98509040302088,58.17102391723529,-16.143919945730886,15.949366262131662
373,45936.0,46209.785545752675,45994.07243341552,46133.270956309796,46181.02774968895,-232.0,36.19070698253563,-196.0623754893786,-75.703483038993,6.347343433568312
374,46160.0,46240.328104827946,46146.14486917805,46156.2029514257,46199.62648060696,120.0,26.136340532546456,82.79678165281439,21.033470828759164,20.580054948361067
375,46176.0,46262.05822681777,46159.665996721145,46175.337897967314,46222.18785958567,-104.0,18.266299919498124,-68.14888885116306,18.803895525266853,24.87077195799793
376,45952.0,46276.86070466694,46009.84709147573,46193.810742476235,46249.368024522955,240.0,12.019991984168882,226.08935644603116,139.37821574703412,42.04856616343022
377,46656.0,46286.098210786105,46611.84470961321,46454.09432946138,46306.28499191253,320.0,6.9728146253291925,294.5483618907201,159.33075171584278,39.43121698519826
378,46592.0,46290.8063339176,46598.94381525717,46512.47224590792,46328.23045849335,24.0,2.8979661572448094,21.818181929796992,18.61403940049422,8.756989505494857
379,46704.0,46291.894143100595,46655.4810734728,46491.32240826237,46323.79897092352,-256.0,-0.24976917310414137,-237.25349010302307,-127.48863351436012,-23.44153902366088
380,46080.0,46290.30679557139,46124.43683505112,46257.4949788792,46281.34738044603,-288.0,-2.4114714629395166,-257.66394748341554,-145.07993994357093,-32.38422145518416
381,46128.0,46287.071200174716,46140.15317850597,46201.16252837523,46259.03052801315,112.0,-3.52327828759735,76.4822359847094,-19.751186316356325,-15.76532603222222
382,46304.0,46283.2602389962,46277.40130702054,46217.99260624649,46249.816728381586,16.0,-3.616406472232484,4.254663617251936,-26.17361900549804,-11.922963212487957
383,46160.0,46279.83838723025,46148.662505740474,46148.81529036423,46235.184601588175,-224.0,-2.8510144661631784,-185.426272577708,-74.76967070013416,-10.8728967140014
384,45856.0,46277.55821006387,45906.548761865124,46068.45326484622,46228.07093495358,8.0,-1.4956321750505595,10.630065450284746,25.86460690509557,11.489880113087565
385,46176.0,46276.84712288015,46169.922636641044,46200.544504174424,46258.16436181435,248.0,0.0960015521668538,232.98705798113951,144.3634914154136,34.20164495148492
386,46352.0,46277.750213168205,46372.5228778274,46357.180247677046,46296.47422485655,344.0,1.5477156620108872,305.2146303233858,159.22586734114884,35.533574285032955
387,46864.0,46279.94255420417,46780.351897287816,46518.99623885672,46329.231510384416,-112.0,2.524678165311343,-91.15388399898075,-10.68588939195979,6.018861047079554
388,46128.0,46282.79956949883,46190.21510982944,46335.80846889313,46308.51194695071,-232.0,2.7849386146481265,-198.31884841269857,-79.28353551703913,-11.693966086164437
389,46400.0,46285.51243143347,46383.71420046242,46360.429167822644,46305.84357821209,152.0,2.1996344527360634,112.07009294506133,4.83528284084241,-7.376189828024508
390,46432.0,46287.1988384043,46414.355295719564,46345.47903457481,46293.75956729466,-56.0,0.7380664366755809,-57.58242614503615,-58.21061596042273,-18.99603255268812
391,46288.0,46286.98856430682,46268.549348172346,46244.0079359018,46267.85151310671,-280.0,-1.5520666589800385,-243.05920668548788,-123.46713072211787,-26.91547853261727
392,45872.0,46284.09470508634,45928.23688234859,46098.544773130576,46239.92861022943,-64.0,-4.565004669417249,-59.128054080811125,-32.190776205934526,-9.52647236581106
393,46160.0,46277.858554967985,46150.293240010724,46179.62638348993,46248.79856837509,200.0,-8.156915596253384,173.52255771573982,90.89480210432157,13.309886564416956
394,46272.0,46267.78087389383,46275.28199778007,46280.33437733922,46266.54838335826,136.0,-12.148248895726283,141.39874666966716,104.87518251889196,17.477234151083394
395,46432.0,46253.56205717653,46433.09073335006,46389.37674852771,46283.753036677255,184.0,-16.329048619998503,163.26240232026976,87.73074545235795,9.792305152855988
396,46640.0,46235.122776653836,46601.80680242061,46455.795868243935,46286.132993663974,-16.0,-20.46349592021943,-22.24991882641916,-25.68294616181447,-15.313393330081453
397,46400.0,46212.63506533609,46388.59089569722,46338.010856204084,46253.12625001709,-304.0,-24.294481286546215,-270.2614282373106,-148.779583937805,-40.350431146027404
398,46032.0,46186.53381408074,46061.28394594599,46158.236700368325,46205.43213137192,-200.0,-27.547410334558663,-180.88722002127906,-116.65580565160053,-39.02251207657537
399,46000.0,46157.540244666976,46026.81645565466,46104.69924490088,46175.08122586394,144.0,-29.957888589055074,99.61478798196913,-1.18783301700023,-21.596844214782323
400,46320.0,46126.61803690263,46260.513521909925,46155.861034334324,46162.238442942355,-72.0,-31.288187631544133,-63.735324195098656,-30.907693399392883,-20.730860774470784
401,45856.0,46094.96386940389,45899.345807264464,46042.8838581021,46133.619504315,-192.0,-31.33618157343153,-144.43867832314572,-19.535247181182058,-14.737963411604142
402,45936.0,46063.94567375577,45971.63616526363,46116.79053997196,46132.762516119146,456.0,-29.958134530708776,396.2278291735529,164.30195185584307,8.981137610106089
403,46768.0,46035.04760034247,46691.80146561157,46371.48776181378,46151.58177953521,216.0,-27.08122202391678,193.4159835495957,56.44110274871127,-12.001647607172345
404,46368.0,46009.78322970794,46358.468132362825,46229.67274546938,46108.7592209048,-536.0,-22.729160136303108,-465.8868823183184,-210.9786436097056,-55.7845975851742
405,45696.0,45989.589280069864,45760.02770097493,45949.53047459437,46040.012584364864,-176.0,-17.040251598114992,-193.40771562953523,-153.37703357782448,-51.54600732169274
406,46016.0,45975.70272651171,45971.652701103754,45922.918678313734,46005.667206261416,16.0,-10.275937442987924,-10.111494352404407,-73.1524571237751,-34.86201779037947
407,45728.0,45969.03740518389,45739.804712270125,45803.22556034682,45970.288548784105,-208.0,-2.8099541590199806,-172.82442748299945,-82.0803377935008,-23.264230038101232
408,45600.0,45970.08281819367,45626.003846137755,45758.75800272673,45959.138746185214,8.0,4.903587562817847,16.218364556407323,34.911443743272685,6.807134710365062
409,45744.0,45978.844580309524,45772.24144138294,45873.04844783337,45983.902818204835,416.0,12.377369333786191,364.9620259310832,178.81466902331886,36.75921292986459
410,46432.0,45994.83755686124,46355.92789799992,46116.38734077337,46032.65717204494,128.0,19.14532695658272,125.80872284540965,85.53256332669116,28.787212442355667
411,46000.0,46017.13523422269,46023.85888707376,46044.11357448675,46041.47724308955,-264.0,24.819347310331068,-212.77457555736692,-50.216979043245374,10.893933199080493
412,45904.0,46044.4762514819,45930.37874688519,46015.95338268688,46054.445038443104,48.0,29.136101510903245,38.413594237361394,27.816499543572718,20.49004727571446
413,46096.0,46075.407437244496,46100.68607554848,46099.746573573895,46082.457337640975,224.0,31.966776864072017,193.73770640570729,85.66647767396353,27.335166079919873
414,46352.0,46108.409805210045,46317.8541596966,46187.286338034806,46109.11537060294,64.0,33.30168717149718,46.438882631144224,5.182933478314226,14.513801492113998
415,46224.0,46142.01081158749,46193.56384081077,46110.11244053052,46111.4849406252,-400.0,33.22834246543789,-340.06188926578034,-134.1176772390245,-3.2561829464793846
416,45552.0,46174.86649014092,45637.73038116504,45919.05098355676,46102.603004709985,-8.0,31.898829576537537,-17.341715559879958,-7.535965195384051,18.648214320281113
417,46208.0,46205.808470740565,46158.88040969101,46095.040510139755,46148.781369265766,256.0,29.490951826792298,229.3030131541891,119.50978165287233,43.21743301906827
418,46064.0,46233.848393794506,46096.33640747342,46158.0705468625,46189.03787074812,80.0,26.18970341680688,99.13803514950268,110.06531015399378,46.50839501976225
419,46368.0,46258.18787757418,46357.156479990015,46315.17113044774,46241.79815930529,232.0,22.183368392463308,206.6024724666786,130.68614880911628,46.450196522433544
420,46528.0,46278.21513057943,46509.54135240678,46419.442844480734,46281.93826379299,64.0,17.65885013345178,60.09163445062586,49.99313627335505,27.83701767734965
421,46496.0,46293.50557784108,46477.33974889127,46415.15740299445,46297.47219465999,-152.0,12.817158749527152,-125.5028590591537,-44.70673998905113,5.607540599998174
422,46224.0,46303.84944807849,46258.53563428847,46330.02936450263,46293.153344992985,-48.0,7.882240503433422,-46.12594316045579,-32.11335624050116,-0.8611824173567584
423,46400.0,46309.27005884795,46385.087862570355,46350.93069051345,46295.749829825276,80.0,3.1017699199874187,51.991541133644205,-3.6333287324632693,-2.6160236764408182
424,46384.0,46310.05298791846,46362.51871655576,46322.762707037706,46287.9212976401,-160.0,-1.269604615328717,-129.97556323582103,-58.786629956888646,-12.632467303170415
425,46080.0,46306.73084961729,46125.13673609871,46233.35743059967,46270.484895218935,-8.0,-4.971351802480058,-11.698299963463796,-12.726561138191755,-7.912157660222874
426,46368.0,46300.1102843135,46339.12211662883,46297.30958476132,46272.09698231966,80.0,-7.748296016397944,69.59596367426275,28.606946542306105,-3.183063783293619
427,46240.0,46291.234257584496,46264.32866344724,46290.571323684286,46264.11876765235,48.0,-9.40027850081242,46.84986405462041,18.54740076510643,-6.772276284689724
428,46464.0,46281.30972731188,46432.82184473807,46334.404386291535,46258.55242975028,32.0,-9.786826760529948,12.602404981207656,-20.964744246979535,-15.838716414560622
429,46304.0,46271.660604063436,46289.533473409654,46248.64183519033,46232.44133482323,-248.0,-8.8493856637906,-215.6210042801431,-113.44163350604504,-29.689028185886855
430,45968.0,46263.610955984295,46001.579836177785,46107.521119279445,46199.174373378504,-136.0,-6.6477537364917225,-120.05445634294301,-71.36015627115557,-21.708242775795952
431,46032.0,46258.36509659045,46049.42456072377,46105.921522648016,46189.024849271635,168.0,-3.350273551841383,134.96752816481967,35.361164692574675,-2.2982816432886466
432,46304.0,46256.91040888061,46271.514892507425,46178.243448664594,46194.57781009193,80.0,0.7687128011639288,59.66479432078995,9.443650348872325,0.08185132488506497
433,46192.0,46259.90252219278,46168.75414936535,46124.80882334576,46189.188551921405,-264.0,5.346613352307031,-218.98999631535844,-87.03021364594679,-5.52983057444726
434,45776.0,46267.60363558523,45833.53489987671,46004.1830213727,46183.51814894303,-56.0,9.966985870654753,-47.544750105091225,-6.534291286712687,14.70550446877678
435,46080.0,46279.83649393409,46073.664649155166,46111.740240772335,46218.59956085896,232.0,14.197138218660257,208.45299505430012,123.42733978580145,42.011389958872314
436,46240.0,46295.99791202255,46250.44088998531,46251.037700944304,46267.54092886078,248.0,17.625891816063813,228.98069075666353,144.81631064411704,50.31841444486054
437,46576.0,46315.08827756622,46531.62603066849,46401.37286206057,46319.23638974868,56.0,19.88592973483901,59.31529402564411,63.021592146549665,38.85728037533772
438,46352.0,46335.769771492225,46369.071478036596,46377.0808852374,46345.25548961145,-96.0,20.680187881698657,-77.19716244890515,-11.751534204464406,25.681874343343225
439,46384.0,46356.448653329615,46377.23170577068,46377.86979365164,46370.600138435366,-24.0,19.80713266066232,-25.681243412509502,-2.2761947599392442,24.674655745679047
440,46304.0,46375.38403681355,46317.70899121158,46372.528495717524,46394.60480110281,0.0,17.17773989573834,9.022241498772928,28.922949924643035,28.534902722589322
441,46384.0,46390.80413312109,46395.27618876823,46435.715693500926,46427.669943880544,144.0,12.836137416063139,133.94814139780647,89.04504453386835,35.248639971759985
442,46592.0,46401.056311645676,46585.60527400719,46550.61858478526,46465.10208104633,184.0,6.981609804624895,158.35545527489376,94.21218367696201,31.087241218101553
443,46752.0,46404.76735273034,46711.987099318016,46624.14006085485,46489.84442631675,-112.0,-0.029043990987702273,-73.68267809910321,9.591506497014052,11.63456658625364
444,46368.0,46400.9982236637,46438.23991780898,46569.80159777929,46488.37121421884,112.0,-7.690395211568102,97.08170922776117,46.56233581408742,4.545348613035458
445,46976.0,46389.386562307205,46906.15051777354,46717.264732483025,46498.93512354282,136.0,-15.384077492370125,99.03388714035827,18.095500945251842,-13.289334498880635
446,46640.0,46370.23006867896,46636.3076920897,46605.99259966979,46461.79254522108,-360.0,-22.444278199585824,-288.3043652353299,-128.27583297833917,-46.05295106068661
447,46256.0,46344.49800590803,46329.54178730288,46460.71306652635,46406.829221421445,152.0,-28.231687522962602,110.98095609419033,-42.92299988027662,-47.4218627285627
448,46944.0,46313.766693633035,46858.26960427808,46520.14659990924,46366.94881976395,-120.0,-32.213335097851086,-153.34783455545403,-152.49316666248342,-68.73296066929106
449,46016.0,46280.07133571233,46022.84611819197,46155.72673320138,46269.36330008286,-680.0,-34.018664893992536,-597.8071465717949,-294.55650010717,-84.91735467694889
450,45584.0,46245.72936384505,45662.65531113449,45931.0335996949,46197.11411041005,56.0,-33.47605437428501,33.08574861499437,-51.176333659030206,-41.59348415230852
451,46128.0,46213.11922696376,46089.01761542196,46053.37406588332,46186.176331778246,280.0,-30.613724484061095,231.4503813972733,85.02749913008302,-8.02896204289209
452,46144.0,46184.50191487693,46125.55607392904,46101.088597955066,46181.05618632427,-104.0,-25.637603228122316,-55.68117184771836,26.25883104927925,-3.2673361377637775
453,45920.0,46161.84402050752,45977.65527172652,46105.89172798188,46179.64165950272,248.0,-18.90484349583494,214.35677199870406,97.7489940177511,11.567556153586338
454,46640.0,46146.69222788526,46554.269617926446,46296.58658599057,46204.19129863144,8.0,-10.884242355721653,18.366193098336225,18.988151003970415,2.759204060293996
455,45936.0,46140.07553579607,46014.387657923195,46143.86802998982,46185.16006762331,-96.0,-2.118502666555287,-92.32864322208843,-48.78454100583258,-6.5732276269664
456,46448.0,46142.45522255215,46369.61233148227,46199.0175039789,46191.04484337751,-64.0,6.793113725085277,-79.16230190324131,-69.34177402147179,-6.962982076925982
457,45808.0,46153.661763246244,45856.06305411671,46005.184481946875,46171.234103469455,-272.0,15.2264458259815,-230.78537390832207,-95.24078105858644,-1.6490347345825285
458,45904.0,46172.90811420411,45908.041583665625,46008.53594186173,46187.746773908344,88.0,22.586954637561576,72.18644787701851,55.61943084571976,30.700009134310676
459,45984.0,46198.83567252137,46000.43594987075,46116.423343638315,46232.634121738076,168.0,28.353133924061694,174.57411555887666,174.09907359573845,57.319053916631674
460,46240.0,46229.614382052234,46257.18981478338,46356.73408905321,46302.38488174161,696.0,32.136068415962654,644.9168235919751,298.6777899414992,72.87000409061511
461,47376.0,46263.10780935329,47290.2695970547,46713.77892352131,46378.374129919306,64.0,33.738662689484045,55.405093471348664,25.934296228759194,26.10795467366188
462,46368.0,46297.0917074312,46368.000001726075,46408.602681510725,46354.60079108893,-880.0,33.185620232845395,-794.2695983404701,-284.87490125522163,-24.44329927592844
463,45616.0,46329.47904981898,45701.73040037376,46144.02912101087,46329.48753136745,88.0,30.72261245729169,75.20906747087429,-0.5589999944204465,10.561116846893128
464,46544.0,46358.536932345785,46518.418136667824,46407.484681521884,46375.72302478272,552.0,26.787707105086156,494.76055363204796,195.19790127195665,37.82164465440292
465,46720.0,46383.054464029155,46691.251507637855,46534.42492355478,46405.130820676255,32.0,21.941901539797982,29.090909159298462,34.152703810290404,13.664336927347904
466,46608.0,46402.42073542538,46576.59995498642,46475.790089142465,46403.05169863741,-368.0,16.78055709083128,-313.49978878441107,-124.73978984108544,-12.326537106968317
467,45984.0,46416.61557821082,46064.25193006903,46284.94534387261,46380.47774646232,-64.0,11.851107342772593,-69.24036350711322,-40.37207333354672,-2.7500648519817332
468,46480.0,46426.12295011093,46438.119227972194,46395.04594247537,46397.55156893345,192.0,7.571197365676198,164.46343776414506,67.62356984044163,12.951400917805586
469,46368.0,46431.75797294217,46393.17880559732,46420.192483553496,46406.38054829793,80.0,4.178692523702921,80.9536056117322,51.24278285487162,10.748006779376738
470,46640.0,46434.48033515833,46600.02643919566,46497.531508185115,46419.0475824922,8.0,1.7195721569951274,6.979829576615884,6.104778724180505,1.619413318883744
471,46384.0,46435.19711725616,46407.138464750555,46432.40204100186,46409.6193749357,-88.0,0.06313021347887116,-77.19565069231976,-40.92844668232647,-8.147238809720875
472,46464.0,46434.60659558529,46445.63513781102,46415.67461482046,46402.75310487276,-48.0,-1.0580223755641782,-53.32763788442753,-40.89011877116718,-9.928614819298673
473,46288.0,46433.08107250503,46300.4831889817,46350.62180345952,46389.7621452971,-104.0,-1.9783150694456708,-82.73600392081426,-33.741909631178714,-7.902852310806338
474,46256.0,46430.6499654464,46280.16312996939,46348.190795558105,46386.94740025115,112.0,-3.0331034305017965,100.495590834631,43.66438987763104,3.7326249666039075
475,46512.0,46427.01486564403,46501.47437065096,46437.950583214784,46397.22739523031,208.0,-4.496735219730908,168.68309393636446,52.73507926407183,4.541364740678546
476,46672.0,46421.65649500694,46617.52931784212,46453.66095408625,46396.030129732506,-296.0,-6.528707574951113,-247.87200213788674,-93.45915208541192,-14.995759011177142
477,45920.0,46413.95745049413,46005.73036637519,46251.03227904396,46367.23587720795,-80.0,-9.1384494750273,-86.62514918856687,-37.112535520303936,-6.432458664156002
478,46512.0,46403.37959605688,46444.279019464986,46379.43588304564,46383.165212404194,104.0,-12.185710574896802,94.99531855192981,62.12154552450011,9.487595816448447
479,46128.0,46389.58602934433,46195.72100347905,46375.27537009296,46386.21106884085,232.0,-15.406026162658236,226.15760789043634,119.47717209380426,15.956409878701379
480,46976.0,46372.567543731566,46896.59423524586,46618.39022723325,46415.0780321616,192.0,-18.446155107405502,167.73380151493257,64.30997075691266,0.8208649288244487
481,46512.0,46352.69371912952,46531.18860650891,46503.895311606786,46387.8527986985,-312.0,-20.922289045734942,-269.462596192363,-118.54725982307355,-33.4325935281704
482,46352.0,46330.722965640096,46357.66904286113,46381.2957075871,46348.212845105256,-144.0,-22.493947243830917,-145.17434934213088,-107.95175022612966,-39.82931133798411
483,46224.0,46307.70582464186,46240.83990782465,46287.99181115453,46308.19417602253,-16.0,-22.92031541608594,-32.62959591323306,-61.30799085531544,-35.80896028159623
484,46320.0,46284.882334807924,46292.40985103467,46258.67972587647,46276.59492454206,-104.0,-22.099037592455716,-86.38080161664402,-59.97222233982029,-33.769505253363604
485,46016.0,46263.50774945695,46068.07830459136,46168.047366474886,46240.655165515804,56.0,-20.104589509650395,36.05997651350481,-14.60867616413816,-24.707000750469888
486,46432.0,46244.67315578862,46364.529804061676,46229.462373548195,46227.18092304112,-40.0,-17.177511181744194,-40.899480221305566,-39.85380615259419,-23.71519632262425
487,45936.0,46229.15272709346,45986.27934414875,46088.3397541697,46193.224772870555,-144.0,-13.683045998805028,-126.85373916917888,-64.95274229364804,-21.094911527041404
488,46144.0,46217.30706379101,46110.82232572332,46099.5568889609,46184.99109998704,-48.0,-10.052804370148806,-41.3453898088228,-11.004420728346304,-6.184117884160514
489,45840.0,46209.04711835316,45903.58856453111,46066.330912713005,46180.856537102234,224.0,-6.71619162922434,197.72365220507345,79.9394801086055,12.908263970304688
490,46592.0,46203.874680532565,46506.269630133465,46259.43584917811,46210.80762792765,-16.0,-4.005286142084515,-4.929099618868349,26.822861054159148,10.891472221795993
491,45808.0,46201.03654606899,45893.73036529337,46119.97663482132,46202.639481545826,-56.0,-2.108762477830169,-41.352446162185515,16.529103053875588,11.563827695470536
492,46480.0,46199.657155576904,46423.564737809094,46292.49405528586,46233.93528331859,232.0,-1.0573512923001545,197.0667944969464,78.76444810747125,18.992565938693588
493,46272.0,46198.92184348439,46287.86395428726,46277.505531036266,46240.62461342321,-64.0,-0.7208641166107554,-56.381012085501425,-12.235758731461829,5.120560775780177
494,46352.0,46198.21542734368,46310.80271363809,46268.02253782294,46244.17640487015,-216.0,-0.8607464122942474,-183.0476724586988,-51.47172430185674,-1.8393883095486672
495,45840.0,46197.200350659805,45921.768609369865,46174.56208243255,46236.945836804116,240.0,-1.199787133384234,217.73344512702533,73.82058582588797,12.616723774164711
496,46832.0,46195.815853076914,46746.26960389214,46415.66370947471,46269.40985241848,168.0,-1.4920409809164994,138.84368842402182,32.933481779517024,4.33450823529347
497,46176.0,46194.21626869797,46199.45598621791,46240.42904599159,46245.6148532747,-424.0,-1.558867799849395,-370.4528635716342,-143.02014048733326,-20.314256480047334
498,45984.0,46192.698117477215,46005.363876748874,46129.62342850005,46228.781339458386,-96.0,-1.3183220582068316,-87.27272572466245,-37.99390324152046,-4.594446843391779
499,45984.0,46191.57962458156,46024.91053476858,46164.441239508546,46236.42595958792,360.0,-0.7681679065099161,306.8216629747076,125.0384307627719,20.26591810892569
500,46704.0,46191.161781664196,46619.00720269829,46379.70029002559,46269.31317567624,80.0,0.050213585105666425,86.41035030906278,53.10919552983978,11.15287487212845
501,46144.0,46191.68005175177,46197.73123538671,46270.659630568225,46258.731709332176,-184.0,1.080791603810212,-152.61979037804485,-45.71084417325255,-4.844880877448304
502,46336.0,46193.323364871816,46313.7676219422,46288.278601679085,46259.62341392134,16.0,2.2858665521707735,4.8744962664968625,-6.241728049593803,-2.9271247147698887
503,46176.0,46196.25178485611,46207.4802279197,46258.17617446904,46252.87745990264,64.0,3.6575895473797573,51.11374557599629,10.985660024471144,-2.902081023574283
504,46464.0,46200.638543966576,46415.99511309419,46310.24992172803,46253.81925187419,-32.0,5.206840456514328,-31.509549354541377,-24.801291876992764,-9.567245434733195
505,46112.0,46206.66546576914,46144.46112921062,46208.57359071505,46233.74296903317,-136.0,6.930988817795878,-109.22833783047827,-53.389535655453074,-13.989134389365063
506,46192.0,46214.50052160217,46197.538437433235,46203.47085041712,46225.84098309546,120.0,8.777959732797171,80.76949538878762,0.632684910633543,-6.2099367829359835
507,46352.0,46224.221385234734,46306.000119988195,46209.83896053632,46221.3230954673,-136.0,10.617604034552642,-121.53771750404485,-64.7124096126463,-11.051732854793954
508,45920.0,46235.73572967127,45954.463002425146,46074.04603119183,46203.737517385875,-224.0,12.233016921119997,-179.22210543732217,-58.769913748572435,-3.3987022121364134
509,45904.0,46248.687419076974,45947.55590911355,46092.299133039174,46214.525691043025,248.0,13.342470009705721,220.66923218181546,112.40266836692899,26.314458209308214
510,46416.0,46262.420669690684,46395.80146678878,46298.85136792569,46256.36643380449,392.0,13.633935510242736,337.4561116934419,147.97791884935577,33.85906445168439
511,46688.0,46275.95529009746,46622.468132500435,46388.254970737886,46282.243819946394,-280.0,12.831485006037838,-230.26578242829783,-60.46891181885803,5.589577139227913
512,45856.0,46288.08363970276,45935.26990193218,46177.91354428797,46267.54558808295,-176.0,10.765615919946868,-161.57561026522308,-49.38465430592987,5.879047540696774
513,46336.0,46297.48652193735,46299.31691196999,46289.485662126026,46294.00191502779,208.0,7.418995166426612,180.63156988773335,88.31494890106842,24.356422696233494
514,46272.0,46302.92163003561,46296.53304170765,46354.54344209011,46316.258433475414,104.0,2.9543354132110835,119.8813382759181,106.32950100913149,24.469440121392836
515,46544.0,46303.395192763775,46539.079588521825,46502.14466414429,46342.94079527057,240.0,-2.2964135364054528,217.94448942329473,126.67355412632969,16.629401558690006
516,46752.0,46298.3288029628,46732.42202055424,46607.89055034277,46349.517236592794,104.0,-7.878249456618505,95.45253480360407,33.69116136985758,-13.547696848138003
517,46752.0,46287.63869385054,46729.98465812903,46569.526986884004,46315.8454015743,-112.0,-13.300580730803631,-112.51407178004229,-129.60007001676422,-55.47956493978563
518,46528.0,46271.727641501195,46507.39387699415,46348.69041030924,46238.55810671322,-600.0,-18.129323862503952,-549.7398586203126,-310.49137142014297,-91.75938952541037
519,45552.0,46251.38004612553,45630.50494088841,45948.54424404372,46132.32662252348,-232.0,-22.05082650777331,-260.2457692074822,-201.87404424366105,-77.21515306357105
520,46064.0,46227.62598848565,45986.90233857919,45944.942321821916,46084.12780058608,-32.0,-24.929521629052033,-29.090909413280315,-63.13076131084017,-47.19243190809357
521,45488.0,46201.52100286743,45572.32312206185,45822.28272142204,46037.94175870729,56.0,-26.8259086486687,76.66698996210835,44.48176031113326,-18.688953943426895
522,46176.0,46173.97417118831,46140.236318503405,46033.90584244418,46046.74989269923,368.0,-27.954341172833665,319.46419278836765,140.57604224424358,2.345628626895632
523,46224.0,46145.61232052176,46211.25150763858,46103.434805910525,46042.63301596108,8.0,-28.619029883873736,7.272727328090696,9.246366421601124,-13.185225940087548
524,46192.0,46116.73611142056,46154.781773159586,46052.398575287385,46020.37944081905,-336.0,-29.15255474946389,-288.6439890921247,-120.83694297945112,-30.834603101080575
525,45552.0,46087.30721102283,45633.96352945433,45861.76091995162,45980.96380975892,-64.0,-29.845739004584175,-64.91747602251417,-35.75719535994722,-17.96744057218166
526,46064.0,46057.044633411395,46024.94682111456,45980.88418456749,45984.44455967469,232.0,-30.887502434678026,195.7173972330129,77.5653568996131,-0.4970221004987252
527,46016.0,46025.532206153475,46025.39832392036,46016.89163375085,45979.96976555792,40.0,-32.350449282257614,47.44312240761428,36.45326605878654,-6.27630583887003
528,46144.0,45992.34373484688,46119.833065929786,46053.790716685064,45971.89194799695,-32.0,-34.18888799128763,-26.399928341663326,-8.205558723257127,-16.683220161125064
529,45952.0,45957.1544301709,45972.59846723703,46000.480516304335,45946.60332523567,-48.0,-36.25273711987029,-44.24226250758147,-29.06994222856156,-25.55845649949697
530,46048.0,45919.83826060714,46031.34854091462,45995.65083222794,45920.775034997954,-24.0,-38.32062373915687,-24.50722174929615,-31.004267962420272,-32.1895384878153
531,45904.0,45880.513182692586,45923.58402373844,45938.471980379494,45882.22424826004,0.0,-40.154727888380876,-9.844398483968689,-39.942861658702896,-39.639574324912246
532,46048.0,45839.52880483038,46011.659743946686,45915.765108910535,45841.49588634813,-88.0,-41.50997255217953,-93.62556005832812,-88.82431701369205,-51.0535675945066
533,45728.0,45797.49323758823,45736.332903621784,45760.82334635211,45780.11711307103,-264.0,-42.1627499264323,-233.66232221597966,-138.53008938236962,-58.77291762355162
534,45520.0,45755.20330497751,45544.33509951473,45638.704930145796,45723.95005110103,-72.0,-41.941290353210206,-70.32230653341685,-62.76595113341318,-45.96955941494525
535,45584.0,45713.61065688181,45595.68829055495,45635.291444085284,45688.17799424114,136.0,-40.72185340327269,109.79464381497019,22.232235982130078,-30.563157147837046
536,45792.0,45673.75959817097,45763.92438714467,45683.169402110056,45662.82373680535,40.0,-38.42385292008839,27.85803231302998,-6.53734092020386,-31.813070595515455
537,45664.0,45636.76295104163,45651.40435518101,45622.216762244876,45624.55185305011,-216.0,-35.00449908785231,-175.49825605859223,-81.84425874273802,-40.244291102739226
538,45360.0,45603.75059999526,45412.92787502748,45519.48088462458,45582.335154599874,48.0,-30.461648223677912,26.162894983899605,-22.9954353080102,-31.09994072023983
539,45760.0,45575.839654594274,45703.73014514881,45576.225891628856,45562.35197160963,32.0,-24.823581915443356,9.452995865376579,-35.14204718129622,-29.86558440976296
540,45424.0,45554.103436164376,45431.833866758236,45449.19679026199,45522.60398578035,-280.0,-18.163856318256876,-232.72694459939157,-114.43070623587482,-34.81778654026493
541,45200.0,45539.51194195776,45238.276255950026,45347.364479157106,45492.7163985291,16.0,-10.602425580287672,-2.1763310580827238,-28.150071526331885,-15.251767324796674
542,45456.0,45532.8985850038,45427.48120464207,45392.89664720932,45492.100451130755,56.0,-2.3020215583164827,46.61097190239161,13.980491656882805,1.1890751581995573
543,45312.0,45534.90789884113,45331.49819975481,45375.32546247087,45495.094548845496,0.0,6.52095407723391,1.507993886803888,14.091546496983938,12.148825157011743
544,45456.0,45545.94049315827,45430.49719241568,45421.07974020329,45516.39810144478,-48.0,15.58517087429209,-28.51504526073404,28.294147834061732,24.32345767152583
545,45216.0,45566.07824058971,45274.46810923334,45431.913758138995,45543.74146418855,248.0,24.56420709500526,222.94395095207074,118.79089700520126,43.73043595319177
546,45952.0,45595.06890734828,45876.38509431982,45658.661534213694,45603.85897335116,152.0,33.09943662356818,137.20996871789612,80.07854318154568,42.71045783017689
547,45520.0,45632.27711383685,45548.88804666913,45592.07084450209,45629.1623798489,-240.0,40.80751187664646,-183.0568143050259,-30.555267460567848,30.761525490182976
548,45472.0,45676.68393110157,45510.27146570977,45597.55099929256,45665.38202433153,200.0,47.31266762478117,152.7407475894579,68.25565443675441,45.888745699201536
549,45920.0,45726.90244908641,45854.36954184805,45728.582153375595,45720.939871247305,8.0,52.27222134247495,15.945785378538858,35.32223077083472,45.60484047814316
550,45488.0,45781.22837378652,45542.163036466845,45668.19546083423,45756.591705287814,-72.0,55.40249090712314,-41.39132304697705,29.711037875746115,49.08141930489728
551,45776.0,45837.70743090066,45771.586895754095,45788.00422912709,45819.1027098571,240.0,56.51820015557678,207.35833805772563,125.81088285639999,64.66614006214513
552,45968.0,45894.264774097675,45956.8797125823,45919.81722654703,45885.923985412104,120.0,55.54603199766643,129.69137973966644,107.72161069345384,62.717474825607496
553,46016.0,45948.79949489599,46030.96965523343,46003.447450513995,45944.537659508314,176.0,52.53519107627653,148.93821881827898,77.35394922396154,55.04055707162479
554,46320.0,45999.33515625023,46254.756150218855,46074.52512499495,45996.005099555354,-288.0,47.66669966706468,-252.61962725525882,-51.659763021565595,35.267695024809655
555,45440.0,46044.13289423012,45525.73040072291,45900.127924470864,46015.073049557934,48.0,41.230113891379006,54.93563548754537,55.66676171134168,47.82160248047512
556,46416.0,46081.79538403299,46364.627421193945,46185.858648417634,46091.648304516304,416.0,33.59598166052456,376.91161840677523,170.66004815559063,60.357670184188464
557,46272.0,46111.32485755117,46279.55363753646,46241.448020782045,46135.78838992631,-80.0,25.17972492516128,-47.30559597518004,40.31338275543749,37.329504906319926
558,46256.0,46132.15483388331,46270.016229243585,46266.48541392851,46166.307314328944,88.0,16.39706214884791,60.54373792506158,30.28010011071092,26.034290119077923
559,46448.0,46144.118981848864,46400.641113386584,46302.00822100347,46187.85697016447,-120.0,7.629685616251663,-106.16954892410286,-37.47308242330109,8.542504343749897
560,46016.0,46147.41420511581,46057.67713139538,46191.53924908191,46183.392323016444,-176.0,-0.8047209545620717,-134.57832501428857,-22.6993473806142,3.904969002796861
561,46096.0,46142.50953993974,46131.48446335801,46256.60952624224,46195.66690817006,448.0,-8.66245867697944,384.2962408188323,145.3750402814585,17.257930562122056
562,46912.0,46130.08928776185,46826.269613033044,46482.289329644824,46217.90818414069,112.0,-15.774327909908607,94.25775897022322,10.824468224993325,-12.46331482234018
563,46320.0,46110.96088411992,46319.99998129845,46278.258462692225,46170.74027852538,-584.0,-22.03250539207147,-508.3461118714549,-224.90163560648944,-54.630891689041164
564,45744.0,46086.02427697771,45809.577389290134,46032.486058431845,46108.646400762605,-144.0,-27.35794029059616,-141.65039512465955,-101.52937504445435,-43.8615577246419
565,46032.0,46056.24500353873,46036.699191049134,46075.19971260332,46083.017163076096,312.0,-31.666053042394196,250.6177570046748,64.31351047313365,-23.078379532704275
566,46368.0,46022.69217089292,46310.812903299484,46161.11307937811,46062.4896416972,-32.0,-34.83880989250247,-11.821771252216422,-17.53009353615562,-35.80303929403817
567,45968.0,45986.567383753725,46013.0556485447,46040.139525531005,46011.41108448802,-72.0,-36.712242844540015,-72.47901203127913,-84.9037910816005,-48.90800298477552
568,46224.0,45949.26768520384,46165.854879236926,45991.30549721491,45964.673635727646,-328.0,-37.066577108576894,-307.66262777736483,-165.18127970863497,-59.70376697399479
569,45312.0,45912.43422953657,45397.73039298997,45709.776966113735,45892.00355054003,-136.0,-35.65308755967271,-136.1212713794448,-82.64004804431534,-43.66990766061281
570,45952.0,45877.9615100845,45893.612336478036,45826.02540112628,45877.33382040642,184.0,-32.241766912400635,170.32863061483295,53.26113557568897,-18.403039113287377
571,45680.0,45847.95069571177,45738.38765421964,45816.29923726511,45855.197472313455,168.0,-26.67017909993956,154.32864329699078,58.423454771389515,-13.376474477296142
572,46288.0,45824.62115188462,46202.26962307202,45942.87231066906,45850.58087145183,-80.0,-18.913704200826032,-77.40418885991312,-45.99077126152042,-26.487557289034157
573,45520.0,45810.12328731012,45583.57927649981,45724.31769474207,45802.22235773539,-224.0,-9.144331760759087,-205.7747454579876,-116.39576855595078,-34.247395829668676
574,45840.0,45806.3324883631,45790.72013215604,45710.08077355716,45782.08607979249,-16.0,2.2505520706254174,-39.25848356354618,-79.19653440633556,-23.031973953275156
575,45488.0,45814.62439145137,45505.06230937272,45565.9246259294,45756.15840982884,-232.0,14.665142561301764,-200.3462759197282,-105.1938346630559,-12.519749472208787
576,45376.0,45835.6627734857,45390.027580316586,45499.693104231046,45757.04658084807,-56.0,27.32342625189267,-44.89682747322513,-4.384969582828489,19.940500061638886
577,45376.0,45869.271243955154,45415.26865442627,45557.154686763744,45796.039409952115,240.0,39.3458882189625,221.58434624103757,148.03892591457043,59.994799601645354
578,45856.0,45914.35454992363,45833.19627279866,45795.77095606019,45877.036180051364,320.0,49.84137006491801,303.90898236567955,208.50174732653977,82.04857910181818
579,46016.0,45968.95398408499,46023.08661915763,45974.158181416824,45960.13656815575,248.0,58.01642734390043,225.3234421470952,157.4663160650416,80.30721651217391
580,46352.0,46030.38740461143,46283.84315709285,46110.70358819027,46037.65061307571,-104.0,63.25493105010537,-80.02767660050085,15.89720086858506,61.79657557374958
581,45808.0,46095.4638461852,45863.031265956626,46005.952583153994,46083.72971930325,-192.0,65.175588663089,-145.65556135309816,-5.774713459275517,59.86559219269839
582,45968.0,46160.73858193761,45992.532034386655,46099.15416127172,46157.38179746111,288.0,63.67178932583556,252.1609403633047,158.7786587535811,83.1211680309134
583,46384.0,46222.80742483687,46367.353146683236,46323.509900661156,46249.97205536508,312.0,58.907251289980195,291.5868457127435,194.11068972001885,85.8888606722212
584,46592.0,46278.55308451757,46575.70572581214,46487.37554071176,46329.15951880555,128.0,51.293899806492846,126.88120818960306,111.55341040647545,66.04543938075221
585,46640.0,46325.39522444986,46621.11556306244,46546.61672147411,46382.06293412658,-64.0,41.465209504956874,-49.01234743750683,12.549541499407496,40.006562027359905
586,46464.0,46361.48350352748,46477.68103093713,46512.47462371057,46409.17264286027,-96.0,30.20615983710377,-75.02937743968869,-9.904785908245685,24.368340876706498
587,46448.0,46385.807544124065,46471.056808183064,46526.807149657616,46430.799615879994,128.0,18.398653081738303,108.65981816126077,53.73610077584817,20.766953813719738
588,46720.0,46398.28080969096,46695.00066725965,46619.94682526227,46450.70655048771,112.0,6.953146773586923,98.94719537482524,43.1130882357902,6.442262132099131
589,46672.0,46399.71383767124,46668.951198932715,46613.033326129196,46443.68414014419,-48.0,-3.283966668903304,-41.29347366335787,-36.39683606847029,-18.43820333630356
590,46624.0,46391.71287635315,46612.413719932934,46547.15315312533,46413.8301438151,-104.0,-11.60964584557587,-114.46887933511607,-104.30359644120836,-40.36248913833697
591,46464.0,46376.49454598009,46440.01344026248,46404.42613324678,46362.95916186752,-336.0,-17.542984926709323,-292.3330783580386,-172.5139532551584,-55.92302385420771
592,45952.0,46356.62690649973,46027.74756321686,46202.12524661501,46301.98409610669,-8.0,-20.882896400322352,-33.52806096135464,-77.23826332426324,-43.47586095549559
593,46448.0,46334.72875317944,46372.95731833977,46249.94960659825,46276.00743995653,-24.0,-21.721657802489062,-30.003653178217064,-51.20083671762768,-34.576284152335575
594,45904.0,46313.183590894754,45967.74025686042,46099.723573179755,46232.831527802016,-104.0,-20.416068950900808,-86.51577717723922,-52.3642468286198,-26.73433576440948
595,46240.0,46293.89661527764,46199.925763985295,46145.22111294101,46222.53876842771,56.0,-17.51421554801709,31.814327051357395,-1.891903768235352,-11.16582095292324
596,46016.0,46278.15515979872,46031.36891096314,46095.939765643285,46210.49988589617,-128.0,-13.648647571826586,-91.7122982064866,-9.311464476086257,-2.3138882367275073
597,45984.0,46266.59932013399,46016.50116757232,46126.59818398884,46217.91099195425,152.0,-9.425580829265527,147.63809447081076,101.95751033997658,19.106655655796203
598,46320.0,46259.30399814019,46326.64509990476,46299.85478632324,46248.71319720776,392.0,-5.32808178218329,343.36943185625205,163.183995496016,27.23786511389335
599,46768.0,46255.94315656962,46703.240031284826,46452.96617498087,46272.38672218204,64.0,-1.651581922200421,52.795087804213836,-4.40552385193223,-1.1071389166172594
600,46448.0,46256.00083429579,46432.23527551319,46291.04373861937,46246.49891937453,-640.0,1.491200102322182,-564.7548159575999,-240.40056705180905,-35.96285683878523
601,45488.0,46258.925556774266,45573.730399369626,45972.165040877255,46200.46100850447,-128.0,4.132647898419236,-132.98785809606852,-76.79617730349491,-10.41486044483463
602,46192.0,46264.26613009263,46166.25955932105,46137.451384012384,46225.66919848486,440.0,6.384103383403271,381.8883731091846,138.0120351413243,26.89164990462814
603,46368.0,46271.69376354107,46337.507145587995,46248.1891111599,46254.244308313726,0.0,8.355351944974245,18.78331420693212,50.83228272746783,22.88732524455554
604,46192.0,46280.976833982575,46203.826187734914,46239.11594946732,46271.44384897397,-112.0,10.089211337763118,-74.55001917849586,14.48481304107554,21.171733108942135
605,46144.0,46291.8721862166,46188.407107231,46277.158737242054,46296.58777453161,264.0,11.526681630864914,219.32542886656302,104.62215639576243,32.77331428422258
606,46720.0,46304.030197244305,46642.47704546804,46448.360262258844,46336.990477542415,56.0,12.518064368068735,53.74619236176295,35.38165614621539,21.252226887925644
607,46256.0,46316.908314952736,46295.89949195453,46347.922049534485,46339.09222830746,-176.0,12.861612522730866,-147.08009374087123,-54.47718795711626,6.256362180418364
608,46368.0,46329.75342228977,46348.3168579863,46339.40588634461,46349.50320190325,-40.0,12.367655528963951,-45.998344036732306,-22.813220017564163,9.486133690952556
609,46176.0,46341.643626010664,46203.902803881065,46302.29560949936,46358.06449568937,-24.0,10.915467156864906,-4.900034699898242,26.03752790442377,17.664518570585642
610,46320.0,46351.5843566035,46338.5167885865,46391.48094215346,46384.83223904442,256.0,8.50631254108157,227.19792763793157,124.92580373082819,30.009355307276564
611,46688.0,46358.65625109283,46658.29865915693,46552.14721696101,46418.08320630392,192.0,5.295569619851449,171.27516635508073,92.73988328805717,19.75512757469187
612,46704.0,46362.1754958432,46681.06712129666,46576.96070872957,46424.34249419381,-104.0,1.5754470629326534,-91.89593137694828,-38.7061538666494,-7.723587400425458
613,46480.0,46361.80714521869,46474.50679640303,46474.734909227715,46402.63603150307,-280.0,-2.2711853063119634,-234.02634287847468,-104.85834488800538,-25.574661115580966
614,46144.0,46357.633125230575,46213.01443553971,46367.24401895356,46373.193171962645,160.0,-5.827855657706095,120.6473355017406,4.131119202633272,-17.98320094229348
615,46800.0,46350.15143390328,46715.80146740651,46482.99714763298,46366.66962961848,80.0,-8.719731113349553,44.72685023288432,-42.74829750409481,-28.190060863238614
616,46304.0,46340.193663003876,46302.46813600548,46281.74742394537,46316.81305023617,-576.0,-10.670264011801919,-491.0355360477297,-212.37601171492133,-49.21592687050361
617,45648.0,46328.810905879676,45733.73039531105,46058.24512420314,46268.237775877475,96.0,-11.533011826879374,59.588126513572206,-18.379737640661915,-17.563385564822966
618,46496.0,46317.12763935012,46421.644389032626,46244.98794866405,46281.68627910652,208.0,-11.304330675469828,186.50493290607483,61.23679879293559,2.732817184376472
619,46064.0,46306.20224452874,46106.7402611232,46180.71872178901,46273.70341024623,-136.0,-10.103750314901845,-101.2028222934241,-5.909865980531322,2.502301652017195
620,46224.0,46296.920138720314,46219.23874444578,46233.16821670299,46286.690882410556,104.0,-8.13506214444351,88.69220555147331,57.03360326546681,16.122016284854908
621,46272.0,46289.93212023985,46284.12467222615,46294.78592831994,46305.94744281594,144.0,-5.635917955289187,125.50928891113654,73.01067577693175,20.953932546177384
622,46512.0,46285.648302809735,46470.25732226805,46379.18956825685,46328.59874750291,-48.0,-2.8348964909855567,-22.580738617827592,17.998424065335712,13.481242062120145
623,46176.0,46284.26232725788,46238.963194990494,46330.782776450615,46332.90992694018,104.0,0.07204931764135836,83.52184767489962,28.98459641906811,12.156675784277468
624,46720.0,46285.79240144502,46637.30101761785,46437.15876109499,46352.912099071465,-56.0,2.9333319842808123,-59.73991442710758,-35.044634808135015,1.6477770848578075
625,46064.0,46290.12899122644,46119.48336613628,46260.693506834345,46336.20548110989,-232.0,5.646782419149531,-195.81799565646725,-78.11850084346952,-3.096343906076072
626,46256.0,46297.08596628332,46245.665026304916,46280.92175940805,46346.71941125931,88.0,8.140501241770835,74.50679169323121,32.68913227772282,15.04990071238717
627,46240.0,46306.40999370998,46268.49694952274,46326.07177138979,46366.30528253467,184.0,10.350152216477,165.31667083152206,88.18589767664162,25.901135402087675
628,46624.0,46317.78627071627,46576.29836796796,46457.29355476133,46398.52168206349,88.0,12.212066816504375,69.29325828503352,47.86856075220203,20.942483631992218
629,46416.0,46330.83412734299,46407.08346609281,46421.808892894194,46408.19024979865,-272.0,13.655876576714945,-213.7975714110944,-32.58021542003553,9.278080225099984
630,46080.0,46345.0980238697,46148.70322514577,46392.13312392126,46417.07784251369,424.0,14.601845861085167,385.59306590810957,126.39079298769866,25.74148484072066
631,47264.0,46360.03781906516,47178.26959790903,46674.59047886959,46459.67321948009,72.0,14.977036516200315,38.41432128374072,-12.247405616879405,2.3790379404090345
632,46224.0,46375.0520969021,46225.53186771325,46367.6383126875,46421.83591839451,-768.0,14.740141347137978,-683.0355317311696,-235.13300983833324,-27.945505165862414
633,45728.0,46389.51810175944,45812.19853444669,46204.324459192925,46403.78220914837,312.0,13.897884554935445,274.7213340179187,74.84837610188333,15.735401211277349
634,46848.0,46402.84786601197,46774.97453574909,46517.33506489127,46453.30672081706,352.0,12.523028065184917,330.586684996797,147.67813814397232,29.789847709551395
635,46432.0,46414.56415788981,46473.37190444028,46499.68073548087,46463.36190456747,-128.0,10.751184991873743,-94.74310910740314,16.1860383300409,11.623278978779126
636,46592.0,46424.35023599572,46585.488317534284,46549.70714155135,46476.55327877462,112.0,8.764041827733308,79.55800076540254,28.879976846150385,7.419038145882951
637,46656.0,46432.09224154527,46632.48790597109,46557.44068917317,46478.19998085924,-80.0,6.767568028059031,-70.56088170773728,-41.546107791593386,-7.24329887242493
638,46432.0,46437.88537205184,46444.36655411881,46466.61492596816,46462.06668102977,-144.0,4.949455342823057,-126.2885812582208,-73.51830022092327,-14.629965777974576
639,46368.0,46441.99115223092,46379.910743454646,46410.404088731324,46448.94004930329,24.0,3.4429635981214233,-4.902093390923255,-35.00879287118005,-9.079629261319496
640,46480.0,46444.77129924808,46434.56236733696,46396.5973402258,46443.90742250713,-208.0,2.3108849190284673,-172.5365394328801,-55.50807839262416,-6.837255670801824
641,45952.0,46446.612922068976,46034.837664588886,46299.387931946076,46435.265537961684,208.0,1.5489183643112483,187.85362622794855,76.48455769331485,15.52139235263894
642,46896.0,46447.8691359767,46810.26961979286,46549.56645561243,46474.95020721241,184.0,1.0956037528376328,166.95234431081553,76.96175147256872,18.632179611344327
643,46320.0,46448.80412957465,46368.74235321052,46453.31143489121,46472.52989718437,-248.0,0.8681877488888858,-191.377796703895,-29.59930327561233,5.206184831182327
644,46400.0,46449.60551147448,46427.51402638507,46490.36784906121,46485.36257687477,248.0,0.7958292006187548,196.34180509988437,82.24033870059793,17.100808534141834
645,46816.0,46450.39578797589,46761.425963410285,46617.79211229241,46506.73151425266,72.0,0.8298182087346504,61.0417540766648,28.320319377406122,5.905513090514432
646,46544.0,46451.26514789195,46549.5975345384,46547.00848781602,46497.1736030558,-232.0,0.9512703073087323,-183.84075617989583,-69.27938056837593,-11.899231044066255
647,46352.0,46452.29832859051,46393.744451050494,46479.23335115566,46482.933052164524,80.0,1.1683504918546532,52.86917176456336,-4.158461082533904,-7.6938982830506575
648,46704.0,46453.60184887566,46655.335878067526,46538.69156565095,46481.7858064897,40.0,1.4785844677135174,18.270817354678,-23.196002679229423,-12.257955350338307
649,46432.0,46455.25549752593,46430.28608575985,46432.8413457972,46458.41714146385,-280.0,1.8465720058957231,-233.61936350840915,-105.42954695515436,-22.04780795265833
650,46144.0,46457.29499288745,46188.09715105071,46327.83247174064,46437.690190584384,-24.0,2.204756427592656,-21.703179455606005,-13.092638186230033,-6.042441350247827
651,46384.0,46459.66501038112,46386.87972684864,46406.65606942474,46446.33225876335,256.0,2.44725243429275,213.181210041108,90.15163239646427,11.758681117134984
652,46656.0,46462.18949775604,46614.459571132924,46508.13573653357,46461.207552818654,8.0,2.4514971382013755,19.877699948916415,27.54753537561919,5.135671696240024
653,46400.0,46464.56800465752,46426.63512674647,46461.75114017598,46456.60360215583,-64.0,2.1147782000007282,-54.64881065408554,-15.509026269603055,-1.7737705550352985
654,46528.0,46466.41905415604,46505.16194982475,46477.117683994366,46457.66001170858,-40.0,1.392505346560938,-35.66342779795377,-10.074614184428356,-2.460589861817425
655,46320.0,46467.35301535064,46355.30827115056,46441.60191180712,46451.6824224322,16.0,0.30389529884632793,26.68767707862935,25.285183716310712,0.6065318452201609
656,46560.0,46467.02684475373,46558.53730398201,46527.68805142699,46458.873075399024,232.0,-1.0622760154838033,195.91555274148777,69.93016533336049,2.134306736781582
657,46784.0,46465.228463319676,46747.13937663354,46581.46224247384,46455.95103590576,16.0,-2.5733011900811107,4.29895581920573,-47.49468771622924,-19.32448769797702
658,46592.0,46461.88024237357,46567.13521562042,46432.69867599453,46420.22410000307,-576.0,-4.099329930766544,-514.704487939398,-228.4142284820482,-44.31573090253369
659,45632.0,46457.02980345814,45717.73040075474,46124.633785509744,46367.31957410069,-56.0,-5.536323021300632,-69.72916876494492,-61.74799772990809,-16.13854719734809
660,46480.0,46450.80759633097,46427.67687809053,46309.20268053471,46387.947005608374,344.0,-6.845177858638635,307.6836304898461,99.17023529232392,16.0247817881027
661,46320.0,46443.339447740866,46333.097661734435,46322.97425609439,46399.3691376769,-32.0,-8.0540408772722,-29.090907683905243,15.258703606876225,15.390588952370308
662,46416.0,46434.69951457642,46369.49506272272,46339.720087748465,46418.728183513114,-264.0,-9.227414569468237,-227.68363226080692,-21.39412447169161,19.495455011870945
663,45792.0,46424.88461860193,45877.73039721282,46280.18600715101,46438.36004770064,512.0,-10.423498527838092,492.3872686156683,220.86284022347172,51.949866572558676
664,47440.0,46413.85251752075,47354.26959995406,46781.44576819541,46522.62791665823,152.0,-11.639373159589013,152.00000061761966,135.67872789668036,38.399264790503366
665,46096.0,46401.60587228275,46181.73039844806,46551.54346294437,46515.15857728165,-128.0,-12.769821258541924,-127.99999723837755,-2.1305737788534316,13.488589487496938
666,47184.0,46388.31287500366,47098.269605477304,46777.1846206377,46549.605095633226,232.0,-13.599852269391704,197.72992625934785,22.233468012185767,2.726773133239476
667,46560.0,46374.40616774397,46577.190250966756,46596.01039896874,46520.612123548126,-440.0,-13.822565327980556,-388.91440285252247,-163.1690221845929,-30.962365907689673
668,46304.0,46360.6677443477,46320.44079977226,46450.846576268515,46487.680363817846,-192.0,-13.098194314286957,-174.54545233317913,-71.74053456597176,-23.747741539391427
669,46176.0,46348.209779115394,46228.0993463004,46452.5293298368,46473.11664046934,504.0,-11.14660915310742,452.9143991800156,139.9474184866849,0.29210867496658466
670,47312.0,46338.37452604149,47226.26959813229,46730.741413241885,46488.26458116778,96.0,-7.823044759785262,77.52175989805255,-12.417209973973513,-26.03883024317838
671,46368.0,46332.56368959582,46383.1428660965,46427.69490988885,46421.038979982986,-600.0,-3.1797724214266054,-560.1750401078534,-273.1990484086091,-64.57365218564155
672,46112.0,46332.014981198634,46105.91951791658,46184.34331642467,46359.117276796496,-328.0,2.5067222342950117,-307.62575859700155,-207.17993525185375,-49.56583934666196
673,45712.0,46337.57713406441,45767.8913489025,46013.33503938514,46321.90730128966,-72.0,8.752778503083391,-58.57142450156243,-20.34075734695216,-6.714610442355479
674,45968.0,46349.5205382048,45988.77666891346,46143.66180173076,46345.688055911785,480.0,14.940282456154819,434.62172516143255,218.15766321100455,42.66515741771218
675,46672.0,46367.45769897672,46637.134799225365,46449.65036580715,46407.23761612509,400.0,20.419975974793488,364.17906585553646,194.8137469799658,48.311441019559425
676,46768.0,46390.36049015439,46717.13480062453,46533.289295690694,46442.310937950904,-216.0,24.609888085869898,-179.09767278323488,-33.71642227110715,18.788868723360793
677,46240.0,46416.67747514846,46278.939453658895,46382.21752126494,46444.81535357181,-280.0,27.09444474161137,-238.72640136611153,-79.96301379329088,12.745183299492055
678,46208.0,46444.54937963761,46239.68199789231,46373.36326810411,46467.80130454989,136.0,27.693518287836923,119.15253369493803,73.82738089123086,35.97601620557907
679,46512.0,46472.06451172414,46517.24452104877,46529.8722830474,46516.76738598297,344.0,26.48491253870452,303.78512840033727,165.44515646698346,49.20445073222072
680,46896.0,46497.51920471502,46847.25225469298,46704.25358103808,46566.21020601433,80.0,23.775073381988477,86.26900710911286,78.50808850972317,32.9533303320859
681,46672.0,46519.61465848811,46689.782535267,46686.888460066846,46582.67404664714,-88.0,20.03867941772478,-68.55704309101202,-9.920890937810327,11.997542965160392
682,46720.0,46537.59656355047,46710.13816851096,46684.41179916246,46590.20529194465,-24.0,15.830987858225853,-28.953524201253458,-20.270761323161423,1.0415098947487422
683,46624.0,46551.276634204565,46631.87548686449,46646.34693742052,46584.757066436636,-48.0,11.680805903641158,-38.88524732401129,-26.891393031673942,-7.410372186186578
684,46624.0,46560.95817535775,46632.36767386294,46630.62901309911,46575.38454757228,64.0,8.000837048955873,42.3305563131471,-12.403417771853128,-11.803291485743102
685,46752.0,46567.27830830248,46716.536599490784,46621.54010187682,46561.15048346515,-96.0,5.037639133868652,-93.14807691823444,-74.31886028388544,-23.776539933867753
686,46432.0,46571.03345362549,46446.07152002647,46481.99129253134,46527.83146770454,-232.0,2.8491764429309114,-200.10747933198218,-114.5531630798032,-28.527442375383544
687,46288.0,46572.97666118834,46316.32164082682,46392.43377571721,46504.09559871438,48.0,1.3172282249070122,11.858324934455595,-37.34062895552779,-12.931089054440235
688,46528.0,46573.6679100753,46469.78816989538,46407.310034620285,46501.96928959566,-168.0,0.20308925682547851,-139.2956388717539,-45.46872378678381,-3.4278446389362216
689,45952.0,46573.38283970199,46037.73036308331,46301.49632814364,46497.23990943651,64.0,-0.763598088571598,78.91946541377547,68.93445759517999,22.532615312673443
690,46656.0,46572.14071389816,46627.62710072293,46545.178949810645,46547.03452022101,424.0,-1.8150470613582002,367.4098018621844,188.2720965723238,44.34633679554827
691,46800.0,46569.75274557927,46772.54996680768,46678.04052128829,46585.93258302761,-32.0,-3.09432902806293,7.672700123177492,71.88183212179501,28.194691957982286
692,46592.0,46565.95205584203,46642.972500969285,46688.942614054235,46603.42390413697,152.0,-4.620219078329683,125.2850390080348,59.373399793057615,18.06251631621126
693,47104.0,46560.512307422614,47023.12004482375,46796.787320874406,46622.05761566003,-128.0,-6.299766038657253,-114.84435479286549,-45.761632742629445,-5.463407693943736
694,46336.0,46553.35252376472,46413.283791383554,46597.419348568976,46592.497088749085,-144.0,-7.960720935887366,-132.82517375636235,-68.65829802093867,-16.735672473485465
695,46816.0,46544.59086555084,46757.469697311026,46659.47072483253,46588.58627071306,80.0,-9.417000730081782,51.534392482601106,-16.213261320186575,-15.281504500377196
696,46496.0,46534.518522304556,46516.352576348756,46564.9928259286,46561.93407974833,-184.0,-10.524216519908805,-139.3542392184754,-59.98148593962469,-23.355486977310647
697,46448.0,46523.54243251102,46478.761218874075,46539.50775295328,46541.87529675844,152.0,-11.218813633757236,116.2147368956903,20.26880350131978,-15.365018151969707
698,46800.0,46512.08089503704,46748.78205014014,46605.53043293124,46531.20404344439,32.0,-11.53251984922099,13.931081966729835,-31.212103556419606,-24.111051141826465
699,46512.0,46500.47739281258,46506.623382807535,46477.08354584044,46493.653194474784,-304.0,-11.586685872309317,-269.0417532949141,-145.9051141705786,-38.468189245872054
700,46192.0,46488.90752329242,46210.69854355031,46313.720204590085,46454.26766495265,-232.0,-11.57046753175382,-202.43212150566978,-102.50323895530892,-26.27214627449939
701,46048.0,46477.33645774907,46101.759139796195,46272.07706792982,46441.108901925785,208.0,-11.687426300948573,170.39279056117812,70.39539730464458,6.496682069424423
702,46608.0,46465.532670690525,46551.484124672665,46454.510999199374,46467.261029091496,160.0,-12.125356146556442,156.6091129054803,105.689430869239,19.115178620286315
703,46368.0,46453.08574545596,46414.977365607156,46483.4559296683,46479.33925916636,88.0,-13.02722895955958,98.38006897026935,86.67289530307607,17.645193033178657
704,46784.0,46439.478212771406,46748.2442626132,46627.856789805526,46502.55141515785,192.0,-14.457546526962687,154.48821007205333,66.32925503999286,9.139726749388501
705,46752.0,46424.170652402034,46723.95378575126,46616.114439748286,46497.618712665135,-192.0,-16.3907650911533,-164.52154810564753,-79.68513018310114,-17.651766859460622
706,46400.0,46406.6966825891,46419.20116640191,46468.486529439324,46467.24788143893,-232.0,-18.702632362044824,-208.74678733983092,-113.38464558929991,-27.008437154254352
707,46288.0,46386.765387677944,46306.4602110716,46389.345148569686,46443.601838356626,-8.0,-21.163258318407316,-20.439899972316198,-28.46880658479131,-15.865951164476428
708,46384.0,46364.370165952285,46378.321366457276,46411.54891626974,46435.51597910998,40.0,-23.44277762865022,43.46798767203654,35.97822583492962,-5.5100602911516035
709,46368.0,46339.879832420644,46393.39618641567,46461.301600239545,46432.58171777432,136.0,-25.136812981843832,142.0557520367729,96.40348408956925,0.29482455306424526
710,46656.0,46314.0965399886,46662.43287053082,46604.35588444888,46436.10562821611,352.0,-25.810866887695738,301.20103676925646,117.23222643378176,-7.470808147409116
711,47072.0,46288.25809864525,46995.79825995419,46695.76605310711,46417.640101479505,-208.0,-25.075530310907197,-184.02260149553695,-96.70680478822032,-51.18352166263139
712,46240.0,46263.94547936678,46294.38766753975,46410.94227487244,46333.738584890845,-304.0,-22.661325010602013,-293.0929640258655,-199.35264079845,-79.21458734411499
713,46464.0,46242.93544862405,46409.612331902455,46297.06077151021,46259.210926791275,-176.0,-18.51842224140273,-183.99999898233,-197.35111760712607,-84.76711176000754
714,45888.0,46226.90863488398,45926.38766957509,46016.24003965819,46164.20436137083,-272.0,-12.867739780300326,-263.9999915945955,-216.70071202292456,-81.19634735190266
715,45920.0,46217.19996906345,45881.612348713265,45863.65934746436,46096.81823208747,-312.0,-6.206799301198771,-288.32865417920766,-180.75101846165126,-58.54521767898768
716,45264.0,46214.49503628158,45349.73036121667,45654.738002734885,46047.113926012855,-56.0,0.7191127337500802,-45.12233183866556,-13.552343362029205,-10.548609773974022
717,45808.0,46218.63819453095,45791.36768503593,45836.5546607403,46075.72101253952,392.0,7.038568981210119,351.9829763080379,196.09398837556364,41.99313715364406
718,46048.0,46228.572174244,46053.69631383275,46046.92597948601,46131.10020032014,304.0,11.892872238113341,290.8101979605635,209.8343084887165,59.534197796630906
719,46416.0,46242.423939007174,46372.98808095706,46256.223277717734,46194.78940813278,88.0,14.590083828221395,104.23217190962168,129.40893709058946,52.62867821927648
720,46224.0,46257.75234190044,46262.16065765199,46305.74385366719,46236.357556758696,64.0,14.728122060034366,79.9758649548894,90.3925027830519,42.186026463848975
721,46544.0,46271.88018312724,46532.93981086684,46437.00828328384,46279.16146106048,264.0,12.272123921902676,215.47820754902568,77.76857125856986,29.561977354809642
722,46752.0,46282.29658974425,46693.11707275004,46461.28099618433,46295.481511468315,-472.0,7.56215632054591,-423.6047043647013,-121.0867890073423,-6.505874018748727
723,45600.0,46287.004495768335,45685.73040213744,46194.83470526915,46266.14971302298,88.0,1.2474129853035265,78.73895833041388,30.971061719399586,3.9756872058169392
724,46928.0,46284.791415714855,46850.59498941087,46523.22311962313,46303.43288587995,440.0,-5.806581988868857,409.7332460700709,125.99997416554106,6.054817150961753
725,46480.0,46275.3913317906,46505.19689427758,46446.834653600235,46278.25934732491,-248.0,-12.651202354307316,-219.41362374539676,-92.97113922277276,-35.26057118879908
726,46432.0,46259.48901100624,46411.76774192008,46337.280841177584,46232.91174350235,-176.0,-18.3883589669058,-194.59044275711494,-156.913391833863,-55.30201664743436
727,46128.0,46238.614613856786,46116.01600876335,46133.00786993251,46167.65531403004,-408.0,-22.2638803610389,-355.67168933998255,-201.7690362788162,-63.273663770811254
728,45616.0,46214.96125028416,45700.42436324011,45933.74276861995,46106.36441596073,56.0,-23.73593179875388,26.073145750156982,-40.39371700258198,-36.772677271277644
729,46240.0,46191.14275025928,46168.16230026366,46052.220435927346,46094.10995948748,104.0,-22.513299081776495,89.00646326903006,24.587885271062987,-19.548958498864522
730,45824.0,46169.93465212061,45878.43728977817,45982.91853916208,46067.266498963,-56.0,-18.574495757016848,-17.538561594632483,10.157372815778217,-14.680135576338216
731,46128.0,46153.993758745244,46133.0851770744,46072.5351815589,46064.74968833481,344.0,-12.140802046596946,280.0737726682346,61.884233176268026,-5.679326211451553
732,46512.0,46145.653048027416,46438.58483511464,46106.687005514614,46055.907846540096,-432.0,-3.6408478263801953,-391.6773919965599,-168.50467328697778,-31.64644946770568
733,45264.0,46146.712063092484,45349.73039308128,45735.52583498495,46001.456789399395,-352.0,6.303568820301734,-321.8347476406452,-135.39825303719772,-17.578217670732556
734,45808.0,46158.26018566802,45794.91533983335,45835.89049944022,46020.75141119863,448.0,16.936334631056525,371.4951425424806,114.30991417538462,29.932192359170585
735,46160.0,46180.5847323546,46092.72067816624,45964.145663335716,46061.32117411774,-80.0,27.436453370115487,-38.591270835935575,30.32799556335158,35.63582162499006
736,45648.0,46213.13309240825,45717.73279816148,45896.54649056692,46092.02305444861,-64.0,36.98380787808492,-26.32388919737423,56.67407251466648,52.90303305330235
737,46032.0,46254.55234811077,46040.07289977149,46077.49380836505,46167.12724022434,424.0,44.832145430278615,362.70460046746666,203.69422198064785,81.86054778695325
738,46496.0,46302.79738326881,46443.14199909641,46303.93493452822,46255.74415002252,128.0,50.379606640279235,138.77909480701055,130.40859342727708,76.6041172992991
739,46288.0,46355.311561391325,46317.63108938551,46338.3109952196,46320.33547482294,16.0,53.225604292751086,22.64453721664904,59.53155830119067,66.20809854156687
740,46528.0,46409.24859185431,46488.43107352971,46422.9980511306,46388.16034710565,-40.0,53.21570026837799,-27.044648207236605,32.18608147629493,60.83288963799714
741,46208.0,46461.74296192808,46263.54179297104,46402.68315817219,46442.001254098934,40.0,50.460014407559356,52.81968429652261,77.02668612768684,65.54096969822785
742,46608.0,46510.16862066943,46594.07044212276,46577.05142338597,46519.24228650211,296.0,45.31957181976759,260.88085976548246,158.8939769067656,72.80314672827808
743,46800.0,46552.382105567616,46785.303512502,46720.471111985724,46587.60754755549,112.0,38.3654923373615,117.75063288924866,103.65524459261724,57.74563843115902
744,46832.0,46586.89960534415,46829.571707901254,46784.36191257121,46634.733563364425,32.0,30.315377699163946,32.126734905505145,40.07175687108611,37.26269397715441
745,46864.0,46613.012860965944,46849.55698231301,46800.614625727896,46662.1329355098,-56.0,21.933768188642716,-52.22981402315054,-15.439973979366187,17.306018920866336
746,46720.0,46630.76714172144,46725.11207985495,46753.481964612474,46669.34560120616,-128.0,13.917900648717477,-98.88450318330433,-30.39167880918103,4.6799457566667115
747,46608.0,46640.84866226338,46651.787975946405,46739.831268109534,46671.49282702313,168.0,6.801494908213499,145.61577582349491,52.26493755183037,5.3218671681279375
748,47056.0,46644.370131537864,47016.34363150194,46858.011839716135,46679.989335542414,208.0,0.8636191161749593,166.27381306523966,19.186491464668507,-10.304024703596951
749,47024.0,46642.57590049573,46984.335602076884,46778.20425103887,46650.88477761594,-424.0,-3.905474015722575,-385.4058821269682,-202.70546315783213,-47.760319045675715
750,46208.0,46636.55918350642,46245.531867248006,46452.60091340047,46584.46869745106,-440.0,-7.790363419946516,-396.06853550251617,-203.3028809381649,-47.59264529232678
751,46144.0,46626.995173655836,46192.19853107185,46371.59848916254,46555.699487031285,256.0,-11.273787009307853,195.37356758863098,32.796820343341096,-8.18423606820943
752,46720.0,46614.0116094878,46636.27900242527,46518.19455408715,46568.10022531464,0.0,-14.905755529292946,17.761235074220167,45.69334196819182,4.805749549086613
753,46144.0,46597.18366259725,46227.72100122029,46462.985173098925,46565.31098612946,72.0,-19.172075052531,96.81781855906956,104.28320556123072,18.276310121291317
754,46864.0,46575.66745938274,46829.91463954341,46726.760965209614,46604.652845557226,376.0,-24.347969835995173,344.9960223775888,195.1562747154967,26.374501705624425
755,46896.0,46548.48772292526,46917.71304597547,46853.29772252992,46618.05998954071,216.0,-30.424441666094935,196.36363630939013,105.185618585263,-0.48985653947966057
756,47296.0,46514.81857605055,47222.64191216219,46937.13220238014,46603.67313247827,-112.0,-37.08794769407541,-122.8565228907355,-95.59941895970769,-49.00320043852844
757,46672.0,46474.31182753711,46672.000000194,46662.0988846105,46520.05358866365,-584.0,-43.74494172183768,-515.7950083078722,-279.98387546438244,-91.21686438143297
758,46128.0,46427.328692606876,46191.05189554644,46377.164451451375,46421.2394037154,-112.0,-49.63549492051243,-139.5405797172716,-160.35220743344325,-84.15221476247825
759,46448.0,46375.040837696084,46392.918840759456,46341.394469743616,46351.74915913869,-80.0,-53.957607626256504,-73.53885098973115,-89.07274683594733,-74.30278661977354
760,45968.0,46319.41347735436,46043.97419356698,46199.01895777948,46272.633830475854,32.0,-55.99795874924894,30.926320642447536,-26.86603307439509,-63.883637139046186
761,46512.0,46263.044920197586,46454.77148204435,46287.662403594826,46223.9818848606,176.0,-55.24809466607985,124.65469869913795,-23.525352387241583,-63.05285137222745
762,46320.0,46208.9172880222,46293.28359096526,46151.968253005,46146.5281277314,-528.0,-51.48726616564454,-456.5205437707373,-219.71002408732966,-86.12735074262673
763,45456.0,46160.0703878663,45541.730394502876,45848.24235542017,46051.72718337535,-80.0,-44.81903923476057,-103.66955780985518,-107.60471987474739,-65.0145851872876
764,46160.0,46119.27920955268,46085.94447534555,45936.7588132555,46016.498957356824,152.0,-35.660250553894,116.15539895019174,-23.10413553691251,-42.4032781506794
765,45760.0,46088.74988675851,45774.04119240326,45802.03408434634,45966.92062707399,-296.0,-24.698108545439027,-241.69732092597042,-113.70768673599014,-39.23229892913514
766,45568.0,46069.882992461804,45602.549833493606,45709.34343978352,45938.03435949855,24.0,-12.797878950717859,1.2578085583591019,-22.01892467106154,-10.3845496005124
767,45808.0,46063.15412885707,45776.55680951998,45757.99623500422,45946.151527872964,16.0,-0.8844735486236459,16.79102362625781,23.650912722809153,15.024744768063101
768,45600.0,46068.11404536456,45636.13188074612,45756.64526522914,45968.08384903468,16.0,10.177699187952385,40.23447495675646,76.97166283949628,40.336513613448915
769,45840.0,46083.50952723298,45857.02575943349,45911.93956068321,46026.82455509986,344.0,19.690231921067607,306.0226758548306,191.26407579566876,68.08193382017271
770,46288.0,46107.49450920669,46248.17723245578,46139.17341682048,46104.247716675025,200.0,27.193808912012173,192.03763530118158,152.82056454751364,68.23554740891632
771,46240.0,46137.897145057,46241.101030035854,46217.58068977824,46163.295649917694,-32.0,32.502465425950504,-1.5710522406516247,67.1976178468758,55.212715738554834
772,46224.0,46172.49944005859,46245.03512797448,46273.56865251423,46214.673148152135,120.0,35.67510475369636,109.10973781102075,80.77228899310285,50.91115564204665
773,46480.0,46209.247354564395,46459.320505657895,46379.125267764444,46265.11796120179,136.0,36.95084490665249,110.88790597287152,55.11924913244002,39.70071110974095
774,46496.0,46246.4011298719,46466.81093992022,46383.80715077911,46294.07457037162,-168.0,36.68460184351716,-138.45486613655157,-51.414541595782794,18.860337688412983
775,46144.0,46282.61655825143,46182.41077338479,46276.29618457288,46302.838636578614,-104.0,35.2467603592886,-92.34629961145038,-41.3628739197884,16.705998035922676
776,46288.0,46316.894650590475,46282.11834069732,46301.08140293953,46327.48656644346,88.0,32.96048871897074,70.29927079915069,31.325919836417597,26.62225818702791
777,46320.0,46348.53753568937,46323.009314983094,46338.948024245714,46356.08315295267,56.0,30.093288399104495,55.93754920122956,47.34063342904119,30.40074415683557
778,46400.0,46377.081227388684,46393.99343909978,46395.762669797616,46388.28805475713,32.0,26.85126876954382,40.9513196155749,54.69598045070961,31.619304542320606
779,46384.0,46402.24007322846,46404.91195421424,46448.33998514713,46419.32176203731,120.0,23.406736608918436,115.47828618567291,84.74730792308037,32.79979538204498
780,46640.0,46423.89470060652,46624.950011471126,46565.25728564378,46453.88764552122,168.0,19.93732782186271,144.78811461251826,79.5459433185315,25.260265759974573
781,46720.0,46442.114728872184,46694.48818343928,46607.431871784196,46469.84229355726,-80.0,16.646501552175323,-58.02091083542837,-14.109477967478597,3.4467627138983516
782,46480.0,46457.18770371087,46508.90818980027,46537.03832970882,46460.78117094902,-40.0,13.774143406462827,-41.03904463767685,-41.87437722097093,-10.02206406078767
783,46640.0,46469.66301568511,46612.410094163926,46523.683117342254,46449.798165435684,-8.0,11.585792454243347,-34.44762481669022,-71.51365369543782,-20.493097241553187
784,46464.0,46480.35928861936,46440.01294016689,46394.01102231794,46419.79497646591,-328.0,10.340010894389707,-292.3324531626022,-164.6665838653389,-32.21344014647548
785,45984.0,46490.34303747389,46027.74518783872,46194.34994961158,46385.37128514273,-224.0,10.250310651121254,-193.54181313453955,-94.48609790057526,-14.355127066039131
786,46016.0,46500.8599099216,46052.92931389781,46205.03882651679,46391.084722333835,240.0,11.448943502560724,209.8306955481239,105.20829016360949,24.467673307790392
787,46464.0,46513.24092447901,46447.40657893497,46404.766529938795,46434.306631758314,344.0,13.960041591006302,311.5101597120047,170.11096839140373,41.7372410123935
788,46704.0,46528.77999310361,46675.94963332182,46545.2607632996,46474.55920435862,96.0,17.678401191991725,88.29122099596134,61.1246150106017,28.780532818240317
789,46656.0,46548.597726862994,46623.98902092689,46527.01575996,46491.867697394795,-248.0,22.37008075702761,-212.01550776046497,-82.73712335960226,9.10187790591226
790,46208.0,46573.52015461767,46251.91861780089,46379.786516580396,46492.76296017045,-176.0,27.679828472741065,-152.47731412157736,-61.33598508940486,15.133410784175794
791,46304.0,46603.957383808476,46319.03439268374,46404.34378978119,46522.13451896315,160.0,33.1751289175736,142.28773830154023,74.72916809139133,40.27828474085618
792,46528.0,46639.870412452816,46536.49409440397,46529.24485276318,46573.31952965216,304.0,38.38482857458803,259.9301737400783,125.52348936357521,53.45098717161818
793,46912.0,46680.72704095765,46838.894740163894,46655.39076850834,46629.03649330638,-176.0,42.8443972219502,-137.38185157886983,-2.1587000006693415,41.568788319546
794,46176.0,46725.559206896716,46261.73039124623,46524.92745276184,46656.45710629125,24.0,46.15947675897405,27.340773599898966,44.00041063442404,51.44346829942879
795,46960.0,46773.0459944756,46893.57628736369,46743.39158977719,46731.92342990524,216.0,48.04242515354781,198.13036480777373,110.15993190394147,64.06249510925409
796,46608.0,46821.64405720381,46657.99112086178,46745.24731656972,46784.58209650976,-8.0,48.34444857124254,14.370437806977861,70.47938507739673,61.48777143000552
797,46944.0,46869.734891618085,46922.31716297765,46884.35035993198,46854.89897276525,176.0,47.06531592383908,155.9118570040955,109.27822332824508,65.86182489375278
798,46960.0,46915.77468905149,46969.81483486997,46963.80376322621,46916.305746297265,96.0,44.3445882677006,96.57184624217552,81.3552849073385,59.222060846877866
799,47136.0,46958.42406815349,47115.460855462,47047.06092974666,46973.34309445901,56.0,40.44603530312088,42.950297902036255,38.78763139377406,48.90450288469219
800,47072.0,46996.66675965773,47055.71543067404,47041.37902601376,47014.11475206665,-184.0,35.727564864952,-141.16827141773683,-20.992390726012673,37.87739521097683
801,46768.0,47029.87919788339,46833.124312626525,47005.07614829463,47049.09788488096,136.0,30.606951968762587,118.94845058607825,82.23519642818428,49.03802705835551
802,47344.0,47057.88066359526,47293.6123318462,47205.84941887013,47112.19080618336,200.0,25.527086219299235,192.63167294968298,131.69798001055824,51.50246161156974
803,47168.0,47080.93337032199,47218.38765852589,47268.47210831575,47152.1028081041,232.0,20.90657369581095,214.3286415789189,112.85874360350135,39.1171423259475
804,47808.0,47099.69381098688,47722.269615004036,47431.56690607713,47190.425090835255,-64.0,17.090731643573235,-59.83235901408625,-25.12174920005782,7.443537272916728
805,47040.0,47115.114833609136,47098.72294049772,47218.22860991563,47166.989882649934,-248.0,14.312351529813895,-232.48460377508673,-124.22399120367845,-17.085714052827825
806,47312.0,47128.31851404651,47257.30040745386,47183.118923669776,47156.2536627296,-120.0,12.65723072144101,-114.920495774546,-99.55022441097026,-18.52353678385407
807,46800.0,47140.42929505202,46868.88194894863,47019.12816109369,47129.942809082226,-40.0,12.049195494648302,-44.0087137621158,-54.42668202923596,-9.8137131932599
808,47232.0,47152.4169050358,47169.28297992963,47074.2655596113,47136.62623634308,0.0,12.272521815430082,-13.18406937085092,-23.72982167673763,1.9147390780090063
809,46800.0,47164.97433868288,46842.513810206925,46971.66851774022,47133.772287238244,-160.0,13.020878216877463,-114.20011868810252,-16.762783000973286,13.83466525707263
810,46912.0,47178.45866146956,46940.882742553425,47040.73999360936,47164.295566857225,288.0,13.965069945326832,242.78264511364614,133.44147267381777,43.138057961845334
811,47376.0,47192.90447857353,47328.07910043422,47238.55146308785,47220.048403161934,136.0,14.82575118378736,147.59186005187803,129.08720102242296,47.955256462802936
812,47184.0,47208.11016383713,47236.06646265718,47298.9143956542,47260.20607978283,184.0,15.428486658620386,170.46228233296642,117.82013039344747,43.967980610039376
813,47744.0,47223.76145189077,47669.00366510015,47474.19172387475,47307.98436438201,72.0,15.72119379891592,55.81292111965013,40.37319015791945,25.977502818284847
814,47328.0,47239.552551434965,47347.69230489648,47379.66077597004,47312.1610854194,-288.0,15.773208333052025,-222.8498357212411,-68.70055991968911,3.38477530835371
815,47168.0,47255.307868556876,47223.30399365767,47336.79060403537,47314.75391499872,216.0,15.731799125493126,163.28868522433186,41.52513008301321,9.930525329258671
816,47760.0,47271.01614968595,47674.269675345146,47462.71103613607,47332.02213607792,8.0,15.763911838515924,1.530525679623679,-22.72404983126762,-4.130672116909409
817,47184.0,47286.83569223391,47226.365045016915,47291.342504372835,47306.4925707649,-256.0,16.001934853637067,-226.452900684857,-117.69727957681243,-19.40493677476843
818,47248.0,47303.020019393225,47221.36387397543,47227.31647698244,47293.21226252838,-152.0,16.503890439536917,-138.1818011643445,-74.36778889916968,-11.019695110102475
819,46880.0,47319.84347311298,46950.001442688226,47142.606926574495,47284.4531805447,104.0,17.251837771604187,96.61985066387206,46.59391287929975,11.463577043548867
820,47456.0,47337.52369493643,47414.603575303176,47320.50430274104,47316.13941661548,280.0,18.143112246991222,239.64494062089943,110.14952753706893,24.69320690155655
821,47440.0,47356.129697606964,47429.291323930025,47362.90598164863,47333.83959434781,-56.0,19.024116926375427,-38.85563172303591,3.8546697319106897,12.392157449725346
822,47344.0,47375.571928789184,47336.892311857104,47328.213642204864,47340.92373151493,-152.0,19.73213923534786,-127.93745278742063,-42.58551834134414,6.930323742861219
823,47136.0,47395.59397607766,47173.416418355184,47277.734944965945,47347.70024183353,24.0,20.115955657529412,23.606198274002963,20.388775244060525,17.361522410283214
824,47392.0,47415.80384010424,47384.10470840511,47368.991192692985,47375.646776335496,200.0,20.071343919760693,171.21183207548165,79.75184407352572,27.128873318735714
825,47536.0,47435.73666391718,47515.84008250615,47437.238633113,47401.957988471004,40.0,19.56701444513601,30.935786631758674,18.866756976516626,19.609111559057055
826,47472.0,47454.937868994515,47445.97628166863,47406.72470664602,47414.86499945361,-248.0,18.64568713058179,-199.9823924943994,-63.1515731439722,10.05026095528956
827,47040.0,47473.028038178345,47115.87529751735,47310.93548682505,47422.05851038158,64.0,17.43683074088767,56.49023545801174,39.6785235915595,26.296436447049928
828,47600.0,47489.81153047629,47558.95675258465,47486.08175382914,47467.45787234771,264.0,16.14797016479497,230.65048596799897,118.18714391865797,38.77225558351347
829,47568.0,47505.323978507935,47577.176269453346,47547.30977466237,47499.60302154861,64.0,15.039401541471307,64.10086413540921,50.882908164410765,28.725300278329087
830,47728.0,47519.89033355923,47687.15848085547,47587.84757015796,47524.90847290437,-112.0,14.398584028320329,-94.22538432051078,-29.538419425425673,15.150875000974338
831,47344.0,47534.121146564576,47388.725500812325,47488.23293581152,47529.90477155056,-88.0,14.495777633146645,-74.80547598153134,-27.498166440680507,14.291537223722116
832,47552.0,47548.88188882553,47537.547528892406,47532.8512372766,47553.49154735181,104.0,15.527129727142892,76.55967254213101,35.04392010337688,23.66135316884538
833,47552.0,47565.17540601886,47541.84484589659,47558.32077601827,47577.22747788825,-80.0,17.571807532804087,-46.47845351289652,28.629926750811137,24.99730443084627
834,47392.0,47584.025503891135,47444.59062186661,47590.11109077822,47603.486156213505,352.0,20.567675490707188,314.21237771950473,130.84586014905653,36.832986135930696
835,48256.0,47606.310757000276,48170.269601335596,47820.01249631638,47650.89345016011,40.0,24.299143629894388,33.880235550910584,11.90765369635119,17.151966454614012
836,47472.0,47632.62379115092,47512.351092968434,47613.92639817092,47637.79008912273,-376.0,28.4283006894766,-341.5297853453485,-135.1228990599957,-4.813856581244181
837,47504.0,47663.16735837923,47487.2100306449,47549.76669819639,47641.26573699762,-120.0,32.54595146430074,-109.09090909904626,-41.27635087633098,10.338934724772116
838,47232.0,47697.715694079525,47294.16927477034,47531.37369641826,47658.46795857228,368.0,36.24126645618526,333.5297866081164,131.29384643099183,38.52561950326708
839,48240.0,47735.6498912916,48154.26960386113,47812.354391058376,47718.31697600416,40.0,39.17479127167462,51.78055931378913,67.15789016931012,33.764866232089844
840,47312.0,47776.065276622874,47397.73039339792,47665.68947675688,47725.99769103646,-120.0,41.13384377695547,-82.56740033334063,30.179824076942168,28.380599584121228
841,48000.0,47817.91757884551,47989.13480319445,47872.71403921226,47775.0781751724,536.0,42.05121009800496,455.7022030802691,143.3815820615091,37.83439289456146
842,48384.0,47860.167696818884,48309.13479955846,47952.4526408799,47801.66647682558,-464.0,41.987310434033134,-415.7022008620661,-136.03507789241485,-2.5283745055385225
843,47072.0,47901.89219971358,47157.73040147032,47600.64388342743,47770.02142616132,-72.0,41.103204231163545,-77.43260047565127,-87.48681573874637,3.2560206438065507
844,48240.0,47942.37410528121,48154.269598607156,47777.47900940241,47808.17851811319,-80.0,39.606411378499615,-79.99999998830754,-54.42536932382791,16.566017857530824
845,46912.0,47981.105022470576,46997.7304014937,47491.793144779775,47803.15346187638,-176.0,37.69052152124277,-146.6298264845209,4.210707767262647,39.53261685701
846,47888.0,48017.7551483237,47861.009945638114,47785.90042493693,47887.24375182721,552.0,35.51393094395462,511.01550409294214,243.0574926256195,84.05247754218726
847,48016.0,48052.132884358485,48019.76140967959,47977.90813003101,47971.25841696076,176.0,33.207594710918784,177.55851243939833,172.9617701095849,81.7775859815847
848,48240.0,48084.170337745534,48216.12697051691,48131.8239651561,48050.79892379038,72.0,30.883736960087845,77.00041342187251,99.8278177031425,70.08045301914535
849,48160.0,48113.90035827866,48173.76223652333,48177.5637654373,48111.41932299905,24.0,28.6591838450222,26.44644862309724,54.52168299984987,58.19136535861617
850,48288.0,48141.48870543558,48269.019867763105,48240.8673311558,48167.181654507614,-16.0,26.68319979558146,0.3569700553161965,39.73723129640348,49.721414233947144
851,48128.0,48167.266757869824,48174.476176633965,48257.038228030106,48210.86215146694,160.0,25.148458913758077,137.8371920406862,80.69001088935693,47.823604532677564
852,48608.0,48191.785623263095,48544.69425184448,48402.247352934515,48262.82886357297,48.0,24.26736092759893,53.689334432903706,42.33280137166366,34.7081552846721
853,48224.0,48215.80147972502,48281.85484549977,48341.70383077343,48280.27846203629,32.0,24.223891124125657,26.43482115417646,-1.6916067743659369,20.263521565135306
854,48672.0,48240.233405511346,48597.56389415283,48398.86413938578,48303.35590670324,-168.0,25.14435385674733,-162.9353402907691,-79.40762169475784,4.645240002111677
855,47888.0,48266.090187438516,47955.984164918234,48182.88858738392,48289.56894204051,-240.0,27.0599137107165,-195.195044935459,-68.53125830991121,6.291482439297397
856,48192.0,48294.35323293278,48207.17380428191,48261.80162276596,48315.938871581835,400.0,29.875092823112936,327.05866077325845,113.81384676502785,32.56687312041686
857,48688.0,48325.84037308474,48610.10148646475,48410.51628091397,48354.702688281344,16.0,33.37789470533244,13.435114506599348,9.97279860499475,22.098951113574003
858,48224.0,48361.109022343444,48234.04403329511,48281.74721997595,48360.13677380898,-400.0,37.27849782883277,-325.8372866940954,-99.89545095004723,12.240924218087457
859,47888.0,48400.39736874241,47958.42691307656,48210.72537901388,48379.18453671752,264.0,41.24751837558142,219.64140443054202,90.34084854486719,43.60698974441402
860,48752.0,48443.60405909461,48673.326842156195,48462.428917065685,48447.35075329781,184.0,44.961936204166705,178.41018059432463,106.91799658464879,52.93375424518308
861,48256.0,48490.32124115074,48315.24727426521,48424.561372183176,48485.052045207885,-104.0,48.16258241924152,-61.843196564925165,46.41314120908282,49.15389417046754
862,48544.0,48539.92922393309,48549.640449026345,48555.25519948385,48545.658541638746,312.0,50.65168124314732,262.5954198928557,136.32142704259604,60.68942351279475
863,48880.0,48591.624603637036,48840.43811405092,48697.20422626837,48606.430892233475,112.0,52.290466131977155,92.98823527919012,50.551139918701665,47.09389520640616
864,48768.0,48644.510156197044,48735.616919584725,48656.357479321254,48639.84633205156,-344.0,52.998298440110375,-286.1798223471924,-96.66800728648377,27.00775642066219
865,48192.0,48697.62120051726,48268.07846935654,48503.8682116954,48660.4464050748,-88.0,52.714358818531764,-67.70287764088062,3.4448382218433835,44.0223932769768
866,48592.0,48749.93887383411,48600.211164302964,48663.24715576494,48727.89111860551,424.0,51.392756753943104,373.1885164612577,195.00252195201392,74.23926946099164
867,49040.0,48800.40671402514,49014.45550227905,48893.87325559943,48808.92494399678,320.0,49.00550766988454,286.5218493713619,157.56272763420202,69.48007259110818
868,49232.0,48847.94988917388,49173.25486304569,48978.372611033345,48866.85126378773,-264.0,45.55809297309679,-215.19486972647428,-42.31433904941514,39.668882980331546
869,48512.0,48891.522899971336,48584.0657628261,48809.2445775006,48888.262709957446,-184.0,41.130354514782084,-148.59174036750483,-20.5057447824438,40.22458166758952
870,48864.0,48930.21059820344,48876.07138231068,48937.36112146846,48947.30042712291,416.0,35.90780208576689,352.3625310379648,164.79710470209102,63.20273852160972
871,49344.0,48963.33850414287,49288.79082490203,49138.83878690478,49014.668187000665,144.0,30.192599012701976,136.67356710153035,98.89705888870958,50.90116922778907
872,49152.0,48990.595796228845,49149.41851651374,49135.155239245876,49049.102765578486,-208.0,24.40047402052369,-152.27972581961876,-12.105928035965917,29.289716856746963
873,48928.0,49012.13945218392,48984.231373262795,49114.62693083285,49073.24762071416,128.0,18.990770659969712,115.96972306304451,72.78515700339267,31.407236171377008
874,49408.0,49028.577337548784,49381.35796263983,49280.72555325266,49111.91723792124,320.0,14.406230934895575,263.916402576182,102.46139904614756,23.865479103144025
875,49568.0,49040.95191405371,49512.06417841516,49319.54972892514,49120.97857892045,-192.0,10.993111886375118,-165.57761307110195,-85.4009598649427,-13.289730054770189
876,49024.0,49050.563561321535,49050.202736497624,49109.923633522776,49085.3377778117,-360.0,8.912150835159991,-314.2430385071857,-166.66427864098296,-32.57391221816215
877,48848.0,49058.77621572403,48883.57810140079,48986.22117164318,49055.83075448412,48.0,8.10906290141429,11.265871907111432,-54.5918760580098,-19.11548560337178
878,49120.0,49066.78168712436,49072.73448031185,49000.73988140676,49047.106806604956,-48.0,8.316641383615206,-47.171219529718655,-45.111349533039174,-12.368607548920409
879,48752.0,49075.40949849126,48789.23566234135,48895.9984725771,49031.09353938628,-120.0,9.115606649957044,-97.32050626372074,-32.74217254110408,-2.058590249358531
880,48880.0,49085.01290042428,48878.093467784405,48935.25553632455,49042.98962610624,80.0,10.021774047243525,79.32514436508791,66.88483190971601,20.045568025270768
881,48912.0,49095.453046585746,48947.88595107153,49029.76813639653,49071.18467543682,280.0,10.587273577213637,254.95953771449058,153.39666827025212,36.154283102423506
882,49440.0,49106.187447578704,49388.01254321339,49242.04887286505,49115.298192311086,184.0,10.505008294054278,174.45200913906228,113.30517290104399,27.878426489816775
883,49280.0,49116.463063173855,49296.78996934965,49256.37848219862,49126.94152841646,-8.0,9.661908124071488,-7.2727271154763,2.5188504328762065,3.990412526192813
884,49424.0,49125.51126382685,49373.467088982434,49247.086573730805,49123.27901736347,-216.0,8.134607353145839,-185.20115171947327,-97.74862160241537,-18.698560184813687
885,48848.0,49132.732277880146,48926.387665910705,49060.88123899379,49089.54440804683,-32.0,6.1664231663125975,-45.92737725379993,-79.76471524011868,-21.6573889143001
886,49360.0,49137.84411015947,49281.612334474834,49087.55714325057,49079.96423953487,-208.0,4.094370227841864,-204.32863503937187,-109.54552411793702,-23.581956535213976
887,48432.0,49140.92101833583,48517.73039583196,48841.790190757914,49042.3804949764,-120.0,2.255162979945453,-101.4092288913198,-40.87185711369966,-7.064719809644885
888,49120.0,49142.35443611936,49078.793876692194,49005.81342902317,49065.83479991558,344.0,0.9159572633761854,288.8271097071556,106.92995277684167,20.746044934952806
889,49120.0,49142.75293286258,49095.38461524627,49055.6500963116,49083.87258484631,-160.0,0.23020484849621425,-106.4861852145732,17.66171544422832,16.23141417304214
890,48800.0,49142.814845816356,48865.82150626305,49041.136859911625,49098.297628261666,248.0,0.21121995793509996,217.4424974149988,106.05519355584329,29.339924828440417
891,49616.0,49143.17537277845,49530.26961007627,49267.760483423284,49142.55243450319,72.0,0.7438122454987024,77.61641367101038,52.503865223301545,20.582427966684918
892,48944.0,49144.30247030735,49021.05433360507,49146.14459035823,49139.462484195035,-88.0,1.614194969602977,-83.66194300529605,-20.54359788594229,6.683173901597911
893,49440.0,49146.40376271766,49362.94572406568,49226.6732876514,49155.918782306384,-56.0,2.559274292056216,-51.66203638229126,-26.134658881128416,2.2522372266648745
894,48832.0,49149.421018891466,48917.730260840486,49093.87527259597,49143.966958648365,32.0,3.31897890284381,27.662000650660048,-1.860378757439321,3.6465242744015995
895,49504.0,49153.041720523346,49418.269725367,49222.95253013652,49163.21183085519,16.0,3.6616384289045527,2.7043945359473582,-11.446477391189546,2.2054637495821225
896,48864.0,49156.744295749275,48923.13904991238,49070.98231781359,49148.37788614753,-208.0,3.432270257057098,-166.19584156932615,-48.47905341612932,-0.6150504002835078
897,49088.0,49159.90626103746,49085.878042228345,49125.99442330426,49161.98173005462,184.0,2.563332806028484,152.12920345770908,74.00931714279432,17.302930409823603
898,49232.0,49161.87096136133,49227.3974568278,49219.00095209918,49182.98374696718,112.0,1.0754001865680038,118.50669873845254,86.5070048445159,18.551204260915256
899,49312.0,49162.057061410596,49322.89143970525,49299.008432993294,49199.08413857645,176.0,-0.9221490857344179,149.95118140371414,73.51169739076067,10.454598538097343
900,49584.0,49160.02666318986,49527.29981963523,49366.0243468807,49203.89294404337,-96.0,-3.2629417038042448,-79.09252189389736,-41.9719126722448,-14.196547330913745
901,49120.0,49155.53117800299,49164.706395917456,49215.064607648805,49170.69104391462,-144.0,-5.740295901206991,-139.06144413049697,-103.4274354074987,-30.667347933016572
902,49296.0,49148.54607138745,49249.17693137423,49159.169476065705,49142.55824817734,-136.0,-8.137073001042154,-149.64480767205896,-124.31039355024404,-35.8048833284156
903,48848.0,49139.2570320009,48865.41678057334,48966.44382054832,49099.08127725779,-352.0,-10.237245460357371,-296.6762479342069,-133.50374524322615,-30.922907056661643
904,48592.0,49128.071580466734,48655.82443550582,48892.16198557925,49080.712434064015,240.0,-11.83435670446488,200.394839993216,75.79915782056196,6.066778509426513
905,49328.0,49115.588318591974,49266.20646055977,49118.04213618944,49111.214834276645,224.0,-12.730752653656964,210.54932032119905,120.90121870490475,19.66314192646314
906,49040.0,49102.61007515942,49076.92307614822,49133.96442298906,49120.03871791694,-48.0,-12.726700833391078,-4.668003670485632,62.90449829415229,12.825819536141353
907,49232.0,49090.13491692519,49256.8704532188,49243.851132777745,49136.86647334893,376.0,-11.649809451773763,314.6732682485599,115.81227617755576,12.071079099434428
908,49792.0,49079.31045625587,49706.26961264534,49365.58897534417,49144.18087611581,-160.0,-9.376887601978524,-161.52067202582475,-91.46766976148137,-25.07655342732687
909,48912.0,49071.381141721235,48933.82910916715,49060.91579325478,49086.713366494274,-560.0,-5.895074285082956,-491.4006880473826,-230.21528546199988,-48.731841296823404
910,48672.0,49067.52030768571,48723.46823655057,48905.15840442017,49046.71719352216,72.0,-1.3574571089156962,46.98031013628861,-39.17818662452555,-21.260313296003005
911,49056.0,49068.6662275034,49027.789729439726,48982.55942000573,49044.19273990227,200.0,3.8942521836797823,163.2701400877886,40.68072558842687,-3.114816624783998
912,49072.0,49075.30881205307,49050.00851672615,48986.51985559703,49040.487560272595,-112.0,9.31863813135351,-87.73862908281808,-38.77963661019385,-5.280801616041572
913,48832.0,49087.30350376611,48852.31247127409,48905.00014678534,49033.631136670185,-96.0,14.226549344602972,-96.13368908158736,-45.01963541901205,3.22513323109888
914,48880.0,49103.76191074227,48857.741138562975,48896.480584759,49046.93782673479,-128.0,17.89525691081508,-105.86563989624119,-0.27926964683501865,21.653581401347765
915,48576.0,49123.09401758774,48640.58119148161,48904.44160749167,49076.93829947288,384.0,19.685711495385476,352.26423855106987,172.18182647850335,55.04738771173288
916,49648.0,49143.13333373304,49562.269615665115,49240.84423771601,49157.03260215826,152.0,19.1861765907488,162.57459223241312,132.82474908234144,55.545932793291286
917,48880.0,49161.46637076924,48965.730375946434,49170.09110565636,49188.03016505946,-48.0,16.340445684014412,-26.07352978392737,74.29242076852097,46.39907115417736
918,49552.0,49175.81422510107,49510.12255609726,49389.42907925305,49249.83074446661,336.0,11.485578706378874,277.13481248682365,138.0525132232251,46.69211663047827
919,49552.0,49184.437528181996,49520.00000092008,49446.19613210281,49281.41439832042,-208.0,5.316744046438544,-150.12255057675793,3.8651189011579845,18.05437376982809
920,49136.0,49186.44771319395,49209.877454943744,49397.15931705537,49285.93949200627,264.0,-1.2268836208168068,237.13479923325212,81.54284348024521,12.02206828616545
921,50080.0,49181.98376094036,49994.269599386585,49609.2818190633,49305.45853489275,32.0,-7.127359190963034,16.466704575428594,-23.236588460422354,-19.208030368885375
922,49200.0,49172.19299481202,49242.8108640946,49350.68614013452,49247.5234312685,-416.0,-11.488365433324361,-376.00104850952266,-183.2526088615159,-55.55893206082692
923,49248.0,49159.00703007371,49242.26750236754,49242.776601340265,49194.3406707711,0.0,-13.70482524288309,-29.205849889334786,-110.52123812412174,-55.86572695884388
924,49200.0,49144.78334432626,49184.39916431593,49129.64366388628,49135.79197735081,-128.0,-13.557958791854617,-135.87251647196535,-148.3111055108493,-61.75909455274814
925,48992.0,49131.891112490004,48970.52246942361,48946.15439031857,49070.8224816656,-376.0,-11.239705691979907,-338.5135457604956,-206.41207840842253,-61.02837160192939
926,48448.0,49122.3039329423,48507.37207279494,48716.819507069435,49013.73523414695,-152.0,-7.289498175134213,-149.0408346677359,-94.92512971441829,-28.80048581130177
927,48688.0,49117.312116139736,48672.44080008814,48756.30413088973,49013.221510043,96.0,-2.450629078230122,87.27272773387813,73.63668926515675,15.747351398193132
928,48640.0,49117.40267478584,48681.9175282627,48864.09288559975,49045.22993694334,368.0,2.485750876719976,352.2738945292658,219.83519750989217,52.26992374751353
929,49424.0,49122.283617893176,49376.98858914667,49195.974525909514,49117.761357538024,336.0,6.822744555222016,326.8044815761168,217.86890326452703,57.219488471582736
930,49312.0,49131.04816389628,49335.52649141493,49299.8306921288,49159.668913886504,64.0,10.0705249159073,76.17035934289015,97.77151228368893,34.291002042802575
931,49552.0,49142.42466772499,49529.32930783245,49391.51755047689,49186.34336162363,112.0,11.983063321844384,80.44935557977442,11.445633586536132,8.39161581830922
932,49536.0,49155.01429053997,49496.42520257448,49322.721959301874,49176.45214552312,-272.0,12.526860249745368,-260.66464622843705,-175.43461152408418,-27.868608824348485
933,49008.0,49167.47838822448,49008.000015375575,49040.648327428724,49130.60614397493,-616.0,11.819745294364111,-553.3474092582401,-265.749468158785,-39.71569434944831
934,48304.0,49178.6537811287,48389.730384058,48791.223022984304,49097.020756824226,-48.0,10.060036705923267,-48.00000113513306,-5.813792952263611,6.065650690510665
935,48912.0,49187.59846163633,48912.00001310531,49029.0207415242,49142.73744535595,720.0,7.466408496777149,644.9116799492949,296.3080893019833,57.25356079951962
936,49744.0,49193.58659812225,49679.55374395659,49383.83920158827,49211.527878423265,272.0,4.247092813027848,275.8716081464263,174.73806085821707,42.166826988475805
937,49456.0,49196.09264726238,49463.74322939816,49378.49686324063,49227.071099332905,-200.0,0.5943591392751841,-177.09436756760988,-44.09390672732843,4.09677587628903
938,49344.0,49194.7753164008,49325.36500882137,49295.651388133614,49219.72143017584,-256.0,-3.2867073455599893,-231.55317646993353,-107.01978104020964,-13.563597648273571
939,48944.0,49189.51923257126,49000.636876458295,49164.45730116021,49199.94390403636,-56.0,-7.175128997339925,-41.54375007159979,-20.96543639330048,-6.9803309376657126
940,49232.0,49180.42505840612,49242.27750867817,49253.72051534701,49205.76076830051,360.0,-10.83871334671494,293.0281756107215,100.12347186031184,4.504902679178485
941,49664.0,49167.84180587783,49586.69322767974,49364.704244880835,49208.953709394715,-104.0,-14.029618616677908,-83.89233456875809,-38.66414802576037,-19.559373436062742
942,49024.0,49152.36582117277,49074.49283954065,49176.39221929549,49166.642021428386,-256.0,-16.521749732946773,-217.9619984667661,-112.11591593759658,-35.179586894908425
943,49152.0,49134.79830641194,49150.769230746206,49140.47241300564,49138.5945356049,120.0,-18.129848956199567,70.12254493656656,-41.68359978702938,-28.71775904324386
944,49264.0,49116.10612326037,49214.737929413786,49093.02501972143,49109.2065033419,-312.0,-18.731797458822257,-269.08573981335576,-132.9348834234952,-37.12770709590404
945,48528.0,49097.334711494295,48612.597751119494,48874.60264615865,49064.33912141309,-96.0,-18.28867939470001,-92.40733714695307,-45.12105048345984,-18.050425858156814
946,49072.0,49079.52876447097,49029.92325511988,49002.782918754514,49073.105651625585,232.0,-16.8419123843305,206.9417795997797,93.57173197312659,8.82181279377619
947,48992.0,49063.650886725634,49026.48131031905,49061.746110104905,49081.98274700064,184.0,-14.507006093150267,168.9646067944559,93.8362464028396,13.37623272509154
948,49440.0,49050.51475228467,49367.85246870879,49190.45541156019,49099.85811707577,-16.0,-11.446666731226287,-19.366498066283384,3.9370072353849537,0.8682759289113164
949,48960.0,49040.75755326318,48987.74831418649,49069.620124575675,49083.719298858465,-304.0,-7.860262383492227,-241.36258358984924,-66.02522469668111,-9.952853274378867
950,48832.0,49034.79422751768,48885.12730152909,49058.40496216683,49079.95241052701,392.0,-3.9622942552887253,335.2606426903367,101.98731867456809,8.630732194895245
951,49744.0,49032.832964752604,49658.26959956716,49273.59476192481,49100.980763248255,48.0,0.02774808964750264,26.18623160806601,-20.012819279610994,-11.122609116344393
952,48928.0,49034.84972369698,48937.499764745226,49018.37932360761,49057.70719229432,-608.0,3.8867792415694566,-527.2120945322822,-210.02577651340107,-36.788211339215195
953,48528.0,49040.60652323574,48603.845410502596,48853.54320889801,49027.404340569825,56.0,7.410355460382561,45.57269827034179,-2.0645102605922148,-5.332634696005698
954,49040.0,49049.67043461774,49028.64516128591,49014.250303086425,49047.04192290231,432.0,10.40909197842484,368.02555721284443,147.83224573162443,19.989678477602865
955,49392.0,49061.42470719259,49339.896524928285,49149.20770036126,49067.38369752503,56.0,12.720123486236844,50.733988283791405,13.561247455458215,4.110959498968441
956,49152.0,49075.11068159022,49130.11313785349,49041.37279799734,49055.26384190025,-456.0,14.208424754528096,-390.9336266231476,-163.1485033652425,-16.956663529770594
957,48480.0,49089.84155670165,48558.02927168199,48822.91069363077,49033.47037046549,-112.0,14.782236343937257,-110.22157894571501,-47.00675755118209,5.88004708851804
958,48928.0,49104.67515427809,48909.66997996206,48947.35928289498,49067.02393607728,296.0,14.404302090973943,259.9906080903711,134.12823071169623,40.50476241565411
959,49072.0,49118.6501608836,49078.01048786273,49091.167155054165,49114.4798952968,192.0,13.092665539719746,198.39294721435363,153.3914496862635,49.57995398435742
960,49312.0,49130.86048535753,49306.45587439077,49254.142182267504,49166.183844046,224.0,10.946249609922234,200.72475848186514,134.04611834709794,44.41314095149937
961,49520.0,49140.54266010344,49479.46000482646,49359.25939174836,49203.3061771998,-64.0,8.142784502499126,-29.69584543199744,24.74690535503032,21.287642013787263
962,49184.0,49147.14605436253,49247.064183526774,49303.635992977564,49208.75912807357,104.0,4.924945555510931,82.92509633418013,4.194597717989382,6.690907277454244
963,49728.0,49150.39255121446,49645.31019749482,49367.64858718434,49216.687991754705,-240.0,1.5813266948352975,-231.6311961715801,-116.16311220105854,-17.63673673113226
964,48704.0,49150.3087077522,48783.801791183614,49071.30976857545,49173.48565461131,-272.0,-1.5873145663608739,-246.07125277942032,-112.68393432116864,-19.728054412833444
965,49184.0,49147.21792208174,49153.16769193598,49142.280718542,49177.23188292904,264.0,-4.300443341522623,215.2043604322862,50.11130923755627,3.407822464185301
966,49232.0,49141.707821069154,49214.21051204819,49171.53238705056,49180.30129953968,-56.0,-6.326957615769061,-27.90461964683709,-0.9821379661589162,0.4844815876240318
967,49072.0,49134.5640068502,49097.35845264231,49140.316442609685,49178.200846104286,16.0,-7.515119065785257,9.94020380564325,2.942276863966981,3.2095888698204362
968,49264.0,49126.677582937584,49234.09091965947,49177.416940778494,49186.72047727932,-8.0,-7.8098212178265385,-12.812934685447544,-6.19103144194014,4.655655038997793
969,49056.0,49118.94436441455,49071.73258327141,49127.934379725804,49187.51215618228,-96.0,-7.249065049079945,-83.69542003098832,-13.515371189794678,7.367286712076748
970,49072.0,49112.179452839424,49066.7000795975,49150.386198398905,49201.45505070347,-48.0,-5.966519059416896,-31.532105686423165,61.644917872559745,20.41564705636847
971,48960.0,49107.01132629572,49008.668371898566,49251.224215470924,49228.34345029502,696.0,-4.177408090643439,655.7847590722486,246.45012480747755,40.30557210629195
972,50464.0,49103.82463665814,50378.26959774199,49643.28644801386,49282.06619491606,-56.0,-2.1501185450179037,-48.45758848333571,-21.802245040678827,-5.373945633156836
973,48848.0,49102.71108920568,48911.753194931895,49207.619725389566,49217.595559028705,-656.0,-0.18539940117989318,-628.8182323922265,-252.3491583389623,-45.99085793591803
974,49152.0,49103.45383785578,49120.63313295754,49138.588131335935,49190.08447904422,96.0,1.4227325947395002,52.045602813363075,-75.73752838565997,-25.606856032271025
975,49040.0,49105.55655439516,49015.84440055862,49056.144668618246,49166.38184696416,-280.0,2.416278250842879,-225.5667296058018,-74.37112840856935,-17.38353973185076
976,48592.0,49108.28639435746,48669.49967374594,48989.845874518796,49155.31739958052,312.0,2.6120471801223175,294.6451992502625,132.6241431599483,17.101422595384065
977,49664.0,49110.780648755404,49605.134799059146,49321.39295493814,49200.58469215493,440.0,1.9513124075783708,387.8175632756902,160.2435578884215,22.096527182155114
978,49472.0,49112.18901917262,49445.13480029732,49310.33299029564,49199.51045394483,-360.0,0.5122202677703172,-302.9498925000298,-91.89346949468381,-14.698715512859053
979,48944.0,49111.805089290945,48999.235014059086,49137.606015948775,49171.18726112921,-176.0,-1.4826756352158554,-161.10082071800935,-75.92396637248021,-16.963829759155487
980,49120.0,49109.22366790219,49122.9331588613,49158.48505755068,49165.58279442652,176.0,-3.678086851210537,138.36393910870174,40.12157037724319,-3.325326981368562
981,49296.0,49104.448915588524,49275.96289227649,49217.84915670326,49164.536607166476,56.0,-5.6325584821242956,52.844194797628006,20.28867750421341,-7.619356901719584
982,49232.0,49097.95855093794,49228.621548456555,49199.062412559106,49150.34408062308,-72.0,-6.887795086717233,-64.23360153715475,-35.25553786459932,-18.275322512243292
983,49152.0,49090.67332541509,49147.49568920218,49147.33808097406,49127.98596214199,-128.0,-7.051912387287302,-103.6474132434596,-54.055291098015005,-23.558820373989874
984,48976.0,49083.854726163365,49021.326721969635,49090.951830363076,49103.2264398751,136.0,-5.872004055392608,100.46464261561414,1.089664570554305,-18.398200273131806
985,49424.0,49078.929317304304,49348.42497443341,49149.51741011517,49091.189561595726,-72.0,-3.289266009709536,-84.01502988508219,-78.67571519032208,-28.67740019959092
986,48832.0,49077.276194143946,48853.29666219947,48933.60039998243,49045.87163947592,-416.0,0.5300168353314803,-355.40684672066345,-165.11681014152782,-34.6243401460124
987,48592.0,49079.98935097497,48637.61128099208,48819.283789832116,49021.9408813037,16.0,5.217009115163819,12.371023753024929,-0.6747152342504705,-2.4337141070318467
988,48864.0,49087.71021237427,48878.03870970552,48932.25096951393,49041.004211261854,352.0,10.260373920358688,310.62097724104024,147.0926644387764,27.913540521243704
989,49296.0,49100.510098815685,49258.85323547416,49113.46911870967,49077.76796234619,224.0,15.0827813599426,195.08070313947246,89.95270855057242,25.85214920164435
990,49312.0,49117.87577509416,49268.200115984466,49112.156386615075,49092.70850966514,-384.0,19.13997104801456,-322.5614227354563,-101.2345387870555,3.975972802214528
991,48528.0,49138.790040911714,48613.73039000325,48911.00004113556,49085.71990795062,-64.0,22.007930150088214,-64.06906930470359,-9.656324911735283,20.8973936830007
992,49184.0,49161.891635394335,49140.06197737506,49092.843736791605,49134.503297031144,280.0,23.44197322252876,257.8016507549546,136.265564051846,46.308553932089126
993,49088.0,49185.67398735677,49129.33369151316,49183.53116923925,49178.337015814795,208.0,23.40302742995118,195.94017170390362,138.45301706727332,48.35056957438792
994,49600.0,49208.69769025424,49531.942320782866,49369.74977092615,49231.20443617992,56.0,22.04618341526293,62.32023318404026,71.09348714997759,34.42764217411968
995,49200.0,49229.7663541873,49253.97415788124,49325.718143539205,49247.192300163035,-24.0,19.676557977611083,-8.097373495427746,18.827444382652175,18.347478991268872
996,49552.0,49248.05080620946,49515.74757379201,49407.404659691456,49267.89939416246,112.0,16.692871420877054,80.51128487083406,9.38884599798621,6.50206370754313
997,49424.0,49263.15209702905,49414.99672762291,49344.49583553518,49260.19642757812,-152.0,13.516408540555858,-145.76720805455625,-102.66090638869355,-15.893145205427572
998,49248.0,49275.08362329057,49224.2131576829,49202.08284691407,49236.1131037516,-440.0,10.521223143798125,-392.6331640853932,-165.37156516407777,-24.677668638942123
999,48544.0,49284.19454331665,48629.73039945212,49013.75270520702,49210.84109030024,176.0,7.984513297698868,155.6570032537129,46.546210896471166,8.070041063649114
1000,49600.0,49291.05264988597,49535.527164190324,49295.17526870701,49252.2531858789,384.0,6.065999220423691,344.86020402577196,129.01019785348763,24.024754872607446
1001,49312.0,49296.326541757495,49319.450807503665,49271.773100914,49258.89060004545,-208.0,4.800677281717071,-178.82231916832825,-43.51561733601193,3.9819441688232473
1002,49184.0,49300.6540044494,49177.88252585367,49208.14403403499,49260.21707421655,-200.0,4.103410744952271,-172.15565238166892,-51.557049861512496,5.137327881919191
1003,48912.0,49304.5333632474,48975.13950274033,49168.65900119097,49269.16525580929,152.0,3.815423655738414,145.04793254320612,88.8444677514708,26.806444383211783
1004,49488.0,49308.28485176088,49467.97839094008,49385.83296953793,49313.82996298297,424.0,3.7423595049694995,360.637400945252,166.09045311591763,35.95620532282919
1005,49760.0,49312.01808225734,49696.41430463083,49500.83990742281,49341.07766645495,-120.0,3.6771670071066183,-89.4925631551123,-14.573108403714286,6.301586794721516
1006,49248.0,49315.63918577509,49288.993264629855,49356.6867527305,49326.433136572414,-240.0,3.4407609072768537,-202.45471685168377,-89.80977832705321,-10.722873053910007
1007,49280.0,49318.89960407189,49291.50487092746,49321.2203507687,49319.63192034713,104.0,2.915436912629957,60.03596093492524,-14.856226577452617,-4.819620207930711
1008,49456.0,49321.47005960035,49409.065186499705,49326.974299575595,49316.79389615655,-144.0,2.0573210846850998,-117.11375192920968,-58.75890140530464,-9.798329382752854
1009,48992.0,49323.01424624126,49057.277367069044,49203.70254795809,49300.03526158162,-24.0,0.9014509539119899,-25.400984085434175,-17.42047763845403,-1.356871495841915
1010,49408.0,49323.27296150818,49358.26321832884,49292.13334429869,49314.08015316487,64.0,-0.4452865689745522,52.30194290397412,30.49746848993891,9.348899241485924
1011,49120.0,49322.12367310331,49161.88125287699,49264.69748493797,49318.733060064595,-8.0,-1.8224429804831743,13.024298933130922,44.912883108263486,14.589559902953624
1012,49392.0,49319.62807554721,49384.3118161951,49381.959110515214,49343.259272970776,200.0,-3.0474751246438245,183.9896442935933,112.24118083485155,22.089176554720325
1013,49520.0,49316.028722854026,49529.86054146418,49489.17984660767,49362.911413174035,224.0,-3.9546797953080386,194.85143258999597,91.81065939629116,11.797710861963424
1014,49840.0,49311.718715956595,49774.01468137509,49565.580429307796,49366.8546946947,-88.0,-4.442818848634488,-85.77245321361261,-60.8092026459708,-19.713983744601137
1015,49344.0,49307.14308515676,49358.31563503695,49367.56144131573,49323.48344568483,-392.0,-4.5001823979619076,-344.12087115338363,-186.23826733420356,-44.397076725625084
1016,49056.0,49302.71835116067,49085.77293906832,49193.10389463939,49278.06054124345,-112.0,-4.196478969017335,-123.67800062700917,-105.90559935664714,-34.319877379206446
1017,49120.0,49298.75012721872,49110.959633782935,49155.75024260244,49254.84369092642,-24.0,-3.6811600712971995,-20.015136370722757,-19.47853073573424,-16.474665770714637
1018,49008.0,49295.35603101808,49045.74266632688,49154.14683316792,49245.11120970202,128.0,-3.141116311380756,123.496364178347,71.47000714944443,2.1230792607057083
1019,49376.0,49292.46789459596,49357.95236213963,49298.690256901325,49259.08984944783,248.0,-2.7415754959401966,221.97150651088668,105.88855218407116,8.133132218197716
1020,49504.0,49289.872880026196,49489.68567934865,49365.92393753606,49261.37747413842,72.0,-2.5859551084831764,60.161713952267746,-1.8043505972345883,-9.843501602492324
1021,49520.0,49287.295984378994,49478.275790044165,49295.081555706856,49239.40284624285,-472.0,-2.6883354636011063,-421.97764192065733,-183.30160397577856,-36.004485583427595
1022,48560.0,49284.496209098994,48645.73039550734,48999.320729584506,49189.36850297156,-168.0,-2.9661454503802815,-155.23716009987402,-76.10046133009746,-18.565918122705625
1023,49184.0,49281.36369347823,49167.80146984442,49142.88063304666,49202.271009997436,472.0,-3.2515102138168004,394.36886949588006,123.00021998548982,13.816057525742508
1024,49504.0,49277.99318867136,49434.4681344991,49245.321169555486,49217.00061802305,-248.0,-3.334515401878889,-197.0355355832362,-26.898878713433078,0.37963892676634714
1025,48688.0,49274.694662674476,48773.730398677944,49089.082875619795,49203.03028785097,64.0,-3.01675219981189,64.4031047833414,44.30314387420731,11.781184220468276
1026,49632.0,49271.95968427174,49563.27434406578,49333.9274573039,49240.562986463985,304.0,-2.149952897518233,265.469691235332,95.80831033605864,17.960847936214122
1027,49296.0,49270.39475687944,49304.66978114861,49280.69949629191,49238.9519837234,-264.0,-0.6817196386728028,-215.25565717411155,-60.87821286603139,-4.463403554418619
1028,49104.0,49270.59624499439,49132.76302971756,49212.17103157184,49231.63617935515,-32.0,1.3111204805172747,-28.091602843254805,-14.442948934156448,-0.9339954004899482
1029,49232.0,49273.016997840474,49248.4865754621,49251.8135984236,49237.08399292242,248.0,3.641212264126807,198.15642305502115,49.54936606356205,5.702013213387545
1030,49600.0,49277.878669522644,49529.0758758276,49311.26976369896,49243.04020578192,-256.0,6.0352522613575275,-221.37809713286697,-84.90895287515377,-11.891776851396571
1031,48720.0,49285.08750236319,48805.730381196365,49081.99569267329,49213.30043921962,-48.0,8.173878220044571,-55.40312615302901,-48.276224689023365,-5.074744601315615
1032,49504.0,49294.22642596273,49418.26962352154,49214.717314320915,49232.89071657929,32.0,9.762806333183107,19.234071231276175,-11.919721191916324,6.034813188631233
1033,48784.0,49304.613115029555,48844.19852365892,49058.15625028946,49225.370065596886,-256.0,10.601925072365702,-200.36887872645457,-19.48293888673288,14.547852297437203
1034,48992.0,49315.430276107465,49017.53186606863,49175.75143654745,49261.986421174166,408.0,10.638115807749273,373.501414947852,209.47090453172132,50.11567663598544
1035,49600.0,49325.88934664505,49591.20135355462,49477.0980593529,49325.60141886886,496.0,9.979376568975567,457.1675130641197,239.89565248189683,49.89506863813949
1036,49984.0,49335.389029245416,49931.86689219687,49655.54274151124,49361.776558450445,88.0,8.869601021910057,79.99999962662332,14.216052913969179,5.063967504105676
1037,49776.0,49343.628548688874,49751.20135280787,49505.53016518084,49335.72935387707,-688.0,7.615902244204335,-620.8276978310059,-285.2474937399893,-48.060736879520846
1038,48608.0,49350.620833733825,48690.21149653486,49085.047754031264,49265.6550846914,-336.0,6.501454544450098,-333.76345111740375,-181.9585341339407,-37.191514951096906
1039,49104.0,49356.631457777774,49083.67445057306,49141.61309691296,49261.346323974874,336.0,5.699819520836172,291.83520690350633,75.3718913381781,3.5585554822137055
1040,49280.0,49362.0204727755,49273.88191034187,49235.79153670762,49272.77219565583,176.0,5.220398807115998,159.61701147816348,72.0742081484641,11.064481463748962
1041,49456.0,49367.072255392006,49402.90847352939,49285.76151320989,49283.47528690237,-176.0,4.89895318921117,-136.43106916553006,-35.14926689278218,2.0768555916620244
1042,48928.0,49371.81837915392,49001.01977201081,49165.493002922056,49276.925906839155,-48.0,4.437967396686872,-36.78984146451694,-1.5220088268069958,10.89691527873947
1043,49360.0,49375.94819018538,49329.32879060035,49282.71749555627,49305.26911745985,224.0,3.503596715752792,174.95297159133042,78.58324041235755,25.606666493687953
1044,49376.0,49378.825572585425,49350.92571519347,49322.65948374677,49328.13923982653,-152.0,1.8154907655298302,-103.7744994394925,13.271730063879659,20.477084358004504
1045,49056.0,49379.57917171644,49121.77979172137,49309.26095568403,49346.22328617586,184.0,-0.7699622382642701,178.437877612585,113.23194977928142,32.595210658124415
1046,49744.0,49377.2856481089,49707.80147041864,49549.123383305334,49393.32966114278,384.0,-4.208378851828456,326.3441883126252,142.42411927396824,29.572858024057496
1047,49824.0,49371.16241401278,49774.46816834662,49594.10919423197,49405.369002223975,-296.0,-8.27702219420462,-235.03558667014295,-69.95959195738033,-8.892208807606949
1048,49152.0,49360.73160372049,49237.73029707836,49409.20419939057,49375.545243527566,-24.0,-12.632395075892418,-42.09923791274559,-56.30289514611286,-18.64649652002845
1049,49776.0,49345.897623861,49690.26969252113,49481.50340393974,49368.07600918392,-80.0,-16.88453596562249,-87.00963994455014,-74.94909348095462,-27.86543388445716
1050,48992.0,49326.96253178924,49063.71101718926,49259.306012428664,49319.81437575865,-192.0,-20.68137562107222,-169.05011302513594,-88.54438529675099,-31.870914637329406
1051,49392.0,49304.53487261885,49352.169466470856,49304.41463334624,49304.33417990926,120.0,-23.78294085007292,89.3057816358596,1.315937590701651,-19.863486853930226
1052,49232.0,49279.3966500891,49242.322580460976,49261.93788761007,49280.08740205079,-88.0,-26.086817016075656,-58.233983704983984,-27.50780193114406,-21.842407755928434
1053,49216.0,49252.3612385867,49235.70149906089,49249.39902948395,49260.6493643974,128.0,-27.630302511170157,91.8864139043726,4.1606566158661735,-17.205569433521305
1054,49488.0,49224.136045066756,49426.09540826972,49270.2592008418,49245.67626318375,-216.0,-28.544658275412075,-190.50936348128744,-88.01022822125014,-27.089288054463395
1055,48784.0,49195.27192203588,48854.68277209831,49073.37857304145,49206.470788288476,-176.0,-28.977628223310603,-146.6184616411083,-52.19134127962025,-18.081935480851826
1056,49136.0,49166.180788620135,49132.858484987504,49165.87651828256,49209.512392222045,320.0,-29.042899619642412,262.4681378266978,107.43620438238577,6.717223544674198
1057,49424.0,49137.18612279659,49379.61904775171,49288.250981806224,49219.905235377824,-8.0,-28.77847028907854,24.85580152275361,54.49995442677391,0.18810492466946016
1058,49120.0,49108.62384804198,49182.57008803301,49274.87642713611,49209.88860207138,184.0,-28.112863560145342,163.3252832047001,64.06365889793597,-5.522203202872333
1059,49792.0,49080.9603956763,49706.26961416111,49416.3782996021,49208.86082897208,-24.0,-26.888903881277656,-40.546281608432764,-46.308977732962376,-30.184731650700996
1060,49072.0,49054.84604027942,49101.477524816146,49182.25847167018,49149.51913876998,-424.0,-24.907558210619754,-369.3343894804675,-178.9905920968231,-55.46573326359794
1061,48944.0,49031.14527925506,48967.60083520017,49058.39711540845,49097.929362444884,0.0,-22.000922126455407,-15.872513615104253,-66.6627985575069,-43.893308202852495
1062,49072.0,49010.84419602651,49069.73249758594,49048.93287455517,49061.73252236428,128.0,-18.10240658584371,90.79415031544704,-20.99780357569398,-36.710213962396665
1063,49200.0,48994.940466083375,49149.18913583107,49016.40150825706,49024.50893452009,-232.0,-13.289848192187492,-206.51768514799915,-124.33061216957503,-45.998141118179774
1064,48608.0,48984.26449964214,48656.69712728994,48800.27165021602,48969.73624012792,-240.0,-7.816456830805691,-217.08636954297253,-119.99403293303476,-36.68588238578013
1065,48720.0,48979.307552421764,48715.01639674512,48776.41344239099,48951.13716974853,40.0,-2.066178876601043,33.40125318078208,4.348513370474393,-7.042211891955958
1066,48688.0,48980.132141888935,48723.4996336515,48808.96867695697,48955.651816344005,216.0,3.5105243712605443,185.98140516390413,93.03957304445794,17.89723741267153
1067,49152.0,48986.328601164285,49086.97920707293,48962.49258847991,48986.93164457387,24.0,8.476765355491807,38.37560878610384,58.770205762895785,23.026410458562168
1068,48736.0,48997.08567259992,48800.25085122371,48926.50908848276,49001.70463726113,24.0,12.511536791695107,34.52590026931284,59.271044244229415,28.058224550313753
1069,49200.0,49011.351674747675,49156.03100761156,49081.03467696837,49043.0480936745,152.0,15.463631352002267,135.93519444565027,95.04292696978882,33.49586109709708
1070,49040.0,49028.01293530392,49072.12124011501,49116.594942422336,49068.69635945532,64.0,17.352628357111826,76.69643307851584,73.85773666514069,27.083083753586834
1071,49328.0,49046.0569314619,49309.42387376859,49228.75015029865,49097.214261181674,176.0,18.34696247336251,144.4220024965034,62.53028302563689,16.97861478543564
1072,49392.0,49064.70686025065,49360.96524510802,49241.65550847361,49102.653589026195,-120.0,18.69573903534183,-103.63240312046037,-62.26688758823002,-9.027992704166536
1073,49088.0,49083.44840953258,49102.15906752767,49104.21637512219,49079.15827577334,-192.0,18.632929893989058,-188.01083994202781,-129.33094579032695,-23.937399464190094
1074,49008.0,49101.972720038626,48984.94356522396,48982.993616892956,49054.778790097815,-256.0,18.30107535161369,-232.49767618390615,-133.72594978275447,-22.040546170639573
1075,48576.0,49120.05056023581,48637.163715159855,48836.76447555668,49035.07718343206,-56.0,17.71747674317521,-41.96127426482417,-15.846903557936457,3.252252505855722
1076,48896.0,49137.40767352498,48901.021016694314,48951.29980977708,49061.283295109526,336.0,16.79005597042851,288.9623850060452,142.18523910894146,34.47027643293768
1077,49248.0,49153.63067217667,49215.088485171946,49121.13495377456,49104.01773629794,152.0,15.360239238649228,149.50989433736686,106.40262088476084,35.53532800330868
1078,49200.0,49168.128152002275,49200.04080536905,49164.105051546605,49132.35395111614,-24.0,13.292831577367906,-14.843652957646555,25.022623545344686,24.95391237401418
1079,49200.0,49180.2163353314,49185.40117925665,49171.18020086525,49153.925561045966,-112.0,10.552563409979484,-87.63372982912188,-7.3347502487231395,19.267887982121465
1080,48976.0,49189.233278822234,49024.773345710804,49149.43555104916,49170.88972708039,88.0,7.246908933891973,83.23889500818404,64.9731257084859,26.70865238843544
1081,49376.0,49194.71015319919,49351.87896927302,49301.126452282224,49207.34286582284,232.0,3.6465171439886035,206.50046992732314,114.25412737417719,28.02028203359805
1082,49440.0,49196.52631311021,49437.77428556545,49377.94380579751,49226.93029114758,72.0,0.1412721561609942,74.76674411967906,45.78925641404567,8.933939882121194
1083,49520.0,49194.99269751151,49501.41245751238,49392.704965110315,49225.21074558708,-16.0,-2.8378091389895417,-29.2995404911926,-48.88635813203655,-16.45900828115191
1084,49408.0,49190.85069483223,49379.175204583065,49280.17108953344,49194.01227458528,-280.0,-4.914724971014948,-266.36123001398664,-176.4483308101553,-41.89785727253184
1085,48960.0,49185.16324756948,48968.689997484405,49039.808303490005,49141.415031042015,-416.0,-5.863821460290637,-367.03521967664346,-200.4586342984294,-43.52649199116422
1086,48576.0,49179.12305191165,48645.10476522978,48879.25382093658,49106.95929060295,32.0,-5.679073113242339,21.938593894286896,-8.92757208513649,-7.907775908919575
1087,49024.0,49173.805101342994,49012.56718527298,49021.95315931973,49125.599479224176,368.0,-4.57228510638015,310.2983464081117,141.67591804301992,23.72016258243457
1088,49312.0,49169.97848169889,49265.701458046,49162.60565702262,49154.39961576782,-16.0,-2.942611922575452,21.641563003024203,65.95532621419989,20.92011733203617
1089,48992.0,49167.91987749784,49055.85031127903,49153.86381174813,49167.43971388825,136.0,-1.2930994078633375,116.6442055141124,72.1900605995761,21.812083814838843
1090,49584.0,49167.392282883164,49498.98986907423,49306.98577822177,49198.0237833975,16.0,-0.10904435440897942,10.845107280416414,14.614855584532052,11.285258679126855
1091,49024.0,49167.701788789025,49077.54052583986,49183.093522917196,49190.0102312465,-200.0,0.24248263362096623,-153.74671403505636,-44.34549384597631,0.28695941132536973
1092,49184.0,49167.877248150406,49191.496441004114,49218.29479052982,49198.59770222015,200.0,-0.39992418932160945,151.43812018483732,52.34866287752811,9.31735608465533
1093,49424.0,49166.90194041038,49380.416766209535,49287.79084867225,49208.64494341581,-48.0,-1.960382880140969,-28.99584374690312,1.391482478560647,-0.7205116335426283
1094,49088.0,49163.956482390124,49133.50475351031,49221.07775548694,49197.15667895306,-32.0,-4.13933633661145,-19.388245147689304,-0.17421544183889637,-6.030430515100306
1095,49360.0,49158.62326773716,49341.64027591416,49287.442417788574,49196.58408238561,144.0,-6.483380960748036,116.33690197462784,30.085871195919026,-8.74339244816656
1096,49376.0,49150.98972046863,49366.17855745956,49281.24949787878,49179.66989405673,-16.0,-8.487307726125437,-24.568931156787585,-53.56817097040039,-26.730693626050197
1097,49328.0,49141.64865228491,49292.50241360058,49180.30607584777,49143.12269513351,-344.0,-9.700958791996527,-309.43085138161405,-174.7903841071202,-45.79106416653667
1098,48688.0,49131.587802884635,48747.316854696335,48931.66872966454,49088.087765723656,-192.0,-9.8283485898246,-190.33450989704215,-126.80298135096018,-35.03054112367681
1099,48944.0,49121.99195510526,48911.8333938065,48926.70011314585,49073.06161288616,8.0,-8.785642788385303,3.6835081426506804,-13.618559945763991,-8.573072193190455
1100,48704.0,49114.016517307864,48754.68387098164,48904.43160977301,49070.941621337275,80.0,-6.708369184638286,96.26983208330057,77.94730151366457,16.22708951797904
1101,49104.0,49108.57521673598,49104.3730579731,49082.59471617318,49105.51579192212,416.0,-3.9209319101464644,351.5544768569671,167.4604644867577,34.649960180951894
1102,49536.0,49106.17465348757,49457.79282469557,49239.35253874653,49140.24154169918,-128.0,-0.8669614517602895,-85.43151717278306,8.43409194661217,14.937826862016664
1103,48848.0,49106.84129383246,48933.51002362753,49099.462900066406,49135.39144564615,-48.0,1.9868889300742012,-48.91727555729085,-14.158188646917552,9.519476229281281
1104,49440.0,49110.14843134772,49359.95827358099,49211.03616145269,49159.28049415774,48.0,4.2320648747554515,26.23961785841675,-2.908657887368463,9.853073219477665
1105,48944.0,49115.30542358197,48985.989259344366,49093.64558429167,49155.097592085105,-216.0,5.579209076920961,-164.02271751478474,-42.56778501518784,6.3719775316203595
1106,49008.0,49121.30684950156,49031.91283855142,49125.900591422316,49172.02444922098,184.0,5.898601987744769,165.48777196414812,91.20530284180495,25.12807959692509
1107,49312.0,49127.10262755746,49316.96480327266,49276.05618997528,49205.353751278955,360.0,5.232490649606916,309.87598108453676,132.1836935406027,27.996989621919056
1108,49728.0,49131.771830800775,49651.66480072049,49390.26797850352,49228.01842846482,-264.0,3.7591836784667976,-223.61720231509025,-54.65422221999688,-2.3344013908936176
1109,48784.0,49134.620994914396,48869.73039864248,49166.747745535286,49200.68494849717,-56.0,1.7407157882043975,-58.592265077881166,-32.146360200593335,-6.499232542792015
1110,49616.0,49135.253262377184,49534.48027056473,49325.975258102335,49215.019963379236,160.0,-0.5256865752853628,139.10228432359145,14.215141618220514,-5.713986948972888
1111,49104.0,49133.569621763825,49147.934967289664,49195.17802877173,49189.25697459922,-192.0,-2.756233979958779,-166.87046682673463,-85.20821494474876,-21.500140050047776
1112,49232.0,49129.74079441727,49200.73933691126,49155.55882821284,49172.01968327914,-96.0,-4.71387956795661,-103.49894582210982,-77.83978645247407,-20.23630715613035
1113,48912.0,49124.14186262791,48940.937075645445,49039.49845586678,49148.78436028696,-136.0,-6.217010224914702,-115.11688303860865,-52.31114441266618,-11.396104977829964
1114,48960.0,49117.30677396744,48970.505570834044,49050.936539387505,49149.22747332348,88.0,-7.126808614710171,82.09634935884242,56.90635321447189,9.904486702696886
1115,49088.0,49109.88824539849,49105.12977436313,49153.31116229572,49168.593333692355,232.0,-7.328136461441318,220.27307534473948,135.0302040560855,23.395527053489786
1116,49424.0,49102.650501044554,49411.05172152352,49320.996947499676,49196.01852743046,280.0,-6.715962616621255,241.1805547780168,116.18425895378823,16.02612010962548
1117,49648.0,49096.45632016525,49587.49088391916,49385.6796802033,49200.645573911606,-160.0,-5.198911107843742,-139.57416296694282,-66.47742719472808,-17.740674823271547
1118,49104.0,49092.25267882887,49131.90339558964,49188.04209311022,49160.53717778392,-352.0,-2.7142749741215084,-302.6027654229147,-155.61654053796883,-37.28153723849027
1119,48944.0,49091.027770217006,48982.285353073334,49074.44659912736,49126.082499434626,88.0,0.7291620450851042,41.80872285037185,-48.372194419174775,-25.35055337756421
1120,49280.0,49093.71100291904,49215.52084129038,49091.29770427187,49109.83607102879,-88.0,5.019381691385206,-89.16030533105732,-77.50004271955186,-24.75462485439857
1121,48768.0,49101.06653359978,48803.96474241122,48919.44651368826,49076.57324972583,-288.0,9.92022158303007,-231.73238682304145,-96.12793373949171,-17.834158816665877
1122,48704.0,49113.5514460851,48752.0560676443,48899.04183679289,49074.16775339546,272.0,15.060221611314773,219.20477557469712,77.11624150107673,16.102891339396592
1123,49312.0,49131.186976822406,49242.37429356061,49073.67899669041,49108.77903240462,136.0,19.97301644756226,111.3565815992406,55.47665824273281,24.45023062940163
1124,48976.0,49153.49747898022,48974.76923084278,49009.99515327835,49123.06821465426,-344.0,24.14689971381449,-273.75890850394353,-46.686266772885574,21.642592982349015
1125,48624.0,49179.480776250035,48694.856476552726,48980.30646314464,49152.06421836932,280.0,27.09634827744958,262.95991201270954,148.46454143860683,55.399214633522206
1126,49536.0,49207.69017553512,49500.6890548682,49306.924236155566,49233.866643921305,496.0,28.440616354113445,440.6875691173118,212.07989108871334,66.69575774805344
1127,49616.0,49236.36200895826,49576.23161478735,49404.466245322066,49285.45573386543,-144.0,27.966086394571903,-123.2993661441069,-8.224868172474089,35.06187663739183
1128,49248.0,49263.622348324265,49254.090322579985,49290.47449981062,49303.99039719609,-344.0,25.643815254388755,-291.6896793074411,-92.75449560613197,21.334183190469048
1129,48928.0,49287.64963946704,48992.85225617247,49218.9572541098,49328.124100246365,64.0,21.64324022699293,63.02321445480993,73.96138135407818,44.13990806259244
1130,49376.0,49306.90882877825,49380.136751489605,49438.397262518774,49392.27021332127,544.0,16.32174237164145,484.33376506822606,250.63863966836288,64.95962374097144
1131,50016.0,49320.29312421032,49961.51978630892,49720.23453344653,49458.04334772831,248.0,10.171527247162885,232.61645406083335,133.95453765102138,37.87530179344685
1132,49872.0,49327.25188327258,49845.36965961127,49706.30633782082,49468.02081690817,-296.0,3.7803024472959805,-249.30182864126982,-96.77502671530601,-10.221489974726865
1133,49424.0,49327.853729104914,49462.91612902638,49526.684480015916,49437.600367778854,-184.0,-2.226015152853506,-187.87288545299816,-128.27961779694306,-29.740430740373995
1134,49504.0,49322.79985296687,49469.623888705275,49449.74710222693,49408.53995542742,-184.0,-7.258166781946784,-165.17279679470448,-104.06382667551952,-33.83341458006544
1135,49056.0,49313.33739554102,49132.57053543697,49318.55682666488,49369.93353861872,104.0,-10.825381363956694,83.12873341370505,0.08813777038812987,-22.90973987775942
1136,49712.0,49301.149090238956,49635.881355532685,49449.92337776771,49362.7204756719,112.0,-12.595309968222864,85.38818826196803,0.32823998668027343,-24.677039163227164
1137,49280.0,49288.146775604575,49303.34691196091,49319.21330663824,49320.57946029227,-256.0,-12.44090250014051,-215.7998837672494,-111.10341781035459,-40.11204236501726
1138,49200.0,49276.267285238675,49204.281587998186,49227.716542147,49282.496390941866,-64.0,-10.463860794741777,-77.65738397177483,-77.63849341773675,-33.95824980330872
1139,49152.0,49267.21905401509,49148.03214401736,49163.936319802764,49252.66296068565,-80.0,-6.989184967987967,-76.08872389406315,-57.81206244285204,-24.80028222193505
1140,49040.0,49262.2889153027,49052.10414021006,49112.092417261294,49232.895826497996,-48.0,-2.522109866629762,-35.407302756997524,-15.797693910823,-10.122342862752703
1141,49056.0,49262.17483428183,49077.21753850336,49132.34093198112,49232.418274960146,160.0,2.315509724248841,131.20109081013652,58.4189807103794,8.343362210154737
1142,49360.0,49266.9199347512,49314.50632183033,49228.93037868205,49249.582550918305,-8.0,6.876978025182325,9.82039247863213,31.054636041957565,11.64340350407656
1143,49040.0,49275.9287903322,49096.85832346063,49194.45020406503,49255.7050819683,80.0,10.57935391324645,66.6436189334272,42.74492741550057,16.90778514840713
1144,49520.0,49288.07864257769,49447.79355969719,49314.420233513054,49283.39812121512,-16.0,12.97006084874738,-10.096965277502022,17.18014620455142,15.86294530757732
1145,49008.0,49301.86891202969,49076.66439290562,49228.810496474136,49287.430972583454,-56.0,13.781322258182627,-27.80720226343692,24.795511198142776,18.00439999750597
1146,49408.0,49315.641287094055,49392.17915517031,49364.01125590934,49319.40692121013,280.0,12.936431729645847,236.41053811625898,113.20638738988055,27.546294687181216
1147,49568.0,49327.74177548898,49549.48546913814,49455.2232712539,49342.523561957816,64.0,10.538211468101508,64.733659658541,34.823650971498864,11.842818845580041
1148,49536.0,49336.71771003026,49521.646474487396,49433.65855785234,49343.09255890129,-96.0,6.845002949659829,-99.60662221378516,-72.73543447538759,-9.076375111464586
1149,49376.0,49341.4317813883,49350.27222471057,49309.75240230312,49324.37081173489,-376.0,2.2259716833250422,-333.3906370811783,-157.02995439765436,-21.303206579654216
1150,48784.0,49341.16965339691,48854.86520032504,49119.59864905703,49300.48614574198,-128.0,-2.868099164672458,-107.70351190313522,-22.3544287175755,1.9396412941896415
1151,49120.0,49335.69558305896,49134.8652009043,49265.04354486797,49328.250094323266,560.0,-7.9327952757739695,484.52084804483457,217.96666824492422,38.17645329744846
1152,49904.0,49325.30406284536,49823.90689641471,49555.53198554688,49376.83905233688,136.0,-12.4431704388262,158.38133463984923,116.25443345234817,22.230910630456492
1153,49392.0,49310.809242181305,49451.627870184,49497.55241177267,49372.71191558418,-88.0,-15.89721898001153,-74.13967531070375,-5.203367887879722,-5.091540973491647
1154,49728.0,49293.50962488534,49675.6275457933,49545.12524977112,49366.6559703899,-32.0,-17.867405417651753,-37.86259542417247,-43.86453711599097,-24.123146674784948
1155,49328.0,49275.074431346,49375.90267933565,49409.823337540685,49324.46562223461,-56.0,-18.066822885793954,-60.21146977936223,-94.39024346008591,-42.36706704356038
1156,49616.0,49257.37597911375,49555.204606234576,49356.344762850946,49281.921836302776,-248.0,-16.420656999154744,-253.10959455505508,-183.30619326426677,-59.24769411669331
1157,48832.0,49242.23311734769,48869.68349022554,49043.21095101215,49205.97023400122,-408.0,-13.108347265406337,-368.66911225446165,-207.52833633272166,-57.25309060149084
1158,48800.0,49231.15928458294,48817.86638172565,48941.2880901855,49167.415655099794,56.0,-8.549054228406021,37.514800128366915,-31.278815733901865,-20.183796146440727
1159,48944.0,49225.13500889088,48944.71309048228,48980.65331954435,49165.60264170834,152.0,-3.353443724288809,130.41216116802752,57.69188913102698,9.267118693962402
1160,49104.0,49224.45239713436,49078.69070406171,49056.671868447556,49185.94989248772,-16.0,1.7747509003093,7.4311338879560935,52.354483126982814,24.444745403769048
1161,48912.0,49228.6845106915,48959.57535825819,49085.362285798314,49214.49213251588,120.0,6.173971952681313,118.76144548743105,115.37156024991418,43.666846653948596
1162,49344.0,49236.80034103972,49316.21359503657,49287.414988947385,49273.283585795616,224.0,9.351035885247256,217.70621196123466,173.76019762275973,55.25563256951864
1163,49360.0,49247.38658246199,49394.98778218066,49432.88268104383,49325.00339765492,456.0,11.076230874165049,427.02800153668795,181.90903261836866,49.96998174204782
1164,50256.0,49258.95280278805,50170.269598109946,49651.23305418412,49373.22354927971,-272.0,11.412116723437066,-252.06129063573826,-84.03309976764649,4.081329088781786
1165,48816.0,49270.21081590887,48890.86520090918,49264.81648150854,49333.16605583248,-528.0,10.683280937715608,-479.70219902941244,-162.00833192131904,-14.199190655610437
1166,49200.0,49280.31936466348,49210.86520005112,49327.216390341484,49344.82516796849,448.0,9.384656286310928,389.8014662077294,126.008104003693,18.90037053443666
1167,49712.0,49288.98012848149,49670.46813332464,49516.832689515926,49370.96679690135,264.0,8.055170784416987,236.4681330865351,92.0326439324017,9.089968777927425
1168,49728.0,49296.42970623232,49683.80146622419,49511.28167820629,49363.005105524346,-304.0,7.156186051135592,-256.936635958602,-113.91017220649519,-26.211436100787978
1169,49104.0,49303.29250058376,49156.59486140744,49289.012345102936,49318.54392469978,-232.0,6.976089216845139,-214.9549978004652,-129.76316055188727,-33.73398458958036
1170,49264.0,49310.38188466601,49253.89147062326,49251.75535710251,49295.537136345185,88.0,7.584937887117121,46.75396233211359,-43.379309449162974,-21.429931537331868
1171,49280.0,49318.462376357995,49250.102786071664,49202.25372620461,49275.684061625114,-176.0,8.83647001214922,-153.27475419328766,-88.37476779560166,-20.068871638817654
1172,48912.0,49328.054824690305,48947.341962236686,49075.00582151131,49255.39939306755,-152.0,10.428569117219013,-126.05101265155099,-45.74499393764563,-3.114698904188117
1173,48976.0,49339.31951459243,48998.00076076856,49110.76373832932,49269.45466381674,176.0,11.989998251632642,160.66260237467213,103.1397859826684,28.72800394002843
1174,49264.0,49352.03482119357,49268.66716698603,49281.285393476646,49312.85540094761,312.0,13.163049354618124,294.0022411476202,179.16435188565083,45.84350717824782
1175,49600.0,49365.64561330167,49586.0052430638,49469.09244210062,49361.14167817323,280.0,13.692525979007769,247.36429139679603,122.35326967428409,36.34336113428799
1176,49824.0,49379.419873151586,49763.39574977962,49525.991932825214,49385.54212321618,-360.0,13.465729088842636,-310.1374223583807,-92.10454286279491,2.4775512037558656
1177,48880.0,49392.577071479354,48965.73039834704,49284.88335637503,49366.096780580745,-96.0,12.50893291027387,-93.51645180439664,-38.666898262672476,4.859496393601148
1178,49632.0,49404.437738972134,49576.36284617083,49448.65813629987,49395.261116003385,280.0,10.958853307398385,241.4564487572752,72.10384807477385,17.327391222810547
1179,49440.0,49414.49477809415,49448.64329586159,49429.09105252458,49400.751563026366,-104.0,9.016902697123442,-84.50307100125792,-25.021557513002335,3.5280251742988185
1180,49424.0,49422.47154436638,49407.35670416831,49398.615021273865,49402.31716635198,-152.0,6.8962985517209745,-124.50307085172608,-43.16852061377722,0.48146164321224205
1181,49136.0,49428.28737519759,49199.63715415814,49342.754011297024,49401.71448631279,152.0,4.761696371486323,128.88904835073117,47.51599567166704,12.683044276451255
1182,49728.0,49431.99493710935,49665.134800869775,49493.6470126172,49427.683254904885,176.0,2.70671633492384,132.74882349034306,33.71650762878198,10.95293133733503
1183,49488.0,49433.70080786744,49465.134801138825,49410.18702655459,49423.62034898746,-392.0,0.7492163250790327,-322.93730866578335,-122.36647278532473,-7.2818884680491465
1184,48944.0,49433.49336975951,49019.26018353821,49248.91406704655,49413.11947796879,-64.0,-1.1542506537334702,-60.96238528061076,-8.815925984759815,12.955102879765036
1185,49360.0,49431.392306559974,49343.210030577604,49392.55517458507,49449.53055474699,264.0,-3.0774134850253176,239.99999992743687,159.91869483105256,40.88760451555572
1186,49472.0,49427.33854278946,49499.26018339308,49568.751456708655,49494.8946869999,472.0,-5.099744857612677,437.52978653935133,224.57201047791386,46.508866602900525
1187,50304.0,49421.19281684475,50218.26960365631,49841.699195540896,49542.54828795279,80.0,-7.283641382971837,76.1801859228326,41.79733660269267,9.581015350529924
1188,49632.0,49412.77126002352,49651.62055523875,49652.34612991404,49514.05671770096,-448.0,-9.665797265595756,-399.5477363603932,-179.18000066983586,-34.38873436678114
1189,49408.0,49401.86122231356,49419.17413093552,49483.339194201224,49473.77081921923,-176.0,-12.235025743939332,-176.57576962563326,-131.33733861220753,-36.99735752076958
1190,49280.0,49388.30120853564,49298.46901598748,49389.671452689625,49440.06200265942,-32.0,-14.918726240612159,-28.360035010628053,-38.83201516678673,-25.70571642684081
1191,49344.0,49372.02376983233,49362.454060914264,49405.67516386765,49422.35938636555,184.0,-17.58652339114633,156.25534949809298,46.84129311185461,-13.784646975593205
1192,49648.0,49353.128161753346,49610.97971498367,49483.354038913334,49412.49270870823,88.0,-20.040180847961892,63.42422898773293,-4.644105497653072,-21.642042221905285
1193,49520.0,49331.94340813641,49489.30251888973,49396.386952872344,49379.07530192174,-400.0,-22.015052028706123,-344.723923814985,-148.77360960481747,-40.463641690403165
1194,48848.0,49309.098057695934,48921.5318673537,49185.8068197037,49331.565425327426,-152.0,-23.202345437490294,-130.55199259781512,-41.67672331679569,-23.331605327945
1195,49216.0,49285.53871726143,49228.1985336941,49313.03350623875,49332.41209126585,568.0,-23.293200551859627,488.3688659382424,175.7434396544304,6.667270501711755
1196,49984.0,49262.511656592214,49898.26959923018,49537.29369901256,49344.89996633085,48.0,-22.0324376459248,41.90073281419245,0.9070422800832603,-19.467126618448674
1197,49312.0,49241.47384196958,49311.999999322485,49314.84759079892,49293.47783802895,-592.0,-19.277444106541225,-508.96927043112737,-221.02231281418062,-52.34823640045943
1198,48800.0,49223.95676837913,48880.33105836793,49095.2490733842,49240.20349352993,0.0,-15.053532563062618,-28.50518423358153,-71.97398072262149,-31.264169822516124
1199,49312.0,49211.36677684345,49254.98963085532,49170.89962935368,49230.94949838392,120.0,-9.589096392672218,89.60672676400645,5.100370646319789,-13.306520226822613
1200,49040.0,49204.77857559379,49059.54451189594,49105.44981467684,49213.590453076285,-272.0,-6.588201249665872,-195.44511895938194,-65.44981467683829,-17.359045307632186
