distance,Raw,Median+Gaussian,Huber MRF lambda=0.1,Huber MRF lambda=1,Huber MRF lambda=10,derivative:Raw,derivative:Median+Gaussian,derivative:Huber MRF lambda=0.1,derivative:Huber MRF lambda=1,derivative:Huber MRF lambda=10
0,51520.0,51760.523043577305,51574.14550830894,51848.43683834997,51902.859874273876,1216.0,-0.24713137884100433,1053.5634782247362,328.43683834996773,38.28598742738541
1,52736.0,51760.27591219846,52627.708986533675,52176.873676699935,51941.14586170126,104.0,-0.4578681585335289,110.15422368328655,48.87367669993182,-1.4567194875489804
2,51728.0,51759.60730726024,51794.45395567551,51946.18419174983,51899.94643529878,-416.0,-1.0276634993497282,-355.0852628384491,-121.59738907518476,-32.60210463754629
3,51904.0,51758.220585199764,51917.53846085678,51933.678898549566,51875.94165242617,264.0,-1.9134699948226626,190.7768094651583,2.334156074517523,-25.40770025130041
4,52256.0,51755.78036727059,52176.00757460583,51950.85250389887,51849.13103479618,-240.0,-3.1017366290689097,-221.39977835119862,-135.4001427012663,-47.15406589018312
5,51424.0,51752.017111941626,51474.73890415438,51662.87861314703,51781.6335206458,-432.0,-4.487828443910985,-367.66738455016093,-168.53458417832007,-49.61583811808305
6,51392.0,51746.80471038277,51440.67280550551,51613.783335542226,51749.89935856001,256.0,-5.913476562942378,209.29792887864824,61.79639016631336,-13.839194157793827
7,51936.0,51740.19015881574,51893.334761911676,51786.47139347966,51753.955132330215,280.0,-7.20185229177514,239.33576596452986,97.92375467725651,-5.046469613283989
8,51952.0,51732.40100579922,51919.344337434566,51809.63084489674,51739.80641933344,-176.0,-8.219361934407061,-137.26873730426814,-48.02512613454746,-24.758392030100367
9,51584.0,51723.75143494693,51618.79728730314,51690.421141210565,51704.438348270014,-144.0,-8.904333468715777,-126.56061361572938,-65.99913308088799,-29.346153649927146
10,51664.0,51714.59233886179,51666.22311020311,51677.63257873496,51681.11411203359,80.0,-9.258624056881672,58.54137391551194,-5.972273108120135,-22.468530634749186
11,51744.0,51705.234186833164,51735.88003513416,51678.476594994325,51659.501287000516,56.0,-9.345295874452859,29.057100601850834,-31.917686243479693,-25.837760683043598
12,51776.0,51695.90174711288,51724.33731140681,51613.797206248004,51629.4385906675,-304.0,-9.252220469512395,-269.8561666933274,-145.7807856223153,-37.390766799639096
13,51136.0,51686.72974589414,51196.16770174751,51386.915023749694,51584.71975340124,-272.0,-9.049156756616867,-227.33110092173956,-101.42467062346259,-22.28284959620214
14,51232.0,51677.80343359965,51269.67510956333,51410.94786500108,51584.8728914751,320.0,-8.740866805193946,261.88295563246356,113.50677375192754,17.796782647612417
15,51776.0,51669.24801228375,51719.933613012436,51613.92857125355,51620.31331869646,176.0,-8.243865217387793,169.92656851128777,121.94499187924157,27.656093156190764
16,51584.0,51661.31570316487,51609.528246585905,51654.83784875956,51640.18507778748,-24.0,-7.397830363086541,17.235866502989666,76.32820188579353,22.681012980388914
17,51728.0,51654.45235155758,51754.405346018415,51766.58497502514,51665.67534465724,320.0,-5.979189532838063,276.9038295245882,131.0396137781463,22.374034102624137
18,52224.0,51649.3573240992,52163.33590563508,51916.917076315855,51684.93314599273,136.0,-3.7590828079883067,105.61008779209442,-3.209360551358259,-7.69554136487568
19,52000.0,51646.9341859416,51965.625521602604,51760.16625392242,51650.28426192749,-624.0,-0.5786634795585996,-557.9287534528994,-276.66769543221744,-52.134670968865976
20,50976.0,51648.19999714008,51047.47839872928,51363.58168545142,51580.663804054995,-400.0,3.5941236526959983,-372.40915179350486,-202.7937257452977,-39.38726766974287
21,51200.0,51654.122433246994,51220.807218015594,51354.578802431824,51571.509726588,344.0,8.616778474144667,277.3649093642998,68.28651819632069,9.421408862406679
22,51664.0,51665.43355408837,51602.20821745788,51500.15472184406,51599.50662177981,56.0,14.164268381187867,72.44208673171306,63.6532803342634,24.772226280794712
23,51312.0,51682.45097000937,51365.69139147902,51481.88536310035,51621.05417914959,16.0,19.747379386601096,31.940131416256918,66.67332280647315,37.00026632726804
24,51696.0,51704.92831286157,51666.0884802904,51633.50136745701,51673.507154434345,152.0,24.772695154431858,150.83949026336995,120.36668808515242,51.32833300646598
25,51616.0,51731.99636031823,51667.37037200576,51722.618739270656,51723.710845162524,296.0,28.643939953388326,258.1337517441534,142.42674144898047,55.58923298630543
26,52288.0,51762.21619276835,52182.3559837787,51918.35485035497,51784.685620406955,-144.0,30.86908498117191,-115.53973305802356,10.91353626179989,35.80905626478125
27,51328.0,51793.73453028058,51436.29090588971,51744.445811794256,51795.32895769209,80.0,31.121256685182743,78.67654579658483,34.31386733641193,34.00978516973191
28,52448.0,51824.458706138714,52339.70907537187,51986.98258502779,51852.70519074642,16.0,29.291095209471678,15.430437431583414,12.028065747435903,27.611492591659044
29,51360.0,51852.31672069952,51467.15178075288,51768.50194328913,51850.551942875405,-208.0,25.523553218143206,-171.24711245716753,-14.22967009410786,22.374349272751715
30,52032.0,51875.505812575,51997.21485045754,51958.52324483958,51897.45388929192,424.0,20.173359243184677,356.13732199236256,153.28292397024416,40.17464088111592
31,52208.0,51892.66343918589,52179.426424737605,52075.067791229616,51930.90122463764,16.0,13.72913637124293,39.34369796808096,50.078442004843964,19.592396577594627
32,52064.0,51902.964085317486,52075.9022463937,52058.680128849264,51936.63868244711,-56.0,6.727507959083596,-44.012946375416504,-19.0475979557159,-0.6306080681679305
33,52096.0,51906.11845510406,52091.40053198677,52036.972595318184,51929.6400085013,24.0,-0.32353683473775163,-7.499054473082651,-51.221235871995304,-15.316673520748736
34,52112.0,51902.31701164801,52060.904137447535,51956.237657105274,51906.005335405614,-336.0,-7.002710771372222,-294.8007885979532,-158.61610966026637,-33.93440632540296
35,51424.0,51892.11303356131,51501.798954790866,51719.74037599765,51861.771195850495,-176.0,-13.020539097255096,-161.28532740593437,-88.62709310880018,-22.34557976259748
36,51760.0,51876.2759334535,51738.333482635666,51778.98347088767,51861.31417588042,144.0,-18.19104188203346,128.20194102312962,68.73483033385492,4.608688823947887
37,51712.0,51855.730949797246,51758.202836837125,51857.21003666536,51870.98857349839,264.0,-22.38239921411514,250.88353838709736,150.83158411037584,17.623826292889134
38,52288.0,51831.51113502527,52240.10055940986,52080.646639108425,51896.5618284662,280.0,-25.491392420564807,242.40051962201687,119.75992199727261,6.001346391116385
39,52272.0,51804.748164956116,52243.00387608116,52096.72988065991,51882.991266280624,-168.0,-27.4084204892024,-142.07730292291672,-71.55181811856528,-33.02099887153963
40,51952.0,51776.694294046865,51955.94595356403,51937.543002871294,51830.51983072312,-288.0,-28.013312020349986,-267.32815469698835,-166.41537635296845,-58.54544402135434
41,51696.0,51748.721540915416,51708.34756668718,51763.89912795397,51765.900378237915,-200.0,-27.21594375895802,-185.86055344095803,-139.69431094033644,-61.12443357330267
42,51552.0,51722.26240652895,51584.22484668211,51658.15438099062,51708.27096357651,80.0,-25.02294788042127,37.00151340548837,-52.66755646803358,-49.81586648257871
43,51856.0,51698.67564515457,51782.35059349816,51658.5640150179,51666.26864527276,-208.0,-21.582341206765705,-170.12128569316337,-98.30835846376795,-51.488886040118814
44,51136.0,51679.09772411542,51243.982275295784,51461.537664063086,51605.293191496276,88.0,-17.20360477560098,70.67924740132366,-34.25751892327753,-37.51079420166934
45,52032.0,51664.26843560337,51923.709088300806,51590.04897717135,51591.24705686942,-80.0,-12.342774761593319,-110.25173499028097,-92.46419830606465,-36.08378178338171
46,50976.0,51654.41217459223,51023.47880531522,51276.60926745096,51533.12562792951,-568.0,-7.539844081737101,-483.44845603488284,-163.1350759949164,-30.265147543435887
47,50896.0,51649.1887474399,50956.81217623104,51263.778825181515,51530.71676178255,400.0,-3.3076777654641774,363.8817870660496,171.05897032131907,29.326971942165983
48,51776.0,51647.7968190613,51751.24237944732,51618.727208093595,51591.779571813844,600.0,-0.029424875076074386,544.1545654578513,276.31198695887724,51.85178862198882
49,52096.0,51649.129897689745,52045.12130714674,51816.40279909927,51634.420339026525,40.0,2.1149844489918905,39.4854634331532,57.87699055530538,19.561784164005076
50,51856.0,51652.02678795929,51830.21330631363,51734.481189204205,51630.903140141854,-400.0,3.1623754323991307,-343.84146926497124,-142.68101529295745,-14.772041877575248
51,51296.0,51655.45464855454,51357.4383686168,51531.040768513354,51604.876255271374,-184.0,3.3421177744749,-165.58309461280805,-85.92003643417411,-10.583072106914187
52,51488.0,51658.71102350824,51499.04711708801,51562.64111633586,51609.736995928026,240.0,3.011178450065927,196.84433391128186,68.92090599043513,10.947590453055454
53,51776.0,51661.477005454675,51751.127036439364,51668.882580494224,51626.771436177485,144.0,2.5482109740769374,127.71510154817952,52.68275440547586,9.573012058332097
54,51776.0,51663.80744545639,51754.47732018437,51668.00662514681,51628.88302004469,-112.0,2.2860426494735293,-104.26311533312764,-54.872642774007545,-5.2442651305609616
55,51552.0,51666.04909075362,51542.60080577311,51559.13729494621,51616.28290591636,-312.0,2.448063292009465,-258.87248554571124,-105.3006827274985,-9.385968832510116
56,51152.0,51668.70357204041,51236.73234909295,51457.40525969181,51610.11108237967,176.0,3.116484756941645,138.18590654813306,50.970594591508416,16.733730582291173
57,51904.0,51672.282060267506,51818.972618869375,51661.078484129226,51649.750367080946,152.0,4.247145292236382,136.71074635973127,82.21246650202738,26.926803055324854
58,51456.0,51677.19786262488,51510.15384181241,51621.83019269587,51663.96468849032,-96.0,5.688653393208369,-38.04956799489082,43.66680491457009,24.612555833889928
59,51712.0,51683.65936705392,51742.87348287959,51748.412093958366,51698.975478748725,480.0,7.208620167719346,398.7776110608247,144.78794824168654,34.35956419584181
60,52416.0,51691.61510296032,52307.70906393406,51911.40608917924,51732.683816882,-288.0,8.520725947590108,-255.85371240132008,-89.30296018951049,-0.4574710226224852
61,51136.0,51700.7008189491,51231.16605807695,51569.806173579345,51698.06053670348,-368.0,9.319220452540321,-333.16865794190744,-124.69682881022527,-6.520253343351214
62,51680.0,51710.2535438654,51641.371748050246,51662.01243155879,51719.6433101953,240.0,9.31377603321016,217.06443022450185,83.21247375884195,23.564939001586026
63,51616.0,51719.32837101552,51665.29491852596,51736.23112109703,51745.19041470665,304.0,8.28459113225108,270.39776310548405,134.3342500867584,32.00662524668587
64,52288.0,51726.8227261299,52182.16727426121,51930.680931732306,51783.65656068867,-40.0,6.127263561411382,-23.061222099458973,15.790276501425978,13.248974016456486
65,51536.0,51731.582898138346,51619.17247432704,51767.81167409988,51771.688362739565,-160.0,2.8980853548564482,-136.36247915817512,-46.96342058248047,-0.18377981213416206
66,51968.0,51732.618896839616,51909.44231594486,51836.754090567345,51783.289001064404,0.0,-1.1540803137322655,-2.5185786578658735,3.3194617511362594,2.3650883780646836
67,51536.0,51729.27473751088,51614.13531701131,51774.450597602154,51776.418539495695,96.0,-5.603193281767744,95.36958612297167,56.92180583588197,5.150465406069998
68,52160.0,51721.41251027608,52100.18148819081,51950.59770223911,51793.589931876544,224.0,-9.885617202118738,186.95361213352953,71.44595575651329,-1.1491110253191437
69,51984.0,51709.50350310664,51988.042541278366,51917.34250911518,51774.12031744506,-104.0,-13.404473174057784,-91.9262405206282,-66.58393856633847,-29.963598559235834
70,51952.0,51694.603563927965,51916.32900714955,51817.42982510643,51733.66273475807,-264.0,-15.644063740357524,-250.068498381057,-167.1977714555287,-51.37444594908084
71,51456.0,51678.21537562593,51487.90554451625,51582.94696620412,51671.371425546895,-288.0,-16.265464963402337,-268.89574005203394,-171.00937580025493,-51.52273793383574
72,51376.0,51662.07263400116,51378.53752704548,51475.41107350592,51630.6172588904,-112.0,-15.180205253953318,-96.68038224335032,-57.83035594523244,-28.023303711968765
73,51232.0,51647.85496511802,51294.54478002955,51467.28625431366,51615.32481812296,288.0,-12.574744354849827,256.32515031801813,109.51830796456125,3.8738001387027907
74,51952.0,51636.92314529146,51891.18782768152,51694.447689435045,51638.36485916781,320.0,-8.872901049791835,264.9881888733653,98.3852798389089,7.3582840032395325
75,51872.0,51630.10916301844,51824.52115777628,51664.056813991476,51630.04138612944,-432.0,-4.646514653250051,-357.7240672163098,-134.3624684478309,-20.421403731899773
76,51088.0,51627.63011598496,51175.7396932489,51425.72275253938,51597.52205170401,-168.0,-0.49343653899268247,-156.4198120903784,-69.47268518240162,-7.043231840230874
77,51536.0,51629.12228994045,51511.681533595525,51525.11144362667,51615.954922448975,256.0,3.063694362052047,214.34950832426694,93.94441290062969,22.430616867419303
78,51600.0,51633.757504709065,51604.43870989743,51613.61157834064,51642.383285438846,96.0,5.673678107959859,114.95072578908366,95.30592388429068,28.54752726181323
79,51728.0,51640.46964615637,51741.58298517369,51715.723291395254,51673.0499769726,248.0,7.219147949006583,205.0592011447079,95.97335875223871,27.91919038238484
80,52096.0,51648.19580060708,52014.55711218685,51805.55829584512,51698.221666203615,-280.0,7.808177184724627,-232.6460146263562,-55.38584762757819,5.282772541198938
81,51168.0,51656.08600052582,51276.29095592098,51604.9515961401,51683.615522055,48.0,7.7296929871008615,38.86416661837575,17.869098365023092,11.174631954127108
82,52192.0,51663.65518658128,52092.2854454236,51841.296492575166,51720.57093011187,200.0,7.387139569960709,180.15187591504218,60.993142722658376,13.383954562468716
83,51568.0,51670.86027966574,51636.594707751065,51726.937881585414,51710.38343117994,-136.0,7.203442478719808,-112.71719891722023,-34.8896701970516,-3.068327372937347
84,51920.0,51678.06207153872,51866.85104758916,51771.51715218106,51714.434275365995,-32.0,7.514483225106233,-35.48842221612358,-29.662153313816816,-6.22744204564151
85,51504.0,51685.889246115956,51565.61786331882,51667.61357495778,51697.92854708865,16.0,8.516531249966647,6.856132323744532,-22.09678974439157,-6.809300922908733
86,51952.0,51695.09513403865,51880.56331223665,51727.32357269228,51700.81567352018,-24.0,10.219600195574458,-42.23798989894203,-52.628215919365175,-9.672089892468648
87,51456.0,51706.328446507105,51481.14188352093,51562.35714311905,51678.584367303716,-336.0,12.44623656510521,-273.71201111105256,-111.78785801370395,-11.10208785127179
88,51280.0,51719.98760716886,51333.139290014544,51503.74785666487,51678.611497817634,144.0,14.875834385871713,117.69385656633312,53.26464187825695,19.95770540479498
89,51744.0,51736.08011527885,51716.5295966536,51668.886426875564,51718.499778113306,288.0,17.099803473214706,246.03828990705006,127.58178364847117,38.61326920134161
90,51856.0,51754.18721411529,51825.215869828644,51758.911423961814,51755.83803622032,-96.0,18.70809494995774,-45.23437768173244,41.480709067160205,32.33015991802313
91,51552.0,51773.49630517876,51626.060841290135,51751.847845009885,51783.16009794935,224.0,19.359404711867683,185.24670726036493,92.86034355301308,38.88006662650514
92,52304.0,51792.90602353903,52195.709284349374,51944.63211106784,51833.59816947333,-120.0,18.823439479365334,-102.88499986482202,13.1003215918754,26.91797999764094
93,51312.0,51811.143184137494,51420.29084156049,51778.048488193635,51836.996057944634,96.0,17.02357603427663,100.66230836666364,66.44062122260948,29.64769136853647
94,52496.0,51826.95317560758,52397.0339010827,52077.51335351306,51892.8935522104,304.0,14.033975209058553,264.2683569053697,90.22154207595304,25.74217187628892
95,51920.0,51839.21113455561,51948.82755537123,51958.49157234554,51888.48040169721,-368.0,10.049407827111281,-304.06856885531306,-99.77599499475036,-5.9891304283301
96,51760.0,51847.051991261804,51788.896763372075,51877.96136352356,51880.91529135374,8.0,5.372879866627045,-15.446975138762355,-21.549527060204127,-1.519345775781403
97,51936.0,51849.956894288865,51917.933605093705,51915.39251822513,51885.44171014565,32.0,0.366913834335719,38.70486719015025,27.127413814145257,1.9985042991902446
98,51824.0,51847.785818930475,51866.306497752375,51932.21619115185,51884.91229995212,184.0,-4.577953432890354,159.90538142055084,70.93176850264354,2.5162048040765512
99,52304.0,51840.800987423085,52237.74436793481,52057.25605523042,51890.4741197538,56.0,-9.068983355184173,40.15970985646709,1.6678916937780741,-15.11447421062985
100,51936.0,51829.64785222011,51946.62591746531,51935.551974539405,51854.68335153086,-288.0,-12.748733103919221,-237.98886314297124,-121.92809342131295,-39.856600646395236
101,51728.0,51815.303521215246,51761.766641648865,51813.399868387794,51810.76091846101,24.0,-15.315832118063554,-16.026067572103784,-79.45217195771693,-39.78438714679942
102,51984.0,51799.01618798398,51914.5737823211,51776.64763062397,51775.11457723726,-216.0,-16.551124071502272,-206.58197527291122,-140.4284224518342,-46.090612361887906
103,51296.0,51782.20127307224,51348.60269110304,51532.543023484126,51718.579693737236,-352.0,-16.336592171886878,-290.69960815219383,-125.83309539778566,-35.40589881316191
104,51280.0,51766.343003640206,51333.174566016714,51524.9814398284,51704.30277961094,288.0,-14.687246742734715,250.44470499723684,114.92913625847723,6.938224854249711
105,51872.0,51752.82677958677,51849.492101097516,51762.40129600108,51732.456143445736,472.0,-11.745165007341711,403.77804056839886,182.62050417321734,21.176171007082303
106,52224.0,51742.85267362552,52140.73064715351,51890.222448174834,51746.6551216251,-168.0,-7.7898206435311295,-128.10171419989274,-39.06762373882884,-9.668265739379422
107,51536.0,51737.24713829971,51593.28867269773,51684.26604852342,51713.11961196698,-288.0,-3.23844871520123,-258.005114943684,-131.82337538970387,-24.67952905977654
108,51648.0,51736.37577619512,51624.720417266144,51626.57569739543,51697.29606350555,-80.0,1.4033818941315985,-84.96616910087323,-68.40250243027549,-13.358745286146586
109,51376.0,51740.05390208797,51423.356334495984,51547.46104366287,51686.40212139468,40.0,5.581074175872345,35.41758970974115,6.6158680988737615,4.6261639588665275
110,51728.0,51747.537924546865,51695.55559668563,51639.807433593174,51706.54839142328,136.0,8.7499758626509,109.97724561778159,48.25010672689314,19.073689599761565
111,51648.0,51757.553853813275,51643.31082573155,51643.96125711666,51724.54950059421,-104.0,10.461915894135018,-75.69064229635842,2.134452081816562,21.828584200637124
112,51520.0,51768.461756335135,51544.17431209291,51644.07633775681,51750.20555982456,8.0,10.437903467562137,21.735046825928293,62.15324951854927,37.16633722157712
113,51664.0,51778.4296607484,51686.780919383404,51768.26775615376,51798.88217503736,272.0,8.631633843535383,256.51120420752704,176.32529647383126,55.420723964674835
114,52064.0,51785.725024022206,52057.19672050796,51996.72693070447,51861.04700775391,376.0,5.260021324658737,336.3994036643562,194.82263990295178,52.01718310423894
115,52416.0,51788.94970339772,52359.579726712116,52157.91303595966,51902.91654124584,16.0,0.771268431442877,20.2816397647548,32.1426232350168,16.21536055422257
116,52096.0,51787.26756088509,52097.76000003747,52061.0121771745,51893.47772886235,-304.0,-4.208864932734286,-253.0197264872986,-114.39477019790138,-19.564925940368994
117,51808.0,51780.53197353225,51853.54027373752,51929.12349556386,51863.7866893651,16.0,-8.982263284295186,-16.518357612352702,-71.3269338287173,-26.90170502899491
118,52128.0,51769.3030343165,52064.72328481277,51918.35830951707,51839.67431880436,-88.0,-12.903153756255051,-105.20056486092653,-115.58603128825416,-38.52865462052068
119,51632.0,51754.72566601974,51643.139144015666,51697.95143298735,51786.72938012406,-424.0,-15.485036964553728,-365.8884207187948,-187.43116003604518,-45.20846967410034
120,51280.0,51738.33296038739,51332.94644337518,51543.49598944498,51749.25737945616,-56.0,-16.471897386010824,-45.460483764578385,-22.707448819881392,-14.009131695089309
121,51520.0,51721.78187124772,51552.21817648651,51652.536535347586,51758.71111673388,504.0,-15.8656335103733,423.38144949908747,175.30881357639737,21.389293114414613
122,52288.0,51706.60169336665,52179.70934237335,51894.11361659777,51792.03596568499,32.0,-13.892721902695484,42.296906074003346,44.6338895490735,8.526647235357814
123,51584.0,51693.996427442326,51636.811988634516,51741.80431444573,51775.7644112046,-360.0,-10.948185672074032,-278.11527284187105,-73.40714492916959,-6.683333920165751
124,51568.0,51684.7053220225,51623.47879668961,51747.299326739434,51778.66929784466,344.0,-7.512507626393926,267.6736441613757,95.14467566341409,13.4383515322952
125,52272.0,51678.97141218954,52172.15927695727,51932.09366577256,51802.64111426919,56.0,-4.062997242039273,45.86401239577026,14.841171919404587,0.5038721379896742
126,51680.0,51676.57932753842,51715.20682148115,51776.98167057824,51779.67704212064,-352.0,-1.0277466918159917,-280.91834807036867,-106.62115990519305,-17.98022004251834
127,51568.0,51676.915918805906,51610.32258081653,51718.851345962175,51766.68067418415,160.0,1.2695847996219527,106.72866341802,17.29534836501989,-3.0623342272774607
128,52000.0,51679.118497137664,51928.66414831719,51811.57236730828,51773.55237366608,-64.0,2.621907680626464,-38.33769091336944,-1.4927949997509131,-4.450681834765419
129,51440.0,51682.15973416716,51533.64719898979,51715.86575596267,51757.77931051462,128.0,2.938962973181333,112.34385131622912,42.22626663572737,0.11590237426935346
130,52256.0,51684.99642308403,52153.35185094965,51896.02490057974,51773.78417841462,104.0,2.275114474403381,67.33910101344009,0.17159490693666157,-8.105923179267847
131,51648.0,51686.709963115965,51668.32540101667,51716.20894577655,51741.56746415608,-472.0,0.8149769991650828,-383.3994448496378,-145.71148191491739,-27.538341050734743
132,51312.0,51686.62637708236,51386.552961250374,51604.6019367499,51718.70749631315,112.0,-1.1265427122852998,90.99236648555961,34.693959348307544,-2.5245930272722035
133,51872.0,51684.456877691395,51850.31013398779,51785.59686447316,51736.51827810154,432.0,-3.115078745271603,355.30784267637864,137.79335995983638,11.036695693463116
134,52176.0,51680.396219591814,52097.16864660313,51880.188656669576,51740.78088770008,-232.0,-4.649395387714321,-171.26110822123883,-53.313879468798405,-17.49834601645489
135,51408.0,51675.158086915966,51507.78791754531,51678.969105535565,51701.52158606863,-56.0,-5.216202462670481,-66.47828747900712,-65.73499836622432,-24.583222328019474
136,52064.0,51669.96381466647,51964.21207164512,51748.71865993713,51691.61444304404,-128.0,-4.381329370964522,-127.70188551844694,-87.89111562987819,-28.526420872385643
137,51152.0,51666.39542817404,51252.38414650842,51503.18687427581,51644.46874432386,-144.0,-1.8833195441002317,-124.72079475078863,-69.93834852341388,-22.522261503989284
138,51776.0,51666.19717557827,51714.77048214354,51608.8419628903,51646.56992003606,208.0,2.2997441816660285,156.238746352803,22.076070059640188,-4.37032828599331
139,51568.0,51670.99491653737,51564.861639214025,51547.33901439509,51635.72808775187,-208.0,7.896761468502518,-165.60064685939506,-71.83344129766192,-7.455427896598849
140,51360.0,51681.99069851528,51383.56918842475,51465.175080294975,51631.659064242864,-64.0,14.356182798790542,-63.44650866550728,-29.576393952633225,9.513929703138274
141,51440.0,51699.70728213495,51437.96862188301,51488.18622648982,51654.75594715815,48.0,20.91020614061199,44.242542873322236,47.10425943976588,33.834680273190315
142,51456.0,51723.8111107965,51472.054274171394,51559.38359917451,51699.328424789244,96.0,26.67481601889449,114.35702314534501,122.88917227193451,56.73889887056066
143,51632.0,51753.05691417274,51666.6826681737,51733.96457103369,51768.23374489927,456.0,30.788561283410672,400.08105457494094,225.56325737603402,75.71700735498598
144,52368.0,51785.38823336332,52272.216383321276,52010.510113926575,51850.762439499216,88.0,32.5629563100556,94.57631204985591,97.80059985617117,56.66681657491063
145,51808.0,51818.18282679285,51855.83529227341,51929.565770746034,51881.56737804909,-240.0,31.60591081226812,-177.20462968078937,-20.161457807527768,34.4833074523267
146,51888.0,51848.60005498786,51917.8071239597,51970.18719831152,51919.72905440387,280.0,27.8982214223106,211.00745148478745,81.71502672124916,39.74812907497471
147,52368.0,51873.97926963747,52277.85019524299,52092.99582418853,51961.06363619904,-232.0,21.817131771309505,-192.75805998806754,-14.693462028717477,20.987763605120563
148,51424.0,51892.23431853048,51532.29100398356,51940.800274254085,51961.70458161411,184.0,14.08208585680768,188.33580587224787,106.20458719259113,27.526174495775194
149,52736.0,51902.14344135109,52654.52180698748,52305.404998573715,52016.11598519059,488.0,5.634972977619327,424.45196821376885,149.30722360648724,18.41720283601171
150,52400.0,51903.50426448572,52381.1949404111,52239.41472146706,51998.538987286134,-440.0,-2.514506101633742,-367.3521645209039,-146.28291637312577,-37.650048540152056
151,51856.0,51897.11442914782,51919.817477945675,52012.83916582746,51940.815888110286,-120.0,-9.456786576749437,-142.290072737047,-148.1559727258682,-53.48230477033212
152,52160.0,51884.59069133222,52096.614794937006,51943.10277601532,51891.57437774547,-104.0,-14.533988078695984,-140.12870832363842,-178.18500180447518,-62.66279147754176
153,51648.0,51868.04645299043,51639.5600612984,51656.46916221851,51815.4903051552,-640.0,-17.42451926646754,-554.161995599934,-282.39903268755006,-67.70955733250958
154,50880.0,51849.74165279928,50988.29080373714,51378.30471064022,51756.15526308045,-24.0,-18.170053860631015,-38.3406055315354,-29.012096258182282,-15.527278920730168
155,51600.0,51831.706345269165,51562.87885023533,51598.44496970215,51784.43574731374,408.0,-17.11930773288259,372.4152327841148,219.36274391299958,37.5022715989835
156,51696.0,51815.50303733352,51733.12126930537,51817.03019846622,51831.15980627842,576.0,-14.817362857640546,540.4150652641583,279.10032799718465,53.48204927859115
157,52752.0,51802.071619553884,52643.708980763644,52156.64562569652,51891.399845870925,-8.0,-11.882006398442172,4.898170412721811,41.93824007855801,17.21003188605755
158,51680.0,51791.73902453663,51742.91761013081,51900.90667862334,51865.57987005053,-456.0,-8.872814393700537,-406.5351747822533,-145.28560776151426,-16.54098231786702
159,51840.0,51784.32599076648,51830.63863119914,51866.07441017349,51858.31788123519,64.0,-6.194085252453078,40.91417706399079,-21.79506336310442,-6.3460947535822925
160,51808.0,51779.35085403173,51824.74596425879,51857.31655189713,51852.88768054337,96.0,-4.054900041093788,77.83715435364138,15.90041767220464,-3.1858166646561585
161,52032.0,51776.216190684296,51986.31293990642,51897.8752455179,51851.94624790588,-80.0,-2.472964391705318,-66.86832482029422,-26.503683620281663,-9.944120242194913
162,51648.0,51774.40492524832,51691.009314618204,51804.309184656566,51832.99944005898,-120.0,-1.321018305945472,-80.25705219717565,-15.411468533053267,-9.696835843948065
163,51792.0,51773.574154072405,51825.79883551207,51867.05230845179,51832.55257621798,376.0,-0.39771882703280426,303.78369845420093,100.2692780211255,1.580764969898155
164,52400.0,51773.60948759425,52298.576711526606,52004.84774069882,51836.160969998775,-32.0,0.5100772894984402,-47.82666777885606,-59.78069740356659,-24.583557719266537
165,51728.0,51774.5943086514,51730.14549995436,51747.49091364466,51783.38546077945,-648.0,1.5636388511520636,-544.2156103740272,-247.61137023183255,-50.00623618035024
166,51104.0,51776.736765296555,51210.14549077855,51509.62500023515,51736.148497638074,48.0,2.8353455623837363,18.1543263555468,-35.05341329192743,-15.629538259476249
167,51824.0,51780.26499977617,51766.45415266545,51677.384087060804,51752.1263842605,320.0,4.296482672372804,261.1525435755393,94.45113035605755,12.384205835449393
168,51744.0,51785.3297306413,51732.45057792963,51698.52726094727,51760.91690930897,-136.0,5.830344563783001,-91.75068508765253,-1.5931956399072078,9.636370513926522
169,51552.0,51791.925688903735,51582.952782490145,51674.19769578099,51771.39912528835,-8.0,7.270359124031529,5.266117011236929,36.76928272422083,21.45217224379303
170,51728.0,51799.87044888936,51742.982811952104,51772.06582639571,51803.82125379656,280.0,8.427970583277784,234.9440892224702,119.9010438125697,36.21319119803957
171,52112.0,51808.78163007029,52052.840960935086,51913.99978340613,51843.82550768443,0.0,9.12420779765307,14.062953658391052,42.93384871348826,26.59552927209006
172,51728.0,51818.11886448467,51771.10871926889,51857.933523822685,51857.01231234074,-112.0,9.239205277783185,-66.18864532177759,8.900502327902359,19.637420273345924
173,51888.0,51827.26004062586,51920.46367029153,51931.80078806193,51883.10034823112,384.0,8.723494680671138,311.67330248028884,95.7676582702079,25.8430533019382
174,52496.0,51835.56585384601,52394.455324229464,52049.4688403631,51908.698418944616,-432.0,7.59831771199606,-394.0863307943109,-105.59752751727501,-3.7670083392731613
175,51024.0,51842.45667604985,51132.29100870291,51720.60573302738,51875.566331552574,56.0,5.958121804949769,52.62685685954057,19.439759177967062,9.44622918558889
176,52608.0,51847.48209745591,52499.709037948545,52088.348358719035,51927.59087731579,416.0,3.9495485951774754,387.3906176937671,107.91680505117256,18.00408962900474
177,51856.0,51850.355773240204,51907.07224409044,51936.43934312973,51911.574510810584,-352.0,1.7478229840489803,-311.68449510327264,-111.68934402443847,-13.237640964678576
178,51904.0,51850.97774342401,51876.340047742,51864.96967067016,51901.115595386436,-176.0,-0.4613344265744672,-169.03195763844633,-90.98483712449524,-10.603135654822836
179,51504.0,51849.433104387055,51569.00832881355,51754.46966888074,51890.36823950094,24.0,-2.4961834528767213,17.709925139286497,14.734832650949102,8.571056089545891
180,51952.0,51845.985376518256,51911.75989802057,51894.439335972056,51918.25770756553,144.0,-4.198247055075626,141.5510593098952,111.18933507734255,26.202353442866297
181,51792.0,51841.036610276904,51852.11044743334,51976.84833903542,51942.77294638667,424.0,-5.448747724003624,389.97454742824266,174.83317258108218,32.053886140478426
182,52800.0,51835.08788107025,52691.70899287706,52244.10568113422,51982.365479846485,-64.0,-6.167128651726671,-53.343768000293494,-10.689817334092368,-1.289192547861603
183,51664.0,51828.70235297345,51745.42291143275,51955.46870436724,51940.19456129095,-368.0,-6.321513163784402,-336.7560073000059,-142.90262458336292,-28.361190490992158
184,52064.0,51822.44485474268,52018.19697827705,51958.300431967495,51925.6430988645,80.0,-5.942629011573445,43.758958229529526,-50.018056416000036,-21.4693074832212
185,51824.0,51816.817094950304,51832.94082789181,51855.43259153524,51897.255946324505,-168.0,-5.11910285191334,-140.55201092618154,-87.15154466463355,-24.724355223770544
186,51728.0,51812.20664903885,51737.09295642468,51783.99734263823,51876.19438841696,-40.0,-3.9819654207094572,-50.38308934372981,-43.43657757789333,-13.65183848669767
187,51744.0,51808.853164108885,51732.17464920435,51768.55943637945,51869.95226935111,-88.0,-2.698323679240275,-64.04506119857979,-3.158188069053722,0.055494401709438534
188,51552.0,51806.81000168037,51609.002834027524,51777.68096650012,51876.30537722038,152.0,-1.4558771533411345,161.84235496080873,121.96201337072853,22.56837673028349
189,52048.0,51805.9414098022,52055.85935912597,52012.48346312091,51915.08902281168,568.0,-0.42756799387643696,486.1533207282846,217.0442281812393,32.13809673188371
190,52688.0,51805.95486569262,52581.30947548409,52211.7694228626,51940.581570684146,-128.0,0.24279419351296383,-107.27510732622613,-38.82932882700334,-11.878373593324795
191,51792.0,51806.42699818923,51841.30914447352,51934.8248054669,51891.33227562503,-424.0,0.4433129607787123,-394.18200753816564,-205.53221466225295,-44.28268127786578
192,51840.0,51806.84149161418,51792.94546040776,51800.70499353809,51852.016208128414,-312.0,0.10745115558529506,-283.63638202694347,-153.76731515975916,-38.71525709019261
193,51168.0,51806.6419005004,51274.03638041963,51627.290175147384,51813.90176144464,248.0,-0.7815208940846787,217.38181967995843,56.230269182986376,-5.819358611541247
194,52336.0,51805.27844982601,52227.70909976768,51913.165531904066,51840.37749090533,192.0,-2.192683784673136,182.43645705203744,74.45812270871102,1.6946040059592633
195,51552.0,51802.25653293105,51638.909294523706,51776.206420564806,51817.29096945656,-160.0,-4.041586318311602,-130.5805690609668,-24.855901056860603,-9.821972975943936
196,52016.0,51797.195277189385,51966.547961645745,51863.453729790344,51820.733544953444,128.0,-6.17829487607014,80.37847535076435,10.974174120714451,-6.3207472554458946
197,51808.0,51789.89994317891,51799.666245225235,51798.154768806235,51804.64947494567,-272.0,-8.383301242789457,-208.55049029432485,-70.22157658098877,-16.25159626049208
198,51472.0,51780.428674703806,51549.446981057095,51723.01057662837,51788.23035243246,176.0,-10.381753478297469,137.01564111731932,50.36109613631197,-0.6076048915856518
199,52160.0,51769.13643622232,52073.69752745987,51898.87696107886,51803.4342651625,104.0,-11.868434364994755,92.73818370216395,45.30486498992468,-2.6243740118370624
200,51680.0,51756.69180597382,51734.92334846142,51813.620306608216,51782.981604408786,-96.0,-12.558444221063837,-64.15743669133008,-18.44650116653429,-15.303580533269269
201,51968.0,51744.01954778019,51945.38265407721,51861.98395874579,51772.82710409596,144.0,-12.24231598890401,97.37257600186422,-4.644368489531189,-19.91314510803204
202,51968.0,51732.20717399601,51929.66850046515,51804.331569629154,51743.15531419272,-224.0,-10.859113721682661,-207.37165128632114,-139.48660430206291,-40.91402419360384
203,51520.0,51722.301320336825,51530.63935150457,51583.010750141664,51690.99905570875,-384.0,-8.511984214492259,-345.83239143772516,-189.81544441665756,-43.60630569852947
204,51200.0,51715.183205567024,51238.0037175897,51424.70068079584,51655.94270279566,-120.0,-5.460832661661698,-102.61704596636264,-45.959728947906115,-12.259217773305863
205,51280.0,51711.3796550135,51325.405259571846,51491.09129224585,51666.48062016214,480.0,-2.095017267340154,406.85275293307495,171.93625757294285,29.861948374586063
206,52160.0,51710.99317103234,52051.70922345585,51768.573195941724,51715.666599544835,72.0,1.1584314824031026,87.69987316546758,81.76850166673466,26.969309359934414
207,51424.0,51713.69651797831,51500.80500590278,51654.62829557932,51720.41923888201,-224.0,3.923084785335959,-162.15389313307242,1.3692474272538675,19.573601281274023
208,51712.0,51718.839340603015,51727.40143718971,51771.31169079623,51754.81380210738,368.0,5.945527187610423,303.6036172354434,146.3392406150233,36.535253330745036
209,52160.0,51725.58757235353,52108.01224037367,51947.30677680937,51793.4897455435,128.0,7.136476825911814,120.67200505231449,69.64847441782331,20.350430713289825
210,51968.0,51733.11229425484,51968.745447294335,51910.60863963188,51795.51466353396,-160.0,7.571067684169975,-135.53955660766223,-65.39381736155337,-6.5993488328385865
211,51840.0,51740.72970772187,51836.93312715834,51816.51914208626,51780.29104787782,-144.0,7.440955935744569,-147.14668434426858,-105.8299265024798,-18.2090632622494
212,51680.0,51747.99420612633,51674.4520786058,51698.94878662692,51759.096537009464,-208.0,6.989844192536111,-190.22065552356435,-108.09596214588964,-17.23968401788443
213,51424.0,51754.70939610694,51456.491816111215,51600.32721779448,51745.81167984205,-80.0,6.457193081310834,-55.50118193851449,-10.457959935192775,2.805726824692101
214,51520.0,51760.90859228895,51563.44971472877,51678.03286675653,51764.70799065885,400.0,6.024078822876618,340.98384830682335,156.72208234031496,31.13171034973857
215,52224.0,51766.757553752694,52138.45951272486,51913.77138247511,51808.07510054153,136.0,5.788788894093159,130.52998557497267,80.624206956134,22.570864909757802
216,51792.0,51772.486170077136,51824.509685878715,51839.2812806688,51809.84972047836,-184.0,5.786715167287184,-151.4013974525733,-50.84946147190931,2.66710596075427
217,51856.0,51778.33098408727,51835.656717819715,51812.07245953129,51813.40931246304,-88.0,6.002707899544475,-90.56937896043746,-49.172591371865565,1.4300576078239828
218,51616.0,51784.491585876225,51643.37092795784,51740.93609792507,51812.70983569401,-80.0,6.4015595766104525,-55.4311500726908,-8.668312643687386,9.136015015672456
219,51696.0,51791.13410324049,51724.79441767433,51794.73583424392,51831.68134249438,272.0,6.951910514573683,225.3955780881406,103.16765344081068,25.755573925092904
220,52160.0,51798.39540690537,52094.16208413412,51947.27140480669,51864.2209835442,24.0,7.621966229937243,40.17808713039631,46.17127296611943,17.75069022702155
221,51744.0,51806.37803570036,51805.150591935126,51887.07838017616,51867.182722948426,24.0,8.372575453373429,16.741467476640537,11.346165457543975,9.120875551652716
222,52208.0,51815.14055781212,52127.6450190874,51969.96373572178,51882.4627346475,-96.0,9.133005452476937,-79.28047741070623,-36.132776593487506,-0.9968515685468446
223,51552.0,51824.64404660532,51646.58963711371,51814.81282698918,51865.18901981133,0.0,9.784428478087648,-8.107196405137074,-23.74449523801013,-1.6142638456076384
224,52208.0,51834.709414768295,52111.43062627713,51922.47474524576,51879.23420695629,0.0,10.177483951436443,-18.00587945093139,-35.10070912054289,-2.393102507227013
225,51552.0,51844.99901450819,51610.57787821185,51744.6114087481,51860.40281479688,-256.0,10.16444586212674,-207.9633570060396,-81.55763212361853,-3.411251419565815
226,51696.0,51855.03830649255,51695.50391226505,51759.35948099852,51872.411704117156,104.0,9.64443732275322,82.44559537843088,46.42781274969457,20.82947452613371
227,51760.0,51864.2878891537,51775.46906896871,51837.467034247486,51902.061763849146,160.0,8.611966102645965,157.31050154723198,116.8410703726986,36.75314792444624
228,52016.0,51872.26223869784,52010.12491535951,51993.04162174392,51945.91799996605,200.0,7.214075751664495,205.28042318838197,144.09539836839758,40.35213611520521
229,52160.0,51878.716040657026,52186.029915345476,52125.65783098428,51982.766036079556,352.0,5.748200322905177,306.05457671332624,115.44512473250143,27.986337917489436
230,52720.0,51883.75863934365,52622.234068786165,52223.93187120892,52001.89067580103,-504.0,4.60287786205663,-462.86944198099445,-149.76002417089694,-16.78082648848067
231,51152.0,51887.92179638114,51260.29103138349,51826.13778264249,51949.204383102595,-104.0,4.186276577711396,-100.98442145428271,-60.72519724519225,-12.82607354330321
232,52512.0,51892.13119249907,52420.2652258776,52102.48147671854,51976.23852871442,448.0,4.82278271157702,392.0408042036652,71.5844324353202,0.24607204754647682
233,52048.0,51897.56736180429,52044.37263979082,51969.30664751313,51949.69652719769,-456.0,6.647831177189801,-394.02938713271215,-172.52150544884717,-31.457175156843732
234,51600.0,51905.42685485345,51632.206451612175,51757.438465820844,51913.32417840073,-264.0,9.549885478052602,-251.13393011775042,-133.14894878185805,-20.706139876921952
235,51520.0,51916.6671327604,51542.10477955532,51703.00874994941,51908.284247443844,16.0,13.17171747437169,20.422225719728885,37.07465910327301,14.374281415304722
236,51632.0,51931.770289802196,51673.05090305163,51831.58778402739,51942.07274123134,528.0,16.962131049316667,467.0135447944158,228.3729260916698,49.29213084906223
237,52576.0,51950.59139485903,52476.13186914415,52159.75460213275,52006.86850914197,168.0,20.28390586752721,172.9274057733055,120.04411917173275,36.33919336772669
238,51968.0,51972.33810153725,52018.905714598244,52071.676022370855,52014.751127966796,-264.0,22.530118708018563,-202.6975815546648,-36.240568576464284,10.220175223170372
239,52048.0,51995.65163227507,52070.73670603482,52087.27346497982,52027.30885958831,232.0,23.237474532557826,165.51452161064663,35.23417509887804,11.523174600923085
240,52432.0,52018.813050602366,52349.93475781954,52142.14437256861,52037.79747716864,-280.0,22.166945614793804,-237.22293650928623,-90.05690612690887,-9.221508561229712
241,51488.0,52039.985523504656,51596.290833016246,51907.159652726004,52008.86584246585,32.0,19.332931179575098,18.88722247876285,-25.404893479601014,-2.8883425795029325
242,52496.0,52057.47891296152,52387.70920277706,52091.33458560941,52032.020792009636,-32.0,14.989680911214236,-32.00000929650923,-18.157774311890535,-0.044010855730448384
243,51424.0,52069.964885327085,51532.29081442323,51870.84410410222,52008.77782075439,-136.0,9.587729917941033,-100.38486414466388,2.9315705439294106,5.995919782471901
244,52224.0,52076.6543727974,52186.939474487735,52097.19772669727,52044.01263157458,496.0,3.670968439495482,412.7487685436863,162.95248594367513,26.235442398919986
245,52416.0,52077.306822206076,52357.7883515106,52196.74907598957,52061.24870555223,-184.0,-2.212947116622672,-120.20936542413256,-10.074112712904025,-0.5014907447402948
246,51856.0,52072.22847856415,51946.52074363947,52077.04950127146,52043.0096500851,64.0,-7.592717956857086,41.33611032622866,-9.174824082383566,-8.888572962874605
247,52544.0,52062.12138629236,52440.46057216306,52178.39942782481,52043.47155962648,-168.0,-12.1534176460882,-159.1149478172665,-81.45035953425395,-24.564512477296375
248,51520.0,52047.92164327198,51628.29084800494,51914.14878220295,51993.88062513051,-120.0,-15.773381586732285,-110.35026085730351,-67.17625452037464,-25.896903239445237
249,52304.0,52030.5746231189,52219.76005044845,52044.04691878406,51991.67775314759,200.0,-18.51946072271312,145.26186856577988,-0.0784040268699755,-17.818984325538622
250,51920.0,52010.88272182655,51918.8145851365,51913.99197414921,51958.24265647943,-376.0,-20.592716604980524,-306.8725396294831,-133.05895756023529,-31.522963844192418
251,51552.0,51989.389189908936,51606.014971189485,51777.92900366359,51928.631825459204,-40.0,-22.256630315063376,-42.72475799960375,-23.098468653832242,-10.779239747258544
252,51840.0,51966.369461196424,51833.36506913729,51867.79503684155,51936.68417698491,224.0,-23.73649133543222,194.17544363424167,103.76355159873128,12.886560374947294
253,52000.0,51941.91620723807,51994.36585845797,51985.45610686105,51954.4049462091,120.0,-25.14392059369493,132.83008161054022,110.38912345002609,15.441016534645314
254,52080.0,51916.081620009034,52099.02523235837,52088.5732837416,51967.5662100542,224.0,-26.434600829408737,199.7855356922555,107.40381875134699,7.539574347814778
255,52448.0,51889.047005579254,52393.93692984248,52200.26374436374,51969.48409490473,40.0,-27.397383824398275,24.596346696485853,-12.177667195981485,-22.00791040423792
256,52160.0,51861.28685236024,52148.21792575134,52064.21794934964,51923.55038924573,-336.0,-27.70834846096477,-304.62937533441436,-183.93682033929144,-57.756186196715134
257,51776.0,51833.630308657324,51784.67817917365,51832.39010368516,51853.9717225113,-352.0,-27.024388802983594,-320.1488507094291,-203.63279382189285,-65.68008060886496
258,51456.0,51807.23807475427,51507.92022433248,51656.95236170585,51792.190228028,8.0,-25.05806278804448,-17.156833178753004,-74.96156112637982,-44.97198308190127
259,51792.0,51783.514183081235,51750.364512816144,51682.4669814324,51764.027756347496,72.0,-21.658992110278632,34.266852564396686,-29.25188955725389,-29.561083863125532
260,51600.0,51763.92009053371,51576.45392946128,51598.44858259134,51733.068060301746,-360.0,-16.86404700526691,-291.6409360484686,-84.79410754538549,-24.306293030665984
261,51072.0,51749.7860890707,51167.08264071921,51512.87876634163,51715.41517028616,464.0,-10.885464017472259,421.62752639824976,134.86956692110107,14.517868498729513
262,52528.0,51742.14916249877,52419.70898225778,51868.187716433546,51762.103797299205,-8.0,-4.083369517033134,-1.3958178304965259,25.40280830868869,8.393816878000507
263,51056.0,51741.619350036635,51164.291005058214,51563.68438295901,51732.202804042165,-248.0,3.106009060902579,-238.21433337835697,-50.661141995034995,3.909146945068642
264,52032.0,51748.36118062057,51943.28031550106,51766.865432443476,51769.92209118934,248.0,10.232097649735806,216.623728531682,70.61376570620268,24.615391706644004
265,51552.0,51762.08354533611,51597.53846212158,51704.91191437141,51781.43358745545,-184.0,16.886454577608674,-118.04954277160141,14.502439113639412,22.98317563888122
266,51664.0,51782.13408977579,51707.18122995786,51795.870310670754,51815.888442467105,432.0,22.737170519325446,358.61437017861317,156.89355163472646,42.049277135010925
267,52416.0,51807.55788637476,52314.767202478804,52018.699017640865,51865.532141725475,88.0,27.543313394089637,68.35653236193684,24.17821579053998,22.120306344640994
268,51840.0,51837.22071656397,51843.89429468173,51844.226742251834,51860.12905515639,-544.0,31.1577154781844,-451.4014343884155,-172.3589042631138,-4.396633811265929
269,51328.0,51869.87331733113,51411.96433370197,51673.98120911464,51856.73887410294,-8.0,33.51144765010031,-12.10829246990761,2.745071420125896,23.04676265170201
270,51824.0,51904.24361186417,51819.67770974192,51849.716885092086,51906.22258045979,448.0,34.58517137086892,386.10192474953874,188.59411852348785,53.594835379837605
271,52224.0,51939.043660072864,52184.16818320105,52051.16944616161,51963.92854486262,168.0,34.383311568715726,165.33138946439067,115.03728415033765,44.702391645958414
272,52160.0,51973.0102350016,52150.3404886707,52079.79145339276,51995.62736375171,-104.0,32.946486994180304,-82.12525117683617,-11.48226607246761,23.480187076675065
273,52016.0,52004.936634061225,52019.91768084738,52028.20491401668,52010.88891901597,-128.0,30.34242069791435,-110.8344035864393,-45.48408236774776,15.006001215060678
274,51904.0,52033.69507639743,51928.67168149782,51988.823288657266,52025.63936618183,56.0,26.68362107471694,32.11240813956465,3.0300189692206914,20.832415474949812
275,52128.0,52058.30387621066,52084.14249712651,52034.26495195512,52052.55374996587,-88.0,22.15230579672061,-63.81669873878127,-1.4258607245828898,23.142071282331017
276,51728.0,52077.99968799087,51801.03828402026,51985.9715672081,52071.92350874649,72.0,17.00515485501819,82.08720699504556,80.692398857027,36.56593421795333
277,52272.0,52092.314185920695,52248.3169111166,52195.64974966917,52125.685618401774,384.0,11.583648858235392,328.86318267931347,171.50305729565662,46.44639057536551
278,52496.0,52101.16698570734,52458.764649378885,52328.97768179941,52164.81628989722,8.0,6.281594780994055,24.27098515671969,49.81677302994649,22.571485990312794
279,52288.0,52104.87737548268,52296.85888143004,52295.28329572907,52170.8285903824,-160.0,1.497472321967507,-117.61136079863718,-30.052738205809874,0.15373000429826789
280,52176.0,52104.16193035128,52223.54192778161,52268.872205387794,52165.12374990582,216.0,-2.418768291499873,164.39268525961234,20.02501235262389,-6.248652981292253
281,52720.0,52100.039838899684,52625.64425194926,52335.333320434314,52158.331284419815,-200.0,-5.2315320669040375,-200.0810297974349,-125.87222473631846,-34.875901265011635
282,51776.0,52093.69886621747,51823.37986818674,52017.12775591516,52095.371947375796,-512.0,-6.860662017479626,-434.96042911741824,-197.6416865615829,-46.99073967523145
283,51696.0,52086.318514864724,51755.72339371443,51940.04994731115,52064.34980506935,304.0,-7.402810173258331,230.9604940997997,44.947165051569755,-12.604652052974416
284,52384.0,52078.89324587095,52285.30085638634,52107.022086018296,52070.16264326985,16.0,-7.103911616537516,36.08174460362352,28.483181716295803,-9.879029636009363
285,51728.0,52072.11069163165,51827.88688292167,51997.01631074374,52044.591745797334,136.0,-6.301927114745922,131.20407995206187,24.502380097317655,-9.741310182653251
286,52656.0,52066.28939164146,52547.709016290464,52156.02684621293,52050.68002290454,-264.0,-5.3686689445748925,-259.79794016792584,-90.97604142434284,-24.17772174756101
287,51200.0,52061.3733537425,51308.29100258582,51815.064227895055,51996.23630230221,-152.0,-4.64097611201214,-123.59392737104281,-33.43050437034981,-14.631905487221957
288,52352.0,52057.00743941744,52300.52116154838,52089.16583747223,52021.416211930096,592.0,-4.374802699196152,509.4484094806139,142.68452831328977,8.65072022439199
289,52384.0,52052.62374834411,52327.18782154705,52100.433284521634,52013.537742750996,-384.0,-4.705087171299965,-331.8220324304857,-130.51591068978087,-26.401582041551592
290,51584.0,52047.59726507484,51636.87709668741,51828.13401609267,51968.61304784699,-400.0,-5.630787758414954,-351.497441258216,-150.2322603826251,-25.694042511651787
291,51584.0,52041.36217282728,51624.19293903062,51799.968763756384,51962.14965772769,224.0,-7.028123370975663,188.2805374962918,79.81912954190557,12.44409276708393
292,52032.0,52033.541018332886,52013.43817167999,51987.77227517648,51993.50123338116,328.0,-8.644964558283391,296.4360910493415,165.6896490083418,29.426637322525494
293,52240.0,52024.07224371071,52217.0651211293,52131.34806177307,52021.00293237274,72.0,-10.1395852024325,88.95255509583512,89.24981748311984,16.55184561022179
294,52176.0,52013.26184792802,52191.34328187166,52166.27191014272,52026.604924601605,56.0,-11.131640333991527,50.994570100639976,30.059803441010445,-1.8677615410597355
295,52352.0,52001.80896304273,52319.05426133058,52191.46766865509,52017.26740929062,-24.0,-11.25997187201574,-37.01771388815541,-55.07040716008487,-26.07414484645051
296,52128.0,51990.74190418399,52117.30785409535,52056.13109582255,51974.4566349087,-272.0,-10.261815070403827,-255.20713675846855,-171.27102492126141,-50.48794263648233
297,51808.0,51981.28533290192,51808.63998781364,51848.925618812566,51916.29152401766,-336.0,-8.04014273181383,-305.4679272134963,-186.742667603703,-52.75053469016348
298,51456.0,51974.66161872036,51506.37199966836,51682.645760615145,51868.95556552838,-48.0,-4.711977645310981,-50.40798980347972,-52.95697788984762,-26.68818021286279
299,51712.0,51971.8613776113,51707.824008206684,51743.01166303287,51862.91516359193,200.0,-0.6219580926590424,180.5720495717469,75.87173393416379,1.5053562431530736
300,51856.0,51973.417702535044,51867.51609881185,51834.38922848347,51871.96627801468,256.0,3.7101301215843705,217.27258466442072,80.57217969233534,9.849428323483153
301,52224.0,51979.28163785447,52142.369177535526,51904.15602241754,51882.6140202389,-264.0,7.679979015392746,-234.05805935856552,-90.15519485716504,-6.421556763834815
302,51328.0,51988.77766056583,51399.39998009472,51654.07883876914,51859.12316448701,-344.0,10.684829097604961,-285.2122712073251,-87.03776426382319,3.0653024724597344
303,51536.0,52000.65129604968,51571.944635120875,51730.080493889895,51888.74462518382,408.0,12.2428219026624,352.2678306305097,173.04190206570274,47.25869195600171
304,52144.0,52013.263304371154,52103.93564135574,52000.16264290055,51953.64054839902,360.0,12.080949232858984,331.66921301354887,198.1634704609205,55.37795063514568
305,52256.0,52024.813194515395,52235.28306114797,52126.407434811736,51999.50052645411,8.0,10.166501687417622,27.762725532120385,61.44850931705878,33.03500437779803
306,52160.0,52033.59630774599,52159.46109241998,52123.059661534666,52019.71055715461,-88.0,6.708752296621242,-78.51650662809334,-21.817942509733257,13.195558558232733
307,52080.0,52038.23069910864,52078.25004789179,52082.77154979227,52025.891643570576,-104.0,2.1213921990129165,-89.96080506924045,-38.902336846265825,3.475668594495801
308,51952.0,52037.839092144015,51979.5394822815,52045.254987842134,52026.661894343604,48.0,-3.056759061295452,38.98684579719702,9.11093197093578,4.503345490204083
309,52176.0,52032.117180986046,52156.22373948618,52100.99341373414,52034.898334550984,104.0,-8.235480319865019,77.80295463560469,18.235132759080443,1.1813569349324098
310,52160.0,52021.368131504285,52135.14539155271,52081.725253360295,52029.02460821347,-184.0,-12.846606808303477,-145.35139016993708,-58.40553369370173,-12.422495926843112
311,51808.0,52006.42396736944,51865.520959146306,51984.18234634674,52010.0533426973,32.0,-16.375392945337808,17.980363325110375,-9.451733840189263,-8.868598381308402
312,52224.0,51988.61734561361,52171.10611820293,52062.82178567992,52011.28741145085,64.0,-18.408626789900154,41.115750071257935,-1.9496678268624237,-9.401560673901258
313,51936.0,51969.60671378964,51947.75245928882,51980.28301069301,51991.250221349495,-216.0,-18.685726038529538,-164.59136246997878,-60.397269640401646,-17.274679033878783
314,51792.0,51951.24589353655,51841.92339326297,51942.02724639911,51976.738053383095,192.0,-17.089744697161223,143.78790028900403,36.757858905657486,-5.275265297248552
315,52320.0,51935.42722439532,52235.32825986683,52053.79872850433,51980.699690755,-32.0,-13.675946742336237,-29.95383406199835,-21.32915364262226,-13.003378090350452
316,51728.0,51923.89400005188,51782.015725138976,51899.36893911387,51950.731297202394,-240.0,-8.681994463062438,-183.2339090329915,-68.7453198335279,-18.831828692480485
317,51840.0,51918.06323546919,51868.86044180085,51916.30808883727,51943.03603337004,304.0,-2.5150932680262486,231.14692566610393,55.093194142038556,-2.543462163852382
318,52336.0,51918.863813515825,52244.30957647118,52009.555327397946,51945.64437287469,-168.0,4.262567978777952,-137.60883395103883,-69.9750977403528,-16.909441851617885
319,51504.0,51926.58837142675,51593.64277389877,51776.357893356566,51909.2171496668,-152.0,10.995657519437373,-147.84708210127792,-97.01848736310058,-16.166365724548086
320,52032.0,51940.8551285547,51948.61541226863,51815.518352671745,51913.31164142559,-32.0,17.024414823536063,-61.950300287015125,-69.0803643489453,-1.8399261699269118
321,51440.0,51960.63720107382,51469.74217332474,51638.197164658675,51905.53729732695,-408.0,21.76505869421817,-330.1623723202101,-78.22260568372803,15.502520767702663
322,51216.0,51984.38524594314,51288.29066762821,51659.07314130429,51944.316682961,496.0,24.812451342480927,449.61402542354335,242.41254729775392,75.19521978210105
323,52432.0,52010.26210375878,52368.970224171826,52123.02225925418,52055.92773689115,504.0,26.011553096013813,495.91848442372066,309.46024757698615,92.80744077470808
324,52224.0,52036.408352135164,52280.12763647565,52277.99363645826,52129.931564510414,208.0,25.470684380339662,191.7955946820548,181.96819543320453,69.30040584478411
325,52848.0,52061.20347251946,52752.561413535936,52486.95865012059,52194.52854858072,-8.0,23.52420271226947,-4.759155260013358,28.444338722627435,31.923411499341455
326,52208.0,52083.4567575597,52270.60932595562,52334.882313903516,52193.7783875091,-192.0,20.636517462124175,-168.90545780221146,-88.63517926531495,-1.4612416961645067
327,52464.0,52102.47650744371,52414.75049793151,52309.68829158996,52191.60606518839,-80.0,17.300364575148706,-102.10633836653506,-102.34987651857591,-15.792019061293104
328,52048.0,52118.05748671,52066.39664922255,52130.182560866364,52162.19434938651,-296.0,13.942115445322997,-256.3706025962201,-138.41445029041643,-23.7019983325481
329,51872.0,52130.360738334355,51902.00929273907,52032.85939100913,52144.20206852329,-24.0,10.863308975236578,-14.340892788117344,-16.893474352673366,-4.382177437058999
330,52000.0,52139.78410466047,52037.71486364632,52096.39561216102,52153.42999451239,392.0,8.209323078415764,324.27988913881563,111.73402723239633,16.899425714724202
331,52656.0,52146.77938449119,52550.569071016704,52256.32744547392,52178.00091995274,-200.0,6.022387600023649,-164.74577328147643,-39.90444395013401,0.6709714379867364
332,51600.0,52151.82887986052,51708.223317083364,52016.58672426075,52154.77193738837,-176.0,4.303134139616304,-150.7838327811114,-31.44735908279472,4.509614305039577
333,52304.0,52155.38565277042,52249.00140545448,52193.43272730833,52187.02014856282,312.0,3.024353577515285,265.785115643499,121.56236670174985,26.399218602597102
334,52224.0,52157.87758701555,52239.79354837036,52259.71145766425,52207.57037459356,32.0,2.2063639924344898,69.75988476768907,84.134459188037,19.728744760417612
335,52368.0,52159.79838075529,52388.52117498986,52361.70164568441,52226.477638083656,304.0,1.8759833090298343,251.33350156878078,98.84101086236114,11.831145394276973
336,52832.0,52161.62955363361,52742.460551507924,52457.39347938897,52231.232665382115,-152.0,1.967007233230106,-142.58503706486954,-91.61142660095356,-25.283339432433422
337,52064.0,52163.73239522175,52103.35110086012,52178.4787924825,52175.91095921879,-424.0,2.2530943505807954,-393.52677522464,-221.67529066521456,-49.72615820238934
338,51984.0,52166.13574233477,51955.407001058644,52014.04289805854,52131.780348977336,-320.0,2.2568103758421785,-290.90909450827894,-149.41444539469376,-36.741592792583106
339,51424.0,52168.24601597343,51521.53291184356,51879.64990169311,52102.42777363362,352.0,1.1947192512270703,312.15100150911894,93.43195448112965,4.568813337966276
340,52688.0,52168.52518083723,52579.70900407688,52200.9068070208,52140.91797565327,168.0,-2.0059181424549024,162.1394302530498,77.71030883808635,11.136100802308647
341,51760.0,52164.23417968852,51845.81177234966,52035.070519369285,52124.69997523824,-248.0,-8.637935961596668,-208.61721912058783,-28.301027966870606,2.0169983468840655
342,52192.0,52151.24930891403,52162.474565835706,52144.30475108706,52144.95197234704,216.0,-20.01280809344462,169.03562266457448,85.38660726130911,17.8995957261468
343,52192.0,52124.208563501634,52183.88301767881,52205.8437338919,52160.49916669053,-64.0,-37.249350118134316,-19.17645976282438,68.46084975079066,13.972152678023122
344,52064.0,52076.750608677765,52124.12164631006,52281.22645058864,52172.89627770308,296.0,-61.01065056088919,281.65240309481305,183.99594199105923,17.84192489770794
345,52784.0,52002.187262379855,52747.18782386844,52573.83561787402,52196.18301648595,464.0,-91.2260925656883,398.1997539872573,187.52697622238702,-6.104110392840084
346,52992.0,51894.29842354639,52920.52115428457,52656.280403033415,52160.6880569174,-384.0,-126.9145654295935,-311.94735020088046,-85.41501332389453,-77.06055672267394
347,52016.0,51748.35813152067,52123.293123466676,52403.00559122623,52042.0619030406,-152.0,-166.08025038331834,-132.87596144466806,-59.772016194066964,-117.32305872477082
348,52688.0,51562.13792277975,52654.769231395236,52536.73637064528,51926.04193946786,456.0,-205.77490445992225,365.32226490476023,58.09896474168636,-154.11786659935024
349,52928.0,51336.808322600824,52853.937653276196,52519.203520709605,51733.8261698419,-240.0,-242.3001382387556,-223.38462556714148,-221.93108958087396,-251.9244611338654
350,52208.0,51077.53764630224,52207.99998026095,52092.874191483534,51422.19301720013,-856.0,-271.5833648179614,-808.9586232717265,-606.2379780298252,-350.9235017817591
351,51216.0,50793.6415929649,51236.02040673274,51306.727564649955,51031.97916627838,-648.0,-289.64517367146254,-656.615374474186,-618.4370999630846,-399.4148926078342
352,50912.0,50498.247298959315,50894.76923131258,50855.999991557364,50623.36323198446,-416.0,-293.1278441738614,-427.40501885726917,-478.7275773139045,-423.0477726946956
353,50384.0,50207.38590461718,50381.210369018205,50349.272410022146,50185.88362088899,-1064.0,-279.77339550866964,-1048.3997108962612,-974.3600673930487,-447.38543005101747
354,48784.0,49938.700507941976,48797.96980952006,48907.27985677127,49728.59237188243,-1000.0,-248.80558299129552,-992.4988182049528,-930.0839339963386,-410.0616304124487
355,48384.0,49709.77473863459,48396.2127326083,48489.10454202947,49365.760360064094,-328.0,-201.15880569000728,-340.69341387026,-365.62304372706785,-313.74399381512194
356,48128.0,49536.38289656196,48116.58298177954,48176.03376931713,49101.10438425218,-352.0,-139.45831367964274,-336.7148419310615,-289.05388805377515,-216.00075659930735
357,47680.0,49430.8581112753,47722.783048746176,47910.99676592192,48933.75884686548,-192.0,-67.81149435798216,-179.8846893025002,-149.53862043425397,-104.6575950434235
358,47744.0,49400.759907846,47756.81360317454,47876.95652844862,48891.789194165336,136.0,8.596697986147774,98.09857030104467,32.43802675101688,15.419807008118369
359,47952.0,49448.0515072476,47918.980189348265,47975.87281942395,48964.598460881716,-32.0,84.07134628443964,-2.9324670849637187,110.8527006873046,123.43918976046916
360,47680.0,49568.902600414876,47750.94866900461,48098.66192982323,49138.667573686274,400.0,153.02351816006194,402.61593992953567,332.489190019136,247.00249148887087
361,48752.0,49754.09854356772,48724.21206920734,48640.851199462224,49458.60344385946,640.0,210.5766172128715,618.419630989305,486.245754661868,355.2660423661546
362,48960.0,49990.05583484062,48987.78793098322,49071.15343914697,49849.19965841858,1056.0,253.09644596170256,1050.666666775658,1033.9630642313605,435.0561974800585
363,50864.0,50260.291435491126,50825.54540275865,50708.777327924945,50328.715838819575,992.0,278.5256444087645,997.3333354850365,1011.9284477673173,452.7519723419682
364,50944.0,50547.10712365815,50982.45460195329,51095.0103346816,50754.70360310252,400.0,286.52071722071196,419.2272949758044,461.73817409745607,416.52294443807114
365,51664.0,50833.33286993255,51663.99999271026,51632.25367611986,51161.76172769572,760.0,278.36008374965604,702.2120660938708,521.3701794981862,381.94621097798154
366,52464.0,51103.82729115746,52386.878734141035,52137.750693677976,51518.59602505848,208.0,256.6576772210683,246.56061433567447,342.37236439710614,309.5640986156941
367,52080.0,51346.64822437469,52157.12122138161,52316.99840491407,51780.889924927105,416.0,224.95588513257826,400.4152055958366,297.74691369312495,247.33839611497388
368,53296.0,51553.73906142262,53187.70914533271,52733.244521064225,52013.27281728843,120.0,187.2259668628394,135.58476564700322,134.86837668226872,168.24653322574886
369,52320.0,51721.100158100366,52428.29075267562,52586.73515827861,52117.3829913786,-32.0,147.38171896609856,-31.99999352690793,-13.141783646311524,93.9793236591031
370,53232.0,51848.502499354814,53123.70915827889,52706.9609537716,52201.23146460664,-232.0,108.89301536544735,-236.04083244977664,-142.29372762119965,32.31004645836583
371,51856.0,51938.88618883126,51956.209087776064,52302.14770303621,52182.003084295335,-368.0,74.52110494549197,-353.4319644066345,-181.7393992172947,-2.9282260965374007
372,52496.0,51997.5447092458,52416.84522946562,52343.48215533701,52195.37501241356,72.0,46.11536456286922,64.86228901765571,-34.9244700306881,-1.6593212610896444
373,52000.0,52031.116917957,52085.933665811375,52232.29876297483,52178.684441773155,112.0,24.596482715478487,98.75676540262066,4.965989125230408,-7.756348551753035
374,52720.0,52046.737674676755,52614.358760270865,52353.414133587474,52179.862315310056,32.0,10.046710451268154,0.21889581381037715,-62.17756259362068,-25.829010697598278
375,52064.0,52051.210338859535,52086.371457438996,52107.94363778759,52127.02642037796,-480.0,1.8034611559778568,-416.1300156369034,-223.49867690608517,-49.6845739131968
376,51760.0,52050.34459698871,51782.09872899706,51906.4167797753,52080.49316748366,-192.0,-1.3063169542838295,-193.779083456644,-128.31846812463482,-30.508594520113547
377,51680.0,52048.59770495097,51698.81329052571,51851.30670153832,52066.00923133773,0.0,-0.7218451580338296,10.781014157204481,30.543272532173432,4.816525420959806
378,51760.0,52048.90090667264,51803.66075731147,51967.50332483965,52090.12621832558,576.0,2.053128178449697,512.4478510308545,219.94828572115512,40.62329790412332
379,52832.0,52052.70396130787,52723.70899258742,52291.20327298063,52147.25582714598,-16.0,5.662160102958296,12.871121705789847,53.301584631295555,22.89240017769771
380,51728.0,52060.22522687856,51829.40300072305,52074.10649410224,52135.91101868098,-232.0,9.062120058297296,-210.86550942967006,-44.043531827264815,9.050742469051329
381,52368.0,52070.82820142446,52301.97797372808,52203.1162093261,52165.35731208408,176.0,11.60539657121626,142.46484164542562,46.56781988691,19.314159007302806
382,52080.0,52083.43602002099,52114.3326840139,52167.24213387606,52174.53933669558,-40.0,13.05455359448024,-15.981869644685503,7.746991487987543,13.908991446282016
383,52288.0,52096.93730861342,52270.014234438706,52218.610192302076,52193.175294976645,96.0,13.497170941947843,65.75272261833379,16.673154577052628,13.89472302989816
384,52272.0,52110.43036190489,52245.838129250566,52200.58844303017,52202.32878275538,-184.0,13.268356432217843,-154.98545893533446,-53.72752775682966,5.669926916500117
385,51920.0,52123.47402147786,51960.04331656804,52111.15513678842,52204.515148809645,-120.0,12.783324451571389,-85.57822984232916,6.1442621524620336,16.412123494748812
386,52032.0,52135.99701080803,52074.68166956591,52212.87696733509,52235.15302974488,568.0,12.41984977842003,493.83283668464355,192.16031421422304,40.795532422474935
387,53056.0,52148.3137210347,52947.708989937324,52495.47576521686,52286.106213654595,0.0,12.466637484365492,-9.601415046006878,2.3366804901997966,12.458494592447096
388,52032.0,52160.93028577676,52055.47883947389,52217.55032831549,52260.07001892977,-696.0,13.030510464090185,-599.4484038471528,-185.15027274362365,-14.632693778334215
389,51664.0,52174.37474196288,51748.81218224302,52125.175219729615,52256.84082609793,488.0,14.06023418737459,423.3113414798281,138.21250127892927,26.412848473049962
390,53008.0,52189.05075415151,52902.10152243355,52493.97533087335,52312.89571587587,352.0,15.377521756265196,317.87986486268346,111.78777658040781,21.2996755717395
391,52368.0,52205.12978547541,52384.571911968385,52348.75077289043,52299.440177241406,-504.0,16.71661806413249,-434.6700506232228,-154.84917153770584,-16.883529772396287
392,52000.0,52222.483990279776,52032.761421187104,52184.27698779794,52279.12865633108,-208.0,17.762279442235013,-188.00338484576787,-72.33529119352534,-6.3550880937727925
393,51952.0,52240.65434435988,52008.56514227685,52204.08019050338,52286.73000105386,440.0,18.208885792690126,372.39305627218346,145.84329795713347,24.33784477547306
394,52880.0,52258.901761865156,52777.54753373147,52475.963583712204,52327.804345882025,144.0,17.77168569181231,142.95643631376151,69.86518506492939,13.464562122269854
395,52240.0,52276.1977157435,52294.47801490437,52343.81056063324,52313.6591252984,-240.0,16.20426118906107,-210.6794443052422,-80.24774276235257,-10.46226431870673
396,52400.0,52291.31028424328,52356.18864512099,52315.4680981875,52306.87981724461,-176.0,13.337292261112452,-157.3461441784748,-70.60841335198711,-11.43531719155726
397,51888.0,52302.87230026573,51979.78572654742,52202.593733929265,52290.788490915285,192.0,9.08722756455245,159.76024581850288,44.422502706402156,4.048098216437211
398,52784.0,52309.48473937238,52675.70913675799,52404.3131036003,52314.976013677486,16.0,3.4952222862375493,16.71106107306332,11.87592147118994,0.7363234460717649
399,51920.0,52309.8627448382,52013.20784869355,52226.345576871645,52292.26113780743,-176.0,-3.2456240263454674,-135.9385433241696,-24.794738292835973,-4.101818979681411
400,52432.0,52302.99349131969,52403.83205010965,52354.72362701463,52306.77237571812,320.0,-10.775647855371062,249.7844519643586,89.7398636502985,8.249856696598727
401,52560.0,52288.31144912746,52512.77675262227,52405.82530417224,52308.760851200626,-176.0,-18.587463126870716,-127.17153437604429,-25.98567075626488,-10.573481957464537
402,52080.0,52265.81856506595,52149.488981357565,52302.7522855021,52285.625411803194,-40.0,-26.068815477654425,-15.842864476882824,8.303124080903217,-12.8541688072728
403,52480.0,52236.17381817215,52481.0910236685,52422.43155233405,52283.05251358608,416.0,-32.57754571921396,337.0571606534468,90.89504299897817,-12.420272537812707
404,52912.0,52200.66347362752,52823.60330266446,52484.54237150006,52260.78486672757,-392.0,-37.53811065549962,-338.4000751774729,-151.61799508396507,-54.82840352212952
405,51696.0,52161.09759686115,51804.290873313555,52119.19556216612,52173.39570654182,-224.0,-40.536563047240634,-231.79939643799662,-153.74902825087702,-63.5193748586571
406,52464.0,52119.59034753304,52360.004509788465,52177.044314998304,52133.746117010254,64.0,-41.37772851600312,28.60638656781157,-85.62908966866235,-56.16228368105294
407,51824.0,52078.34213982915,51861.50364644918,51947.93738282879,52061.071139179716,-368.0,-40.10650277629975,-310.9826310933895,-167.13824075511002,-60.82142087155444
408,51728.0,52039.37734198044,51738.039247601686,51842.767833488084,52012.103275267145,-80.0,-36.98190119035644,-73.26816083905942,-47.78563259667135,-34.76270014921465
409,51664.0,52004.378337448434,51714.96732477106,51852.36611763545,51991.54573888129,264.0,-32.38874347917226,231.76470102468738,103.78134296509597,-4.180249441793421
410,52256.0,51974.5998550221,52201.56864965106,52050.330519418276,52003.74277638356,256.0,-26.73513630794696,214.44457313530438,95.12966149196654,-0.4158236785478948
411,52176.0,51950.90806483254,52143.85647104167,52042.625440619384,51990.71409152419,-280.0,-20.386985192497377,-218.42982340103117,-74.39235848920362,-22.292980283160432
412,51696.0,51933.8258846371,51764.709002849,51901.54580243987,51959.15681581724,-24.0,-13.617807088179688,-35.602453947689355,-38.30673695958103,-18.399434916089376
413,52128.0,51923.67245065618,52072.65156314629,51966.01196670022,51953.91522169201,56.0,-6.585248635998141,31.200376028733444,-16.5278523895322,-13.945833040626894
414,51808.0,51920.65538736511,51827.109754906465,51868.490097660804,51931.265149735984,-184.0,0.6053351091650256,-149.99303370748748,-67.2768202090192,-16.486814469230012
415,51760.0,51924.88312087451,51772.665495731315,51831.45832628218,51920.94159275355,8.0,7.8433686969474365,8.883219481431297,-1.302608237525419,-2.276477344752493
416,51824.0,51936.342124759,51844.87619386933,51865.88488118575,51926.71219504648,224.0,14.973563403782464,176.59166748465213,55.36899549644659,10.906212045250868
417,52208.0,51954.830247682075,52125.84883070062,51942.19631727508,51942.754016844054,-152.0,21.768307743335754,-129.7832096656166,-56.59040527313482,2.779522639775678
418,51520.0,51979.87874024567,51585.309774538095,51752.704070639484,51932.27124032603,-256.0,27.930048827067367,-213.99018347203673,-73.14021131585105,10.130785498280602
419,51696.0,52010.69034533621,51697.868463756546,51795.915894643374,51963.015587840615,136.0,33.14465777099758,121.9010080011576,93.1697713255744,44.09512690661359
420,51792.0,52046.16805578767,51829.11179054041,51939.04361329063,52020.46149413926,328.0,37.139892062656145,316.80227948593165,216.64952529257425,68.86898100560575
421,52352.0,52084.97012946152,52331.47302272841,52229.21494522852,52100.75354985183,448.0,39.724919276217406,399.7263458300549,228.77880455215563,67.7297332051603
422,52688.0,52125.6178943401,52628.56448220052,52396.601222394944,52155.92096054958,-8.0,40.82020902277873,-0.08612952527255402,21.68688836389265,28.563458725231612
423,52336.0,52166.61054750708,52331.300763677864,52272.58872195631,52157.88046730229,-376.0,40.453706473257625,-320.75990013332193,-155.71813946048496,-6.946469882175734
424,51936.0,52206.52530728662,51987.044681933876,52085.164943473974,52142.02802078523,-56.0,38.72011216149258,-89.03267207459794,-112.84130674534026,-5.551045477801381
425,52224.0,52244.050771830065,52153.23541952867,52046.90610846563,52146.77837634669,-360.0,35.751190329556266,-331.3768322510914,-126.80578077553946,0.8892743787982909
426,51216.0,52278.02768794573,51324.29101743169,51831.553381922895,52143.80656954282,168.0,31.704066858546867,163.14883677003672,92.42396441871824,43.41852167327306
427,52560.0,52307.45890554716,52479.53309306874,52231.754037303064,52233.61541969323,464.0,26.737612242926843,446.01405676139984,236.0776740317051,73.4896211350715
428,52144.0,52331.502912431584,52216.31913095449,52303.708729986305,52290.785811812966,88.0,21.042514873566688,98.38169265821125,151.80905767639342,64.50968271038437
429,52736.0,52349.54393529429,52676.296478385164,52535.37215265585,52362.634785114,176.0,14.885600248871924,161.45973935649818,131.3494989974679,53.18071255673567
430,52496.0,52361.27411292933,52539.23860966749,52566.40772798124,52397.14723692644,80.0,8.61355487324181,79.13517961975958,66.23943931600661,29.569813658756175
431,52896.0,52366.771045040776,52834.56683762468,52667.851031287864,52421.774412431514,-8.0,2.6563029052340426,-11.837583919383178,-12.631181049440784,0.9158961266512051
432,52480.0,52366.586718739796,52515.56344182872,52541.14536588236,52398.97902917974,-160.0,-2.4957765117542294,-141.186186652365,-96.13298246432896,-26.84643179278646
433,52576.0,52361.77949201727,52552.19446431995,52475.58506635921,52368.08154884594,-48.0,-6.361426666309853,-82.39665590901495,-115.76776634354974,-41.29340289150059
434,52384.0,52353.86386540718,52350.77013001069,52309.60983319526,52316.39222339674,-424.0,-8.551414093748463,-367.5736842557999,-203.17031656631661,-55.06971427936878
435,51728.0,52344.67666382977,51817.04709580835,52069.24443322657,52257.9421202872,-96.0,-8.83879866672578,-88.48755516058009,-69.74318335539647,-31.95299709516985
436,52192.0,52336.186268073725,52173.79501968953,52170.12346648447,52252.4862292064,328.0,-7.228696462392691,265.72302232884977,89.94076650013085,-2.4315796204900835
437,52384.0,52330.219270904985,52348.49314046605,52249.125966226835,52253.07896104622,-24.0,-3.9988724217510025,-2.836176893215452,11.5654828557781,-5.9533201078593265
438,52144.0,52328.18852323022,52168.1226659031,52193.25443219602,52240.57958899068,-64.0,0.32061008499658783,-59.7571450474461,-31.24431793279291,-7.670392606010864
439,52256.0,52330.86049107498,52228.97885037116,52186.63733036125,52237.7381758342,-80.0,5.008126906843245,-74.24956367615232,-41.29843665415319,-3.754504364769673
440,51984.0,52338.20477704391,52019.6235385508,52110.65755888772,52233.07058026114,-40.0,9.235579430067446,-31.237619066367188,-12.650992029673944,7.785933439994551
441,52176.0,52349.33164993511,52166.503612238426,52161.3353463019,52253.31004271419,136.0,12.220559385074012,99.3981348797679,43.34546056513864,24.104964588761504
442,52256.0,52362.64589581406,52218.41980831033,52197.348480017994,52281.280509438664,-184.0,13.365121525082941,-135.98476237644354,6.687373725086218,29.23449219640679
443,51808.0,52376.06189298528,51894.53408748554,52174.71009375207,52311.779027107004,216.0,12.350526184374758,217.47340346541387,160.71666061011638,55.68746902369094
444,52688.0,52387.34694818281,52653.36661524116,52518.78180123823,52392.655447486046,536.0,9.23257149766141,476.9769170989275,259.4626081052702,66.10919275334527
445,52880.0,52394.5270359806,52848.487921683394,52693.635309962614,52443.997412613695,16.0,4.4430086274660425,37.560914859186596,81.67116370569056,29.541835758333036
446,52720.0,52396.23296543774,52728.488444959534,52682.12412864961,52451.73911900271,-96.0,-1.28542016074789,-77.55725192620957,-30.44911698820215,-5.671337660849531
447,52688.0,52391.956195659106,52693.373417830975,52632.73707598621,52432.654737291996,24.0,-7.046946992206358,-8.247937973690568,-77.01851467028973,-31.85164484611596
448,52768.0,52382.139071453326,52711.99256901215,52528.08709930903,52388.03582931048,-432.0,-11.930796874567022,-393.291508323633,-224.6064270226707,-63.61711651599035
449,51824.0,52368.09460190997,51906.79040118371,52183.52422194087,52305.420504260015,-280.0,-15.187367412978347,-259.37665734433176,-164.80076639772597,-58.54429983746377
450,52208.0,52351.76433662737,52193.23925432349,52198.48556651358,52270.94722963555,280.0,-16.354612644841836,212.64512475722222,10.20412782949279,-31.325913142689387
451,52384.0,52335.38537662029,52332.08065069815,52203.932477599854,52242.76867797464,-136.0,-15.320821079549205,-120.75535013454646,-84.58685011379566,-35.24011776217958
452,51936.0,52321.12269446827,51951.728554054396,52029.311866285985,52200.46699411119,-360.0,-12.29316179007219,-301.70932637179067,-127.9646781708725,-29.078334157886275
453,51664.0,52310.799053040144,51728.66199795457,51948.00312125811,52184.612009658864,112.0,-7.721703291324957,100.24343367304755,60.69281560118179,10.175616030617675
454,52160.0,52305.67928788562,52152.21542140049,52150.69749748835,52220.81822617243,440.0,-2.1938889922384988,384.630530448394,198.04312497440696,39.24712782218194
455,52544.0,52306.41127505567,52497.92305885136,52344.08937120692,52263.10626530323,112.0,3.6937270793205244,115.32293170764751,93.43655932204274,28.243352395962575
456,52384.0,52313.06674204426,52382.861284815786,52337.570616132434,52277.304930964354,-160.0,9.427664622926386,-120.75534995665657,-29.733447008278745,8.863912209344562
457,52224.0,52325.26660430152,52256.41235893805,52284.622477190365,52280.83408972192,72.0,14.624875133100431,35.61286881250635,-22.636900346878974,6.370863243657368
458,52528.0,52342.31649231046,52454.0870224408,52292.296815438676,52290.04665745167,-256.0,19.04056165371003,-230.62709058702967,-110.17725403235454,-2.6850993976659083
459,51712.0,52363.34772760894,51795.15817776399,52064.267969125656,52275.463890926585,-232.0,22.542646010137105,-184.4010895630854,-51.89486175019192,13.590428021248954
460,52064.0,52387.40178433074,52085.28484331463,52188.50709193829,52317.22751349417,464.0,25.06072564587521,396.55088212377086,186.49266878178605,54.424998242284346
461,52640.0,52413.46917890069,52588.25994201153,52437.25330668923,52384.313887411154,280.0,26.54313649555479,244.2748087545333,147.37286809555007,54.302068287550355
462,52624.0,52440.48805732185,52573.834460823695,52483.25282812939,52425.83165006927,-344.0,26.927725725079654,-265.25317706933856,-24.374064495143102,31.60934516157431
463,51952.0,52467.32463035085,52057.75358787285,52388.50517769894,52447.5325777343,320.0,26.13477342603801,290.9372777799872,123.50493841902426,46.47755655175206
464,53264.0,52492.75760417392,53155.70901638367,52730.26270496744,52518.78676317277,256.0,24.082461393300036,216.8354672018031,74.88887975221587,33.993523597106105
465,52464.0,52515.48955313745,52491.42452227646,52538.282937203374,52515.519624928515,-552.0,20.730903285661043,-465.7470508641236,-154.83829916238028,-0.6911569978328771
466,52160.0,52534.219410745245,52224.21491465542,52420.58610664268,52517.404449177106,88.0,16.12026847058587,53.86496565608104,12.596222760650562,19.755046707447036
467,52640.0,52547.73009007862,52599.15445358862,52563.475382724675,52555.02971834341,184.0,10.410436316986306,170.71180687632295,104.62696744432833,33.37675508347456
468,52528.0,52555.04028337922,52565.63852840807,52629.84004153134,52584.157959344055,152.0,3.9120086436378187,154.6767168597653,117.28467957232715,31.93613896784882
469,52944.0,52555.5541073659,52908.50788730815,52798.04474186933,52618.901996279106,184.0,-2.9300703677035926,165.40879544086056,95.2270712726604,18.48913674900905
470,52896.0,52549.18014264381,52896.45611928979,52820.29418407666,52621.13623284207,-8.0,-9.589182681578677,-9.771171569427679,-15.603465754345962,-11.508951794930908
471,52928.0,52536.37574200274,52888.965544169296,52766.83781036064,52595.884092689244,-216.0,-15.517213447546965,-202.66285427400362,-134.03746853570192,-41.85793551836832
472,52464.0,52518.14571574872,52491.13041074178,52552.219247005254,52537.420361805336,-288.0,-20.23648939190025,-262.18307971858667,-170.5089398527598,-54.7927127936382
473,52352.0,52495.90276321894,52364.59938473212,52425.81993065512,52486.29866710197,-48.0,-23.419005896423187,-63.534102349029126,-89.48935102257747,-44.406761348272994
474,52368.0,52471.30770395587,52364.06220604372,52373.2405449601,52448.60683910879,-8.0,-24.930031947234966,-20.22614846979195,-49.95911321496533,-33.66148603773763
475,52336.0,52446.04269932447,52324.14708779254,52325.90170422519,52418.97569502649,-112.0,-24.846181509343296,-99.17967928847793,-52.38798862231852,-25.48235933097385
476,52144.0,52421.615340937184,52165.70284746677,52268.46456771546,52397.64212044684,-80.0,-23.41923197554206,-49.93000299193591,4.7951473480061395,-8.651468557305634
477,52176.0,52399.204235373385,52224.28708180867,52335.4919989212,52401.67275791188,376.0,-21.01774531565752,321.09021995155854,146.77343066633694,15.314275360633474
478,52896.0,52379.57985030587,52807.883287369885,52562.011429048136,52428.27067116811,136.0,-18.06209778631819,121.94206584430867,59.525144651004666,3.211446814631927
479,52448.0,52363.08003980075,52468.171213497284,52454.54228822321,52408.095651541145,-280.0,-14.968145972496131,-238.85600638616597,-104.19799671332657,-22.170237049907882
480,52336.0,52349.643558360876,52330.17127459755,52353.61543562148,52383.93019706829,-176.0,-12.09911841835492,-167.14356591194883,-92.11913479098439,-21.768944619438116
481,52096.0,52338.88180296404,52133.88408167339,52270.30401864124,52364.55776230227,-24.0,-9.732763389332831,-6.866784557223582,3.840592340377043,-5.944546650905977
482,52288.0,52330.17803158221,52316.437705483106,52361.29662030224,52372.04110376648,392.0,-8.07669502076169,324.7421512252404,127.64091181211552,11.68539665253411
483,52880.0,52322.728412922515,52783.36838412387,52525.58584226547,52387.92855560734,-16.0,-7.240541839819343,-16.22740073991372,-12.917856904034124,-8.716120378780033
484,52256.0,52315.69694790257,52283.98290400328,52335.46090649417,52354.60886300892,-432.0,-7.245278012815106,-359.47096010420864,-150.39448252421425,-28.389249447965994
485,52016.0,52308.237856896885,52064.42646391545,52224.79687721704,52331.150056711405,48.0,-8.039675481802988,22.575879489420913,-6.265590668605,-7.701303461948555
486,52352.0,52299.617596938966,52329.13466298212,52322.92972515696,52339.206256085025,160.0,-9.467568053245486,150.3815139772487,83.59771051839198,7.416512177871482
487,52336.0,52289.302720790394,52365.18949186995,52391.99229825383,52345.98308106715,200.0,-11.281691861247964,182.0022882375779,97.05872222378457,7.275979035479395
488,52752.0,52277.05421321647,52693.139239457276,52517.04716960453,52353.75821415598,48.0,-13.167172688132268,33.645944873693225,7.578456152961735,-12.136956203365116
489,52432.0,52262.96837541413,52432.481381617334,52407.14921055975,52321.70916866042,-312.0,-14.77760174949799,-258.25094975328466,-122.32335376489937,-37.563587062541046
490,52128.0,52247.499009717474,52176.63733995071,52272.40046207473,52278.6310400309,16.0,-15.769343956031662,-12.65734191309457,-62.54851744765256,-35.54657662797763
491,52464.0,52231.42968750207,52407.166697791145,52282.052175664445,52250.61601540446,-32.0,-15.862148632586468,-53.63715320382835,-81.32219857806922,-38.68422385620943
492,52064.0,52215.7747124523,52069.36303354305,52109.75606491859,52201.26259231848,-376.0,-14.867587213149818,-310.9884965328565,-149.41807828655146,-42.49029347005853
493,51712.0,52201.69451307577,51785.18970472543,51983.21601909134,52165.635428464346,112.0,-12.721400133294082,81.77519480952469,9.06796371841483,-12.945392430920037
494,52288.0,52190.33191218571,52232.9134231621,52127.89199235542,52175.37180745664,208.0,-9.492518572827976,172.29083424716737,64.62196944179595,4.104969365125726
495,52128.0,52182.70947593011,52129.771373219766,52112.459957974934,52173.8453671946,-112.0,-5.366279718626174,-94.28518384352355,-23.20205539302333,0.7658280976902461
496,52064.0,52179.59935274846,52044.34305547505,52081.487881569374,52176.90346365202,-224.0,-0.6352704223900218,-183.7130403694391,-22.228135620873218,8.703269640023791
497,51680.0,52181.43893508533,51762.34529248089,52068.00368673319,52191.251906474645,352.0,4.32873830851895,336.08904788385917,180.51764853041095,39.91103814635426
498,52768.0,52188.2568293655,52716.52115124277,52442.523178630196,52256.72553994473,560.0,9.101296702228865,490.4212665021478,211.7810812121097,39.909910467322334
499,52800.0,52199.64152848979,52743.18782548518,52491.56584915741,52271.07172740929,-312.0,13.237226962355635,-272.76782853084296,-105.17440489409273,-12.10022616497372
500,52144.0,52214.73128329021,52170.985494181085,52232.17436884201,52232.525087614784,-472.0,16.305849900254543,-421.90123019949533,-215.3042958943879,-34.120385413771146
501,51856.0,52232.2532282903,51899.38536508619,52060.95725736863,52202.83095658175,-24.0,17.938935358382878,-54.673303663941624,-68.73848278906371,-12.35258320394496
502,52096.0,52250.609154006976,52061.6388868532,52094.69740326388,52207.819921206894,-24.0,17.885276750927005,-9.552043966999918,33.088847527196776,10.579960685488913
503,51808.0,52268.02378179215,51880.28127715219,52127.134952423025,52223.990877952725,320.0,16.063569805322913,317.28122742315827,192.00502537065404,36.97050064346695
504,52736.0,52282.73629361762,52696.20134169952,52478.70745400519,52281.76092249383,536.0,12.594046544440062,479.69432168169806,222.92622858475806,35.058090665796044
505,52880.0,52293.21187488103,52839.66992051559,52572.98740959254,52294.10705928432,-64.0,7.809128847264219,-58.18181860599725,-59.22633961637257,-16.948510245296347
506,52608.0,52298.35455131215,52579.83770448752,52360.254774772446,52247.863902003235,-768.0,2.2215802496575634,-700.9305864990092,-336.6052474338794,-64.24996218091837
507,51344.0,52297.65503538035,51437.80874751757,51899.77691472478,52165.60713492248,-392.0,-3.549845990513859,-372.69832647352814,-182.5894026852693,-41.17641033463224
508,51824.0,52291.25485933112,51834.44105154047,51995.07596940191,52165.51108133397,504.0,-8.873902188897773,448.83756172523135,180.83703937807877,16.979500478191767
509,52352.0,52279.90723100255,52335.48387096803,52261.45099348094,52199.566135878864,440.0,-13.210958636682335,418.46217426772637,221.10052081949834,26.433361338833492
510,52704.0,52264.83294205776,52671.36540007592,52437.277011040904,52218.37780401164,192.0,-16.197274219935935,172.70852948748143,42.46452308041626,-5.469441666642524
511,52736.0,52247.51268256268,52680.900929942996,52346.38003964177,52188.62725254558,-696.0,-17.698964107788925,-626.8323215753553,-285.7069515782423,-57.119188838780246
512,51312.0,52229.43501384218,51417.70075692521,51865.86310788442,52104.13942633408,-368.0,-17.82546568518228,-373.8238872343427,-203.5853778151395,-44.880854894799995
513,52000.0,52211.861751192315,51933.25315547431,51939.20928401149,52098.86554275598,200.0,-16.882858565040806,181.81817592067455,42.950818132812856,-0.33060644029683317
514,51712.0,52195.6692967121,51781.33710876656,51951.764744150045,52103.47821345348,200.0,-15.301558372993895,206.55127561996414,132.43783221358171,24.18658137017701
515,52400.0,52181.25863444633,52346.35570671424,52204.084948438656,52147.23870549633,328.0,-13.553223780319968,285.01535302395496,154.3626785079323,31.122427317666734
516,52368.0,52168.56284915146,52351.36781481447,52260.49010116591,52165.72306808882,-112.0,-12.060818336136435,-78.14881782744123,2.650203310215147,8.370515996921313
517,52176.0,52157.136997774054,52190.05807105936,52209.38535505909,52163.979737490175,-104.0,-11.140331861312006,-91.01938845830955,-34.41206857728321,-2.3443437241294305
518,52160.0,52146.282185428834,52169.32903789785,52191.66596401134,52161.03438064056,40.0,-10.983218276647676,25.916156327730278,-1.8864090420720458,-2.893637817589479
519,52256.0,52135.17056122076,52241.89038371482,52205.61253697494,52158.192461855,8.0,-11.650102825504291,2.0132643910619663,-11.247158548929292,-7.732295692811022
520,52176.0,52122.981979777825,52173.35556667997,52169.171646913484,52145.569789254936,-96.0,-13.107062144557858,-81.75698363497213,-39.85506660471219,-14.144183137312211
521,52064.0,52108.95643693164,52078.37641644487,52125.90240376552,52129.90409558037,-32.0,-15.276070028739923,-23.097068010731164,-12.318041265210923,-12.370488895547169
522,52112.0,52092.429839720346,52127.16143065851,52144.53556438306,52120.82881146384,160.0,-18.087074399216363,124.59216750617634,34.90094280907579,-8.633843543339026
523,52384.0,52072.78228813321,52327.560751457226,52195.70428938367,52112.636408493694,-96.0,-21.49204201705288,-81.79692191514187,-42.97913030755808,-21.760582545462967
524,51920.0,52049.44575568624,51963.56758682823,52058.57730376795,52077.307646372916,-176.0,-25.48254637630089,-146.15523048786417,-67.83833373175003,-27.463379802131385
525,52032.0,52021.81719538061,52035.2502904815,52060.02762192017,52057.70964888943,120.0,-30.08139425875561,87.93415606074996,15.464129112308001,-18.312515039015125
526,52160.0,51989.28296716873,52139.43589894973,52089.50556199256,52040.682616294886,0.0,-35.30424193323415,1.3651032168527308,-5.769278931325971,-22.992901779798558
527,52032.0,51951.20871151414,52037.9804969152,52048.48906405752,52011.723845329834,-80.0,-41.127167868908145,-71.55291745850627,-32.77196590628955,-29.972578698561847
528,52000.0,51907.02863143091,51996.330064032714,52023.96163017998,51980.73745889776,-88.0,-47.44930036625374,-60.000112718927994,-12.546618787542684,-31.94951348718314
529,51856.0,51856.31011078163,51917.98027147735,52023.39582648243,51947.82481835547,296.0,-54.056810071448126,243.68967812607298,83.13210954366878,-28.32139962452129
530,52592.0,51798.915011288016,52483.70942028486,52190.22584926732,51924.09465964872,16.0,-60.59518743888111,4.032907650762354,-34.057052581458265,-57.12542572431266
531,51888.0,51735.11973590387,51926.04608677887,51955.281721319516,51833.57396690684,-416.0,-66.59160535546107,-359.3276703252777,-201.30326728803993,-93.24199439653603
532,51760.0,51665.731800577094,51765.054079634305,51787.61931469124,51737.61067085565,-104.0,-71.47166297992226,-135.7216089730464,-153.8527492826579,-97.08276250840936
533,51680.0,51592.176409944026,51654.60286883278,51647.5762227542,51639.408441890024,-280.0,-74.62917687700974,-237.43686663765402,-156.25498055994467,-100.23180687112472
534,51200.0,51516.473446823074,51290.180346359,51475.10935357135,51537.1470571134,120.0,-75.48738023126134,86.47920932121633,-34.9121923971652,-85.40403192095619
535,51920.0,51441.2016494815,51827.56128747521,51577.75183795987,51468.60037804811,128.0,-73.56808545799868,75.18737849227182,-68.48159663155093,-91.11666016288291
536,51456.0,51369.33727590708,51440.55510334354,51338.14616030825,51354.91373678763,-664.0,-68.57879742980003,-570.8852333632531,-298.5325974974985,-118.74095442109319
537,50592.0,51304.0440546219,50685.790820748705,50980.68664296487,51231.118469205925,-152.0,-60.47254605694616,-179.15561290202095,-163.11619586094093,-91.83934412141389
538,51152.0,51248.392183793185,51082.2438775395,51011.91376858637,51171.235048544804,64.0,-49.46370803643367,47.6724444882675,-38.815990085317026,-58.921668233877426
539,50720.0,51205.116638549036,50781.13570972524,50903.05466279424,51113.27513273817,0.0,-36.00887667600182,4.5703808119251335,-17.331774395006505,-38.296159169727616
540,51152.0,51176.37443044118,51091.38463916335,50977.250219796355,51094.64273020535,24.0,-20.767173203232232,7.17212525487048,-13.179333099709766,-21.50026602255457
541,50768.0,51163.58229214257,50795.47996023498,50876.69599659482,51070.27460069306,-208.0,-4.509749869233929,-158.50487775346483,-46.20622490413007,-9.254399477635161
542,50736.0,51167.35493070271,50774.37488365642,50884.837769988095,51076.13393125008,200.0,11.972782788903714,170.76934170353343,82.56065838733048,22.866027119522187
543,51168.0,51187.52785772038,51137.01864364205,51041.81731336948,51116.006654932105,256.0,27.946087174786953,207.7369781958805,93.88820006611786,37.27305642863212
544,51248.0,51223.24710505229,51189.84884004818,51072.61417012033,51150.68004410734,-304.0,42.806890245661634,-237.9256033529855,-56.896058188976895,29.80739138060744
545,50560.0,51273.1416382117,50661.16743693608,50928.025196991526,51175.62143769332,-48.0,56.139157513403916,-22.844218431720947,39.423625366951455,55.7224654706406
546,51152.0,51335.525420079095,51144.16040318474,51151.46142085423,51262.124975048624,536.0,67.70453846652163,443.7949821723487,223.16693428982762,92.00978610773382
547,51632.0,51408.550715144745,51548.757401280775,51374.35906557118,51359.64100990879,-64.0,77.41055086420238,-11.615995500076679,94.07717750253869,83.89808535560587
548,51024.0,51490.3465218075,51120.928412184585,51339.61577585931,51429.921145759836,144.0,85.26034963729398,149.25768320412317,123.06459821778117,90.5761931390407
549,51920.0,51579.07141441933,51847.27276768902,51620.488262006744,51540.79339618687,328.0,91.30668727938246,270.2635825721336,131.1166171508121,91.91192023637268
550,51680.0,51672.959896366265,51661.45557732885,51601.849010160935,51613.74498623258,-352.0,95.57842798795537,-278.53930371592287,-57.714746765348536,69.63883935734702
551,51216.0,51770.228270395244,51290.194160257175,51505.05876847605,51680.07107490156,-8.0,98.02065056461652,-0.2906157858124061,47.73914255313866,89.52964241405425
552,51664.0,51869.0011974955,51660.87434575723,51697.32729526721,51792.80427106069,408.0,98.50122423992798,355.05191428617763,208.9321744247718,119.17340971216618
553,52032.0,51967.2307188751,52000.29798882953,51922.92311732559,51918.417894325896,176.0,96.81996575615267,180.91358721995493,171.0573807211731,119.93451798149545
554,52016.0,52062.6411290078,52022.70152019714,52039.44205670956,52032.67330702368,32.0,92.75170139843976,55.91113235331068,128.2399677387475,115.08907804897171
555,52096.0,52152.73412167198,52112.12025353615,52179.403052803085,52148.59605042384,160.0,86.10138890835151,170.0200010197841,181.66252249507306,118.55254592135316
556,52336.0,52234.843906824506,52362.741522236705,52402.767101699705,52269.77839886639,424.0,76.75274014689421,384.328879884084,256.74759974646804,117.87126838586482
557,52944.0,52306.23960196577,52880.77801330432,52692.89825229602,52384.33858719557,200.0,64.71323058229609,201.9265575892059,164.58027674433106,86.57711768896115
558,52736.0,52364.2703679891,52766.59463741512,52731.92765518837,52442.93263424431,40.0,50.13363819483129,38.789811186397856,36.99323048652877,43.94067876095505
559,53024.0,52406.50687835543,52958.357635677115,52766.88471326908,52472.21994471748,-128.0,33.314785194495926,-136.44882335241346,-93.60058528474474,1.6983077090408187
560,52480.0,52430.89993837809,52493.69699071029,52544.72648461888,52446.32924966239,-472.0,14.70965754413919,-396.1756914153557,-189.79498634076663,-27.574232571965695
561,52080.0,52435.92619344371,52166.006252846404,52387.294740587546,52417.07147957355,160.0,-5.080180905650195,102.34052636811975,-3.7843737375624187,-12.404196110164776
562,52800.0,52420.73957656679,52698.37804344653,52537.15773714375,52421.52085744206,16.0,-25.29351572151063,24.262007832767267,18.441865128086647,-14.474579259385791
563,52112.0,52385.33916200069,52214.53026851194,52424.17847084372,52388.122321054776,8.0,-44.9962666814572,32.78984003610458,43.109969121829636,-19.59242033454575
564,52816.0,52330.747043203875,52763.95772351874,52623.37767538741,52382.33601677297,360.0,-63.12317249739863,285.2298001895142,102.88804223739498,-27.46950344315701
565,52832.0,52259.09281700589,52784.98986889097,52629.95455531851,52333.18331416846,-272.0,-78.52193597783844,-214.01851017293666,-94.44584240964832,-74.09353689608179
566,52272.0,52173.7031712482,52335.920703172866,52434.485990568115,52234.148942980806,-144.0,-90.05484805400556,-129.46564985376608,-114.22556946633267,-100.9269240386202
567,52544.0,52078.98312089788,52526.058569183435,52401.50341638584,52131.32946609122,160.0,-96.74985062373162,100.43071192775096,-104.23086598935333,-123.45300358501845
568,52592.0,51980.203470000735,52536.78212702837,52226.02425858941,51987.24293581077,-656.0,-97.9339514505591,-628.2175403256733,-445.68591633879623,-174.32438348991855
569,51232.0,51883.11521799676,51269.62348853209,51510.13158370825,51782.680699111384,-744.0,-93.34747681174485,-716.1894625233763,-489.6079951899628,-177.02820174381486
570,51104.0,51793.508516377246,51104.403201981615,51246.80826820948,51633.18653232314,-168.0,-83.21888224762733,-163.20427664240196,-191.91918139402696,-123.03484017208757
571,50896.0,51716.67745350151,50943.214935247284,51126.2932209202,51536.61101876721,88.0,-68.26667088742761,74.8864095020981,-5.368436829190614,-64.54496261756867
572,51280.0,51656.97517460239,51254.17602098581,51236.0713945511,51504.096607088,200.0,-49.589515920586564,181.8411906675865,87.81387090645876,-21.30958132480373
573,51296.0,51617.49842166033,51306.89731658246,51301.920962733115,51493.9918561176,112.0,-28.543362488639104,107.2078785089434,68.8100495485669,-0.20515816452461877
574,51504.0,51599.88844962511,51468.5917780037,51373.691493648235,51503.68629075895,-16.0,-6.591191292907752,-15.346648560258473,6.616277739238285,9.678749179300212
575,51264.0,51604.31603907452,51276.20401946194,51315.15351821159,51513.3493544762,-160.0,14.850129972372088,-131.36766123207417,-32.9612163308484,22.13053144105652
576,51184.0,51629.588709569856,51205.85645553955,51307.76906098654,51547.947353641066,40.0,34.51143044116907,38.934713775353885,54.50007326822015,52.79536684691993
577,51344.0,51673.338899956856,51354.07344701265,51424.15366474803,51618.94008817004,216.0,51.352770371471706,198.58422653632442,156.46143613550885,84.73973893747825
578,51616.0,51732.2942503128,51603.0249086122,51620.691933257556,51717.42683151602,168.0,64.6113949351311,184.07600466054282,198.8842351383064,103.55808492178039
579,51680.0,51802.56168982712,51722.225456333734,51821.922135024644,51826.0562580136,464.0,73.79152240554686,434.08145992547725,272.1912692794067,115.93223939826203
580,52544.0,51879.87729512389,52471.18782846315,52165.07447181637,51949.29131031255,320.0,78.67305197624592,281.1478839099218,153.68957269990642,93.49961781457023
581,52320.0,51959.90779377961,52284.52122415358,52129.30128042446,52013.05549364274,-544.0,79.31158553170826,-453.44849186522697,-131.12255117967652,48.41695801233436
582,51456.0,52038.50046618731,51564.2908447327,51902.82936945702,52046.125226337215,-64.0,76.00870512001711,-67.18655300827231,-3.057226238935982,62.57599401133484
583,52192.0,52111.925204019644,52150.14811813703,52123.186827946585,52138.20748166541,408.0,69.3048619698493,354.3962696639355,185.95087246285766,89.39262941146444
584,52272.0,52177.11019012701,52273.08338406057,52274.73111438273,52224.910485160144,96.0,59.954447945205175,128.35218622636603,152.90984362751624,84.3485277527434
585,52384.0,52231.834099910055,52406.852490589765,52429.00651520162,52306.9045371709,272.0,48.865009842891595,248.03155947802225,176.77865841969106,78.13927886929741
586,52816.0,52274.84020981279,52769.146503016615,52628.288431222114,52381.18904289874,128.0,37.017788756260416,128.02652750991183,105.42613163155329,52.54395787277463
587,52640.0,52305.869677422575,52662.90554560959,52639.858778464724,52411.99245291645,8.0,25.390335258554842,8.286770640930627,11.499736474976089,19.403032663536578
588,52832.0,52325.6208803299,52785.720044298476,52651.287904172066,52419.99510822581,-112.0,14.846353088374599,-108.58527981875159,-78.92692220662866,-12.597589279350359
589,52416.0,52335.562383599325,52445.734985972085,52482.00493405147,52386.79727435775,-200.0,6.027314587117871,-191.3101284659533,-136.28050309486935,-34.65797015017597
590,52432.0,52337.67550950414,52403.09978736657,52378.72689798233,52350.67916792546,-208.0,-0.7250802861490229,-187.13626177268452,-129.9145870779721,-40.18414803601263
591,52000.0,52334.11222302703,52071.462462426716,52222.17575989552,52306.42897828572,56.0,-5.3743556386980345,25.674987193731795,-45.46325813904332,-28.92874072545237
592,52544.0,52326.92679822674,52454.44976175403,52287.80038170424,52292.821686474555,-56.0,-8.157741292252467,-64.7638919025012,-62.475187339157856,-26.166207487436623
593,51888.0,52317.79674044252,51941.934678621714,52097.22538521721,52254.09656331085,-312.0,-9.515757441586175,-242.84169002374256,-85.96230387843389,-20.420294998166355
594,51920.0,52307.89528334357,51968.76638170655,52115.87577394737,52251.98109647822,336.0,-9.954004566636286,270.66361161758323,116.58827570385256,14.483587991282548
595,52560.0,52297.88873130925,52483.26190185688,52330.40193662491,52283.063739293415,128.0,-9.914780079165212,130.80502943474494,99.7271309899952,17.235829779863707
596,52176.0,52288.06572318524,52230.37644057604,52315.33003592736,52286.45275603795,-8.0,-9.672800440850551,18.996741599356028,54.59311726613669,8.911654546434875
597,52544.0,52278.54313042755,52521.25538505559,52439.588171157186,52300.887048386285,216.0,-9.290184430530644,177.1558697574983,72.05222080841122,2.2786447676480748
598,52608.0,52269.48535432418,52584.688180091034,52459.434477544186,52291.010045573246,-56.0,-8.64141644405754,-53.126304509376496,-54.43645484090666,-25.7265005343761
599,52432.0,52261.26029753943,52415.00277603684,52330.71526147537,52249.43404731753,-264.0,-7.486987070715259,-254.67152387000533,-179.3615853311312,-50.70429588983825
600,52080.0,52254.51138018275,52075.34513235102,52100.71130688192,52189.60145379357,-400.0,-5.584085031168797,-362.9319819306911,-219.64830115248697,-54.35252083427986
601,51632.0,52250.092127477095,51689.13881217546,51891.4186591704,52140.72900564897,-104.0,-2.794057604860427,-100.51225929826978,-79.58331812632241,-23.43599786215418
602,51872.0,52248.923264973026,51874.320613754484,51941.54467062928,52142.72945806926,232.0,0.8652299513414619,196.784870351461,84.8983467735161,15.536925323754986
603,52096.0,52251.82258737978,52082.70855287838,52061.21535271743,52171.80285629648,144.0,5.1816232347082405,141.93070351579445,102.27835844686706,32.86354104204656
604,52160.0,52259.28651144244,52158.18202078607,52146.10138752301,52208.456540153355,64.0,9.782150275987078,66.38357183805783,77.93672856708508,39.07651086453552
605,52224.0,52271.38688793175,52215.475696554495,52217.0888098516,52249.955878025554,-8.0,14.217344090979168,14.672158540914097,67.53182725439183,42.79713177348094
606,52144.0,52287.7211996244,52187.5263378679,52281.1650420318,52294.05080370032,200.0,18.03474869019192,189.68233065291133,132.6587531960904,51.597465859777
607,52624.0,52307.456385312136,52594.84035786032,52482.40631624378,52353.15080974511,312.0,20.859727057359123,261.5158092939855,130.4444323338721,45.55754653204713
608,52768.0,52329.44065373912,52710.55795645587,52542.05390669954,52385.16589676441,-216.0,22.442451756644004,-171.49261912508882,-53.325456194466824,12.873381857520144
609,52192.0,52352.341288825424,52251.85511961014,52375.75540385485,52378.89757346015,-184.0,22.680263381193072,-159.42723879502228,-74.42080091727257,3.0765553687488136
610,52400.0,52374.801180501505,52391.70347886583,52393.212304864996,52391.31900750191,144.0,21.617843432115478,98.36575358483242,14.063053442645469,11.987384416854184
611,52480.0,52395.576975689655,52448.586626779805,52403.88151074014,52402.87234229386,-136.0,19.41493080611326,-100.18371818701416,-27.390038754783745,7.6969519066406065
612,52128.0,52413.63104211373,52191.3360424918,52338.43222735543,52406.71291131519,64.0,16.31824183925346,59.429628171012155,39.766830293003295,17.77621458709109
613,52608.0,52428.21345936816,52567.44588312183,52483.415171326145,52438.42477146804,208.0,12.624895260159974,173.33925623916366,82.69052963378999,23.233098726253957
614,52544.0,52438.88083263405,52538.01455497013,52503.81328662301,52453.1791087677,-88.0,8.657639663870214,-59.35855330105551,0.3047586083666829,10.213292738044402
615,52432.0,52445.5287386959,52448.72877651972,52484.02468854288,52458.85135694413,-8.0,4.753395794701646,-5.641895851800655,6.223746191310056,7.014816023631283
616,52528.0,52448.387624223455,52526.730763266525,52516.26077900563,52467.20874081496,88.0,1.223279219113465,71.65580307944401,26.366479965567123,5.31782091158675
617,52608.0,52447.97529713413,52592.040382678606,52536.75764847401,52469.4869987673,-16.0,-1.6522776323763537,-14.488467194911209,-15.124306294608687,-4.64739210929838
618,52496.0,52445.0830689587,52497.7538288767,52486.01216641641,52457.91395659636,-88.0,-3.63966967185479,-85.5174094183858,-55.73939884940046,-13.477344341117714
619,52432.0,52440.69595779042,52421.005563841834,52425.27885077521,52442.532310085066,-160.0,-4.577574478997121,-131.7204458256856,-64.09389025359633,-14.855031007045909
620,52176.0,52435.92792000071,52234.31293722533,52357.82438590922,52428.20389458227,136.0,-4.36895968902536,104.8720595101513,23.45772808861875,-1.718220773680514
621,52704.0,52431.95803841237,52630.74968286214,52472.19430695245,52439.095868537705,48.0,-2.9932670370435517,30.185159947475768,-1.5329254805401433,-2.3532326176791685
622,52272.0,52429.94138592662,52294.68325712028,52354.75853494814,52423.49742934691,-280.0,-0.512892053458927,-222.65014014043481,-76.05650453024646,-8.02356772344865
623,52144.0,52430.93225430545,52185.44940258127,52320.08129789196,52423.04873309081,112.0,2.9312388444413955,98.0131583673101,53.363411889797135,13.503740398435184
624,52496.0,52435.8038636155,52490.7095738549,52461.48535872773,52450.50491014378,328.0,7.11418105766279,278.8080405481669,124.14674019964514,25.1814225601629
625,52800.0,52445.16061642078,52743.0654836776,52568.37477829125,52473.41157821113,-48.0,11.72937162096423,-32.31667178930729,-8.923191290861723,6.5772469779112726
626,52400.0,52459.26260685743,52426.07623027629,52443.63897614601,52463.659404099606,-208.0,16.405362204215635,-186.60810201985078,-102.9163140722303,-6.569203906550683
627,52384.0,52477.97134082921,52369.8492796379,52362.542150146786,52460.27317039803,-120.0,20.73061784692618,-126.98055244887291,-91.82575092583647,0.4274248183282907
628,52160.0,52500.723842551284,52172.11512537854,52259.987474294336,52464.51425373626,-160.0,24.295222017626656,-137.15852736665693,-52.560938705275476,19.46679602504446
629,52064.0,52526.56178486446,52095.532224904586,52257.420272736235,52499.20676244812,72.0,26.74293002352715,81.0782240489716,94.14293481001368,56.452846834265074
630,52304.0,52554.20970259834,52334.271573476486,52448.27334391436,52577.41994740479,440.0,27.81833786482821,395.6732587704064,262.9897431353056,91.88418232691401
631,52944.0,52582.19846059412,52886.8787424454,52783.39975900685,52682.97512710195,248.0,27.397275898620137,261.42483837982945,254.8262945959068,92.50393605224963
632,52800.0,52609.00425439558,52857.121250236145,52957.92593310618,52762.42781950929,488.0,25.50667851179969,462.4151369160754,253.48914065242207,77.57408338280948
633,53920.0,52633.21181761772,53811.70901627755,53290.37804031169,52838.12329386757,152.0,22.301233773578133,123.43934839855501,17.64112736135212,21.601639051652455
634,53104.0,52653.606721942735,53103.999947033255,52993.20818782888,52805.6310976126,-888.0,18.020989499902498,-791.4656596036475,-352.56575856836207,-47.41064137433932
635,52144.0,52669.25379661752,52228.777697070254,52585.24652317497,52743.30201111889,-272.0,12.972815845056175,-284.45031800012293,-187.3384030664347,-32.36398593776539
636,52560.0,52679.55235363285,52535.09931103301,52618.53138169601,52740.903125737066,200.0,7.491466359511833,181.81816912780778,62.550549369050714,6.646270905031997
637,52544.0,52684.236729336546,52592.41403532587,52710.34762191307,52756.59455292895,352.0,1.9195891641102207,326.89187856840726,174.99005117359047,26.321154838333314
638,53264.0,52683.39153196107,53188.883068169824,52968.51148404319,52793.54543541373,216.0,-3.388476752275892,193.3773960468825,110.41960415172434,13.428154255467234
639,52976.0,52677.459775831994,52979.168827419635,52931.18683021652,52783.45086143989,-248.0,-8.071929790046852,-193.8701036520215,-59.73123871842108,-19.722030901852122
640,52768.0,52667.247672380974,52801.14286086578,52849.04900660635,52754.10137361003,8.0,-11.770419826370926,-12.311662224932661,-41.613320306994865,-30.044419149358873
641,52992.0,52653.91893617925,52954.54550296977,52847.96018960253,52723.36202314117,-16.0,-14.170568080229714,-33.86984304717771,-73.10872220255624,-44.17124931179933
642,52736.0,52638.906536220515,52733.403174771425,52702.83156220124,52665.75887498643,-256.0,-15.08030226180199,-234.12645434122533,-161.7128463006702,-61.1152044054179
643,52480.0,52623.75833165565,52486.29259428732,52524.53449700119,52601.131614330334,-224.0,-14.470000795652595,-215.647609047508,-156.02981669946166,-58.57067993957753
644,52288.0,52609.96653462921,52302.10795667641,52390.771928802315,52548.617515107275,-120.0,-12.505571307261562,-113.64485422888174,-82.37660379771478,-39.483223467697826
645,52240.0,52598.747189041125,52259.002885829555,52359.78128940576,52522.16516739494,48.0,-9.575525272925006,51.90935830093076,28.900005306320963,-12.344089342586813
646,52384.0,52590.81548408336,52405.92667327827,52448.57193941496,52523.9293364221,296.0,-6.244128559479577,256.5571538400545,121.07661971668131,8.760635848266247
647,52832.0,52586.258931922166,52772.117193509665,52601.93452883912,52539.68643909147,64.0,-3.1561755924594763,66.77648777969807,38.32985384371932,1.141424623940111
648,52512.0,52584.50313289844,52539.47964883767,52525.231647102395,52526.21218566998,-96.0,-0.938942424589186,-95.23930048365219,-70.08705818553062,-12.763644137987285
649,52640.0,52584.38104707299,52581.63859254236,52461.76041246806,52514.159150815496,-488.0,-0.08872090597287752,-447.594310508277,-152.59102840030027,-18.345077313708316
650,51536.0,52584.325691086495,51644.29102782111,52220.049590301795,52489.522031042565,200.0,-0.8824442543191253,197.01080848587662,100.3139729846298,23.03898177919109
651,53040.0,52582.61615856435,52975.66020951411,52662.38835843732,52560.23711437388,680.0,-3.3188636050945206,614.7132120868155,253.53294735417876,46.726939050011424
652,52896.0,52577.687963876306,52873.717451994744,52727.11548501015,52582.97590914259,-256.0,-7.101645780396211,-213.35549754565363,-19.715130922086246,7.087590225841268
653,52528.0,52568.41286700356,52548.949214422806,52622.958096593145,52574.41229482556,-264.0,-11.677932819831767,-220.02216545791816,-56.67834012043386,-6.242999575752037
654,52368.0,52554.33209823664,52433.67312107891,52613.758804769284,52570.48990999108,312.0,-16.335869856222416,268.9267649828507,113.68011056078467,6.202110665075452
655,53152.0,52535.74112729111,53086.80274438851,52850.318317714715,52586.81651615571,320.0,-20.293698623558157,271.3060923199009,85.71867180278423,-11.93256802758333
656,53008.0,52513.744700989526,52976.28530571871,52785.19614837485,52546.62477393592,-296.0,-22.81026391053456,-269.09091007624374,-176.52409515243562,-63.26050352300081
657,52560.0,52490.12059947004,52548.62092423602,52497.27012740984,52460.29550910971,-528.0,-23.33332952114506,-506.40322912229385,-319.2909572600911,-91.31448937072128
658,51952.0,52467.078041947236,51963.47884747412,52146.61423385467,52363.995795194474,-560.0,-21.58305834168641,-505.9043705715958,-253.34877662783765,-75.69992415551314
659,51440.0,52446.95448278667,51536.81218309283,51990.57257415417,52308.895660798684,472.0,-17.601539140112436,417.8544849861064,119.24462737658541,-11.65535135585742
660,52896.0,52431.87496366701,52799.187817446335,52385.10348860784,52340.68509248276,472.0,-11.761710925235093,417.8544876819069,139.08265875759025,4.023686308217293
661,52384.0,52423.4310609362,52372.52115845664,52268.73789166935,52316.94303341512,-592.0,-4.7200220490049105,-503.39080017764354,-173.99665110382193,-27.09490739688772
662,51712.0,52422.434919569,51792.40621709105,52037.1101864002,52286.495277688984,-168.0,2.6901830028073164,-158.7539224391876,-69.07261206904877,-1.7229918416815053
663,52048.0,52428.811426941815,52055.01331357827,52130.59266753125,52313.497049731755,360.0,9.59497144681518,297.6736643785662,134.7788148966756,40.27662452935692
664,52432.0,52441.62486246263,52387.75354584818,52306.66781619355,52367.0485267477,96.0,15.217511665723578,111.50796151082614,113.40905675906833,50.30390335332413
665,52240.0,52459.24645027326,52278.02923659992,52357.41078104939,52414.104856438404,64.0,19.014069782286242,80.42187375135109,109.44835538053667,55.761572512630664
666,52560.0,52479.653002027204,52548.59729335088,52525.56452695462,52478.57167177296,224.0,20.762879606510978,213.55452350535415,150.93600938254167,60.395398923203174
667,52688.0,52500.772209486284,52705.13828361063,52659.28279981447,52534.89565428481,280.0,20.58326629990188,242.23240831289877,119.35967276708107,48.668765226088
668,53120.0,52520.81953462701,53033.06210997668,52764.283872488784,52575.909202225135,-376.0,18.91356209912192,-330.4236356254878,-72.8569910812912,13.809008051583078
669,51936.0,52538.59933368453,52044.29101235965,52513.56881765189,52562.513670387976,136.0,16.402854375155584,125.32344102887146,38.06935398904534,17.930151682241558
670,53392.0,52553.62524337732,53283.70899203442,52840.422580466875,52611.76950558962,192.0,13.760859091842576,186.4660860698168,51.06505304842722,10.244310481124558
671,52320.0,52566.12105186821,52417.223184499286,52615.69892374874,52583.002291350225,-240.0,11.612007690266182,-217.85449623433306,-76.87419484376369,-15.617099671886535
672,52912.0,52576.84925875785,52847.999999565756,52686.67419077935,52580.535306245845,176.0,10.34727239431595,110.77681289525935,-41.687637579718285,-19.040219792084827
673,52672.0,52586.815596656845,52638.776810289804,52532.32364858931,52544.921851766056,-472.0,10.048404830675281,-413.5939124062679,-224.18871789538753,-41.96736189148578
674,51968.0,52596.9460684192,52020.81217475322,52238.29675498857,52496.600582462874,-360.0,10.49943133706256,-315.648987191169,-158.87851610644793,-21.891240180040768
675,51952.0,52607.81445933097,52007.47883590747,52214.56661637641,52501.139371405974,360.0,11.259931227094057,286.36662073496336,107.55316957604373,31.99575751339944
676,52688.0,52619.46593087339,52593.54541622315,52453.40309414066,52560.59209748967,72.0,11.807329869126988,91.48788138799137,121.53802483458276,53.082330958182865
677,52096.0,52631.429119069224,52190.45459868345,52457.642666045576,52607.30403332234,176.0,11.71634402737618,195.23219287422398,185.0609049277009,72.2771374987824
678,53040.0,52642.89861892814,52984.009801971595,52823.52490399606,52705.14637248724,408.0,10.775314959108073,387.5541961494673,257.6446899485127,81.09965778926198
679,52912.0,52652.97974898744,52965.562990982384,52972.9320459426,52769.503348900864,264.0,9.066397261511156,249.36814392272572,179.8731649178444,57.23214385866959
680,53568.0,52661.031413451165,53482.74608981705,53183.27123383175,52819.61066020458,128.0,6.94960487175922,90.91354791991034,17.97480480502054,12.687844313939422
681,53168.0,52666.87895873096,53147.390086822204,53008.88165555264,52794.87903752874,-544.0,4.944392448658618,-482.2671468252556,-253.9487505027828,-43.38767079939498
682,52480.0,52670.92019834848,52518.211796166535,52675.373732826185,52732.83531860579,-424.0,3.599457025065931,-394.25773188157837,-235.8210563133689,-49.40195299266634
683,52320.0,52674.07787278109,52358.87462305905,52537.239542925905,52696.07513154341,48.0,3.3351674013974844,35.03594218775106,-29.51441843732755,-17.95643048520651
684,52576.0,52677.59053315128,52588.28368054204,52616.34489595153,52696.92245763537,352.0,4.304782858082035,290.8274601931844,99.27780100138989,6.89344897373303
685,53024.0,52682.687438497254,52940.52954344542,52735.795144928685,52709.862029490876,-72.0,6.348998300512903,-65.10641986951669,-24.652178558499145,-2.767326669953036
686,52432.0,52690.2885297523,52458.070840803004,52567.04053883453,52691.38780429547,-432.0,9.034975060454599,-352.10449862739915,-101.2343366768946,-5.504834980634769
687,52160.0,52700.75738861816,52236.32054619062,52533.326471574896,52698.85235952961,440.0,11.729047275184712,377.3251998735577,152.94916852781898,34.40717321061675
688,53312.0,52713.74662430267,53212.72124055012,52872.93887589017,52760.2021507167,288.0,13.724237368918693,262.5341335772209,120.08184226035519,33.75989872292848
689,52736.0,52728.205863356,52761.38881334506,52773.490156095606,52766.37215697546,-392.0,14.381685956213914,-324.388360479752,-80.7036417467607,7.688614107537433
690,52528.0,52742.5099962151,52563.944519590616,52711.53159239665,52775.579378931776,-24.0,13.239351335440006,-17.721695801352325,29.807232499370002,21.58619090290449
691,52688.0,52754.68456602688,52725.945421742355,52833.104621094346,52809.54453878127,472.0,10.098853430819872,409.2892521757676,194.12533924486706,40.04238678855472
692,53472.0,52762.70770307674,53382.52302394215,53099.78227088638,52855.664152508885,152.0,5.049849221588374,151.63148059831292,80.56878523523119,15.302821353059699
693,52992.0,52764.78426447006,53029.20838293898,52994.24219156481,52840.15018148739,-184.0,-1.5307122511258058,-167.27272630824518,-104.4189835391735,-23.106461947125354
694,53104.0,52759.64627857449,53047.97757132566,52890.944303808035,52809.451228614635,-504.0,-9.043880713841645,-468.45868125699417,-209.82573585275895,-45.42639144202258
695,51984.0,52746.696503042374,52092.29102042499,52574.59071985929,52749.29739860335,56.0,-16.749600769904646,35.717720419703255,-21.058224019096087,-21.888960081123514
696,53216.0,52726.14707703468,53119.41301216507,52848.82785576984,52765.67330845239,336.0,-23.87360505495235,301.35360964201027,90.65106379547433,-6.140424728335347
697,52656.0,52698.94929293247,52694.99823970901,52755.89284745024,52737.016549146676,-304.0,-29.72862634343619,-229.4235739109754,-42.9885845944882,-24.60593184838217
698,52608.0,52666.689824347806,52660.565864343116,52762.85068658087,52716.46144475562,280.0,-33.785719910025364,228.3969463496869,84.38318242106106,-15.132032153269392
699,53216.0,52631.37785311242,53151.79213240839,52924.65921229236,52706.75248484014,216.0,-35.77887703257511,170.18693010718926,16.138131857671397,-35.171335673479916
700,53040.0,52595.132070282656,53000.939724557495,52795.12695029621,52646.11877340866,-552.0,-35.74598366738428,-485.50190648113494,-251.96878684804324,-80.32777276104389
701,52112.0,52559.88588577765,52180.78831944612,52420.721638596275,52546.09693931805,-344.0,-34.02797951156026,-336.86168646305305,-220.0444924018011,-78.31698712470825
702,52352.0,52527.076111259536,52327.21635163139,52355.03796549261,52489.48479915925,56.0,-31.222459938835527,22.509790342199267,-64.16469035736372,-49.73790020083834
703,52224.0,52497.44096589998,52225.807900130516,52292.39225788155,52446.62113891637,-136.0,-28.08280521686538,-92.36895084831121,-28.449578670290066,-31.73260329705954
704,52080.0,52470.910500825805,52142.478449934766,52298.13880815203,52426.01959256513,296.0,-25.385941125419777,254.38553763042,114.81595434649716,-3.300566722988151
705,52816.0,52446.66908364914,52734.578975391356,52522.02416657454,52440.0200054704,176.0,-23.78778801471708,159.6726642610338,76.89744170978156,-4.798586821209028
706,52432.0,52423.33492479637,52461.823778456834,52451.93369157159,52416.42241892271,-136.0,-23.697114098824386,-123.63630465036113,-60.123629217152484,-24.3764656015519
707,52544.0,52399.27485545149,52487.306366090634,52401.77690814024,52391.26707426729,-320.0,-25.179326035628037,-280.76650302633425,-121.26832936123174,-32.79199094205251
708,51792.0,52372.976272725115,51900.290772404165,52209.39703284913,52350.838437038605,40.0,-27.912356292046752,36.04660843645979,16.318641133446363,-12.486715376759093
709,52624.0,52343.4501428674,52559.39958296355,52434.41419040713,52366.293643513774,312.0,-31.23953864552459,277.2793063883437,130.22425276157082,2.569888650858047
710,52416.0,52310.497195434065,52454.84938518085,52469.84553837227,52355.97821434032,80.0,-34.27674714591194,89.69672812154386,62.354117151273385,-13.316518456435006
711,52784.0,52274.89664857557,52738.79303920664,52559.122424709676,52339.660606600904,96.0,-36.06848002706465,57.908850058993266,-23.161901307750668,-38.534577409373014
712,52608.0,52238.360235379936,52570.66708529884,52423.52173575677,52278.909059521575,-416.0,-35.79111005681989,-375.61517941609054,-227.83982107452903,-77.2060941032505
713,51952.0,52203.314428461934,51987.56268037446,52103.44278256062,52185.2484183944,-416.0,-32.91455319493252,-384.4663510496175,-244.3575619158437,-81.99822020744978
714,51776.0,52172.53112899007,51801.734383199604,51934.80661192508,52114.912619106675,-48.0,-27.33954538888065,-57.156381176821014,-89.2328646729984,-53.39016833239657
715,51856.0,52148.63533768417,51873.24991802082,51924.97705321462,52078.46808172961,200.0,-19.459015153712244,157.76512492530674,24.658967896855756,-25.32113329058484
716,52176.0,52133.61309868265,52117.26463305022,51984.12454771879,52064.270352525506,-56.0,-10.121340785186476,-49.66211971953089,-36.790231636437966,-19.78421157782941
717,51744.0,52128.3926561138,51773.925678581756,51851.396589941745,52038.89965857395,-232.0,-0.526824310880329,-193.71056155969563,-79.02966280616965,-10.625711022854375
718,51712.0,52132.559450060886,51729.843509930826,51826.06522210645,52043.0189304798,64.0,7.9641903959236515,45.135381003179646,31.701243217929004,20.670218429833767
719,51872.0,52144.32103690565,51864.196440588115,51914.7990763776,52080.24009543362,80.0,14.058204480519635,95.33513359788049,110.13339245995667,47.63316972550456
720,51872.0,52160.675859021925,51920.51377712659,52046.332007026365,52138.285269930806,376.0,16.732620535036403,343.60367270616916,218.69893416194463,71.35943799372762
721,52624.0,52177.78627797572,52551.403786000454,52352.19694470149,52222.958971421074,232.0,15.437348222643777,223.19148834137013,169.9634100258736,64.62165006131909
722,52336.0,52191.55055546721,52366.89675380933,52386.25882707811,52267.528570053444,-64.0,10.213877542937553,-30.0232631444851,59.191295915676164,41.14602713504428
723,52496.0,52198.214033061595,52491.35725971148,52470.579536532845,52305.25102569116,120.0,1.7146058245707536,101.24680445958802,71.61047772115853,28.185006922274624
724,52576.0,52194.979767116354,52569.3903627285,52529.47978252043,52323.89858389799,40.0,-8.866482182878826,44.98491665952679,35.64013724779943,6.042487401733524
725,52576.0,52180.48106869584,52581.32709303054,52541.859811028444,52317.33600049463,64.0,-19.962361131987564,38.57219545474072,-4.690065977767517,-19.49578337863568
726,52704.0,52155.05504485238,52646.534753637985,52520.099650564895,52284.90701714072,-272.0,-29.862428112115595,-222.11857120264176,-113.71033518110562,-53.38363249686881
727,52032.0,52120.756212471606,52137.08995062525,52314.43914066623,52210.56873550089,104.0,-36.97242181495676,78.58714329255235,-64.44093956554207,-65.40984486478555
728,52912.0,52081.110201222466,52803.70904022309,52391.21777143381,52154.08732741115,-96.0,-40.049131318774016,-145.55770145062343,-183.6124835155133,-94.37704171918449
729,51840.0,52040.65794983406,51845.97454772401,51947.214173635206,52021.81465206252,-808.0,-38.37625772510728,-719.7219548941539,-390.3965109810051,-123.18194274550115
730,51296.0,52004.35768577225,51364.26513043478,51610.4247494718,51907.72344192015,-128.0,-31.859525274256157,-140.38376511531897,-179.5770494275057,-83.50503804636901
731,51584.0,51976.938899285546,51565.20701749337,51588.060074780195,51854.804575969785,152.0,-21.026566481123155,106.97697452542343,-20.334637301508337,-39.37863715187268
732,51600.0,51962.304552810005,51578.21907948563,51569.75547486878,51828.9661676164,-128.0,-6.93317228813612,-95.89254057958169,-33.426862477015675,-14.390099972562894
733,51328.0,51963.07255470927,51373.421936334205,51521.20634982616,51826.02437602466,8.0,9.002412772664684,22.312538519588998,48.05404987045404,21.95942720949097
734,51616.0,51980.309378355334,51622.84415652481,51665.86357460969,51872.885022035385,328.0,25.188048820520635,283.64300281465694,169.58901208838142,59.7048971124932
735,51984.0,52013.448652350315,51940.70794196352,51860.384374002926,51945.434170249646,72.0,40.070654070717865,101.40349525629426,132.71298639469387,70.62085672674584
736,51760.0,52060.45068649677,51825.651147037395,51931.28954739908,52014.12673548888,336.0,52.32847569171645,303.50056863559075,156.54994709569291,81.39890201367234
737,52656.0,52118.10560373375,52547.7090792347,52173.48426819431,52108.23197427699,-168.0,61.00588113176855,-146.68015660262972,0.93685489238851,66.71683750196462
738,51424.0,52182.46244876031,51532.290833832136,51933.163257183856,52147.560410492806,-272.0,65.60723140916161,-217.85443471594044,14.260617581472616,75.50645674045518
739,52112.0,52249.32006655207,52112.00020980282,52202.00550335726,52259.2448877579,736.0,66.13067567428152,641.6610763333083,313.8449978520257,119.04672165299053
740,52896.0,52314.72380010887,52815.61298649875,52560.85325288791,52385.65385379879,200.0,63.03882286702719,220.59927291389613,191.27437597460812,100.89165873082675
741,52512.0,52375.397712286125,52553.19875563061,52584.55425530647,52461.028205219554,-88.0,57.156146180237556,-56.42045271509414,59.9781300718023,72.82576168174273
742,52720.0,52429.036092469345,52702.772081068564,52680.80951303151,52531.30537716227,64.0,49.56938166719192,63.43373078078366,76.66001424079514,60.842440800832264
743,52640.0,52474.53647562051,52680.06621719218,52737.87428378806,52582.71308682122,192.0,41.46406727604699,177.6252220844981,106.00191265058675,48.54336400000466
744,53104.0,52511.96422702144,53058.02252523756,52892.813338332686,52628.39210516228,184.0,33.93032072021742,148.06893423317888,49.3457237109651,21.89862359918334
745,53008.0,52542.397117060944,52976.20408565854,52836.565731209994,52626.510334019586,-272.0,27.828165492155676,-240.79801128631516,-141.9647415176987,-20.956254441724013
746,52560.0,52567.62055800575,52576.42650266493,52608.88385529729,52586.479596278834,-336.0,23.65862069611103,-317.64506966895715,-203.23994826406124,-38.70675792680413
747,52336.0,52589.714358453166,52340.91394632062,52430.08583468187,52549.09681816598,-232.0,21.4880607490486,-210.94282474119973,-131.75510327448137,-26.727937204559566
748,52096.0,52610.59667950385,52154.54085318253,52345.373648748326,52533.023721869715,112.0,20.935571045221877,106.33117277457859,39.97463844061349,5.778089797222492
749,52560.0,52631.58550054361,52553.57629186978,52510.0351115631,52560.65299776042,440.0,21.21199339580926,366.9168980361537,139.67901859632548,27.66192577872789
750,52976.0,52653.020666295466,52888.37464925484,52624.73168594098,52588.34757342717,-264.0,21.253586918355722,-217.81311818054382,-60.93758265163342,8.31195433810717
751,52032.0,52674.09267438032,52117.95005550869,52388.15994625983,52577.27690643664,-264.0,19.883327036179253,-226.1895943629097,-58.49176655122574,16.19317833129753
752,52448.0,52692.787320367825,52435.99546052902,52507.748152838525,52620.733930089766,288.0,16.007217303205834,258.0227076654155,149.46228299795257,52.09372015761619
753,52608.0,52706.10710898673,52633.99547083952,52687.08451225574,52681.46434675187,352.0,8.833177440275904,327.97736450812226,218.8786155450798,64.4036339997001
754,53152.0,52710.45367524838,53091.95018954526,52945.505383928685,52749.541198089166,144.0,-1.9677412163437111,157.70566643207349,155.17356363728686,47.953911241751484
755,52896.0,52702.171626554045,52949.40680370367,52997.43163953031,52777.37216923537,120.0,-16.155516478025675,124.49063267675228,102.64207536678805,21.899579607976193
756,53392.0,52678.142642292325,53340.93145489877,53150.78953466226,52793.34035730512,184.0,-32.89800059436675,136.18192568892482,32.75266246307365,-13.964794064995658
757,53264.0,52636.37562536531,53221.77065508152,53062.93696445646,52749.44258110538,-504.0,-50.84916284657447,-424.32032185863136,-188.38408797757074,-69.62564714447217
758,52384.0,52576.444316599176,52492.290811181505,52774.02135870712,52654.089063016174,-56.0,-68.31119267049144,-78.0573244776424,-93.9049263957786,-81.84906493839662
759,53152.0,52499.75324002433,53065.656006126235,52875.1271116649,52585.74445122859,160.0,-83.48249343294083,125.68955951001044,-37.3306912097687,-96.65738922615492
760,52704.0,52409.479329733294,52743.669930201526,52699.35997628758,52460.774284563864,-136.0,-94.69408017732712,-123.63642491706923,-178.08714723352386,-137.13145243653344
761,52880.0,52310.365079669675,52818.3831562921,52518.95281719785,52311.48154635552,-432.0,-100.64865325503342,-451.8349604205723,-389.9182708883782,-177.71866089056493
762,51840.0,52208.18202322323,51840.00000936038,51919.523434510826,52105.336962782734,-976.0,-100.60581693583663,-893.204884598319,-530.6801450340427,-192.87773543364892
763,50928.0,52109.153445798,51031.97338709546,51457.59252712977,51925.72607548822,-128.0,-94.43816728390084,-154.87393434746627,-197.13464381617086,-129.7245835201029
764,51584.0,52019.305688655426,51530.25214066545,51525.254146878484,51845.88779574253,272.0,-82.63511532451594,229.53945689723696,38.28869318795478,-66.74388995856498
765,51472.0,51943.88321514897,51491.05230088993,51534.16991350568,51792.23829557109,32.0,-66.1991307666649,56.06166467416551,40.00072338002792,-37.63758539288392
766,51648.0,51886.907427122096,51642.37547001378,51605.25559363854,51770.61262495676,152.0,-46.47736536414959,123.2005191927492,49.71347695213626,-15.495039366491255
767,51776.0,51850.92848442067,51737.45333927543,51633.59686740995,51761.24821683811,-112.0,-24.973987473898887,-97.65543436117514,-42.86029252361914,-10.10199727674626
768,51424.0,51836.9594521743,51447.06460129143,51519.5350085913,51750.40863040327,-192.0,-3.18572013197263,-175.0657315268545,-66.29435452299731,5.480845085319743
769,51392.0,51844.557044156725,51387.32187622172,51501.008158363955,51772.20990700875,-104.0,17.56990645820406,-83.13334396109349,35.977228954630846,40.81177195592318
770,51216.0,51872.09926509071,51280.79791336924,51591.48946650056,51832.032174315114,584.0,36.247513845362846,536.3107285285332,278.2260413868935,90.62387602211675
771,52560.0,51917.05207184745,52459.94333327879,52057.46024113774,51953.45765905298,368.0,52.1120311861996,360.01696176868427,214.70089520604597,91.09836769051981
772,51952.0,51976.323327463106,52000.83183690661,52020.891256912655,52014.228909696154,-272.0,64.7545406780082,-214.9523118391371,-2.123355768755573,63.8826961279774
773,52016.0,52046.56115320347,52030.038709600514,52053.21352960023,52081.22305130894,152.0,74.04355141678752,99.40042069647461,50.92903748769095,70.25529417823418
774,52256.0,52124.41043029668,52199.63267829956,52122.74933188804,52154.73949805262,-152.0,80.06412736870698,-112.24263980316755,2.9104682318211417,68.45342164631074
775,51712.0,52206.68940794088,51805.55342999418,52059.03446606387,52218.12989460156,64.0,83.05128837810844,85.84352694655536,109.80236720777611,88.69689127901802
776,52384.0,52290.5130070529,52371.31973219267,52342.35406630359,52332.13328061066,576.0,83.33451926366251,490.2093378808131,262.49663339151084,111.41005003963073
777,52864.0,52373.358446468206,52785.972105755805,52584.027732846895,52440.94999468082,-24.0,81.29181498711114,24.51290234215776,101.68753296674913,87.66421380420434
778,52336.0,52453.09663702712,52420.34553687699,52545.72913223709,52507.46170821907,64.0,77.3315132036987,56.101115506113274,66.56596550874019,75.08479894919947
779,52992.0,52528.021472875604,52898.17433676803,52717.159663864375,52591.11959257922,8.0,71.89033531233872,8.70048373120153,34.01036355947144,63.61386398911418
780,52352.0,52596.8773076518,52437.74650433939,52613.74985935603,52634.689436197295,-48.0,65.42470733437585,-31.695310731698555,27.465125169666862,57.704315427941765
781,52896.0,52658.870887544355,52834.783715304635,52772.08991420371,52706.5282234351,96.0,58.408784108843975,90.95578748840126,96.38501194953642,62.365198409559525
782,52544.0,52713.694875869485,52619.65807931619,52806.5198832551,52759.419833016414,328.0,51.31631239365015,308.1175871253399,165.68991067894603,63.662601232135785
783,53552.0,52761.503512331656,53451.018889555315,53103.4697355616,52833.853425899375,216.0,44.56685189785276,181.50243148287336,72.68472008729805,38.52626417792635
784,52976.0,52802.82857966519,52982.66294228194,52951.8893234297,52836.47236137227,-528.0,38.50207043140108,-435.0412358636677,-163.63575041705553,-4.357446458492632
785,52496.0,52838.50765319446,52580.93641782798,52776.19823472749,52825.13853298239,64.0,33.35907555529411,22.955564685918944,-35.59197133846101,5.123098259242397
786,53104.0,52869.54673077578,53028.57407165378,52880.70538075278,52846.71855789075,112.0,29.23493604991745,70.50801209466954,-7.14016359832749,8.715952802896936
787,52720.0,52896.97752529429,52721.95244201732,52761.917907530835,52842.57043858818,-376.0,26.096039224343258,-296.8594195498481,-97.82851945651782,1.980402626842988
788,52352.0,52921.738809224466,52434.85523255408,52685.04834183974,52850.67936314444,208.0,23.81246790440855,182.3352509657925,89.65460522877038,33.04289271347807
789,53136.0,52944.60246110311,53086.6229439489,52941.227117988376,52908.65622401514,416.0,22.212790875899373,349.7261334807481,158.79233514282532,46.60967207145586
790,53184.0,52966.164390976264,53134.30749951558,53002.63301212539,52943.89870728735,-264.0,21.140359054898,-200.7779468554436,-29.277599800287135,23.237418636577786
791,52608.0,52986.883179212906,52685.067050238016,52882.6719183878,52955.131061288295,-96.0,20.482921931496094,-63.90519808746831,17.374865456309635,28.588907065361127
792,52992.0,53007.13023483926,53006.49710334064,53037.38274303801,53001.07652141807,472.0,20.214049763333605,393.9155698058348,177.40219616921968,46.399286200678034
793,53552.0,53027.31127873957,53472.898189849686,53237.47631072624,53047.92963368965,72.0,20.373154446737317,70.89203575746433,42.8317230513494,21.649593956062745
794,53136.0,53047.87654373273,53148.28117485557,53123.04618914071,53044.3757093302,-304.0,21.01650499124662,-263.2111407162738,-120.90702701517876,-8.13513889294336
795,52944.0,53069.344288722066,52946.47590841714,52995.66225669588,53031.659355903765,-208.0,22.190388778089982,-189.4257243527427,-101.55280409688203,-8.33338563124562
796,52720.0,53092.25732128891,52769.42972615008,52919.940580946946,53027.708938067706,80.0,23.880051579984865,70.10244848336151,24.248614724539948,11.435029067328287
797,53104.0,53117.104391882036,53086.68080538386,53044.15948614496,53054.52941403842,272.0,25.97340927796904,230.6551061530772,94.2986482704946,24.346946672638296
798,53264.0,53144.20413984485,53230.73993845624,53108.537877487935,53076.40283141298,-24.0,28.255157967654668,-22.241174646449508,-13.352669913059799,12.493558945207042
799,53056.0,53173.614707817345,53042.19845609096,53017.45414631884,53079.516531928835,-296.0,30.436514351236838,-257.5492019104604,-110.35665800966672,4.289527112294309
800,52672.0,53205.07716854732,52715.64153463532,52887.8245614686,53084.98188563757,-136.0,32.21311163231803,-108.34924827907889,-21.71730411594035,26.11444799061428
801,52784.0,53238.04093108198,52825.499959532804,52974.01953808696,53131.745427910064,360.0,33.31384200625325,317.3582225615137,181.2047456618384,64.15081366799859
802,53392.0,53271.70485255983,53350.357979758344,53250.23405279228,53213.28351297357,344.0,33.57267807481912,316.6479190172722,205.3315411014555,72.6022607121813
803,53472.0,53305.18628723162,53458.79579756735,53384.682620289874,53276.94994933443,16.0,32.977356562587374,42.416805645727436,90.78987764253179,53.91393382757815
804,53424.0,53337.659565685004,53435.1915910498,53431.81380807734,53321.111380628725,24.0,31.65606161616597,32.3537487314461,51.038091826136224,39.01700032573717
805,53520.0,53368.49841046395,53523.50329503024,53486.758803942146,53354.9839499859,128.0,29.865884218688734,105.8281791316549,38.32439783588052,25.62176685646773
806,53680.0,53397.39133412238,53646.84794931311,53508.4626037491,53372.35491434166,-24.0,27.937966408306238,-42.41559915160542,-64.06489831849467,1.9887100728446967
807,53472.0,53424.374343280564,53438.67209672703,53358.62900730516,53358.96137013159,-552.0,26.196311792093184,-481.278484256447,-206.51909279136453,-19.0454757034895
808,52576.0,53449.78395770657,52684.290980800215,53095.424418166374,53334.26396293468,56.0,24.899677674718987,37.96715529654102,-3.4923800555916387,13.215790949823713
809,53584.0,53474.17369863,53514.60640732011,53351.64424719397,53385.39295203124,384.0,24.21267458022703,338.91721120368675,140.04195262458234,41.19863669811821
810,53344.0,53498.20930686702,53362.12540320759,53375.50832341554,53416.66123633092,-104.0,24.1519184171666,-61.853988074570225,39.61823792933865,34.901346116224886
811,53376.0,53522.477535464335,53390.89843117097,53430.88072305265,53455.19564426369,112.0,24.6076167191859,103.26518381824644,82.8127611634336,42.494190145953326
812,53568.0,53547.424540305394,53568.65577084408,53541.133845742406,53501.649616622824,216.0,25.408633839742834,181.0361938935348,96.82004556096217,43.13645319028001
813,53808.0,53573.29480314382,53752.97081895804,53624.520814174575,53541.46855064425,-128.0,26.335848275026365,-90.83085709581064,-8.352624480543454,26.49236155363178
814,53312.0,53600.09623685545,53386.99405665246,53524.42859678132,53554.63433973009,8.0,27.167352742373623,8.993520956704742,6.1220809974074655,25.29750607234746
815,53824.0,53627.62950862857,53770.95786087145,53636.76497616939,53592.06356278894,176.0,27.726636350584158,118.75310857624936,18.718867472758575,25.83240119830225
816,53664.0,53655.549509556615,53624.50027380496,53561.86633172684,53606.29914212669,-488.0,27.904457882650604,-407.33343763228913,-125.9654785791281,11.350536444086174
817,52848.0,53683.43842439387,52956.29098560687,53384.834019011134,53614.764635677115,216.0,27.658115131001978,189.1892381116304,91.38469678986075,46.80372533427362
818,54096.0,53710.86573981862,54002.87875002822,53744.63572530656,53699.90659279524,336.0,27.003523184259393,328.4151358776835,184.1195689487031,65.33728675789098
819,53520.0,53737.44547076239,53613.12125736224,53753.07315690854,53745.4392091929,136.0,26.007992041679245,130.29732663885443,124.97401005625579,56.80457685729925
820,54368.0,53762.88172390198,54263.47340330593,53994.58374541907,53813.51574650984,88.0,24.762861631967098,73.27062997970279,54.80246122006429,40.352324642433814
821,53696.0,53786.97119402632,53759.662517321645,53862.67807934867,53826.143858477764,-240.0,23.359917270983715,-185.49829937603863,-48.56662639606293,19.135304891813576
822,53888.0,53809.601558443945,53892.47680455385,53897.450492626944,53851.786356293465,216.0,21.861782820138615,155.1983100014404,39.497659591743286,23.831815630375786
823,54128.0,53830.6947596666,54070.059137324526,53941.673398532155,53873.807489738516,-136.0,20.30317985817601,-112.12198060667652,-48.94039482870721,9.311507931975939
824,53616.0,53850.2079181603,53668.2328433405,53799.56970296953,53870.40937215742,-176.0,18.681424791371683,-140.66207728152585,-50.31884407786856,9.322351026770775
825,53776.0,53868.05760924934,53788.734982761474,53841.03571037642,53892.45219179206,232.0,16.966787086912518,184.17705322833353,73.98386259510517,27.865429224246327
826,54080.0,53884.14149233412,54036.586949797165,53947.53742815974,53926.14023060591,24.0,15.14851267186532,30.78671602151735,40.270431863187696,25.995050344146875
827,53824.0,53898.35463459307,53850.30841480451,53921.57657410279,53944.44229248035,-96.0,13.26275190153683,-54.73646097011806,22.827432994454284,24.324176498455927
828,53888.0,53910.666996137195,53927.11402785693,53993.19229414865,53974.78858360282,336.0,11.437068716481008,272.37575233706957,124.2118671201788,34.685720302612026
829,54496.0,53921.228772026036,54395.05991947865,54170.00030834315,54013.813733085575,-72.0,9.895194014701701,-43.504867594663665,13.8081683660821,14.915836137035512
830,53744.0,53930.4573841666,53840.1042926676,54020.80863088081,54004.62025587689,-104.0,8.940278644862701,-67.68380686344244,-10.787362021932495,3.837535585160367
831,54288.0,53939.10932931576,54259.69230575176,54148.425584299286,54021.488804255896,360.0,8.90767437301838,278.04954184296366,57.82974556811678,3.5429885917947104
832,54464.0,53948.272732912636,54396.20337635353,54136.468122017046,54011.70623306048,-424.0,10.101841538176814,-369.5729938376462,-175.7234012737208,-32.397259542387474
833,53440.0,53959.313012392115,53520.54631807647,53796.978781751845,53956.69428517112,-328.0,12.720453055371763,-305.82452168764576,-160.9999493892792,-29.17723363080222
834,53808.0,53973.71363902338,53784.55433297824,53814.46822323849,53953.35176579888,184.0,16.800331399786955,146.77967979297682,20.72355310589046,3.925068917695171
835,53808.0,53992.91367519169,53814.105677662425,53838.425887963625,53964.54442300651,56.0,22.21651252389347,60.07973299630248,39.17060870695059,19.019878357965354
836,53920.0,54018.146664071166,53904.71379897084,53892.80944065239,53991.39152251481,0.0,28.68382783854031,14.177116162634775,40.788273014961305,30.41667563403098
837,53808.0,54050.28133086877,53842.459909987694,53920.00243399355,54025.37777427457,120.0,35.79746407276252,110.04566095533664,83.19421033792969,44.85514047349716
838,54160.0,54089.74159221669,54124.805120881516,54059.19786132825,54081.1018034618,104.0,43.10290521097704,106.37081530142314,88.79435799882776,51.77911936031887
839,54016.0,54136.48714129072,54055.20154059054,54097.5911499912,54128.93601299521,152.0,50.14388514786333,126.40412266172643,79.1888636585536,53.48101018317175
840,54464.0,54190.02936251242,54377.61336620497,54217.575588645355,54188.063823828146,-184.0,56.50125013050274,-149.45530340046025,-3.2277670231669617,45.33100202433707
841,53648.0,54249.48964155173,53756.29093378962,54091.13561594487,54219.598017043885,184.0,61.81213084553747,175.54925799050034,95.12783527195279,60.114094067936094
842,54832.0,54313.65362420349,54728.71188218597,54407.83125918926,54308.29201196402,264.0,65.75956241530002,240.4972979082122,104.61127283901806,62.508595518334914
843,54176.0,54381.00876638233,54237.285529606044,54300.358161622906,54344.615208080555,-208.0,68.084260948679,-184.99870454970005,-45.2940167549059,44.7539565205625
844,54416.0,54449.82214610085,54358.71447308657,54317.24322567945,54397.79992500514,-184.0,68.58012533025249,-164.99869108662097,-32.49332310372847,52.27471317484742
845,53808.0,54518.169017042834,53907.2881474328,54235.37151541545,54449.16463443025,136.0,67.11224830724314,153.84614743739803,131.81404744372048,83.4229411466149
846,54688.0,54584.04664271534,54666.406767961365,54580.87132056689,54564.64580729837,616.0,63.665207134981756,542.3207244082078,291.93546543488264,109.31346323304388
847,55040.0,54645.4994313128,54991.92959624922,54819.242446285214,54667.79156089634,64.0,58.38081967349717,85.17080953393815,127.99234886093473,84.5353316427827
848,54816.0,54700.80828206233,54836.74838702924,54836.85601828876,54733.71647058394,-64.0,51.60708369961503,-51.43927407377123,28.04158114792881,61.81073321679651
849,54912.0,54748.71359871203,54889.051048101675,54875.32560858107,54791.41302732993,-88.0,43.91652257950045,-62.442098419182,20.13239458284079,51.66720811248888
850,54640.0,54788.64132722133,54711.86419019088,54877.12080745444,54837.05088680892,216.0,36.07904384566427,198.5751971563477,120.3556026005972,55.490403819432686
851,55344.0,54820.871686403356,55286.20144241437,55116.036813782266,54902.393834968796,312.0,29.006935014462215,268.90336018259404,124.93441321895807,43.26263990831649
852,55264.0,54846.65519725026,55249.670910556066,55126.98963389236,54923.57616662555,-120.0,23.641990712974803,-108.17597907797972,-57.5523629437339,4.161139988034847
853,55104.0,54868.155667829305,55069.84948425841,55000.9320878948,54910.716114944866,-408.0,20.79196142456931,-350.574005005612,-177.59150205015976,-22.524245933444035
854,54448.0,54888.239120099395,54548.52290054484,54771.80662979204,54878.52767475866,8.0,21.009737711072376,-18.712080989338574,-67.22214320674175,-10.66205644826914
855,55120.0,54910.17514325145,55032.425322279734,54866.487801481315,54889.39200204833,80.0,24.47771645940884,46.029033133578196,-32.07492757006548,-0.6660726079207961
856,54608.0,54937.19455301821,54640.580966812,54707.65677465191,54877.19552954282,-272.0,30.933111124984862,-228.93952140774854,-109.0026395034547,1.2633039716383792
857,54576.0,54972.04136550142,54574.54627946424,54648.482522474405,54891.918609991604,-80.0,39.7009375690468,-73.3032900265789,-22.932990940298623,30.51901094835921
858,54448.0,55016.59642815631,54493.97438675884,54661.79079277131,54938.23355143954,144.0,49.788238983470364,149.30004108881985,120.2036666825552,70.82661901991378
859,54864.0,55071.61784346836,54873.14636164188,54888.889855839516,55033.57184803143,496.0,60.03657142430893,424.90378309241714,239.5439909879642,103.81688899346409
860,55440.0,55136.669571004924,55343.781952943675,55140.87877474724,55145.867329426466,-48.0,69.30510809253246,-10.45464397984324,102.4283062813447,97.58884786635826
861,54768.0,55210.228059653426,54852.23707368219,55093.746468402205,55228.74954376415,-128.0,76.64560829261973,-70.35951085052511,115.7409278560699,105.91969152589081
862,55184.0,55289.960787590164,55203.062931242624,55372.36063045938,55357.70671247825,824.0,81.42261054518531,728.7042512174739,372.79447728686137,137.64250433801135
863,56416.0,55373.073280743796,56309.64557611714,55839.33542297593,55504.03455244017,296.0,83.37480634530948,292.2467880162767,178.64250400451056,100.72956758393047
864,55776.0,55456.71040028078,55787.55650727518,55729.6456384684,55559.16584764611,-552.0,82.58015279105166,-464.3065324660856,-132.8669652733297,44.289587588242284
865,55312.0,55538.2335863259,55381.03251118497,55573.60149242927,55592.613727616656,-48.0,79.39241488176413,-61.361440165354,-25.24339982449237,47.47856635138305
866,55680.0,55615.49523004431,55664.83362694447,55679.158838819414,55654.122980348875,240.0,74.33024923946869,207.96925048186677,105.13676579985258,60.21540174965776
867,55792.0,55686.89408480484,55796.9710121487,55783.875024028974,55713.04453111597,152.0,67.94694562906807,156.99244594775155,100.65369722405012,54.97377732289897
868,55984.0,55751.38912130245,55978.81851883997,55880.466233267514,55764.07053499467,192.0,60.75300609731494,155.94010089112635,44.82432587229414,40.02953062843517
869,56176.0,55808.40009699947,56108.85121393095,55873.52367577356,55793.10359237284,-440.0,53.157011988001614,-389.4092838581819,-158.18071960717134,9.8882369968087
870,55104.0,55857.70314527845,55199.99995112361,55564.10479405317,55783.84700898829,-280.0,45.464559632819146,-245.1534585853733,-79.36648469380452,24.735767064863467
871,55616.0,55899.329216265105,55618.54429676021,55714.79070638595,55842.57512650257,504.0,37.90015957198921,431.2658294376306,200.0812655257614,70.05687383940312
872,56112.0,55933.50346442243,56062.53160999887,55964.267325104694,55923.9607566671,176.0,30.65817911197155,196.64536323301945,175.6102812710851,71.9836679978871
873,55968.0,55960.64557448905,56011.835023226246,56066.01126892812,55986.54246249834,160.0,23.934876048209844,168.4785293585919,150.7495782874903,63.50882895616087
874,56432.0,55981.37321651885,56399.488668716054,56265.766481679675,56050.97841457942,272.0,17.940029977260565,225.09698907008715,116.6384535913894,45.38487281004927
875,56512.0,55996.52563444357,56462.02900136642,56299.2881761109,56077.31220811844,-232.0,12.895942779923644,-187.31466051751704,-72.83421751332207,4.599403944943333
876,55968.0,56007.165102078696,56024.85934768102,56120.09804665303,56060.177222469305,-160.0,8.980995262583747,-152.872915280288,-103.14110613135199,-12.526124525673367
877,56192.0,56014.48762496874,56156.283170805844,56093.0059638482,56052.259959067094,-16.0,6.2808062248368515,-47.160322845938936,-76.58910088073753,-14.904265448854858
878,55936.0,56019.72671452837,55930.53870198914,55966.919844891556,56030.368691571595,-312.0,4.749046259501483,-253.05095887099378,-110.62619651086061,-17.172832916916377
879,55568.0,56023.98571748774,55650.181253063856,55871.75357082648,56017.91429323326,216.0,4.174268671467871,173.03459293942797,56.710511348155705,10.04131632332792
880,56368.0,56028.075251871305,56276.607887868,56080.34086758787,56050.45132421825,136.0,4.170265725442732,126.98029759870406,64.75773055532409,16.65959719589955
881,55840.0,56032.326248938625,55904.141848261264,56001.269031937125,56051.23348762506,-72.0,4.247722551695915,-51.756798300422815,1.5626803178238333,11.343837788066594
882,56224.0,56036.5706969747,56173.09429126715,56083.466228223515,56073.138999794384,32.0,3.901688982768974,14.423899341665674,11.93031039815105,14.362462159038841
883,55904.0,56040.12962690416,55932.989646944596,56025.12965273343,56079.95841194314,-144.0,2.6825372689381766,-95.15640959955999,2.2282508766220417,15.617332745910971
884,55936.0,56041.93577151257,55982.78147206803,56087.92272997676,56104.373665286206,336.0,0.28812635142094223,283.69918546361805,138.7544422317078,32.833936607381474
885,56576.0,56040.705879607005,56500.38801787183,56302.63853719684,56145.6262851579,160.0,-3.3650639788684202,139.5466351629766,78.03507581850863,19.733934129588306
886,56256.0,56035.20564355484,56261.874742393986,56243.992881613776,56143.84153354538,-264.0,-8.120717188234266,-209.13956350789158,-64.6492147761819,-7.3926749352503975
887,56048.0,56024.46444523054,56082.10889085605,56173.34010764448,56130.8409352874,-8.0,-13.625053973661124,-9.22139725769739,-7.982720147054351,-8.85855149361305
888,56240.0,56007.955535607514,56243.43194787859,56228.02744131967,56126.12443055816,224.0,-19.372065581639617,178.48279641550107,48.70105433501885,-10.410283201337734
889,56496.0,55985.72031406726,56439.07448368705,56270.74221631452,56110.020368884725,-96.0,-24.79658218817349,-88.98504575627157,-69.91411684789273,-35.4030432291911
890,56048.0,55958.36237123117,56065.46185636605,56088.19920762388,56055.318344099775,-328.0,-29.369386486912845,-286.30334549073814,-162.44340487868976,-54.336107579965756
891,55840.0,55926.98154109343,55866.467792705575,55945.85540655714,56001.34815372479,-48.0,-32.67031190868511,-66.65510013261519,-89.4160977881802,-45.902782688739535
892,55952.0,55893.0217474138,55932.15165610082,55909.36701204752,55963.512778722295,-16.0,-34.453252725226776,-33.55785610068415,-57.80488848585446,-37.259736066382175
893,55808.0,55858.07503564298,55799.352080504206,55830.24562958543,55926.82868159203,-224.0,-34.66052237230906,-176.0391730755582,-67.99856766937955,-30.74266305067067
894,55504.0,55823.70070266918,55580.0733099497,55773.36987670876,55902.027452620954,288.0,-33.38994338167686,238.17853522734003,77.8091854777158,-4.899856340023689
895,56384.0,55791.295148879624,56275.709150958886,55985.86400054086,55917.02896891198,64.0,-30.862246995980968,40.369390556559665,13.426124102526956,-8.347035263373982
896,55632.0,55761.97620867722,55660.81209106282,55800.22212491382,55885.333382094206,-528.0,-27.35584605178883,-434.1151553682539,-101.5308131701313,-19.028917713061674
897,55328.0,55736.58345677605,55407.47884022238,55782.8023742006,55878.97113348586,728.0,-23.12174853259421,659.4484387574921,209.98143638707552,21.186308065938647
898,57088.0,55715.73271161203,56979.708968577805,56220.18499768797,55927.70599822608,24.0,-18.36099887043747,18.666670998485642,3.475122331354214,-9.279835348468623
899,55376.0,55699.86145903517,55444.81218221935,55789.752618863306,55860.41146278892,-768.0,-13.204045450707781,-694.1150635017548,-223.55606939301288,-43.07396229771257
900,55552.0,55689.32462071061,55591.478841574295,55773.07285890194,55841.55807363066,432.0,-7.722280911730195,369.85448812302275,93.8566694896108,-4.375485476735776
901,56240.0,55684.41689721171,56184.521158465395,55977.46595784253,55851.66049183545,336.0,-1.9806637945148395,289.85448832148177,73.12607786184526,-9.314557203433651
902,56224.0,55685.36329312158,56171.18781821726,55919.32501462563,55822.92895922379,-512.0,3.921701538409252,-448.8016615815832,-210.47843590407865,-48.78508465046616
903,55216.0,55692.26030028853,55286.91783530223,55556.50908603437,55754.09032253452,-376.0,9.808260610850994,-358.27339398413096,-192.56138557407394,-41.93412056255329
904,55472.0,55704.979814343285,55454.641030249,55534.202243477484,55739.060718098684,96.0,15.413659677265969,80.92834619174027,8.794279181853199,-1.6765685308964748
905,55408.0,55723.08761964306,55448.77452768571,55574.097644398076,55750.737185472724,200.0,20.41673033765983,198.0061358652747,122.94422311963353,28.81332664767615
906,55872.0,55745.813275018605,55850.653301979546,55780.09068971675,55796.68737139404,344.0,24.472595236700727,295.14528419158523,160.0383901770474,42.18455449101384
907,56096.0,55772.03281011646,56039.06509606888,55894.17442475217,55835.10629445475,-144.0,27.274660185488756,-96.26272556625918,13.17094741150504,25.374237783449644
908,55584.0,55800.36259538958,55658.12785084703,55806.43258453976,55847.435846960936,-16.0,28.616963235450385,-10.297990986731747,23.474452057471353,25.50134485423405
909,56064.0,55829.266736587364,56018.46911409542,55941.123328867114,55886.10898416322,152.0,28.410936527779995,132.68683372547457,73.25240876091266,29.778586410444404
910,55888.0,55857.18446844514,55923.50151829798,55952.93740206159,55906.993019781825,88.0,26.703331731740036,82.53999569247026,44.28277422526298,21.83368660769338
911,56240.0,55882.673400050844,56183.54910548036,56029.68887731764,55929.77635737861,0.0,23.675850709569204,-22.206885415846045,-28.40408608512371,7.272155465714604
912,55888.0,55904.53616986428,55879.087747466285,55896.12922989134,55921.537330713254,-424.0,19.625144937526784,-349.02262068263735,-129.49503248063047,-6.562160129687982
913,55392.0,55921.9236899259,55485.50386411508,55770.69881235638,55916.65203711923,272.0,14.93368055553583,222.31066086751161,63.91898864322502,21.347308261934813
914,56432.0,55934.40353097535,56323.70906920131,56023.96720717779,55964.231947237124,0.0,10.044489091113064,7.393532133686676,49.25199841030917,24.191507479750726
915,55392.0,55942.012668108124,55500.290928382456,55869.202809177,55965.03505207873,-56.0,5.425933452981553,-4.927272950179031,83.83700658770249,29.454857445543894
916,56320.0,55945.255397881316,56313.85452330095,56191.641220353195,56023.14166212821,752.0,1.5225274322583573,646.7817807826686,258.25902135279466,43.26369315588818
917,56896.0,55945.05772297264,56793.85448994779,56385.72085188259,56051.56243839051,-184.0,-1.2894060928447288,-163.86614488065243,-61.05994252931123,-13.801101818175084
918,55952.0,55942.676585695626,55986.122233539645,56069.52133529457,55995.53945849186,-560.0,-2.755196275164053,-503.9825274434552,-257.438848940732,-53.846006974054035
919,55776.0,55939.54733042231,55785.88943506088,55870.84315400112,55943.8704244424,-136.0,-2.7849655446880206,-150.78562317435353,-151.256604292892,-43.27551282734203
920,55680.0,55937.10665460625,55684.55098719094,55767.00812670879,55908.98843283718,-96.0,-1.4712239517684793,-78.58351191525799,-60.33096393793676,-23.432569963366404
921,55584.0,55936.604882518775,55628.72241123037,55750.18122612525,55897.00528451567,200.0,0.9444086943949515,167.78348019125406,66.26371247908537,3.6671159042780346
922,56080.0,55938.99547199504,56020.117947573446,55899.53555166696,55916.32266464573,96.0,4.075122485079191,91.98527421031395,59.12210137518923,11.133513362347003
923,55776.0,55944.755127488934,55812.692959650994,55868.42542887563,55919.27231124036,-48.0,7.4689057465257065,-23.96018966747215,15.102591646485962,10.113262156650308
924,55984.0,55953.93328348809,55972.1975682385,55929.74073495993,55936.549188959034,136.0,10.697096761636203,100.49244978002389,34.185673564268654,14.90433716661937
925,56048.0,55966.149321012206,56013.67785921104,55936.796776004165,55949.0809855736,-160.0,13.382717238342593,-130.13041297226664,-48.545570953687275,7.585845893248916
926,55664.0,55980.69871796478,55711.93674229397,55832.649593052556,55951.72088074553,-64.0,15.256570430959982,-62.05740544723085,-19.82238642532684,17.025939209208445
927,55920.0,55996.662461874126,55889.56304831658,55897.15200315351,55983.13286399202,16.0,16.185051238844608,25.441547605507367,53.07841167771039,34.568626446085545
928,55696.0,56013.068820442466,55762.81983750498,55938.80641640798,56020.8581336377,256.0,16.17191127744809,239.32450682775743,163.05762145845438,53.96817632757302
929,56432.0,56029.00628442902,56368.212061972095,56223.26724607042,56091.06921664716,256.0,15.321933625251404,254.48400421313272,180.09445269765274,53.16454384181634
930,56208.0,56043.71268769297,56271.78784593125,56298.99532180328,56127.187221321336,264.0,13.821410587337596,241.74852777588603,121.22573663450021,32.07736574023875
931,56960.0,56056.6491056037,56851.70911752387,56465.71871933942,56155.22394812764,-88.0,11.897046699308703,-107.6589560711327,-80.41724279414848,-12.202075787314243
932,56032.0,56067.506781091586,56056.46993378898,56138.160836214985,56102.78306974671,-608.0,9.760431310012791,-545.9972136673714,-274.47746501694564,-48.90172489359611
933,55744.0,56076.16996822372,55759.714690189125,55916.76378930553,56057.42049834045,-240.0,7.578609502375912,-218.18179265420986,-135.0151522566921,-29.691546489237226
934,55552.0,56082.66400009634,55620.10634848056,55868.1305317016,56043.39997676823,344.0,5.45132426910277,299.6279420413339,109.43200824687301,10.549477266195026
935,56432.0,56087.07261676193,56358.97057427179,56135.627805799275,56078.51945287284,304.0,3.3986537805576518,275.01255580309953,119.31117699731112,17.445448748250783
936,56160.0,56089.46130765745,56170.13146008676,56106.75288569622,56078.290874264734,-152.0,1.3697809049626812,-138.18181375122367,-55.49847725494328,-4.31403489486911
937,56128.0,56089.812178571854,56082.606946769345,56024.63085128939,56069.8913830831,-384.0,-0.7320271348798997,-339.99297736642256,-133.8066087621337,-11.304922027480643
938,55392.0,56087.99725338769,55490.14550535392,55839.139668171956,56055.68103020977,-104.0,-3.0156696607773483,-76.23071675012034,38.078650968542206,18.97369863716085
939,55920.0,56083.7808392503,55930.145513269104,56100.78815322647,56107.83878035742,928.0,-5.538343813790561,824.781733476615,352.04256166775303,61.54968916552025
940,57248.0,56076.92056576011,57139.70897230715,56543.22479150746,56178.78040854081,64.0,-8.29155546164111,97.00324139081931,90.0490340347169,17.48064861043531
941,56048.0,56067.19772832702,56124.15199605074,56280.88622129591,56142.80007757829,-424.0,-11.153246229179786,-397.74607603563345,-145.8954595635987,-31.24032708361119
942,56400.0,56054.61407330175,56344.21682023588,56251.433872380265,56116.29975437359,-48.0,-13.885709508820582,-58.85107463546228,-103.73541272551302,-40.68533548601772
943,55952.0,56039.426309309376,56006.44984677982,56073.41539584488,56061.42940660626,-56.0,-16.193815846912912,-65.51773955696626,-117.31077861294398,-49.398877437026385
944,56288.0,56022.22644160793,56213.18134112195,56016.81231515438,56017.50199949954,-424.0,-17.740151836875157,-397.0794145281325,-192.19692311331892,-57.45230713173805
945,55104.0,56003.946005635626,55212.29101772355,55689.02154961824,55946.52479234278,-56.0,-18.226517515304295,-45.658192452006915,-35.279990727009135,-28.850967539619887
946,56176.0,55985.77340657732,56121.864956217934,55946.25233370036,55959.8000644203,528.0,-17.481058470817516,454.8392917354213,142.3569509322915,2.4652752985348343
947,56160.0,55968.98388869399,56121.969601194396,55973.735451482826,55951.45534293985,-232.0,-15.486527939352527,-190.04734905154692,-65.64915647611997,-18.77195433345696
948,55712.0,55954.80035069861,55741.77025811484,55814.95402074812,55922.256155753385,-256.0,-12.38379601646011,-231.34805250534555,-107.30442036064414,-18.686379398797726
949,55648.0,55944.21629666107,55659.273496183705,55759.12661076154,55914.082584142256,-32.0,-8.450445132333698,-26.12928101261423,-0.264104605812463,5.13055759598501
950,55648.0,55937.899460433946,55689.51169608961,55814.425811536494,55932.517270945355,256.0,-4.04949848623437,237.79668035397845,138.51210654320676,32.66055035036334
951,56160.0,55936.1172996886,56134.86685689166,56036.15082384795,55979.40368484298,376.0,0.4604108554558479,319.6894452603592,159.8004242354291,37.856598139780544
952,56400.0,55938.82028214486,56328.89058661033,56134.02666000735,56008.230467224916,-216.0,4.786173716674966,-161.5233372296898,-35.11083383692676,9.23830574317617
953,55728.0,55945.68964712195,55811.82018243228,55965.9291561741,55997.880296329335,-104.0,8.70600885085878,-97.96949201661846,-49.13292574620573,3.143843920886866
954,56192.0,55956.232299846575,56132.95160257709,56035.76080851494,56014.51815506669,48.0,12.077432218196918,25.88943303027918,-8.287943401683151,7.763766490686976
955,55824.0,55969.844511558345,55863.59904849284,55949.35326937073,56013.40782931071,-88.0,14.800700759664323,-71.35731162003867,-23.730904458843725,8.360065709559422
956,56016.0,55985.833701365904,55990.236979337016,55988.29899959725,56031.23828648581,-16.0,16.776607352407154,-2.17717247075052,25.09523002514834,18.59237149938417
957,55792.0,56003.39772626316,55859.24470355134,55999.54372942103,56050.59257230948,336.0,17.88507303523511,294.73603210694637,115.01659453428874,32.28391443914734
958,56688.0,56021.603847436374,56579.70904355091,56218.33218866583,56095.8061153641,-16.0,18.000379291839636,-31.216276809609553,-16.04544642228211,15.603848822825967
959,55760.0,56039.39848484684,55796.81214993212,55967.45283657646,56081.80026995513,-568.0,17.03347253913671,-478.1150995303651,-147.15293380113508,2.0841680887861003
960,55552.0,56055.67079251465,55623.47884449018,55924.02632106356,56099.974451541675,368.0,14.980627290111443,322.29701310789824,142.58664501888052,45.57290416362957
961,56496.0,56069.35973942706,56441.40617614792,56252.626126614225,56172.94607828239,464.0,11.96096254328586,406.7221162984133,206.912868857773,56.81893065483018
962,56480.0,56079.59271760122,56436.923077087005,56337.852058779106,56213.612312851335,-296.0,8.232363099941722,-219.86771362590298,14.151961554438458,27.34685021151381
963,55904.0,56085.824465626945,56001.67074889611,56280.9300497231,56227.639778705416,400.0,4.181493404306821,367.39294480632816,131.54301580554602,30.209454789353913
964,57280.0,56087.95570440983,57171.70896669966,56600.9380903902,56274.03122243004,136.0,0.2390333638395532,87.16462813290491,-19.522914137807675,-3.9069951538731402
965,56176.0,56086.302532354624,56176.00000516192,56241.884221447486,56219.82578839767,-872.0,-3.173138026842935,-776.7817293773733,-326.11175821896904,-52.01414461249078
966,55536.0,56081.60942835615,55618.145507944915,55948.71457395226,56170.00293320506,-152.0,-5.688597974818549,-138.92726919090637,-86.81236051909218,-18.12270853235168
967,55872.0,56074.92533640499,55898.14546678011,56068.2595004093,56183.580371332966,680.0,-7.060421716079873,584.7818135594025,217.6746766616925,29.15645669454898
968,56896.0,56067.48858492399,56787.70913506372,56384.063927275645,56228.31584659416,-16.0,-7.174080743465311,25.0726499604134,59.836390504169685,11.351267590904172
969,55840.0,56060.57717491806,55948.290766700935,56187.93228141764,56206.282906514774,-128.0,-6.040601518438052,-125.19438659413572,-22.165505149187084,-3.7187947536476713
970,56640.0,56055.40738188711,56537.32036187545,56339.73291697727,56220.878257086864,56.0,-3.7864889202610357,51.843429105916584,1.667094048265426,-6.360736573566101
971,55952.0,56053.004197077535,56051.97762491277,56191.26646951417,56193.56143336764,16.0,-0.6605022927942628,14.545387601163384,-28.833212706009363,-15.238752050841867
972,56672.0,56054.08637730152,56566.411137077775,56282.06649156525,56190.40075298518,-88.0,2.973105734472483,-115.96361124748,-104.16673216629715,-27.24064273320255
973,55776.0,56058.95040854648,55820.05040241781,55982.93300518158,56139.08014790124,-488.0,6.6611593833622464,-423.6559137695949,-195.6669837928821,-33.166597688883485
974,55696.0,56067.40869606825,55719.099309538586,55890.73252397949,56124.06755760741,16.0,9.890099755244592,14.545454813709512,5.165780787654512,6.390787586551596
975,55808.0,56078.73060805697,55849.14131204523,55993.26456675689,56151.86172307434,440.0,12.134270688020479,389.18140574849167,195.16432615583835,44.98725162064147
976,56576.0,56091.67723744429,56497.46212103557,56281.061176291165,56214.0420608487,216.0,12.94985733566864,202.19857115244304,140.32719767986782,44.08244081679004
977,56240.0,56104.630322728306,56253.53845435011,56273.91896211662,56240.02660470792,-248.0,12.069706979596958,-176.23139493487906,9.817266883761476,25.98587409461834
978,56080.0,56115.81665140348,56144.99933116581,56300.69571005869,56266.01380903793,368.0,9.46127928149508,307.0853783923121,137.12460297141297,35.287894781911746
979,56976.0,56123.552881291296,56867.70921113474,56548.16816805945,56310.602394271744,104.0,5.361216765646532,87.68424788043922,33.556542030488345,11.318704947396327
980,56288.0,56126.539084934775,56320.36782692669,56367.808794119665,56288.651218932726,-464.0,0.2644324895518366,-382.55840755997633,-140.4549768799552,-21.918614392379823
981,56048.0,56124.0817462704,56102.592396014785,56267.25821429954,56266.765165486984,72.0,-5.1300215167793795,55.18654916201194,9.078527329642384,-10.947795171396137
982,56432.0,56116.279041901216,56430.74092525071,56385.96584877895,56266.75562858993,392.0,-10.049501568351843,321.8531554895162,95.690558868886,-8.271755467550975
983,56832.0,56103.982743133696,56746.29870699382,56458.63933203731,56250.22165455188,-232.0,-13.75950952063431,-209.10254209078994,-114.00685072298438,-45.622891310460545
984,55968.0,56088.76002285995,56012.53584106913,56157.95214733298,56175.50984596901,-480.0,-15.659011025334621,-414.92980177604477,-205.71111103784278,-64.33631628441435
985,55872.0,56072.66472108303,55916.43910344173,56047.217109961624,56121.54902198305,184.0,-15.39548256051421,126.09877958124343,-23.12648239054397,-41.483372886810685
986,56336.0,56057.96905773892,56264.73340023162,56111.69918255189,56092.54310019539,0.0,-12.913391444959416,-8.038702052010194,-47.66833613378185,-41.178766777891724
987,55872.0,56046.83793819311,55900.36169933771,55951.88043769406,56039.19148842727,-264.0,-8.423799159871123,-222.56320420539123,-119.87852601080158,-44.99203734675757
988,55808.0,56041.12145941918,55819.60699182084,55871.94213053029,56002.559025501876,-8.0,-2.376365806103422,-22.71974841267729,-47.96724189862289,-26.904511650300265
989,55856.0,56042.0852065809,55854.92220251235,55855.945953896815,55985.38246512667,56.0,4.603949384396401,29.92622325328921,-16.023199685067084,-10.707437118875532
990,55920.0,56050.32935818797,55879.459438327416,55839.895731160155,55981.144151264125,-224.0,11.827369890419504,-178.16557254786676,-56.10235715658564,-1.181106299336534
991,55408.0,56065.73994636174,55498.59105741662,55743.74123958364,55983.020252528,64.0,18.638911056703364,72.08690617232423,71.71612821531016,30.627113890270266
992,56048.0,56087.60718030138,56023.633250672065,55983.327987590776,56042.398379044665,472.0,24.47229296081059,403.20844661576484,207.2507418025234,59.098045468901546
993,56352.0,56114.68453228336,56305.00795064815,56158.24272318869,56101.2163434658,32.0,28.903825024015532,46.41445321684296,78.03609719226006,46.2787815944248
994,56112.0,56145.41483034941,56116.46215710575,56139.400181975296,56134.955942233515,-224.0,31.688108625396126,-166.235008013653,-5.142450225750508,34.88739587939199
995,55904.0,56178.060749534154,55972.53793462084,56147.95782273719,56170.99113522458,312.0,32.72538787902158,266.85489706578664,130.53655213048842,49.384749752298376
996,56736.0,56210.86560610745,56650.171951237324,56400.47328623627,56233.72544173811,200.0,32.043063282748335,180.4043263566491,84.7521066172194,37.620578600432054
997,56304.0,56242.14687609965,56333.34658733414,56317.46203597163,56246.23229242545,-192.0,29.752825359497365,-170.0924272324737,-76.28023227882659,9.618465308605664
998,56352.0,56270.371256826445,56309.98709677238,56247.91282167862,56252.96237235532,-248.0,26.023172307883215,-233.4240066998682,-121.5928034537028,1.7781985476467526
999,55808.0,56294.19322071542,55866.498573934405,56074.27642906422,56249.78868952074,-192.0,21.060974019837886,-150.99565316595908,-40.49817808228909,18.915751641448878
1000,55968.0,56312.49320486612,56007.99579044046,56166.91646551404,56290.79387563822,456.0,15.116666436861124,390.44680872058234,192.09826920684282,57.144879899395164
1001,56720.0,56324.42655358914,56647.39219137557,56458.47296747791,56364.07844931953,240.0,8.496425567784172,227.38671780070945,160.7929857028248,55.48849614728533
1002,56448.0,56329.48605600169,56462.76922604188,56488.50243691969,56401.77086793279,-176.0,1.573781231778412,-110.77683512428848,50.28068790162797,35.38096200989821
1003,56368.0,56327.574116052696,56425.83852112699,56559.034343281164,56434.84037333933,432.0,-5.21678694444563,370.4699585366325,166.04907800205547,36.41152407350455
1004,57312.0,56319.0524821128,57203.70914311514,56820.6005929238,56474.5939160798,144.0,-11.402964902677923,115.67931890018372,15.866546104534791,-2.116761455537926
1005,56656.0,56304.76818624734,56657.19715892736,56590.767435490234,56430.60685042825,-608.0,-16.511329626435327,-537.9972287038436,-262.44943968844746,-55.25672313013638
1006,56096.0,56286.02982285993,56127.714685707455,56295.70171354691,56364.08046981953,-408.0,-20.146212893861957,-370.9090446826194,-195.21486516987352,-53.122357117747015
1007,55840.0,56264.475760459616,55915.37906956212,56200.33770515049,56324.36213619276,456.0,-22.04609560922472,385.9971491719298,84.8048441788269,-15.500226817133807
1008,57008.0,56241.93763164148,56899.708984051314,56465.31140190456,56333.08001618526,-8.0,-22.11429792962008,5.71548956110928,-6.3706022936457884,-25.02811919823216
1009,55824.0,56220.247164600376,55926.81004868434,56187.596500563195,56274.305897796294,-256.0,-20.44920961749449,-243.12676426727194,-95.91665105976426,-36.25882349915628
1010,56496.0,56201.03921240649,56413.45545551677,56273.47809978503,56260.56236918695,104.0,-17.322975822793524,73.92268441628403,-25.379350885654276,-25.51541014999748
1011,56032.0,56185.60121295479,56074.65541751691,56136.83779879189,56223.2750774963,-144.0,-13.129087508390512,-125.52295041531761,-84.22140159719493,-27.72353781583297
1012,56208.0,56174.78103738971,56162.409554686135,56105.03529659064,56205.11529355528,-136.0,-8.323256494182715,-140.19808940006988,-83.28485390592687,-18.304019263254304
1013,55760.0,56168.95469996642,55794.25923871677,55970.26809098003,56186.66703896979,-248.0,-3.3631012437363097,-196.85412238553909,-29.63316012058931,2.885097362996021
1014,55712.0,56168.054834902236,55768.70130991506,56045.76897634946,56210.885488281274,584.0,1.3469780479790643,522.0045196011306,242.38537354416258,49.16272372554886
1015,56928.0,56171.64865606238,56838.26827791903,56455.03883806836,56284.99248642089,384.0,5.493843380136241,356.85245877154375,172.78928075306976,41.95662246066058
1016,56480.0,56179.04252166251,56482.406227458145,56391.3475378556,56294.798733202595,-400.0,8.86511488922406,-343.83091317014623,-108.0175312849533,0.54618344183109
1017,56128.0,56189.37888584083,56150.60645157874,56239.00377549845,56286.08485330455,-232.0,11.335625836287363,-218.7675179857324,-96.84187460792964,-0.8096372328145662
1018,56016.0,56201.71377333508,56044.87119148668,56197.663788639744,56293.179458736966,32.0,12.853577092715568,38.620697341328196,49.491907461164374,20.953578369266324
1019,56192.0,56215.08604002626,56227.84784626139,56337.98759042078,56327.99201004308,464.0,13.419643388559052,418.49164834837575,213.31759699143004,41.61215180826912
1020,56944.0,56228.5530601122,56881.85448818343,56624.298982622604,56376.403762353504,328.0,13.068819299820461,287.0033205725158,126.4608835131221,20.03194042809264
1021,56848.0,56241.2236786259,56801.854487406425,56590.909357447024,56368.05589089927,-448.0,11.863848458215216,-381.2946682961956,-161.93494645206374,-32.345076909266936
1022,56048.0,56252.28075702863,56119.26515159104,56300.42908971848,56311.71360853497,-272.0,9.895913976426527,-255.69647330883163,-164.26572286930605,-43.156601937553205
1023,56304.0,56261.015506578755,56290.46154078876,56262.37791170841,56281.74268702416,168.0,7.3018451301140885,103.50409314150966,-58.86222215586167,-31.083787159601343
1024,56384.0,56266.88444728886,56326.27333787406,56182.70464540675,56249.54603421577,-464.0,4.269832463505736,-403.0852964286496,-180.32094359828625,-38.919351097603794
1025,55376.0,56269.555171505766,55484.29094793146,55901.73602451184,56203.903984828954,-120.0,1.033709043658746,-100.58740484138252,-18.100608638989797,-4.246850145365897
1026,56144.0,56268.95186537618,56125.098528191294,56146.50342812877,56241.052333925036,568.0,-2.13519122694197,496.62375865663853,246.0191176813205,42.000965792329225
1027,56512.0,56265.28478905188,56477.53846524474,56393.77425987448,56287.90591641361,144.0,-4.95300090199089,180.1322632771371,188.15796168294764,35.64887830926091
1028,56432.0,56259.045863572195,56485.36305474557,56522.81935149467,56312.35009054356,496.0,-7.194748501879076,459.0852528320138,174.45476736752607,18.46167865712414
1029,57504.0,56250.895292048124,57395.70897090877,56742.68379460953,56324.82927372786,-248.0,-8.73030460685186,-263.88811115207864,-167.14137862852658,-46.47935312930713
1030,55936.0,56241.58525435849,55957.58683244141,56188.536594237616,56219.39138428494,-976.0,-9.544800406532886,-881.8544840045361,-421.53118420495593,-91.26832022866802
1031,55552.0,56231.80569123506,55632.000002899695,55899.62142619962,56142.292633270525,136.0,-9.750101515830465,74.41318495677115,-115.10445493818042,-47.58411935089316
1032,56208.0,56222.08505132683,56106.413202354954,55958.327684361255,56124.22314558316,-152.0,-9.548696170451876,-137.85452271272152,-66.12989965774614,-22.258330408210895
1033,55248.0,56212.708298894155,55356.29095747425,55767.36162688413,56097.7759724541,-32.0,-9.17116792113302,13.983986983068462,68.71475596494565,16.041625493649917
1034,56144.0,56203.742715484565,56134.38117632109,56095.757196291146,56156.30639657046,696.0,-8.796651245553221,611.6783899025213,304.27416755258673,59.145743944874994
1035,56640.0,56195.11499640305,56579.647737279294,56375.9099619893,56216.06746034385,136.0,-8.491084177727316,143.50524735467843,148.10774669280727,38.56443679059157
1036,56416.0,56186.76054712911,56421.39167103045,56391.97268967676,56233.43527015164,-192.0,-8.206952203676337,-131.29771109659487,4.049072525842348,8.239573315368034
1037,56256.0,56178.701091995696,56317.052315086104,56384.00810704099,56232.54660697459,256.0,-7.821852480377856,200.9222194861759,56.03947088471614,-2.0613328283179726
1038,56928.0,56171.116842168354,56823.2361100028,56504.05163144619,56229.312604495004,-64.0,-7.170218373204989,-81.60686949608862,-91.93065987169757,-38.168372254840506
1039,56128.0,56164.360655249286,56153.83857609393,56200.14678729759,56156.20986246491,-544.0,-6.160699891101103,-476.2334390124488,-267.8314504998052,-71.69224890684563
1040,55840.0,56158.79544238615,55870.7692319779,55968.38873044658,56085.92810668131,-88.0,-4.850309473134985,-129.22318422652097,-167.56369162771807,-57.98535044953314
1041,55952.0,56154.660036303016,55895.392207640885,55865.019404042156,56040.23916156584,-376.0,-3.4384388450598635,-337.2391153490971,-146.859624383349,-41.27698703718124
1042,55088.0,56151.91856469603,55196.29100127971,55674.669481679884,56003.37413260695,240.0,-2.251193420332129,234.62936526313933,102.98481847767471,8.903677671460173
1043,56432.0,56150.15764946235,56364.650938167164,56070.989040997505,56058.04651690876,592.0,-1.6682841301008011,518.1621917139892,215.81407981637312,35.974710147249425
1044,56272.0,56148.58199643583,56232.615384707686,56106.29764131263,56075.32355290145,-416.0,-2.013336007901671,-328.95862992104594,-47.542579028558976,7.443213637754525
1045,55600.0,56146.13097744655,55706.73367832507,55975.90388294039,56072.93294418427,88.0,-3.458149555790442,73.83805793553256,57.55818309794995,21.256038492039806
1046,56448.0,56141.66569732425,56380.29150057875,56221.41400750853,56117.83562988553,312.0,-5.952722368478135,268.96395245465465,132.21712832240883,28.394467195532343
1047,56224.0,56134.22553270959,56244.66158323438,56240.338139585205,56129.721878575336,-72.0,-9.208013792223937,-32.3220011724552,27.09320186927289,7.172342618570838
1048,56304.0,56123.2496697398,56315.64749823384,56275.60041124708,56132.18031512267,176.0,-12.745753527640773,129.22340616865404,21.06247728540984,-6.132547696528491
1049,56576.0,56108.73402565431,56503.10839557169,56282.463094156024,56117.45678318228,-320.0,-15.980434206932841,-281.330187534837,-139.9057700130361,-37.65069278127703
1050,55664.0,56091.288801325936,55752.98712316417,55995.788871221004,56056.87892956012,-216.0,-18.31949155377879,-200.85259385555037,-120.77978732451811,-40.93390714416091
1051,56144.0,56072.09504254675,56101.40320786059,56040.90351950699,56035.58896889396,192.0,-19.286925528005668,135.43212399938784,-6.4335919605255185,-26.710512221456156
1052,56048.0,56052.714950269925,56023.85137116294,55982.92168729995,56003.457905117204,-256.0,-18.615706956199574,-198.29498088291803,-90.52098855705844,-34.3581685208992
1053,55632.0,56034.86362863435,55704.81324609475,55859.86154239287,55966.87263185216,64.0,-16.29158963201553,45.028105405574024,-9.12937371064254,-19.84164167243216
1054,56176.0,56020.131771005894,56113.90758197409,55964.66293987867,55963.77462177234,144.0,-12.551105662954797,98.6322457497954,-0.8671325748691743,-13.709278991205792
1055,55920.0,56009.761417308444,55902.07773759434,55858.12727724313,55939.45407386975,-352.0,-7.844259383462486,-301.4411564080365,-137.47202401396862,-23.34784420910364
1056,55472.0,56004.44325223897,55511.02526915802,55689.71889185073,55917.07893335413,-232.0,-2.7533870190563903,-195.92612264625495,-59.54893946704033,-0.1211938479100354
1057,55456.0,56004.25464327033,55510.22549230183,55739.02939830905,55939.21168617393,432.0,2.127889378440159,389.414608218809,190.825205612844,46.29333712849257
1058,56336.0,56008.69903099585,56289.854485595635,56071.36930307642,56009.66560761112,488.0,6.301204379644332,429.8144977061602,200.0245563055796,54.137201817746245
1059,56432.0,56016.85705202962,56369.854487714154,56139.07851092021,56047.48608980942,-456.0,9.448765899604041,-378.7817149033035,-78.7515366960979,18.59478668877273
1060,55424.0,56027.59656279506,55532.29105578903,55913.86622968422,56046.85518098866,-128.0,11.471461170258408,-96.9272952972533,19.72083360612305,30.511850228678668
1061,56176.0,56039.79997437014,56175.99989711965,56178.52017813246,56108.50979026678,744.0,12.474928367708344,635.7090228535781,265.9140375144598,58.280098791448836
1062,56912.0,56052.546419530474,56803.709101496184,56445.69430471314,56163.41537857156,-96.0,12.700363903284597,-43.439343727695814,34.02127893725992,17.47635723336498
1063,55984.0,56065.200702176706,56089.121209664256,56246.56273600698,56143.46250473351,-104.0,12.436727067553875,-102.41518594036097,-67.85020070267637,-11.979748601381289
1064,56704.0,56077.41987366558,56598.87872961546,56309.99390330779,56139.4558813688,-168.0,11.923428724527184,-181.68327106757715,-133.57188104528905,-32.23382929626678
1065,55648.0,56089.04755962576,55725.7546675291,55979.4189739164,56078.99484614097,-368.0,11.300133339365857,-318.5162853447255,-164.8654424331944,-38.91129292077676
1066,55968.0,56100.02014034431,55961.84615892601,55980.2630184414,56061.633295527245,280.0,10.59283433195742,205.3222860269634,6.975553745698562,-12.679885837365873
1067,56208.0,56110.233228289675,56136.39923958303,55993.3700814078,56053.63507446624,-320.0,9.740083881421015,-262.77762955754224,-94.20789632970263,-15.716467337693757
1068,55328.0,56119.500308107155,55436.29089981093,55791.847225781996,56030.20036085186,-40.0,8.672680253057479,-17.04368809247535,30.40075726520081,11.67530442820862
1069,56128.0,56127.57858879579,56102.31186339808,56054.1715959382,56076.98568332266,544.0,7.383767507290031,475.2970360822219,225.41016812529415,44.234606636935496
1070,56416.0,56134.267843121735,56386.88497197537,56242.667562032584,56118.66957412573,144.0,5.974289437879634,138.9979684541613,101.82974711068528,26.817369509357377
1071,56416.0,56139.52716767155,56380.3078003064,56257.83109015957,56130.62042234137,-232.0,4.660745671724726,-185.03817013697335,-63.92092679323832,-2.318130667288642
1072,55952.0,56143.589334465185,56016.808631701424,56114.82570844611,56114.03331279115,-16.0,3.732207675726386,-39.4560100978415,-61.59252749040388,-8.48544391066389
1073,56384.0,56146.991583023,56301.39578011072,56134.64603517876,56113.649534520046,-304.0,3.4755099769390654,-282.2588091884354,-104.85665567796605,-13.901301545105525
1074,55344.0,56150.54035441906,55452.29101332455,55905.112397090175,56086.23070970094,240.0,4.084733938871068,227.15660029600622,51.022560456502106,9.692710665942286
1075,56864.0,56155.161050900744,56755.70898070273,56236.691156091765,56133.03495585193,96.0,5.582695013803459,84.92724863467447,17.924337047476,10.255993943588692
1076,55536.0,56161.70574444667,55622.1455105939,55940.96107118513,56106.74269758812,-472.0,7.791660322160169,-406.781737190242,-93.2495493140741,2.2448766155903286
1077,55920.0,56170.744371545064,55942.145506322246,56050.19205746362,56137.52470908311,544.0,10.364647345340927,455.3629873079699,174.3270150103017,41.658246949147724
1078,56624.0,56182.43503913735,56532.87148520984,56289.61510120573,56190.05919148641,104.0,12.847051869208371,110.44794496843315,72.23059434497918,30.83744197762644
1079,56128.0,56196.43847528348,56163.04139625911,56194.653246153575,56199.199593038364,-232.0,14.748089724253077,-194.62310765516668,-61.635231975371426,12.700381203863799
1080,56160.0,56211.93121858586,56143.62526989951,56166.34463725499,56215.45995389414,-120.0,15.675321504513704,-101.28977686207145,-25.136290271093458,19.03335855048863
1081,55888.0,56227.78911829251,55960.46184253497,56144.38066561139,56237.26631013934,208.0,15.391136279067723,184.13468176968672,106.22636116209469,39.26967175216123
1082,56576.0,56242.71349114399,56511.89463343888,56378.79735957918,56293.99929739846,248.0,13.827195627745823,225.91706163896743,135.8153737573739,42.632952129049954
1083,56384.0,56255.443509548,56412.295965812904,56416.011413126136,56322.53221439744,32.0,11.106670726443554,41.8811614385304,53.21976011003426,25.45952771884913
1084,56640.0,56264.92683259688,56595.65695631594,56485.236879799246,56344.91835283616,-48.0,7.511441109836596,-38.35422791725432,-8.156093427271117,7.632056080528855
1085,56288.0,56270.46639176767,56335.587509978395,56399.699226271594,56337.7963265585,-16.0,3.3935135178071505,-22.131896445574966,-29.688040391851246,-4.632209949741082
1086,56608.0,56271.713859632495,56551.39316342479,56425.86079901554,56335.65393293668,-56.0,-0.8831921596392931,-67.22852942961981,-64.90802774827898,-15.759696974982944
1087,56176.0,56268.700007448395,56201.130451119156,56269.883170775036,56306.27693260853,-264.0,-4.970422004116699,-224.61045670984095,-109.03604285299298,-22.863153697722737
1088,56080.0,56261.77301562426,56102.17225000511,56207.78871330956,56289.92762554123,16.0,-8.583024151870632,11.903048911502992,1.7998991893000493,-5.85292579023735
1089,56208.0,56251.53395914465,56224.93654894216,56273.482969153636,56294.57108102806,240.0,-11.493675619603891,207.44704364785503,98.43574042089676,8.972009538229031
1090,56560.0,56238.785664385054,56517.06633730082,56404.66019415135,56307.87164461769,72.0,-13.526503493681957,77.46147486278642,53.50732207339388,0.6941458205183153
1091,56352.0,56224.48095215729,56379.859498667734,56380.497613300424,56295.959372669095,8.0,-14.555593649427465,2.090654705592897,-9.913774200718763,-14.714303315144207
1092,56576.0,56209.6744770862,56521.24764671201,56384.83264574991,56278.4430379874,-136.0,-14.499521860285313,-132.37361839569712,-91.24864467555017,-32.39418278232188
1093,56080.0,56195.48190843672,56115.11226187634,56198.00032394932,56231.17100710445,-264.0,-13.33781009910308,-230.574075453962,-127.83215982593538,-39.71348052772737
1094,56048.0,56182.99885688799,56060.09949580408,56129.16832609804,56199.01607693195,16.0,-11.137023804578348,5.48471294817864,-28.247834802255966,-24.60412632590669
1095,56112.0,56173.20786082756,56126.0816877727,56141.50465434481,56181.96275445264,176.0,-8.072364992727671,136.39063083211659,27.088655419178394,-13.555184756682138
1096,56400.0,56166.85412690254,56332.880757468316,56183.3456369364,56171.905707418584,-152.0,-4.423635913448379,-128.7971429627978,-66.48619894021613,-21.461761663118523
1097,55808.0,56164.360589000666,55868.4874018471,56008.53225646438,56139.0392311264,-184.0,-0.5405681077063491,-161.9563463856939,-74.54725223983041,-16.314514735870034
1098,56032.0,56165.772990687125,56008.96806469693,56034.25113245674,56139.276677946844,24.0,3.182079343143414,25.320986334467307,26.844442220732162,5.60128071779036
1099,55856.0,56170.72474768695,55919.12937451604,56062.221140905844,56150.24179256198,272.0,6.360532586091722,248.0374477481928,131.0805789020269,25.677204243234883
1100,56576.0,56178.49405585931,56505.042960193314,56296.41229026079,56190.63108643331,256.0,8.695335640579287,208.89912129494041,94.39729448534126,21.120848192993435
1101,56368.0,56188.11541896811,56336.92761710592,56251.015729876526,56192.48348894797,-408.0,10.00415068246366,-323.47725755780266,-103.88869544599947,-6.923423037940665
1102,55760.0,56198.502357224235,55858.08844507771,56088.63489936879,56176.78424035743,16.0,10.240237446927495,11.60305336034071,1.9366191766603151,5.139963427332987
1103,56400.0,56208.595893861966,56360.1337238266,56254.88896822985,56202.763415802634,384.0,9.505645053264743,302.71389788189845,93.69855297598042,16.11734623533266
1104,56528.0,56217.513647330765,56463.516240841505,56276.032005320754,56209.0189328281,-320.0,8.017679014152236,-266.32744196977364,-104.84096024871542,-9.693536333132215
1105,55760.0,56224.63125189027,55827.47883988705,56045.207047732416,56183.37634313637,-304.0,6.0674648198073555,-251.35203832699335,-88.22143372213395,-4.473772534911404
1106,55920.0,56229.64857697038,55960.81216418752,56099.589137876486,56200.071387758275,408.0,3.978781716985395,337.4298095957056,144.17665908232084,30.69861400981972
1107,56576.0,56232.58881532424,56502.33845907846,56333.56036589706,56244.77357115601,184.0,2.0689681074109103,173.1829259256374,112.75141096909283,28.14086195553682
1108,56288.0,56233.7865131852,56307.17801603879,56325.09195981467,56256.35311166935,-160.0,0.6235213153195218,-99.27036284571295,10.077573824954015,9.997196096806874
1109,56256.0,56233.83585795488,56303.79773338704,56353.715513546966,56264.76796334962,296.0,-0.14416061302472372,235.60838428342686,77.48131050577649,8.853249847754341
1110,56880.0,56233.49819195915,56778.39478460565,56480.054580826225,56274.05961136486,-80.0,-0.1158759353638743,-90.43791283345126,-73.63364230763182,-21.005371416522394
1111,56096.0,56233.60410608415,56122.921907720134,56206.4482289317,56222.75722051658,-544.0,0.7166146585877868,-463.85445120454824,-218.3822374286683,-44.96452982245319
1112,55792.0,56234.93142127633,55850.68588219655,56043.29010596889,56184.13055171995,48.0,2.2356257058418123,21.19338545919163,-37.51306997836946,-19.020141210625297
1113,56192.0,56238.075357495836,56165.30867863852,56131.42208897496,56184.71693809533,224.0,4.2035086611394945,181.16618963457222,57.84302749355993,0.22223328013933497
1114,56240.0,56243.33843859861,56213.018261465695,56158.97616095601,56184.57501828023,-128.0,6.277171763431397,-87.19910984433591,-12.957847540958028,-2.9131689010864648
1115,55936.0,56250.6297010227,55990.910458949846,56105.50639389305,56178.890600293154,56.0,8.055101400623244,52.44449223339325,31.283429883565987,6.460112027583818
1116,56352.0,56259.44864139985,56317.90724593248,56221.54302072314,56197.4952423354,200.0,9.14609249321802,156.53301664505852,50.808137191659625,10.879404159008118
1117,56336.0,56268.921886009135,56303.97649223996,56207.122668276366,56200.64940861117,-192.0,9.23481159169387,-174.04829249269096,-78.85901830858711,-3.6133632936653157
1118,55968.0,56277.91826458324,55969.8106609471,56063.824984105966,56190.26851574807,-384.0,8.148405441032082,-325.11252655736826,-95.38519211741368,0.7325329242994485
1119,55568.0,56285.2186968912,55653.751439125226,56016.35228404154,56202.11447445977,368.0,5.897511275867146,342.98219961327413,176.70344195633515,43.55168243469234
1120,56704.0,56289.713287134975,56655.77506017365,56417.231868018636,56277.37188061745,592.0,2.6829187008697772,530.614696107652,257.49551798641915,53.92600018855592
1121,56752.0,56290.58453429294,56714.98083134053,56531.34332001438,56309.96647483688,-176.0,-1.1556447295224643,-125.89007213044533,3.783112002929556,10.492917961269995
1122,56352.0,56287.40199767593,56403.99491591276,56424.798092024495,56298.35771653999,-32.0,-5.207510141612147,-51.01133586400465,-70.14618197763411,-14.290872469890019
1123,56688.0,56280.169514009714,56612.95815961252,56391.05095605911,56281.3847298971,-328.0,-9.087145648336445,-311.9037678106615,-182.22165793582826,-37.30375014803212
1124,55696.0,56269.22770637926,55780.187380291434,56060.35477615284,56223.75021624393,-288.0,-12.5154212459056,-266.1760682908898,-148.5187918298543,-31.247002840980713
1125,56112.0,56255.1386715179,56080.60602303074,56094.0133723994,56218.89072421514,200.0,-15.356358027966053,143.44875789302387,24.6652824462617,0.4850441819689877
1126,56096.0,56238.514990323325,56067.08489607748,56109.68534104536,56224.720304607865,-216.0,-17.590248205378884,-158.096646565853,22.514639168639405,12.265595623117406
1127,55680.0,56219.958175107146,55764.412729899035,56139.04265073668,56243.421915461375,600.0,-19.271536814099818,560.3120414153964,258.8786350596565,46.87270662658193
1128,57296.0,56199.971916695125,57187.708978908275,56627.442611164675,56318.46571786103,352.0,-20.456406538371084,325.6111320781274,154.12126601033742,26.16708829270283
1129,56384.0,56179.0453620304,56415.63499405529,56447.285182757354,56295.75609204678,-584.0,-21.110504073916672,-498.58956120272705,-148.5148370286479,-27.121821211912902
1130,56128.0,56157.75090854729,56190.52985650282,56330.41293710738,56264.2220754372,136.0,-21.087636850999843,87.5441449616228,-15.66577709628109,-24.722912837711192
1131,56656.0,56136.870088328404,56590.723283978536,56415.95362856479,56246.31026637136,112.0,-20.143363509490882,73.80984736840401,-34.482494260188105,-38.39629574728315
1132,56352.0,56117.46418152831,56338.14955123963,56261.447948587,56187.42948394264,-360.0,-17.990869849520095,-321.8259765407456,-199.7817056842905,-67.1093082315856
1133,55936.0,56100.88834862936,55947.071330897044,56016.39021719621,56112.09164990819,-368.0,-14.395030671410495,-335.72156585736593,-204.8626227926834,-66.5332515390437
1134,55616.0,56088.67412018549,55666.7064195249,55851.72270300164,56054.36298086455,-24.0,-9.281200057128444,-26.83281374766375,-46.80616269375969,-35.81052000040654
1135,55888.0,56082.32594851511,55893.40570340172,55922.77789180869,56040.470609907374,304.0,-2.801567053906183,253.7278008853864,88.4441347114007,-6.2688404618093045
1136,56224.0,56083.07098607768,56174.16202129567,56028.61097242444,56041.82529994093,32.0,4.636030493751605,31.566424372293113,8.138566827965406,-7.754044969395181
1137,55952.0,56091.59800950261,55956.5385521463,55939.05502546462,56024.96251996858,-216.0,12.394557499432267,-194.93070841784356,-96.02843422750084,-13.214653973922395
1138,55792.0,56107.86010107654,55784.30060445998,55836.554103969436,56015.395991993086,-248.0,19.676350967081817,-210.7349253864195,-80.22386951046792,1.6032716241606977
1139,55456.0,56130.95071143677,55535.068701373464,55778.60728644369,56028.169063216905,224.0,25.678543996502412,197.69964029984476,103.35682569609708,41.38152438466204
1140,56240.0,56159.217189069546,56179.69988505967,56043.26775536163,56098.15904076241,336.0,29.709394600555243,291.5425724655106,166.2943465987555,62.89792958362523
1141,56128.0,56190.369500637884,56118.153846304485,56111.1959796412,56153.964922384155,-176.0,31.29271199073628,-110.77680723277444,59.52621410016218,57.104127740956756
1142,55888.0,56221.80261305102,55958.14627059412,56162.320183561955,56212.36729624432,256.0,30.294501891294203,246.29887164172396,188.2842957017383,74.62073867237996
1143,56640.0,56250.95850442047,56610.75158958793,56487.764571044674,56303.206399728915,512.0,26.927541042165103,450.7881725520092,249.32667300505636,73.99942347103934
1144,56912.0,56275.65769513535,56859.72261569814,56660.97352957207,56360.3661431864,-48.0,21.698922133335145,-12.41589539906272,47.69572331343079,29.57805061680483
1145,56544.0,56294.35634868714,56585.91979878981,56583.156017671536,56362.362500962525,-56.0,15.311362181484583,-64.20382295931631,-58.23950306477127,-7.085517175746645
1146,56800.0,56306.28041949832,56731.31496977951,56544.494523442525,56346.19510883491,-280.0,8.541796551297011,-268.2876574499169,-166.4142325077446,-38.85763668587606
1147,55984.0,56311.43994178974,56049.344483889974,56250.32755265605,56284.64722759077,-328.0,2.0998730789542606,-284.9903891024769,-161.00319445845162,-46.51551986459526
1148,56144.0,56310.48016565623,56161.334191574555,56222.48813452562,56253.16406910572,264.0,-3.493657944345614,198.66066555735233,11.404649132382474,-26.024955029770354
1149,56512.0,56304.452625901045,56446.66581500468,56273.13685092081,56232.59731753123,-24.0,-7.936374405278912,-41.33930154646805,-68.7828581444046,-34.536885697922116
1150,56096.0,56294.60741684567,56078.65558848162,56084.92241823681,56184.090297709874,-560.0,-11.118592374696163,-473.18745642738213,-193.75322356559263,-44.102504935865
1151,55392.0,56282.21544115165,55500.290902149914,55885.630403789626,56144.3923076595,144.0,-13.070261701192067,126.1511026959488,47.523187447630335,-2.078374667398748
1152,56384.0,56268.466893443285,56330.95779387352,56179.96879313207,56179.93354837508,480.0,-13.872128087263263,420.84975512552774,192.32278590848,25.337918134326173
1153,56352.0,56254.47118497713,56341.99041240097,56270.275975606586,56195.068143928154,-80.0,-13.580246034944139,-39.0153194677041,49.445170277809666,7.288002749490261
1154,56224.0,56241.3064013734,56252.92715493811,56278.85913368769,56194.50955387406,56.0,-12.198596035592345,55.57251722770525,36.012724924949,-2.0331123603973538
1155,56464.0,56230.07399290594,56453.13544685638,56342.301425456484,56191.00191920736,192.0,-9.696197921897692,145.88552620019254,2.5930044970373274,-17.157538706331252
1156,56608.0,56221.9140055296,56544.69820733849,56284.04514268177,56160.194476461395,-496.0,-6.067607619450428,-440.19205529411556,-220.23371143383702,-53.19771892289282
1157,55472.0,56217.93877766704,55572.75133626815,55901.83400258881,56084.606481361574,-240.0,-1.4097721478792664,-252.94433726091302,-167.29413879854837,-44.957671031741484
1158,56128.0,56219.09446123384,56038.80953281667,55949.45686508467,56070.27913439791,24.0,4.027432379236416,20.105860631840187,-41.64870496180447,-17.213390243767208
1159,55520.0,56225.993642425514,55612.96305753183,55818.5365926652,56050.17970087404,40.0,9.825299175543478,38.968812374303525,18.348023913134966,6.409551519827801
1160,56208.0,56238.74505958493,56116.747157565274,55986.15291291094,56083.09823743757,48.0,15.428922362360026,47.5198878598203,56.69277670120937,26.67344843540559
1161,55616.0,56256.851487150234,55708.00283325147,55931.92214606762,56103.52659774485,8.0,20.227638698186638,51.269841943551,103.7303061904895,44.80469019452721
1162,56224.0,56279.2003369813,56219.28684145238,56193.61352529192,56172.70761782662,584.0,23.665288560103363,487.7182154627844,246.49814187026277,66.61640097310374
1163,56784.0,56304.18206427044,56683.43926417704,56424.918429808145,56236.75939969106,-88.0,25.334025278149056,-43.384333309775684,51.76411942029881,36.68975184898591
1164,56048.0,56329.8683875376,56132.518174832825,56297.14176413252,56246.08712152459,-176.0,25.046509416544723,-123.59713826045845,-3.2057836093699734,19.232077909768122
1165,56432.0,56354.27508310353,56436.24498765612,56418.506862589406,56275.223555510594,392.0,22.86721575565025,324.9517511039121,114.61852975158763,21.29761176152897
1166,56832.0,56375.6028190489,56782.42167704065,56526.37882363569,56288.68234504765,120.0,19.089338564896025,98.28507458776949,-44.9386271358635,-13.707093210563471
1167,56672.0,56392.45376023332,56632.81513683166,56328.62960831768,56247.80936908947,-856.0,14.182789529495494,-784.1380799314138,-369.4344111591745,-62.08250750370644
1168,55120.0,56403.96839810789,55214.14551717782,55787.51000131734,56164.51733004024,-536.0,8.713449406775908,-509.3348098839815,-207.36460634166724,-31.06617254722005
1169,55600.0,56409.880659046874,55614.1455170637,55913.900395634344,56185.67702399503,800.0,3.258345940612344,718.046952026165,283.3405921341764,50.443545154539606
1170,56720.0,56410.48508998912,56650.23942123015,56354.191185585696,56265.40442034932,432.0,-1.6617743602910195,439.9716434954353,257.38638274420373,56.99761737175868
1171,56464.0,56406.55711032629,56494.08880405457,56428.67316112275,56299.672258738545,-8.0,-5.626956878768397,-5.706596902728052,56.81855609842751,26.051451326151437
1172,56704.0,56399.23117623158,56638.826227424695,56467.82829778255,56317.50732300162,-200.0,-8.356029821647098,-181.1314395064037,-78.93071444892848,-1.4895695868435723
1173,56064.0,56389.845050683,56131.82592504176,56270.811732224895,56296.69311956486,-192.0,-9.6910906045523,-167.87067717414538,-93.61069944520204,-9.179547458516026
1174,56320.0,56379.848995022476,56303.084873076405,56280.60689889215,56299.14822808459,144.0,-9.583362912086159,86.68331341665908,-9.90138388667765,1.4125199239570065
1175,56352.0,56370.678324858825,56305.19255187508,56251.00896445154,56299.51815941277,-288.0,-8.08549420800773,-231.92956182592752,-80.09345221484182,-2.2541607011808082
1176,55744.0,56363.67800660646,55839.22574942455,56120.41999446246,56294.63990668223,-16.0,-5.3096797337748285,10.161944672214304,57.62102724215947,22.65374260356839
1177,56320.0,56360.058965391276,56325.51644121951,56366.25101893586,56344.82564461991,776.0,-1.4232921643779264,674.2416137763939,268.95653394132023,51.4270201686777
1178,57296.0,56360.831422277704,57187.70897697734,56658.333062345104,56397.49394701958,-168.0,3.361733164805628,-134.92895356216104,-26.75142541819514,7.7429997506515065
1179,55984.0,56366.78243172089,56055.658534095186,56312.74816809947,56360.31164412121,-528.0,8.789862346835434,-478.46011408343475,-181.21081019590565,-18.366720692309173
1180,56240.0,56378.411146971375,56230.78874881047,56295.91144195329,56360.760505634964,160.0,14.530403715729335,129.0739587676071,11.118994830474549,6.48688679550105
1181,56304.0,56395.843239152346,56313.8064516304,56334.98615776042,56373.28541771221,136.0,20.18542144089588,132.04996097194453,54.5677946873293,15.98918296285774
1182,56512.0,56418.78198985317,56494.88867075436,56405.04703132795,56392.73887156068,128.0,25.264789789718634,95.52557289574543,16.58438923151334,13.49039742649984
1183,56560.0,56446.37281873178,56504.85759742189,56368.154936223444,56400.26621256521,-392.0,29.201613259137957,-331.19843000000765,-132.81462699278927,-0.45934836720698513
1184,55728.0,56477.18521637144,55832.49181075434,56139.41777734237,56391.820174826265,-88.0,31.427663063142973,-84.45138911883987,-23.028270209881157,24.744971002368402
1185,56384.0,56509.22814485807,56335.95481918421,56322.09839580368,56449.75615456995,296.0,31.46465901017291,263.23710435093017,151.7298163631458,61.223787472183176
1186,56320.0,56540.11453439179,56358.9660194562,56442.877410068664,56514.26774977063,208.0,29.033193930008565,217.84129755299,182.21771929931492,74.22498268920754
1187,56800.0,56567.294532718086,56771.63741429019,56686.53383440231,56598.206119948365,312.0,24.131196866561368,270.858466284968,186.92334153480624,73.84867617515556
1188,56944.0,56588.37692812491,56900.68295202614,56816.72409313828,56661.96510212094,-144.0,17.118781347911863,-87.53970213335197,66.55230530510016,49.65723727862496
1189,56512.0,56601.53209541391,56596.55801002349,56819.63844501251,56697.520594505615,264.0,8.692030822268862,252.8361180780048,156.7335743804906,44.83152210995104
1190,57472.0,56605.76098976945,57406.35518818215,57130.19124189926,56751.628146340845,392.0,-0.21644189128346625,347.4021091061659,139.64841783637166,18.088959152271855
1191,57296.0,56601.09921163134,57291.36222823582,57098.935280685255,56733.69851281016,-152.0,-8.572755579349177,-138.1818187672361,-129.78832087137562,-46.04470789017796
1192,57168.0,56588.61547861075,57129.991550647675,56870.61460015651,56659.53873056049,-680.0,-15.438904112968885,-643.6860150222346,-377.0133804504949,-99.58284572164484
1193,55936.0,56570.221403405405,56003.99019819135,56344.908519784265,56534.53282136687,-504.0,-20.14615043131562,-493.77727082711135,-321.25182048011266,-95.07926812527876
1194,56160.0,56548.32317774812,56142.43700899345,56228.11095919628,56469.38019430993,88.0,-22.399197678474593,50.631855769384856,-82.74208098983945,-49.68361734144128
1195,56112.0,56525.423008048456,56105.25390973012,56179.424357804586,56435.16558668399,-112.0,-22.283886278084537,-70.91355061273134,-14.974422489398421,-18.056328291746468
1196,55936.0,56503.75540519195,56000.60990776799,56198.162114217484,56433.26753772644,264.0,-20.190848718782945,243.11008358863546,149.8188135216369,22.965327928777697
1197,56640.0,56485.04131061089,56591.47407690739,56479.06198484786,56481.09624254154,344.0,-16.673136570581846,323.5300069655168,200.43086305430916,39.88351694217636
1198,56624.0,56470.40913205079,56647.669921699024,56599.0238403261,56513.03457161079,192.0,-12.288152467644977,174.5454532867625,107.47377564129056,26.390057649790833
1199,57024.0,56460.4650056756,56940.564983480916,56694.00953613044,56533.87635784112,-200.0,-7.4758149767440045,-184.7622056790642,-70.00953613044112,-3.6643958776112413
1200,56224.0,56455.4575020973,56278.145510340895,56459.00476806522,56505.70577985557,-800.0,-5.007503578301112,-662.4194731400203,-235.00476806522056,-28.1705779855547
