distance,Raw,Median+Gaussian,Huber MRF lambda=0.1,Huber MRF lambda=1,Huber MRF lambda=10,derivative:Raw,derivative:Median+Gaussian,derivative:Huber MRF lambda=0.1,derivative:Huber MRF lambda=1,derivative:Huber MRF lambda=10
0,45568.0,45206.43159874534,45539.38409454842,45471.02892631021,45374.94338437107,-384.0,3.8392323079460766,-286.15905451578874,-96.9710736897905,-19.305661562895693
1,45184.0,45210.27083105328,45253.22504003263,45374.05785262042,45355.63772280818,144.0,5.724809757826733,117.69881732441354,-1.9421473795810016,-10.723775422484323
2,45856.0,45217.88121826099,45774.781729197246,45467.14463155105,45353.4958335261,-152.0,9.416843656195852,-156.82430783626478,-101.34090529384412,-27.26709760576705
3,44880.0,45229.104518365675,44939.5764243601,45171.37604203273,45301.10352759664,-352.0,12.887032316441037,-322.7662117265427,-150.08056850195499,-31.337129549632664
4,45152.0,45243.65528289387,45129.24930574416,45166.98349454714,45290.82157442684,88.0,15.98529568336744,75.91941010485243,3.0991997879791597,-3.340874448458635
5,45056.0,45261.07510973241,45091.415244569806,45177.57444160869,45294.421778699725,152.0,18.53407924705607,139.24216167465784,71.3781678658961,15.521293207868439
6,45456.0,45280.723441387985,45407.733629093476,45309.73983027893,45321.864160842575,80.0,20.34210521067871,74.98652999103797,59.03530380970551,20.735590184984176
7,45216.0,45301.75932015377,45241.38830455188,45295.6450492281,45335.89295906969,-72.0,21.23490862752442,-39.40380178217674,25.72774356321679,20.02344618059942
8,45312.0,45323.193258643034,45328.92602552912,45361.19531740536,45361.911053203774,208.0,21.09450030057269,172.1678486228484,90.1479268799485,28.513646794268425
9,45632.0,45343.94832075491,45585.72400179758,45475.940902988,45392.92025265823,16.0,19.876785545890016,25.417985256342945,36.71603707662507,19.055212087369
10,45344.0,45362.946829734814,45379.76199604181,45434.62739155861,45400.02147737851,-40.0,17.62185010560279,-27.15202554674761,4.00018434993035,9.90229858920793
11,45552.0,45379.19202096612,45531.41995070408,45483.94127168786,45412.724849836646,64.0,14.455222161039273,48.75770818271121,15.284515973169619,5.739614949965471
12,45472.0,45391.85727405689,45477.27741240723,45465.19642350495,45411.50070727844,-32.0,10.593374389776727,-27.755476260706928,-22.146636430425133,-4.249107194278622
13,45488.0,45400.37876974567,45475.90899818267,45439.64799882701,45404.22663544809,-56.0,6.310710700647178,-61.823423311216175,-49.72442526444138,-11.462740057952033
14,45360.0,45404.47869545819,45353.6305657848,45365.74757297607,45388.57522716254,-184.0,1.9293975439068163,-154.12560347386898,-71.02663936290264,-14.222646927424648
15,45120.0,45404.237564833486,45167.65779123493,45297.5947201012,45375.78134159324,64.0,-2.1846119497786276,52.316181624766614,20.64450717573709,-0.004818489633180434
16,45488.0,45400.10947155863,45458.26292903433,45407.036587327544,45388.56559018327,160.0,-5.665715252122027,141.91978297106107,68.96016089010664,7.812528099195333
17,45440.0,45392.90613432924,45451.49735717705,45435.515041881416,45391.40639779163,56.0,-8.174165509070008,50.72121402798075,26.235975494586455,0.4111274979368318
18,45600.0,45383.76114054049,45559.70535709029,45459.50853831672,45389.387845179146,-112.0,-9.42969467700459,-93.26521463528115,-46.25223440634363,-12.549160353526531
19,45216.0,45374.04674497523,45264.96692790649,45343.01057306873,45366.30807708458,-40.0,-9.274508201877325,-49.90378965133641,-52.99267871362463,-15.564364240337454
20,45520.0,45365.212124136735,45459.89777778762,45353.52318088947,45358.25911669847,-240.0,-7.720083706451987,-223.87432655290468,-72.72580173453025,-16.13600455118285
21,44736.0,45358.60657756233,44817.21827480068,45197.55896959967,45334.03606798221,296.0,-4.966631400606275,285.441973444631,74.81527351003751,5.678754682849103
22,46112.0,45355.27886133552,46030.78172467688,45503.15372790954,45369.61662606417,88.0,-1.4033869252598379,75.14053456420879,1.1716222646500682,-1.538610614832578
23,44912.0,45355.79980371181,44967.4993439291,45199.90221412897,45330.95884675255,-488.0,2.4412531364214374,-457.1901594619194,-159.30040671609459,-17.709836973994243
24,45136.0,45360.161367608365,45116.401405753044,45184.55291447735,45334.19695211618,56.0,5.985815752410417,50.90909058917532,8.927157587062538,13.147952969440666
25,45024.0,45367.77143521663,45069.31752510745,45217.75652930309,45357.25475269143,208.0,8.710830648822594,201.0739105438588,130.0818794772822,39.720538209821825
26,45552.0,45377.58302890601,45518.54922684076,45444.71667343192,45413.638028535825,272.0,10.255701129139197,260.4076702849052,173.3184808447877,49.465177271184075
27,45568.0,45388.28283747491,45590.13286567726,45564.39349099267,45456.185107233796,200.0,10.485215254098875,182.24796722281462,117.8735630570809,36.956334059665096
28,45952.0,45398.55345941421,45883.04516128639,45680.46379954608,45487.550696655155,-48.0,9.512742521314067,-51.861897958919144,-19.697791673544998,8.14312425411481
29,45472.0,45407.308322517536,45486.40906975942,45524.99790764558,45472.471355742025,-392.0,7.652462737190945,-324.590742729848,-128.9669380777159,-15.055773126030545
30,45168.0,45413.85838488859,45233.863675826695,45422.52992339065,45457.439150403094,96.0,5.330875407296844,84.49089684402497,24.796977440397313,-0.5602478187756788
31,45664.0,45417.97007333213,45655.39086344747,45574.59186252637,45471.350860104474,440.0,2.9821671076279017,370.7635932148478,107.35787039891511,4.279252706604893
32,46048.0,45419.822719103846,45975.39086225639,45637.24566418848,45465.9976558163,-360.0,0.9498178023495711,-324.7542717065553,-142.72336624365926,-34.45332149735259
33,44944.0,45419.86970893683,45005.88232003436,45289.145130039054,45402.44421710977,-416.0,-0.5780937347044528,-378.3883602527676,-175.52796912989288,-40.631227851052245
34,45216.0,45418.66653163444,45218.614141750855,45286.18972592869,45384.7352001142,288.0,-1.572577520259074,225.8025304707844,32.139458853980614,-9.272256989854213
35,45520.0,45416.72455389631,45457.48738097593,45353.424047747016,45383.89970313006,-112.0,-2.1382653675900656,-73.68985589528893,-16.053654308168916,-7.640511827637965
36,44992.0,45414.39000089926,45071.23442996028,45254.082417312355,45369.45417645892,0.0,-2.4517051688999345,15.206203850368183,31.699578221519914,4.427182151808665
37,45520.0,45411.82114355851,45487.89978867667,45416.823204190056,45392.75406743368,304.0,-2.6866278505913215,250.87729703510558,111.15238897272502,16.937594346440164
38,45600.0,45409.016745198074,45572.98902403049,45476.387195257805,45403.3293651518,-72.0,-2.966652968119888,-49.965644493731816,-2.24241130334849,0.7417659757120418
39,45376.0,45405.88783762227,45387.9684996892,45412.33838158336,45394.2375993851,-152.0,-3.3368215487535053,-125.17802589528219,-45.879622882763215,-8.179885797442694
40,45296.0,45402.34310210057,45322.632972239924,45384.62794949228,45386.96959355692,88.0,-3.7702972667393624,67.82933375033826,16.603542655055207,-2.7195261503402435
41,45552.0,45398.34724308879,45523.62716718988,45445.54546689347,45388.79854708442,80.0,-4.1915200398470915,59.13003089934864,7.690250847925199,-6.331119118276547
42,45456.0,45393.96006202087,45440.89303403862,45400.00845118813,45374.307355320365,-192.0,-4.518598947499413,-158.26896295815095,-73.53279011127597,-18.575823998035048
43,45168.0,45389.31004519379,45207.08924127358,45298.47988667092,45351.64689908835,-32.0,-4.692890795380663,-38.357586397149134,-36.28862118175675,-13.478111277599965
44,45392.0,45384.57428043011,45364.17786124432,45327.431208824615,45347.351132765165,24.0,-4.693450876238785,17.977926192379527,-3.3330734339906485,-6.528209684925969
45,45216.0,45379.923143441316,45243.04509365834,45291.813739802936,45338.5904797185,24.0,-4.541779541134019,14.09270070569255,2.2894008797920833,-2.631129060737294
46,45440.0,45375.490721347844,45392.36326265571,45332.0100105842,45342.08887464369,-112.0,-4.291646705241874,-88.86551772407256,-13.798723926640378,-1.3971613426292606
47,44992.0,45371.33985003083,45065.31405821019,45264.216291949655,45335.79615703324,152.0,-4.001998238865781,142.48343138253767,68.31442734028315,10.897090241214755
48,45744.0,45367.48672487011,45677.33012542078,45468.638865264766,45363.88305512612,208.0,-3.724647119488509,175.70434953741278,66.74200594749345,9.081050849184976
49,45408.0,45363.890555791855,45416.72275728502,45397.70030384464,45353.95825873161,-264.0,-3.496046429623675,-216.99358171067433,-76.08840949780279,-12.626883457927761
50,45216.0,45360.494632010865,45243.342961999435,45316.46204626916,45338.629288210264,-24.0,-3.320254096728604,-36.6649852884002,-31.00723444090181,-9.197506110835093
51,45360.0,45357.2500475984,45343.39278670822,45335.68583496284,45335.56324650994,16.0,-3.1769861779685016,17.01375824986826,7.066706175097352,-4.287879374827753
52,45248.0,45354.14065965493,45277.37047849917,45330.595458619355,45330.05352946061,88.0,-3.0336800999430125,80.83008428680478,36.20735296619387,-1.4070405762977316
53,45536.0,45351.18268739851,45505.052955281826,45408.100540895226,45332.749165357345,96.0,-2.854170529102703,72.94725319178906,13.555352723484248,-7.466905835397483
54,45440.0,45348.43231859672,45423.26498488275,45357.70616406632,45315.119717789814,-184.0,-2.5900668152826256,-165.46304598532515,-91.54129479574112,-23.873461678042077
55,45168.0,45346.00255376795,45174.126863311176,45225.017951303744,45285.00224200126,-256.0,-2.2036893340300594,-218.5038050156909,-104.17923711070762,-24.26736368849015
56,44928.0,45344.02493992866,44986.25737485137,45149.34768984491,45266.58499041283,128.0,-1.6661216143875208,103.4173857970236,35.00358346361827,-1.4880020677846915
57,45424.0,45342.67031053917,45380.96163490522,45295.02511823098,45282.02623786569,208.0,-0.9306300118732906,179.5124345799486,81.18998750155879,8.342559346139751
58,45344.0,45342.163679904916,45345.282244011265,45311.727664848026,45283.27010910511,-48.0,0.041255980115238344,-29.268170837625803,0.5663790410617366,-1.792623305318557
59,45328.0,45342.7528224994,45322.42529322997,45296.157876313104,45278.440991255055,-56.0,1.2798826781036041,-50.73048463144005,-31.49085037836994,-7.307068287307629
60,45232.0,45344.72344526112,45243.821274748385,45248.745964091286,45268.6559725305,0.0,2.820028044137871,-19.497644739662064,-39.03893017617884,-7.952220098035468
61,45328.0,45348.39287858768,45283.43000375065,45218.080015960746,45262.53655105898,-248.0,4.680163430875837,-213.30151331654633,-85.62594015016657,-9.392593918561033
62,44736.0,45354.083772122875,44817.21824811529,45077.49408379095,45249.870784693376,0.0,6.85654826127211,18.647101953472884,30.161109725679125,13.027772869059845
63,45328.0,45362.10597511022,45320.72420765759,45278.402235412104,45288.5920967971,496.0,9.322159195267886,418.4196418899519,176.10926932720395,36.750916943583434
64,45728.0,45372.72809051341,45654.057531895196,45429.71262244536,45323.37261858054,-88.0,12.013550430638134,-59.40963560476666,2.166698255939991,14.54915271246864
65,45152.0,45386.1330759715,45201.90493644806,45282.735631923984,45317.69040222204,-192.0,14.823987300114823,-179.597293888477,-81.60917455938761,2.602303752595617
66,45344.0,45402.37606511364,45294.86294411824,45266.494273326585,45328.577226085734,-168.0,17.59279111174328,-152.7272717386295,-54.99422193410646,10.1156851679807
67,44816.0,45421.318658194985,44896.4503929708,45172.74718805577,45337.921772558,136.0,20.108520314188354,136.98138712750733,84.62650875706822,35.440635100170766
68,45616.0,45442.59310574202,45568.82571837326,45435.74729084072,45399.458496286075,320.0,22.11548326591219,303.3619438477799,172.87374820531113,50.70964854237536
69,45456.0,45465.54962472681,45503.17428066636,45518.494684466394,45439.34106964275,272.0,23.3255316654504,254.97800362485577,113.99473585887245,39.04962683881604
70,46160.0,45489.24416907292,46078.78172562297,45663.73676255847,45477.55774996371,-240.0,23.45808737110201,-239.41788806976547,-102.8895406286938,4.094567819141957
71,44976.0,45512.46579946901,45024.33850452683,45312.715603209006,45447.53020528104,-544.0,22.288277739273326,-488.574775320747,-182.66335774495383,-6.451034418620111
72,45072.0,45533.820724551464,45101.632174981474,45298.41004706856,45464.65568112647,248.0,19.699949860631023,225.45454536202305,98.89946739382867,36.758259901751444
73,45472.0,45551.865699190275,45475.247595250876,45510.51453799666,45521.04672508454,440.0,15.725756655414443,405.22866825088204,231.36175992643257,58.8433802123036
74,45952.0,45565.27223786229,45912.08951148324,45761.133566921424,45582.342441551074,232.0,10.582394913013559,221.91420192143414,155.18581238547995,42.812838544083206
75,45936.0,45573.0304890163,45919.075999093744,45820.88616276762,45606.672402172706,-120.0,4.656694326589786,-77.63351692078868,2.195677230007277,7.863580730270769
76,45712.0,45574.58562651547,45756.82247764166,45765.52492138144,45598.069603011616,88.0,-1.5375772691186285,61.85886675622169,-28.59878069546903,-14.299319010508043
77,46112.0,45569.955334478065,46042.79373260619,45763.688601376685,45578.07376415169,-224.0,-7.429945674779447,-246.4112311047429,-175.9920193164071,-46.692150652346754
78,45264.0,45559.725735165914,45264.000015432175,45413.540882748624,45504.68530170692,-680.0,-12.484904975251993,-604.7877358183541,-275.3772772537486,-61.354197359414684
79,44752.0,45544.98552452756,44833.21826096948,45212.93404686919,45455.36536943286,248.0,-16.27803318464794,214.77266153343226,29.86018755515397,-14.151663802425901
80,45760.0,45527.16966879662,45693.54533849904,45473.26125785893,45476.38197410207,328.0,-18.553764561867865,300.9359037814611,116.95783991921417,6.835703374319564
81,45408.0,45507.877995403825,45435.0900685324,45446.849726707616,45469.0367761815,-160.0,-19.241993414758326,-123.00492730462793,-6.986667797507835,-4.29335911149974
82,45440.0,45488.6856819671,45447.535483889784,45459.28792226392,45467.79525587907,80.0,-18.4393485657165,50.12283480628321,22.082156688258692,0.1482424915266165
83,45568.0,45470.99929827239,45535.33573814497,45491.014040084134,45469.33326116455,-104.0,-16.367433346895268,-75.52105501996994,-6.766862137712451,-3.3953316562910913
84,45232.0,45455.95081527331,45296.493373849844,45445.75419798849,45461.00459256649,256.0,-13.325093847466633,231.72299341529288,61.61725689860032,3.1215610302642745
85,46080.0,45444.34911057746,45998.78172497555,45614.248553881334,45475.57638322508,-136.0,-9.641412571618275,-131.67972567999823,-64.38136716649387,-15.649390180158662
86,44960.0,45436.667990130074,45033.13392248985,45316.991463655504,45429.70581220617,-352.0,-5.647597865292482,-320.1999768142123,-118.7613583980783,-22.38528040859819
87,45376.0,45433.053914846874,45358.38177134713,45376.72583708518,45430.805822407885,288.0,-1.6601976569654653,237.15670559291902,60.09729197226625,3.840301322106825
88,45536.0,45433.34759481614,45507.447333675686,45437.18604760004,45437.386414850385,-8.0,2.0232399933192937,6.302230707005947,11.053234314877045,1.6499131850177946
89,45360.0,45437.10039483351,45370.98623276114,45398.83230571493,45434.10564877792,-112.0,5.128905659083102,-81.5299371088513,-18.937589027635113,0.4245163664345455
90,45312.0,45443.60540613431,45344.38745945798,45399.310869544766,45438.235447583254,176.0,7.414929963382747,135.3385239867457,44.133998602217616,10.441571184495842
91,45712.0,45451.93025476028,45641.66328073463,45487.10030291937,45454.98879114691,-112.0,8.683899402385578,-93.4841642571846,-24.660415165715676,3.902783121000539
92,45088.0,45460.97320493908,45157.419130943614,45349.990039213335,45446.041013825256,-136.0,8.808972785282094,-98.07210586594374,-6.115244099364645,8.954273369607108
93,45440.0,45469.54820033084,45445.519069002745,45474.86981472064,45472.89733788613,376.0,7.755728114305384,315.69528307285145,142.3146828676181,28.50119095517948
94,45840.0,45476.48466116769,45788.80969708932,45634.61940494857,45503.043395735614,88.0,5.598629515534412,87.33911353316944,57.059292702218954,13.298227636267256
95,45616.0,45480.74545936191,45620.197296069084,45588.988400125076,45499.49379315866,-184.0,2.5283249322965275,-147.62592067482547,-59.136804760953964,-9.374912919021881
96,45472.0,45481.541311032284,45493.557855739666,45516.34579542666,45484.29356989757,8.0,-1.1636668924802507,-18.850161631071387,-50.46970698508085,-14.58554476621066
97,45632.0,45478.41812557695,45582.49697280694,45488.048986154914,45470.32270362624,-232.0,-5.112761043881619,-202.1698156303064,-100.27231619428858,-22.054731090018322
98,45008.0,45471.31578894452,45089.21822447905,45315.801163038086,45440.184107717534,-40.0,-8.921102157473797,-39.55583038095938,-18.347241597784887,-8.52939052282818
99,45552.0,45460.575921262,45503.38531204502,45451.354502959344,45453.26392258058,184.0,-12.202811645533075,167.0556489717128,85.23059140092664,8.143010992080235
100,45376.0,45446.910165653455,45423.32952242248,45486.26234583994,45456.470129701695,160.0,-14.640456676486792,156.59182248985599,90.03901580056845,7.2297136061934
101,45872.0,45431.29500790903,45816.568957024734,45631.43253456048,45467.72334979297,152.0,-16.025998623743362,116.08421972591168,24.886456000785984,-8.960612419075915
102,45680.0,45414.85816840597,45655.4979618743,45536.03525784151,45438.54890486354,-400.0,-16.292211108444462,-344.5247198810539,-167.37964779821777,-41.24699968625282
103,45072.0,45398.71058569214,45127.519517262626,45296.673238964046,45385.229350420464,-192.0,-15.531592792929587,-189.4373241964422,-127.02539939543931,-37.65808692205246
104,45296.0,45383.79498282011,45276.62331348142,45281.98445905063,45363.23273101944,80.0,-13.97738916743765,52.22036362588187,-21.69655038809651,-18.634982850053348
105,45232.0,45370.755807357265,45231.96024451439,45253.28013818785,45347.95938472036,-64.0,-11.968257945940422,-44.86184639509884,-18.064251768850227,-9.475377063063206
106,45168.0,45359.85846692823,45186.89962069122,45245.85595551293,45344.28197689331,56.0,-9.890681244967709,49.43747963293572,31.503795081542194,5.136691017618432
107,45344.0,45350.97444486733,45330.83520378026,45316.28772835094,45358.232766755595,88.0,-8.111773879885732,78.11160199033839,56.57563701347681,14.662428200066643
108,45344.0,45343.63491916846,45343.1228246719,45359.007229539886,45373.606833293445,-16.0,-6.913495872166095,7.90174425110672,50.223115958895505,16.854408202518243
109,45312.0,45337.147453123,45346.638692282475,45416.73396026873,45391.94158316063,184.0,-6.441922303260071,176.70932902293862,110.09371086320243,22.33182902522094
110,45712.0,45330.75107456194,45696.541482717774,45579.19465126629,45418.27049134389,320.0,-6.68278290269518,272.6102040241749,96.05801663070815,11.64243275044646
111,45952.0,45323.78188731761,45891.859100330825,45608.849993530144,45415.226448661524,-392.0,-7.466667070533731,-345.24543175303916,-141.9196609710707,-29.88272024928301
112,44928.0,45315.81774042087,45006.050619211695,45295.35532932415,45358.50505084532,-264.0,-8.502099223413097,-255.69683404042007,-129.81699954392025,-35.19614527393787
113,45424.0,45306.77768887078,45380.465432249985,45349.215994442304,45344.83415811365,184.0,-9.434225127028185,156.74197428819753,16.468662339309958,-17.629184825993434
114,45296.0,45296.94929016681,45319.53456778809,45328.29265400277,45323.246681193334,64.0,-9.911791140202695,56.74197447858023,-4.777013438153517,-20.225142860643246
115,45552.0,45286.954106590376,45493.949381207145,45339.661967566,45304.38387239236,-176.0,-9.660334108481038,-164.2242360028431,-94.79970265377051,-31.24361518135629
116,44944.0,45277.62862194985,44991.086095782404,45138.69324869523,45260.75945083062,-256.0,-8.527512825112353,-219.0468510551218,-103.62209452315801,-27.786449020208238
117,45040.0,45269.89908094015,45055.8556790969,45132.41777851968,45248.810974351945,184.0,-6.510860331498407,144.04797879898615,39.9334190842892,-1.507927761082101
118,45312.0,45264.606901286854,45279.18205338038,45218.56008686381,45257.74359530846,64.0,-3.7645984213304473,59.236641185343615,39.42235177603288,6.219800721937645
119,45168.0,45262.36988409749,45174.32896146759,45211.26248207175,45261.25057579582,-112.0,-0.5631480101947091,-73.20828457484822,14.333636243809451,8.169509277155157
120,45088.0,45263.480605266464,45132.76548423068,45247.227359351426,45274.08261386277,344.0,2.7386066975523136,300.2263826092567,115.57855695539183,22.13616876008382
121,45856.0,45267.847097492595,45774.7817266861,45442.41959598253,45305.52291331599,-72.0,5.768315339082619,-57.43688774573093,-11.597965377626679,3.916445119019045
122,44944.0,45275.01723594463,45017.89170873922,45224.03142859617,45281.915504100805,-232.0,8.196813303755334,-212.0321493118936,-78.37245308827187,-6.7116340101383685
123,45392.0,45284.240724100106,45350.717428062315,45285.67468980599,45292.09964529571,176.0,9.778306883359619,126.41285963468181,8.480606112807436,5.189123459687835
124,45296.0,45294.57384971135,45270.71742800858,45240.99264082179,45292.29375102018,-264.0,10.390335098520154,-206.41286001084518,-72.18572857330582,0.008793275479547447
125,44864.0,45305.021394297146,44937.891708040625,45141.303232659375,45292.11723184667,56.0,10.0495800533281,47.543285446194204,38.96220816727873,21.22934241882467
126,45408.0,45314.673009818005,45365.80399890097,45318.917057156345,45334.75243585783,224.0,8.904569296377304,206.02182015417566,133.07235307513474,38.972825804048625
127,45312.0,45322.8305328899,45349.935348348976,45407.447938809644,45370.06288345477,168.0,7.20912464443245,173.8080911929028,136.25485105812913,38.213591769675986
128,45744.0,45329.09125910687,45713.420181286776,45591.4267592726,45411.17961939718,248.0,5.2786040705505,210.58573937166875,107.6922000992563,24.475716912274947
129,45808.0,45333.387741031,45771.10682709231,45622.83233900816,45419.01431727932,-152.0,3.443285073572042,-126.77921873289233,-61.17825076037116,-11.614586253897869
130,45440.0,45335.977829254014,45459.86174382099,45469.07025775186,45387.95044688939,-224.0,1.9908342059534334,-211.93636416635127,-139.22695238036613,-33.666348045462655
131,45360.0,45337.36940944291,45347.23409875961,45344.378434247425,45351.68162118839,-184.0,1.1148908488685265,-176.45715126331925,-132.50260638071995,-36.68474464157407
132,45072.0,45338.20761095175,45106.94744129435,45204.06504499042,45314.58095760624,-56.0,0.8895985188173654,-65.5494509935088,-74.28086676179373,-24.971615701844712
133,45248.0,45339.14860648054,45216.13519677259,45195.81670072384,45301.7383897847,-56.0,1.2591195406203042,-50.1362606587827,-34.33999390466488,-10.15564833229655
134,44960.0,45340.72585003299,45006.67491997679,45135.38505718109,45294.269660941645,16.0,2.058401072892593,23.914323088109086,27.26088504780273,9.244754204024503
135,45280.0,45343.26540862633,45263.96384294881,45250.33847081944,45320.22789819275,208.0,3.0588370344339637,177.10813771610628,100.12264904807307,27.96963216074073
136,45376.0,45346.84352410186,45360.891195409,45335.63035527724,45350.20892526313,-8.0,4.020094896157389,21.383329505162692,65.10706209641648,28.691473333536123
137,45264.0,45351.30559841864,45306.73050195914,45380.552595012276,45377.610844859824,176.0,4.745443033862102,159.4918163458351,103.19853724117274,33.082461839683674
138,45728.0,45356.334410169584,45679.87482810067,45542.02742975958,45416.373848942494,160.0,5.120803692883783,132.51846664488767,68.48854962710175,23.1816965297985
139,45584.0,45361.54720580441,45571.76743524891,45517.52969426648,45423.97423791942,-208.0,5.126732086424454,-169.27021660718674,-57.732888359863864,-0.4008991271039122
140,45312.0,45366.58787434243,45341.3343948863,45426.561653039855,45415.572050688286,-104.0,4.832696440593281,-83.76106593113946,-33.687214706700615,-3.2235846967196267
141,45376.0,45371.2125986856,45404.24530338663,45450.15526485308,45417.52706852598,256.0,4.370623307298956,204.13742543352055,60.671244239765656,4.031371263994515
142,45824.0,45375.32912095703,45749.60924575334,45547.904141519386,45423.634793216275,-16.0,3.8938991014219937,-26.589828866621247,-40.29905257399878,-13.910535648894438
143,45344.0,45379.00039688844,45351.06564565339,45369.55715970508,45389.70599722819,-432.0,3.547479234479397,-363.21537183297914,-165.56840196176563,-31.64349612667138
144,44960.0,45382.42407942599,45023.17850208738,45216.767337595855,45360.34780096293,0.0,3.443660076958622,-11.994633129121212,-24.40615331130175,-9.340806217114732
145,45344.0,45385.88771704236,45327.07637939515,45320.74485308248,45371.024384793964,256.0,3.651212332297291,219.2797742835246,92.34994202786038,12.027803070730442
146,45472.0,45389.726504090584,45461.73805065443,45401.467221651576,45384.40340710439,96.0,4.1932703093698365,83.35192453141644,45.455979394890164,8.999192665651208
147,45536.0,45394.2742576611,45493.78022845798,45411.65681187226,45389.022770125266,-224.0,5.050772846254404,-179.05667990654183,-51.982003843193525,-2.729498472868727
148,45024.0,45399.82804978309,45103.624690841345,45297.50321396519,45378.944410158656,72.0,6.171606224757852,60.46061165447463,22.598009075529262,7.668860541325557
149,45680.0,45406.617470110614,45614.70145176693,45456.852830023316,45404.36049120792,160.0,7.467708962034521,132.09132469586257,47.77603106978859,11.634105609657126
150,45344.0,45414.76346770716,45367.80734023307,45393.055276104766,45402.21262137797,-160.0,8.812715813543036,-127.85741036850231,-39.269915866174415,0.7627612389514979
151,45360.0,45424.2429017377,45358.986631029926,45378.31299829097,45405.88601368582,-8.0,10.051678872874618,-13.8875540535264,-5.585778668311832,5.967692992140655
152,45328.0,45434.86682545291,45340.03223212602,45381.88371876814,45414.14800736225,40.0,11.004136314975767,41.20676172618187,30.512579861249833,12.569394044545334
153,45440.0,45446.25117436765,45441.40015448229,45439.33815801347,45431.02480177491,120.0,11.482793482686247,108.36869476771972,57.12351825205769,16.42803450140491
154,45568.0,45457.832412418284,45556.76962166146,45496.13075527226,45447.00407636506,72.0,11.326888277359103,59.217575486436544,20.85797489491597,9.929478408401337
155,45584.0,45468.90495092237,45559.83530545516,45481.0541078033,45450.88375859171,-120.0,10.42694980696615,-117.75778893046663,-66.54959356730978,-2.776129843761737
156,45328.0,45478.686312032216,45321.25404380052,45363.03156813764,45441.45181667754,-320.0,8.750237342297623,-272.3110426520434,-100.50675559683805,-3.7593510802980745
157,44944.0,45486.405425606965,45015.213220151076,45280.04059660962,45443.36505643112,136.0,6.358311393119948,135.31163406885753,85.029326776792,26.88149257513942
158,45600.0,45491.402934818456,45591.87731193824,45533.09022169122,45495.21480182782,520.0,3.412142016873986,450.76429451544027,219.59473592721406,46.610485488083214
159,45984.0,45493.22970964071,45916.741809181956,45719.23006846405,45536.586027407284,-48.0,0.16448140781722032,-11.426456846511428,53.754881004850176,19.000526949836058
160,45504.0,45491.73189763409,45569.024398245216,45640.59998370092,45533.21585572749,-24.0,-3.0853823672914586,-22.595419710651186,-10.330092912663531,-1.9093788934223994
161,45936.0,45487.05894490613,45871.550969760654,45698.56988263872,45532.76726962044,16.0,-5.998058090561244,-19.7185796813028,-60.74515974284077,-20.61022262602637
162,45536.0,45479.73578145297,45529.58723888261,45519.10966421524,45491.995410475436,-504.0,-8.250937421125855,-431.16634996564244,-187.90538631585878,-42.972088621230796
163,44928.0,45470.55707006388,45009.21826982937,45322.759110007006,45446.82309237798,144.0,-9.592127029794938,109.89027611690108,1.0290007952680753,-19.23116347856194
164,45824.0,45460.55152739338,45749.36779111641,45521.16766580578,45453.53308351831,224.0,-9.845531204511644,199.95939434647153,46.992388701663,-11.813354683748912
165,45376.0,45450.866007654855,45409.13705852231,45416.74388741033,45423.19638301048,-192.0,-8.951034201112634,-174.5454399825212,-84.0518346902827,-27.97688135731005
166,45440.0,45442.64945899115,45400.27691115137,45353.06399642521,45397.57932080369,-232.0,-6.969374530221103,-207.95942208891938,-107.14789277251475,-27.738096166598552
167,44912.0,45436.92725859441,44993.21821434447,45202.4481018653,45367.72019067728,48.0,-4.066205382478074,35.51523050346441,-5.391843627261551,-7.073120592547639
168,45536.0,45434.5170482262,45471.3073721583,45342.28030917069,45383.4330796186,144.0,-0.48071235714451177,118.62699349216564,42.97236189073374,8.08454292224269
169,45200.0,45435.965833880124,45230.472201328805,45288.39282564677,45383.88927652177,-120.0,3.507652192758542,-88.47416418546709,-9.6910707005336,9.65066072926129
170,45296.0,45441.53235261171,45294.359043787364,45322.89816776962,45402.73440107712,64.0,7.621770746678521,55.68206139537142,47.954426007658185,24.181844609203836
171,45328.0,45451.20937537348,45341.83632411955,45384.301677662086,45432.252965740176,120.0,11.63030590098424,116.65890092993868,89.55434872351543,34.73121295006786
172,45536.0,45464.79296441368,45527.67684564724,45502.00686521665,45472.196826977255,152.0,15.363938682283333,144.2247497639146,100.70862016288447,36.75370258594194
173,45632.0,45481.93725273805,45630.28582364738,45585.718917987855,45505.76037091206,104.0,18.704882559690304,94.03809623699999,60.571511765134346,27.2515624804073
174,45744.0,45502.20272953306,45715.75303812124,45623.14988874692,45526.69995193807,-64.0,21.569510290231847,-55.767594919921976,-22.994084867477795,10.074578622916306
175,45504.0,45525.07627331851,45518.75063380753,45539.7307482529,45525.90952815789,-128.0,23.87282101373785,-123.24923527602732,-65.55376636756773,0.3050526277147583
176,45488.0,45549.94837156054,45469.25456756919,45492.042356011785,45527.3100571935,-168.0,25.498725596509757,-143.22322839240223,-45.66721423522176,3.3660318952825037
177,45168.0,45576.07372451153,45232.30417702273,45448.396319782456,45532.64159194846,248.0,26.28277791675646,219.11890865648093,96.5521236618988,23.563614352377044
178,45984.0,45602.51392739405,45907.49238488215,45685.14660333558,45574.43728589825,152.0,26.03252400810743,158.10171818086383,87.32358522092181,21.317558244714746
179,45472.0,45628.138772527745,45548.507613384456,45623.0434902243,45575.27670843789,104.0,24.55829771176286,101.64467081707699,13.418632000859361,6.00325796152174
180,46192.0,45651.63052281758,46110.7817265163,45711.9838673373,45586.4438018213,-392.0,21.72814537668819,-389.6446694352089,-151.0676892183401,-19.11071652551982
181,44688.0,45671.59506328112,44769.21827451404,45320.90811178762,45537.05527538685,-128.0,17.535483087282046,-128.00000040723535,-74.62169965587964,-6.935762665110815
182,45936.0,45686.70148899214,45854.78172570183,45562.74046802554,45572.572276491075,136.0,12.132439511467965,135.99999998930434,55.20259025070118,17.345614928784926
183,44960.0,45695.85994230406,45041.21827449265,45431.31329228902,45571.74650524442,56.0,5.843204203800269,75.21876571768735,104.22947040798681,29.76155401556025
184,46048.0,45698.38789739974,46005.21925713721,45771.199408841516,45632.095384522196,528.0,-0.8626898884285765,471.14246430586354,201.48582097324834,39.553648503890145
185,46016.0,45694.1345625272,45983.503203104374,45834.28493423552,45650.8538022522,-232.0,-7.427492381149932,-184.20003851095316,-27.772007488230884,0.5011078426105087
186,45584.0,45683.53291263744,45636.8191801153,45715.655393865054,45633.09760020742,-80.0,-13.285094259186735,-82.58812241255873,-52.801843437944626,-15.301322034410987
187,45856.0,45667.56437400883,45818.326958279256,45728.68124735963,45620.251158183375,24.0,-17.943684942907566,-6.85743043974071,-50.63352282560663,-24.633884114871762
188,45632.0,45647.64554275163,45623.10431923582,45614.38834821384,45583.82983197767,-288.0,-21.06208210643308,-239.70104286436253,-123.098725038868,-38.82983460681862
189,45280.0,45625.44020979596,45338.92487255053,45482.48379728189,45542.59148896974,32.0,-22.48878653848078,10.444916067379381,-30.662652291004633,-28.108768559446617
190,45696.0,45602.667969674665,45643.99415137058,45553.06304363183,45527.61229485878,56.0,-22.28340036921145,45.04003567295149,-0.8892318341422651,-23.398579368018545
191,45392.0,45580.87340905754,45429.004943896434,45480.70533361361,45495.7943302337,-40.0,-20.699708660969918,-29.964487991957867,-28.005043211422162,-26.628248113396694
192,45616.0,45561.268552352725,45584.06517538666,45497.05295720899,45474.35579863199,24.0,-18.13760245229423,-4.613891576482274,-43.1258978001315,-28.520741670115967
193,45440.0,45544.59820415295,45419.77716074347,45394.453538013346,45438.75284689347,-320.0,-15.075980804176652,-265.4022109258549,-125.37265018896869,-35.66530939384029
194,44976.0,45531.11659074437,45053.26075353495,45246.30765683105,45403.025179844306,96.0,-11.994698044443794,65.50231219998022,-12.992052766767301,-14.376408056949003
195,45632.0,45520.60880806406,45550.78178514343,45368.46943247981,45410.00003077957,-32.0,-9.304777076933533,-30.02127624683999,-9.603508111329575,-4.12514752575953
196,44912.0,45512.507036590505,44993.21820104127,45227.10064060839,45394.77488479279,-104.0,-7.278994530177442,-71.34816163721553,16.181528432767664,8.9135982528569
197,45424.0,45506.05081900371,45408.085461869,45400.83248934535,45427.827227285285,384.0,-6.014021215240064,330.9064347528729,162.14809340963257,33.24370385676593
198,45680.0,45500.478994160025,45655.03107054702,45551.396827427656,45461.26229250632,128.0,-5.423245433055854,122.10096141312533,86.26275179613731,22.49817984634501
199,45680.0,45495.204328137595,45652.28738469525,45573.35799293762,45472.823586977975,-184.0,-5.257876957271947,-141.30676237554144,-31.35983802122064,1.2024738205582253
200,45312.0,45489.96324024548,45372.417545795935,45488.677151385215,45463.667240147435,32.0,-5.164607170787349,22.217890080373763,3.6577341401971353,-1.5729848231712822
201,45744.0,45484.87511379602,45696.723164856,45580.673461218015,45469.67761733163,120.0,-4.746235872207762,87.92144334007025,10.333040441808407,-7.705741949219373
202,45552.0,45480.470768501065,45548.260432476076,45509.34323226883,45448.255756249,-200.0,-3.657572835119936,-167.16056999955617,-92.65861281476464,-26.609073270185036
203,45344.0,45477.55996812578,45362.402024856885,45395.356235588486,45416.45947079126,-80.0,-1.6612727880747116,-93.84828333478072,-88.30887888610232,-28.173311918173567
204,45392.0,45477.148222924916,45360.563865806515,45332.72547449663,45391.90913241265,-184.0,1.333263146243553,-159.0188300177797,-92.26802384354596,-24.554881757976545
205,44976.0,45480.22649441827,45044.364364821326,45210.820187901394,45367.34970727531,40.0,5.22867824691275,25.622323121420777,-4.495192644539202,-4.991939773579361
206,45472.0,45487.60557941874,45411.808512049356,45323.73508920755,45381.92525286549,72.0,9.765923421531625,66.48670747480719,38.78244590992472,10.071808233460615
207,45120.0,45499.75834126133,45177.33777977094,45288.38507972124,45387.49332374223,40.0,14.553114216425456,52.21816657628733,48.84253037432063,18.942737063847744
208,45552.0,45516.71180785159,45516.24484520193,45421.42014995619,45419.810726993186,200.0,19.108303288634488,160.13129144064806,67.74514521304445,25.707939600615646
209,45520.0,45537.9749478386,45497.600362652236,45423.87537014733,45438.90920294346,-152.0,22.928229745153658,-130.64266928852157,-45.60709473519455,15.04393609744875
210,45248.0,45562.5682673419,45254.95950662489,45330.2059604858,45449.89859918808,-248.0,25.554995065660478,-207.8433229029106,-52.566429418628104,21.084326204028912
211,45024.0,45589.08493796992,45081.913716846415,45318.742511310076,45481.07785535152,264.0,26.62948905259691,243.50151724036914,135.90780647931388,54.03314893100833
212,45776.0,45615.82724544709,45741.962541105626,45602.02157344443,45557.9648970501,400.0,25.942540847492637,362.88280700057294,196.28984885656973,65.98528655108748
213,45824.0,45640.97001966491,45807.67933084756,45711.322209023216,45613.048428453694,-32.0,23.46683396180015,-15.886556020243006,52.961740090391686,44.53595282628157
214,45712.0,45662.760913370694,45710.18942906514,45707.94505362521,45647.03680270266,-136.0,19.366494526453607,-106.54275645674352,-5.404628585398314,30.74021438409909
215,45552.0,45679.703008717814,45594.593817934074,45700.51295185242,45674.52885722189,112.0,13.976368461426318,97.37347853931715,66.82437415342065,33.61849738032106
216,45936.0,45690.71365029355,45904.936386143774,45841.59380193205,45714.273797463306,160.0,7.764925583545846,155.02449892857476,93.87775104566026,28.658630114583502
217,45872.0,45695.232859884905,45904.64281579122,45888.26845394374,45731.84611745106,184.0,1.2773368295784167,162.9205086035472,54.80887898355286,10.564625860304659
218,46304.0,45693.2683239527,46230.77740335087,45951.21155989916,45735.403049183915,-216.0,-4.921197777253838,-212.1370887182784,-113.45111409499805,-24.872915807951358
219,45440.0,45685.3904643304,45480.36863835467,45661.36622575374,45682.10028583516,-424.0,-10.315108421644254,-376.40688019058507,-179.162221268547,-41.197749056995235
220,45456.0,45672.638107109415,45477.9636429697,45592.887117362065,45653.007551069924,136.0,-14.489252728755673,107.41321946350581,-0.03554971065022983,-19.242357211740455
221,45712.0,45656.411958872886,45695.19507728168,45661.29512633244,45643.615571411676,152.0,-17.155608397864853,133.20682072038107,43.05557213660359,-12.811201087661175
222,45760.0,45638.326890313685,45744.37728441046,45678.99826163527,45627.3851488946,-40.0,-18.190911442878132,-28.93137081891109,-22.79773387953537,-22.86116507234692
223,45632.0,45620.03013598713,45637.332335643856,45615.69965857337,45597.89324126698,-80.0,-17.630851131540112,-80.38327054733236,-71.44877377521698,-31.197245564268087
224,45600.0,45603.065188050605,45583.610743315796,45536.10071408484,45564.990657766066,-128.0,-15.649562553175201,-135.6678757490845,-111.54858744611556,-34.65305061261461
225,45376.0,45588.73101088078,45365.99658414569,45392.60248368114,45528.58714004175,-312.0,-12.54231028207505,-267.6312384416924,-135.19698856312607,-28.774160722226952
226,44976.0,45577.980567486455,45048.34826643241,45265.706736958586,45507.44233632161,64.0,-8.684314948885003,44.093014448764734,17.957621756737353,5.427313095944555
227,45504.0,45571.36238098301,45454.18261304322,45428.517727194616,45539.44176623364,168.0,-4.4840145507441775,156.74741182688012,125.06985383333813,33.77151822370797
228,45312.0,45569.012538384966,45361.84309008617,45515.84644462526,45574.98537276903,304.0,-0.32894187260535546,301.93745797719384,189.2519397432734,48.69287517383782
229,46112.0,45570.7044972378,46058.057528997604,45807.02160668116,45636.82751658132,320.0,3.4524052762244537,281.4405533960635,138.6859653964857,38.08351964135727
230,45952.0,45575.917348937415,45924.7241968783,45793.21837541823,45651.15241205174,-328.0,6.609751701587811,-276.0098544814573,-93.19404355380902,-0.7174839269900986
231,45456.0,45583.924000640975,45506.03782003469,45620.633519573545,45635.39254872734,-168.0,8.996950119184476,-162.19976991652948,-90.26809605792369,-6.790235888034658
232,45616.0,45593.911249175784,45600.32465704524,45612.682183302386,45637.57194027567,32.0,10.556610566582094,15.910122236764437,-9.610244619958394,3.257988562116225
233,45520.0,45605.03722177414,45537.85806450822,45601.41303033363,45641.90852585157,8.0,11.293440542245662,26.823730004078243,29.437362198052142,10.432011868477275
234,45632.0,45616.498130260276,45653.972117053396,45671.55690769849,45658.43596401263,272.0,11.250956314670475,225.9746378121672,89.9223312141039,17.849236361686053
235,46064.0,45627.53913440348,45989.80734013255,45781.257692761836,45677.60699857494,-120.0,10.483152369230083,-102.2931760197207,-31.67036855573315,-0.14861550893692765
236,45392.0,45637.464434998736,45449.385765013954,45608.216170587024,45658.138732994754,-224.0,9.044289703680988,-186.32765028717404,-64.93343688129607,-6.16132893044778
237,45616.0,45645.62771381084,45617.152039558205,45651.39081899924,45665.284340714046,216.0,6.984556777457328,173.52647233526295,60.87005791183765,9.60982475498895
238,45824.0,45651.43354855365,45796.43870968448,45729.9562864107,45677.35838250473,24.0,4.361904968289309,41.48021854866238,31.54361061680902,4.741960915926029
239,45664.0,45654.35152374742,45700.11247665553,45714.47804023286,45674.7682625459,104.0,1.259553740012052,84.23615024870742,9.760773938593047,-2.0517068315384677
240,46032.0,45653.952656033674,45964.911010181895,45749.477834287885,45673.254968841655,-280.0,-2.2024898413546907,-257.4471021528334,-106.26128880103352,-19.45054526215972
241,45104.0,45649.94654406471,45185.21827234986,45501.955462630795,45635.86717202158,-96.0,-5.85789728545933,-99.3759785288421,-48.544640341693594,-10.794438218999858
242,45840.0,45642.236861462756,45766.15905312421,45652.3885536045,45651.666092403655,128.0,-9.501450971165468,124.31133543021133,56.6273677759491,6.382225002260384
243,45360.0,45630.94364212238,45433.840943210285,45615.21019818269,45648.6316220261,176.0,-12.906374829290144,172.31134381065203,90.42674366954816,11.397110723752121
244,46192.0,45616.424111804175,46110.781740745515,45833.242040943594,45674.46031385116,136.0,-15.848679373561026,110.05075837074764,38.65286323269174,-0.04829248238456785
245,45632.0,45599.24628337526,45653.94245995178,45692.515924648076,45648.53503706133,-392.0,-18.14104024252083,-321.7529758159508,-110.46815397147293,-25.09852493676226
246,45408.0,45580.142031319134,45467.27578911361,45612.30573300065,45624.263263977635,200.0,-19.65652073551246,148.4196471616815,21.942674852889468,-13.458609884815814
247,46032.0,45559.93324190423,45950.78175427514,45736.401274353855,45621.6178172917,-16.0,-20.340024208468094,-13.363515472450672,-23.703821469862305,-23.164555821349495
248,45376.0,45539.4619829022,45440.54875816871,45564.898090060924,45577.934152334936,-152.0,-20.22242041950085,-135.41832568492464,-77.0541392624691,-33.58695734001594
249,45728.0,45519.48840106523,45679.945102905294,45582.29299582892,45554.44390261167,32.0,-19.410798204036837,-0.8781407369606313,-55.458596317548654,-32.16805459268653
250,45440.0,45500.640386494124,45438.79247669479,45453.98089742583,45513.59804314956,-296.0,-18.064705083499575,-247.19024273653486,-121.32164969017686,-37.16595730462359
251,45136.0,45483.35899089823,45185.564617432225,45339.64969644856,45480.11198800242,0.0,-16.37703493248773,-5.404772101450362,-12.506352752981911,-16.28045574702628
252,45440.0,45467.88631662915,45427.98293249189,45428.96819191986,45481.03713165551,208.0,-14.5435034369184,182.33297751910868,83.80259143123476,2.977000235870946
253,45552.0,45454.271984024395,45550.23057247044,45507.25487931103,45486.06598847416,128.0,-12.737716702245962,113.40050233076909,55.91412704668255,1.732156242356723
254,45696.0,45442.41088322466,45654.78393715343,45540.79644601323,45484.50144414022,-120.0,-11.083568438312795,-101.5269495498651,-44.060210291187104,-12.139472126928013
255,45312.0,45432.10484714777,45347.17667337071,45419.13445872866,45461.787044220306,-144.0,-9.642429396670195,-131.72389692915385,-68.09475792023659,-15.225047708900092
256,45408.0,45423.126024431316,45391.33614329512,45404.606930172755,45454.05134872242,-48.0,-8.411974060571083,-39.1598135999775,-16.224063469529938,-5.433128061762545
257,45216.0,45415.28089902663,45268.85704617076,45386.6863317896,45450.92078809678,184.0,-7.324379101453815,158.25028138250127,67.4225675116395,8.615478779192927
258,45776.0,45408.47726622841,45707.83670606012,45539.452065196034,45471.28230628081,96.0,-6.262979375333089,81.7190425368899,34.49176600445935,5.125633498075331
259,45408.0,45402.75494027596,45432.29513124454,45455.66986379852,45461.17205509293,-176.0,-5.091780566537636,-154.06591859288164,-59.94726949826145,-7.451648433238006
260,45424.0,45398.29370509533,45399.70486887436,45419.55752619951,45456.37900941433,-176.0,-3.692959503387101,-154.06591799839953,-38.33357449925461,-3.174095207876235
261,45056.0,45395.36902126919,45124.16329524774,45379.00271480001,45454.82386467718,272.0,-1.9951196763031476,259.17632996296015,120.9465460005049,18.38604849670446
262,45968.0,45394.30346574273,45918.05752880028,45661.45061820052,45493.15110640774,400.0,-0.01036444920100621,350.28045020304126,129.1732125007693,14.584797050949419
263,45856.0,45395.348292370785,45824.72419565382,45637.34913980155,45483.99345877908,-336.0,2.1492406399665924,-301.9249262335543,-133.42690849820065,-27.757974689713592
264,45296.0,45398.60194702266,45314.20767633317,45394.59680120412,45437.635157028315,-400.0,4.275741964815097,-367.2655662986108,-193.45393799536396,-39.27654389934469
265,45056.0,45403.899776300415,45090.1930630566,45250.44126381082,45405.44037098039,-56.0,6.095681812195835,-53.04929799356614,-46.93490548788759,-14.72276749890807
266,45184.0,45410.79331064705,45208.10908034604,45300.726990228344,45408.1896220305,272.0,7.322383068833005,238.46141901962255,108.64922153169027,13.958732151637378
267,45600.0,45418.54454243808,45567.11590109584,45467.7397068742,45433.35783528366,224.0,7.711857771137147,194.58632622903315,100.88257008296205,16.836105017348018
268,45632.0,45426.217026189326,45597.281732804106,45502.49213039427,45441.861832065195,-192.0,7.1381745097460225,-143.42550427121387,-30.001511282800493,-1.0029116152109054
269,45216.0,45432.82089145757,45280.264892553416,45407.7366843086,45431.35201205324,8.0,5.6259646409525885,4.307622516382253,1.1128960686255596,0.25778059070944437
270,45648.0,45437.46895547123,45605.89697783687,45504.71792253152,45442.377393246614,160.0,3.3711483642837266,115.11697446778635,25.340199488684448,0.7442508557069232
271,45536.0,45439.56318818614,45510.49884148899,45458.41708328597,45432.840513764655,-280.0,0.7290544104835135,-222.9039289029388,-85.09229760256858,-14.694853793731454
272,45088.0,45438.9270642922,45160.08912003099,45334.53332732638,45412.98768565915,16.0,-1.8513054080503935,10.035878696966392,-0.617092296393821,-3.6034438225433405
273,45568.0,45435.86057737004,45530.57059888292,45457.18289869318,45425.63362611957,224.0,-3.893881493360823,183.33447326651367,67.24102071338348,5.527621766395896
274,45536.0,45431.13930130548,45526.75806656402,45469.01536875315,45424.04292919194,-64.0,-4.971468281219131,-50.02219949879509,-21.65984556345211,-7.18855046803219
275,45440.0,45425.9176408076,45430.52619988533,45413.863207566275,45411.256525183504,-160.0,-4.781754047886352,-143.6008672520329,-68.22055740373617,-14.223577749260585
276,45216.0,45421.575793209704,45239.556332059954,45332.57425394568,45395.59577369342,-96.0,-3.197761338953569,-73.18820752562533,-23.001826647760026,-6.6809628054106724
277,45248.0,45419.522118129695,45284.14978483408,45367.859554270755,45397.89459957268,328.0,-0.2937679348870006,275.6127033430057,95.21507746045609,9.793555857893807
278,45872.0,45420.98825733993,45790.781738745965,45523.00440886659,45415.18288540921,-24.0,3.6542745490078232,-28.436993301060284,-19.352940970868076,-5.552569893014152
279,45200.0,45426.83066722771,45227.27579823196,45329.15367232902,45386.789459786654,-416.0,8.187406333370745,-348.41963480991035,-129.27390037306395,-19.053952633217705
280,45040.0,45437.36307000667,45093.942469126145,45264.45660812046,45377.074980142774,200.0,12.717529905454285,161.40150168166292,47.53123985167258,7.139269363255153
281,45600.0,45452.26572703862,45550.078801595286,45424.216152032364,45401.067998513165,208.0,16.599538672788185,181.50785528879715,71.86761992808533,14.046418296049524
282,45456.0,45470.56214735225,45456.95817970374,45408.19184797663,45405.16781673487,-104.0,19.208513592166128,-88.32972337284082,-39.928380067412945,1.558209058450302
283,45392.0,45490.68275422295,45373.419354849604,45344.35939189754,45404.184416630065,-184.0,20.036265469370846,-176.44205060609966,-87.65276013032417,-0.3741792733017064
284,45088.0,45510.63467829099,45104.07407849154,45232.88632771598,45404.41945818827,-224.0,18.78481426020153,-188.97488390034414,-39.029900323566835,16.056014467616478
285,44944.0,45528.252382743354,44995.469587048916,45266.299591250405,45436.2964455653,344.0,15.442033727951639,324.6407449625149,194.56305915962366,56.491809655290126
286,45776.0,45541.51874574689,45753.35556841657,45622.01244603523,45517.40307749885,496.0,10.321082679889514,468.76652228993044,278.7190778024378,68.17678580850043
287,45936.0,45548.89454810313,45933.00263162878,45823.73774685528,45572.6500171823,168.0,4.044785872210923,164.66022135607273,145.59417424769345,37.07944054255859
288,46112.0,45549.608317491315,46082.676011128715,45913.20079453062,45591.56195858397,8.0,-2.53262074749,3.0534351435126155,-9.936555059350212,-7.109960669131397
289,45952.0,45543.82930660815,45939.1095019158,45803.86463673658,45558.430095844036,-216.0,-8.444061970432813,-208.01899963390315,-183.40383942575136,-52.810357947728335
290,45680.0,45532.72019355045,45666.63801186091,45546.393115679115,45485.94124268851,-640.0,-12.77810789756768,-592.9456141845949,-324.27496321790386,-82.19179102110138
291,44672.0,45518.27309081302,44753.21827354661,45155.31471030077,45394.04651380183,-144.0,-14.848799333714851,-172.23947937012053,-149.42105022795658,-55.79240319658493
292,45392.0,45503.02259488302,45322.15905312067,45247.5510152232,45374.35643629534,144.0,-14.30584731925046,138.31133740049336,20.011812534034107,-20.572255691724422
293,44960.0,45489.66139617452,45029.8409483476,45195.33833536884,45352.902002418385,136.0,-11.201992115376925,133.88834778443925,65.4564878300589,-1.8093337560385407
294,45664.0,45480.618610652265,45589.935748689546,45378.46399088332,45370.73776878326,144.0,-5.981647861070087,112.77183297014926,40.35765095613533,3.172654804042395
295,45248.0,45477.69810045238,45255.3846142879,45276.05363728111,45359.24731202647,-368.0,0.6128355885775818,-297.6280629621615,-88.38353496165291,-5.928091155470611
296,44928.0,45481.84428182942,44994.67962276522,45201.696920960014,45358.88158647232,224.0,7.680766507462977,179.69857673439037,62.49174415890593,21.17835376947187
297,45696.0,45493.0596334673,45614.78176775668,45401.03712559892,45401.60401956541,48.0,14.317114585810486,55.26930057907521,51.85876743837434,28.002634071359353
298,45024.0,45510.47851100104,45105.21822392337,45305.41445583676,45414.88685461504,-16.0,19.75810162214475,-4.167714304305264,45.0845581562171,32.827177780378406
299,45664.0,45532.57583671159,45606.44633914807,45491.20624191136,45467.25837512617,184.0,23.482555946266075,165.89132981772127,99.39490703027695,42.53443926743785
300,45392.0,45557.443622893574,45437.000883558816,45504.20426989732,45499.955733149916,40.0,25.257878684260504,55.55896220483555,69.1001629346174,38.095144681243255
301,45744.0,45583.09159408011,45717.56426355774,45629.40656778059,45543.44866448866,192.0,25.112333765995572,148.38469778761646,67.90558177356797,33.46536456317335
302,45776.0,45607.668290425565,45733.77027913405,45640.01543344445,45566.88646227626,-264.0,23.283182972085342,-210.1730093839833,-57.38341761391348,12.982120901422604
303,45216.0,45629.657960024284,45297.21824478977,45514.639732552765,45569.4129062915,88.0,20.133492707620462,69.93308054802037,23.944165384695225,20.197089329809387
304,45952.0,45647.935275840806,45873.63644023009,45687.90376421384,45607.28064093588,112.0,16.056362483512203,99.43692627787459,41.21591376800279,20.631766691174562
305,45440.0,45661.77068499131,45496.09209734552,45597.07156008877,45610.67643967385,-128.0,11.421878209512215,-97.08385615696534,-12.296424080690485,11.929620721664833
306,45696.0,45670.77903225983,45679.46872791616,45663.31091605246,45631.13988237921,128.0,6.532291586518113,100.72027015143976,49.89481398992211,17.220436824318313
307,45696.0,45674.835268164345,45697.5326376484,45696.861188068615,45645.11731332249,16.0,1.6243968294002116,25.72709797425705,33.98086605046046,11.433296609400713
308,45728.0,45674.02782591863,45730.92292386467,45731.27264815338,45654.00647559801,40.0,-3.108909139475145,48.00490553964846,36.047784161459276,5.189486055427551
309,45776.0,45668.617449885394,45793.5424487277,45768.95675639153,45655.49628543334,184.0,-7.4929926741315285,150.33176850150267,34.16248643391373,-4.53537589300322
310,46096.0,45659.04184057037,46031.58646086768,45799.59762102121,45644.93572381201,-256.0,-11.333229577030579,-227.1840835298026,-117.56032485971082,-33.11377543073468
311,45264.0,45645.95099073133,45339.17428166809,45533.83610667211,45589.26873457187,-168.0,-14.408621436639805,-173.3803708509222,-130.84346101304982,-39.40355251154324
312,45760.0,45630.22459769709,45684.825719165834,45537.91069899511,45566.12861878892,-200.0,-16.48596838821686,-196.9780037780547,-106.97005817944228,-32.83368484350285
313,44864.0,45612.9790539549,44945.21827411198,45319.89599031323,45523.60136488487,-48.0,-17.35036537428823,-14.050761462738592,9.933286474733904,-9.547185659812385
314,45664.0,45595.52386694851,45656.72419624036,45557.77727194458,45547.034247469295,600.0,-16.861924555967562,522.4196274039314,184.76991760363308,17.584594957894296
315,46064.0,45579.255204842964,45990.057528919846,45689.43582552049,45558.770554800656,-240.0,-15.009064546447917,-204.97606250374156,-55.62353366383104,-13.52516492860741
316,45184.0,45565.505737855616,45246.772071232874,45446.530204616916,45519.98391761208,-280.0,-11.938186526211211,-260.8280617401397,-111.64051859512256,-21.987441307974223
317,45504.0,45555.37883179054,45468.40140543957,45466.15478833025,45514.79567218471,48.0,-7.962266525053565,43.63636140451854,0.7019778784560913,-4.64846181813482
318,45280.0,45549.58120480551,45334.04479404191,45447.93416037383,45510.68699397581,224.0,-3.531805497412279,201.1901639461721,65.74645223049811,7.425671489894739
319,45952.0,45548.31522079572,45870.78173333191,45597.647692791244,45529.6470151645,-24.0,0.8332742887323548,-38.0511633115857,-27.462621186965407,-2.1576280530898657
320,45232.0,45551.24775338297,45257.94246741874,45393.0089179999,45506.37173786963,-448.0,4.627442083597998,-379.75296469259047,-124.13431579139797,-9.556690401383094
321,45056.0,45557.57010496291,45111.27580394673,45349.37906120845,45510.53363436173,272.0,7.438406338165805,240.76922469319106,103.0596738127715,26.888578210186097
322,45776.0,45566.124566059305,45739.48091680512,45599.12826562544,45560.14889429,376.0,9.005376230714319,334.55282845241163,161.3133372297125,38.82270464277099
323,45808.0,45575.58085742434,45780.38146085155,45672.00573566787,45588.17904364727,-136.0,9.263112644614012,-97.1921516957882,4.880337876373233,17.039101539630792
324,45504.0,45584.65079134853,45545.096613413545,45608.88894137819,45594.227097369265,-24.0,8.336646890071279,-29.801780370289634,-10.67232360059279,10.559408590459498
325,45760.0,45592.254151204485,45720.777900110974,45650.66108846669,45609.29786082819,-16.0,6.4990444379727705,-20.42921274771288,-12.897308678158879,7.5356565003348805
326,45472.0,45597.64888022448,45504.23818791812,45583.09432402187,45609.298410369935,-72.0,4.118668198178057,-55.348772602264944,-12.019602433883847,6.8654700602382945
327,45616.0,45600.49148760084,45610.080354906444,45626.62188359892,45623.02880094867,80.0,1.603318251291057,76.24394152052264,48.838501376514614,14.081830626171723
328,45632.0,45600.85551672706,45656.726070959165,45680.7713267749,45637.46207162228,200.0,-0.6552379019158252,170.27607084856209,78.53510656342405,14.706374254717957
329,46016.0,45599.18101179701,45950.63249660357,45783.69209672577,45652.441549458104,-40.0,-2.3201909132112633,-32.931091337744874,-13.233181686249736,-3.19844469126474
330,45552.0,45596.21513490064,45590.863888283675,45654.3049634024,45631.06518223975,-192.0,-3.1272383394061762,-165.4491669015042,-78.23465162216598,-17.42310810636991
331,45632.0,45592.9265351182,45619.73416280056,45627.22279348144,45617.595333245365,-32.0,-2.895798515990464,-32.4589114803166,-29.470773180244578,-14.190082332115708
332,45488.0,45590.42353786866,45525.94606532304,45595.36341704191,45602.68501757552,120.0,-1.5567946389019198,95.9422291376759,21.822332081428613,-9.17606479107053
333,45872.0,45589.81294584039,45811.61862107591,45670.86745764429,45599.24320366322,-16.0,0.8564325851584726,-16.234338867561746,-25.062230575473222,-17.079653729131678
334,45456.0,45592.136403038974,45493.47738758792,45545.23895589096,45568.525710117254,-144.0,4.178678081691032,-130.75429554838774,-81.00902380784464,-25.09120804010672
335,45584.0,45598.170302003775,45550.110029979136,45508.849410028604,45549.06078758301,-120.0,8.10189960831849,-112.81720771308756,-73.96484084805343,-21.211883155097894
336,45216.0,45608.34020225561,45267.84297216174,45397.30927419486,45526.10194380706,-24.0,12.178309965282097,-23.05219700868838,-20.885498736322916,-7.453746585593763
337,45536.0,45622.52692193434,45504.00563596176,45467.07841255596,45534.15329441182,88.0,15.81566710577681,76.19084360880515,35.30834463908104,7.959015325352084
338,45392.0,45639.971536467165,45420.22465937935,45467.92596347302,45542.01997445776,56.0,18.32882599059667,57.34232031434294,38.81053265356968,15.367678768830956
339,45648.0,45659.18457391553,45618.690276590445,45544.6994778631,45564.888651949484,80.0,18.96842690867925,51.91700016330651,25.123253321628,18.713110089192924
340,45552.0,45677.90839028452,45524.05865970597,45518.172470116275,45579.44619463615,-288.0,16.998215230520145,-234.33831835465753,-43.440772688682046,15.929852418474184
341,45072.0,45693.18100437657,45150.01363988113,45457.817932485734,45596.74835678643,216.0,11.747902564919059,212.77316720666568,132.55442861232586,43.539579989606864
342,45984.0,45701.40419541436,45949.6049941193,45783.28132734093,45666.52535461536,472.0,2.7051482153146935,430.86633720881946,225.104058525656,53.903265559692954
343,46016.0,45698.5913008072,46011.74631429877,45908.026049537046,45704.55488790582,40.0,-10.432276684077806,40.87289167333802,70.75774696464214,22.45727768575307
344,46064.0,45680.539642046206,46031.350777465974,45924.79682127021,45711.43990998687,-160.0,-27.69236340794305,-143.6416495029407,-52.83081763172595,-10.742982419611508
345,45696.0,45643.206573991316,45724.46301529289,45802.364414273594,45683.068923066596,-192.0,-48.72774416716129,-164.57268570866654,-69.25019985982726,-29.017540766941238
346,45680.0,45583.08415371188,45702.20540604864,45786.296421550556,45653.404828452985,104.0,-72.7900653882316,88.76942099893859,37.0802180522478,-30.99385319096109
347,45904.0,45497.62644321485,45902.001857290765,45876.52485037809,45621.08121668467,224.0,-98.67196561274977,189.8057376959514,76.4908540165743,-46.46955093407814
348,46128.0,45385.74022248638,46081.81688144054,45939.278129583705,45560.46572658483,-72.0,-124.70564711897532,-51.100568647507316,-31.607656002532167,-88.99220377060192
349,45760.0,45248.2151489769,45799.80071999575,45813.309538373025,45443.09680914347,-80.0,-148.83967224328808,-83.01256146606102,-99.3138220241708,-133.21407698418625
350,45968.0,45088.06087799981,45915.79175850842,45740.65048553536,45294.03757261646,-208.0,-168.77718902690322,-206.9798859930852,-186.3338100699766,-182.75735789619284
351,45344.0,44910.660770923096,45385.84094800958,45440.64191823307,45077.582093351084,-264.0,-182.19638430453415,-258.81635340309003,-251.68760818575902,-229.77637459781545
352,45440.0,44723.66810939074,45398.15905170224,45237.275269163845,44834.484823420826,-576.0,-187.02955010900405,-581.3333332006259,-561.9723952316162,-273.37302875921887
353,44192.0,44536.60167070509,44223.17428160833,44316.69712776984,44530.836035832646,-640.0,-181.763234779075,-634.6666666477831,-600.9861967647739,-286.7069857965471
354,44160.0,44360.14163983259,44128.825718406675,44035.3028756343,44261.07085182773,-480.0,-165.69403858293663,-477.68284283924004,-433.2209908130353,-264.7116414135271
355,43232.0,44205.213593539214,43267.80859592985,43450.25514614377,44001.41275300559,-464.0,-139.11060877981072,-454.5112711566544,-386.4419799240022,-221.18746117185947
356,43232.0,44081.92042227297,43219.803176093366,43262.41891578629,43818.69592948401,-96.0,-103.34967812267132,-108.98953936967155,-172.6267724643294,-153.3820270473807
357,43040.0,43998.51423729387,43049.829517190505,43105.00160121511,43694.64869891083,-120.0,-60.706521890366275,-120.82607295033449,-124.91651396362795,-91.3147956276407
358,42992.0,43960.507378492235,42978.1510301927,43012.58588785904,43636.06633822873,-152.0,-14.213898666414025,-140.9233360343096,-82.1227694265508,-26.379043770659337
359,42736.0,43970.086439961044,42767.982845121885,42940.75606236201,43641.89061136951,-72.0,32.68492692669679,-50.25395946139179,30.54820568397554,51.11880370925428
360,42848.0,44025.87723234563,42877.643111269914,43073.68229922699,43738.30394564724,400.0,76.51468687228044,367.0881033034566,245.76738647847378,140.92853156009005
361,43536.0,44123.115813705605,43502.1590517288,43432.290835318956,43923.74767448969,344.0,114.15759035299925,346.09891829700064,306.7539537514458,204.8311125669352
362,43536.0,44254.19241305163,43569.840947863915,43687.19020672988,44147.96617078111,416.0,143.20338528883804,432.92047494180224,467.85762506834726,254.81680483047603
363,44368.0,44409.52258428328,44368.0000016124,44368.00608545565,44433.381284150644,664.0,162.17788766359809,647.0795252295138,588.401702342584,288.68417757706266
364,44864.0,44578.54818837882,44863.99999832294,44863.99361141505,44725.334525935235,648.0,170.65176271542805,643.0287638324044,559.2659059831931,285.01996808135664
365,45664.0,44750.82610971414,45654.05752927721,45486.53789742204,45003.42122031336,584.0,169.21792564190764,548.3620989270603,425.5857292202636,245.057755393791
366,46032.0,44916.98403966264,45960.72419617706,45715.165069855575,45215.45003672282,-232.0,159.3263246947754,-186.41962739224618,70.20970736132222,171.20131824559576
367,45200.0,45069.47875910369,45281.21827449272,45626.95731214468,45345.82385680455,232.0,143.02306867130756,227.02876455857404,125.27089836145024,137.66501292196335
368,46496.0,45203.030177005254,46414.78172529421,45965.706866578475,45490.780062566744,216.0,122.63312424155447,196.12509229187708,73.60298772303577,94.69520889053092
369,45632.0,45314.7450075868,45673.468459076474,45774.16328759075,45535.21427458561,-408.0,100.45685168624914,-366.3600244565787,-120.46193519234657,39.59492574814794
370,45680.0,45403.94388037775,45682.061676381054,45724.78299619378,45569.96991406304,32.0,78.5067637418615,18.90159920984297,-26.98879330008276,29.254135180581216
371,45696.0,45471.75853507052,45711.27165749616,45720.18570099059,45593.72254494677,136.0,58.32450879849057,105.56826859589273,7.49555529209465,18.638758131070063
372,45952.0,45520.59289797473,45893.19821357284,45739.77410677797,45607.24743032518,-232.0,40.89287949753998,-199.02669872761544,-86.52454082362601,-3.7127431053340842
373,45232.0,45553.5442940656,45313.21826004093,45547.136619343335,45586.297058736105,-32.0,26.66678278458494,-37.74556833562747,-35.06917776296905,-3.235518652265455
374,45888.0,45573.9264635439,45817.707076901585,45669.63575125203,45600.77639302065,128.0,15.632971195784194,103.82543904546765,13.31700753471523,0.11815393557117204
375,45488.0,45584.81023645717,45520.869138131864,45573.770634412766,45586.53336660725,-168.0,7.461885666794842,-132.4922481103822,-52.97979963288526,-9.316358083036903
376,45552.0,45588.85023487749,45552.72258068082,45563.67615198626,45582.143676854575,64.0,1.657639639943227,35.46634595306023,-4.256406433367374,-2.882505909939937
377,45616.0,45588.125515737054,45591.801830037984,45565.25782154603,45580.76835478737,-112.0,-2.313966626134061,-81.9116004529169,-23.7894196672205,-3.1369043278427853
378,45328.0,45584.222301625225,45388.899379774986,45516.09731265182,45575.86986819889,128.0,-4.89070625538443,103.20017991084023,44.888147431705875,7.495006821463903
379,45872.0,45578.344103226285,45798.202189859665,45655.03411640944,45595.758368430295,40.0,-6.368610285902832,38.70802808408553,30.45386196234176,6.0764186529231665
380,45408.0,45571.48508105342,45466.31543594316,45577.005036576506,45588.022705504736,-72.0,-6.881076894660509,-40.3095742007099,6.473438455315772,1.2654723496780207
381,45728.0,45564.581949436964,45717.583041458245,45667.980993320074,45598.28931312965,256.0,-6.4363826671215065,199.18281280633164,60.966453403609194,3.7810732813995855
382,45920.0,45558.612315719176,45864.68106155582,45698.937943383724,45595.584852067535,-160.0,-4.978784664181148,-145.8202858952718,-79.57407824449183,-18.925218458742165
383,45408.0,45554.6243801086,45425.9424696677,45508.83283683109,45560.43887621217,-392.0,-2.4884619262375054,-332.70262977766106,-139.68868813708832,-27.524032044759224
384,45136.0,45553.6353918667,45199.2758020005,45419.56056710955,45540.53678797802,280.0,0.9448813827402773,230.41963035345543,52.50801383323051,0.32475116475325194
385,45968.0,45556.51414287408,45886.78173037461,45613.84886449755,45561.08837854167,64.0,5.068872606610967,63.23083213690552,17.21272963677984,0.20600949073923402
386,45264.0,45563.77313707992,45325.73746627431,45453.98602638311,45540.948806959495,-192.0,9.449112764938036,-174.8804726366143,-64.86982492289462,-6.292131234207773
387,45584.0,45575.41236840396,45537.020785101384,45484.10921465176,45548.50411607326,-16.0,13.519659990168293,-23.612755666003068,-19.822204405463708,5.780514917430992
388,45232.0,45590.81245706026,45278.5119549423,45414.34161757218,45552.50983679436,-56.0,16.649053587294475,-25.949055447585124,21.403211706507136,20.03121256081431
389,45472.0,45608.71047557855,45485.12267420621,45526.91563806478,45588.56654119489,320.0,18.256249858350202,272.2240902949743,140.03183952498875,41.88503146027506
390,45872.0,45627.32495677696,45822.96013553225,45694.40529662216,45636.27989971491,96.0,17.92913230033446,92.63813898731314,78.69230686845913,35.927353505765495
391,45664.0,45644.56874017922,45670.39895218084,45684.300251801695,45660.42124820642,-168.0,15.502985041192005,-120.5664224472057,0.045081080384989036,23.96241090183321
392,45536.0,45658.330926859344,45581.82729063784,45694.49545878293,45684.204721518574,160.0,11.12241651264776,140.56479164619668,89.4429363726922,31.193709388080606
393,45984.0,45666.81357320451,45951.52853547323,45863.18612454708,45722.80866698258,240.0,5.228404654444603,207.3439222015586,108.28372803769889,25.544378813137882
394,46016.0,45668.78773616823,45996.51513504096,45911.062914858325,45735.29347914485,-80.0,-1.514644977170974,-52.437725227486226,-4.591752259599161,-1.550513880487415
395,45824.0,45663.78428325017,45846.65308501826,45854.00262002788,45719.707639221604,-24.0,-8.328112393337506,-36.59662493140786,-42.058984816500015,-20.800457962170185
396,45968.0,45652.13151138156,45923.32188517814,45826.944945225325,45693.69256322051,-168.0,-14.468067541962228,-146.72177394942628,-97.58520218989361,-39.73044784006197
397,45488.0,45634.848148166246,45553.20953711941,45658.83221564809,45640.24674354148,-32.0,-19.358265419468808,-44.06466246170385,-82.69662175318444,-45.833482501959224
398,45904.0,45613.41498054262,45835.192560254734,45661.551701718956,45602.02559821659,-80.0,-22.681805897529557,-104.04907301055209,-118.50466306966337,-53.319865414061496
399,45328.0,45589.48453637119,45345.111391098304,45421.82288950877,45533.60701271336,-416.0,-24.407089215965243,-362.5293162453563,-192.817367455802,-58.13823486756155
400,45072.0,45564.60080211069,45110.13392776402,45275.91696680735,45485.74912848147,-40.0,-24.749477888817637,-44.30782451417326,-43.94743929773904,-27.170427807821397
401,45248.0,45539.98558059355,45256.49574206996,45333.92801091329,45479.266157097714,208.0,-24.07102925730942,188.84052465570494,100.97504956258126,5.080336471135524
402,45488.0,45516.45874359607,45487.81497707543,45477.867065932514,45495.90980142374,248.0,-22.741995912816492,230.3941203826398,138.87258798547919,17.039134397211456
403,45744.0,45494.50158876792,45717.28398283524,45611.67318688425,45513.34442589214,104.0,-21.036381216952577,95.88891993598372,67.64271439386357,5.901845763008168
404,45696.0,45474.385981162166,45679.5928169474,45613.15249472024,45507.713492949755,-152.0,-19.044118252179032,-119.72708115084242,-39.94444480388847,-15.045258294896485
405,45440.0,45456.41335226356,45477.82982053355,45531.78429727647,45483.253909302344,0.0,-16.668551520651818,-12.6138937460928,-35.476048805539904,-22.296888182296243
406,45696.0,45441.04887812086,45654.36502945521,45542.20039710916,45463.11971658516,-8.0,-13.689359298670752,-31.63964380228572,-66.4837016127276,-31.778206887920533
407,45424.0,45429.03463366622,45414.55053292898,45398.816894051015,45419.6974955265,-336.0,-9.850497320516297,-287.06183188132854,-155.97505603263926,-43.637346282335784
408,45024.0,45421.34788347983,45080.24136569256,45230.25028504388,45375.84502402049,-40.0,-4.979456821820349,-53.102338773649535,-65.44146648518654,-26.260220304986433
409,45344.0,45419.07572002258,45308.34585538168,45267.93396108064,45367.17705491653,72.0,0.9158862577751279,49.83376659751593,-0.3493434229203558,-7.509116358134634
410,45168.0,45423.17965599538,45179.90889888759,45229.55159819804,45360.82679130422,-104.0,7.593534547344461,-68.89246205616291,-7.606563783578167,3.291075952900428
411,45136.0,45434.26278911727,45170.560931269356,45252.720833513486,45373.75920682233,192.0,14.586340917623602,163.45668872854003,81.52965207218222,24.820375859231717
412,45552.0,45452.35233783063,45506.82227634467,45392.61090234241,45410.467543022685,136.0,21.26102627154978,110.372726798636,60.19552000013209,29.631713351482176
413,45408.0,45476.78484166037,45391.30638486663,45373.11187351375,45433.022633525296,-256.0,26.932098650959233,-198.98396714490445,-36.94309207178958,23.80622217887867
414,45040.0,45506.216535132546,45108.85434205486,45318.72471819883,45458.07998738044,184.0,30.961071468998853,159.1502868074749,84.97520378449553,45.9613532241674
415,45776.0,45538.706984598364,45709.60695848158,45543.06228108274,45524.94533997363,184.0,32.873403229550604,171.45678948966815,107.8687034252871,54.312619591870316
416,45408.0,45571.96334159165,45451.767921034196,45534.4621250494,45566.70522656418,-72.0,32.44959527012543,-38.99943227638869,54.63090649135847,49.695147918762814
417,45632.0,45603.606175138615,45631.6080939288,45652.32409406546,45624.335635811156,200.0,29.756448057556554,177.88064253861376,128.02401604878105,57.247191037527955
418,45808.0,45631.47623770676,45807.52920611142,45790.510157146964,45681.19960863924,176.0,25.131642052732786,173.56714273975012,129.44114165499195,50.523953260046255
419,45984.0,45653.86945924408,45978.7423794083,45911.20637737544,45725.38354233125,168.0,19.1313785385355,144.92507033838046,84.29940891620208,31.253110808571364
420,46144.0,45669.73899478383,46097.379346788184,45959.10897497937,45743.70583025638,-144.0,12.435862961250677,-114.4662986791991,-44.54291490639298,-1.6924205620452994
421,45696.0,45678.74118516658,45749.8097820499,45822.120547562656,45721.99870120716,-72.0,5.740586208001332,-78.52065448879148,-73.92815363538102,-20.40719398886722
422,46000.0,45681.220167199834,45940.3380378106,45811.252667708606,45702.89144227865,-120.0,-0.3425035064428812,-123.46717158928004,-105.24154599975009,-33.962686814578774
423,45456.0,45678.056178153696,45502.87543887134,45611.637455563156,45654.073327578,-216.0,-5.363712230624515,-187.3997881795549,-121.79648436387288,-38.91444832174602
424,45568.0,45670.492742738585,45565.53846145149,45567.65969898086,45625.062545635155,96.0,-9.068299409118481,50.35532983762823,-44.14790709186127,-26.1576546610886
425,45648.0,45659.91957933546,45603.5860985466,45523.34164137943,45601.75801825582,-320.0,-11.383354933703231,-278.16009176757143,-106.64723691171457,-25.616626466540765
426,44928.0,45647.72603287118,45009.21827791635,45354.36522515743,45573.829292702074,-8.0,-12.377120566881786,14.206946104339295,44.20619635671392,4.362739081356267
427,45632.0,45635.165338201696,45631.99999075528,45611.75403409286,45610.483496418536,656.0,-12.218361149924021,574.7817301106334,247.2658259818636,35.578378537386016
428,46240.0,45623.28931057133,46158.781738137615,45848.89687712116,45644.986049776846,0.0,-11.107973546808353,16.989168956959475,41.59128158887688,4.75185584715291
429,45632.0,45612.94939110808,45665.978328669196,45694.936597270615,45619.98720811284,-312.0,-9.250017287955416,-279.55571606148806,-122.49198121523659,-25.599481258363085
430,45616.0,45604.78927599542,45599.67030601464,45603.912914690685,45593.78708726012,-160.0,-6.851042205344129,-147.9564925813538,-97.06722523458302,-27.310766489714297
431,45312.0,45599.24730669739,45370.06534350649,45500.80214680145,45565.36567513341,80.0,-4.116571106038464,60.72175502431128,-8.709694488516107,-15.753128370037302
432,45776.0,45596.55613378334,45721.11381606326,45586.49352571365,45562.280830520045,112.0,-1.2581893868846237,76.61755287308915,-9.0618582309653,-13.770803087361855
433,45536.0,45596.73092792362,45523.30044925267,45482.67843033952,45537.82406895869,-296.0,1.4944414052988577,-261.3111205472451,-130.47588020437252,-24.365558113426232
434,45184.0,45599.54501659394,45198.49157496877,45325.54176530491,45513.54971429319,-288.0,3.905129586604744,-252.35099944005196,-86.36578238216316,-7.796868950834323
435,44960.0,45604.54118709683,45018.59845037256,45309.94686557519,45522.23033105702,384.0,5.770138063675404,344.41904374996375,159.37853305788667,36.79213331667779
436,45952.0,45611.08529272129,45887.3296624687,45644.29883142068,45587.13398092655,320.0,6.944584186257998,314.0596079562674,180.5013815558268,46.660348915858776
437,45600.0,45618.43035546935,45646.7176662851,45670.949628686845,45615.55102888874,-16.0,7.372326150532899,-7.023664758122322,62.12561160958285,29.19459940662273
438,45920.0,45625.82994502236,45873.282332952454,45768.55005463985,45645.523179739794,-16.0,7.102162357517955,-7.023668570353038,21.875453272932646,16.248309838047135
439,45568.0,45632.63468018438,45632.67032914439,45714.70053523271,45648.04764856483,136.0,6.273842646973208,118.74970327156916,19.50074820921509,6.526851253278437
440,46192.0,45638.3776303163,46110.78173949559,45807.55155105828,45658.57688224635,-216.0,5.095279312907223,-207.7260338432643,-99.37320864529829,-16.141922206163144
441,45136.0,45642.8252388102,45217.21826145786,45515.954117942114,45615.763804152506,-200.0,3.8090509838730213,-197.03118460355108,-101.62037414510269,-18.824887886217766
442,45792.0,45645.99573228405,45716.71937028849,45604.31080276807,45620.927106473915,88.0,2.6502502690163965,76.39305444294587,-5.48791379000977,-3.3903423548981664
443,45312.0,45648.12573934823,45370.004370343755,45504.978290362094,45608.98311944271,-88.0,1.8049572412965063,-56.69314822594606,-2.8433672249302617,2.905168940931617
444,45616.0,45649.60564676664,45603.3330738366,45598.62406831821,45626.73744435578,200.0,1.3992543381464202,169.99407267582865,84.95781211522626,18.291197130860382
445,45712.0,45650.92424802452,45709.99251569541,45674.89391459255,45645.56551370443,104.0,1.4903989462327445,96.62202033588619,57.71680357060541,15.506345033871185
446,45824.0,45652.58644465911,45796.57711450837,45714.05767545942,45657.75013442352,-64.0,2.049180628895556,-50.52982864518344,-15.80740140341004,3.8721274402632844
447,45584.0,45655.022609282314,45608.932858405045,45643.27911178573,45653.30976858496,-64.0,2.9760636723513016,-62.979964078105695,-41.13900778083189,-0.9748774093131942
448,45696.0,45658.53857200381,45670.61718635216,45631.77965989776,45655.800379604894,-64.0,4.116713963860093,-65.22974029211036,-43.60962193908563,0.48063000018373714
449,45456.0,45663.256037210034,45478.473377820825,45556.059867907556,45654.271028585325,-96.0,5.275348329250846,-79.77691942720412,-25.68985803642863,8.38420040969504
450,45504.0,45669.08926866231,45511.06334749775,45580.3999438249,45672.568780424284,64.0,6.25298466608001,67.90670716568638,62.540047829796094,26.726190860175848
451,45584.0,45675.762006542194,45614.2867921522,45681.13996356715,45707.723410305676,328.0,6.880802924377349,284.9788096550874,149.3100015258242,41.34080039667242
452,46160.0,45682.85087451107,46081.020966807926,45879.01994687655,45755.25038121763,24.0,7.052226482534024,41.517604455719265,57.38995674767284,27.289489972838055
453,45632.0,45689.86645950726,45697.322001063636,45795.91987706249,45762.30239025135,-72.0,6.749624027946993,-57.088960426106496,-1.140131282802031,13.567128546288586
454,46016.0,45696.35012256696,45966.84304595571,45876.739684310945,45782.384638310206,32.0,6.0459840213516145,23.736274670649436,11.189649403917429,8.40147997436361
455,45696.0,45701.958427549966,45744.794550404935,45818.29917587033,45779.10535020008,24.0,5.100356776703848,21.924256473907008,2.7090794945506786,0.875979399876087
456,46064.0,45706.55083612037,46010.69155890353,45882.15784330005,45784.13659710996,16.0,4.117381888863747,-0.6451969837653451,-27.062410920261755,-8.961923234619462
457,45728.0,45710.19319132769,45743.504156437404,45764.174354029805,45761.18150373084,-224.0,3.2985149411542807,-189.6666202790948,-99.8963122553323,-21.29601819258096
458,45616.0,45713.14786600268,45631.35831834534,45682.36521878938,45741.5445607248,-16.0,2.799979997191258,-35.35424636537209,-48.6265258457388,-13.359714969799825
459,45696.0,45715.793151322076,45672.79566370666,45666.92130233833,45734.46207379124,-88.0,2.7032559493200097,-74.58433610537031,-29.983265281887725,-5.159383243993943
460,45440.0,45718.55437790132,45482.1896461346,45622.39868822561,45731.22579423681,0.0,2.9783091400604462,20.342213100935624,46.676730000086536,11.325010157404904
461,45696.0,45721.7497696022,45713.48008990853,45760.2747623385,45757.11209410605,456.0,3.5023975147050805,394.29604232173733,170.01345528213642,28.94190457454897
462,46352.0,45725.55917293073,46270.78173077807,45962.42559878988,45789.10960338591,-64.0,4.094085995351634,-40.44677360073911,7.3636358463263605,3.8529894491475716
463,45568.0,45729.9379415929,45632.58654270705,45775.00203403115,45764.818073004346,-216.0,4.537559283209703,-199.2105551802706,-83.9225477431537,-14.45062673134089
464,45920.0,45734.63429149715,45872.36062041753,45794.58050330357,45760.208349923225,32.0,4.640930400481011,1.5771797981324198,-43.13127907579474,-12.599305584961257
465,45632.0,45739.21980239386,45635.74090230332,45688.73947587956,45739.61946183442,-272.0,4.276234616285365,-217.91520659763773,-77.47128948422687,-15.207914997081389
466,45376.0,45743.18676072972,45436.530207222255,45639.63792433512,45729.79251992906,200.0,3.4057572773162974,178.7738391530147,82.71741062311412,7.862684091094707
467,46032.0,45746.031316948494,45993.28858060935,45854.17429712579,45755.34483001661,328.0,2.0895534692281217,287.8677783110288,125.6235213535656,11.719551588379545
468,46032.0,45747.36586766817,46012.26576384431,45890.88496704225,45753.23162310582,-96.0,0.4813932307260984,-79.69399754349433,-33.84684656241734,-16.051625755502755
469,45840.0,45746.99410340995,45833.90058552236,45786.48060400096,45723.24157850561,-216.0,-1.21046588831814,-208.8622507101427,-131.16406104081398,-35.827965674929146
470,45600.0,45744.94493589154,45594.54126242403,45628.55684496062,45681.57569175596,-304.0,-2.760408650166937,-266.65301097818156,-143.6453365600246,-37.587102161847724
471,45232.0,45741.47328610961,45300.594563565995,45499.18993088091,45648.06737418191,64.0,-3.970726772746275,49.026118971960386,4.228051360743848,-12.70494886495726
472,45728.0,45737.003482346045,45692.59350036795,45637.01294768211,45656.16579402605,248.0,-4.710544353467412,214.9664386417062,92.3294906422525,4.506709545439662
473,45728.0,45732.05219740268,45730.52744084941,45683.84891216541,45657.08079327279,56.0,-4.9448444000590825,50.57114472849935,24.76042056600636,-2.6309610896169033
474,45840.0,45727.11379354593,45793.73578982495,45686.53378881412,45650.903871846815,-200.0,-4.748189791607729,-168.11270189972856,-74.04822894422614,-15.631727833635523
475,45328.0,45722.55581781946,45394.30203704995,45535.75245427696,45625.81733760552,-64.0,-4.284552930366772,-67.92356752524574,-46.90510739868478,-10.195667361018423
476,45712.0,45718.54468768519,45657.888654774455,45592.72357401675,45630.51253712478,-8.0,-3.7947213383413327,-6.970108403234917,-2.6670932518354675,0.6208263754961081
477,45312.0,45714.96637514278,45380.36182024348,45530.41826777329,45627.05899035651,96.0,-3.5491178738084272,90.66690414552795,46.90382764318565,12.299402749558794
478,45904.0,45711.446451937576,45839.22246306551,45686.531229303124,45655.111342623895,144.0,-3.788627732781606,108.58832069052369,47.378576181396056,15.607919398578815
479,45600.0,45707.38911967722,45597.53846162453,45625.17542013608,45658.27482915367,-320.0,-4.684045338042779,-253.99169331832672,-48.76809909899748,6.077227987458173
480,45264.0,45702.07836126149,45331.23907642886,45588.99503110513,45667.26579859881,296.0,-6.294439587163652,266.09900838029716,126.31712652160786,29.154259375081892
481,46192.0,45694.80024050289,46129.73647838512,45877.8096731793,45716.583347903834,320.0,-8.549178271030542,290.9767824501905,131.71947866382106,25.546716700217075
482,45904.0,45684.98000471943,45913.19264132924,45852.43398843277,45718.359231999246,-200.0,-11.255368530695705,-170.58063040969864,-51.15869053014467,-7.506154304628581
483,45792.0,45672.2895034415,45788.575217565725,45775.49229211901,45701.57103929458,-144.0,-14.12866845040844,-141.74133593487568,-85.19555025425507,-21.309640739938914
484,45616.0,45656.72266781861,45629.70996945949,45682.04288792426,45675.73995051937,-104.0,-16.846207965838403,-90.31540080879859,-60.42796023261326,-22.84409124924423
485,45584.0,45638.59708750982,45607.94441594813,45654.63637165378,45655.88285679609,136.0,-19.10816505618277,97.95652622928174,7.911669556408015,-16.262950883472513
486,45888.0,45618.50633770625,45825.62302191805,45697.86622703708,45643.21404875242,-152.0,-20.686398357287544,-123.3630898441952,-51.837031098166335,-24.908105606042227
487,45280.0,45597.224290795246,45361.21823625974,45550.96230945745,45606.066645584004,16.0,-21.45947227681245,10.631130792284239,-11.422762850899744,-20.844070889219438
488,45920.0,45575.58739315262,45846.88528350262,45675.02070133528,45601.525906973984,112.0,-21.432330908100994,80.30553500846872,1.568742545463465,-20.46444326132405
489,45504.0,45554.359628979044,45521.829306276675,45554.099794548376,45565.137759061356,-296.0,-20.72620218742304,-235.90944584258978,-95.87100951271714,-33.33125995955925
490,45328.0,45534.134988777776,45375.06639181744,45483.27868230984,45534.863387054866,128.0,-19.537290156167728,88.56904462796228,6.8182289163924,-19.93120265374455
491,45760.0,45515.28504866671,45698.9673955326,45567.73625238116,45525.27535375387,24.0,-18.09851601561968,18.737981378169934,-11.674303738098388,-21.324265613307944
492,45376.0,45497.93795674654,45412.54235457378,45459.930074833646,45492.21485582825,-112.0,-16.622413422806858,-103.71326808994127,-65.84114013069484,-27.249755134202132
493,45536.0,45482.040221821095,45491.54085935272,45436.05397211977,45470.77584348546,-160.0,-15.257894237875007,-143.29719845746877,-73.8491166539934,-24.700220168513624
494,45056.0,45467.42216827079,45125.94795765884,45312.23184152566,45442.81441549122,-32.0,-14.061308688735153,-15.853113399669382,4.293790168725536,-8.620707219681208
495,45472.0,45453.917604443624,45459.83463255338,45444.64155245722,45453.5344290461,328.0,-12.974877991910034,273.0598376614216,118.73048716017001,9.796735007184907
496,45712.0,45441.47241228697,45672.067632981685,45549.692815846,45462.40788550559,0.0,-11.838209443565574,12.571165336743434,23.897671311773593,-3.60614926522976
497,45472.0,45430.24118555649,45484.976963226865,45492.43689508077,45446.32213051564,-152.0,-10.42046109810326,-122.2058536204895,-47.03747322484196,-17.369648464169586
498,45408.0,45420.63149009076,45427.655925740706,45455.617869396316,45427.66858857725,64.0,-8.464373551280005,40.95859121736794,-13.010090986299474,-17.670112509524188
499,45600.0,45413.31243845393,45566.8941456616,45466.41671310817,45410.98190549659,-8.0,-5.74393264531318,-26.291051771117054,-55.99279973406374,-26.13758780583521
500,45392.0,45409.143624800134,45375.07382219847,45343.63226992819,45375.39341296558,-320.0,-2.133974514021247,-276.45121247076895,-146.96830821588446,-36.41882188272575
501,44960.0,45409.04448942589,45013.99172072006,45172.4800966764,45338.14426173114,-96.0,2.3471366836784,-91.12349787807398,-64.91212491358601,-18.34193814788523
502,45200.0,45413.83789816749,45192.826826442324,45213.808020101016,45338.70953666981,176.0,7.510882452221267,142.96923793386304,48.23193347512279,7.500751772160584
503,45312.0,45424.06625433033,45299.93019658779,45268.94396362665,45353.14576527546,48.0,13.002289897522132,46.754353084397735,33.607925338954374,16.49351686942464
504,45296.0,45439.842477962535,45286.33553261112,45281.023870778925,45371.69657040866,-88.0,18.340994887723355,-61.91700092106839,4.591842541736696,22.335633653630794
505,45136.0,45460.74824410578,45176.09619474565,45278.12764871012,45397.81703258272,104.0,22.981924048926885,90.24163586280702,68.16760228625935,39.21131380319639
506,45504.0,45485.80632606039,45466.81880433673,45417.35907535144,45450.119198015054,104.0,26.38625371162925,104.81663127475986,95.91096431704136,49.60812533308854
507,45344.0,45513.52075152904,45385.72945729517,45469.9495773442,45497.0332832489,120.0,28.10205533897897,127.55793943430763,115.5652906648611,54.565749396286265
508,45744.0,45542.01043673835,45721.93468320535,45648.489656681166,45559.25069680763,264.0,27.82359487452777,225.8786419369353,130.78490767754192,52.97994839910825
509,45872.0,45569.167941278094,45837.48674116904,45731.51939269929,45602.99318004712,-88.0,25.431185224246292,-57.014236191072996,12.789432367768313,30.292142241847614
510,45568.0,45592.87280718684,45607.9062108232,45674.0685214167,45619.83498129132,-32.0,21.018526214516896,-30.049476229836728,-4.416610574233346,19.433550308771373
511,45808.0,45611.20499370713,45777.38778870937,45722.68617155082,45641.86028066466,24.0,14.878126636929665,16.420521433024987,5.960735909528012,13.718313406570815
512,45616.0,45622.6290604607,45640.74725368925,45685.98999323576,45647.271608104464,-16.0,7.474140819038439,-12.904266573859786,-1.7011816971826192,6.97490784502952
513,45776.0,45626.153275345205,45751.57925556165,45719.283808156455,45655.81009635472,-16.0,-0.6030059613767662,-11.271720319364249,4.935718998924131,2.5289930679864483
514,45584.0,45621.423048537945,45618.203813050524,45695.86143123361,45652.32959424044,32.0,-8.696940728605114,37.643622741477884,32.50833869395865,-0.06402240225725109
515,45840.0,45608.759393887995,45826.866501044606,45784.30048554437,45655.682051550204,160.0,-16.154455635791237,142.99519321709886,60.589297082951816,-5.863440112720127
516,45904.0,45589.11413726636,45904.19419948472,45817.04002539951,45640.602714014996,96.0,-22.409621547431016,78.29869586373752,-10.740447445106838,-28.249201834463747
517,46032.0,45563.94015079313,45983.46389277208,45762.81959065416,45599.18364788128,-368.0,-27.059961420880427,-339.3765969847991,-188.81063941827597,-63.059883739650104
518,45168.0,45534.9942144246,45225.441005515124,45439.41874656296,45514.482946535696,-304.0,-29.92045350171975,-294.85210554877995,-187.69147080971743,-67.37655401879965
519,45424.0,45504.09924378969,45393.75968167452,45387.436649034724,45464.43053984368,48.0,-31.050201916019432,17.117084532015724,-70.26377301087268,-48.03087969983244
520,45264.0,45472.89381059256,45259.675174579155,45298.89120054121,45418.42118713603,-200.0,-30.74017983584781,-155.7086341995746,-71.09984822290062,-38.28829335084811
521,45024.0,45442.618884118,45082.34241327537,45245.23695258892,45387.85395314198,176.0,-29.45751733833822,149.17981953981143,56.96422834216719,-12.37453633694895
522,45616.0,45413.978775915886,45558.03481365878,45412.81965722555,45393.67211446213,176.0,-27.764996702004282,151.0659542105641,65.99253324939855,-5.29823295674214
523,45376.0,45387.08889071399,45384.4743216965,45377.22201908772,45377.2574872285,-168.0,-26.217618931019388,-131.18888347976463,-34.986628593971545,-16.351752872207726
524,45280.0,45361.54353805385,45295.65704669925,45342.846400037604,45360.96860871772,-8.0,-25.27563946468581,-10.53204150102465,-2.952419031309546,-12.24044807489554
525,45360.0,45336.53761178462,45363.41023869445,45371.3171810251,45352.776591078706,104.0,-25.2336535404429,84.80438546745427,34.12937150004291,-8.553188085079455
526,45488.0,45311.07623097296,45465.26581763416,45411.10514303769,45343.86223254756,-24.0,-26.190976525100268,-11.815332889502315,1.3405335314346303,-16.121246903767315
527,45312.0,45284.15565873442,45339.779572915446,45373.99824808797,45320.53409727117,24.0,-28.064043649308587,13.411619858528866,-6.107770905735379,-22.901430412824993
528,45536.0,45254.948143674344,45492.089057351215,45398.88960122622,45298.05937172191,-88.0,-30.613367598223704,-67.24522880815493,-43.663846248640766,-34.37175696317354
529,45136.0,45222.92892353797,45205.289115299136,45286.67055559069,45251.790583344824,80.0,-33.497566683035984,61.346345900357846,-36.88376784018692,-40.47925920983835
530,45696.0,45187.95301030827,45614.78174915193,45325.122065545846,45217.10085330223,-280.0,-36.32328415030861,-274.03543013849776,-146.98745727192363,-58.634687377481896
531,44576.0,45150.28235523735,44657.21825502214,44992.69564104684,45134.52120858986,-288.0,-38.68848274804259,-258.36210431085055,-124.07860397558397,-54.653584282878
532,45120.0,45110.57604481219,45098.05754053023,45076.96485759468,45107.793684736476,384.0,-40.206522014308575,313.75297174516527,62.751645345178986,-27.33783961656445
533,45344.0,45069.869311208735,45284.72419851247,45118.1989317372,45079.84552935673,-304.0,-40.537753558561235,-252.41963465132721,-71.66645998887907,-41.15587891190444
534,44512.0,45029.500537695065,44593.218271227575,44933.63193761692,45025.48192691267,120.0,-39.39903042930018,109.02876575290065,26.24897468818017,-28.689506098431593
535,45584.0,44991.071250350135,45502.78173001827,45170.69688111356,45022.46651715987,208.0,-36.5798617889086,184.2040738190517,30.413384053423215,-31.09208389480409
536,44928.0,44956.34081411725,44961.62641886568,44994.458705723766,44963.29775912306,-344.0,-31.983525002073293,-305.49123346523993,-143.00882252791416,-57.403870080655906
537,44896.0,44927.10420034599,44891.79926308779,44884.67923605773,44907.658776998556,-64.0,-25.64840492845542,-90.83084033892374,-115.4398516371657,-55.05604327457695
538,44800.0,44905.04400426034,44779.96473818783,44763.579002449434,44853.185672573905,-240.0,-17.767346880660625,-212.01083396082686,-139.31073238358294,-51.81382079595642
539,44416.0,44891.56950658467,44467.77759516614,44606.057771290565,44804.03113540664,-48.0,-8.698478091610014,-53.299167190991284,-62.49234551358313,-29.752980396926432
540,44704.0,44887.64704807712,44673.36640380585,44638.59431142227,44793.67971178005,80.0,1.0631296488645603,52.420827668946,-0.16630415716281277,-5.867438037592365
541,44576.0,44893.695765882396,44572.61925050403,44605.72516297624,44792.29625933146,-160.0,10.951861611876666,-117.65090078165304,-18.006566957912582,9.431360517981375
542,44384.0,44909.55077130087,44438.06460224254,44602.58117750644,44812.542432816015,208.0,20.39657902144245,182.5444201197679,106.14660328342507,41.67329512535798
543,44992.0,44934.48892392528,44937.70809074357,44818.01836954309,44875.642849582175,192.0,28.891562851844355,181.40788505032833,128.44637680819505,57.282559245264565
544,44768.0,44967.33389700456,44800.8803723432,44859.47393112283,44927.107551306544,0.0,36.0721393472013,27.57414331561813,87.1925271411601,59.4200792897027
545,44992.0,45006.63320261968,44992.8563773748,44992.40342382541,44994.48300816158,224.0,41.74823751385702,196.25789190563228,133.1312046152816,67.4996072631111
546,45216.0,45050.83037203227,45193.396156154464,45125.7363403534,45062.10676583277,80.0,45.89089093867369,87.52055955196192,88.20108670468835,59.92909596282698
547,45152.0,45098.41498449703,45167.89749647873,45168.80559723479,45114.341200087234,56.0,48.59648571867365,53.988822717914445,51.47205549878345,50.35149425882628
548,45328.0,45148.02334346962,45301.37380159029,45228.68045135096,45162.80975435042,0.0,50.01944691084282,0.34531306304052123,10.215079791658354,40.20904198070639
549,45152.0,45198.453878318716,45168.58812260481,45189.2357568181,45194.75928404865,-48.0,50.300251204429514,-49.84506596146821,-20.826816123804747,34.087493900660775
550,45232.0,45248.62384587848,45201.683669667356,45187.026819103354,45230.98474215174,-144.0,49.514602196588385,-118.48610460067721,-24.695528163072595,36.17469521068051
551,44864.0,45297.48308271189,44931.61591340345,45139.84470049196,45267.10867447001,184.0,47.65327021427947,165.36493744027757,90.74023163458332,56.27936604177012
552,45600.0,45343.93038630704,45532.41354454791,45368.50728237252,45343.54347423528,168.0,44.645903834891215,165.51222719710495,112.91622306682257,63.61197347703637
553,45200.0,45386.774890381676,45262.64036779766,45365.6771466256,45394.33262142408,32.0,40.40638402050172,43.42866223805322,80.00843756588802,60.505778260001534
554,45664.0,45424.74315434804,45619.27086902402,45528.5241575043,45464.555030755284,160.0,34.88922349968925,132.98484634644774,95.10908963083784,60.250160868967214
555,45520.0,45456.553337381054,45528.61006049056,45555.89532588728,45514.832943162015,-88.0,28.14674318761172,-47.61050608068399,45.318831326625514,50.01955956483289
556,45488.0,45481.036640723265,45524.04985686265,45619.16182015755,45564.59414988495,184.0,20.355243865906232,175.68908068535166,128.84740434904234,53.590914217184036
557,45888.0,45497.26382511287,45879.98822186126,45813.59013458536,45622.01477159638,368.0,11.820478480891325,315.8794743049293,157.22338172049785,44.12136029125031
558,46224.0,45504.67759768505,46155.80880547251,45933.60858359854,45652.83687046745,-96.0,2.9371792281090165,-72.92483856010585,-25.17725918755241,2.263942394441983
559,45696.0,45503.138183569085,45734.13854474105,45763.23561621026,45626.54265638527,-240.0,-5.8681052648498735,-223.1880874922863,-136.75515928315144,-29.76708126291851
560,45744.0,45492.94138715535,45709.432630487936,45660.09826503224,45593.30270794161,-200.0,-14.18488560863625,-197.54276181342357,-145.08821866189464,-40.77481304657704
561,45296.0,45474.76841235181,45339.0530211142,45473.05917888647,45544.99303029211,-168.0,-21.670513817422034,-155.1145038027098,-98.5094967025434,-35.860026134894724
562,45408.0,45449.600359520504,45399.203622882516,45463.07927162715,45521.582655671824,16.0,-28.06948835314688,16.16871618089499,17.559728554268077,-17.731241836696427
563,45328.0,45418.62943564552,45371.39045347599,45508.178635995006,45509.53054661872,376.0,-33.208580324244394,339.7890521809095,135.18868236535127,-2.9755817221666803
564,46160.0,45383.183198872015,46078.781727244335,45733.456636357856,45515.63149222749,56.0,-36.975653421621246,47.05717783500586,12.006318541778455,-26.117479779855785
565,45440.0,45344.678128802276,45465.504809146005,45532.19127307856,45457.29558705901,-448.0,-39.28171569001279,-382.1600944207639,-155.16972674001227,-57.471125815529376
566,45264.0,45304.61976749199,45314.46153840281,45423.11718287783,45400.68924059643,152.0,-40.040480203148036,101.26442127081827,-29.515498761815252,-49.77188443275736
567,45744.0,45264.59716839598,45668.03365168764,45473.16027555493,45357.751818193494,-48.0,-39.15791139128487,-60.27870995189369,-85.37676954543349,-62.24983149326363
568,45168.0,45226.30394470942,45193.90411849902,45252.363643786965,45276.189577609905,-360.0,-36.54679301448414,-310.58985901856795,-178.61480987448158,-76.15276170309517
569,45024.0,45191.50358236701,45046.853933650505,45115.93065580597,45205.4462947873,0.0,-32.16159041007268,-32.780516595972585,-90.46766007801489,-61.670968083231855
570,45168.0,45161.980763889274,45128.343085307075,45071.428323630935,45152.84764144344,-128.0,-26.038346615965565,-116.79542180806675,-92.78817035956672,-53.35627127169573
571,44768.0,45139.42688913508,44813.26309003437,44930.354315086835,45098.73375224391,-104.0,-18.32054675852487,-88.76454510084295,-59.896851000678,-37.57720158732991
572,44960.0,45125.339670372225,44950.81399510539,44951.63462162958,45077.69323826878,120.0,-9.291217473284632,91.62088059797316,17.097617357532727,-15.155852061692713
573,45008.0,45120.84445418851,44996.50485123032,44964.5495498019,45068.42204812053,-16.0,0.6333982752184966,-11.784887723471911,-8.810296926723822,-6.250087742228061
574,44928.0,45126.60646692266,44927.244219658445,44934.01402777613,45065.193062784325,-80.0,10.951194649682293,-73.03953327967247,-27.52850813770783,3.6306678030159674
575,44848.0,45142.746843487876,44850.42578467097,44909.492533526485,45075.68338372656,-88.0,21.100403862095845,-64.68951163259044,6.224772513600328,21.874490128557227
576,44752.0,45168.80727464685,44797.865196393264,44946.46357280333,45108.94204304144,248.0,30.52113193036348,228.14831063680322,134.20282567851245,51.1057614669553
577,45344.0,45203.7891073486,45306.72240594458,45177.89818488351,45177.89490666047,312.0,38.71883770847853,271.08632232603486,148.38370452192976,60.647608952054725
578,45376.0,45246.24495006381,45340.037841045334,45243.23098184719,45230.23726094555,-200.0,45.300770640329574,-146.49535967259362,-1.0517121127231803,45.05421733235926
579,44944.0,45294.39064862926,45013.73168659939,45175.794760658064,45268.00334132519,16.0,49.99648906188668,22.352278551043128,48.46115913990434,53.966247445892805
580,45408.0,45346.237928187584,45384.74239814742,45340.153300127,45338.169755837334,304.0,52.6631295118932,254.7227022851257,130.4351895324362,66.67490230401745
581,45552.0,45399.71690765305,45523.177091169644,45436.665139722936,45401.35314593322,-24.0,53.2732313833294,-5.679851129538292,38.844409457404254,55.65104739254821
582,45360.0,45452.78439095424,45373.382695888344,45417.84211904181,45449.47185062243,-112.0,51.89159552897763,-82.88091583957066,10.098038839772926,52.59229722032978
583,45328.0,45503.500098711,45357.4152594905,45456.86121740248,45506.53774037388,144.0,48.66485329835632,131.10886105467944,103.4497070619218,65.9927767701447
584,45648.0,45550.114097550955,45635.6004179977,45624.74153316565,45581.45740416272,224.0,43.8087937058699,216.18724849572027,156.25108234598883,71.59253399697263
585,45776.0,45591.11768612274,45789.78975648194,45769.36338209446,45649.72280836783,248.0,37.59853370180281,223.1381208939747,141.30353997604107,61.951544623498194
586,46144.0,45625.31116495456,46081.87665978565,45907.348613117734,45705.36049340972,-32.0,30.371833832596167,-18.52979776803113,19.659537582138,33.70570971237976
587,45712.0,45651.861353787936,45752.73016094588,45808.682457258736,45717.13422779259,-144.0,22.52212854553727,-125.49569411038101,-50.324927229627065,12.030445772496023
588,45856.0,45670.355422045635,45830.88527156489,45806.69875865848,45729.42138495471,-48.0,14.482443048880668,-47.41853155654826,-26.634319271015556,5.958226409857161
589,45616.0,45680.8262398857,45657.893097832784,45755.413818716705,45729.0506806123,32.0,6.700330883151764,36.47331543182372,18.421969416580396,5.281829688206926
590,45920.0,45683.75608381194,45903.83190242854,45843.54269749164,45739.98504433112,208.0,-0.39939359197524027,165.09831673842564,49.900227520753106,1.933615935380658
591,46032.0,45680.02745270175,45988.089731309636,45855.21427375821,45732.91791248306,-152.0,-6.448587137987488,-135.29351457070516,-76.72128685432472,-22.02123622391082
592,45616.0,45670.858909535964,45633.24487328713,45690.10012378299,45695.9425718833,-320.0,-11.183121358175413,-268.62049158686204,-128.06408808372362,-32.97821200559338
593,45392.0,45657.661209985396,45450.84874813591,45599.08609759076,45666.961488471876,160.0,-14.473630214677542,116.64802944611074,12.5290226031575,-15.233008987834182
594,45936.0,45641.91164910661,45866.54093217935,45715.15816898931,45665.47655390763,80.0,-16.326187379348994,63.59643102241171,5.651155893196119,-15.011106868860224
595,45552.0,45625.0088352267,45578.041610180735,45610.388409377156,45636.939274734155,-184.0,-16.88091599249674,-158.29127109494584,-75.57555492357642,-24.29031543677047
596,45568.0,45608.149817121615,45549.95838998946,45564.00705914215,45616.89592303409,-136.0,-16.391984371945,-118.29127024400805,-48.37782066392174,-17.59855554835667
597,45280.0,45592.22486648281,45341.45906969272,45513.63276804931,45601.74216363744,216.0,-15.189757266642118,186.159814760249,66.44209293181484,0.9333487852200051
598,46000.0,45577.77030258833,45922.278019509955,45696.89124500578,45618.76262060453,120.0,-13.633708744811884,104.84526077360351,31.704099459358986,-2.041412002679863
599,45520.0,45564.957448993184,45551.149591239926,45577.04096696803,45597.65933963208,-240.0,-12.060925228855922,-215.3804720703847,-91.32979455373425,-17.22031399084881
600,45520.0,45553.64845213062,45491.517075369185,45514.231655898315,45584.321992622834,-224.0,-10.74746984027297,-202.0471390247949,-65.69348312055808,-10.121247378105181
601,45072.0,45543.46250931264,45147.055313190336,45445.654000726914,45577.41684487587,328.0,-9.873818861837208,301.6323259214769,118.24934519205271,18.365694496827928
602,46176.0,45533.900814406945,46094.78172721214,45750.73034628242,45621.05338161649,216.0,-9.492870088128257,201.57865782713998,92.44151869671623,15.889205821447831
603,45504.0,45524.47676913638,45550.212628844616,45630.53703812035,45609.19525651877,-280.0,-9.528055902068445,-244.267084037725,-56.924789101904025,-6.598362271786755
604,45616.0,45514.84470260281,45606.24755913669,45636.88076807861,45607.856657072916,8.0,-9.78024816733523,7.272725975504727,16.784113997575332,-1.7457665922047454
605,45520.0,45504.91627280171,45564.758080795626,45664.1052661155,45605.70372333436,304.0,-9.97163438042844,268.26708775943916,99.27713109463366,2.1322524281567894
606,46224.0,45494.90143384195,46142.78173465557,45835.43503026788,45612.12116192923,32.0,-9.797702228737762,21.463525561790448,-22.95272071368163,-24.176503308663087
607,45584.0,45485.320868344235,45607.68513191921,45618.199824688134,45557.35071671703,-384.0,-8.982291035663366,-352.1683036867398,-200.13529323568218,-56.10290937635
608,45456.0,45476.936851770624,45438.44512728209,45435.164443796515,45499.91534317653,-256.0,-7.343510210856039,-257.01436822670075,-193.453158993354,-55.239606381670455
609,45072.0,45470.63384792252,45093.656395465805,45231.293506701426,45446.87150395369,-272.0,-4.840073000992561,-236.50675448723996,-124.22418374438348,-34.30026402515796
610,44912.0,45467.25670576864,44965.43161830761,45186.71607630775,45431.314815126214,176.0,-1.5858991981185682,165.171799817992,92.78060776019993,10.409051928832923
611,45424.0,45467.462049526286,45423.99999510179,45416.854722221826,45467.68960781136,616.0,2.1628558294905815,548.6750542738446,226.56600702499054,38.559273075712554
612,46144.0,45471.58241742762,46062.7817268553,45639.84809035773,45508.43336127764,-240.0,6.038749374456529,-199.3908578127739,-29.082586685235583,8.965421530167077
613,44944.0,45479.5395482752,45025.21827947624,45358.689548851355,45485.62045087169,-352.0,9.644267410556495,-311.39086997363484,-73.81376708069729,4.2681121376335796
614,45440.0,45490.87095224873,45439.99998690803,45492.220556196335,45516.969585552906,528.0,12.607769596314029,446.7817309131606,159.64128544314735,35.19761395885871
615,46000.0,45504.75508746783,45918.78174130256,45677.97211973765,45556.01567878941,-32.0,14.640921815840557,-3.8836632708844263,24.73762341013571,16.84687717597626
616,45376.0,45520.152795880414,45432.23266036626,45541.695803016606,45550.66333990486,-200.0,15.597713556613598,-165.1568874583063,-53.42841521273294,3.380828110690345
617,45600.0,45535.950514581054,45588.46796638595,45571.11528931218,45562.77733501079,144.0,15.485537914031738,98.57513794942861,14.97713095166182,10.252861856468371
618,45664.0,45551.12387170848,45629.382936265116,45571.65006491993,45571.169063617795,-168.0,14.455603543901816,-132.1703487952691,-45.640191932281596,3.7501817879019654
619,45264.0,45564.86172166886,45324.12726879541,45479.83490544762,45570.27769858659,-16.0,12.77028426896868,-4.619323492654075,16.10229325149703,14.422519898122118
620,45632.0,45576.664440246415,45620.14428927981,45603.854651422924,45600.01410341404,288.0,10.763240318414319,236.7384668834202,109.94707168676177,28.137109998151573
621,45840.0,45586.38820230569,45797.60420256225,45699.729048821144,45626.551918582896,-72.0,8.785146531427017,-34.51907390630004,25.73892180879193,15.86541109799873
622,45488.0,45594.23473330927,45551.10614146721,45655.33249504051,45631.74492561004,80.0,7.153798257742892,69.0326462410012,39.26969373961765,12.380253307645035
623,46000.0,45600.69579882117,45935.669495044254,45778.26843630038,45651.312425198186,88.0,6.104043646297214,62.910828798303555,12.070159410064662,2.133120848055114
624,45664.0,45606.442820601864,45676.927799063815,45679.47281386064,45636.01116730615,-232.0,5.757722534403001,-194.10270066135126,-91.05921550942367,-16.700699526729295
625,45536.0,45612.21124388998,45547.46409372155,45596.15000528153,45617.91102614473,-80.0,6.111688380766282,-72.1432367344969,-53.2478059383393,-14.004589854182996
626,45504.0,45618.666197363396,45532.64132559482,45572.97720198396,45608.00198759778,168.0,7.034889471353381,128.38385984735942,11.315797694402136,-4.708939167059725
627,45872.0,45626.281022832685,45804.23181341627,45618.781600670336,45608.49314781061,-192.0,8.29691107934923,-172.82143697162246,-80.80480097845066,-12.68418239663879
628,45120.0,45635.260019522095,45186.998451651576,45411.36760002706,45582.633622804504,-208.0,9.612796996581892,-176.67011163238203,-61.73020062975047,-2.7278438658831874
629,45456.0,45645.50661682585,45450.89159015151,45495.321199410835,45603.03746007884,280.0,10.697697904626693,238.3510892574559,103.61419908919197,27.755710278284823
630,45680.0,45656.65541533135,45663.70063016649,45618.59599820544,45638.14504336107,136.0,11.327685042000667,131.3121908474168,92.57279789733002,33.01483545028168
631,45728.0,45668.16198690985,45713.51597184634,45680.466795205495,45669.067130979405,-48.0,11.393083573773765,-22.60479908844718,38.104194602805364,27.975444167303067
632,45584.0,45679.441582478896,45618.49103198959,45694.80438741105,45694.09593169568,72.0,10.91746081878955,77.43022009123524,69.7397859110788,30.533597301058762
633,45872.0,45689.99690854743,45868.37641202881,45819.94636702765,45730.13432558152,280.0,10.071836857176095,231.76744018328827,99.11516313043103,28.945110164917423
634,46144.0,45699.58525619325,46082.02591235617,45893.034713671914,45751.986152025514,-200.0,9.137627764226636,-164.51451491592525,-52.394296519778436,2.251134045269282
635,45472.0,45708.27216407588,45539.34738219696,45715.157773988096,45734.63659367206,-160.0,8.433176432747132,-137.64804215030745,-56.29805268977361,-4.217728669849748
636,45824.0,45716.45160905874,45806.729828055555,45780.43860829237,45743.550694685815,232.0,8.256067667316529,181.03158613635605,43.5001384504576,4.891635748041153
637,45936.0,45724.784299410516,45901.41055446967,45802.15805088901,45744.41986516814,-96.0,8.808045245456015,-78.26650123752916,-45.20153195885359,-8.709836259262374
638,45632.0,45734.067699549654,45650.1968255805,45690.03554437466,45726.13102216729,-184.0,10.134142755101493,-160.22960098670592,-83.10473432701838,-13.582291892485955
639,45568.0,45745.05258492072,45580.95135249626,45635.948582234974,45717.25528138317,8.0,12.102396096939628,-4.488710602934589,-20.1126710221979,-1.4129767149643158
640,45648.0,45758.27249174353,45641.21940437463,45649.81020233026,45723.30506873736,32.0,14.425915179941512,26.365073751505406,14.766721260424674,9.81504079106162
641,45632.0,45773.9044152806,45633.68149999927,45665.482024755824,45736.885362965295,-16.0,16.710436175231735,0.8695956210176519,32.412834803468286,18.82456237619408
642,45616.0,45791.693364094,45642.95859561666,45714.6358719372,45760.95419348975,160.0,18.525110864415183,144.07007370071005,98.47178314998018,31.316540198946313
643,45952.0,45810.95463700943,45921.82164740069,45862.425591055784,45799.51844336319,120.0,19.48172876548051,127.97128878747026,103.0025146464759,30.94017204159536
644,45856.0,45830.65682162496,45898.9011731916,45920.64090123015,45822.83453757294,240.0,19.29183585103965,214.4800486871609,90.53576078944025,21.657821088399942
645,46432.0,45849.53830871151,46350.78174477501,46043.497112634665,45842.83408553999,-216.0,17.80909905059889,-196.84145907771745,-71.39523227815516,-9.458747755954391
646,45424.0,45866.275019726156,45505.21825503617,45777.85043667384,45803.91704206103,-224.0,15.045227770162455,-197.69543567510118,-88.7214576239021,-19.92119137590271
647,45984.0,45879.62876425184,45955.39087342481,45866.05419738686,45802.99170278818,352.0,11.13802465172921,285.0863042277415,29.23085940645251,-9.975754133440205
648,46128.0,45888.551069029614,46075.39086349165,45836.31215548675,45783.96553379415,-496.0,6.320590590206848,-441.08629910009404,-175.58596415673674,-36.22789230432318
649,44992.0,45892.26994543225,45073.21827522462,45514.88226907339,45730.535918179536,-80.0,0.8877246680494864,-92.61590589286425,-59.98875187667363,-16.50281970564174
650,45968.0,45890.32651836571,45890.15905170592,45716.3346517334,45750.95989438287,224.0,-4.839625894001074,222.31133538508948,75.61970852671584,9.571970922475884
651,45440.0,45882.59069364425,45517.8409459948,45666.12168612682,45749.67986002449,8.0,-10.551377546737058,25.679666500978783,62.84787745682843,14.203958642847283
652,45984.0,45869.22376327224,45941.51838470788,45842.030406647056,45779.36781166856,248.0,-15.966391192348965,202.4763200144007,104.92392384376944,19.45634222750232
653,45936.0,45850.65791125955,45922.7935860236,45875.96953381436,45788.59254447949,-128.0,-20.835645703104092,-84.75686856627362,3.923894074479904,1.854360034903948
654,45728.0,45827.55247186603,45772.00464757533,45849.878194796016,45783.07653173837,80.0,-24.961639601096977,69.2342994283863,34.84775837966663,-2.7621861542065744
655,46096.0,45800.734632057356,46061.262184880376,45945.66505057369,45783.06817217108,152.0,-28.192491864767362,115.56846170693461,20.619381064523623,-15.654950958734844
656,46032.0,45771.167488136496,46003.1415709892,45891.11695692506,45751.7666298209,-232.0,-30.41526229956071,-202.4127589451673,-124.9896151860994,-45.31321085913078
657,45632.0,45739.904107458235,45656.43666699004,45695.68582020149,45692.44175045282,-224.0,-31.55501409848148,-224.52156904897492,-163.5882266228291,-56.302791845446336
658,45584.0,45708.05745993953,45554.09843289125,45563.940503679405,45639.16104613001,-280.0,-31.56292633522753,-251.84606964252816,-141.77506468238062,-50.52265201630871
659,45072.0,45676.77825478778,45152.744527704985,45412.13569083673,45591.3964464202,64.0,-30.400037229966983,64.39670577743527,18.263032575690886,-21.79477738879359
660,45712.0,45647.2573854796,45682.89184444612,45600.46656883079,45595.57149135242,376.0,-28.03912451178985,322.5785665329604,132.56416240944964,-1.646380500162195
661,45824.0,45620.7000057642,45797.901660770905,45677.26401565563,45588.103685419876,-32.0,-24.48510294634616,-15.481879820712493,3.4294546526543854,-19.26262166154993
662,45648.0,45598.28717958691,45651.9280848047,45607.325478136096,45557.04624802932,-128.0,-19.796696986555617,-126.33315194269744,-90.27579845148284,-35.605124989087926
663,45568.0,45581.10661179109,45545.23535688551,45496.712418752664,45516.8934354417,-232.0,-14.118984899145289,-220.51594349164952,-146.2568500071029,-42.70814081553908
664,45184.0,45570.049209788616,45210.8961978214,45314.81177812189,45471.62996639824,-232.0,-7.701970771107881,-199.8581699571041,-116.49475156983317,-30.881970723545237
665,45104.0,45565.70267024887,45145.5190169713,45263.722915613,45455.12949399461,192.0,-0.9047957256116206,142.21790400642567,28.77259529761068,1.056002296099905
666,45568.0,45568.23961833739,45495.33200583425,45372.35696871711,45473.74197099044,-24.0,5.837457200887002,-13.526981965809682,10.812537462668843,13.89957554535431
667,45056.0,45577.37758465065,45118.46505303968,45285.347990538336,45482.92864508532,-104.0,12.07843662122832,-64.54168759615641,27.665017090388574,30.533106349143054
668,45360.0,45592.39649157985,45366.24863064194,45427.68700289789,45534.80818368873,312.0,17.428829467065952,279.0267308119546,176.18251380849688,60.619947787847195
669,45680.0,45612.23524358478,45676.51851466359,45637.71301815533,45604.16854066101,320.0,21.628445997059316,292.86245733961186,188.8825243351057,65.56878400533242
670,46000.0,45635.65338357397,45951.97354532116,45805.4520515681,45665.94575169939,16.0,24.583122007537895,35.32275726338048,70.46505919682386,45.074498623351246
671,45712.0,45661.401487599855,45747.16402919035,45778.64313654898,45694.317537907715,-40.0,26.362153479407425,-28.98937017904609,6.512653255365876,27.487663103704108
672,45920.0,45688.37769053278,45893.99480496307,45818.47735807883,45720.9210779068,40.0,27.152531012565305,16.804800588048238,-10.927099430729868,16.649593894431746
673,45792.0,45715.706549624985,45780.77363036645,45756.78893768752,45727.61672569658,-200.0,27.18927521173464,-169.35302276435687,-79.29395154755184,3.476484074602922
674,45520.0,45742.75624095625,45555.288759434356,45659.88945498373,45727.87404605601,-56.0,26.682223649120715,-49.041073760337895,-26.954755211925658,10.651022662230389
675,45680.0,45769.07099692323,45682.691482845774,45702.879427263666,45748.91877102104,176.0,25.75657381189376,140.86013764027666,54.42968591177123,24.49066351608417
676,45872.0,45794.26938858004,45837.00903471491,45768.74882680727,45776.855373088176,-40.0,24.42068298994127,-20.63727455633125,14.24381294723571,23.17937072154382
677,45600.0,45817.91236290311,45641.41693373311,45731.36705315814,45795.27751246413,8.0,22.59081911913745,11.492567683759262,28.3017529299359,28.186014999158942
678,45888.0,45839.451026818315,45859.99417008243,45825.35233266714,45833.227403086494,88.0,20.138492288184352,78.5480867614715,62.66144584257199,35.211260776690324
679,45776.0,45858.18934747948,45798.513107256054,45856.68994484328,45865.70003401751,32.0,16.950592366745695,51.08447345388049,71.68258459778008,36.95763263188928
680,45952.0,45873.352211551806,45962.16311699019,45968.7175018627,45907.14266835027,248.0,13.005223759850196,214.46559468508713,120.38630795077188,39.199767750276806
681,46272.0,45884.19979499918,46227.44429662623,46097.462560744825,45944.09956951806,40.0,8.412419983749714,42.502662767172296,41.4763392545392,20.56187964369383
682,46032.0,45890.177051519306,46047.16844252453,46051.67018037178,45948.26642763766,-128.0,3.4295956483438204,-104.43364147903776,-35.95729018715792,-0.019820498517219676
683,46016.0,45891.058986295866,46018.57701366815,46025.54798037051,45944.05992852103,-8.0,-1.5580744540166052,-15.70636051562542,-21.348209816012968,-7.8035026905854465
684,46016.0,45887.06090261127,46015.75572149328,46008.973760739755,45932.65942225649,0.0,-6.089021147094172,-4.042684708478191,-20.08733926088098,-15.567535151709308
685,46016.0,45878.88094400168,46010.4916442512,45985.37330184875,45912.92485821761,-32.0,-9.695169416761928,-32.80585598608013,-38.913807966629975,-24.888321128000825
686,45952.0,45867.67056377775,45950.14400952112,45931.146144806495,45882.88278000049,-72.0,-11.992051680586883,-69.62758712447976,-64.65408463900167,-33.497939217097155
687,45872.0,45854.896840640504,45871.23647000224,45856.065132570744,45845.92897978341,-80.0,-12.728498318596394,-82.72518950767699,-83.0484459503823,-38.25735122790502
688,45792.0,45842.213567140556,45784.69363050577,45765.04925290573,45806.36807754468,-120.0,-11.83282605875138,-123.07468696764772,-104.49125321214888,-38.842498361500475
689,45632.0,45831.231188523,45625.08709606694,45647.082626146446,45768.24398306041,-216.0,-9.44541353988825,-194.17105410413205,-110.42531368605705,-31.31189533124416
690,45360.0,45823.32274006078,45396.351522297504,45544.198625533616,45743.74428688219,-64.0,-5.871871479699621,-46.97796228193329,-10.78468784602228,-5.312481834116625
691,45504.0,45819.4874455636,45531.131171503075,45625.5132504544,45757.61901939218,320.0,-1.5464242116759124,275.9766653929255,142.07125014798658,26.555683479600702
692,46000.0,45820.22989163743,45948.304853083355,45828.34112582959,45796.85565384139,144.0,3.025905250920914,153.15678832505,116.998438289982,29.079417141281738
693,45792.0,45825.53925606544,45837.444748153175,45859.510127034366,45815.77785367474,128.0,7.343328905513772,116.36363583571074,64.92406472196308,20.111092517090583
694,46256.0,45834.916549448455,46181.032124754776,45958.189255273515,45837.07783887557,-136.0,10.95968505404744,-131.75113867556502,-50.22624412409277,0.3538771446037572
695,45520.0,45847.45862617354,45573.942470802045,45759.05763878618,45816.48560796395,-288.0,13.530133247524645,-236.87816089145053,-79.60279709424503,-5.767950513421965
696,45680.0,45861.976815943504,45707.275802971875,45798.983661085025,45825.54193784873,344.0,14.825013386602222,286.7241965020585,99.41785284135767,16.33342677721521
697,46208.0,45877.10865294674,46147.39086380616,45957.893344468896,45849.15246151838,144.0,14.74467355447996,120.05753039226329,33.85635561831441,5.6681467455709935
698,45968.0,45891.466163052464,45947.3908637564,45866.696372321654,45836.87823133987,-480.0,13.31588358598674,-409.0862954409022,-141.8487859864108,-18.830318611515395
699,45248.0,45903.74042011872,45329.21827292436,45674.195772496074,45811.49182429535,72.0,10.668210980711592,60.14930225914577,20.59728642245318,2.788184170243767
700,46112.0,45912.80258501389,46067.68946827469,45907.89094516656,45842.45459968036,392.0,7.0044019134074915,350.7286224275522,131.6406452537667,17.485505369029852
701,46032.0,45917.74922394553,46030.67551777946,45937.47706300361,45846.46283503341,-48.0,2.585001689112687,-43.63636159791713,-17.675350661149423,-5.268622895280714
702,46016.0,45917.97258839211,45980.41674507886,45872.54024384426,45831.917353889796,-384.0,-2.3009383463322592,-342.72862865498973,-136.66669723721134,-23.74961344912299
703,45264.0,45913.14734725287,45345.21826046948,45664.143668529185,45798.963608135164,64.0,-7.382580950084957,41.18250154911948,-8.324741050488228,-6.2055653478746535
704,46144.0,45903.20742649194,46062.7817481771,45855.890761743285,45819.50622319405,136.0,-12.41598820505169,132.19921258561226,47.69247408574665,4.317926218584034
705,45536.0,45888.31537084276,45609.61668564071,45759.52861670068,45807.59946057233,-96.0,-17.192647574640432,-61.54472078777326,15.402163307735464,1.6732104069051275
706,45952.0,45868.82213134266,45939.69230660155,45886.695088358756,45822.85264400786,336.0,-21.543356020923966,268.53715396862026,94.51401583745246,8.79581563591637
707,46208.0,45845.228658800916,46146.69099357795,45948.55664837558,45825.191091844164,-152.0,-25.331879770754313,-140.208250998101,-67.86011579537808,-16.801997571485117
708,45648.0,45818.15837180115,45659.27580460535,45750.974856768,45789.24864886489,-456.0,-28.420875149684434,-390.374260081604,-146.09436322358306,-28.880010536035115
709,45296.0,45788.38690850155,45365.94247341474,45656.36792192842,45767.431070772094,200.0,-30.65708420035662,194.36209415453777,85.57702612462526,1.7539754458157404
710,46048.0,45756.84420340044,46047.999992914425,45922.12890901725,45792.75659975652,656.0,-31.875706935294147,580.4196282059092,202.8254415974552,12.563358972249262
711,46608.0,45724.63549463096,46526.78172982656,46062.01880512333,45792.55778871659,-408.0,-31.89634748491153,-369.41101245563186,-135.78666442121175,-40.970921604097384
712,45232.0,45693.05150843062,45309.17796800316,45650.55558017483,45710.81475654832,-448.0,-30.552366033978615,-425.9577257125493,-199.49947177213107,-57.802294340850494
713,45712.0,45663.530762563,45674.86627840146,45663.019861579065,45676.95320003489,224.0,-27.73177727161965,180.01970240557785,-12.025787806232984,-35.613896511687926
714,45680.0,45637.58795388738,45669.21737281432,45626.50400456236,45639.58696352495,-72.0,-23.438198440573615,-59.56204151555721,-63.26385473552,-39.38688833369815
715,45568.0,45616.654365681854,45555.742195370345,45536.492152108025,45598.179423367495,-192.0,-17.84036512162129,-174.76420059226075,-105.76577640032338,-39.89856898907965
716,45296.0,45601.907223644135,45319.688971629796,45414.972451761714,45559.78982554679,-144.0,-11.298627800086251,-117.60836559158997,-62.033474465450126,-25.20010654336511
717,45280.0,45594.05711008168,45320.525464187165,45412.425203177125,45547.779210280765,264.0,-4.3583261943967955,211.5463966702482,63.665353003972996,1.378345248016558
718,45824.0,45593.19057125534,45742.78176497029,45542.30315776966,45562.54651604282,-88.0,2.2801211042569776,-68.37320741996155,-10.970466522638162,1.6946315641980618
719,45104.0,45598.617352290195,45183.77904934724,45390.48427013185,45551.16847340916,-96.0,7.85607511073249,-83.65171900936912,-8.576752571883844,10.980381036795734
720,45632.0,45608.90272147681,45575.478326951554,45525.14965262589,45584.50727811641,120.0,11.677136123784294,109.09091236209133,81.24020880698663,30.964168613070797
721,45344.0,45621.971624537764,45401.960874071425,45552.96468774582,45613.0968106353,256.0,13.230509615466872,243.65171343584007,132.2973789928401,42.04437305065949
722,46144.0,45635.36374070774,46062.781753823234,45789.74441061157,45668.59602421773,24.0,12.303184832075203,35.628677250155306,59.65192817153729,31.729014793312672
723,45392.0,45646.577994201914,45473.218228571735,45672.268544088896,45676.55484022193,-112.0,9.04609459288622,-84.42724998980702,22.65840552177542,22.186558015291666
724,45920.0,45653.45592989351,45893.92725384362,45835.06122165512,45712.969140248315,336.0,3.9790084511769237,283.0363377459398,120.32328839378897,26.062757038806012
725,46064.0,45654.53601110427,46039.290904063615,45912.915120876474,45728.68035429954,24.0,-2.0763597659715742,21.818170538066624,2.311459659584216,-1.0547682338001323
726,45968.0,45649.30321036157,45937.56359491975,45839.68414097429,45710.859603780715,-416.0,-8.121515796825406,-363.03631589701763,-137.38890941503996,-30.677770329788473
727,45232.0,45638.29297951062,45313.21827226958,45638.137302046394,45667.32481363996,160.0,-13.138873938165489,134.6090661543276,1.5218120953068137,-21.768549458756752
728,46288.0,45623.02546248524,46206.78172722841,45842.727765164906,45667.3225048632,128.0,-16.264635253912274,104.39442652213256,-18.045654299039597,-31.036183533600706
729,45488.0,45605.76370900279,45522.007125313845,45602.045993448315,45605.25244657276,-408.0,-16.912047114143206,-375.3973568712936,-183.65877499243288,-56.20743596179818
730,45472.0,45589.20136825695,45455.98701348582,45475.41021518004,45554.907632939605,-152.0,-14.859401613193768,-146.08504439889657,-124.93067067825541,-46.19943198617693
731,45184.0,45576.044905776405,45229.83703651605,45352.184652091804,45512.85358260041,16.0,-10.288818773486128,3.0352056104675285,-39.13323704233335,-25.611371209179197
732,45504.0,45568.62373070998,45462.057424706756,45397.14374109537,45503.68489052125,32.0,-3.7205414273594215,22.50751172449236,-8.469040448744636,-9.184447553099744
733,45248.0,45568.60382292169,45274.85205996504,45335.246571194315,45494.48468749421,-64.0,4.081207420087594,-52.945064916559204,-18.273884303904197,3.1240313476737356
734,45376.0,45576.786145550155,45356.16729487364,45360.595972487565,45509.932953216594,-24.0,12.223451870704594,-17.848290723191894,17.647387537035684,22.1449133832175
735,45200.0,45593.050726663096,45239.15547851865,45370.54134626839,45538.77451426064,64.0,19.82742626158506,78.76557623827466,95.21604691501489,45.78028675707901
736,45504.0,45616.440998073325,45513.69844735019,45551.028066317594,45601.49352673075,352.0,26.153314471073827,323.03520558248056,204.00075320800534,67.59368880664624
737,45904.0,45645.35735560524,45885.225889683614,45778.5428526844,45673.961891873936,312.0,30.688308551802038,277.65689075149567,164.78621270900112,60.966459736882825
738,46128.0,45677.81761517693,46069.01222885318,45880.6004917356,45723.42644620452,-192.0,33.183839410608925,-150.7895134796854,-21.642115081005613,29.235876640806964
739,45520.0,45711.72503442646,45583.64686272424,45735.258622522386,45732.43364515555,-152.0,33.66147322546385,-127.49405559254956,-37.71255795201432,19.62888120880598
740,45824.0,45745.14056162786,45814.02411766808,45805.17537583157,45762.68420862213,224.0,32.36763114072528,180.49784328421083,60.50444122496265,27.18477389769032
741,45968.0,45776.46029670791,45944.642549292665,45856.26750497231,45786.80319295093,24.0,29.70373150845262,13.831178087919398,-4.7741183730940975,15.059143976348423
742,45872.0,45804.54802464476,45841.68647384392,45795.62713908538,45792.80249657483,-352.0,26.131373822183377,-299.71213992587946,-98.82679634424858,2.0394284526337287
743,45264.0,45828.72304435228,45345.218269440906,45658.613912283814,45790.8820498562,160.0,22.098048701573134,144.91079718832407,60.293729340344726,24.423655774182407
744,46192.0,45848.74412204791,46131.508068220566,45916.21459776607,45841.64980812319,328.0,17.98406726549365,293.73091919239596,119.70798436529003,33.25024867315369
745,45920.0,45864.691178883266,45932.6801078257,45898.029881014394,45857.382547202506,-152.0,14.043078002083348,-135.4274212663695,-29.16977624448191,12.601866439439618
746,45888.0,45876.830278052075,45860.65322568783,45857.875045277106,45866.85354100207,-240.0,10.3958460412141,-208.76075369875616,-55.21731309873212,8.413670849666232
747,45440.0,45885.482870965694,45515.158600428185,45787.59525481693,45874.20988890184,256.0,7.042194591682346,235.47893391473917,103.51783694828919,29.066842344858742
748,46400.0,45890.91466723544,46331.611093517306,46064.910719173684,45924.98722569179,304.0,3.8847647211259755,269.3274036421899,109.77082394359604,27.026698074543674
749,46048.0,45893.252400407946,46053.813407712565,46007.13690270412,45928.263285050925,-296.0,0.7451813890365884,-248.7306472419259,-78.2053651175047,-2.710776388317754
750,45808.0,45892.40503001351,45834.149799033454,45908.499988938675,45919.56567291515,-88.0,-2.5898769329869538,-88.91461351182807,-48.3869192961065,-3.1193284900182334
751,45872.0,45888.07264654197,45875.98418068891,45910.36306411191,45922.02462807089,80.0,-6.3182934311262215,61.75528510001823,21.044607229185203,4.960186559284921
752,45968.0,45879.76844315126,45957.66036923349,45950.589203397045,45929.48604603372,16.0,-10.603372266283259,29.978034712021326,31.52074098365847,5.535720264517295
753,45904.0,45866.865902009406,45935.94025011295,45973.404546079226,45933.09606859992,168.0,-15.530611311780376,137.98113144423405,57.51761572179748,5.064825996196305
754,46304.0,45848.7072205277,46233.62263212196,46065.62443484064,45939.615698026115,-160.0,-21.08364089135648,-135.36099697610553,-26.96789381826966,-11.699585672500689
755,45584.0,45824.69862022669,45665.21825616074,45919.46875844269,45909.69689725492,72.0,-27.105548144903878,66.57955970779949,21.57870282339354,-13.633955908448115
756,46448.0,45794.49612423789,46366.78175153756,46108.78184048743,45912.34778620922,152.0,-33.28862358261176,127.70527427392881,19.704002288450283,-24.131721735244355
757,45888.0,45758.12137306147,45920.6288047086,45958.87676301959,45861.43345378443,-312.0,-39.21450804951019,-262.97805976569,-114.46669595804633,-52.24265973556248
758,45824.0,45716.06710813887,45840.82563200618,45879.848448571334,45807.862466738094,32.0,-44.3750537840715,4.324987328480347,-51.10409016258927,-54.37786370943286
759,45952.0,45669.371265493326,45929.27877936556,45856.66858269441,45752.67772636557,-8.0,-48.229390761393006,-25.152955812827713,-70.84557452971785,-65.15085405424907
760,45808.0,45619.608326616086,45790.51972038052,45738.1572995119,45677.560758629596,-256.0,-50.292415291634825,-226.16045708243837,-153.43263342656064,-81.63892980449236
761,45440.0,45568.78643491006,45476.95786520068,45549.80331584129,45589.39986675658,-120.0,-50.21467904542442,-128.77252917640726,-133.45232574997135,-80.6908985351838
762,45568.0,45519.17896852524,45532.97466202771,45471.252648011956,45516.17896155923,-112.0,-47.83422337734373,-119.1098930344524,-126.92434382334977,-75.8119571193929
763,45216.0,45473.11798815537,45238.73807913178,45295.95462819459,45437.7759525178,-192.0,-43.21825492453718,-180.5461872370215,-135.32070572007797,-67.31421141554165
764,45184.0,45432.74245867616,45171.882287553664,45200.6112365718,45381.550538728145,-136.0,-36.660372997019294,-127.44435380980212,-87.03777333688413,-46.347886853243836
765,44944.0,45399.79724216133,44983.84937151217,45121.87908152082,45345.08017881131,8.0,-28.637317244436417,11.213941519385116,10.207385709429218,-16.416350976269314
766,45200.0,45375.46782418729,45194.310170592435,45221.02600799066,45348.717836775606,192.0,-19.74759116785208,182.0116520424417,109.6599304651645,11.073549803077185
767,45328.0,45360.302059825626,45347.87267559706,45341.19894245115,45367.227278417464,288.0,-10.621805705446604,252.92588298989722,126.77240568606794,20.470805562727037
768,45776.0,45354.2242127764,45700.16193657223,45474.570819362794,45389.65944790106,-88.0,-1.8452201311811223,-76.69976085173039,-17.342713406960684,3.115141878653958
769,45152.0,45356.611619563264,45194.473153893596,45306.51351563723,45373.45756217477,-288.0,6.106421763459366,-243.52430852258112,-90.80054590695363,-5.129007617550087
770,45200.0,45366.437056303315,45213.11331952707,45292.96972754889,45379.40143266596,96.0,12.914569904893142,84.20676326879402,32.94107568610343,14.913942124483583
771,45344.0,45382.44075937305,45362.886680431184,45372.395667009434,45403.28544642374,288.0,18.438637169936555,244.20676306002133,93.62377296526392,26.84828607896634
772,45776.0,45403.31433064319,45701.52684564711,45480.217273479415,45433.09800482389,-200.0,22.69640226530464,-169.89690388437884,-40.06975679030802,12.667458641350095
773,44944.0,45427.83356390366,45023.092872662426,45292.25615342882,45428.62036370644,-184.0,25.829666742531117,-146.79831233672667,-13.833043336191622,19.753377067863767
774,45408.0,45454.97366412825,45407.930220973656,45452.55118680703,45472.60475895962,432.0,28.058698757708044,384.48845317949963,182.57062678173315,47.21463320116891
775,45808.0,45483.950961419076,45792.069779021425,45657.397406992284,45523.04963010878,336.0,29.61720575129948,304.48845315489234,129.54492368139108,36.19735265459167
776,46080.0,45514.20807563085,46016.90712728344,45711.641034169814,45544.9994642688,-320.0,30.693701242824318,-297.7303205731041,-129.9358557375599,-4.800192626535136
777,45168.0,45545.338363904724,45196.60913787522,45397.525695517164,45513.44924485571,-528.0,31.391559790798055,-470.14899477984,-199.35249089406716,-14.277757170308178
778,45024.0,45576.991195212446,45076.60913772376,45312.93605238168,45516.44394992819,264.0,31.71797028967194,222.85774897916417,59.87838305535115,27.61690256889051
779,45696.0,45608.77430448407,45642.324635833545,45517.28246162787,45568.68304999349,232.0,31.599761251189193,217.52661676569915,114.98764006012425,45.87325256497206
780,45488.0,45640.190717714824,45511.66237125516,45542.91133250193,45608.19045505813,-32.0,30.930206587458088,-12.35040830260914,53.0845371250216,45.516927817549
781,45632.0,45670.634717658984,45617.62381922833,45623.45153587791,45659.716905628586,24.0,29.627790667167574,34.08054411480407,76.26597131494054,52.91229585188921
782,45536.0,45699.44629904916,45579.82345948477,45695.44327513181,45714.01504676191,176.0,27.693107585040707,181.31693768027253,151.7133768198073,63.19889347141361
783,45984.0,45726.020932829066,45980.25769458887,45926.878289517525,45786.11469257141,440.0,25.24842796010853,381.7227080484663,202.8741591444741,62.205380438077555
784,46416.0,45749.943154969376,46343.2688755817,46101.19159342076,45838.425807638065,-8.0,22.532583460062597,-0.6444410986732692,16.90910061361501,23.432405448555073
785,45968.0,45771.08609974919,45978.968812391526,45960.696490744755,45832.97950346852,-360.0,19.867383566132048,-309.456001232531,-144.14685730362544,-12.197328996116994
786,45696.0,45789.67792210164,45724.35687311664,45812.89787881351,45814.03114964583,-112.0,17.593368865371303,-112.82757369170213,-89.34967252449496,-13.04679634040076
787,45744.0,45806.27283747993,45753.31366500812,45781.997145695765,45806.88591078772,112.0,15.990633796460315,75.52511693207998,-11.902160269863089,-4.000943318726058
788,45920.0,45821.65918969456,45875.4071069808,45789.09355827378,45806.02926300838,-120.0,15.226650076758233,-100.87102312333081,-58.356808285090665,-6.55518462891996
789,45504.0,45836.72613763345,45551.57161876146,45665.28352912558,45793.77554152988,-96.0,15.324619360020733,-85.9773944120534,-43.168264585408906,2.235055597997416
790,45728.0,45852.3084284146,45703.45231815669,45702.75702910296,45810.49937420437,32.0,16.17551953027214,29.14229017866819,24.85201452886031,20.848801384709077
791,45568.0,45869.077176693994,45609.856199118796,45714.987558183304,45835.4731442993,120.0,17.577382720606693,115.6848765560826,85.72430817199711,38.34742730989092
792,45968.0,45887.463193855816,45934.822071268856,45874.20564544696,45887.194228824155,176.0,19.282565574631008,159.07622849433392,112.32090998713102,47.68079596606185
793,45920.0,45907.642307843256,45928.008656107464,45939.629378157566,45930.83473623142,0.0,21.054323939551978,33.22986537593533,75.23842178939594,44.18224421884224
794,45968.0,45929.57184173492,46001.28180202073,46024.68248902575,45975.55871726184,288.0,22.697114381498977,243.3865515978141,113.39435538104954,45.10191689350904
795,46496.0,45953.036536606254,46414.78175930309,46166.418088919665,46021.03857001844,-80.0,24.0761492476704,-71.82388144549986,-23.055355646247335,21.731781257520197
796,45808.0,45977.72414023026,45857.63403912973,45978.571777733254,46019.02227977688,-264.0,25.101241473352275,-233.4492848623704,-102.56042231978063,8.534823747282644
797,45968.0,46003.23901955296,45947.88318957835,45961.297244280104,46038.10821751301,0.0,25.718168578619952,-10.334901659618481,-20.625911313101824,22.591348611778812
798,45808.0,46029.1604773875,45836.96423581049,45937.31995510705,46064.20497700044,24.0,25.920560526439658,33.90222528457525,40.682688380475156,38.90700833745359
799,46016.0,46055.08014060584,46015.6876401475,46042.662621041054,46115.922234187914,208.0,25.723643485496723,177.1616050745397,118.67397645452729,56.71336889687154
800,46224.0,46080.607764358494,46191.28744595957,46174.667908016105,46177.63171479418,-16.0,25.178495115589612,12.037035609911982,107.33924098310672,59.39106634597556
801,45984.0,46105.43713083702,46039.761711367326,46257.34110300727,46234.704366879865,376.0,24.39154407663591,368.0517080673999,219.3437464947965,69.60787042967786
802,46976.0,46129.390852511766,46927.39086209437,46613.3554010057,46316.84745565354,448.0,23.512292225197598,403.81457537586175,174.69199850127552,49.185461556349765
803,46880.0,46152.46171528741,46847.39086211905,46606.72510000982,46333.075289992565,-432.0,22.71376352117659,-382.8060063474477,-143.26775099096994,-11.118401161344082
804,46112.0,46174.81837955412,46161.778849399474,46326.81989902376,46294.61065333085,-304.0,22.17778114696557,-296.9574487548525,-172.49525147417808,-29.33410399517743
805,46272.0,46196.817277581344,46253.475964609344,46261.73459706146,46274.40708200221,24.0,22.04946267302512,-0.923061743422295,-70.21800343156792,-20.0832172285227
806,46160.0,46218.91730490017,46159.93272591263,46186.38389216062,46254.4442188738,-112.0,22.387874081010523,-93.87960913357892,-62.15875882052569,-15.240652184722421
807,46048.0,46241.593025743365,46065.71674634219,46137.41707942041,46243.925777632765,-8.0,23.16064154320702,-5.63224785949933,-4.258273030005512,-0.7221523593943857
808,46144.0,46265.23858798658,46148.66823019363,46177.86734610061,46252.999914155014,120.0,24.23483779320668,106.29263481959424,57.38393973050188,14.524132229995303
809,46288.0,46290.06270132978,46278.302015981375,46252.184958881415,46272.974042092756,80.0,25.39969631542408,81.14386569461567,56.41009222151115,19.222830042381247
810,46304.0,46316.03798061743,46310.95596158286,46290.68753054363,46291.44557423978,88.0,26.398643383570743,67.4337535157938,31.846336934038845,17.843810859008954
811,46464.0,46342.85998809692,46413.16952301296,46315.87763274949,46308.66166381077,-208.0,26.971681673087005,-170.8688575932356,-48.87108141940189,9.449172761538648
812,45888.0,46369.981343963605,45969.21824639639,46192.94536770483,46310.343919762854,64.0,26.902811945110443,55.2109820996011,29.540418807759124,22.799451940220024
813,46592.0,46396.66561198714,46523.591487212165,46374.95847036501,46354.26056769121,152.0,26.047970165946026,138.18968423052138,73.4923378426829,32.029676312922675
814,46192.0,46422.0772842955,46245.597614857434,46339.930043390195,46374.4032723887,-32.0,24.350876213484298,-10.005798067573778,38.93659472028594,29.262868316916865
815,46528.0,46445.36736441411,46503.57989107702,46452.83165980558,46412.78630432505,160.0,21.84677188540809,135.88173160468796,75.31744631817492,32.62234715260274
816,46512.0,46465.770828066314,46517.36107806681,46490.564936026545,46439.647966693905,48.0,18.663617814305326,40.58657732384745,27.015744234231533,23.24406070355326
817,46624.0,46482.69460004272,46584.75304572471,46506.863148274046,46459.274425732154,-152.0,15.001125556165789,-128.8428037185222,-42.27021361547668,11.390180324855464
818,46208.0,46495.773079178645,46259.675470629765,46406.02450879559,46462.428327343616,-96.0,11.107918372519634,-66.70022194613193,-1.8263850806542905,15.87531797864358
819,46432.0,46504.91043678776,46451.35260183245,46503.21037811274,46491.02506168944,344.0,7.262785439452273,288.4401403649281,132.7910583735138,31.547987430298235
820,46896.0,46510.29865005755,46836.55575135962,46671.60662554262,46525.52430220421,88.0,3.7333060911114444,87.98190632526894,56.19956020119571,15.975455624982715
821,46608.0,46512.37704896998,46627.316414482986,46615.60949851513,46522.975972939406,-128.0,0.738168549069087,-112.65726446171175,-52.19237776993032,-6.7995306178381725
822,46640.0,46511.77498715569,46611.2412224362,46567.22187000276,46511.925240968536,-184.0,-1.5667669996764744,-159.86907986578444,-84.77669351099394,-17.454469922442513
823,46240.0,46509.24351497063,46307.57825475142,46446.05611149314,46488.06703309452,56.0,-3.1170480515429517,34.22830607229844,-18.137702763044217,-11.454856219290377
824,46752.0,46505.5408910526,46679.697834580795,46530.94646447667,46489.015528529955,32.0,-3.945504544979485,10.608752733343863,-25.63641477813144,-12.20072813806837
825,46304.0,46501.35250588067,46328.795760218105,46394.78328193688,46463.665576818385,-280.0,-4.150183902318531,-226.9232732721648,-90.77154157136101,-17.366672870648472
826,46192.0,46497.240523247965,46225.851288036465,46349.40338133395,46454.28218278866,80.0,-3.8613300198267098,66.31196800066755,33.3217900640484,3.730715109704761
827,46464.0,46493.62984584102,46461.41969621944,46461.426862064975,46471.127007037794,256.0,-3.197365211228316,222.66688928017538,110.73691176351713,17.20117460102483
828,46704.0,46490.84579282551,46671.185066596816,46570.87720486098,46488.68453199071,32.0,-2.229276889236644,45.690703361437045,42.88894522649571,6.791751552449568
829,46528.0,46489.17129206254,46552.801102942314,46547.204752517966,46484.71051014269,16.0,-0.9698326823054231,5.621551057090983,-14.070076084030006,-6.138496340878191
830,46736.0,46488.9061274609,46682.428168711,46542.73705269292,46476.40753930895,-240.0,0.6115703843133815,-211.79142920827508,-101.09917347858573,-21.282593868298136
831,46048.0,46490.39443283117,46129.218244525764,46345.006405560795,46442.1453224061,8.0,2.553672001537052,-5.823208859557781,-49.22744435172717,-14.554950782545347
832,46752.0,46494.01347146397,46670.78175099188,46444.28216398947,46447.29763774386,-64.0,4.858063186235086,-66.56860517666428,-54.58315957659579,-10.08280277504673
833,45920.0,46500.11055920364,45996.081034172435,46235.8400864076,46421.979716856,-184.0,7.45304137884159,-159.99083352000162,-50.522034378063836,-0.218935045057151
834,46384.0,46508.919554221655,46350.80008395188,46343.23809523334,46446.85976765375,216.0,10.191468458560848,188.71946953882434,87.01705644241156,28.023039180432534
835,46352.0,46520.49349612076,46373.519973250084,46409.874199292426,46478.02579521687,128.0,12.867751852743822,130.31975554860765,95.57320370529487,37.46731732396438
836,46640.0,46534.65505792714,46611.439595049094,46534.38450264393,46521.794402301675,112.0,15.26592712632555,95.11759704448559,71.70255467346578,37.85832719989048
837,46576.0,46551.02535037341,46563.755167339055,46553.27930863936,46553.74244961665,-152.0,17.222697301756853,-108.90859101476963,7.534460315113392,30.835169795809634
838,46336.0,46569.100452530656,46393.622413019555,46549.45342327416,46583.464741893295,200.0,18.675620515619812,179.42538789407627,102.90082627187076,42.09552937130502
839,46976.0,46588.37659140465,46922.60594312721,46759.0809611831,46637.93350835926,232.0,19.68908131709759,200.5671686279129,101.16801850049524,37.56544188393309
840,46800.0,46608.47861516485,46794.75675027538,46751.78946027515,46658.59562566116,-208.0,20.448749246403167,-154.06544147493696,-31.39677077037777,13.591898584956652
841,46560.0,46629.27408989746,46614.475060177334,46696.28741964234,46665.11730552917,128.0,21.21347608184442,92.09361078861548,12.641669188371452,11.777545144468604
842,47056.0,46650.90556732854,46978.94397185261,46777.07279865189,46682.1507159501,-40.0,22.248583842963853,-57.0863921857308,-58.67822166451151,-1.6590537815682183
843,46480.0,46673.77125758339,46500.30227580587,46578.93097631332,46661.79919796604,-408.0,23.765979875035555,-340.8551538933134,-148.67633418190962,-11.261558085760043
844,46240.0,46698.43752707861,46297.233664065985,46479.72013028807,46659.62759977858,112.0,25.866869058394514,83.09970859004534,20.649219118786277,18.809781801472127
845,46704.0,46725.504995700176,46666.50169298596,46620.22941455089,46699.41876156898,208.0,28.500038926802517,181.77649384978577,98.62399153826482,39.562099868850055
846,46656.0,46755.437604932216,46660.78665176556,46676.9681133646,46738.75179951628,-16.0,31.478258974635537,18.21821760738385,67.22275549600818,43.47062792311044
847,46672.0,46788.46151364945,46702.93812820073,46754.67492554291,46786.3600174152,224.0,34.519040789313294,196.8421174388386,119.04427494975971,53.32621876968551
848,47104.0,46824.47568651084,47054.470886643234,46915.05666326412,46845.40423705565,120.0,37.286976295359636,103.88719165867587,65.91006935327823,46.11443149322804
849,46912.0,46863.035466240166,46910.71251151808,46886.495064249466,46878.58888040166,-184.0,39.46074659678561,-150.19581753473176,-41.314066889928654,31.51408736609301
850,46736.0,46903.397179704414,46754.07925157377,46832.42852948426,46908.432411787835,-80.0,40.79844728998796,-66.23700207544971,-5.852270023067831,38.465151975571644
851,46752.0,46944.63236082014,46778.23850736718,46874.79052420333,46955.5191843528,168.0,41.18748110035449,155.35179262934253,103.75725682073607,57.262731782600895
852,47072.0,46985.77214190512,47064.782836832455,47039.943043125735,47022.95787535304,280.0,40.6602170161932,250.45851362754547,149.12404048526878,64.98658476789205
853,47312.0,47025.95279485253,47279.155534622274,47173.03860517387,47085.492353888585,40.0,39.384386578236445,50.15037090121041,63.614864635066624,51.20909622997351
854,47152.0,47064.540915061596,47165.083578634876,47167.17277239587,47125.376067812984,-56.0,37.637923120062624,-48.65406281302057,1.7205534199310932,38.552517315049045
855,47200.0,47101.22864109265,47181.84740899623,47176.47971201373,47162.59738851868,-96.0,35.74908376084204,-73.99912465748639,-2.4532043752697064,35.35119013163421
856,46960.0,47136.03908258328,47017.0853293199,47162.26636364533,47196.07844807625,216.0,34.0265893550677,184.4671774447379,86.91983345426706,45.28498196138389
857,47632.0,47169.28181980279,47550.78176388571,47350.319378922264,47253.16735244145,56.0,32.68736807375171,54.4285603040953,47.21270473806362,38.14727198726905
858,47072.0,47201.41381873078,47125.942449928094,47256.691773121456,47272.37299205079,-200.0,31.80745444686545,-145.75298114846737,-1.2817192400798376,29.224289211881114
859,47232.0,47232.89672869652,47259.275801588774,47347.755940442104,47311.61593086521,496.0,31.29758736624717,428.4196379141431,148.9421375417005,43.22373535767838
860,48064.0,47264.00899346328,47982.78172575638,47554.57604820486,47358.82046276615,-128.0,30.910731528845645,-115.99026886277352,-47.89186813482229,11.945555039244937
861,46976.0,47294.71819175421,47027.29526386323,47251.97220417246,47335.5070409437,-464.0,30.305551150373503,-424.3125990743574,-164.61774194616373,-5.338069775258191
862,47136.0,47324.620095764025,47134.156527607665,47225.34056431253,47348.14432321563,120.0,29.122925613668485,97.64390178278336,18.03864229633473,23.24449843270486
863,47216.0,47352.96404298155,47222.58306742879,47288.04948876513,47381.99603780911,112.0,27.064431965605763,121.34187696507797,98.73366883516428,42.15151648394021
864,47360.0,47378.74895969524,47376.84028153782,47422.80790198286,47432.44735618351,256.0,23.9774705733289,238.45862179814867,166.16236420916175,54.073686183575774
865,47728.0,47400.918984128206,47699.50031102509,47620.37421718345,47490.143410176264,176.0,19.905645432063466,180.1615846127279,143.75342379231734,45.80322450156382
866,47712.0,47418.56025055936,47737.16345076328,47710.31474956749,47524.05380518664,184.0,15.073218408804678,163.48039355457513,89.09790716778298,24.513085269707517
867,48096.0,47431.065420945815,48026.46109813424,47798.57003151902,47539.16958071568,-88.0,9.84672370440967,-84.32791827197434,-60.45970228896476,-12.725745435174758
868,47536.0,47438.25369796818,47568.50761421933,47589.39534498956,47498.60231431629,-288.0,4.667923049692035,-269.48435650410465,-182.47701403467,-42.437150683577784
869,47520.0,47440.4012670452,47487.49238512603,47433.61600344968,47454.295279348524,-320.0,-0.023685898191615706,-305.0891503339117,-198.97133981504157,-47.59227100033604
870,46896.0,47438.2063261718,46958.329313551505,47191.45266535948,47403.41777231562,-168.0,-3.8541937526861147,-155.9806569462271,-94.437005410462,-25.506618417130085
871,47184.0,47432.69287953983,47175.53107123358,47244.741992628755,47403.28204251426,200.0,-6.550135777230025,174.85711384994283,83.66032358365192,10.828372324362135
872,47296.0,47425.10605461734,47308.04354125139,47358.773312526784,47425.07451696434,184.0,-7.945964928581816,192.730176274752,145.41797616142503,28.246200298293843
873,47552.0,47416.80094968266,47560.99142378308,47535.577944951605,47459.77444311085,328.0,-7.974156233671238,297.9050014470922,168.59360490062681,30.088648302054935
874,47952.0,47409.15774215,47903.853544145575,47695.96052232804,47485.25181356845,120.0,-6.6505267013235425,102.12984109035096,32.36283854044814,2.1399611360211566
875,47792.0,47403.49989628002,47765.25110596378,47600.3036220325,47464.05436538289,-408.0,-4.076083502026449,-370.2817441816187,-191.50508927928604,-37.59472991641451
876,47136.0,47401.005575145944,47163.29005578234,47312.950343769466,47410.06235373562,-400.0,-0.43966072968032677,-367.5759354510192,-198.87810637830626,-40.288893960492715
877,46992.0,47402.620574820656,47030.099235061745,47202.54740927589,47383.47657746191,64.0,3.975314518487721,57.30535458815939,-5.129229855625454,-7.0119474006132805
878,47264.0,47408.95620418292,47277.90076495866,47302.691884058215,47396.038458934396,376.0,8.789833185874159,317.30535469017195,119.4904168114299,19.163804419204098
879,47744.0,47420.200241192404,47664.70994444209,47441.52824289875,47421.804186300316,-120.0,13.551406789913017,-92.0192790642468,-12.399519710095774,9.655936680934246
880,47024.0,47436.059017762745,47093.86220683016,47277.89284463802,47415.350332296264,-160.0,17.780865743268805,-139.1585227029791,-36.68897594170994,13.11366261076546
881,47424.0,47455.76197267894,47386.39289903613,47368.15029101533,47448.03151152185,120.0,21.04110273182232,104.49518738663028,62.33259188496959,33.88275480167431
882,47264.0,47478.14122322639,47302.85258160342,47402.55802840796,47483.11584189961,96.0,23.002762928234006,110.72259058442432,103.6867515966187,46.04012247274295
883,47616.0,47501.76749853541,47607.83808020498,47575.523794208566,47540.11175646733,304.0,23.50490615427043,264.1758996264434,152.7276629048829,53.20150239108989
884,47872.0,47525.15103553493,47831.20438085631,47708.01335421773,47589.51884668179,0.0,22.58378889481901,19.38820493287494,50.49623711802997,35.28303254854836
885,47616.0,47546.93507632505,47646.61449007073,47676.516268444626,47610.67782156443,-32.0,20.458732131501165,-31.51744043193321,-1.238951550785714,20.892865960857307
886,47808.0,47566.06849979793,47768.169499992444,47705.53545111616,47631.30457860351,-88.0,17.490656726247835,-77.59749011605527,-22.213091770390747,11.791985969251982
887,47440.0,47581.91638977754,47491.41950983862,47632.090084903844,47634.261793502934,-48.0,14.100505968788639,-19.652440960733657,22.59967623960256,12.67030457457804
888,47712.0,47594.26951173551,47728.86461807098,47750.73480359536,47656.64518775266,424.0,10.678924779684166,357.6811152209448,138.0121204892057,19.615653637356445
889,48288.0,47603.27423933691,48206.78174028051,47908.114325882256,47673.49310077765,-48.0,7.517426608384994,-43.014505591425404,-32.56331477198182,-13.877431936129142
890,47616.0,47609.30436495228,47642.835606888126,47685.6081740514,47628.890323880405,-384.0,4.766448562328151,-350.8406863819873,-187.7020648051548,-43.95826070322437
891,47520.0,47612.80713646157,47505.100367516534,47532.710196271946,47585.5765793712,-232.0,2.414853766284068,-212.23340178891522,-146.5428796434826,-40.03491554064749
892,47152.0,47614.13407248485,47218.368803310295,47392.52241476443,47548.82049279911,72.0,0.3291826247841527,45.112452345238125,-19.92657412529661,-16.91506193213354
893,47664.0,47613.465501711136,47595.32527220701,47492.85704802135,47551.74645550693,40.0,-1.6767695379458019,33.58282993178,14.763157267596398,-2.6867145168289426
894,47232.0,47610.78053340896,47285.534463173855,47422.048729299626,47543.44706376545,-80.0,-3.772204250377399,-42.118493163859966,24.216045928089443,7.27296144678985
895,47504.0,47605.92109321038,47511.08828587929,47541.28913987753,47566.29237840051,304.0,-6.025350108764542,260.995252101864,137.88498051667193,25.959933555088355
896,47840.0,47598.72983319143,47807.52496737758,47697.81869033297,47595.36693087563,136.0,-8.358363720766647,134.06151838619917,85.43889562192635,16.84289901889497
897,47776.0,47589.20436576885,47779.21132265169,47712.166931121385,47599.9781764383,-8.0,-10.546496642167767,-12.257031467441266,-17.56829365090016,-4.189845615412196
898,47824.0,47577.63683990709,47783.0109044427,47662.68210303117,47586.987239644805,-312.0,-12.256018681800924,-273.52599687103793,-130.1437765746232,-24.84157481125294
899,47152.0,47564.69232840525,47232.15932890961,47451.87937797214,47550.295026815795,-72.0,-13.119820810563397,-77.6748301094558,-60.86303607296577,-16.77746148822189
900,47680.0,47551.397198285966,47627.66124422379,47540.95603088524,47553.43231666836,176.0,-12.825048144914035,133.80813643314104,19.554668355714966,-3.1910943140173913
901,47504.0,47539.04223211542,47499.775601775895,47490.98871468357,47543.91283818776,-176.0,-11.20320999267642,-149.0076335684389,-56.47295885988569,-7.523836571213906
902,47328.0,47528.99077830061,47329.64597708691,47428.01011316547,47538.38464352593,-192.0,-8.285465678087348,-161.89973925444428,-12.973544935368409,4.991037514471827
903,47120.0,47522.47130075924,47175.976123267006,47465.04162481283,47553.8949132167,576.0,-4.312832878920744,534.5678735784277,209.55232405378047,37.20501535160656
904,48480.0,47520.36511254277,48398.78172424377,47847.11476127303,47612.794674229146,128.0,0.3003975226129114,128.94370871670617,65.63051709670981,15.539494723900134
905,47376.0,47523.07209580447,47433.86354070042,47596.30265900625,47584.973902664504,-416.0,5.039315501446254,-396.1870776256619,-140.6607727636474,-17.372076431420282
906,47648.0,47530.443743545664,47606.40756899244,47565.79321574573,47578.050521366305,-16.0,9.377881995766074,-35.41812674577886,-71.61283538765565,-10.420855229880544
907,47344.0,47541.827859796,47363.02728720886,47453.07698823094,47564.13219220474,-192.0,12.883412848772423,-148.24384573926,-58.17773339931955,-2.911719551328133
908,47264.0,47556.21056924321,47309.91987751392,47449.43774894709,47572.22708226365,224.0,15.287970700916048,189.3771921995758,89.07963518970064,23.5062441720911
909,47792.0,47572.403801197834,47741.78167160801,47631.23625861034,47611.144680548925,184.0,16.517692100285785,167.88493780924182,101.41663896841783,29.874832312721992
910,47632.0,47589.24595344378,47645.68975313241,47652.27102688393,47631.97674688909,-56.0,16.69281762331957,-27.643152813583583,31.17028171554921,20.83090368462217
911,47680.0,47605.78943644447,47686.495365980845,47693.57682204144,47652.80648791817,80.0,16.078061410880764,73.28244275266843,48.09420617822616,19.470065424986387
912,47792.0,47621.40207626554,47792.25463863774,47748.45943924038,47670.916877739066,136.0,15.00112054530473,107.03246584560839,33.112336819136544,12.05623370784815
913,47952.0,47635.79167753508,47900.56029767206,47759.80149567971,47676.918955333866,-184.0,13.763761271871772,-166.48941775897038,-84.75719572080925,-7.75197463850418
914,47424.0,47648.929598809285,47459.2758031198,47578.94504779876,47655.41292846206,-296.0,12.571701517143083,-247.30891379966488,-103.38392398156793,-9.93538044871093
915,47360.0,47660.93508056937,47405.94247007273,47553.03364771658,47657.048194436444,272.0,11.49517753505279,216.6607330181032,70.60542377609818,16.487675696211227
916,47968.0,47671.91995387939,47892.59726915601,47720.15589535096,47688.38827985448,64.0,10.46680038248087,69.3594291617992,43.200195309862465,17.35949941076251
917,47488.0,47681.86868133433,47544.66132839633,47639.4340383363,47691.76719325797,-80.0,9.319622891362087,-64.62929877800343,-5.004837846503506,13.567273066386406
918,47808.0,47690.559199662115,47763.3386716,47710.14621965795,47715.52282598725,-8.0,7.8445075461422675,-4.629298796317016,21.78529115062338,19.13177402864312
919,47472.0,47697.557696426615,47535.4027308037,47683.00462063755,47730.030741315255,104.0,5.859927720994165,100.7435238921862,78.36071129836637,27.409452393767424
920,48016.0,47702.2790551041,47964.825719384375,47866.867642254685,47770.34173077479,168.0,3.2585653844435,161.88577483257177,109.29684274448664,28.02807599827065
921,47808.0,47704.0748271955,47859.17428046884,47901.59830612652,47786.086893311796,240.0,0.046301334179588594,224.9780033572315,81.52981693509355,14.649507202600944
922,48496.0,47702.37165777246,48414.78172609884,48029.92727612487,47799.64074517999,-240.0,-3.651559409699985,-229.69670858762402,-104.70739193921327,-21.264110872809397
923,47328.0,47696.7717083761,47399.78086329359,47692.183522248095,47743.55867156618,-376.0,-7.597014477218181,-351.64180155402573,-155.6519927527297,-35.304140035503224
924,47744.0,47687.177628818026,47711.498122990786,47718.62329061941,47729.03246510898,184.0,-11.465579664356483,149.20787465111061,13.75141368102777,-15.274583201742644
925,47696.0,47673.84054904739,47698.19661259581,47719.68634961015,47713.00950516269,-32.0,-14.8917109763388,-2.318447415887931,12.906233795809385,-15.172484688158875
926,47680.0,47657.39420686535,47706.86122815901,47744.43575821103,47698.687495732665,168.0,-17.49336790790767,142.97075635826695,56.96728770639311,-13.38763464339354
927,48032.0,47638.85381323157,47984.13812531235,47833.62092502294,47686.234235875905,56.0,-18.912752794014523,37.9675237150841,-10.004370676622784,-29.741548062964284
928,47792.0,47619.56870127732,47782.79627558918,47724.427016857786,47639.20439960674,-280.0,-18.859127437761344,-247.3604717772905,-142.98039973625782,-54.66961628883291
929,47472.0,47601.13555835605,47489.417181757766,47547.66012555042,47576.89500329824,-232.0,-17.15155600554499,-206.29318504258117,-138.93682853215796,-57.06464614358265
930,47328.0,47585.26558926623,47370.209905504016,47446.55335979347,47525.07510731957,136.0,-13.77946935235741,91.84225126631645,-41.83008586021242,-41.96614061269065
931,47744.0,47573.576619651336,47673.1016842904,47463.999953829996,47492.96272207286,-232.0,-8.930526181757159,-213.000584824189,-122.5534290484793,-44.664249143072084
932,46864.0,47567.404536902715,46944.20873585564,47201.44650169651,47435.74660903343,-168.0,-3.004974459130608,-166.4484840940022,-93.83020128522548,-28.628782587758906
933,47408.0,47567.566670733075,47340.204716102395,47276.339551259545,47435.70515689734,64.0,3.3881015265142196,57.01956075871567,9.062825192802848,1.3438057087805646
934,46992.0,47574.180739955744,47058.24785737307,47219.57215208212,47438.43422045099,32.0,9.50540897954852,49.282428136040835,57.01867686363403,25.050774576197
935,47472.0,47586.57748869217,47438.76957237448,47390.37690498681,47485.806706049734,240.0,14.573766875662841,214.36957687380345,129.99320539810287,48.062820901232044
936,47472.0,47603.32827370707,47486.98701112068,47479.55856287832,47534.55986225345,136.0,17.905122526288324,123.1524943496006,92.96093933067459,51.88114931639211
937,47744.0,47622.38773374475,47685.07456107368,47576.29878364816,47589.56900468252,-120.0,19.039234271291207,-96.5396446785926,12.889612593920901,47.28759266319321
938,47232.0,47641.40674224965,47293.90772176349,47505.337788066165,47629.13504757984,-120.0,17.859155865702633,-81.62823049272265,65.70789845108447,59.42279527631035
939,47504.0,47658.106045476154,47521.81810008823,47707.71458055033,47708.41459523514,696.0,14.638794633967336,634.8908726551672,354.1315812158027,89.50027741705708
940,48624.0,47670.68433151759,48563.689467073826,48213.60095049777,47808.13560241395,432.0,10.013179310011765,422.42870846544974,250.78934673985714,58.92778729951169
941,48368.0,47678.13240409618,48366.67551701913,48209.293274030046,47826.27016983416,-224.0,4.878652870389487,-203.63636495903484,-83.66103945270879,-8.951924088079977
942,48176.0,47680.441637258366,48156.416737155756,48046.27887159235,47790.23175423779,-312.0,0.23197631304719835,-311.3377557268868,-227.8749666415133,-55.32682788448437
943,47744.0,47678.59635672227,47744.00000556536,47753.54334074702,47715.616514065194,-456.0,-3.035979513737402,-426.51556421168425,-287.9638604718202,-76.03441446933721
944,47264.0,47674.36967823089,47303.38560873239,47470.35115064871,47638.16292529912,-232.0,-4.311956265497429,-226.42483108066153,-180.01661477395464,-58.745442501120124
945,47280.0,47669.97244419128,47291.150343404035,47393.51011119911,47598.12562906295,64.0,-3.375583607252338,43.516451691815746,-20.085983850043704,-24.131014783015416
946,47392.0,47667.618511016386,47390.41851211602,47430.179182948625,47589.90089573309,88.0,-0.43039969988603843,91.3607292920824,55.75866322382717,1.670311456786294
947,47456.0,47669.111644791505,47473.8718019882,47505.027437646764,47601.466251976526,192.0,3.9563710597431054,172.8122998131803,99.36197352152158,18.83866884226518
948,47776.0,47675.53125313587,47736.04311174238,47628.90312999167,47627.57823341762,72.0,8.982629318728868,62.38686846609562,50.32725734073756,18.690893111976038
949,47600.0,47687.07690342896,47598.64553892039,47605.68195232824,47638.84803820048,-192.0,13.77428752330161,-144.16987822004012,-20.380201499305258,13.21220669287868
950,47392.0,47703.079828182475,47447.7033553023,47588.14272699306,47654.002646803376,176.0,17.548240016658383,152.51223822559768,80.53213816134667,28.25474094306992
951,47952.0,47722.17338346228,47903.67001537159,47766.74622865093,47695.35752008662,232.0,19.725227300354163,189.3790915949903,85.97661598334162,28.52274928757106
952,47856.0,47742.530282783184,47826.46153849228,47760.09595895974,47711.04814537852,-288.0,20.000106972456706,-224.90078441790683,-54.60229021131818,8.443032560826396
953,47376.0,47762.17359740719,47453.86844653577,47657.541648228296,47712.24358520827,80.0,18.35752125027284,71.83074778640366,38.216513382700214,18.00761909016728
954,48016.0,47779.24532528373,47970.12303406509,47836.52898572514,47747.06338355885,272.0,15.031183580678771,231.78815079070046,89.25183035941154,21.372967528521258
955,47920.0,47792.23596456855,47917.444748117174,47836.04530894712,47754.98952026531,-72.0,10.444134953977482,-65.4545453620376,-42.46102230445831,-0.32438728027045727
956,47872.0,47800.133595191684,47839.21394334101,47751.606941116224,47746.41460899831,-424.0,5.127079703277559,-382.1132368679682,-144.6348972727792,-14.85418081708849
957,47072.0,47802.490123975105,47153.21827438124,47546.77551440156,47725.281158631136,32.0,-0.3518437115562847,42.75512636025087,32.55633048611344,11.530607564385718
958,47936.0,47799.42990776857,47924.724196061514,47816.71960208845,47769.47582412708,608.0,-5.449072816278203,532.4196273708767,210.30388873111588,35.86845670229741
959,48288.0,47791.59197834255,48218.05752912299,47967.38329186379,47797.01807203573,-176.0,-9.704536631965311,-135.43357423380803,-9.64466429276581,2.9931515104326536
960,47584.0,47780.02083450464,47653.8570475939,47797.43027350292,47775.46212714795,-144.0,-12.770851191497059,-135.86069064938783,-63.23788160940603,-11.98283853038447
961,48000.0,47766.050275959555,47946.336147824215,47840.90752864498,47773.05239497496,56.0,-14.434122911672603,24.159839351374103,-36.06898053545228,-13.757112424234947
962,47696.0,47751.152588681296,47702.176726296646,47725.292312432015,47747.94790229948,-256.0,-14.635944226047286,-213.2757900443321,-100.96905999696173,-22.507097560512193
963,47488.0,47736.77838750746,47519.78456773555,47638.96940865106,47728.03819985394,-32.0,-13.460075933297048,-23.469319883348362,-10.838199455425638,-7.907792452842841
964,47632.0,47724.2324368147,47655.23808652995,47703.615913521164,47732.13231739379,304.0,-11.102397646613099,251.6439514441372,100.4544616306921,9.100733409541135
965,48096.0,47714.573592214234,48023.072470623825,47839.87833191244,47746.23966667302,-8.0,-7.847749375694548,3.1967372129875002,8.201584347494645,-3.380667387118592
966,47616.0,47708.53693806331,47661.631560955924,47720.01908221615,47725.370982619555,-152.0,-4.03065078396321,-133.28310488828356,-67.84970858820816,-15.40013492248545
967,47792.0,47706.51229064631,47756.50626084726,47704.178914736025,47715.43939682805,-80.0,-0.008982266190287191,-82.59399587237567,-59.750710112115485,-13.759615950108127
968,47456.0,47708.51897353093,47496.44356921117,47600.51766199192,47697.85175071934,-64.0,3.860209369828226,-57.8448455802245,-31.40242174814557,-5.495058572741982
969,47664.0,47714.232709385964,47640.81656968681,47641.374071239734,47704.449279682565,24.0,7.239746548602852,28.45584890967075,29.543444867678772,8.619992947355058
970,47504.0,47722.99846662814,47553.355267030514,47659.60455172728,47715.09173661405,200.0,9.821441873322328,180.73424301116756,96.03275635118916,21.197043762189423
971,48064.0,47733.87559313261,48002.285055709144,47833.43958394211,47746.843367206944,136.0,11.348563387902686,118.93585670947868,58.55482418588872,15.89379895323873
972,47776.0,47745.69559340394,47791.22698044947,47776.71420009906,47746.87933452053,-160.0,11.619025241747295,-134.92317301231378,-56.36828379352664,-1.420065960392094
973,47744.0,47757.1136436161,47732.43870968452,47720.70301635506,47744.00323528616,-112.0,10.521578145500825,-116.59472234237182,-67.65967556647229,-2.8759374700566696
974,47552.0,47766.738749694945,47558.03753576473,47641.39484896611,47741.12745958041,-176.0,8.064816726804565,-144.2134950961372,-34.610742905882944,6.580597273274179
975,47392.0,47773.24327706971,47444.01171949224,47651.48153054329,47757.16442983271,304.0,4.391527062445675,274.7144251240279,139.82744684881982,34.29519174392772
976,48160.0,47775.521803819836,48107.466386012784,47921.04974266375,47809.71784306827,288.0,-0.1972272241328028,272.1049526491661,150.09308345233876,35.03930538897475
977,47968.0,47772.84882262145,47988.221624790574,47951.66769744797,47827.24304061066,-24.0,-5.248626070584578,-18.13663726931918,22.451803508207377,10.48734957292254
978,48112.0,47765.02455167867,48071.193111474146,47965.95334968017,47830.692542214114,-128.0,-10.194945097740856,-121.06295594568292,-58.73767292772391,-10.615871285837784
979,47712.0,47752.458932425965,47746.09571289921,47834.19235159252,47806.01129803898,-192.0,-14.423031440172053,-154.618834078894,-70.66482229138273,-19.98067927318334
980,47728.0,47736.17848879832,47761.95544331636,47824.6237050974,47790.73118366775,240.0,-17.352608838020387,185.63694699893676,38.74320605358298,-12.143555187849415
981,48192.0,47717.753714749924,48117.36960689708,47911.67876369969,47781.72418766328,0.0,-18.53532351674221,-17.737801933850278,-53.105559547868324,-29.520786621298612
982,47728.0,47699.10784176484,47726.47983944866,47718.412586001665,47731.68961042515,-472.0,-17.747903572955693,-409.0469014539267,-198.05988469719523,-49.85009671687294
983,47248.0,47682.25790760401,47299.27580398923,47515.5589943053,47682.02399422954,-176.0,-15.03378964730291,-160.26868426447254,-69.074094543721,-27.96441648414111
984,47376.0,47669.04026247023,47405.94247091971,47580.26439691422,47675.76077745687,616.0,-10.710438806363527,549.7529605542877,166.8376010660395,8.724822100179153
985,48480.0,47660.837029991286,48398.781725097804,47849.23419643738,47699.473638429896,-168.0,-5.3314046378436615,-142.36209876081193,-46.41310225815687,-15.313457105479756
986,47040.0,47658.377453194546,47121.21827339809,47487.43819239791,47645.13386324591,-376.0,0.3980305922741536,-369.97556178955347,-138.07690784051374,-24.08308202169428
987,47728.0,47661.633091175834,47658.8306015187,47573.08038075635,47651.30747438651,144.0,5.742060001830396,126.00485219706025,8.182378736615647,2.3389848599254037
988,47328.0,47669.861573198206,47373.22797779221,47503.80294987114,47649.81183296576,-104.0,10.047544770153763,-59.46273476544593,18.624044050357043,14.594950227539812
989,47520.0,47681.72818071614,47539.905131987805,47610.328468857064,47680.49737484159,304.0,12.83896624459885,266.2028141346491,151.68975341445548,38.710410617906746
990,47936.0,47695.539505687404,47905.63360606151,47807.18245670005,47727.23265420157,232.0,13.880412054721091,213.89650438122044,132.44521619301668,36.296912070065446
991,47984.0,47709.489004825584,47967.698140750246,47875.2189012431,47753.09119898172,-32.0,13.182975446216005,-19.44476156003293,13.645895164590911,14.313104729229963
992,47872.0,47721.905456579836,47866.74408294144,47834.47424702923,47755.85886366003,-144.0,10.982116154067626,-127.23364310160832,-59.507530699243944,-3.0393921386821603
993,47696.0,47731.45323713372,47713.23085454703,47756.20383984461,47747.01241470435,-64.0,7.678905634871626,-67.35895565924147,-48.168487262315466,-6.295828220463591
994,47744.0,47737.26326784958,47732.02617162296,47738.1372725046,47743.267207219105,-48.0,3.766015234086808,-41.07382480928936,-20.99793108770973,-3.781847124293563
995,47600.0,47738.98526760189,47631.08320492845,47714.20797766919,47739.448720455766,56.0,-0.24365771048906026,54.47305794774729,33.17469399918264,3.1539492594529293
996,47856.0,47736.7759524286,47840.97228751845,47804.48666050297,47749.57510573801,152.0,-3.8794399393773347,134.75052018225688,64.52201308526128,4.805140569143987
997,47904.0,47731.22638772314,47900.584245292965,47843.25200383971,47749.059001594054,56.0,-6.759171086545393,42.533184239331604,8.391345256604836,-8.263154064257833
998,47968.0,47723.25761025551,47926.038655997116,47821.26935101618,47733.048797609496,-216.0,-8.627696543040656,-184.3523093102558,-95.34797731545041,-27.757764104080707
999,47472.0,47713.97099463706,47531.87962667245,47652.55604920881,47693.54347338589,-96.0,-9.381243411367905,-94.76089596241582,-78.4352772029597,-28.42815055430765
1000,47776.0,47704.495123432775,47736.516864072284,47664.39879661026,47676.19249650088,40.0,-9.060888012601936,7.221557761251461,-43.95785429342868,-22.34135205997154
1001,47552.0,47695.84921861185,47546.322742194956,47564.640340621954,47648.86076926595,-264.0,-7.83823183709319,-218.58041090253028,-93.43828567732271,-22.488688771631132
1002,47248.0,47688.81865975859,47299.35604226722,47477.52222525561,47631.21511895762,0.0,-5.977150254071603,9.813511408396153,27.64299726146419,1.5151056395479827
1003,47552.0,47683.89491810371,47565.94976501175,47619.92633514488,47651.890980545046,448.0,-3.7788646525550575,384.0548246082253,176.36727746171528,25.670410614682623
1004,48144.0,47681.26093045348,48067.465691483674,47830.25678017904,47682.55594018698,56.0,-1.5284781690206728,71.13210708533734,53.45883512367436,7.5927566512837075
1005,47664.0,47680.83796176567,47708.21397918242,47726.84400539223,47667.07649384761,-152.0,0.5483884378154471,-138.18181638913302,-71.99077209069219,-15.32562164698902
1006,47840.0,47682.35770732911,47791.10205870541,47686.27523599766,47651.904696893005,-264.0,2.3198969936565845,-245.49785622336276,-117.43115139574365,-24.576562109959923
1007,47136.0,47685.47775575298,47217.2182667357,47491.981702600744,47617.92336962769,8.0,3.7605496248033887,2.9090909042570274,-16.302682096542412,-9.885158783927182
1008,47856.0,47689.878806578716,47796.92024051392,47653.66987180457,47632.13437932515,224.0,4.925614048672287,197.49785642578354,60.52310510611642,3.0177286637190264
1009,47584.0,47695.328983850326,47612.213979587264,47613.02791281298,47623.95882695513,-48.0,5.917447955751413,-43.63636299035352,-26.128002585104696,-6.177611022267229
1010,47760.0,47701.71370249022,47709.647514533215,47601.413866634364,47619.779157280616,-256.0,6.847370935087383,-229.49785798000812,-90.90711286142687,-11.190711810482753
1011,47072.0,47709.0237257205,47153.21826362725,47431.21368709012,47601.577403334166,-24.0,7.800544552694191,-10.271368493587943,9.40666400081318,8.277116220258904
1012,47712.0,47717.31479159561,47689.10477754604,47620.22719463599,47636.333389721134,424.0,8.804265032285912,356.5128029648695,143.1271048638664,30.97265587302536
1013,47920.0,47726.63225578507,47866.24386955699,47717.467896817856,47663.52271508022,-128.0,9.833129322851164,-91.64156020409428,-4.025349409203045,14.365461113091442
1014,47456.0,47736.98105024131,47505.82165713785,47612.176495817585,47665.06431194732,-136.0,10.797721053808345,-111.31392672987567,-27.203153091482818,11.99481246446885
1015,47648.0,47748.22769789269,47643.616016097236,47663.06159063489,47687.512340009154,144.0,11.573084757641482,115.8744394455789,58.41589013475095,24.423645062292053
1016,47744.0,47760.12721975659,47737.57053602901,47729.00827608709,47713.9116020719,48.0,12.021642771760526,61.80720007679702,58.450823495735676,24.894842166340823
1017,47744.0,47772.27098343621,47767.23041625083,47779.96323762636,47737.302024341836,176.0,12.008302459813422,145.81196147599258,68.93658035245971,23.05552348702986
1018,48096.0,47784.14382467622,48029.194458980994,47866.881436792006,47760.02264904596,-120.0,11.4213801720216,-97.59395321899865,-27.641082438356534,5.921757156422245
1019,47504.0,47795.11374378025,47572.04250981283,47724.68107274965,47749.14553865468,-112.0,10.178285086978576,-91.40910924990021,-31.859827667529316,1.3801665414503077
1020,47872.0,47804.500394850176,47846.37624048119,47803.16178145695,47762.78298212886,184.0,8.249128139752429,146.2149330743414,44.06159943576495,8.176592580628494
1021,47872.0,47811.61200005976,47864.472375961515,47812.80427162118,47765.49872381594,-16.0,5.658887336496264,-19.541984712108388,-19.955374025172205,-2.609322122130834
1022,47840.0,47815.81816952317,47807.29227105698,47763.2510334066,47757.5643378846,-264.0,2.485050881623465,-220.71874961967114,-87.92772151128156,-12.056169037103246
1023,47344.0,47816.582101823005,47423.03487672217,47636.948828598615,47741.38638574173,88.0,-1.138512279096176,69.61965114187478,20.17220949132752,3.6913671442125633
1024,48016.0,47813.54114496498,47946.531573340726,47803.59545238926,47764.947072173025,128.0,-5.023553678016469,117.45190145636298,60.44434998526776,11.008040039949265
1025,47600.0,47806.53499446697,47657.9386796349,47757.83752856915,47763.40246582163,-16.0,-8.95698630347033,1.1005044686498877,33.16084046446849,6.625516939682711
1026,47984.0,47795.627172358036,47948.732582278026,47869.917133318195,47778.19810605239,136.0,-12.715751277333766,114.45681403326671,55.03817140814499,4.5055455333822465
1027,47872.0,47781.103491912305,47886.85230770143,47867.91387138544,47772.413556888394,16.0,-16.087004111581336,12.38126393056882,-4.0463262400371605,-10.763871319577447
1028,48016.0,47763.45316413487,47973.49511013916,47861.82448083812,47756.670363413235,-136.0,-18.908316265660687,-125.88164686646269,-83.17715012826375,-28.70967530449707
1029,47600.0,47743.28685938098,47635.08901396851,47701.55957112891,47714.9942062794,-168.0,-21.082341538378387,-162.96102632811744,-109.48512414474317,-35.926446819863486
1030,47680.0,47721.288481058116,47647.57305748293,47642.854232548634,47684.81746977351,-168.0,-22.58540877330597,-149.65066907095024,-77.2782223059694,-29.93586301722098
1031,47264.0,47698.11604183437,47335.78767582661,47547.003126516975,47655.12248024496,168.0,-23.465682318725158,144.8833797595653,45.65045722683499,-10.13886551629912
1032,48016.0,47674.357116420666,47937.33981700206,47734.155147002304,47664.53973874091,112.0,-23.814568691610475,110.52084390287564,46.229593986477994,-8.155754567003896
1033,47488.0,47650.48690445115,47556.82936363236,47639.46231448993,47638.81097111095,-40.0,-23.745724551299645,-36.36363520789382,-18.961675267408282,-18.18821907441088
1034,47936.0,47626.86566731807,47864.61254658627,47696.23179646749,47628.16330059209,-168.0,-23.350515153571905,-161.8055469576575,-63.11461978869556,-26.039505489257863
1035,47152.0,47603.78587414401,47233.21826971704,47513.23307491254,47586.731960132434,104.0,-22.666506379628117,99.08459268972729,-2.382184098682046,-19.69474245303354
1036,48144.0,47581.53265455881,48062.781731965726,47691.46742827012,47588.77381568602,-48.0,-21.665780279585306,-48.00000394628296,-48.031932507350575,-25.719453662110027
1037,47056.0,47560.454313584836,47137.21826182448,47417.16920989784,47535.293052808214,-248.0,-20.256748913991032,-238.9376554637529,-93.71361342336968,-29.516110237400426
1038,47648.0,47541.01915673083,47584.90642103822,47504.040201423384,47529.74159521122,128.0,-18.296002252274775,111.42182674252035,14.891092237237899,-11.464377836429776
1039,47312.0,47523.86230908029,47360.06191530952,47446.951394372314,47512.364297135355,0.0,-15.621602237268235,15.465070818878303,10.386890135090653,-7.359083219096647
1040,47648.0,47509.77595225629,47615.83656267598,47524.813981693565,47515.02342877303,136.0,-12.100794577727356,94.95746074634735,16.26957816803406,-3.9896969236797304
1041,47584.0,47499.66071992483,47549.97683680221,47479.49055070838,47504.384903287995,-280.0,-7.677161659587,-237.6137133707307,-97.57815563099211,-14.619280320632242
1042,47088.0,47494.42162893712,47140.609135934516,47329.65767043158,47485.78486813176,-176.0,-2.4058139152475633,-144.68384968710234,-29.004045061006764,1.2892082503603888
1043,47232.0,47494.84909209434,47260.60913742801,47421.48246058637,47506.963319788716,560.0,3.5162204880653007,493.086294428751,186.56602044797182,34.92661764638615
1044,48208.0,47501.45406991325,48126.78172479202,47702.789711327525,47555.638103424535,-16.0,9.748578674090822,6.326012272089429,28.702106404922233,16.05668880704252
1045,47200.0,47514.34624944252,47273.26116197219,47478.88667339621,47539.0766974028,-280.0,15.835796796101931,-263.5001597020819,-84.45970123320876,0.39242884840859915
1046,47648.0,47533.12566350545,47599.781405387854,47533.87030886111,47556.42296112135,120.0,21.25432263501716,85.42727035492135,-2.081210104552156,12.767411774620996
1047,47440.0,47556.85489471255,47444.11570268203,47474.72425318711,47564.61152095204,-176.0,25.478876694145583,-135.0871892956602,-41.78392908044043,14.419135878288216
1048,47296.0,47584.08341689374,47329.60702679653,47450.30245070023,47585.26123287793,56.0,28.05510760817924,53.5264580971816,52.729422863230866,35.11277356978462
1049,47552.0,47612.96510992891,47551.16861887639,47580.18309891357,47634.83706809161,232.0,28.67686837929068,217.40468646183945,143.9721976701294,53.71768861826422
1050,47760.0,47641.437153652325,47764.41639972021,47738.246846040485,47692.69661011446,264.0,27.238538036574028,235.32977944488448,147.1871701471573,54.49437252857024
1051,48080.0,47667.44218600206,48021.82817776616,47874.557439207885,47743.82581314875,-56.0,23.887446743839973,-33.44733312325479,33.58931277134616,34.32049369172819
1052,47648.0,47689.212047140005,47697.5217334737,47805.42547158318,47761.33759749791,-112.0,19.007283301107236,-76.69777692393109,9.580768166881171,23.17866422406223
1053,47856.0,47705.456752604274,47868.4326239183,47893.71897554165,47790.18314159688,280.0,13.161518915101624,233.07401003609993,107.15299172929008,25.554701178803953
1054,48208.0,47715.53508497021,48163.6697535459,48019.73145504176,47812.44699985552,80.0,7.0306448513802025,73.58589735713758,31.87820702098543,2.486208251419157
1055,48016.0,47719.518042307034,48015.604418632574,47957.47538958362,47795.155558099716,-168.0,1.3150251413208025,-150.0432417504635,-91.51837066632288,-28.333663850818994
1056,47872.0,47718.16513525285,47863.583270044976,47836.69471370911,47755.77967215388,-200.0,-3.4060045271726267,-194.10479836272498,-138.4333190199577,-45.1869023381405
1057,47616.0,47712.70603325269,47627.394821907124,47680.6087515437,47704.781753423435,-208.0,-6.753790587008552,-179.21433860223988,-123.78158639355388,-46.55883105927569
1058,47456.0,47704.65755407883,47505.154592840496,47589.131540922004,47662.66201003533,168.0,-8.595080109509581,123.53273513582826,-24.911440160696657,-31.786642886334448
1059,47952.0,47695.51587303367,47874.46029217878,47630.78587122231,47641.208467650766,-240.0,-9.046831267311063,-225.41503697857843,-118.95273408853973,-36.993119002028834
1060,46976.0,47686.56389154421,47054.32451888334,47351.226072744925,47588.675772031274,-240.0,-8.416287124535302,-221.49098166796102,-91.94676210492617,-21.89890701792683
1061,47472.0,47678.6832987846,47431.47832884286,47446.89234701246,47597.41065361491,192.0,-7.110672504983086,174.54545417382906,83.11244777376123,15.005414264382125
1062,47360.0,47672.342546534244,47403.415427231,47517.45096829245,47618.68660056004,208.0,-5.524087451689411,210.7489261603514,149.28410542621714,34.2102769731282
1063,47888.0,47667.63512388122,47852.97618116356,47745.46055786489,47665.83120756117,272.0,-3.943174974359863,252.70696813317045,156.73986850488654,36.036167379188555
1064,47904.0,47664.456196585525,47908.82936349734,47830.93070530222,47690.758935318416,88.0,-2.5110399773766403,79.99999982048394,48.935500088442495,14.265674523165217
1065,48064.0,47662.61304392647,48012.97618080453,47843.33155804178,47694.3625566075,-224.0,-1.2344810776448867,-200.60933392498555,-97.93336823955906,-14.878250880537962
1066,47456.0,47661.987234430235,47507.61069564737,47635.0639688231,47661.00243355734,-216.0,-0.017019296556100016,-197.67495166551453,-118.73560480712695,-23.11000137229712
1067,47632.0,47662.579005333355,47617.6262774735,47605.86034842752,47648.142553862905,80.0,1.2457698838952638,38.14696919365451,-42.273446181814506,-12.052752001287445
1068,47616.0,47664.478774198025,47583.904634034676,47550.51707645947,47636.896929554765,-224.0,2.6062103790827678,-194.19847326543822,-88.08473373831293,-10.200777830399602
1069,47184.0,47667.79142609152,47229.229330942624,47429.6908809509,47627.740998202105,-160.0,4.033024861222657,-128.52864837893503,2.0192449668757035,13.031118557442824
1070,47296.0,47672.54482392047,47326.847337276806,47554.555566393225,47662.95916666965,592.0,5.408951371999137,537.0807655759563,254.14246863894004,53.566126801029895
1071,48368.0,47678.60932883552,48303.39086209454,47937.97581822878,47734.873251804165,392.0,6.553540398090263,368.27176243266877,168.40816094993716,40.25774772472141
1072,48080.0,47685.65190471665,48063.39086214214,47891.3718882931,47743.47466211909,-520.0,7.275658454407676,-450.0750621149127,-140.91798578912494,-8.224856579116022
1073,47328.0,47693.160645744334,47403.24073786471,47656.13984665053,47718.42353864593,-160.0,7.425368523039651,-156.91706208061078,-71.1621183173047,-5.52994654086433
1074,47760.0,47700.50264176273,47749.55673798092,47749.04765165849,47732.414769037365,360.0,6.918515449990082,294.0996900207974,87.43163083720356,12.61196884329911
1075,48048.0,47706.997676644314,47991.440117906306,47831.003108324934,47743.64747633253,-48.0,5.7420761629909975,-40.91603054307052,-26.542989171091904,-3.9849188882071758
1076,47664.0,47711.98679408871,47667.72467689478,47695.961673316306,47724.44493126095,-368.0,3.950457562947122,-305.0920565376182,-119.06059835047563,-16.18029850853418
1077,47312.0,47714.89859177021,47381.25600483107,47592.88191162398,47711.28687931546,168.0,1.6594471969510778,131.61430622771877,37.36119411967229,6.80629202029013
1078,48000.0,47715.305688482615,47930.95328935022,47770.68406155565,47738.05751530153,144.0,-0.960661811146565,132.6607771341478,63.1441807094925,13.673511751141632
1079,47600.0,47712.977268147915,47646.577559099365,47719.17027304297,47738.633902817746,-72.0,-3.697140005820984,-51.48793475403363,8.071348008801579,7.508082657099294
1080,47856.0,47707.91140847097,47827.97741984215,47786.82675757325,47753.07368061573,48.0,-6.288370176418539,41.28695995353337,33.06986331691587,9.293461828772706
1081,47696.0,47700.40052779508,47729.15147900643,47785.3099996768,47757.22082647529,72.0,-8.430578500370757,66.93145419643406,43.1382419419424,7.208187183325208
1082,48000.0,47691.05025147023,47961.84032823502,47873.10324145714,47767.49005498238,40.0,-9.825291876484698,41.8904904037081,24.34486250890768,-1.3562687437915883
1083,47776.0,47680.74994404211,47812.93245981385,47833.999724694615,47754.50828898771,48.0,-10.233399160784757,35.75443064805222,-10.103654415219353,-14.056351545284997
1084,48096.0,47670.58345314866,48033.34918953112,47852.8959326267,47739.37735189181,-144.0,-9.525603571375541,-143.41074663385007,-102.6558257545621,-32.96206950131091
1085,47488.0,47661.69873689936,47526.11096654615,47628.68807318549,47688.58414998509,-296.0,-7.7477449376820005,-266.10996624748805,-153.86382284846695,-40.76399440746536
1086,47504.0,47655.0879632733,47501.12925703615,47545.168286929766,47657.84936307688,-24.0,-5.1499080530775245,-39.33542432925606,-62.93564279084603,-23.042318754367443
1087,47440.0,47651.3989207932,47447.440117887636,47502.8167876038,47642.49951247635,-16.0,-2.160780060927209,-16.48854971032779,-10.943105524063867,-5.224874976709543
1088,47472.0,47650.76640315144,47468.15215761549,47523.28207588164,47647.39961312346,-16.0,0.6821967788491747,1.472827805315319,46.10632621865443,13.67008130328395
1089,47408.0,47652.7633143509,47450.38577349827,47595.02944004111,47669.83967508292,408.0,2.8434095769953274,369.3147878081327,165.26208418002716,35.53204571360402
1090,48288.0,47656.453222305434,48206.78173323176,47853.80624424169,47718.46370455067,-24.0,3.8960783364236704,-4.583757394757413,41.67992632142705,20.147214695280127
1091,47360.0,47660.55547102375,47441.21825870875,47678.38929268396,47710.13410447348,-176.0,3.634918658022798,-156.87059891881654,-16.222305215753295,9.177105146485701
1092,47936.0,47663.72305962148,47893.040535394124,47821.361633810186,47736.81791484364,248.0,2.125175771463546,214.15945044855107,85.65315803132034,16.724706112345302
1093,47856.0,47664.805822566675,47869.537159605854,47849.6956087466,47743.58351669817,40.0,-0.29509649107058067,44.18242224099595,25.181779309717967,1.1447776894347044
1094,48016.0,47663.13286663934,47981.405379876116,47871.72519242962,47739.10747022251,-56.0,-3.0785497552205925,-61.10488034914306,-50.10782010217008,-18.320672964535333
1095,47744.0,47658.648723056234,47747.32739890757,47749.47996854226,47706.9421707691,-248.0,-5.598729035067663,-217.44098643071993,-119.50523961622457,-34.01819091495054
1096,47520.0,47651.9354085692,47546.523407014676,47632.71471319717,47671.07108839261,-72.0,-7.265069836201292,-68.18695681951795,-60.40789874650363,-28.31752795686407
1097,47600.0,47644.11858338383,47610.95348526853,47628.664171049255,47650.30711485537,160.0,-7.637547495232866,119.19750459652278,10.281543376706395,-18.248617794466554
1098,47840.0,47636.66031357874,47784.91841620772,47653.277799950585,47634.573852803675,-112.0,-6.506512946620205,-101.44298802221965,-68.74747112337718,-26.004569411517878
1099,47376.0,47631.10555749059,47408.06750922409,47491.1692288025,47598.297976032336,-256.0,-3.919264023326832,-216.51336086316223,-104.5239567468343,-25.16097796971735
1100,47328.0,47628.82178553208,47351.8916944814,47444.22988645692,47584.25189686424,96.0,-0.15950425966002513,63.2826576642874,11.175600882877916,-1.2334843248863763
1101,47568.0,47630.78654897127,47534.63282455267,47513.52043056826,47595.83100738256,0.0,4.322402191952278,15.90525283459283,42.05075939546441,12.97066088745487
1102,47328.0,47637.46658991599,47383.70220015058,47528.331405247845,47610.19321863915,224.0,8.985911610165203,207.95504890532538,114.97667730351532,28.471872188540146
1103,48016.0,47648.7583721916,47950.54292236332,47743.47378517529,47652.77475175964,176.0,13.281734927390062,159.18066147485297,78.87927251508518,24.42027070847689
1104,47680.0,47664.03005977077,47702.06352310029,47686.089950278016,47659.0337600561,-160.0,16.715942589577026,-138.16178376156313,-54.33885975825979,5.210696299265692
1105,47696.0,47682.190257370756,47674.21935484019,47634.79606565877,47663.196144358175,-128.0,18.892611006485822,-136.7473940591517,-81.89585178986817,2.5221915199799696
1106,47424.0,47701.81528178374,47428.568734981985,47522.29824669828,47664.07814309606,-264.0,19.53725063120146,-222.80694494826457,-63.34869561134474,12.8859058926937
1107,47168.0,47721.26475863316,47228.60546494366,47508.09867443608,47688.96795614356,336.0,18.510078202121804,300.1284916824952,155.84976495583396,50.93821085467425
1108,48096.0,47738.83543818798,48028.825718346976,47833.99777660995,47765.95456480541,264.0,15.817428641988954,267.28440813569614,194.89799047884662,60.48433690211823
1109,47696.0,47752.89961591714,47763.174281215055,47897.89465539377,47809.9366299478,296.0,11.609761702900869,288.97800327930963,164.84420648070227,49.67889663977985
1110,48688.0,47762.054961593785,48606.781724905595,48163.68618957135,47865.31235808497,-56.0,6.184097531080624,-49.03053953472045,3.634628963263822,14.241346041420911
1111,47584.0,47765.2678109793,47665.113202145614,47905.1639133203,47838.41932203064,-280.0,-0.03212420112322434,-268.3139386146031,-97.94031959090717,-14.172069952801394
1112,48128.0,47761.99071319154,48070.15384767639,47967.80555038954,47836.96821817937,168.0,-6.50237070010553,115.80988391272331,-17.455587735992594,-16.0026929423002
1113,47920.0,47752.26306957909,47896.73296997106,47870.252737848314,47806.41393614604,-360.0,-12.637134825927205,-290.46780122887503,-122.42644361706698,-36.23358522602575
1114,47408.0,47736.716443539684,47489.21824521864,47722.9526631554,47764.50104772732,144.0,-17.86771735122238,115.97202353307148,10.176256884791655,-24.087836032362247
1115,48208.0,47716.52763487664,48128.677017037204,47890.6052516179,47758.238264081316,160.0,-21.711468522080395,126.16010819111762,8.955214271441946,-28.7508704419306
1116,47728.0,47693.29350649552,47741.538461600874,47740.86309169829,47706.999306843456,-392.0,-23.836926305240922,-319.4462474319589,-143.31061407046946,-52.28899189568983
1117,47424.0,47668.85378226616,47489.784522173286,47603.98402347696,47653.660280289936,136.0,-24.109342344036122,88.62163797111862,-46.88705648285031,-41.85601253902496
1118,48000.0,47645.07482180745,47918.78173754311,47647.08897873259,47623.287281765406,-208.0,-22.60923379218002,-210.66636216572078,-133.3505553780742,-49.208634436254215
1119,47008.0,47623.6353146818,47068.451797841844,47337.28291272081,47555.24301141743,-368.0,-19.600204658745497,-325.9516517732118,-145.16460965137594,-40.68211977711326
1120,47264.0,47605.87441248996,47266.87843399669,47356.759759429835,47541.92304221118,248.0,-15.473010795052687,212.81880613826434,65.85672642394638,0.5761829043149191
1121,47504.0,47592.689293091695,47494.08941011837,47468.9963655687,47556.39537722606,192.0,-10.699274585389503,177.65802671353595,94.73478892321509,17.092103876177134
1122,47648.0,47584.47586331918,47622.19448742376,47546.229337276265,47576.107249963534,-8.0,-5.746064736915287,-0.9224855758220656,26.347640345695254,16.117235235655244
1123,47488.0,47581.197163617864,47492.24443896673,47521.69164626009,47588.62984769737,-136.0,-1.0031403191096615,-108.72785362336799,-7.69186788612933,17.554090118705062
1124,47376.0,47582.46958268096,47404.738780177024,47530.84560150401,47611.215430200944,48.0,3.2295923072415462,56.18824209542072,86.57675599591676,34.34635401361811
1125,47584.0,47587.65634823235,47604.62092315757,47694.84515825193,47657.322555724604,544.0,6.7610876128746895,489.0214724686375,219.42213587388324,49.773253309893335
1126,48464.0,47595.99175790671,48382.7817251143,47969.68987325177,47710.76193682073,8.0,9.514067831416469,17.043342152908735,27.689651625736587,15.777477937161166
1127,47600.0,47606.68448389518,47638.70760746339,47750.2244615034,47688.87751159893,-432.0,11.48790281366746,-381.5447086589047,-144.3531809966771,-17.440549641854886
1128,47600.0,47618.967563534046,47619.69230779649,47680.98351125842,47675.88083753702,128.0,12.731025395794859,79.4462393155627,-28.749194615775195,-9.202632185057155
1129,47856.0,47632.14653468677,47797.60008609451,47692.72607227185,47670.47224722881,-152.0,13.324320141164208,-126.07908635582135,-69.89440285063756,-14.684977946766594
1130,47296.0,47645.616203816375,47367.53413508485,47541.19470555714,47646.51088164349,-72.0,13.357762775736774,-60.407980458989186,-28.934013936141127,-6.435821503149782
1131,47712.0,47658.86206023824,47676.784125176535,47634.85804439957,47657.60060422251,160.0,12.937591594432888,133.17061597436987,55.09236104221418,8.369752790149505
1132,47616.0,47671.49138700524,47633.87536703359,47651.37942764157,47663.25038722379,40.0,12.178072153448738,46.46807702496881,34.211097062783665,8.012302362461924
1133,47792.0,47683.21820454514,47769.72027922647,47703.280238525134,47673.62520894744,40.0,11.202796342600777,24.44630832524126,7.540930146133178,4.45608217102199
1134,47696.0,47693.89697969044,47682.76798368407,47666.46128793384,47672.16255156583,-192.0,10.153611748748517,-153.11237712207003,-51.588306624376855,-2.654529803312471
1135,47408.0,47703.52542804264,47463.49552498233,47600.10362527638,47668.31614934081,64.0,9.18201781053358,58.205166209925665,29.694149980732618,9.169405242017092
1136,47824.0,47712.26101531151,47799.17831610392,47725.8495878953,47690.501362049865,264.0,8.424440121292719,211.57437164119983,76.67075656657835,15.510280811551638
1137,47936.0,47720.37430828522,47886.64426826473,47753.44513840954,47699.336710963915,-240.0,7.977705513822002,-188.6117724137148,-63.681880280997575,-2.9978155377575604
1138,47344.0,47728.21642633915,47421.95477127649,47598.48582733331,47684.50573097435,-40.0,7.888947846382507,-45.61657470764476,-27.716397409571073,2.1943065591513005
1139,47856.0,47736.15220397799,47795.41111884944,47698.012343590395,47703.72532408222,96.0,8.125691815541359,70.51194182017935,20.53268805228072,11.605859311981476
1140,47536.0,47744.467809970236,47562.97865491685,47639.55120343787,47707.71744959831,-144.0,8.576675996315316,-97.53918934834292,-6.685538433590409,12.577997996009799
1141,47568.0,47753.30555597062,47600.33274015276,47684.641266723214,47728.88132007424,232.0,9.071892456406204,199.01778599971294,103.41069664695533,29.207936479633645
1142,48000.0,47762.61159488305,47961.014226916275,47846.37259673178,47766.13332255758,192.0,9.394650468413602,165.7526213448873,84.91762837445276,25.558668611225585
1143,47952.0,47772.094856907446,47931.83798284253,47854.47652347212,47779.99865729669,-160.0,9.305899837825564,-129.98632986107623,-40.65781152359705,5.265267603939719
1144,47680.0,47781.2233945587,47701.04156719412,47765.05697368459,47776.66385776546,-152.0,8.582693766966258,-125.58857967780204,-46.8910629452439,1.498393357047462
1145,47648.0,47789.26024444138,47680.66082348693,47760.69439758163,47782.99544401078,176.0,7.055147221668449,142.92337372745897,51.9846226878617,13.081358445859223
1146,48032.0,47795.33368900204,47986.88831464904,47869.02621906031,47802.82657465718,104.0,4.634050740074599,80.669064407306,26.844931008836284,8.372459379253996
1147,47856.0,47798.52834592153,47841.99895230154,47814.384259599305,47799.74036276929,-272.0,1.3382289687251614,-214.89460083979066,-75.44982966135649,-5.8991937494211015
1148,47488.0,47798.01014693949,47557.09911296946,47718.1265597376,47791.028187158336,112.0,-2.681507462541049,78.40007031810819,18.80558000709425,6.4392337469616905
1149,48080.0,47793.165330996446,47998.799092937756,47851.99541961349,47812.618830263214,16.0,-7.145726652001031,17.891099854190543,19.8665696826356,8.221584618040652
1150,47520.0,47783.718693635485,47592.88131267784,47757.85969910287,47807.47135639442,-80.0,-11.658594857770368,-41.51121687069826,24.79412904081255,9.226093950921495
1151,47920.0,47769.848141280905,47915.77665919636,47901.58367769512,47831.07101816506,368.0,-15.742183555819793,301.77864250029234,134.51581743981296,19.153212678891578
1152,48256.0,47752.234326523845,48196.438597678425,48026.891333982494,47845.7777817522,-48.0,-18.903019415600284,-17.1450731257828,10.753323278622702,-5.804347325243725
1153,47824.0,47732.042102449705,47881.48651294479,47923.090324252364,47819.46232351457,-24.0,-20.71021301642031,-27.519520009656844,-54.255847603948496,-26.542342061904492
1154,48208.0,47710.813900491004,48141.39955765911,47918.3796387746,47792.69309762839,-192.0,-20.863496702790144,-203.59748044746812,-149.5208660904682,-47.53457100475862
1155,47440.0,47690.315109044124,47474.29155204986,47624.04859207143,47724.39318150505,-400.0,-19.246293359592528,-365.1419319026645,-202.30675066745243,-54.08025704808824
1156,47408.0,47672.32131377182,47411.11569385378,47513.76613743969,47684.532583532215,-48.0,-15.950504743403144,-47.59738892716996,-57.39938591188911,-26.033968796222325
1157,47344.0,47658.41409955732,47379.09677419552,47509.24982024765,47672.32524391261,144.0,-11.253345332512254,143.4649513193035,78.10859293177782,4.208922576020996
1158,47696.0,47649.814623106795,47698.04559649239,47669.98332330325,47692.95042868426,384.0,-5.563415074662771,329.176804758823,147.7251647072262,20.47270620585914
1159,48112.0,47647.28726940799,48037.45038371316,47804.7001496621,47713.27065632433,-120.0,0.6503948773788579,-96.96896230833954,-18.933098810095544,0.3837604562904744
1160,47456.0,47651.11541286155,47504.10767187571,47632.11712568306,47693.71794959684,-272.0,6.92463425637834,-229.17868436393474,-84.52446113752012,-7.666809247650235
1161,47568.0,47661.13653792075,47579.093014985294,47635.65122738706,47697.937037829026,176.0,12.85787610895568,130.45041803603817,37.35971539753518,10.715940123638575
1162,47808.0,47676.831165079464,47765.00850794779,47706.83655647813,47715.149829844115,-56.0,18.14424337717719,-29.041967298551754,20.60360733012567,12.570283507298882
1163,47456.0,47697.4250246751,47521.00908038819,47676.85844204731,47723.077604843624,176.0,22.55798246089398,160.16183910762993,80.45110659284546,21.281655241687986
1164,48160.0,47721.94713000125,48085.33218616305,47867.73876966382,47757.71314032749,128.0,25.930994572550844,111.8681718638145,44.74971244841436,14.521192500240431
1165,47712.0,47749.287013820205,47744.74542411582,47766.35786694414,47752.119989844105,-208.0,28.143491863233066,-176.8596414681342,-74.20196924760967,-3.587150991181261
1166,47744.0,47778.23411372772,47731.61290322678,47719.3348311686,47750.53883834513,-56.0,29.096127094315307,-75.06800475512864,-59.35562019124336,-1.2542095817225345
1167,47600.0,47807.479268008836,47594.60941460556,47647.646626561655,47749.61157068066,-200.0,28.70901744654475,-163.95641559339856,-47.864891326120414,6.553310869567213
1168,47344.0,47835.65214862081,47403.70007203998,47623.60504851636,47763.64546008426,208.0,26.9610817369321,195.47708924460312,115.7609462128894,35.01616240781732
1169,48016.0,47861.4014314827,47985.56359309477,47879.16851898743,47819.643895496294,368.0,23.910041933562752,341.79541491835334,187.14772996478496,46.18063018684552
1170,48080.0,47883.47223248793,48087.29090187669,47997.90050844593,47856.00672045795,152.0,19.71481696113915,138.18181816535434,77.68224368146548,25.163160984553542
1171,48320.0,47900.83106540498,48261.92722942548,48034.533006350364,47869.9702174654,-256.0,14.656331343972852,-241.34088203794818,-106.10099892038488,-8.537992119279807
1172,47568.0,47912.78489517588,47604.60913780079,47785.69851060516,47838.930736219394,-400.0,9.11225543841283,-348.6590459065992,-139.98524044263104,-17.492944435038225
1173,47520.0,47919.055576281804,47564.60913761228,47754.5625254651,47834.984328595325,280.0,3.5188271990155044,243.12058437752057,86.14527759250268,11.802808805699897
1174,48128.0,47919.82254957391,48090.85030655583,47957.98906579016,47862.536353830794,312.0,-1.6834428561160166,280.41780521807596,118.42107322013544,14.278842927007645
1175,48144.0,47915.68869056957,48125.44474804843,47991.40467190537,47863.54201444934,-64.0,-6.120218998341443,-58.18181826525324,-42.8820579321,-13.017238658991118
1176,48000.0,47907.58211157723,47974.486670025326,47872.22494992596,47836.50187651281,-432.0,-9.533992899479927,-383.840049943301,-183.06724701642452,-35.215044110882445
1177,47280.0,47896.62070477061,47357.76464816183,47625.270177872524,47793.111926227575,-120.0,-11.801629697034514,-122.58345900751374,-74.31968311718083,-17.73435397386129
1178,47760.0,47883.97885218316,47729.3197520103,47723.5855836916,47801.03316856509,256.0,-12.931825414249033,218.15386389997002,80.10819766487839,9.972900765766099
1179,47792.0,47870.757053942114,47794.07237596177,47785.48657320228,47813.05772775911,72.0,-13.047416178222193,75.11450376032735,58.644276111823274,13.077445581977372
1180,47904.0,47857.88401982671,47879.54875953095,47840.87413591525,47827.188059729044,-64.0,-12.336820254960912,-36.779818776056345,23.824630670587794,10.289734956386383
1181,47664.0,47846.08341343219,47720.512738409656,47833.13583454346,47833.63719767188,144.0,-11.007869628036133,135.25438535934154,76.82961589993283,14.930997826431849
1182,48192.0,47835.86828057064,48150.057530249636,47994.533367715114,47857.05005538191,256.0,-9.269336509820278,208.10572865580252,62.66421702921798,6.665360479124502
1183,48176.0,47827.54474041255,48136.72419572126,47958.46426860189,47846.96791863013,-392.0,-7.308248621025996,-336.0715815945914,-144.83696481227526,-26.533740820275852
1184,47408.0,47821.25178332859,47477.91436706045,47704.85943809056,47803.982573741356,-184.0,-5.287148208793951,-182.87876768603383,-105.17511146605102,-23.186216201705975
1185,47808.0,47816.970443994964,47770.96666034919,47748.11404566979,47800.59548622672,136.0,-3.363042125321954,107.8855950346915,13.31163041412583,-3.757313203299418
1186,47680.0,47814.525699077945,47693.68555712984,47731.482698918815,47796.46794733476,-32.0,-1.697919602273032,-8.853317570159561,9.11000270842851,1.6958584747771965
1187,47744.0,47813.57460479042,47753.260025208874,47766.33405108665,47803.98720317627,136.0,-0.45299055138093536,105.87459412342287,46.01837771115606,10.518616000324982
1188,47952.0,47813.61971797518,47905.43474537668,47823.51945434113,47817.50517933541,-112.0,0.22741233402484795,-80.65155294878423,-7.054869574956683,6.793235125907813
1189,47520.0,47814.02942945847,47591.956919311306,47752.224311936734,47817.57367342809,80.0,0.23304991919212625,73.06091681702674,44.817013563977525,14.94717776408288
1190,48112.0,47814.08581781357,48051.556579010736,47913.15348146908,47847.39953486357,160.0,-0.46885255295273964,130.62840842724836,61.50591026688926,16.595838178665872
1191,47840.0,47813.09172435256,47853.2137361658,47875.23613247051,47850.76534978542,-184.0,-1.811888783111499,-132.27416201592496,-20.299282763313386,3.9040824111143593
1192,47744.0,47810.462040247345,47787.008254978886,47872.554915942455,47855.2076996858,184.0,-3.625499251691508,148.83579370750522,61.596241443170584,10.002734884674283
1193,48208.0,47805.84072584918,48150.88532358081,47998.428615356854,47870.77081955477,96.0,-5.631890540302265,78.30368650599848,21.088007092828775,-1.2983391532943642
1194,47936.0,47799.19825916674,47943.61562799088,47914.73093012811,47852.61102137921,-184.0,-7.483849698841368,-169.1915556355234,-94.3322201646879,-22.329247106594266
1195,47840.0,47790.873026451496,47812.502212309766,47809.76417502748,47826.11232534158,-336.0,-8.824258255070163,-299.1986834533236,-120.08466758689974,-27.193079770557233
1196,47264.0,47781.5497426566,47345.218261084236,47674.56159495431,47798.2248618381,256.0,-9.343521055379824,229.1397644351564,70.07821740399959,-1.1762204115766508
1197,48352.0,47772.18598434074,48270.78174118008,47949.92060983548,47823.759884518426,272.0,-8.841031031937746,244.17337168242375,74.31931979889487,-0.8769830937490042
1198,47808.0,47763.867680592724,47833.56500444908,47823.2002345521,47796.4708956506,-336.0,-7.2776186884439085,-293.8289810902679,-119.12025800731863,-27.865444085298805
1199,47680.0,47757.63074696385,47683.12377899954,47711.68009382084,47768.02899634783,-128.0,-4.788855047048855,-134.82233045183602,-95.68009382083983,-24.040449485375575
1200,47552.0,47754.28997049863,47563.92034354541,47631.84004691042,47748.38999667985,-128.0,-3.3407764652220067,-119.20343545413198,-79.84004691041628,-19.63899966797908
