distance,Raw,Median+Gaussian,Huber MRF lambda=0.1,Huber MRF lambda=1,Huber MRF lambda=10,derivative:Raw,derivative:Median+Gaussian,derivative:Huber MRF lambda=0.1,derivative:Huber MRF lambda=1,derivative:Huber MRF lambda=10
0,43168.0,43114.34641081275,43169.367693764114,43167.371739571194,43143.95172453376,16.0,0.650362008389493,13.676937641110271,-0.628260428798967,-2.4048275466266205
1,43184.0,43114.99677282114,43183.044631405224,43166.743479142395,43141.546896987136,16.0,1.0887791523418855,8.90009466723859,-9.25652085760521,-4.52748269726726
2,43200.0,43116.523969117436,43187.16788309859,43148.85869785598,43134.89675913923,-64.0,2.1655339428289153,-60.03733281368477,-43.45543235842342,-9.905299890950118
3,43056.0,43119.3278407068,43062.969965777855,43079.83261442555,43121.736297205236,-96.0,3.660258311923826,-89.34808843145947,-57.10977621765778,-9.873647073727625
4,43008.0,43123.84448574128,43008.47170623567,43034.63914542067,43115.14946499177,-56.0,5.548954728827084,-52.13972836383982,-31.873896294546284,-1.2293589638720732
5,42944.0,43130.42575016445,42958.690509050175,43016.084821836455,43119.27757927749,32.0,7.684050324562122,23.67134806535978,17.48808733401893,12.891993249588268
6,43072.0,43139.21258639041,43055.81440236639,43069.615320088706,43140.93345149095,0.0,9.825031453878182,16.195905148186284,52.33815829660307,25.102544788009254
7,42944.0,43150.07581307221,42991.08231934655,43120.76113842966,43169.48266885351,312.0,11.698317529753695,279.4836917859466,139.52638755578664,39.82335080523262
8,43696.0,43162.609221449915,43614.781785938285,43348.66809520028,43220.580153101415,40.0,13.054190132763324,51.290642338277394,54.241004370756855,27.326491902978887
9,43024.0,43176.184193337736,43093.6636040231,43229.243147171175,43224.13565265947,-136.0,13.727315698444727,-115.28658592781358,-16.803374443516077,13.562282191025588
10,43424.0,43190.063852846804,43384.20861408266,43315.06134631325,43247.704717483466,120.0,13.669418972567655,91.5880804728622,31.348872298694914,14.754300698168663
11,43264.0,43203.52303128287,43276.83976496883,43291.940891768565,43253.644254055806,-64.0,12.944959366570401,-43.170024269693386,-9.150008660395542,5.4217492751340615
12,43296.0,43215.953771579945,43297.86856554327,43296.761328992456,43258.548216033734,40.0,11.692788488562655,30.371628290777153,5.201101720114821,3.031372779612866
13,43344.0,43226.90860826,43337.58302155038,43302.343095208795,43259.70699961503,16.0,10.091575247828587,7.629563759026496,-15.246686179259996,-3.0558664379532274
14,43328.0,43236.1369220756,43313.127693061324,43266.267956633936,43252.43648315783,-104.0,8.317521251803555,-98.81686318242282,-66.94116025788753,-11.04869229931137
15,43136.0,43243.543650763604,43139.949295185535,43168.46077469302,43237.60961501641,-168.0,6.509524607790809,-153.43192194810763,-81.57679459440988,-9.746387390594464
16,42992.0,43249.155971291184,43006.26384916511,43103.114367445116,43232.94370837664,-80.0,4.774439274242468,-62.36620019488328,-9.789223525342095,7.3812787790593575
17,42976.0,43253.09252931209,43015.21689479577,43148.882327642335,43252.37217257453,216.0,3.200069927632285,205.03751960952286,132.20912401838723,33.247072826612566
18,43424.0,43255.55611114645,43416.338888384154,43367.53261548189,43299.437854029864,416.0,1.8775324099333375,362.81643550917215,190.4165955804965,40.83757415683067
19,43808.0,43256.847594131956,43740.84976581411,43529.71551880333,43334.04732088819,-24.0,0.9271763186734461,-11.24029349948978,23.040662723105925,10.911832902736933
20,43376.0,43257.410463783795,43393.858301385175,43413.6139409281,43321.26151983534,-320.0,0.49087142652933835,-257.69995750306407,-97.29460741117873,-15.52272506108784
21,43168.0,43257.829336985014,43225.449850807985,43335.12630398097,43303.00187076601,176.0,0.6997905507887481,126.46183401076269,5.075515043354244,-11.50955553102176
22,43728.0,43258.81004488537,43646.7819694067,43423.76497101481,43298.242408773294,0.0,1.6405206677954993,-23.85642406549232,-63.4788474587549,-26.24734155405531
23,43168.0,43261.110378320605,43177.737002677,43208.16860906346,43250.5071876579,-448.0,3.3046249420985987,-388.88259419504175,-195.51205741962258,-43.60986173249694
24,42832.0,43265.41929476957,42869.01678101662,43032.740856175566,43211.0226853083,-136.0,5.555206589229783,-123.63631657728183,-75.05732480011284,-20.533368084183167
25,42896.0,43272.220791499065,42930.46436952244,43058.053959463236,43209.440451489536,272.0,8.12584965419228,238.18461411245517,106.3400830192877,14.08978875570756
26,43376.0,43281.670994077955,43345.38600924153,43245.42102221414,43239.202262819716,296.0,10.647428729771491,257.4365079322488,122.07757385797231,22.921924471167586
27,43488.0,43293.51564895861,43445.337385386934,43302.20910717918,43255.28430043187,-128.0,12.696054523359635,-113.36169691990654,-36.10736144537077,4.44625263375201
28,43120.0,43307.063103124674,43118.662615401714,43173.2062993234,43248.09476808722,-392.0,13.861184678928112,-333.3616929766613,-102.39965819407735,-0.7847939402963675
29,42704.0,43321.238018316464,42778.61399943361,43097.409790791025,43253.71471255128,312.0,13.814808544200787,279.03602383548787,120.90838686313873,33.10568009162671
30,43744.0,43334.692720213076,43676.73466307269,43415.02307304968,43314.30612827047,336.0,12.369774045637314,315.7793363669989,153.12481878349354,39.10672213271755
31,43376.0,43345.97756640774,43410.17267216761,43403.65942835801,43331.92815681671,-112.0,9.513185191906814,-95.69863006702144,2.4660694873382454,15.418436387077236
32,43520.0,43353.71909059689,43485.33740293865,43419.95521202435,43345.14300104463,-112.0,5.416182254513842,-98.14825453572121,-33.72661032148244,4.471994280145736
33,43152.0,43356.80993091677,43213.87616309617,43336.20620771505,43340.872145377005,56.0,0.4228764078034146,37.91957563833421,8.354099548218073,5.172751601225173
34,43632.0,43354.564843412496,43561.176554215315,43436.66341112079,43355.48850424708,-8.0,-4.988658832382498,-6.816837804268289,2.7889089661402977,0.7907840824263985
35,43136.0,43346.832613252,43200.24248748763,43341.78402564733,43342.45371354186,-72.0,-10.259602624351828,-39.72162928955004,8.01262735020282,-2.712105028123915
36,43488.0,43334.04563816379,43481.733295636215,43452.688665821195,43350.06429419083,304.0,-14.825820563433808,250.15728632967875,93.24897308446452,0.7137953585115611
37,43744.0,43317.180972125134,43700.55706014699,43528.28197181626,43343.88130425888,8.0,-18.186326353457844,1.609065245702368,-32.26570809680561,-26.188924719004717
38,43504.0,43297.67298545688,43484.95142612762,43388.157249627584,43297.68644475282,-336.0,-19.972710839352658,-313.4379492779808,-198.046097374885,-56.510537268419284
39,43072.0,43277.23555044643,43073.68116159103,43132.18977706649,43230.86022972204,-440.0,-20.000089564025984,-400.2750106847707,-225.872584027853,-58.88320354467578
40,42624.0,43257.672806328825,42684.40140475808,42936.41208157188,43179.92003766347,-96.0,-18.291476573729597,-87.27273304257324,-39.571654708666756,-23.14419017540058
41,42880.0,43240.65259729897,42899.13569550588,43053.046467649154,43184.57184937124,568.0,-15.071087810381869,497.19017966248794,203.15761990185274,19.880404176332377
42,43760.0,43227.53063070806,43678.781764083054,43342.72732137558,43219.680846016134,144.0,-10.718533164141263,148.75888902711085,81.04451441422498,8.093038945702574
43,43168.0,43219.21553097069,43196.6534735601,43215.135496477604,43200.757927262646,-352.0,-5.716232991529978,-300.84233414241316,-104.02407665917781,-17.285022390355152
44,43056.0,43216.098164725,43077.09709579823,43134.67916805723,43185.11080123542,16.0,-0.5767518810243928,-14.070898770743952,-41.11674439176568,-9.191585965454578
45,43200.0,43218.06202720864,43168.511676018614,43132.90200769407,43182.37475533174,-80.0,4.223769905245717,-66.02703968654168,-35.32615651611923,-3.617308137098007
46,42896.0,43224.54570453549,42945.043016425145,43064.02685502499,43177.87618496123,24.0,8.290258213954075,21.746422532269207,15.138274843407999,9.59523887755131
47,43248.0,43234.642543636546,43212.00452108315,43163.17855738089,43201.56523308684,96.0,11.336797234635014,86.98411007378309,56.74098104634322,21.367309779954667
48,43088.0,43247.21929900476,43119.01123657271,43177.508817117676,43220.61080452114,56.0,13.201011669469153,62.06289835309508,59.084668295628944,25.676111660355673
49,43360.0,43261.044566975484,43336.13031778934,43281.347893972146,43252.91745640755,112.0,13.847881706540647,97.77067016333604,64.51302384053997,26.952524706790427
50,43312.0,43274.915062417844,43314.55257689938,43306.534864798756,43274.51585393472,-24.0,13.34918830452807,-8.814856393040827,22.454403225990973,19.724190223900223
51,43312.0,43287.74294358454,43318.50060500326,43326.25670042413,43292.36583685535,48.0,11.863590945125907,36.45105312018495,26.850185837432946,16.86827476340477
52,43408.0,43298.642244308096,43387.45468313975,43360.23523647362,43308.25240346153,-56.0,9.619368373583711,-33.77250616473248,10.096154286304227,10.899186779250158
53,43200.0,43306.98168033171,43250.955592673796,43346.44900899674,43314.16421041385,136.0,6.8870365152506565,118.27887290300714,59.43827702148701,11.620017473018379
54,43680.0,43312.4163173386,43624.01242894577,43479.111790516596,43331.492438407564,112.0,3.9459495240771503,93.11898100082908,32.218676778156805,-0.09715008590865182
55,43424.0,43314.87357937986,43437.193554675454,43410.88636255305,43313.969910242035,-136.0,1.0600201033921621,-120.85110089304726,-74.78224668702387,-23.024032653429458
56,43408.0,43314.53635754538,43382.31022715967,43329.54729714255,43285.444373100705,-200.0,-1.5433977812426747,-183.3321917174071,-120.56541683923206,-34.65331848629285
57,43024.0,43311.78678381738,43070.52917124064,43169.755528874586,43244.66327326945,-64.0,-3.698359530459129,-79.1351997158381,-86.91400383066502,-29.747936167783337
58,43280.0,43307.13963848446,43224.039827728,43155.71928948122,43225.94850076514,-192.0,-5.303314811611926,-174.65547285606226,-76.17659465275938,-21.417347466056526
59,42640.0,43301.18015419415,42721.218225528515,43017.40233956907,43201.828578337336,104.0,-6.317086729781295,103.49347612508063,50.38421987238689,3.971506489066087
60,43488.0,43294.5054650249,43431.02677997816,43256.48772922599,43233.89151374327,304.0,-6.757643987039046,273.08377164185003,123.32925426992006,19.357511093101493
61,43248.0,43287.664866220075,43267.385768812215,43264.06084810891,43240.54360052354,-96.0,-6.675285704815906,-66.71216710488079,15.603542937369639,6.279266806439409
62,43296.0,43281.15489361527,43297.602445768396,43287.69481510073,43246.45004735615,56.0,-6.139064890499867,38.22890579815066,19.481374542185222,3.4289492004209023
63,43360.0,43275.386736439075,43343.84358040852,43303.02359719328,43247.40149892438,-56.0,-5.235823692528356,-34.540963317289425,-13.159419310813973,-4.678473485546419
64,43184.0,43270.68324623021,43228.52051913382,43261.3759764791,43237.09310038506,136.0,-4.061226873440319,107.27953439437988,-2.959632474627142,-7.653743520077114
65,43632.0,43267.264282692195,43558.402649197276,43297.104332244024,43232.094011884226,-288.0,-2.725276093402499,-273.4105549386695,-131.71947811306381,-24.994387906612246
66,42608.0,43265.23269404341,42681.69940925648,42997.937020252975,43187.10432457183,-312.0,-1.3578675336248125,-272.90026266990753,-104.19880186455703,-16.034471083807148
67,43008.0,43264.548547624945,43012.60212385746,43088.70672851491,43200.02506971661,416.0,-0.10591237772314344,353.91333388827115,131.12307251938546,22.52199863061105
68,43440.0,43265.02086928796,43389.52607703302,43260.183165291746,43232.148321833054,120.0,0.8808225140528521,124.55433834068026,81.56801942270977,21.73066820809254
69,43248.0,43266.31019265305,43261.71080053882,43251.84276736033,43243.4864061328,-80.0,1.4626996878214413,-59.261273800078925,-6.419014251256158,11.112404606388736
70,43280.0,43267.9462686636,43271.00352943286,43247.345136789234,43254.37313104583,-24.0,1.5280621415004134,-35.689623941631,-20.825062176474603,9.605381465320534
71,43200.0,43269.36631693605,43190.33155265556,43210.19264300738,43262.69716906344,-160.0,1.0138769147852145,-129.0142134994967,-32.05617227816765,11.458896470780019
72,42960.0,43269.974022493174,43012.97510243387,43183.2327922329,43277.29092398739,80.0,-0.07063125244167168,87.51906194765252,84.65654534196801,30.458301123326237
73,43360.0,43269.22505443117,43365.369676550865,43379.505733691316,43323.61377131009,472.0,-1.639943876543839,413.22669358428175,206.02580830407533,44.50353588820144
74,43904.0,43266.694134740086,43839.42848960243,43595.28440884105,43366.297995763794,128.0,-3.5379654951066186,117.21752435074086,61.420879570257966,15.79912424189024
75,43616.0,43262.149123440955,43599.80472525235,43502.34749283183,43355.21201979387,-368.0,-5.549897827120731,-320.6001380883463,-149.76316959330143,-24.125374980227207
76,43168.0,43255.594339085845,43198.22821342574,43295.75806965445,43318.04724580334,-272.0,-7.432083750692982,-250.43544469788685,-142.71038835016589,-29.66241170036301
77,43072.0,43247.28495593957,43098.93383585657,43216.9267161315,43295.887196393145,48.0,-8.938304542974947,35.37480171370407,-6.367995457192592,-10.965689590535476
78,43264.0,43237.717729999895,43268.97781685315,43283.02207874006,43296.11586662227,232.0,-9.863710153251304,194.93306526231754,75.60640197859175,1.8344635602334165
79,43536.0,43227.55753563307,43488.79996638121,43368.139520088684,43299.55612351361,-32.0,-10.076691807986208,-16.178018565886305,1.18720139296056,-8.381936932975805
80,43200.0,43217.56434638392,43236.621779721376,43285.39648152598,43279.35199275632,-80.0,-9.542880166973191,-69.06928805294228,-40.04479779971007,-16.23653111947715
81,43376.0,43208.47177529912,43350.66139027532,43288.04992448926,43267.08306127466,8.0,-8.342400146539148,-12.653438069446565,-41.321594792090764,-17.714778417928756
82,43216.0,43200.879546090844,43211.31490358248,43202.7532919418,43243.92243592046,-184.0,-6.6627109207584,-162.77196878040922,-91.91998657655859,-21.7645035581736
83,43008.0,43195.1463534576,43025.117452714505,43104.209951336146,43223.55405415831,-104.0,-4.770723795772938,-100.61018729547504,-50.438364937581355,-9.590679054232169
84,43008.0,43191.3380984993,43010.09452899153,43101.87656206664,43224.741077811996,-16.0,-2.9614910051823244,-4.550278765305848,44.60489176381088,12.0240775442835
85,42976.0,43189.22337144724,43016.01689518389,43193.41973486377,43247.60220924688,472.0,-1.49675916740307,430.34360603626556,200.253040229014,36.441241897224245
86,43952.0,43188.34458016449,43870.781741064064,43502.382642524666,43297.623561606444,136.0,-0.5412407742041978,139.0125566662573,84.15422892322749,17.30253043989069
87,43248.0,43188.14088989883,43294.04200851641,43361.72819271022,43282.20727012666,-296.0,-0.12882071041167364,-261.2054593558205,-83.79035345932789,-13.705927973453072
88,43360.0,43188.08693874367,43348.37082235242,43334.80193560601,43270.21170565954,16.0,-0.14870652403260465,-3.8170744018752885,-39.525289301203884,-16.484979184140684
89,43280.0,43187.843476850765,43286.40785971266,43282.677614107815,43249.23731175838,-16.0,-0.3727999068541976,-29.923664076486602,-50.78551444429104,-22.51252831324382
90,43328.0,43187.34133892996,43288.52349419945,43233.23090671743,43225.18664903305,-232.0,-0.5205426883912878,-195.26689451595303,-96.83125403167651,-29.191330273675703
91,42816.0,43186.80239147398,42895.87407068075,43089.01510604446,43190.854651211026,64.0,-0.33054419682957814,48.01348217923805,-7.708247650731209,-15.589265261474793
92,43456.0,43186.6802505363,43384.550458557926,43217.814411415966,43194.0081185101,120.0,0.36896386099033407,90.13612837261462,9.706511079486518,-9.946126775415905
93,43056.0,43187.54031919596,43076.14632742598,43108.428128203435,43170.962397660194,-256.0,1.6251403606511303,-207.672494002054,-83.17221911080924,-17.297600966900063
94,42944.0,43189.9305312576,42969.20547055382,43051.46997319435,43159.4129165763,40.0,3.3581659710180247,19.086495896943234,-3.223168411921506,-0.7788352550778654
95,43136.0,43194.256651138,43114.31931921987,43101.98179137959,43169.40472715004,32.0,5.391463342559291,36.71044476538373,33.50271387504472,11.662046931240184
96,43008.0,43200.71345794272,43042.626360084585,43118.47540094444,43182.73701043878,104.0,7.514373808189703,101.43884128765421,71.73131003706658,22.069133810680796
97,43344.0,43209.28539875438,43317.197001795175,43245.444411453725,43213.5429947714,168.0,9.541007490355696,140.5556506864741,77.69121623614774,24.283134071192762
98,43344.0,43219.79547292343,43323.73766145753,43273.85783341673,43231.30327858117,-136.0,11.353037708562624,-94.77103304997945,-6.657661328627,12.125447738821094
99,43072.0,43231.991474171504,43127.65493569522,43232.12908879647,43237.79389024904,104.0,12.909019931310468,82.1919527137652,38.335799777978536,14.780306180327898
100,43552.0,43245.613512786054,43488.121566885064,43350.52943297269,43260.86389094182,48.0,14.220728279935429,41.07446561517645,17.66506066256261,8.513195239869674
101,43168.0,43260.432930731375,43209.80386692557,43267.4592101216,43254.82028072878,-88.0,15.311867936048657,-69.29836533163689,-33.34061779029071,-1.7025961765975808
102,43376.0,43276.23724865815,43349.52483622179,43283.84819739211,43257.45869858863,32.0,16.166230564704165,7.345150405188178,-29.686914033434732,-3.288647210723866
103,43232.0,43292.76539186078,43224.494167735946,43208.08538205473,43248.242986307334,-184.0,16.70970610306904,-162.55982980611225,-87.72012431002076,-8.40356296592654
104,43008.0,43309.65666086429,43024.405176609565,43108.40794877207,43240.651572656774,-136.0,16.80260579097012,-118.06310807853879,-49.473458896623924,4.041164982274495
105,42960.0,43326.37060344272,42988.36795157887,43109.13846426148,43256.32531627188,112.0,16.27512889103309,105.80253286364314,75.29974762015263,30.490009428707708
106,43232.0,43342.206918646356,43236.01024233685,43259.00744401237,43301.63159151419,296.0,14.985839882891014,267.69350244224916,163.37270175707818,48.78785481801606
107,43552.0,43356.342283208505,43523.75495646337,43435.883867775636,43353.901025907915,144.0,12.87104022553467,146.51949644332853,118.81835765108553,42.36448568911874
108,43520.0,43367.948999097425,43529.04923522351,43496.64415931454,43386.36056289243,48.0,9.985376976186672,50.54045487768599,49.08237119617479,25.777565129134018
109,43648.0,43376.31303716088,43624.83586621874,43534.048610167985,43405.45615616618,-8.0,6.5064965679484885,-20.034037911074847,-19.571244062561163,6.96840108206743
110,43504.0,43380.96199223332,43488.98115940136,43457.50167118942,43400.29736505656,-240.0,2.7115140649657405,-210.94890981059507,-99.796103383851,-10.343922856794961
111,43168.0,43381.73606529081,43202.93804659755,43334.45640340028,43384.76831045259,-136.0,-1.0755550265057536,-111.35287981607689,-39.81706608899913,-4.690639081338304
112,43232.0,43378.81088218031,43266.275399769205,43377.86753901142,43390.916086893885,344.0,-4.546346504946996,291.8163272892634,116.34490511684635,14.093580785985978
113,43856.0,43372.643372280916,43786.570701176075,43567.146213633976,43412.955472024565,128.0,-7.473087257756561,116.04683201565422,44.85178143954545,-0.11284126809187
114,43488.0,43363.8647076648,43498.369063800514,43467.57110189051,43390.6904043577,-272.0,-9.734113105565484,-236.35631837298206,-109.78956079821,-27.130547448981815
115,43312.0,43353.175146069785,43313.85806443011,43347.567092037556,43358.6943771266,-184.0,-11.313272505991335,-175.22067721984058,-102.2204638341791,-29.661308374765213
116,43120.0,43341.238162652815,43147.92770936083,43263.130174222155,43331.36778760817,-40.0,-12.286243893286155,-26.291808265112195,-12.871830704323656,-16.75820013802513
117,43232.0,43328.60265828321,43261.27444789989,43321.82343062891,43325.17797685055,312.0,-12.773093687843357,261.27948773530443,103.60497172120813,-1.5309119150915649
118,43744.0,43315.69197527713,43670.48668483144,43470.34011766457,43328.30596377799,40.0,-12.890753403076815,40.08515139195515,11.686745867951686,-17.65671488366206
119,43312.0,43302.82115147706,43341.4447506838,43345.19692236481,43289.86454708323,-200.0,-12.714844051926775,-181.81818072867463,-108.54473411735671,-39.54818934059949
120,43344.0,43290.262287173275,43306.85032337409,43253.25064942986,43249.20958509679,-256.0,-12.26420175295425,-230.46857272658235,-137.3209482200291,-45.394482731600874
121,42800.0,43278.29274797115,42880.50760523063,43070.555025924754,43199.075581620025,8.0,-11.504309461030061,-13.678929702942696,-47.418110542726936,-30.180224395760888
122,43360.0,43267.253668251215,43279.49246396821,43158.414428344404,43188.84913630527,-32.0,-10.370943896006793,-31.644737763370358,-12.933383408144437,-18.783988499493717
123,42736.0,43257.55086017914,42817.21812970389,43044.688259108465,43161.50760462104,72.0,-8.794396384568245,78.51810876309173,40.617960318293626,-6.066151453178463
124,43504.0,43249.66487548208,43436.52868149439,43239.65034898099,43176.71683339891,200.0,-6.740944469820533,175.34408109644937,62.787264363025315,-1.154929552183603
125,43136.0,43244.068971239496,43167.90629189679,43170.262787834516,43159.19774551667,-120.0,-4.237048533916095,-109.09093011366349,-52.25616722922132,-16.359200606406375
126,43264.0,43241.190778414246,43218.34682126706,43135.13801452255,43143.9984321861,-224.0,-1.3785331864564796,-200.53029490271365,-99.55576605069655,-21.199391721263964
127,42688.0,43241.31190486658,42766.84570209136,42971.15125573312,43116.79896207414,-40.0,1.6658921033522347,-34.567678110546694,-22.411130922861048,-5.759522008251224
128,43184.0,43244.52256262095,43149.21146504597,43090.31575267683,43132.479388169595,264.0,4.686760779844917,208.42308818445235,72.3223732821134,13.1043955039313
129,43216.0,43250.68542642627,43183.69187846027,43115.79600229735,43143.007753082005,-176.0,7.451956048247666,-127.06019428437503,-24.62174923080238,6.878752566513867
130,42832.0,43259.426474717446,42895.09107647722,43041.07225421522,43146.23689330262,24.0,9.742406557943468,26.85458040306912,29.812379025483096,18.94098488574673
131,43264.0,43270.17023954216,43237.401039266406,43175.420760348316,43180.8897228535,264.0,11.383953238546383,209.3151591212154,90.05888630724803,30.497315693552082
132,43360.0,43282.19438119454,43313.72139471965,43221.19002682972,43207.23152468973,-208.0,12.274782913929812,-155.0726709485134,-23.635720103731728,18.70337807071337
133,42848.0,43294.71980537002,42927.25569736938,43128.14932014085,43218.296478994926,24.0,12.402275552252831,34.83230759916114,47.03395338155315,29.579778254945268
134,43408.0,43306.998932299044,43383.38600991797,43315.257933592824,43266.39108119962,368.0,11.845534918109479,308.0408440359315,140.73758024839117,41.01415626467133
135,43584.0,43318.41087520624,43543.33738544124,43409.624480637634,43300.32479152427,-56.0,10.770255619772797,-43.36169727051674,7.1787873636239965,19.74994990086634
136,43296.0,43328.53944353859,43296.66261537694,43329.61550832007,43305.89098100135,-296.0,9.396611557222059,-243.36169317962776,-63.20121815753009,6.060738527146896
137,42992.0,43337.20409832068,43056.61399908199,43283.222044322574,43312.44626857856,272.0,7.954745339211513,236.19874077049826,99.21755816379664,22.577601006141776
138,43840.0,43344.44893421701,43769.060096917936,43528.050624647665,43351.046183013634,208.0,6.635392251591838,204.56922077011404,88.85389264891637,14.152223585755564
139,43408.0,43350.474882823866,43465.752440622215,43460.92982962041,43340.75071575007,-16.0,5.541881507040671,-14.545453184648068,-40.65588021705116,-13.657931476060185
140,43808.0,43355.532697231094,43739.96919054864,43446.73886421356,43323.73032006151,-408.0,4.663055264391005,-396.2670882334787,-194.82153330006258,-41.23387968548195
141,42592.0,43359.80099335265,42673.21826415526,43071.28676302028,43258.28295637911,-248.0,3.8741550880658906,-243.16952553214287,-135.8087196831366,-32.13321586344682
142,43312.0,43363.281007407226,43253.630139484354,43175.12142484729,43259.46388833462,224.0,2.9720093917676422,201.4022835690339,35.39537425064918,-1.4458736277629214
143,43040.0,43365.74501213618,43076.022831293325,43142.07751152158,43255.39120912358,0.0,1.7410768704321526,2.506848275592347,17.994842435084138,6.69688124514505
144,43312.0,43366.76316114809,43258.64383603554,43211.11110971746,43272.85765082491,-104.0,0.028762254463799763,-84.15981508010736,18.589153054599592,15.509324242571893
145,42832.0,43365.80253664511,42907.70320113311,43179.25581763078,43286.40985760873,208.0,-2.1829845503780234,214.81652195486458,141.77261672871828,36.272699664255924
146,43728.0,43362.397192047334,43688.27687994527,43494.656343174895,43345.40305015342,432.0,-4.750132760604174,394.7169273467807,198.72869713155887,39.863345052363
147,43696.0,43356.3022711239,43697.13705582667,43576.7132118939,43366.13654771345,16.0,-7.38056422515001,14.54545501474422,22.413474665947433,4.240324945702014
148,43760.0,43347.636063597034,43717.367789974756,43539.48329250679,43353.883700044826,-288.0,-9.69122624890224,-271.0578862185066,-147.4882731337093,-32.55866266638259
149,43120.0,43336.9198186261,43155.02128338966,43281.73666562648,43301.01922238069,-344.0,-11.308797636833333,-309.11251939642534,-176.87829406706805,-43.813516545102175
150,43072.0,43325.01846832337,43099.142751181906,43185.72670437265,43266.25666695462,128.0,-11.958998209487618,79.83522370179344,-39.14660906750578,-25.049722078339983
151,43376.0,43313.00182220712,43314.691730793245,43203.44344749147,43250.91977822401,-96.0,-11.52816989927669,-90.99236642242977,-68.56153313544564,-21.59089981940997
152,42880.0,43301.962128524814,42917.158018337046,43048.60363810176,43223.0748673158,-264.0,-10.081897102976654,-211.74362077099067,-70.53799033882751,-10.691167542416224
153,42848.0,43292.83802800117,42891.204489251264,43062.36746681381,43229.537443139176,320.0,-7.840348990714119,271.5975598424011,120.94756211895583,25.539447980332625
154,43520.0,43286.281430543386,43460.35313802185,43290.498762339674,43274.15376327647,200.0,-5.116433924966259,189.38569620796625,113.380676695695,32.32400830111146
155,43248.0,43282.60516015124,43269.9758816672,43289.1288202052,43294.1854597414,-112.0,-2.2388089888154354,-80.49784801868736,19.194467968129175,22.340969452005083
156,43296.0,43281.803812565755,43299.35744198447,43328.88769827593,43318.83570218048,40.0,0.5038802581002528,46.16877023963025,56.20272720869616,25.792027548101032
157,43328.0,43283.61292066744,43362.31342214646,43401.534274622594,43345.7695148376,288.0,2.893873443510529,245.7122501718186,109.41371365795567,27.82228839900563
158,43872.0,43287.591559452776,43790.78194232811,43547.71512559184,43374.48027897849,-24.0,4.794610854660277,-24.781926341740473,-15.961586234829156,3.8347780898075143
159,43280.0,43293.20214237676,43312.749569462976,43369.611102152936,43353.439071017216,-320.0,6.13904327282944,-278.31352666383464,-133.2984723624395,-17.369254410408757
160,43232.0,43299.869645998435,43234.15488900044,43281.118180866964,43339.74177015767,-56.0,6.912593433120492,-67.82023546031633,-63.9338308524857,-8.310212351658265
161,43168.0,43307.027329243,43177.10909854234,43241.743440447965,43336.8186463139,-16.0,7.1489715835305105,-11.500297746377328,-2.503020195017598,5.517808471919125
162,43200.0,43314.167589165496,43211.15429350769,43276.11214047693,43350.77738710151,88.0,6.931454076715454,89.81666250379567,72.4247702674329,21.497610142687336
163,43344.0,43320.89023739643,43356.742423549935,43386.59298098283,43379.813866599274,224.0,6.400309252800071,209.30024779191444,131.77733099731267,30.827172827725008
164,43648.0,43326.968207671096,43629.754789091516,43539.666802471555,43412.43173275696,208.0,5.7422035765812325,181.78631099917038,98.90722272450148,20.83945279553518
165,43760.0,43332.37464454959,43720.315045548276,43584.40742643183,43421.492772190344,-136.0,5.184044727662695,-107.8645158018735,-43.05566282380096,-7.864321957094944
166,43376.0,43337.33629712642,43414.02575748777,43453.55547682395,43396.70308884277,-112.0,4.947718402418104,-116.1605006216414,-92.07421119590799,-23.754528905439656
167,43536.0,43342.27008135443,43487.99404430499,43400.25900404002,43373.983714379465,-184.0,5.193129766987113,-175.6658764675267,-121.16697076392666,-30.820188744331972
168,43008.0,43347.722556660396,43062.694004552715,43211.2215352961,43335.062711354105,-160.0,5.982930950278387,-142.22563217901552,-87.4267010958647,-22.567867457652028
169,43216.0,43354.235943254986,43203.54277994696,43225.40560184829,43328.84797946416,104.0,7.2487453875401116,78.56267512906561,18.886867476332554,-0.5723329167376505
170,43216.0,43362.220047435476,43219.81935481085,43248.995270248764,43333.91804552063,16.0,8.795699546350079,35.37334891813589,40.087303524858726,10.965968332504417
171,43248.0,43371.827342347686,43274.28947778323,43305.580208898005,43350.77991612917,224.0,10.345097884401184,185.91751188855778,85.37504309823998,22.000866414993652
172,43664.0,43382.91024320428,43591.65437858796,43419.745356445244,43377.91977835062,-112.0,11.606350198318978,-87.3053322746091,-7.962174230135133,12.835851138981525
173,43024.0,43395.040042744324,43099.678813234015,43289.655860437735,43376.45161840713,-96.0,12.337763779934903,-70.63937316472584,2.7384342113582534,16.154420976869005
174,43472.0,43407.58577076415,43450.37563225851,43425.22222486796,43410.228620304355,288.0,12.4032053022529,242.57498031706564,112.17747686420626,30.688432912444114
175,43600.0,43419.84645334883,43584.82877386815,43514.01081416615,43437.82848423202,56.0,11.792476976512262,58.59701095037599,45.79399638126051,19.491288139262906
176,43584.0,43431.17072471717,43567.56965415926,43516.81021763048,43449.21119658288,-120.0,10.605235585149785,-99.41084891255377,-30.795487720428355,4.643272180004715
177,43360.0,43441.05692451913,43386.00707604304,43452.41983872529,43447.11502859203,-64.0,9.030252720516728,-51.52719790102856,-18.180459542545577,2.259583438753907
178,43456.0,43449.231230158206,43464.515258357205,43480.44929854539,43453.73036346039,152.0,7.277290035282931,121.08447410020017,40.25410909279526,6.501853041376307
179,43664.0,43455.611504589695,43628.17602424344,43532.92805691088,43460.11873467478,-16.0,5.520884297096927,-15.459112896565784,-13.057213179065002,-3.805692051868391
180,43424.0,43460.2729987524,43433.597032564074,43454.33487218726,43446.11897935665,-184.0,3.8886072419263655,-146.59382885897503,-63.425748629993905,-12.893806350297382
181,43296.0,43463.38871907355,43334.98836652549,43406.07655965089,43434.33112197419,136.0,2.4459205745624786,96.33316658883996,6.779967289083288,-4.871301283754292
182,43696.0,43465.164839901525,43626.263365741754,43467.89480676543,43436.37637678914,-144.0,1.1863195766927674,-124.84357092204664,-52.23434950275259,-10.935926345588086
183,43008.0,43465.76135822693,43085.301224681396,43301.60786064539,43412.45926928301,-112.0,0.07155172446073266,-87.0206188062948,-19.483015797348344,-3.694144041979598
184,43472.0,43465.307943350446,43452.222128129164,43428.92877517073,43428.988088705184,320.0,-0.9398246483797266,268.03154409358103,105.7853021107112,14.378223857431294
185,43648.0,43463.881708930174,43621.36431286856,43513.17846486681,43441.215716997875,40.0,-1.8997965732378361,35.96374908217331,16.83892212948558,1.8884141425842245
186,43552.0,43461.50835020397,43524.14962629351,43462.6066194297,43432.76491699035,-288.0,-2.869920101500611,-236.4665551074977,-95.26853572226173,-14.412554158003331
187,43072.0,43458.14186872717,43148.43120265356,43322.64139342229,43412.39060868187,24.0,-3.9021008730742324,6.437589627883426,-14.644529296267137,-3.354777874392312
188,43600.0,43453.70414845782,43537.02480554928,43433.31756083717,43426.05536124157,96.0,-5.057364371121366,73.71763064211336,27.334947833467595,4.96752062177984
189,43264.0,43448.02713998493,43295.86646393779,43377.31128908922,43422.32564992543,-128.0,-6.411597277121473,-81.8260219225267,0.6493727966626466,4.186571180129249
190,43344.0,43440.88095390358,43373.372761704224,43434.61630643049,43434.42850360183,272.0,-8.018513630664529,224.37010628753342,102.61317055652034,16.62427885649231
191,43808.0,43431.9901127236,43744.606676512856,43582.53763020226,43455.57420763841,56.0,-9.897700896337483,54.26729737290225,35.190138872902025,3.524414418501692
192,43456.0,43421.085552110904,43481.90735645003,43504.9965841763,43441.47733243883,-168.0,-12.003968179007643,-133.16253781268097,-53.042753937817906,-14.823008577637665
193,43472.0,43407.982176365585,43478.281600887494,43476.45212232663,43425.92819048314,64.0,-14.204472004563286,27.78224887495162,-26.318400686359382,-17.852732431536424
194,43584.0,43392.67660810178,43537.47185419993,43452.35978280358,43405.77186757576,-216.0,-16.265280532996258,-180.57073927950478,-89.9124481212566,-29.067729528589553
195,43040.0,43375.45161529959,43117.140122328485,43296.627226084114,43367.79273142596,-32.0,-17.86626399078159,-27.51085663741833,-27.418943677410425,-21.589499578502
196,43520.0,43356.944080120214,43482.450140925095,43397.52189544876,43362.59286841875,232.0,-18.644631870341982,177.5607232220682,39.65561708902169,-13.07021958626865
197,43504.0,43338.16235155891,43472.26156877262,43375.93846026216,43341.65229225342,-200.0,-18.234949280667934,-168.88072828938311,-85.61420505552451,-29.057961552662164
198,43120.0,43320.47418155888,43144.68868434633,43226.29348533771,43304.47694531343,-240.0,-16.337984430108918,-204.12946269465465,-96.49823225559157,-27.951499674320075
199,43024.0,43305.48638269869,43064.00264338331,43182.941995750974,43285.74929290478,144.0,-12.797885364027024,119.32717595354188,36.119508288749785,-5.640187763408903
200,43408.0,43294.878410830825,43383.34303625341,43298.53250191521,43293.19656978661,240.0,-7.644587232069171,196.0555741371645,60.85675712183365,1.707105371158832
201,43504.0,43290.19720823455,43456.11379165764,43304.65550999464,43289.1635036471,-248.0,-1.112220187580533,-216.03361912828404,-93.54923692324155,-14.774890957156458
202,42912.0,43292.65397045566,42951.275797996845,43111.434028068725,43263.6467878723,-304.0,6.349604889477632,-259.08567085586037,-93.50446789155467,-7.934376381184848
203,42896.0,43302.89641801351,42937.94244994592,43117.64657421153,43273.29475088473,400.0,14.122885920642148,339.75299323346553,117.03583324857755,28.51270055666828
204,43712.0,43320.89974229695,43630.781784463776,43345.50569456588,43320.672188985634,-8.0,21.506552904811542,11.637878168163297,44.61196763728731,27.81104755018532
205,42880.0,43345.90952382313,42961.21820628225,43206.87050948611,43328.9168459851,-48.0,27.800962630317372,-44.31135312209517,24.800069663280738,30.69049929872199
206,43616.0,43376.50166755758,43542.159078219585,43395.10583389244,43382.05318758308,128.0,32.40872093298822,124.31135650081342,77.7882413525549,41.43900097713049
207,43136.0,43410.72696568911,43209.84091928387,43362.44699219122,43411.79484793936,128.0,34.924836835820315,124.3113597716656,80.56465439438398,43.53140275325495
208,43872.0,43446.35134122922,43790.78179776292,43556.23514268121,43469.11599308959,16.0,35.189235586127324,16.828990656391397,35.90572183059339,37.176944804701634
209,43168.0,43481.10543686136,43243.498900596656,43434.2584358524,43486.14873754876,-128.0,33.29387798717289,-99.19243983374326,11.152511097399838,32.94018133661666
210,43616.0,43512.93909720357,43592.39691809543,43578.54016487601,43534.99635576282,264.0,29.55518673563347,230.88260797594194,125.5518114616134,44.79743600219808
211,43696.0,43540.21581033263,43705.26411654854,43685.36205877563,43575.74360955316,168.0,24.45762263029974,159.1877811958002,101.50292328743308,34.73443426799713
212,43952.0,43561.85434246417,43910.77248048703,43781.546011450875,43604.465224298816,-8.0,18.56714033317985,-0.6292336263468314,10.956958400682197,11.344875960596255
213,43680.0,43577.35009099899,43704.00564929585,43707.275975576995,43598.43336147435,-88.0,12.443360322056833,-86.73858471194399,-60.63204808538285,-10.110194750744995
214,43776.0,43586.74106310828,43737.29531106314,43660.28191528011,43584.244834797326,-168.0,6.579263874660683,-160.2337829169919,-104.8531026568271,-23.77628493716111
215,43344.0,43590.50861874831,43383.53808346186,43497.56977026334,43550.88079160003,-184.0,1.3559348026938096,-156.06681029196625,-85.92725988509847,-23.020003617297334
216,43408.0,43589.45293271367,43425.16169047921,43488.42739550991,43538.20482756273,160.0,-2.969863029426051,127.43205941338601,31.07132300152807,-6.1657226591560175
217,43664.0,43584.56889268946,43638.402202288635,43559.7124162664,43538.54934628172,112.0,-6.255419495028036,85.25152325260933,19.14122888967904,-5.928013966931758
218,43632.0,43576.942093723614,43595.66473698443,43526.70985328927,43526.34879962887,-288.0,-8.459762423284701,-234.59208417580885,-85.64763633248731,-17.48310667140686
219,43088.0,43567.64936784289,43169.21803393702,43388.41714360142,43503.583132938904,16.0,-9.606749140693864,18.77018358256828,11.915862112859031,-1.9865100430179155
220,43664.0,43557.728595442226,43633.205104149565,43550.54157751499,43522.37577954283,344.0,-9.76424424711513,281.0641778092395,105.39522267106076,11.711435581073601
221,43776.0,43548.12087934866,43731.346389555496,43599.207588943544,43527.00600410105,-160.0,-9.056613168471813,-125.12676681660378,-39.7301940996731,-7.819475236734434
222,43344.0,43539.61536910528,43382.95157051636,43471.08118931564,43506.73682906936,-184.0,-7.655330437031807,-153.63696645733944,-64.58580497008006,-12.132333578214457
223,43408.0,43532.810218474595,43424.07245664082,43470.03597900338,43502.74133694462,160.0,-5.761053411719331,121.48316932855596,29.972779189432913,0.7415747224877123
224,43664.0,43528.09326228184,43625.91790917347,43531.02674769451,43508.21997851434,16.0,-3.6340056584522245,11.434998400007316,-5.495857461624837,-2.3103595045686234
225,43440.0,43525.54220715769,43446.94245344083,43459.044264080134,43498.120617935485,-168.0,-1.570452170642966,-144.26318852846453,-62.460351574303786,-7.193329682078911
226,43328.0,43524.95235794056,43337.39153211654,43406.1060445459,43493.83331915018,-80.0,0.1683761083004356,-62.59326074161072,-13.885197261286521,4.004367172208731
227,43280.0,43525.87895937429,43321.75593195761,43431.27386955756,43506.1293522799,224.0,1.3596396997672855,193.14405962913952,100.80475979043695,23.60250074371288
228,43776.0,43527.67163734009,43723.67965137482,43607.715564126775,43541.03832063761,144.0,1.8454778670966334,140.3219762912995,92.29947663260464,23.16088438958468
229,43568.0,43529.569915108485,43602.39988454021,43615.87282282277,43552.45112105907,56.0,1.5917448769869225,50.7196558664582,32.093670107376965,10.635356474420405
230,43888.0,43530.855127094066,43825.118963107736,43671.90290434153,43562.30903358645,-144.0,0.6830257327092113,-123.86304880290845,-52.01846631048102,-6.42663579330474
231,43280.0,43530.9359665739,43354.67378693439,43511.83589020181,43539.59784947246,-64.0,-0.7117082569020567,-64.89929859228505,-44.14906903881274,-9.731291640357085
232,43760.0,43529.43171058026,43695.320365923166,43583.6047662639,43542.84645030573,32.0,-2.3523188575272798,17.248408604591532,-16.428740805953566,-7.60907665144623
233,43344.0,43526.23132885885,43389.170604143575,43478.9784085899,43524.37969616957,-104.0,-3.967826575397339,-80.29674106170205,-37.137153379055235,-9.447769327685819
234,43552.0,43521.49605742947,43534.72688379976,43509.33045950579,43523.95091165036,88.0,-5.306972996717377,59.190698655012966,9.017280668787862,-1.8312389366874413
235,43520.0,43515.617382865414,43507.5520014536,43497.01296992748,43520.717218296195,-120.0,-6.1728489370507305,-89.4148750781751,-23.81100461457754,-3.1978324393567163
236,43312.0,43509.150359555366,43355.89713364341,43461.70845027664,43517.55524677165,80.0,-6.446182053885423,67.83080040688583,39.549705487479514,7.115790814033971
237,43680.0,43502.72501875764,43643.21360226737,43576.112380902436,43534.94879992426,104.0,-6.097657667072781,103.38447996081231,62.46012107701972,10.140993148826965
238,43520.0,43496.95504422122,43562.666093565036,43586.62869243068,43537.8372330693,152.0,-5.199815603740717,132.78295912286194,43.83065774357965,3.7802947985073843
239,43984.0,43492.32538755016,43908.7795205131,43663.773696389595,43542.50938952128,-152.0,-3.904691064290091,-152.29666222598098,-82.96814784628077,-17.402374071964005
240,43216.0,43489.14566209264,43258.072769113074,43420.692396738115,43503.032484925374,-360.0,-2.4113409696074086,-318.03521409512905,-140.73510128242924,-25.125280349631794
241,43264.0,43487.50270561095,43272.70909232284,43382.30349382474,43492.258828822014,64.0,-0.937985510488943,58.18178482395524,20.76284399899305,0.639285337740148
242,43344.0,43487.26969107166,43374.436338760985,43462.2180847361,43504.311055600854,352.0,0.3137056942250638,307.03639726533584,139.0236332794193,20.06777955888174
243,43968.0,43488.1301169994,43886.78188685351,43660.350760383575,43532.39438793978,8.0,1.2063168985914672,27.985503603795223,44.30805583925758,6.30305173591114
244,43360.0,43489.682324868845,43430.407345968575,43550.83419641462,43516.91715907268,-104.0,1.679060206930444,-79.19578930803618,-14.099465761650208,-7.631370913466526
245,43760.0,43491.48823741326,43728.39030823744,43632.151828860275,43517.131646112844,192.0,1.736726981573156,139.93450345606834,17.393546875799075,-11.928930654186843
246,43744.0,43493.15577883199,43710.27635288071,43585.621290166215,43493.0592977643,-200.0,1.441896154985443,-186.7321909531529,-125.71989361095257,-36.61938346032912
247,43360.0,43494.37202972323,43354.92592633113,43380.71204163837,43443.892879192186,-504.0,0.870728709611285,-446.52905864996865,-194.55322770866405,-44.971774612506124
248,42736.0,43494.897236251214,42817.218235580774,43196.51483474889,43403.11574853929,256.0,0.09023743362558889,217.92792611842378,46.06021048496041,-7.421343225934834
249,43872.0,43494.55250459048,43790.78177856798,43472.83246260829,43429.05019274032,288.0,-0.846953534270142,253.02876795486372,76.73385916354528,3.7869538380473386
250,43312.0,43493.203329182674,43323.2757714905,43349.98255307598,43410.689656215385,-456.0,-1.9115004970662994,-380.4196569615924,-103.8586329943173,-13.42605371416721
251,42960.0,43490.72950359635,43029.942464644795,43265.115196619656,43402.19808531198,160.0,-3.0696295292582363,137.29170175628678,67.69024185349917,13.618333362199337
252,43632.0,43487.06407012416,43597.859175003076,43485.363036782976,43437.926322939784,360.0,-4.25731811172227,316.2998999956544,146.9293585548112,26.024553774790547
253,43680.0,43482.2148673729,43662.542264636104,43558.97391372928,43454.24719286156,-32.0,-5.37471746963638,-22.60558718644097,13.097833810941665,5.03322956485863
254,43568.0,43476.314635184885,43552.64800063019,43511.55870440486,43447.9927820695,-224.0,-6.285930554247898,-186.6542608549462,-75.63585712198983,-12.254771688589244
255,43232.0,43469.64300626441,43289.23374292621,43407.7021994853,43429.737649484385,40.0,-6.852266889021848,22.75445692705398,-16.005405176907516,-8.368250110896042
256,43648.0,43462.61010140684,43598.1569144843,43479.547894051044,43431.25628184771,96.0,-6.974494187255914,59.707743979608495,-12.380358408732718,-9.318553544293536
257,43424.0,43455.694017889895,43408.64923088543,43382.94148266783,43411.1005423958,-320.0,-6.627278926687723,-266.261529171712,-117.13567004929428,-20.800712332118565
258,43008.0,43449.355543553465,43065.63385614088,43245.276553952455,43389.65485718347,-64.0,-5.872494363622536,-54.846094040145545,-19.026651739146473,-2.362942353149265
259,43296.0,43443.94902916265,43298.95704280514,43344.88817918954,43406.3746576895,280.0,-4.855926840846223,248.1084006899291,124.05571483184758,22.23853339050038
260,43568.0,43439.64368987177,43561.850657520736,43493.38798361615,43434.13192396447,264.0,-3.762936239461851,232.1469023192949,111.19379623469285,21.063862473194604
261,43824.0,43436.423156683726,43763.25084744373,43567.275771658926,43448.50238263589,-160.0,-2.752657347762579,-140.4717979973284,-54.47432612776538,-4.404422196788801
262,43248.0,43434.13837517625,43280.90706152608,43384.43933136062,43425.323079570895,-328.0,-1.9056404535513138,-279.68225314831216,-114.61677461799627,-14.313149086447083
263,43168.0,43432.61187577662,43203.8863411471,43338.04222242293,43419.876084462994,128.0,-1.1846416907828825,102.41098535653146,38.62400227378021,7.146809115249198
264,43504.0,43431.76909179468,43485.72903223914,43461.68733590818,43439.61669780139,200.0,-0.4317055234387226,190.48785228772977,102.48878143934053,16.52144822846458
265,43568.0,43431.748464729746,43584.86204572256,43543.019785301614,43452.91898091992,208.0,0.6045884858867794,183.4432420962221,68.84234204424138,7.548232164528599
266,43920.0,43432.978268766456,43852.615516431586,43599.37201999666,43454.71316213045,-208.0,2.194784667022759,-200.79312178041437,-103.96175530662003,-21.470160682947608
267,43152.0,43436.13803406379,43183.275802161734,43335.096274688374,43409.97865955403,-440.0,4.530582268969738,-381.3365288138011,-172.72760796410512,-31.83556959872294
268,43040.0,43442.039433304395,43089.942458803984,43253.91680406845,43391.042022933005,208.0,7.674697240599926,163.2275887690812,25.77893141430468,-1.3845354743752978
269,43568.0,43451.48742854499,43509.730979699896,43386.65413751698,43407.20958860528,144.0,11.491733563925663,121.59478128849878,42.064402207022795,8.128045102541364
270,43328.0,43465.02290043225,43333.13202138098,43338.0456084825,43407.29811313809,-200.0,15.63707976094156,-150.93885141401188,-43.585724793236295,4.053430189709616
271,43168.0,43482.761588066875,43207.85327687187,43299.48268793051,43415.3164489847,104.0,19.617816402362223,73.98763985025289,27.17842341326468,20.384158295848465
272,43536.0,43504.25853323697,43481.10730108149,43392.40245530903,43448.066429729784,-8.0,22.862574375089025,-1.209470382949803,21.120995033037616,28.35330223157507
273,43152.0,43528.48673681705,43205.43433610597,43341.724677996586,43472.02305344785,-32.0,24.830959757873643,-8.501284445668716,44.184561685848166,39.957776390452636
274,43472.0,43553.92045275272,43464.10473219015,43480.771578680724,43527.98198251069,248.0,25.11378092932864,219.1940570349252,143.43269002449597,58.758028188378375
275,43648.0,43578.71429867571,43643.82245017582,43628.59005804558,43589.539109824604,152.0,23.52201205612073,158.82996886477486,138.11350838764338,58.634082805147045
276,43776.0,43600.96447686496,43781.7646699197,43756.99859545601,43645.250148120984,176.0,20.12393030739986,166.76556934236578,118.90783513844144,49.173545702426054
277,44000.0,43618.96215929051,43977.353588860555,43866.40572832246,43687.886201229456,104.0,15.230574879034975,82.35686324362541,42.60999702767731,27.030363169946213
278,43984.0,43631.42562662303,43946.47839640695,43842.218589511365,43699.310874460876,-256.0,9.331255115699605,-221.03889963758047,-95.07784405540951,-2.8097830455371877
279,43488.0,43637.62466952191,43535.275789585394,43676.25004021164,43682.26663513838,-208.0,3.010971571678965,-172.2679696758496,-71.84352919390221,-7.330907565574307
280,43568.0,43637.44756976639,43601.94245705525,43698.53153112356,43684.64905932973,296.0,-3.1497450240131,243.21397738456653,87.5472564736956,8.214877157832234
281,44080.0,43631.32517947388,44021.70374435453,43851.34455315903,43698.696389454046,144.0,-8.678959248762112,121.44498443342309,38.485298614989006,-5.017850402979093
282,43856.0,43620.08965126886,43844.8324259221,43775.50212835354,43674.61335852377,-272.0,-13.260619525677612,-232.709188821922,-116.0913606287213,-33.15236300409015
283,43536.0,43604.80394042253,43556.28536671068,43619.16183190159,43632.391663445866,-200.0,-16.741400757804513,-187.12022565798543,-114.7593805011602,-37.40211190560876
284,43456.0,43586.606849753254,43470.591974606126,43545.98336735122,43599.80913471255,-8.0,-19.11917203324265,-12.73351907391043,-28.18678087475564,-25.392071997688618
285,43520.0,43566.56559635604,43530.81832856286,43562.78827015208,43581.60751945049,136.0,-20.491382555890596,114.31799677104573,38.19903787689691,-15.121239289535879
286,43728.0,43545.62408464147,43699.22796814822,43622.38144310501,43569.56665613348,24.0,-20.989597434614552,24.54948032645916,6.783894505435455,-19.962530510336364
287,43568.0,43524.58640148681,43579.91728921578,43576.35605916295,43541.682458429816,-64.0,-20.73914173918456,-59.724232853521244,-41.84735436058327,-29.200074782173033
288,43600.0,43504.145801163104,43579.779502441175,43538.686734383846,43511.166506569134,-112.0,-19.83567481103455,-101.24027456872136,-68.32595758718162,-34.95762653222482
289,43344.0,43484.915051864744,43377.43674007834,43439.70414398859,43471.767205365366,-24.0,-18.353888008776266,-35.159061971138726,-51.13051840096887,-33.01094093549909
290,43552.0,43467.43802514555,43509.4613784989,43436.42569758191,43445.144624698136,-88.0,-16.36559079568906,-80.66846908494699,-61.065597615721344,-31.96534943232109
291,43168.0,43452.183870273366,43216.09980190844,43317.572948757144,43407.836506500724,-56.0,-13.949426487015444,-52.862567048247,-44.06627444619153,-25.316292872379563
292,43440.0,43439.53917217152,43403.736244402404,43348.293148689525,43394.51203895338,16.0,-11.219419806631777,6.317664505979337,-15.133225722860516,-15.598865599677083
293,43200.0,43429.7450306601,43228.7351309204,43287.30649731142,43376.63877530137,-32.0,-8.317083619800542,-31.3254588799864,-17.33340272238638,-9.041324886937218
294,43376.0,43422.90500493192,43341.08532664243,43313.62634324475,43376.4293891795,-80.0,-5.376121550842072,-62.22317106579794,-4.866982444298628,-0.18791666289325804
295,43040.0,43418.99278755842,43104.28878878881,43277.572532422826,43376.26294197558,160.0,-2.513264508543216,148.3090646478995,82.73245538948686,16.64669989485992
296,43696.0,43417.87847591483,43637.70345593823,43479.091254023726,43409.72278896922,192.0,0.2001235828611243,178.27028828309267,93.06434861276648,19.145986442101275
297,43424.0,43419.39303472414,43460.82936535499,43463.70122964836,43414.554914859786,8.0,2.7489377159508877,7.272736191720469,4.460590448805306,4.359871633550938
298,43712.0,43423.376351346735,43652.24892832167,43488.01243492134,43418.442532236324,-240.0,5.147867424824653,-217.80556943537158,-87.68257726634693,-10.790256011645397
299,42944.0,43429.68876957379,43025.21822648425,43288.336075115665,43392.974402836495,-32.0,7.410131374272169,-35.423306640914234,-27.508322247842443,-3.0194092580059078
300,43648.0,43438.19661409528,43581.40231503984,43432.99579042565,43412.40371372031,176.0,9.520069006233825,148.14917498997238,37.15761052281232,7.649496569836629
301,43296.0,43448.72890758626,43321.51657646419,43362.65129616129,43408.27339597617,-168.0,11.40263707224949,-132.30285625469332,-37.01884618371696,1.4833520546635555
302,43312.0,43461.00188823978,43316.796602530456,43358.95809805822,43415.37041782964,24.0,12.912205868364254,19.263038718538155,19.785850926033163,12.265542744953564
303,43344.0,43474.553319322986,43360.04265390127,43402.222998013356,43432.804481466075,136.0,13.880917975115153,123.45932087715846,72.37639896182009,21.874287709735654
304,43584.0,43488.76372419001,43563.71524428477,43503.71089598186,43459.11899324911,104.0,14.15331817729384,102.24881180734883,61.343345959430735,20.07046144549531
305,43552.0,43502.85995567757,43564.54027751597,43524.90968993222,43472.945404357066,80.0,13.626725469301164,63.52642081103477,7.653638916464843,9.87368132580741
306,43744.0,43516.01717512861,43690.76808590684,43519.01817381479,43478.866355900725,-360.0,12.305877826853248,-325.66100585876484,-118.38242921003257,-7.335730661303387
307,42832.0,43527.47171133128,42913.21826579844,43288.14483151215,43458.27394303446,-40.0,10.31456792917379,-36.03449626380825,-2.8009265465625504,10.721284285453294
308,43664.0,43536.64631098696,43618.699093379226,43513.41632072166,43500.30892447163,352.0,7.883745983614062,329.281543408335,149.97964957034492,33.850427660756395
309,43536.0,43543.23920329851,43571.78135261511,43588.10413065284,43525.97479835597,136.0,5.3143125072274415,131.98902231143074,100.73987525760458,25.164613802138774
310,43936.0,43547.27493600141,43882.67713800209,43714.89607123687,43550.63815207591,64.0,2.9200052111082186,44.2814753974053,16.23997620246155,5.395261323734303
311,43664.0,43549.079213720725,43660.34430340992,43620.584083057765,43536.76532100344,-280.0,0.9730548958032159,-240.61131754256712,-116.01994665022721,-20.23456502229601
312,43376.0,43549.22104579302,43401.45450291695,43482.85617793642,43510.16902203132,-144.0,-0.33767734078355716,-131.61728590819257,-84.29981615313591,-19.8878478705592
313,43376.0,43548.40385903916,43397.10973159353,43451.98445075149,43496.98962526232,144.0,-0.9296689593866176,101.20388664423808,7.1204981908194895,-7.12991550588049
314,43664.0,43547.361707874246,43603.86227620543,43497.097174318056,43495.90919101956,-120.0,-0.8268693044810789,-93.93607436096136,-38.33868927440926,-9.484974691782554
315,43136.0,43546.750120430195,43209.23758287161,43375.307072202675,43478.01967587876,-48.0,-0.13079490524614812,-28.436778975748894,-2.1365660140436376,-0.7885313468650565
316,43568.0,43547.100118063754,43546.98871825393,43492.82404228997,43494.33212832583,296.0,1.0122938684507972,232.69472665197827,79.92899123227835,12.629058863360115
317,43728.0,43548.7747081671,43674.62703617557,43535.16505466723,43503.27779360548,-224.0,2.4429002624819987,-176.95277193669244,-54.076460289117676,-2.290445040074701
318,43120.0,43551.98591858872,43193.08317438055,43384.67112171173,43489.75123824568,-96.0,4.016280294468743,-78.40171915612518,-18.158372099635017,4.961006552483013
319,43536.0,43556.807268756034,43517.82359786332,43498.84831046796,43513.19980671044,288.0,5.614573686660151,233.85841279935994,95.60134399021263,22.308558800286846
320,43696.0,43563.21506596204,43660.79999997927,43575.87380969216,43534.36835584625,-72.0,7.137423329248122,-33.0235979877034,16.962404070272896,13.086966928120091
321,43392.0,43571.08211541453,43451.77640188791,43532.77311860851,43539.37374056668,112.0,8.493200165135931,89.8584113481702,27.285868220602424,12.374071748770803
322,43920.0,43580.20146629231,43840.51682267561,43630.445546133364,43559.11649934379,-120.0,9.598262156869168,-111.30410495968681,-47.10479940845835,1.6985837442953198
323,43152.0,43590.27863972827,43229.168191968536,43438.56351979159,43542.770908055274,-136.0,10.36314138837406,-122.87903173897575,-48.600266445984744,3.1929541142453672
324,43648.0,43600.92774906906,43594.758759197655,43533.245013241394,43565.50240757228,120.0,10.696852942412079,99.38436321738118,37.304000070507755,18.606619895625045
325,43392.0,43611.67234561309,43427.9369184033,43513.171519932606,43579.984147846524,-8.0,10.52681244633277,12.862751222121005,40.512266657511645,23.8809476665665
326,43632.0,43621.981373961724,43620.4842616419,43614.26954655642,43613.264302905416,144.0,9.808630442825233,134.96865144810727,92.2327999020199,32.343370204162056
327,43680.0,43631.28960649874,43697.87422129951,43697.637119736646,43644.67088825485,192.0,8.541614920857683,166.76106615518802,92.18613304854807,29.640129762174183
328,44016.0,43639.06460380344,43954.00639395227,43798.64181265351,43672.544562429764,-72.0,6.785649080255098,-53.835857585887425,-7.6744007563720515,10.700902296408458
329,43536.0,43644.860904659254,43590.20250612774,43682.2883182239,43666.072692847665,-104.0,4.655479237131658,-92.79135718586258,-43.20933531766059,0.031765060281031765
330,43808.0,43648.3755622777,43768.42367958055,43712.22314201819,43672.60809255033,-16.0,2.3104005878340104,-19.660428644467174,-17.953605196609715,-0.23419566982556717
331,43504.0,43649.48170583492,43550.881648838804,43646.38110783068,43665.604301508014,16.0,-0.055562164743605535,16.866213452260126,5.3485197278278065,1.0764240330936445
332,43840.0,43648.264437948215,43802.15610648507,43722.92018147385,43674.760940616514,80.0,-2.2489119584970467,62.05499007161416,17.999164380089496,0.8946861393233121
333,43664.0,43644.98388191793,43674.99162898203,43682.37943659086,43667.39367378666,-88.0,-4.094206781068351,-72.20633259285387,-31.351026587559318,-7.197583140521601
334,43664.0,43640.07602438608,43657.74344129936,43660.21812829873,43660.36577433547,-56.0,-5.4543278289129375,-48.53098118588969,-24.05224414276745,-7.209610734415037
335,43552.0,43634.0752262601,43577.92966661025,43634.27494830533,43652.97445231783,64.0,-6.256395458967745,49.83455836217763,15.194294159264246,-2.3425994017488847
336,43792.0,43627.56323346814,43757.412558023716,43690.60671661726,43655.68057553197,0.0,-6.48722508391802,6.5456815320503665,5.635126620556548,-4.109848009258712
337,43552.0,43621.100776092266,43591.02102967435,43645.54520154644,43644.75475629931,40.0,-6.205295352599933,28.7136200224013,1.7110857024053985,-6.288081417696958
338,43872.0,43615.15264276294,43814.83979806852,43694.02888802207,43643.10441269658,-64.0,-5.5282291206749505,-61.98224126325658,-40.50186951334035,-13.095122967901261
339,43424.0,43610.044317850916,43467.05654714784,43564.54146251976,43618.56451036351,-160.0,-4.617322635655,-132.50051518146574,-59.216694242430094,-14.811676814893872
340,43552.0,43605.91799749163,43549.83876770559,43575.59549953721,43613.48105906679,88.0,-3.6599063983303495,71.9760590857004,22.85178678605007,-2.009398343379871
341,43600.0,43602.724505054255,43611.00866531924,43610.24503609186,43614.54571367675,144.0,-2.8438735787858604,116.21322420987417,39.77205460058394,1.7919402937950508
342,43840.0,43600.23025033406,43782.265216125335,43655.13960873838,43617.06493965438,-168.0,-2.341645541451726,-138.2624209934802,-47.535622984294605,-8.627527039650886
343,43264.0,43598.04121397135,43334.48382333228,43515.17379012327,43597.29065959745,-104.0,-2.285736009816901,-74.51722370537755,-14.378923553471395,-3.109747077054635
344,43632.0,43595.65877831443,43633.23076871458,43626.38176163143,43610.84544550027,376.0,-2.76622009609855,304.9007889551831,108.39885232388406,12.497058177832514
345,44016.0,43592.508773779155,43944.28540124265,43731.97149477104,43622.284775953114,-144.0,-3.8079640864052635,-115.95920935065078,-36.42451947487643,-8.246430749502906
346,43344.0,43588.04285014162,43401.31235001328,43553.53272268168,43594.352584001266,-224.0,-5.353945155857218,-187.9704530710078,-73.67241074852063,-15.414562751782796
347,43568.0,43581.80088346744,43568.34449510063,43584.626673274,43591.45565044955,224.0,-7.270029639512359,168.75462059049823,39.407287229314534,-1.724151029240602
348,43792.0,43573.50279086259,43738.821591194275,43632.34729714031,43590.904281942785,-128.0,-9.337625774667686,-95.41494793497623,-32.10572756353213,-10.606154409622832
349,43312.0,43563.125631918105,43377.51459923068,43520.41521814693,43570.2433416303,-48.0,-11.265991967211448,-33.733995810194756,-7.724469919914554,-7.748773230967345
350,43696.0,43550.97080692817,43671.353599573886,43616.89835730048,43575.40673548085,216.0,-12.719887984261732,170.6069982126246,56.932317803788465,-0.8662693754122301
351,43744.0,43537.68585594958,43718.72859565593,43634.27985375451,43568.51080287948,-96.0,-13.361083828312985,-78.98202563832092,-37.478576668716414,-15.670392457395792
352,43504.0,43524.248639271544,43513.389548297244,43541.94120396305,43544.06595056606,-192.0,-12.908504101334984,-158.39130587248656,-73.3680478099377,-22.44155478512039
353,43360.0,43511.86884774691,43401.945983910955,43487.543758134634,43523.62769330924,136.0,-11.183168922816549,98.28635516850773,9.374433238899655,-12.256872591355204
354,43776.0,43501.88230142591,43709.96225863426,43560.69007044085,43519.55220538335,-16.0,-8.147559829743841,-22.172432105391636,-34.50865247336333,-16.897877656723722
355,43328.0,43495.573728087424,43357.60111970017,43418.52645318791,43489.83193799579,-240.0,-3.9411591394236893,-204.355540433251,-96.90039065898236,-21.628670487767522
356,43296.0,43493.99998314706,43301.25117776776,43366.88928912288,43476.29486440781,-32.0,1.1335843514425505,-30.094053093605908,-16.192519503583753,-4.522330367588438
357,43264.0,43497.84089679031,43297.41301351296,43386.14141418074,43480.78727726061,184.0,6.6424504173483,163.22690330999103,80.32283214822746,15.33177671582962
358,43664.0,43507.28488398176,43627.70498438774,43527.53495341934,43506.95841783947,176.0,12.065578894962528,148.816892813491,73.16101594826614,18.31906147083646
359,43616.0,43521.972054580234,43595.04679913994,43532.46344607727,43517.425400202286,-176.0,16.863902980199782,-137.42418954808818,-36.83978430342904,5.538252372927673
360,43312.0,43541.01268994216,43352.85660529156,43453.85538481248,43518.03492258533,-40.0,20.543640985732054,-37.90716739057825,-7.6803688585532655,10.91126851230365
361,43536.0,43563.0593365517,43519.232464358785,43517.102708360166,43539.24793722689,88.0,22.706609506079985,82.53818086114552,53.79867772776561,21.375411502915085
362,43488.0,43586.42590895432,43517.932967013854,43561.45274026801,43560.78574559116,160.0,23.089912306208134,148.3653377243245,81.07640204185009,25.177095643819484
363,43856.0,43609.239161164114,43815.963139807434,43679.255512443866,43589.60212851453,128.0,21.59858941380662,97.84587183074109,29.43052839779193,15.496489349105104
364,43744.0,43629.62308778193,43713.624710675336,43620.313797063594,43591.77872428937,-440.0,18.31367510792188,-379.37243678876257,-120.78481684847793,-5.434468010698765
365,42976.0,43645.86651137996,43057.21826622991,43437.68587874691,43578.733192493135,104.0,13.48562736925669,95.16970799701448,48.21502105677064,17.09112782842203
366,43952.0,43656.594342520446,43903.964126669365,43716.743839177136,43625.96097994621,424.0,7.515276921141776,386.2392335267177,161.42988001879348,30.925836450391216
367,43824.0,43660.89706522224,43829.696733283345,43760.5456387845,43640.58486539392,-56.0,0.9223833946598461,-45.78372696929364,12.074618999606173,5.453128717399522
368,43840.0,43658.439109309766,43812.39667273078,43740.89307717635,43636.86723738101,-176.0,-5.715560292352166,-155.31669689867704,-69.20602301997133,-13.874266143855493
369,43472.0,43649.46594463754,43519.06333948599,43622.133592744554,43612.83633310621,-64.0,-11.820681037730537,-58.016635814830806,-43.69268805951651,-16.98908761949133
370,43712.0,43634.797747234305,43696.363401101116,43653.507701057315,43602.88906214203,144.0,-16.878740099738934,99.11706712070372,2.127958841418149,-15.402817857080663
371,43760.0,43615.70846443806,43717.2974737274,43626.38951042739,43582.030697392045,-248.0,-20.50614370216499,-200.70994694581168,-93.92343541622904,-29.7568298803817
372,43216.0,43593.785459829975,43294.94350720949,43465.66083022486,43543.375402381265,-8.0,-22.49143688240656,-19.505042261367635,-35.89826509010891,-22.28652489171145
373,43744.0,43570.725590673246,43678.28738920466,43554.59298024717,43537.45764760862,80.0,-22.81006057193008,54.7808280184945,-5.771359854090406,-16.244872392217076
374,43376.0,43548.165338686114,43404.50516324648,43454.118110516676,43510.88565759683,-160.0,-21.617702274506883,-131.25640972578185,-61.41581447216231,-19.827707131946227
375,43424.0,43527.49018612423,43415.7745697531,43431.76135130285,43497.80223334473,-32.0,-19.22209216986812,-29.85774472789126,-18.47608356240744,-9.39331258486709
376,43312.0,43509.72115434638,43344.7896737907,43417.16594339186,43492.0990324271,112.0,-16.02124187816662,92.9634729911013,37.98756378494363,3.301750703722064
377,43648.0,43495.4477023679,43601.7015157353,43507.736478872735,43504.405734752174,24.0,-12.437874764829758,25.419420621092286,20.43877491724561,5.126989062686334
378,43360.0,43484.84540481672,43395.628515032884,43458.04349322635,43502.35301055247,-40.0,-8.863291670055332,-27.930425537979318,-0.6712390332068026,5.064926327919238
379,43568.0,43477.72111902779,43545.84066465934,43506.39400080632,43514.53558740801,56.0,-5.61726789570821,39.415472923188645,17.547507983130345,9.509356225946249
380,43472.0,43473.6108690253,43474.45946087926,43493.13850919261,43521.37172300436,-72.0,-2.906656424602261,-59.08389938376422,-2.6862370174021635,9.30472174656461
381,43424.0,43471.907806178584,43427.672865891815,43501.02152677152,43533.14503090114,-48.0,-0.8313141431644908,-28.422265528395656,46.3937809646668,17.230559441835794
382,43376.0,43471.94824073897,43417.61492982247,43585.92607112195,43555.832841888034,496.0,0.6012292800478463,453.5544310819205,189.86757991140257,31.679453081294923
383,44416.0,43473.11026473868,44334.781728055656,43880.75668659432,43596.50393706373,80.0,1.4585792812649743,72.81983616849902,27.208958769537276,-0.30370797111390857
384,43536.0,43474.8653993015,43563.25460215947,43640.34398866102,43555.225425945806,-504.0,1.8410764316467976,-452.53623079477256,-188.24070360279075,-40.31723982063704
385,43408.0,43476.79241760197,43429.70926646611,43504.27527938874,43515.86945742246,8.0,1.8519921929655538,-24.999003362801886,-87.93106957790587,-33.96249565222388
386,43552.0,43478.569383687434,43513.256595433864,43464.48184950521,43487.30043464136,-128.0,1.5700731819597422,-110.16969386292476,-83.55250513093051,-31.804001049033104
387,43152.0,43479.93256396589,43209.36987874026,43337.17026912688,43452.26145532439,-8.0,1.0331261775281746,-17.037322992306144,-34.7264458148893,-20.025906550745276
388,43536.0,43480.63563604249,43479.18194944925,43395.02895787543,43447.24862153987,-16.0,0.25129245991411153,-14.278182044745336,-12.62683231373012,-9.450402707530884
389,43120.0,43480.43514888572,43180.81351465077,43311.91660449942,43433.36064990933,0.0,-0.7814786989656568,5.699138455380307,12.845948873691668,1.7800608649304195
390,43536.0,43479.07267864456,43490.58022636001,43420.720855622814,43450.80874326973,96.0,-2.0520784175168956,82.66784350930175,51.16467893480876,13.188530523882946
391,43312.0,43476.33099205069,43346.149201669374,43414.24596236904,43459.737710957095,16.0,-3.494443815514387,26.31498365623338,44.64808793073826,16.315853235220857
392,43568.0,43472.08379101353,43543.21019367248,43510.01703148429,43483.44044974017,72.0,-4.978536408576474,73.11196036549154,66.7795848573951,19.474761270084855
393,43456.0,43466.373919233534,43492.37312240036,43547.80513208383,43498.687233497265,136.0,-6.312255733580969,131.02854072965056,83.69066664145066,17.381145431954792
394,43840.0,43459.45927954637,43805.26727513178,43677.39836476719,43518.20274060408,176.0,-7.275002999100252,139.2305283903188,48.29241506696417,3.4256441370234825
395,43808.0,43451.823913235334,43770.834179180994,43644.389962217756,43505.53852177131,-288.0,-7.6560668932397675,-240.6446415692335,-114.81342144055816,-27.78729274420766
396,43264.0,43444.14714575989,43323.97799199331,43447.771521886076,43462.628155115664,-120.0,-7.308883847494144,-126.58378569766501,-104.73267938864228,-32.97895889986103
397,43568.0,43437.206145540345,43517.666607785664,43434.92460344047,43439.58060397159,-40.0,-6.200549765700998,-57.97834527931991,-79.38461672537233,-29.468520945494674
398,43184.0,43431.74604622849,43208.021301434674,43289.00228843533,43403.691113224675,-232.0,-4.425564330944326,-189.53879917760423,-93.4211707874747,-24.904935085680336
399,43104.0,43428.35501687846,43138.589009430456,43248.08226186552,43389.77073380023,136.0,-2.1900289745171904,103.51275514806548,31.121104362948245,0.3681572655659693
400,43456.0,43427.36598827945,43415.046811730805,43351.24449716123,43404.42742775581,72.0,0.2267738527043548,71.69186095439,50.784483876323065,12.07806534336487
401,43248.0,43428.808564583866,43281.972731339236,43349.65122961817,43413.92686448696,24.0,2.5403420794282283,36.78957630462173,49.23234726602823,17.79577995550062
402,43504.0,43432.44667243831,43488.62596434005,43449.709191693284,43440.01898766681,152.0,4.518412235349388,129.78305470105988,72.91255792175434,22.893072563194437
403,43552.0,43437.845389054564,43541.538840741356,43495.47634546168,43459.71300961335,-8.0,6.025242499319575,0.6070801081004902,17.50532649922752,15.079672427200421
404,43488.0,43444.49715743695,43489.84012455625,43484.71984469174,43470.17833252121,-48.0,7.043881592991966,-42.49809340385764,-12.3965784240645,9.57423953392572
405,43456.0,43451.93315224055,43456.54265393364,43470.68318861355,43478.8614886812,-40.0,7.665013040135818,-30.58420095440306,-6.695061771417386,9.826230594047956
406,43408.0,43459.82718351722,43428.67172264744,43471.329721148904,43489.830793709305,96.0,8.049028981269657,75.48768195101002,32.31139310981234,15.060844713574625
407,43648.0,43468.03121020309,43607.51801783566,43535.30597483317,43508.98317810835,-40.0,8.391224509556196,-23.56361563347309,7.629241100850777,12.201543304458028
408,43328.0,43476.60963253633,43381.5444913805,43486.588203350606,43514.23388031822,48.0,8.87882440823887,41.7489304473238,30.57633019273635,14.56239622578505
409,43744.0,43485.788859019565,43691.01587873031,43596.458635218645,43538.10797055992,40.0,9.655416442416026,44.5507810013587,36.09974947735827,13.579488769693853
410,43408.0,43495.920465421164,43470.646053383214,43558.78770230532,43541.39285785761,128.0,10.801854125696991,113.88297709427206,37.72291823934211,9.954530190567311
411,44000.0,43507.39256727096,43918.78183291885,43671.90447169733,43558.01703094105,-80.0,12.334544510162232,-87.21804188868919,-50.930994759328314,-5.474975369499589
412,43248.0,43520.58955444149,43296.209969605836,43456.925712786666,43530.44290711861,-320.0,14.212516790092195,-273.28156479054087,-110.51590251732705,-13.451978466513538
413,43360.0,43535.817600851144,43372.21870333777,43450.872666662675,43531.113074008026,168.0,16.32596140152964,137.1022504207831,39.38328720734353,9.225820589817886
414,43584.0,43553.24147724455,43570.4144704474,43535.69228720135,43548.894548298245,144.0,18.502085952215566,130.2681193466342,60.665764139357634,16.026201705131825
415,43648.0,43572.821772755575,43632.75494203104,43572.20419494139,43563.16547741829,-16.0,20.519124725542497,-13.884818261165492,-1.385994789266988,10.029202990957856
416,43552.0,43594.27972669563,43542.64483392507,43532.92029762282,43568.95295428016,-168.0,22.107528586035187,-136.8859384806201,-48.8237485071586,6.635124575877853
417,43312.0,43617.036829927645,43358.9830650698,43474.55669792707,43576.435726570046,72.0,22.958309274232306,51.253556493713404,22.914749267787556,20.704558618392184
418,43696.0,43640.1963452441,43645.1519469125,43578.749796158394,43610.362071516945,24.0,22.76324545445459,31.92861640517367,45.567996310521266,29.644448522740277
419,43360.0,43662.563320836554,43422.840297880146,43565.692690548116,43635.724623615526,144.0,21.27543971418345,135.2578741228972,89.78923966377988,39.14878327936094
420,43984.0,43682.747224672465,43915.66769515829,43758.328275485954,43688.65963807567,112.0,18.365271806691453,107.79783931505881,79.79972268081474,38.16799636392534
421,43584.0,43699.29386444994,43638.43597651026,43725.292135909745,43712.06061634338,-16.0,14.069482069560763,-5.051836096692568,37.60992837866797,29.80400908487718
422,43952.0,43710.886188811586,43905.56402296491,43833.54813224329,43748.26765624542,32.0,8.62852198361361,34.94816127918966,49.03006245518554,26.02042271431492
423,43648.0,43716.550908417164,43708.33229906864,43823.35226082012,43764.10146177201,120.0,2.467271313242236,116.08370623962401,77.48025898688866,21.638878615187423
424,44192.0,43715.82073143807,44137.731435444155,43988.50865021707,43791.5454134758,168.0,-3.8627668405679287,146.40237880357745,63.41071450548043,7.421222377579397
425,43984.0,43708.82537473603,44001.1370566758,43950.17368983108,43778.943906527165,-56.0,-9.765289634226065,-50.90909538937194,-55.248115470447374,-22.854311622275418
426,44080.0,43696.29015216962,44035.91324466541,43878.01241927617,43745.836790231246,-272.0,-14.7107931730352,-264.15042546095356,-173.15506091682255,-49.815276784353046
427,43440.0,43679.40378838996,43472.83620575389,43603.86356799743,43679.31335295846,-352.0,-18.331058108389698,-320.40317336443695,-192.2170672800239,-54.557769624865614
428,43376.0,43659.62803595284,43395.10689793654,43493.578284716124,43636.721250981514,48.0,-20.469964432766574,17.805181865314808,-51.496140923249186,-29.55603942786911
429,43536.0,43638.463859524425,43508.44656948452,43500.871286150934,43620.20127410272,-32.0,-21.191532560758787,-24.42748102940095,-10.271355489723646,-12.309913173656241
430,43312.0,43617.24497083132,43346.251935877735,43473.03557373668,43612.1014246342,-16.0,-20.725839685444953,9.065045781902882,52.682074454081885,6.905221763187001
431,43504.0,43597.012180153535,43526.576661048326,43606.2354350591,43634.011717629095,368.0,-19.404354730701016,337.2361328264087,184.31757885197294,28.41087887635149
432,44048.0,43578.43626136992,44020.72420153055,43841.67073144062,43668.923182386905,352.0,-17.574872232093185,313.74044572082494,132.27066210183693,15.957623877155129
433,44208.0,43561.86243568935,44154.057552489976,43870.77675926277,43665.926965383405,-416.0,-15.525723871192895,-361.753010477878,-139.50559254646942,-30.099868734330812
434,43216.0,43547.384813627534,43297.2181805748,43562.659546347684,43608.72344491824,-208.0,-13.451158989697433,-219.12873527333795,-134.78743974124154,-37.56734821925056
435,43792.0,43534.960117709954,43715.8000819433,43601.20187978029,43590.792268944904,56.0,-11.447880324827565,31.33670120430179,-56.85672667725157,-27.991562526091002
436,43328.0,43524.48905297788,43359.8915829834,43448.94609299318,43552.74031986606,-248.0,-9.538638994195935,-196.45058404290103,-91.78274029051317,-26.81493308554127
437,43296.0,43515.88283972156,43322.8989138575,43417.63639919926,43537.16240277382,128.0,-7.694784429902938,97.50190016159831,29.50850580570841,-3.519796953551122
438,43584.0,43509.09948411807,43554.8953833066,43507.9631046046,43545.70072595896,96.0,-5.867328746582643,86.47338598209171,52.308257707634766,6.623359483088279
439,43488.0,43504.1481822284,43495.84568582168,43522.25291461453,43550.40912174,-48.0,-4.012350307559245,-19.82126837650503,31.416267317199527,7.828851868038328
440,43488.0,43501.074783502954,43515.25284655359,43570.795639239,43561.358429695036,168.0,-2.111533967392461,155.67139349984063,89.94054424396381,14.617229439791117
441,43824.0,43499.92511429361,43807.18847282136,43702.13400310246,43579.64358061958,248.0,-0.17864663879663567,207.8779903745708,70.40536541469191,6.067329955523746
442,43984.0,43500.71749022536,43931.00882730273,43711.60637006838,43573.49308960608,-272.0,1.7308287513878895,-249.16723546774665,-126.72444799988807,-26.675836533195252
443,43280.0,43503.38677179639,43308.85400188587,43448.68510710268,43526.29190755319,-416.0,3.519566698338167,-369.85308952472406,-178.5787094143525,-34.88658667523487
444,43152.0,43507.75662362204,43191.30264825328,43354.448951239676,43503.71991625561,96.0,5.056193543201516,78.96188763380269,6.988319756830606,-4.985995484792511
445,43472.0,43513.49915888279,43466.777777153475,43462.661746616344,43516.319916583605,296.0,6.188289630899817,249.36401466757525,103.54366868483703,14.815996157169138
446,43744.0,43520.13320288384,43690.03067758843,43561.53628860935,43533.35190856995,-72.0,6.775366095749632,-46.593711622906994,7.642686297684122,6.499587414848065
447,43328.0,43527.04989107429,43373.59035390766,43477.94711921171,43529.3190914133,-120.0,6.720211746374844,-88.4885541424701,-8.615609791784664,6.033137414011435
448,43504.0,43533.57362637659,43513.05356930349,43544.30506902578,43545.418183397975,224.0,5.98704976595036,184.73106191326588,86.51048432696189,18.170001154572674
449,43776.0,43539.02399060619,43743.05247773419,43650.968087865636,43565.65909372245,64.0,4.620976381269429,65.26129710164969,44.14706277267396,9.723865010593727
450,43632.0,43542.815579139125,43643.57616350679,43632.59919457113,43564.86591341916,-48.0,2.7483122155717865,-41.595496693447785,-18.06929600894364,-4.149884632322937
451,43680.0,43544.520615037334,43659.8614843473,43614.82949584775,43557.3593244578,-88.0,0.5380670908598404,-84.40725742301947,-50.35495079950124,-13.638622738475533
452,43456.0,43543.891713320845,43474.76164866075,43531.889292972126,43537.58866794221,-112.0,-1.8248717127389682,-91.29159238277134,-44.99555638956372,-15.691223118476046
453,43456.0,43540.870871611856,43477.278299581754,43524.83838306862,43525.97687822085,136.0,-4.178744429471408,108.90814882978884,27.36828163080645,-8.112945810320525
454,43728.0,43535.5342244619,43692.57794632033,43586.62585623374,43521.36277632157,56.0,-6.399846618158335,38.189378340215626,-8.899598718009656,-14.945963083198876
455,43568.0,43528.07117837554,43553.657056262186,43507.0391856326,43496.08495205445,-240.0,-8.405182466431143,-210.63560874720497,-110.06707778483906,-28.87357666439857
456,43248.0,43518.72385952904,43271.30672882592,43366.49170066406,43463.61562299277,-192.0,-10.16511246428854,-165.81668330667162,-81.30163463650752,-21.688547912039212
457,43184.0,43507.74095344696,43222.02368964884,43344.43591635959,43452.70785623037,168.0,-11.65531408021343,140.8354090671528,58.16217387531651,2.527626049115497
458,43584.0,43495.41323136861,43552.977546960225,43482.816048414694,43468.670875091004,200.0,-12.823567031788116,175.84159211248334,87.78815626245341,10.19656261518685
459,43584.0,43482.093819383386,43573.70687387381,43520.012228884494,43473.100981460746,-48.0,-13.595888575517165,-30.736303717367264,5.202294912051002,-1.1148445572252967
460,43488.0,43468.22145421758,43491.50493952549,43493.220638238796,43466.44118597655,-80.0,-13.86865067990584,-64.67723672088323,-24.181271526307683,-7.7377361853614275
461,43424.0,43454.356518023575,43444.35240043204,43471.64968583188,43457.62550909002,80.0,-13.513575968561781,54.60946306676851,2.2538905090295884,-7.134401432031154
462,43648.0,43441.194302280455,43600.72386565903,43497.728419256855,43452.17238311249,-88.0,-12.412336528577725,-80.00920647789462,-49.057056946599914,-15.244506821905816
463,43248.0,43429.53184496642,43284.33398747625,43373.53557193868,43427.13649544621,-168.0,-10.484404419719795,-134.7199408014967,-61.42506134883661,-16.079062893968512
464,43312.0,43420.225493441016,43331.283984056034,43374.87829655918,43420.014257324554,192.0,-7.7045904125552624,143.36991685994144,32.78187290009009,-1.7215252554306062
465,43632.0,43414.12266414131,43571.073821196136,43439.09931773886,43423.69344493535,-80.0,-4.118817318645597,-64.84105687921328,-32.229319950889476,-6.736140142435033
466,43152.0,43411.987858803725,43201.60187029761,43310.4196566574,43406.541977039684,-144.0,0.15074081019702135,-121.46259941049357,-49.46983275275852,-4.424369043685147
467,43344.0,43414.4241457617,43328.14862237515,43340.15965223334,43414.84470684798,56.0,4.920744010389171,47.28986395329048,27.819821692610276,11.844965150699863
468,43264.0,43421.8293468245,43296.18159820419,43366.05930004262,43430.23190734108,144.0,9.96194595983252,128.94096684996475,76.92929783059662,23.69879586015304
469,43632.0,43434.34803768137,43586.03055607508,43494.018247894535,43462.242298568286,48.0,15.010585703945253,60.001738246272,58.9680717991796,23.52250615561934
470,43360.0,43451.85051823239,43416.18507469673,43483.99544364098,43477.27691965232,128.0,19.783793586753745,111.0798921053065,51.97491756693489,20.89846706665412
471,43888.0,43473.915624854875,43808.19034028569,43597.968083028405,43504.039232701594,-80.0,23.989737328742194,-77.02497639428839,-31.043319098374923,7.564274684347765
472,43200.0,43499.82999288988,43262.135121908155,43421.90880544423,43492.40546902102,-192.0,27.346942577685695,-165.39766542504003,-65.10487486205238,2.986509770478733
473,43504.0,43528.60951001025,43477.39500943561,43467.7583333043,43510.01225224255,96.0,29.602801537756022,82.23493470553512,27.72869451221777,17.907395833659393
474,43392.0,43559.03559596539,43426.604991319226,43477.36619446867,43528.22026068834,144.0,30.553331299423007,122.23493847973077,52.29095839869842,25.019021480198717
475,43792.0,43589.71617260909,43721.86488639507,43572.3402501017,43560.05029520295,-168.0,30.06998322808795,-144.6933693220817,-14.855819316122506,20.232549274762277
476,43056.0,43619.175562421566,43137.21825267506,43447.65455583642,43568.68535923786,80.0,28.13180048823415,90.72242263046428,71.14158365293406,34.269331996805704
477,43952.0,43645.97977358556,43903.309731656,43714.623417407565,43628.58895919656,392.0,24.844282892088813,342.6400406590983,148.28057027492832,43.73304791852934
478,43840.0,43668.86412820574,43822.49833399326,43744.21569638628,43656.15145507492,-216.0,20.422355374837935,-168.31972769643835,-18.29987282814909,18.37006863210263
479,43520.0,43686.82448433524,43566.670276263125,43678.02367175127,43665.329096460766,-32.0,15.18189223205627,-22.47667641451335,12.819811240624404,16.44409620888473
480,43776.0,43699.227912669856,43777.54498116423,43769.85531886753,43689.03964749269,264.0,9.512395393612678,218.59961072228543,88.7593065500223,19.362533406558214
481,44048.0,43705.84927512246,44003.869497707696,43855.54228485131,43704.05416327388,16.0,3.8235195533416118,5.672005081934913,-10.541891590557498,-2.1827760551132087
482,43808.0,43706.87495177654,43788.8889913281,43748.771535686414,43684.67409538246,-392.0,-1.4966390326881083,-329.3256792008797,-136.38498132169116,-25.54636312229559
483,43264.0,43702.855997057086,43345.218139305936,43582.77232220793,43652.96143702929,72.0,-6.117173887105309,51.93988042221463,-6.6130523745196115,-12.264586501707527
484,43952.0,43694.64060400233,43892.76875217253,43735.545430937374,43660.14492237905,224.0,-9.794082757111028,180.66446727633956,44.545824198128685,-7.409268531289854
485,43712.0,43683.267831542864,43706.547073858615,43671.86397060419,43638.14289996671,-264.0,-12.386271041130385,-213.48630902083096,-83.7494750310907,-25.694877414003713
486,43424.0,43669.86806192007,43465.79613413087,43568.04648087519,43608.75516755104,-24.0,-13.84642637243087,-31.7702690733895,-31.794249291397136,-20.14997403811867
487,43664.0,43655.574978798,43643.00653571184,43608.27547202139,43597.842951890474,88.0,-14.21880684788266,72.24308014014241,12.366727156892011,-14.220068066038948
488,43600.0,43641.4304482243,43610.282294411154,43592.77993518898,43580.31503141896,32.0,-13.629485008135816,18.687230755105702,-19.10556923792319,-18.512168900564575
489,43728.0,43628.31600878173,43680.38099722205,43570.064333545546,43560.818614089345,-232.0,-12.26356341770952,-204.03517869022835,-101.68343487066159,-27.8554866251543
490,43136.0,43616.90332138888,43202.2119370307,43389.413065447654,43524.604058168654,-128.0,-10.351135542125121,-111.07050742651336,-53.944735374061565,-16.78435301225545
491,43472.0,43607.61373769748,43458.23998236902,43462.17486279742,43527.249908064834,224.0,-8.141975993054075,187.22795718344787,67.84922874847689,5.408345299423672
492,43584.0,43600.619369402775,43576.66785139759,43525.11152294461,43535.4207487675,96.0,-5.87321512127528,81.76712601652616,33.492421619488596,5.741878141037887
493,43664.0,43595.86730745493,43621.77423440207,43529.1597060364,43538.73366434691,-192.0,-3.74685489199328,-166.0224449851412,-63.371963890003826,-2.9504012032411993
494,43200.0,43593.12565961879,43244.62296142731,43398.3675951646,43529.51994636102,-192.0,-1.901691467872297,-154.03646583820228,-31.608313289500074,7.26227933215705
495,43280.0,43592.063924519185,43313.70130272567,43465.9430794574,43553.258223011224,368.0,-0.39953636525024194,324.5630780250867,160.54702402149996,37.40118780076591
496,43936.0,43592.32658688829,43893.749117477484,43719.4616432076,43604.32232196255,312.0,0.7757010117202299,281.81517904087013,145.24938535399997,34.48021504945791
497,43904.0,43593.615326542626,43877.33166080741,43756.4418501654,43622.21865311014,-184.0,1.7121134583139792,-149.75915263301795,-36.79886795949642,3.8072638030935195
498,43568.0,43595.750813804916,43594.23081221145,43645.86390728861,43611.93684956874,-176.0,2.5292180588439805,-151.94678753874177,-71.64598923248923,-8.084961062966613
499,43552.0,43598.67376266031,43573.438085729926,43613.14987170042,43606.04873098421,128.0,3.3369864446285646,86.39770216812758,-2.1390997379785404,-3.1856820353168587
500,43824.0,43602.42478669417,43767.0262165477,43641.58570781265,43605.565485498104,-96.0,4.211430098883284,-91.28078644371999,-62.77130998145003,-11.404971211199154
501,43360.0,43607.09662285808,43390.876512842486,43487.60725173752,43583.23878856181,-272.0,5.170049759413814,-221.76713949279292,-90.17483020636064,-11.164757508206094
502,43280.0,43612.764886213,43323.49193756212,43461.23604739993,43583.23597048169,192.0,6.1611648304751725,150.07511253021585,64.24681936236811,15.158980443968176
503,43744.0,43619.41895251903,43691.02673790292,43616.10089046226,43613.556749449745,96.0,7.075428908548929,102.66848985537945,90.91528829345407,23.798616440537444
504,43472.0,43626.9157440301,43528.82891727288,43643.06662398684,43630.83320336277,216.0,7.772350382281729,209.5153973952256,112.49904551799773,25.218114081166277
505,44176.0,43634.963653283594,44110.05753269337,43841.09898149825,43663.99297761208,200.0,8.116034917056822,163.94764722647233,30.581848260546394,7.559423129911011
506,43872.0,43643.14781386421,43856.72421172582,43704.23032050793,43645.95204962259,-592.0,8.00906676176237,-518.4196552390968,-220.75350073636218,-29.343325508361886
507,42992.0,43650.98178680712,43073.218222215175,43399.59198002553,43605.30632659535,-128.0,7.422673901623057,-155.28256328284624,-100.84235046963295,-9.980406697464787
508,43616.0,43657.99316166746,43546.15908516013,43502.545619568664,43625.99123622766,96.0,6.406464173673157,90.31136649431573,46.22644932746698,21.18447144369202
509,43184.0,43663.794715154465,43253.84095520381,43492.04487868046,43647.67526948274,104.0,5.0760393317796115,138.92045340529148,143.5216984520266,44.86779672920966
510,43824.0,43668.14524033102,43823.99999197071,43789.58901647272,43715.72682968608,600.0,3.5915427884901874,534.7749553825706,280.3386460286165,62.63790168764899
511,44384.0,43670.977800731445,44323.39086596895,44052.722170737696,43772.951072858035,160.0,2.117523713863193,149.69543773831901,97.49423963382651,26.671796814855043
512,44144.0,43672.380287758744,44123.39086744735,43984.57749574037,43769.07042331579,-368.0,0.7785014949076867,-320.8826547764511,-147.8559271271406,-22.627128376454493
513,43648.0,43672.53480372126,43681.625556416046,43757.010316483414,43727.696816105126,-264.0,-0.3799331605259795,-255.80053545947885,-173.06202101524468,-37.38876640540548
514,43616.0,43671.62042143769,43611.78979652839,43638.45345370988,43694.29289050498,-72.0,-1.3961464985222847,-90.88677724568333,-107.33013591859708,-29.489281074900646
515,43504.0,43669.742510724216,43499.85200192468,43542.35004464622,43668.718253955325,-152.0,-2.3793398391571827,-132.6777849803184,-76.92838674055383,-17.338723851884424
516,43312.0,43666.86174175938,43346.434226567755,43484.59668022877,43659.61544280121,8.0,-3.4640206924414088,18.753357481851708,28.544975696946494,8.27796098593899
517,43520.0,43662.81446933933,43537.35871688838,43599.43999604011,43685.2741759272,320.0,-4.750299060215184,277.71807476251706,154.56331383139332,33.92244192235739
518,43952.0,43657.36114363895,43901.87037609279,43793.72330789156,43727.46032664592,96.0,-6.252169502880861,113.86353966836032,115.14496579722254,30.959167051019904
519,43712.0,43650.31013033357,43765.0857962251,43829.72992763456,43747.19251002924,128.0,-7.854103636287618,128.64440125784677,94.87158356028158,21.49180888477713
520,44208.0,43641.65293636637,44159.15917860848,43983.46647501212,43770.44394441548,192.0,-9.325257881468133,149.86927542580815,41.46978488362947,1.3736316070098837
521,44096.0,43631.659614570635,44064.82434707672,43912.66949740182,43749.93977324326,-352.0,-10.358527791908273,-310.6688265600533,-162.46222890940044,-37.80718251005237
522,43504.0,43620.935880782556,43537.821525488376,43658.54201719332,43694.82957939537,-320.0,-10.622985179117677,-297.43946373457584,-176.85647161183442,-45.568714878118044
523,43456.0,43610.4136442124,43469.94541960757,43558.95655417815,43658.80234348703,24.0,-9.85591921291416,1.8509921570148435,-48.10718592610283,-25.88711873399734
524,43552.0,43601.22404235673,43541.523509802406,43562.327645341116,43643.05534192738,8.0,-7.934757560629805,19.195639206875057,8.534913833529572,-11.194234463280736
525,43472.0,43594.54412909114,43508.33669802132,43576.02638184521,43636.413874560465,176.0,-4.893469191938493,148.49667832550767,65.71192742669882,1.5792263611110684
526,43904.0,43591.43710397285,43838.51686645342,43693.751500194514,43646.2137946496,-8.0,-0.9392709796811687,2.76450069920611,12.600868446563254,-3.0893901783856563
527,43456.0,43592.66558713178,43513.86569941973,43601.228118738334,43630.235094203694,-40.0,3.558277192994865,-35.32266993502708,-19.909322087019973,-7.266945735718764
528,43824.0,43598.55365835884,43767.87152658337,43653.932856020474,43631.67990317816,-16.0,8.131173756839416,-26.636539919527422,-32.3288347076159,-8.171195866623748
529,43424.0,43608.92793464546,43460.592619580675,43536.5704493231,43613.892702470446,-152.0,12.282616961732856,-124.31580909932018,-61.07718203582044,-8.292565584197291
530,43520.0,43623.118892282306,43519.23990838473,43531.77849194883,43615.09477200977,96.0,15.534961802135513,54.84683072769258,1.0972886001436564,5.956808139813802
531,43616.0,43639.99785824973,43570.28628103606,43538.76502652339,43625.806318750074,-224.0,17.496267796050233,-183.01085465334472,-31.630952163752227,11.201862677808094
532,43072.0,43658.111427874406,43153.21819907804,43468.51658762133,43637.498497365385,216.0,17.9126227746965,216.84472934091173,128.00985490860694,39.967103483577375
533,44048.0,43675.82310379912,44003.975739717884,43794.7847363406,43705.74052571723,456.0,16.694825005575694,408.3030558054743,199.66051688957305,51.12905463770949
534,43984.0,43691.50107788556,43969.824310688986,43867.837621400475,43739.7566066408,-136.0,13.936783229233697,-105.02987558398308,14.97169576010856,21.803911255614366
535,43776.0,43703.69667025759,43793.91598854992,43824.72812786082,43749.34834822846,-104.0,9.910360326004593,-86.32837938946614,-18.74542960924009,8.259158999077044
536,43776.0,43711.32179853757,43797.16755191005,43830.346762181995,43756.27492463896,144.0,5.039268965883821,109.08932291040765,32.79201541216753,5.940322642443789
537,44064.0,43713.775208189356,44012.09463437073,43890.312158685156,43761.228993513345,-56.0,-0.1459752685004787,-44.59974568565667,-26.87852415426096,-10.184481449941813
538,43664.0,43711.029848000566,43707.96806053874,43776.58971387347,43735.905961739074,-88.0,-5.0681365438467765,-84.28627113827315,-57.42758787494313,-21.727733687315776
539,43888.0,43703.63893510166,43843.52209209419,43775.45698293527,43717.77352613871,-96.0,-9.172147507018963,-86.83550797361386,-57.40423947056479,-26.643759293427138
540,43472.0,43692.68555298653,43534.29704459151,43661.78123493234,43682.61844315222,0.0,-11.992632773330115,2.2601754548959434,-18.785130536758516,-24.62416082888376
541,43888.0,43679.653669555,43848.04244300398,43737.88672186175,43668.525204480946,160.0,-13.219951655526529,113.95761343237245,1.0488478602819669,-25.066978447222937
542,43792.0,43666.245649675475,43762.21227145626,43663.87893065291,43632.484486257774,-264.0,-12.744572402567428,-234.76881426641557,-138.0683258823883,-44.016493910286954
543,43360.0,43654.16452474987,43378.50481447115,43461.750070096976,43580.49221666037,-336.0,-10.674714266930096,-291.18338462937027,-151.25382550743961,-40.967658764384396
544,43120.0,43644.896221141615,43179.84550219752,43361.37127963803,43550.549168729005,128.0,-7.322298044266063,100.56819871397238,20.306849360062188,-8.415589494910819
545,43616.0,43639.519928661335,43579.64121189909,43502.3637688171,43563.66103767055,264.0,-3.161091087720706,218.00176919704245,84.1743735876189,10.49492082506913
546,43648.0,43638.57403896617,43615.8490405916,43529.720026813266,43571.53901037914,-160.0,1.2441499100714282,-124.54696834947754,-31.783728597198206,4.054923227547988
547,43296.0,43642.00822848148,43330.54727520014,43438.796311622704,43571.770884125646,-144.0,5.327687704913842,-112.56538939078746,-19.525559379206243,14.020417952790012
548,43360.0,43649.229414376,43390.71826181003,43490.66890805485,43599.57984628472,248.0,8.607876632686384,213.7622956600353,117.20705045956856,39.787954473307764
549,43792.0,43659.22398174685,43758.07186652021,43673.21041254184,43651.34679307226,224.0,10.763822061850078,197.7129373112257,123.14671075791557,44.734286441154836
550,43808.0,43670.7570584997,43786.14413643248,43736.962329570684,43689.04841916703,-128.0,11.680756839177775,-81.20704792533797,28.233081814181787,31.75404705312394
551,43536.0,43682.585495425206,43595.65777066953,43729.676576170204,43714.85488717851,184.0,11.451083962037956,160.2535856720824,89.55253468462615,34.74921237039962
552,44176.0,43693.65922642378,44106.65130777664,43916.06739893994,43758.54684390783,128.0,10.341172302760242,111.79897790296309,56.42452223969667,22.81929892471453
553,43792.0,43703.26784003073,43819.25572647546,43842.5256206496,43760.49348502794,-192.0,8.72612312380079,-151.11694892389278,-48.278967965543416,0.37131537150708027
554,43792.0,43711.11147267138,43804.41740992886,43819.50946300885,43759.28947465085,80.0,7.008119477806758,47.24873309769828,-9.26142613632328,-2.839536644554755
555,43952.0,43717.28407898634,43913.753192670854,43824.00276837695,43754.81441173883,-88.0,5.529540260009526,-81.89825390372062,-59.50531044341915,-14.334342325073521
556,43616.0,43722.1705531914,43640.620902121416,43700.49884212201,43730.6207900007,-176.0,4.519970956014731,-150.0277799423493,-81.25450519393053,-18.46258223809491
557,43600.0,43726.32402089837,43613.697632786156,43661.49375798909,43717.88924726264,64.0,4.049854126831633,41.56489459551085,-8.258205138379708,-6.837080374927609
558,43744.0,43730.27026144506,43723.75069131244,43683.98243184525,43716.946629250844,16.0,4.038121860645333,8.806515088490414,-7.520110221208597,-2.295286549251614
559,43632.0,43734.40026461966,43631.31066296314,43646.45353754667,43713.298674164136,-120.0,4.308019656280521,-95.8867135336368,-30.302125525246083,0.41697862149521825
560,43504.0,43738.88630075762,43531.977264245164,43623.37818079476,43717.780586493835,40.0,4.6339382553815085,40.55292250786442,36.61373364546307,15.170941654392664
561,43712.0,43743.66814113042,43712.416507978865,43719.6810048376,43743.64055747292,208.0,4.80727139481678,182.52178362803897,100.14332646164257,27.44199885272974
562,43920.0,43748.500843547255,43897.02083150124,43823.664833718045,43772.664584199294,72.0,4.702334611090919,69.70848102860327,55.816245739471924,21.657255936341244
563,43856.0,43753.072810352605,43851.83347003607,43831.31349631654,43786.955069345604,-88.0,4.303330369606556,-66.02001128480697,-4.694589243234077,10.838238613589056
564,43744.0,43757.10750428647,43764.98080893163,43814.27565523158,43794.34106142647,16.0,3.7169198191477335,18.051383553716732,18.099986530825845,9.903045152190316
565,43888.0,43760.5066499909,43887.936237143505,43867.513469378195,43806.761159649985,152.0,3.147049151957617,122.63661392940048,42.99454883571525,8.358156206013518
566,44048.0,43763.401602590384,44010.25403679043,43900.26475290301,43811.0573738385,-72.0,2.8339353479350393,-66.41201640094005,-41.11634002368737,-7.550917119562655
567,43744.0,43766.17452068677,43755.112204341625,43785.28078933082,43791.65932541086,-232.0,3.0082746100524673,-199.58081074065922,-94.34356890677736,-17.015082157096913
568,43584.0,43769.41815181049,43611.09241530911,43711.57761508945,43777.027209524305,-8.0,3.8357329560203652,-8.557712486974197,-9.91436669664472,-4.980755410335405
569,43728.0,43773.84598659881,43737.99677936768,43765.45205593753,43781.69781459019,208.0,5.365957905174582,176.88826089695795,72.60046881684684,7.355495795389288
570,44000.0,43780.15006762084,43964.86893710303,43856.778552723146,43791.738201115084,56.0,7.507673746211367,51.21684325048409,19.715773147188884,-0.3727034193507279
571,43840.0,43788.861334091234,43840.430465868645,43804.88360223191,43780.95240775149,-136.0,10.035301038875332,-122.28614189114523,-69.45314937528383,-13.738172976019996
572,43728.0,43800.22066969859,43720.29665332074,43717.87225397258,43764.261855163044,-176.0,12.609469933180662,-158.65054594424146,-92.07522127304037,-14.877459830291627
573,43488.0,43814.080273957596,43523.12937398016,43620.73315968583,43751.197488090904,0.0,14.822234501301864,-21.52040943974862,-30.772514443833643,0.09550733240394038
574,43728.0,43829.86513870119,43677.25583444124,43656.32722508491,43764.45286982785,-120.0,16.266118506810017,-99.59436733272742,-0.24232205846055876,15.078025228340266
575,43248.0,43846.612510971216,43323.94063931471,43620.24851556891,43781.353538547584,304.0,16.59789165352049,288.7629809984901,150.04554826844833,43.56834564711244
576,44336.0,43863.06092200823,44254.78179643822,43956.41832162181,43851.58956112208,256.0,15.600909175202105,251.93852933758535,146.37896686380918,46.01550063059403
577,43760.0,43877.81432932162,43827.81769798988,43913.006449296525,43873.38453980877,-104.0,13.242837782141578,-77.43897807342364,33.09135232297922,27.464205677137215
578,44128.0,43889.54659757252,44099.90384029137,44022.60102626777,43906.51797247635,176.0,9.68930279590495,131.6053437583323,56.8950901051212,22.05933129139521
579,44112.0,43897.19293491343,44091.02838550654,44026.79662950677,43917.50320239156,-144.0,5.295034353013762,-113.7335272520977,-38.40608200761562,1.2603900347894523
580,43840.0,43900.136666278544,43872.43678578718,43945.788862252535,43909.03875254593,-64.0,0.5603656452076393,-56.40767078349745,-28.11333612796807,-5.01251221833445
581,43984.0,43898.313666203845,43978.21304393955,43970.56995725083,43907.478177954894,96.0,-3.940152776922332,76.84147785010646,18.066073623715056,-5.386665693295072
582,44032.0,43892.2563607247,44026.11974148739,43981.921009499965,43898.26542115934,24.0,-7.650046426380868,18.505404984789493,-13.688443000883126,-15.899485737583746
583,44032.0,43883.01357335108,44015.22385390913,43943.193071249065,43875.67920647973,-88.0,-10.119398623752204,-94.77661803263254,-83.13140262636443,-30.40225435562752
584,43856.0,43872.017563477195,43836.566505422124,43815.65820424724,43837.460912448085,-320.0,-11.069760673559358,-275.82482137638,-147.70576487821018,-39.145248409240594
585,43392.0,43860.874052003965,43463.57421115637,43647.781541492644,43797.388709661245,0.0,-10.441663420064287,-15.121238483941852,-39.98589200826973,-19.80276730377591
586,43856.0,43851.134236637066,43806.32402845424,43735.6864202307,43797.85537784053,120.0,-8.399199763542128,94.36995956907049,27.74808885339735,-2.4405629286848125
587,43632.0,43844.07565247688,43652.31413029451,43703.27771919944,43792.507583803876,-88.0,-5.295557907240436,-52.439246687201376,3.230158568461775,2.67758515353853
588,43680.0,43840.543120822585,43701.44553507984,43742.14673736762,43803.21054814761,200.0,-1.6084893369989004,156.35908018450573,69.94238685199161,16.863491751111724
589,44032.0,43840.85867380288,43965.03229066352,43843.16249290342,43826.2345673061,-112.0,2.1429594491382886,-82.11371541304834,6.5970019875094295,12.735747523794998
590,43456.0,43844.82903972086,43537.21810425374,43755.34074134264,43828.6820431952,144.0,5.4799096897368145,136.87477164608208,61.84861911054031,21.081578048862866
591,44320.0,43851.818493182356,44238.78183395568,43966.8597311245,43868.397723403825,56.0,8.030319885961944,52.143333822939894,34.94885534411878,17.135566378812655
592,43568.0,43860.889679492786,43641.50477189962,43825.23845203088,43862.953175952825,-176.0,9.569665313709265,-134.16014937338696,-13.0020530781876,9.303111346645892
593,43968.0,43870.957823809775,43970.46153520891,43940.85562496813,43887.00394609712,416.0,10.021156566537684,341.2644393538176,102.04498542131114,20.00096744914481
594,44400.0,43880.93199262586,44324.033650607256,44029.3284228735,43902.955110851115,-296.0,9.438101177220233,-258.73297931746856,-96.86299065787898,-8.901079703446158
595,43376.0,43889.834026164215,43452.99557657397,43747.12964365237,43869.201786690224,-280.0,7.967249972982245,-253.58684341131084,-96.63395739494081,-9.093234826381376
596,43840.0,43896.866492571826,43816.859963784635,43836.06050808362,43884.76864119835,288.0,5.809420277924801,248.1642061338316,86.96111847305292,17.80528656804745
597,43952.0,43901.452866720065,43949.323988841636,43921.051880598476,43904.81235982632,128.0,3.178509916400799,119.08396926518617,69.51731281409593,17.684336619284295
598,44096.0,43903.22351240463,44055.02790231501,43975.09513371181,43920.13731443692,-136.0,0.2866656135447556,-99.15657495160485,-6.409180030765128,6.531820332445932
599,43680.0,43902.026197947154,43751.010838938426,43908.233520536945,43917.87600049121,112.0,-2.671725199706998,96.78049390322849,47.25514709361232,9.632486078851798
600,44320.0,43897.88006200521,44248.588890121464,44069.605427899034,43939.402286594624,112.0,-5.538832536345581,94.77913920264473,36.174621311602095,2.496400433145027
601,43904.0,43890.94853287446,43940.569117343715,43980.58276316015,43922.8688013575,-152.0,-8.178862692006078,-125.17418605915373,-50.731283158806036,-15.590045169250516
602,44016.0,43881.5223366212,43998.24051800316,43968.14286158142,43908.22219625612,-24.0,-10.490874806044303,-31.126009324772895,-36.36847078801293,-20.0354952885682
603,43856.0,43869.966783262375,43878.31709869417,43907.845821584124,43882.797810780365,0.0,-12.417110866663279,-8.337925838124647,-34.37412920524366,-24.084494936741976
604,44016.0,43856.688114887875,43981.56466632691,43899.394603170935,43860.05320638264,-64.0,-13.929102158919704,-68.92910073271196,-66.75391682771442,-30.541944078595407
605,43728.0,43842.108578944535,43740.458897228746,43774.337987928695,43821.713922623174,-200.0,-15.022567787047592,-178.8112829544225,-101.88762127789596,-33.653587628305104
606,43616.0,43826.64297931378,43623.94210041806,43695.61936061514,43792.74603112603,-88.0,-15.69922776079693,-76.80629472035798,-38.908947005980735,-20.130589940843493
607,43552.0,43810.71012342294,43586.84630778803,43696.52009391673,43781.45274274149,152.0,-15.950318567018257,137.13574631010852,73.16078025995375,0.1793487525319506
608,43920.0,43794.74234217974,43898.21359303828,43841.94092113505,43793.10472863109,224.0,-15.751705745213258,202.43525044166017,106.391287785842,5.307222321163863
609,44000.0,43779.206711932515,43991.71680867135,43909.30266948842,43792.067187383815,56.0,-15.072773166586558,52.0872589898172,22.013083097575873,-11.434181878092204
610,44032.0,43764.59679584657,44002.38811101791,43885.9670873302,43770.23636487491,-144.0,-13.90676620168233,-137.3881425638756,-96.35203849311438,-34.91900426515713
611,43712.0,43751.39317952915,43716.9405235436,43716.59859250219,43722.2291788535,-280.0,-12.280756037416722,-260.7449697563279,-167.06919857692264,-47.49572707873813
612,43472.0,43740.03528377174,43480.89817150526,43551.82869017636,43675.24491071743,-208.0,-10.280881902941474,-191.5514945120376,-124.85555723765356,-36.822022600190394
613,43296.0,43730.83141572327,43333.83753451952,43466.88747802688,43648.58513365312,56.0,-8.060849873163534,42.127035611894826,0.5025268639692513,-9.030520381660608
614,43584.0,43723.91358402541,43565.15224272905,43552.833743904295,43657.18386995411,160.0,-5.798276354398695,137.07592185477552,70.36313782956131,12.257929798699479
615,43616.0,43719.23486301447,43607.989378229075,43607.613753686004,43673.10099325052,-24.0,-3.6551985132646223,2.784026645393169,50.586886624707404,18.772172958928422
616,43536.0,43716.60318699888,43570.720296019834,43654.00751715371,43694.72821587197,144.0,-1.7263974922352645,136.3323978899425,105.3975220445609,29.5636334150513
617,43904.0,43715.78206803,43880.65417400896,43818.408797775126,43732.22826008062,208.0,-0.00963052953738952,193.20474803394245,121.60567950898258,28.91145721268549
618,43952.0,43716.583925939805,43957.12979208772,43897.218876171675,43752.55113029734,112.0,1.5833250429168402,102.12457851734871,51.419516482386825,10.350426731583866
619,44128.0,43718.94871811583,44084.90333104366,43921.2478307399,43752.92911354379,-80.0,3.1964858756618924,-87.7098058257543,-79.34713006182938,-18.37556107636192
620,43792.0,43722.97689769113,43781.71018043621,43738.52461604802,43715.800008144615,-448.0,4.970674841064465,-395.12067417873186,-209.46090666787495,-40.93910499193953
621,43232.0,43728.89006779796,43294.66198268619,43502.32601740415,43671.05090355991,-128.0,6.976398791804968,-133.2598585667438,-101.03558994179548,-22.79655940671364
622,43536.0,43736.92969527474,43515.19046330272,43536.453436164426,43670.20688933119,144.0,9.170886187192082,116.48079713014158,34.35413684249215,5.866330237840884
623,43520.0,43747.231840172346,43527.62357694648,43571.034291089134,43682.78356403559,32.0,11.403724915915518,50.55099837614398,60.098000469275576,20.71585290618168
624,43600.0,43759.73714510657,43616.29246005501,43656.64943710298,43711.63859514355,184.0,13.44733779438684,170.13118338358618,113.93986456533094,34.436960865135916
625,43888.0,43774.12651576112,43867.88594371365,43798.914020219796,43751.65748576586,168.0,15.059142027239432,151.0232022268683,97.72159322672087,33.20176491060556
626,43936.0,43789.85542916105,43918.33886450875,43852.09262355642,43778.04212496476,-64.0,16.050095881262678,-37.852756661166495,11.224915114828036,18.486745447138674
627,43760.0,43806.226707523645,43792.180430391316,43821.36385044945,43788.63097666014,56.0,16.324868200779747,34.743717839126475,-0.04684788223676151,12.020400528384926
628,44048.0,43822.50516556261,43987.826300187,43851.998927791945,43802.08292602153,-216.0,15.895311764143116,-191.48110266599178,-67.36545876153104,1.1560956624671235
629,43328.0,43838.01733105193,43409.21822505933,43686.63293292639,43790.943167985075,-24.0,14.863243172218063,-3.551040507507423,13.950471597636351,12.007400362796034
630,44000.0,43852.231651907045,43980.724219171985,43879.89987098722,43826.097726747124,464.0,13.373026854467753,392.41965404577786,133.21687355443282,26.459445099408185
631,44256.0,43864.76338476087,44194.05753315089,43953.066680035256,43843.86205818389,-224.0,11.56604511882324,-198.86202344453704,-78.29985093432697,-2.8425656540384807
632,43552.0,43875.36374214469,43583.00017228291,43723.300169118564,43820.41259543905,-408.0,9.576068256283179,-353.57349627552685,-144.11642635741373,-10.028832972893724
633,43440.0,43883.91552127343,43486.910540599834,43664.83382732043,43823.804392238104,168.0,7.5101046640957065,138.46307131607682,53.95057186207487,22.58201641096457
634,43888.0,43890.38395147288,43859.926314915065,43831.20131284271,43865.57662826098,256.0,5.461411008393043,232.64734889057218,137.96814194364197,40.651067435919686
635,43952.0,43894.83834329022,43952.20523838098,43940.77011120771,43905.10652710994,72.0,3.540224505104561,93.30511537082202,103.95385396885831,37.18522520446277
636,44032.0,43897.46440048309,44046.53654565671,44039.10902078043,43939.9470786699,192.0,1.8784112292487407,167.01403555925936,101.89341996293297,30.23790549345358
637,44336.0,43898.59516574872,44286.2333094995,44144.55695113358,43965.58233809685,-24.0,0.6198404023307376,-9.136688659706124,9.726405919933313,7.1143763317923
638,43984.0,43898.70408128775,44028.2631683373,44058.5618326203,43954.17583133349,-32.0,-0.10535460998289636,-36.65429947571465,-48.71420220313303,-12.897715196690115
639,44272.0,43898.38445652875,44212.92471054807,44047.12854672731,43939.78690770347,-168.0,-0.22314247017493472,-169.1153079871583,-123.86901252932512,-30.99957824484227
640,43648.0,43898.2577963474,43690.03255236298,43810.82380756165,43892.1766748438,-272.0,0.2487505897115625,-254.32899343192184,-154.89283538484597,-35.40139911747974
641,43728.0,43898.881957708174,43704.266723684224,43737.34287595762,43868.98410946851,-112.0,1.1906414265031344,-104.43221025761886,-68.80949362521278,-16.143359901863732
642,43424.0,43900.63907920041,43481.16813184774,43673.20482031122,43859.889955040075,48.0,2.3954381135336007,62.74206740222144,60.46435450921126,12.700343323565903
643,43824.0,43903.67283393524,43829.75085848867,43858.27158497604,43894.38479611564,440.0,3.6178958534655976,386.07592325514634,202.20255715284293,38.01408088134849
644,44304.0,43907.87487090734,44253.319978358035,44077.60993461691,43935.91811680277,168.0,4.627260652974655,161.430107488668,106.14331694931752,23.129226527271385
645,44160.0,43912.92735524119,44152.611073466,44070.55821887468,43940.643249170185,-168.0,5.269359780133527,-137.65353756202603,-51.77260630488672,-6.242705174077855
646,43968.0,43918.41359046761,43978.01290323398,43974.06472200713,43923.432706454616,-112.0,5.501890285653644,-124.53365406210287,-93.46113586397769,-19.43890739283961
647,43936.0,43923.9311358125,43903.5437653418,43883.63594714672,43901.765434384506,-272.0,5.403648866740696,-236.7503111831902,-116.61080128705362,-23.37900035088387
648,43424.0,43929.22088820109,43504.5122808676,43740.843119433026,43876.67470575285,112.0,5.148841784241085,88.62968280863424,15.628732002816832,-2.456993344017974
649,44160.0,43934.22881938098,44080.803130959066,43914.893411152356,43896.85144769647,96.0,4.955318538657593,95.20674194198364,51.496997295507754,7.019314328448672
650,43616.0,43939.131525278404,43694.92576475157,43843.83711402404,43890.713334409746,-24.0,5.0213424534667865,8.75145755036283,42.86225988370643,7.597553433763096
651,44112.0,43944.27150428791,44098.30604605979,44000.61793091977,43912.046554563996,408.0,5.455980398455722,334.9105116071951,101.0897823556079,11.335547882448736
652,44432.0,43950.043486075316,44364.74678796596,44046.01667873526,43913.38443017464,-352.0,6.2429993886071316,-323.56901473651305,-147.5929128168791,-24.592902880620386
653,43408.0,43956.75750306513,43451.168016586766,43705.43210528601,43862.860748802756,-496.0,7.246437921188772,-443.99499197287514,-191.86852080623794,-27.78064393175009
654,43440.0,43964.53636191769,43476.75680402021,43662.27963712278,43857.82314231114,240.0,8.235355876069661,209.3728075344843,67.98735039815801,15.853550623945921
655,43888.0,43973.22821481727,43869.913631655734,43841.40680608233,43894.56785005065,336.0,8.938605564293539,302.724985914203,155.8305720007047,37.07310024203616
656,44112.0,43982.41357304628,44082.206775848616,43973.94078112419,43931.969342795215,64.0,9.118665332862292,63.32702343596975,63.50436560396338,28.399959884325654
657,44016.0,43991.46554548299,43996.567678527674,43968.41553729025,43951.3677698193,-232.0,8.62677698232801,-182.8007046825769,-29.31747518881093,16.166815515050985
658,43648.0,43999.66712701094,43716.60536648346,43915.30583074657,43964.30297382532,128.0,7.438243424385291,121.82697669126719,80.54320882960383,28.750352697283233
659,44272.0,44006.34203233176,44240.22163191021,44129.50195494946,44008.868475213865,352.0,5.647024550318747,305.9619686595943,142.94710167761878,31.40892514924417
660,44352.0,44010.961176111574,44328.52930380265,44201.20003410181,44027.120824123806,-40.0,3.432854856728227,-29.045809094292053,-3.7019037967547774,2.008390116126975
661,44192.0,44013.20774204522,44182.130013721624,44122.09814735595,44012.88525544612,-216.0,1.0092046127574577,-195.74922147289544,-114.05281306787583,-23.191305905376794
662,43920.0,44012.97958533709,43937.03086085686,43973.094407966055,43980.73821231305,-160.0,-1.421096553269308,-159.94484858048236,-122.45653540686908,-29.110132517416787
663,43872.0,44010.36554893868,43862.24031656066,43877.18507654221,43954.664990411286,-112.0,-3.6918032021312683,-123.58896149289649,-93.3167931527314,-21.939972381202097
664,43696.0,44005.595978932826,43689.85293787107,43786.46082166059,43936.85826755065,-240.0,-5.680876672944578,-203.12268933426822,-45.49384405132878,-5.763809483105433
665,43392.0,43999.00379559279,43455.99493789212,43786.197388439556,43943.137371445075,440.0,-7.288412085890741,408.33249444036846,196.83526099874143,33.83597246668069
666,44576.0,43991.019154761045,44506.5179267518,44180.131343658075,44004.53021248401,392.0,-8.416082611820457,380.89681765997375,195.99962704755671,32.81935166313633
667,44176.0,43982.17163036915,44217.78857321207,44178.19664253467,44008.77607477135,-88.0,-8.951010337335902,-79.78648747939224,-0.8363798560749274,-4.115333974095847
668,44400.0,43973.11713408637,44346.94495179302,44178.458583945925,43996.29954453582,-120.0,-8.769522332280758,-136.11886245397545,-110.50876661577786,-32.66155300873652
669,43936.0,43964.63258570459,43945.55084830412,43957.17910930311,43943.452968753874,-392.0,-7.77093236660221,-353.6398619682841,-210.68991999125137,-52.47392734425375
670,43616.0,43957.57526935317,43639.66522785645,43757.07874396342,43891.35168984731,-200.0,-5.917012578109279,-187.55948116542277,-129.56099335798353,-38.333694414195634
671,43536.0,43952.79856054837,43570.431885973274,43698.057122587146,43866.78557992548,128.0,-3.2653323412778263,102.92608798320362,22.00693991730077,-8.026830925551621
672,43872.0,43951.04460467061,43845.51740382286,43801.092623798024,43875.29802799621,168.0,0.013015081553021446,142.6725369638698,67.58181310989312,8.677349470530316
673,43872.0,43952.824590711476,43855.77695990101,43833.22074880693,43884.140278866544,-112.0,3.6313788121369726,-70.8556444167989,12.738499412371311,9.449264813669288
674,43648.0,43958.30736229489,43703.80611498926,43826.56962262277,43894.196557623545,200.0,7.249558952524239,167.5024979324553,82.63368512721354,22.366106638175552
675,44272.0,43967.323708616525,44190.781955765924,43998.48811906136,43928.872492142895,-32.0,10.52090403080365,-19.294009097655362,35.162555969272944,17.519559126492823
676,43584.0,43979.349170356494,43665.21809679395,43896.89473456131,43929.23567587653,64.0,13.133775281479757,70.48302002830678,54.85398278061257,17.624967527463014
677,44400.0,43993.591259179484,44331.74799582254,44108.196084622585,43964.12242719782,224.0,14.872491360416461,195.05034391675508,65.3993923725684,13.092872681183508
678,44032.0,44009.09415307733,44055.31878462746,44027.69351930645,43955.4214212389,-176.0,15.634107514506468,-159.83528805776587,-82.65580566291464,-12.529934896978375
679,44048.0,44024.8594742085,44012.077419707006,43942.884473296755,43939.062557403864,-224.0,15.429283947825752,-222.85426638543504,-137.36680936131597,-21.805735964841006
680,43584.0,44039.95272097298,43609.61025185659,43752.95990058382,43911.809949309216,-320.0,14.375688998676196,-274.4159085674546,-105.444622421026,-10.862110629190283
681,43408.0,44053.61085220585,43463.2456025721,43731.9952284547,43917.33833614548,304.0,12.67040008620097,282.7459014610067,141.03294209823434,30.99530364354723
682,44192.0,44065.29352114538,44175.1020547786,44035.025784780286,43973.80055659631,528.0,10.565918295640586,474.48418821447194,224.5434487157254,45.552248280637286
683,44464.0,44074.74268879713,44412.21397900104,44181.082125886154,44008.44283270676,-24.0,8.339608081467304,-21.818180772341293,4.597404048945464,11.864417745789979
684,44144.0,44081.972737308315,44131.46569323392,44044.22059287818,43997.52939208789,-584.0,6.260391257597803,-517.4978537929783,-186.75123656888536,-18.236971014477604
685,43296.0,44087.263471312326,43377.218271415084,43807.57965274838,43971.9688906778,128.0,4.564984222666681,97.2037039067327,19.148886244394816,8.237943123807781
686,44400.0,44091.10270575365,44325.873101047386,44082.51836536697,44014.005278335506,320.0,3.409050464477332,306.7386004145774,116.19789530206617,22.73665157447249
687,43936.0,44094.08157224128,43990.69547224424,44039.975443352516,44017.44219382675,-80.0,2.8464068473040243,-61.700267581934895,9.444799661807338,7.509025182582263
688,44240.0,44096.79551944826,44202.472565883516,44101.40796469058,44029.02332870067,56.0,2.8096821787621593,24.139923056842235,-7.863496316644159,1.0323013089582673
689,44048.0,44099.700936598805,44038.97531835792,44024.24845071923,44019.506796444664,-256.0,3.1067223534555524,-208.62065573595464,-89.03528861173982,-10.94119243377645
690,43728.0,44103.00896415517,43785.23125441161,43923.3373874671,44007.14094383312,48.0,3.440029748442612,32.41220811169478,-3.2423695185716497,1.5911945801126421
691,44144.0,44106.58099609569,44103.79973458131,44017.763711682084,44022.68918560489,160.0,3.4615701895963866,117.56715307626291,31.30818005602123,9.482701052012999
692,44048.0,44109.93210453436,44020.36556056413,43985.953747579144,44026.10634593714,-280.0,2.8488556053416687,-221.60637119653256,-62.833090313364664,2.322477629113564
693,43584.0,44112.278707306374,43660.58699218825,43892.097531055355,44027.33414086312,112.0,1.3583385125020868,100.40185820867555,60.19254900388478,23.394501969127305
694,44272.0,44112.648781559365,44221.16927698148,44106.33884558691,44072.8953498754,248.0,-1.0966024528097478,229.1832040573463,131.41073732501536,35.605976506049046
695,44080.0,44110.085502400754,44118.95340030294,44154.919005705386,44098.546093875215,88.0,-4.402050660999521,92.55112483615085,86.03966297116494,26.578048693580058
696,44448.0,44103.844680237366,44406.271526653785,44278.41817152924,44126.05144726256,104.0,-8.250530390581844,78.67575961977127,38.70825158848311,11.407925750474533
697,44288.0,44093.58444161959,44276.30491954248,44232.33550888235,44121.361945376164,-232.0,-12.16735192946362,-188.44200939887742,-73.91490820571926,-13.021404617589724
698,43984.0,44079.50997637844,44029.38750785603,44130.588355117805,44100.00863802738,-16.0,-15.598513102082507,-19.97987240630755,-28.452976205644518,-15.552875447418046
699,44256.0,44062.387415415425,44236.34517472987,44175.42955647106,44090.25619448133,152.0,-18.009484550097113,108.68354052318318,4.5559795887857035,-18.039633821979805
700,44288.0,44043.491007278244,44246.7545889024,44139.700314295376,44063.92937038342,-232.0,-18.983828837699548,-195.8176413154688,-109.87908502799837,-37.53035557874318
701,43792.0,44024.41975774003,43844.70989209893,43955.671386415066,44015.19548332384,-144.0,-18.306729286818154,-138.49523630882686,-102.19323467277354,-37.574112893380516
702,44000.0,44006.87754870461,43969.76411628474,43935.31384494983,43988.78114459666,-8.0,-16.001402750436682,-26.125194390486286,-52.70061899031862,-26.975281497354445
703,43776.0,43992.41695223915,43792.45950331796,43850.27014843443,43961.24492032913,-120.0,-12.319668832078605,-95.00709637697582,-47.908622298189584,-18.273978251065273
704,43760.0,43982.23821104045,43779.74992353079,43839.49660035345,43952.23318809453,112.0,-7.687359954634303,86.04003786677276,28.974752095746226,0.5999271701184625
705,44000.0,43977.042232329884,43964.5395790515,43908.21965262592,43962.44477466937,0.0,-2.617215221936931,7.487550778212608,22.8328785854319,8.333825308312953
706,43760.0,43977.00378059658,43794.72502508722,43885.162357524314,43968.90083871115,-16.0,2.3881345935660647,3.8105714717858064,39.523883660545835,16.901105977340194
707,43968.0,43981.81850151702,43972.160721995075,43987.26741994701,43996.24698662405,216.0,6.9030742416325666,198.23930688321707,111.73877239621288,28.7584972441
708,44192.0,43990.80992907984,44191.20363885365,44108.63990231674,44026.41783319935,248.0,10.625806915340945,215.06111112684084,79.69243352808917,21.891738235270168
709,44464.0,44003.0701153477,44402.28294424876,44146.65228700319,44040.03046309459,-368.0,13.38974563258671,-326.9927037162779,-120.66147181194901,-7.585846950034465
710,43456.0,44017.589420345015,43537.218231421095,43867.31695869284,44011.246139299285,-232.0,15.137578745579958,-205.41273780291885,-73.67684896392893,-1.0220168303385435
711,44000.0,44033.34527283886,43991.45746864292,43999.29858907533,44037.98642943391,464.0,15.884886456326058,387.45249287228216,131.63092492015494,28.639611606318795
712,44384.0,44049.35919325767,44312.12321716566,44130.57880853315,44068.52536251192,-64.0,15.691021722828737,-38.71816564894834,4.569623724390112,14.76520120360874
713,43872.0,44064.727316284516,43914.02113734502,44008.437836524114,44067.51683184113,-232.0,14.640693069286499,-187.9963930955273,-53.92205374697369,8.767310921266471
714,43920.0,44078.64057939624,43936.130430974605,44022.734701039204,44086.059984354455,120.0,12.844413423830702,102.7614485026279,65.66421503468518,26.84615173104612
715,44112.0,44090.41614313218,44119.54403435028,44139.766266593484,44121.20913530322,240.0,10.447157790145866,221.13377512705483,130.91469885102924,35.60960771392638
716,44400.0,44099.53489497653,44378.397981228714,44284.56409874126,44157.27919978231,168.0,7.6407438972528325,150.84385302199735,87.07988151840618,23.93402446820255
717,44448.0,44105.69763092668,44421.23174039427,44313.9260296303,44169.07718423963,-104.0,4.655265502988186,-91.00753886308667,-37.67505429581797,-2.148156330698839
718,44192.0,44108.84542598251,44196.38290350254,44209.21399014963,44152.98288712091,-240.0,1.732574125748215,-202.93431937904097,-96.10504440585646,-18.045152762671933
719,43968.0,44109.16277917818,44015.36310163619,44121.71594081858,44132.986878714284,88.0,-0.9017374893264787,55.79570631460956,-10.640078921755048,-11.746664470912947
720,44368.0,44107.041951003856,44307.97431613176,44187.93383230612,44129.489558179084,-8.0,-3.0887339612054348,-7.517204845647939,-23.815192359401408,-15.422842626241618
721,43952.0,44102.98531125577,44000.328691944895,44074.08555609978,44102.1411934618,-72.0,-4.768929429064883,-66.0021644623921,-52.80549815645281,-19.841305044195906
722,44224.0,44097.504092145726,44175.969987206976,44082.32283599321,44089.80694809069,-48.0,-5.9751945152529515,-64.50876870304637,-62.60130210995703,-19.043897966577788
723,43856.0,44091.03492222526,43871.3111545388,43948.88295187987,44064.053397528645,-280.0,-6.820011795120081,-228.10305997418254,-86.99840817341828,-15.35088068560799
724,43664.0,44083.864068555486,43719.76386725861,43908.326019646374,44059.10518671948,192.0,-7.453155034061638,162.09061201170698,81.60607758969854,14.807048526799917
725,44240.0,44076.12861215714,44195.492378562216,44112.095107059264,44093.667494582245,224.0,-8.00166209051531,218.37184111582974,139.81664094252483,27.245682591881632
726,44112.0,44067.860744374455,44156.50754949027,44187.959301531424,44113.59655190324,224.0,-8.534896942568594,205.64473402420845,113.84384523786866,20.008884916158422
727,44688.0,44059.058818272,44606.78184661063,44339.782797535,44133.68526441456,-64.0,-9.036890283932735,-58.634374225552165,-22.285105228922475,-7.627024267949309
728,43984.0,44049.78696380659,44039.238801039166,44143.38909107358,44098.34250336734,-224.0,-9.407992933760397,-210.62295162137525,-116.69916092463609,-29.625635878855974
729,44240.0,44040.24283240448,44185.53594336788,44106.38447568573,44074.43399265685,-128.0,-9.494861507759197,-126.0231408318723,-103.81237754497852,-32.1868110776486
730,43728.0,44030.79724079107,43787.19251937542,43935.76433598362,44033.968881212044,-120.0,-9.126702916040813,-102.38082711536117,-66.7379717103031,-25.16666738420099
731,44000.0,44021.9894265724,43980.77428913716,43972.90853226512,44024.10065788845,128.0,-8.155649343658297,97.45321544752733,23.59846241406558,-8.66319042917894
732,43984.0,44014.485942103754,43982.098950270476,43982.96126081175,44016.642500353686,-24.0,-6.502725785940129,-8.180587514314539,9.533358952510753,-5.826032517074054
733,43952.0,44008.98397500052,43964.41311410853,43991.975250170144,44012.4485928543,40.0,-4.17691097054194,44.37973438073095,29.001614443455765,-1.1714778566711175
734,44064.0,44006.13212016267,44070.85841903194,44040.964489698665,44014.299544640344,176.0,-1.27480119982647,140.7374000830896,37.47148437786018,-0.634070981937839
735,44304.0,44006.43437260087,44245.88791427471,44066.918218925864,44011.180450890424,-224.0,2.023248614572367,-196.99480878851318,-92.58716130987159,-17.76007120540089
736,43616.0,44010.178617391815,43676.86880145491,43855.79016707892,43978.77940222954,-200.0,5.476126198707789,-183.21123014039767,-91.23296830748222,-14.262078549403668
737,43904.0,44017.38662499828,43879.465453993915,43884.4522823109,43982.65629379162,104.0,8.821576639602426,79.92392250858029,18.888256387424917,7.80970625165719
738,43824.0,44027.82177067102,43836.71664647207,43893.56667985377,43994.39881473286,0.0,11.812984083346237,20.834424838518316,43.897737469760614,20.26246167787758
739,43904.0,44041.012593164975,43921.13430367095,43972.24775725042,44023.18121714737,184.0,14.257111219296348,170.08917555364678,112.80495602185692,34.7414632718901
740,44192.0,44056.33599310961,44176.894997579366,44119.176591897485,44063.88174127664,200.0,16.035839988686348,180.23568180523944,110.51713059580652,34.29461119309417
741,44304.0,44073.08427314235,44281.60566728143,44193.282018442034,44091.77043953356,-16.0,17.120119474486273,-7.26099389078081,18.746435765569913,17.2772202335982
742,44160.0,44090.576232058585,44162.373009797804,44156.669463428625,44098.43618174383,-128.0,17.560419658824685,-107.36760849460916,-38.27782329909678,3.5875512974671437
743,44048.0,44108.20511246,44066.87045029221,44116.72637184384,44098.945542128495,-8.0,17.460714738972456,-1.1503080445399974,-5.579905662863894,3.0566374910886225
744,44144.0,44125.49766153653,44160.072393708724,44145.5096521029,44104.54945672601,216.0,16.95075683894902,173.56391196014738,29.5381063105051,3.6313874338120513
745,44480.0,44142.106626137895,44413.99827421251,44175.80258446485,44106.20831699612,-304.0,16.14894608375471,-275.06515617372133,-121.80577540561717,-17.030723880081496
746,43536.0,44157.79555370404,43609.94208136128,43901.89810129166,44070.48800896585,-264.0,15.138059399800113,-235.3633783047626,-90.95543252736024,-8.995907581982465
747,43952.0,44172.382744937495,43943.27151760298,43993.89171941013,44088.216501832154,336.0,13.951389239100536,289.6870242566256,112.9394778235328,24.539317957915046
748,44208.0,44185.69833218224,44189.31612987453,44127.77705693873,44119.56664488168,152.0,12.585109381201619,152.62526164422525,93.77386599796228,26.928475293610973
749,44256.0,44197.5529636999,44248.52204089143,44181.439451406055,44142.073452419376,32.0,11.004916358782793,21.816115474041,16.38212017035039,16.810480158663268
750,44272.0,44207.70816489981,44232.948360822615,44160.54129727943,44153.187605199004,-272.0,9.164343959189864,-227.65201725214501,-76.62750548690747,5.173533039578615
751,43712.0,44215.88165161828,43793.21800638714,44028.18444043224,44152.42051849853,-24.0,7.027263956821116,-8.798958374878566,25.735363368934486,21.25393922445801
752,44224.0,44221.76269281345,44215.35044407286,44212.0120240173,44195.69548364792,432.0,4.588039767320879,370.8634352215304,177.8335955937,41.859739331779565
753,44576.0,44225.05773115292,44534.9448768302,44383.85163161964,44236.13999716209,120.0,1.8806500301470805,114.31881690834052,75.76542341216555,23.451513372277986
754,44464.0,44225.52399287374,44443.98807788954,44363.54287084163,44242.598510392476,-232.0,-1.0258488965155266,-191.01640949295324,-70.53732535719246,-4.611561249992519
755,44112.0,44223.00603335989,44152.912057844296,44242.776980905255,44226.91687466211,-88.0,-4.012603686489456,-86.51573082374671,-55.377399483750196,-9.935791997260822
756,44288.0,44217.498785500764,44270.956616242045,44252.78807187413,44222.726926397954,48.0,-6.932272621608718,32.8276396079782,-7.594873094065406,-7.453601944260299
757,44208.0,44209.14148811667,44218.56733706025,44227.587234717124,44212.00967077359,8.0,-9.630331004249456,0.44740611947054276,-15.407219798438746,-10.516772085684352
758,44304.0,44198.238123492265,44271.851428480986,44221.97363227725,44201.693382226586,-128.0,-11.958415066368616,-107.45876617433169,-46.62678630124719,-15.431619435672474
759,43952.0,44185.224657983934,44003.64980471159,44134.33366211463,44181.14643190224,-24.0,-13.815270290095214,-9.952600211465324,3.5268608946898894,-9.089628729230753
760,44256.0,44170.607582912075,44251.946228058056,44229.02735406663,44183.514124768124,280.0,-15.177173961132212,228.02756363673325,81.20736898531686,-1.256600895714655
761,44512.0,44154.87031006167,44459.704931985056,44296.748400085264,44178.63323011081,-64.0,-16.109773136082367,-53.71663614773934,-39.90475393873203,-21.54923315177075
762,44128.0,44138.38803663991,44144.51295576258,44149.21784618917,44140.41565846458,-256.0,-16.78215593868299,-232.62719740959437,-136.92163080151295,-37.59678872299628
763,44000.0,44121.3059981843,43994.45053716587,44022.90513848224,44103.43965266482,-176.0,-17.444678481595474,-177.8097327673604,-114.86013846580681,-31.80402316652544
764,43776.0,44103.49867967672,43788.893490227856,43919.49756925755,44076.80761213153,-168.0,-18.36807927146583,-141.0895957987159,-31.658784595914767,-11.591659926711145
765,43664.0,44084.56983964137,43712.271345568435,43959.58756929041,44080.2563328114,480.0,-19.78286350403505,432.9441283851411,187.8837846780625,24.26153732043531
766,44736.0,44063.93295266865,44654.78174699814,44295.26513861368,44125.3306867724,216.0,-21.81382779537671,212.6376473575183,115.31013863011322,14.540888299623475
767,44096.0,44040.94218405062,44137.54664028347,44190.207846550635,44109.338109410644,-296.0,-24.418812451043777,-253.92996143681376,-57.95336878773014,-15.325671891223465
768,44144.0,44015.09532776656,44146.92182412451,44179.35840103822,44094.679342989955,32.0,-27.358849507712875,23.984304463599983,6.8297550066963595,-17.124799271190568
769,44160.0,43986.22448503519,44185.51524921067,44203.86735656403,44075.08851086826,200.0,-30.223621865898167,166.16967113949795,46.44263380782286,-23.83640657828073
770,44544.0,43954.648084034765,44479.26116640351,44272.243668653864,44047.006529833394,-16.0,-32.49124622751333,-29.948250789617305,-67.50185358323506,-52.93165454319751
771,44128.0,43921.241992580166,44125.61874763144,44068.86364939756,43969.22520178187,-400.0,-33.61212865521884,-365.54868061489105,-232.9481945575244,-85.72006796243659
772,43744.0,43887.42382672433,43748.163805173725,43806.347279538815,43875.56639390852,-392.0,-33.108467874189955,-356.63591658910445,-231.34273008933087,-87.0804881779186
773,43344.0,43855.025056831786,43412.34691445323,43606.178189218896,43795.06422542603,40.0,-30.66351864675744,5.917681545659434,-69.07999571047912,-57.94895721118519
774,43824.0,43826.09678943081,43759.99916826504,43668.18728811786,43759.66847948615,32.0,-26.179285095928208,27.648095137014025,-15.897257042106503,-38.6123219655783
775,43408.0,43802.66648663993,43467.643104727256,43574.38367513468,43717.839581494874,8.0,-19.79075299583201,5.85946009847612,-10.61177541582947,-26.33691891653143
776,43840.0,43786.51528343915,43771.718088461996,43646.9637372862,43706.99464165309,-40.0,-11.837453134849056,-37.33457395526784,-23.938069205385546,-17.4952077591297
777,43328.0,43778.99158037023,43392.97395681672,43526.50753672391,43682.849165976615,-72.0,-2.8097412016504677,-53.87434756168659,-21.202432200334442,-6.403017377644574
778,43696.0,43780.89580103585,43663.96939333862,43604.55887288553,43694.1886068978,152.0,6.726066948431253,110.84240321500329,32.33077260438222,11.248871266077913
779,43632.0,43792.443714267094,43614.65876324673,43591.169081932676,43705.34690850877,-176.0,16.204328018520755,-136.01681385826305,-33.805249986511626,14.825647036406735
780,43344.0,43813.30445707289,43391.9357656221,43536.948372912506,43723.83990097061,8.0,25.117098737588094,16.9558304858474,42.2534774360829,37.484987510371866
781,43648.0,43842.67791174227,43648.57042421842,43675.67603680484,43780.316883529515,296.0,33.04798668204239,259.48677968841366,152.56568229475306,63.092826735381095
782,43936.0,43879.400430436974,43910.909324998924,43842.07973750201,43850.025554441374,136.0,39.69130908241277,136.8855257751311,119.44356944817991,65.40994863392552
783,43920.0,43922.060529907096,43922.341475768684,43914.5631757012,43911.136780797366,0.0,44.847838089579454,23.139529613181367,69.76502604979032,60.66806539586105
784,43936.0,43969.09610661613,43957.18838422529,43981.60978960159,43971.361685233096,160.0,48.40601469867033,140.78882958304166,89.85150870118741,61.992988697384135
785,44240.0,44018.87255930444,44203.91913493477,44094.26619310358,44035.122758192134,88.0,50.332943990542844,66.32642538331129,39.78950005377192,53.517210868645634
786,44112.0,44069.76199459722,44089.84123499191,44061.18878970914,44078.39610697039,-280.0,50.66188069499185,-224.8717249833353,-58.4830085398753,41.59315412677097
787,43680.0,44120.19632069442,43754.1756849681,43977.300176023826,44118.309066445676,72.0,49.48499084818832,60.825578692962154,64.76147432660946,61.82841279757122
788,44256.0,44168.731976293595,44211.49239237783,44190.711738362355,44202.05293256553,224.0,46.95374123204601,209.16596542261686,180.76743151970004,81.04651274813295
789,44128.0,44214.10380315851,44172.50761581333,44338.835039063226,44280.40209194194,448.0,43.27623707311068,430.69993587142017,253.54082023249066,85.96926397350762
790,45152.0,44255.284450439816,45072.892264120674,44697.79337882734,44373.991460512545,272.0,38.7102672399742,257.6993355414488,131.85502917777558,54.688941596232326
791,44672.0,44291.52433763846,44687.90628689623,44602.54509741878,44389.77997513441,-336.0,33.542570824789436,-305.4545427432822,-129.97573269917484,1.6775133785813523
792,44480.0,44322.369592089395,44461.98317863411,44437.84191342899,44377.34648726971,-368.0,28.06521459358919,-342.1055719642645,-185.78222727529283,-17.566163501211122
793,43936.0,44347.65476682564,44003.6951429677,44230.98064286819,44354.647648131984,-96.0,22.541942846874008,-93.71396395520787,-59.370949126703636,-1.7664567311294377
794,44288.0,44367.45347778314,44274.55525072369,44319.10001517558,44373.81357380745,224.0,17.18614277197048,203.63636137443973,103.66937989518192,23.456604365841486
795,44384.0,44382.02705236958,44410.96786571658,44438.319402658555,44401.56085686367,320.0,12.14922790433775,289.75114427883454,146.37908881225303,28.625325899400195
796,44928.0,44391.75193359182,44854.05753928136,44611.858192800086,44431.06422560625,72.0,7.517699560048641,54.878169268547936,15.467886541573534,4.65658002289274
797,44528.0,44397.06245148968,44520.724204253675,44469.2551757417,44410.87401690945,-480.0,3.3395523872386548,-404.1673610212383,-171.97542918753243,-26.04650785132253
798,43968.0,44398.431038366296,44045.722817238886,44267.90733442502,44378.971209903604,-32.0,-0.35963944685136084,-51.93225355843606,-51.39417410416718,-11.354246510669327
799,44464.0,44396.343172595974,44416.8596971368,44366.46682753337,44388.165523888114,160.0,-3.5549063335529354,135.43536558194683,49.79290687502362,5.402590178917308
800,44288.0,44391.32122569919,44316.59354840278,44367.49314817507,44389.77639026144,24.0,-6.198372331666178,42.701593279871304,40.77289472924167,6.699685886393127
801,44512.0,44383.94642793264,44502.262883696545,44448.01261699185,44401.5648956609,176.0,-8.216789973990672,136.98375377648335,48.52577731270503,6.266750182508986
802,44640.0,44374.88764575121,44590.561055955746,44464.54470280048,44402.30989062646,-200.0,-9.520321665637312,-168.0873579755753,-71.19556279113385,-11.139510503122438
803,44112.0,44364.90578460137,44166.088167745394,44305.62149140958,44379.285874654655,-168.0,-10.012278804326343,-144.84123946986438,-62.11246568610295,-9.659722239066468
804,44304.0,44354.863088142556,44300.87857701602,44340.31977142827,44382.990446148324,136.0,-9.612205868059391,119.18329435072155,52.85816573282864,7.654093801083945
805,44384.0,44345.68137286525,44404.45475644684,44411.33782287524,44394.59406225682,240.0,-8.275989590874815,205.84996166500423,84.68696288458887,12.13331922134239
806,44784.0,44338.31110896081,44712.578500346026,44509.69369719745,44407.25708459101,-48.0,-6.016486382912262,-50.617572273309634,-38.79727707906932,-6.174123436267109
807,44288.0,44333.648400099424,44303.21961190022,44333.7432687171,44382.24581538429,-384.0,-2.913165005578776,-331.6270110420701,-153.07879412180046,-20.298978437505866
808,44016.0,44332.48477894965,44049.324478261886,44203.53610895385,44366.659127716,-96.0,0.8978277337773761,-87.27274232888885,-36.439105286324775,1.946268717510975
809,44096.0,44335.44405556698,44128.67412724244,44260.86505814445,44386.13835281931,392.0,5.210396739850694,334.7286800933143,139.76147826282977,33.98614274427746
810,44800.0,44342.90557242935,44718.781838448514,44483.05906547951,44434.63141320455,64.0,9.777043780111853,69.9674733567881,63.723540074806806,30.224631045468414
811,44224.0,44354.9981431272,44268.60907395602,44388.312138294066,44446.58761491025,-264.0,14.345682186412887,-205.08635952114128,-12.590858038405713,23.0855824512073
812,44272.0,44371.596936802176,44308.60911940623,44457.8773494027,44480.80257810697,472.0,18.6697796490771,409.0863434495659,162.5038858099797,44.65509210206801
813,45168.0,44392.33770242536,45086.78176085515,44713.319909914026,44535.897799114384,-40.0,22.549679012343404,-17.695449306946102,28.102515468341153,23.49011096313916
814,44192.0,44416.69629482686,44273.21822079234,44514.08238033938,44527.782800033245,-144.0,25.862815658365435,-141.63288441111217,-38.196339404952596,8.674140920520585
815,44880.0,44444.06333374209,44803.515992032924,44636.92723110412,44553.246080955425,104.0,28.566184027742565,85.7743737785895,1.3084663167974213,9.125584969951888
816,44400.0,44473.82866288235,44444.76696834952,44516.699312972974,44546.03396997315,-160.0,30.697370651894744,-134.91418193582285,-61.878261644662416,0.08958751638056128
817,44560.0,44505.45807504588,44533.68762816128,44513.170707814796,44553.425255988186,-40.0,32.35137379909793,-42.641199381836486,-26.943251250773756,7.062548814443289
818,44320.0,44538.531410480544,44359.484569585846,44462.81281047143,44560.159067602035,16.0,33.63830586129188,23.219789353806846,21.04850789233751,18.741764993956167
819,44592.0,44572.73468676846,44580.12720686889,44555.26772359947,44590.9087859761,200.0,34.6536727374114,161.2786716274859,74.08877492778629,30.695157672864298
820,44720.0,44607.83875595537,44682.04191284082,44610.990360327,44621.549382947764,-128.0,35.45326986358123,-87.8757298239725,1.2178168910213572,25.718066119057767
821,44336.0,44643.64122649562,44404.37574722095,44557.70335738151,44642.344918214214,120.0,36.03324535279171,101.66720086520945,57.564675745274144,36.11278117715847
822,44960.0,44679.90524666095,44885.37631457124,44726.11971181755,44693.77494530208,80.0,36.34195811360041,70.42750982615325,51.47621034480835,38.11877435296992
823,44496.0,44716.325142722824,44545.230766873254,44660.65577807113,44718.582466920154,-144.0,36.2971975772889,-93.99171333173217,16.86395528915091,35.936644964083825
824,44672.0,44752.49964181553,44697.39288790777,44759.84762239585,44765.64823523025,408.0,35.823375915286306,342.7755166527604,143.11565552264437,51.74818007160138
825,45312.0,44787.9718945534,45230.781800178775,44946.88708911642,44822.07882706336,-128.0,34.88654729942573,-100.08734448146424,4.4830112787822145,31.93453318628235
826,44416.0,44822.27273641438,44497.21819894484,44768.813644953414,44829.51730160281,-128.0,33.509576038941304,-101.64439583032436,-1.6666216863013688,28.114339619591192
827,45056.0,44854.99104663128,45027.493008518126,44943.553845743816,44878.30750630254,392.0,31.787733367655164,325.6479430514519,118.5171236623064,39.90558001485624
828,45200.0,44885.84820314969,45148.51408504775,45005.84789227803,44909.328461632525,-176.0,29.8775917129351,-136.4084982316199,-34.78200732676851,16.487378411613463
829,44704.0,44914.74623005715,44754.676012054886,44873.98983109028,44911.282263125766,-176.0,27.973050197873818,-140.45801271843447,-46.863145642611926,12.317914649527665
830,44848.0,44941.79430354544,44867.59805961088,44912.1216009928,44933.96429093158,272.0,26.259133956929873,210.91234561039164,70.19257039892182,26.98024235239427
831,45248.0,44967.26449797101,45176.50070327567,45014.37497188812,44965.242747830554,-120.0,24.88697600883097,-89.19000727716775,-14.55914316061535,17.140594290500303
832,44608.0,44991.5682555631,44689.21804505654,44883.00331467157,44968.24547951258,-40.0,23.956216100308666,-26.989576390231377,6.130000119239412,21.01500565765673
833,45168.0,45015.17693017163,45122.52155049521,45026.6349721266,45007.27275914587,240.0,23.486995915023726,192.30456868881447,72.94914351832995,30.990917590581375
834,45088.0,45038.54224739315,45073.82718243417,45028.90160170823,45030.227314693744,-168.0,23.427469518312137,-119.55845589016462,-27.282569564256846,20.06592128255943
835,44832.0,45062.03186920825,44883.40463871488,44972.06983299809,45047.40460171099,96.0,23.67725889528083,66.60064985509962,13.203147788903152,27.947517102795246
836,45280.0,45085.89676518371,45207.02848214437,45055.30789728604,45086.122348899335,-120.0,24.12300556951959,-112.73108684352701,-29.10798706903006,29.02386463331277
837,44592.0,45110.27788034729,44657.94246502782,44913.85385886003,45105.45233097761,-192.0,24.67183915826172,-147.87635098256942,19.47289100400303,45.002598627161206
838,44896.0,45135.24044350023,44911.27578017923,45094.253679294045,45176.12754615366,656.0,25.29855022384436,582.4196904404234,279.52666008103915,84.68159248372467
839,45904.0,45160.87498079498,45822.78184590867,45472.907179022106,45274.81551594506,152.0,26.069220173656504,184.97114982541098,163.10708923911807,67.22874558865806
840,45200.0,45187.378883847545,45281.218079830054,45420.46785777228,45310.58503733097,24.0,27.132242209518154,24.000023519984097,57.79460763631505,41.298773252459796
841,45952.0,45215.139465214015,45870.78189294864,45588.496394294736,45357.41306244998,40.0,28.68261676927068,20.165732148987445,-13.723266330176557,17.098678241509333
842,45280.0,45244.744117386086,45321.54954412803,45393.02132511193,45344.78239381399,-296.0,30.900134624429484,-269.91380186149763,-138.96440662684472,-9.391548945292016
843,45360.0,45276.939734462874,45330.95428922564,45310.56758104105,45338.6299645594,-136.0,33.88311603870534,-135.8238087741811,-107.16995355035397,-7.220931026622566
844,45008.0,45312.5103494635,45049.90192657967,45178.68141801122,45330.34053176075,-80.0,37.58062949451414,-71.54272974763444,-46.54545402421718,7.827593789384991
845,45200.0,45352.1009934519,45187.868829730374,45217.47667299261,45354.28515213817,88.0,41.76329977533533,77.31105180257146,47.53359147769879,31.658877984325954
846,45184.0,45396.03694901417,45204.52403018481,45273.74860096662,45393.6582877294,104.0,46.03589131529225,119.27535137847008,101.14622845731719,49.85604997770497
847,45408.0,45444.17277608249,45426.419532487314,45419.76912990725,45453.99725209358,376.0,49.915019333497185,325.12888755543827,151.9050938942528,62.63882696885776
848,45936.0,45495.86698768116,45854.781805295686,45577.55878875512,45518.935941667114,-168.0,52.926155966077204,-149.5718758925177,-21.43094677456611,44.08548665688795
849,45072.0,45550.02508801464,45127.27578070228,45376.907236358114,45542.16822540735,-344.0,54.699635119206505,-290.4196687190379,-48.19793421794748,46.7406950106124
850,45248.0,45605.266257919575,45273.94246785761,45481.16292031923,45612.41733168834,440.0,55.08281734619595,407.61320066555345,220.83714412072732,88.46997286539772
851,45952.0,45660.19072270703,45942.502182033386,45818.58152459957,45719.10817113815,536.0,54.171243768403656,489.8364501205215,270.7093665801294,95.04624800672173
852,46320.0,45713.60874545638,46253.61536809865,46022.58165347949,45802.50982770178,-40.0,52.287669617486245,-20.809973441446346,55.290955619657325,57.527147948720085
853,45872.0,45764.766061942006,45900.88223515049,45929.163435838884,45834.16246703559,-248.0,49.932069631347986,-208.3219571956979,-64.83649972116109,29.760762685586087
854,45824.0,45813.47288471908,45836.97145370726,45892.908654037165,45862.031353072955,8.0,47.6578078857201,0.9464870930569305,-1.8004547831333184,29.770453691013245
855,45888.0,45860.081677713446,45902.77520933661,45925.56252627262,45893.703374417615,168.0,45.955791013468115,139.67980231239562,51.435135371761135,31.957190065542818
856,46160.0,45905.384466746014,46116.33105833205,45995.77892478069,45925.94573320404,0.0,45.170605253599206,-4.788859344316734,-11.894139101590554,20.53964544662449
857,45888.0,45950.422888220644,45893.19749064797,45901.774248069436,45934.782665310864,-232.0,45.4301087399399,-197.1461144442037,-87.1175526765328,11.176065372368612
858,45696.0,45996.244684225894,45722.03882944364,45821.54381942762,45948.29786394878,-40.0,46.633190467626264,-40.964513986142265,-17.458518928007834,26.130091835351777
859,45808.0,46043.6892691559,45811.26846267569,45866.85721021342,45987.04284898157,112.0,48.49346872424576,105.57194661051835,74.7419958925093,47.69712748186794
860,45920.0,46093.231621674386,45933.18272266468,45971.02781121264,46043.69211891251,200.0,50.59744843396766,187.8278733123734,129.684506605543,62.833875876571256
861,46208.0,46144.88416602383,46186.924209300436,46126.226223424506,46112.71060073471,152.0,52.49277886464915,148.36253313794805,114.31152392411968,64.25401185893134
862,46224.0,46198.217179403684,46229.907788940574,46199.65085906088,46172.200142630376,80.0,53.793105315067805,72.52252434299953,61.25006516680878,56.89954902718455
863,46368.0,46252.47037665397,46331.969257986435,46248.726353758124,46226.50969878908,-88.0,54.24567513172951,-78.09224102197913,-10.56132842369334,47.235041098156216
864,46048.0,46306.70852966714,46073.723306896616,46178.52820221349,46266.67022482669,-168.0,53.77570149100575,-129.62941660675278,-4.934050437885162,51.094037278948235
865,46032.0,46360.02177963598,46072.71042477293,46238.85825288235,46328.697773346976,312.0,52.50297071019304,279.69953454831557,163.7591771100415,76.86243718763217
866,46672.0,46411.71447108753,46633.12237599325,46506.046556433575,46420.39509920195,304.0,50.7041319779637,288.8635383791916,184.211581768006,79.11708081507459
867,46640.0,46461.43004359191,46650.43750153131,46607.281416418366,46486.931934977125,56.0,48.74256007491567,69.5026331946392,84.8755681939765,58.88343252402774
868,46784.0,46509.19959123736,46772.127642382526,46675.79769282153,46538.16196425001,88.0,46.98254189657382,62.32835276383048,14.415122813923517,38.93812748538403
869,46816.0,46555.395127385054,46775.09420705897,46636.11166204621,46564.80818994789,-328.0,45.705776429174875,-287.5451970208305,-129.63019975220595,14.086635195282724
870,46128.0,46600.61114409571,46197.037248340865,46416.53729331712,46566.33523464057,-152.0,45.03592824824227,-146.88792002163973,-75.30572207054138,23.443806424704235
871,46512.0,46645.46698388154,46481.318367015694,46485.50021790513,46611.6958027973,168.0,44.919842845545645,130.8729537533036,55.71303354057818,50.345358296595805
872,46464.0,46690.4508297868,46458.78315584747,46527.96336039827,46667.025951233765,-88.0,45.1404270928615,-48.619431930848805,74.4448226922832,65.4814459981535
873,46336.0,46735.74783806726,46384.079503154,46634.389863289696,46742.65869479361,480.0,45.3701442342026,452.1339092793605,255.6214345362714,95.96567829951891
874,47424.0,46781.19111825521,47363.05097440619,47039.206229470816,46858.9573078328,416.0,45.26959860665738,387.7862970803217,212.41948091653103,88.04647843083876
875,47168.0,46826.28703528058,47159.65209731464,47059.22882512276,46918.751651655286,-296.0,44.54783765240427,-245.13839051833202,-34.36299178667832,47.3319264052443
876,46832.0,46870.286793560015,46872.77419336953,46970.48024589746,46953.62116064329,-80.0,43.02301885151246,-83.00693709744519,-19.508456276569632,40.95056702017246
877,47008.0,46912.3330729836,46993.63822311975,47020.21191256962,47000.65278569563,48.0,40.65672613136121,49.05514534896429,55.837622956969426,46.664264337119675
878,46928.0,46951.60024582274,46970.88448406746,47082.1554918114,47046.94968931753,328.0,37.53627914829849,294.5717829613568,139.0213251474779,52.244388087776315
879,47664.0,46987.4056312802,47582.78178904246,47298.254562864575,47105.14156187118,64.0,33.842953080766165,54.19564309168345,33.226352485464304,30.24895064721204
880,47056.0,47019.28615198427,47079.275770250824,47148.60819678233,47107.447590611955,-408.0,29.817701235100685,-338.41966211826,-103.34226769108136,4.878408271368244
881,46848.0,47047.0410337504,46905.94246480594,47091.57002748241,47114.89837841392,264.0,25.725099504194077,213.9873335404227,64.74684444128798,20.795706722659816
882,47584.0,47070.73635099266,47507.25043733167,47278.1018856649,47149.039004057275,144.0,21.831020006324252,119.95184422847524,33.58280101494165,12.392575846221007
883,47136.0,47090.70307376305,47145.84615326289,47158.735629512295,47139.68353010636,-384.0,18.38463553624024,-312.17351775430143,-107.99844139645938,-9.171297445594973
884,46816.0,47107.50562206514,46882.90340182307,47062.105002871984,47130.696409166085,136.0,15.608094534989505,103.43902834054097,26.421874795683834,6.747699518025911
885,47408.0,47121.91926283303,47352.724209943975,47211.57937910366,47153.178929142414,208.0,13.688430039215746,161.57708717578862,51.26406578350725,9.741466433446476
886,47232.0,47134.88248214357,47206.057576174644,47164.633134439,47150.17934203298,-368.0,12.747451350915071,-299.7530060098834,-80.62967744516209,-7.09062000778431
887,46672.0,47147.41416553486,46753.21819792421,47050.32002421334,47138.997689126845,256.0,12.818934864277253,228.3621022968291,74.84690188100649,12.168231550211203
888,47744.0,47160.520351872125,47662.7817807683,47314.32693820101,47174.5158051334,224.0,13.822875699130236,191.54630305555838,49.170383088177914,7.043906263221288
889,47120.0,47175.05991693312,47136.310804035325,47148.660790389695,47153.08550165329,-440.0,15.55586057039909,-384.7270107387376,-151.33575261646547,-19.77602839744577
890,46864.0,47191.63207301292,46893.32775929083,47011.65543296808,47134.96374833851,-96.0,17.716149048876105,-96.34424829038107,-63.177640937574324,-4.57356589785195
891,46928.0,47210.49221503087,46943.62230745456,47022.305508514546,47143.938369857584,152.0,19.940625164690573,128.40608543655253,57.80282980373522,19.771540011948673
892,47168.0,47231.513323342304,47150.13993016393,47127.26109257555,47174.506828362406,112.0,21.875030516825063,117.21727352904418,84.58613034877999,30.893799922945618
893,47152.0,47254.24227606452,47178.05685451265,47191.477769212106,47205.725969703475,184.0,23.24454466666066,158.2011969119776,83.95556124260838,33.90543982624513
894,47536.0,47278.002412675625,47466.54232398789,47295.17221506077,47242.317708014896,-200.0,23.904850351089408,-172.41929693765996,-16.719446620951203,21.907623712162604
895,46752.0,47302.0519767667,46833.21826063733,47158.038875970204,47249.5412171278,72.0,23.875738869744964,81.62722458911594,65.88609889453073,32.100569969294156
896,47680.0,47325.753890415115,47629.79677316612,47426.94441284983,47306.518847953485,392.0,23.326992990048893,350.3187799587431,142.37774330454704,38.3035732233584
897,47536.0,47348.7059627468,47533.85582055482,47442.7943625793,47326.14836357452,-120.0,22.52820213909581,-106.66184983720086,-30.752868980885978,9.136933799756662
898,47440.0,47370.81029469331,47416.47307349172,47365.43867488806,47324.792715553,-264.0,21.780134005763102,-235.0173796045019,-114.63635024720861,-7.116012243866862
899,47008.0,47392.26623075832,47063.821061345814,47213.52166208488,47311.91633908678,-80.0,21.33901112289459,-73.54670541684754,-49.15618176073258,2.3194404881251103
900,47280.0,47413.488316939096,47269.37966265802,47267.12631136659,47329.43159652925,200.0,21.36523336386017,152.45691460231683,47.167804965007235,19.986837268927047
901,47408.0,47434.99669748604,47368.73489055045,47307.857272014895,47351.89001362464,-136.0,21.890491447451495,-96.97031935533232,-9.340403344249353,19.65291777661696
902,47008.0,47457.269299834,47075.43902394736,47248.44550467809,47368.73743208248,32.0,22.81978392338715,43.89925313372078,60.810985002244706,34.884290061971114
903,47472.0,47480.63626533282,47456.53339681789,47429.479242019384,47421.65859374858,352.0,23.967070802351373,303.7613569599853,159.77335835098347,50.404091353524564
904,47712.0,47505.2034414387,47682.96173786733,47567.99222138006,47469.54561478953,80.0,25.110238198081788,81.23703038606982,66.50909005070571,35.76430178042938
905,47632.0,47530.85674172898,47619.00745759003,47562.497422120796,47493.18719730944,-152.0,26.03578961797757,-128.91699232716564,-40.246088198869984,16.700942385381495
906,47408.0,47557.27502067466,47425.127753213,47487.50004498232,47502.947499560294,-128.0,26.56031159756094,-108.24093831205028,-35.2473546473193,14.507677228866669
907,47376.0,47583.9773649241,47402.52558096593,47492.00271282616,47522.20255176717,120.0,26.550536800757982,110.02573258258053,62.504024256923,26.565179795237782
908,47648.0,47610.37609427617,47645.17921837816,47612.508093496166,47556.07785915077,264.0,25.9154007895595,228.54972930302392,102.75942741808831,29.279200341137766
909,47904.0,47635.80816650322,47859.625039571976,47697.521567662334,47580.76095244945,0.0,24.583267322428583,-7.42898094629345,-18.225742002665356,8.52114092114789
910,47648.0,47659.54262892103,47630.32125648557,47576.056609490835,47573.120140993065,-464.0,22.4852707521095,-401.20339625726047,-157.43665342608438,-11.384804406730836
911,46976.0,47680.77870800744,47057.218247057455,47382.648260810165,47557.991343635986,64.0,19.563748278247658,50.744314866806235,9.915781724415865,13.970769824722083
912,47776.0,47698.670125477525,47731.809886219184,47595.88817293967,47601.06168064251,376.0,15.784749111822748,319.39087684873084,123.18399859933561,34.32342103865085
913,47728.0,47712.34820623109,47696.00000075492,47629.016258008836,47626.63818571329,-256.0,11.1596476141749,-195.80988168965996,-16.363785926416313,20.508414356438152
914,47264.0,47720.989420705875,47340.190122839864,47563.160601086835,47642.078509355386,80.0,5.7861876655770175,87.89242634117909,83.72464362141909,34.34424910987218
915,47888.0,47723.92058156224,47871.784853437275,47796.465545251674,47695.32668393303,448.0,-0.13258113481424516,387.76730772687733,187.53771679067358,43.61450877429161
916,48160.0,47720.72425843625,48115.72473829362,47938.23603466818,47729.30752690397,24.0,-6.287816133182787,22.563576324424503,30.888506750605302,12.446219316138013
917,47936.0,47711.344949295875,47916.912006086124,47858.242558752885,47720.21912256531,-352.0,-12.299833802859212,-294.2527017768807,-118.87219653886132,-19.877448210394505
918,47456.0,47696.12459083053,47527.21933473986,47700.49164159046,47689.55263048318,-32.0,-17.773924331049784,-33.5959976469785,-35.50509636719289,-18.98886055796902
919,47872.0,47675.797100633776,47849.72001079217,47787.2323660185,47682.24140144937,272.0,-22.35493106778813,211.10073001312776,44.35690743729356,-16.7991589613448
920,48000.0,47651.41472869495,47949.42079476611,47789.205456465046,47655.95431256049,-176.0,-25.79564779519933,-153.57492107069265,-103.42418132093735,-43.4893732608507
921,47520.0,47624.20580504338,47542.57016865078,47580.384003376625,47595.26265492767,-320.0,-27.992291475438833,-293.62010398622806,-178.6294514001056,-56.92852488644348
922,47360.0,47595.430145744074,47362.18058679366,47431.946553664835,47542.0972627876,-184.0,-28.9843817928886,-169.4866478888507,-112.4641728793722,-44.060529000682436
923,47152.0,47566.2370414576,47203.59687287308,47355.45565761788,47507.1415969263,120.0,-28.9276621914687,99.40065044482981,25.236932761981734,-17.198586014983448
924,47600.0,47537.57482136114,47560.981887683316,47482.4204191888,47507.70009075764,192.0,-28.046573187821195,162.2944532268084,68.17497116532104,-4.0565016307882615
925,47536.0,47510.14389508196,47528.1857793267,47491.80559994852,47499.02859366473,-104.0,-26.575818113666173,-71.86721172315083,-12.712019266014977,-10.520067409670446
926,47392.0,47484.423185133805,47417.247464237014,47456.99638065677,47486.659955938296,32.0,-24.70918322911166,15.299006095403456,-2.3110289633732464,-7.63563992951822
927,47600.0,47460.725528623734,47558.783791517504,47487.183542021776,47483.75731380569,-80.0,-22.570537511026487,-64.54471513197859,-26.2210676241084,-8.714776442320726
928,47232.0,47439.28211011175,47288.15803397306,47404.55424540855,47469.230403053654,16.0,-20.214104382052028,10.164412320838892,3.6478260910589597,-2.6653905993553053
929,47632.0,47420.29731985963,47579.11261615918,47494.479194203894,47478.42653260698,40.0,-17.647313590678095,26.51766298205257,21.16454589728164,1.5174561836756766
930,47312.0,47403.987482930395,47341.19335993716,47446.883337203115,47472.265315421006,-136.0,-14.856626810327725,-91.95245653621532,19.845811600782326,1.8520485850785917
931,47360.0,47390.584066238975,47395.20770308675,47534.17081740546,47482.13062977714,560.0,-11.841928503632516,504.7941825852213,174.3728889050726,15.971845844982454
932,48432.0,47380.30362592313,48350.781725107605,47795.62911501326,47504.20900711097,-56.0,-8.63758342987785,-66.25119535480917,-56.72714488557176,-24.311172310612164
933,47248.0,47373.30889937922,47262.70531237713,47420.716527634315,47433.50828515591,-744.0,-5.327359135291772,-673.5573319329851,-288.5543235617879,-61.42530769726727
934,46944.0,47369.64890765255,47003.667061241635,47218.520467889684,47381.358391716436,72.0,-2.0272126863310405,39.2970550727041,-64.93582579978465,-30.281973853652744
935,47392.0,47369.25447400656,47341.29942252254,47290.844876034746,47372.94433744861,96.0,1.1320086886698846,84.12947389359033,21.7468461624303,-9.366837395398761
936,47136.0,47371.91292502989,47171.926009028815,47262.014160214545,47362.62471692564,-16.0,4.012259817267477,10.256631650368945,34.17636428707192,1.0116153233138903
937,47360.0,47377.27899364109,47361.81268582328,47359.19760460889,47374.967568095235,232.0,6.4928115281691134,198.95010591084065,96.78224669879273,13.091229574358294
938,47600.0,47384.898548086225,47569.8262208505,47455.57865361213,47388.807176074355,72.0,8.467610619743937,57.14463927970792,24.170375809309917,3.279966782836709
939,47504.0,47394.21421488058,47476.101964382695,47407.53835622751,47381.52750166091,-280.0,9.846252982359147,-233.21443455433473,-96.2711192708739,-13.40329933040266
940,47040.0,47404.59105405094,47103.39735174183,47263.03641507038,47362.00057741355,-64.0,10.550976735466975,-55.717853931746504,-32.983733621931606,-3.426895376680477
941,47376.0,47415.31616835151,47364.6662565192,47341.570888983646,47374.67371090755,264.0,10.494710381724872,204.60018737339124,61.31991840508272,12.606819039374386
942,47568.0,47425.58047481439,47512.59772648861,47385.67625188055,47387.2142154923,-200.0,9.593613671186176,-155.226818082323,-47.05651116282024,3.501215359367052
943,46976.0,47434.503395693886,47054.212620354556,47247.457866658006,47381.67614162628,-40.0,7.7792034527738,-41.17508386650661,-2.4894518935398082,14.74573321529897
944,47488.0,47441.13888171994,47430.2475587556,47380.69734809347,47416.7056819229,96.0,5.018059409496345,87.2727321790444,79.58815548219718,31.464824392754963
945,47168.0,47444.53951451288,47228.758084712645,47406.6341776224,47444.60579041179,168.0,1.3405841276653518,188.57165133418312,145.253918340135,41.730398009487544
946,47824.0,47443.82004997527,47807.39086142396,47671.20518477374,47500.16647794187,472.0,-3.1168551332884817,409.316382017234,188.17359953820778,39.369011427170335
947,48112.0,47438.3058042463,48047.39084874711,47782.981376698815,47523.34381326613,-136.0,-8.083907148906292,-127.69541482782006,-52.73311972551892,-6.255474012428749
948,47552.0,47427.65223567746,47552.00003176832,47565.7389453227,47487.655529917014,-544.0,-13.16630222135791,-472.18616269547056,-210.37295871475726,-38.90550685326889
949,47024.0,47411.973199803586,47103.01852335617,47362.2354592693,47445.532799559594,-32.0,-17.87112795425128,-32.44374118644555,-34.3857564187565,-21.04609037944101
950,47488.0,47391.909979768956,47487.11254939543,47496.96743248519,47445.56334915813,456.0,-21.662037761758256,379.65677301642063,139.21568945848412,-2.0912829435583262
951,47936.0,47368.64912428007,47862.33206938901,47640.66683818627,47441.35023367248,-8.0,-24.035627886638395,6.8798669386596885,-3.9671752057838603,-28.94560380202529
952,47472.0,47343.83872399568,47500.87228327275,47489.03308207362,47387.67214155408,-240.0,-24.613726340983703,-217.09836975251892,-143.1172150758357,-57.894485040695145
953,47456.0,47319.4216715981,47428.135329883975,47354.4324080346,47325.56126359109,-200.0,-23.209251078151283,-212.06030396890492,-185.38447002172688,-68.63281478344288
954,47072.0,47297.42022183938,47076.75167533494,47118.264142030166,47250.406511987196,-360.0,-19.86909981288045,-327.62527787434374,-213.03619498935223,-66.23442600452836
955,46736.0,47279.68347197234,46772.88477413529,46928.36001805589,47193.09241158203,-120.0,-14.87652052114936,-119.44303052323085,-93.72411494632252,-34.45947982606231
956,46832.0,47267.66718079708,46837.86561428848,46930.81591213752,47181.48755233507,104.0,-8.687961349940451,94.3089115955845,51.863850150391954,5.869518369789148
957,46944.0,47262.30754927246,46961.50259732646,47032.08771835668,47204.83144832161,224.0,-1.8671545352954126,211.14996967026673,145.3156653974911,36.38546840262279
958,47280.0,47263.93287172649,47260.16555362901,47221.4472429325,47254.25848914032,200.0,5.003438999185164,199.49072444762714,160.08314604207771,48.1399652757209
959,47344.0,47272.31442727083,47360.48404622171,47352.25401044083,47301.11137887305,184.0,11.416204995468433,182.73872370127356,134.93377272874568,44.708458676388545
960,47648.0,47286.765281717424,47625.64300103156,47491.314788389995,47343.675406493094,184.0,16.9853956192419,153.37395996763007,60.71817214416296,27.34779794469432
961,47712.0,47306.285218509314,47667.23196615697,47473.69035472916,47355.80697476244,-336.0,21.475538552556827,-300.9532019190665,-136.77925629625315,-5.678082992530108
962,46976.0,47329.71635882254,47023.73659719343,47217.75627579749,47332.31924050803,-312.0,24.7914466630682,-286.11038516706685,-135.0559410329297,-5.6717722290050006
963,47088.0,47355.86811183545,47095.01119582284,47203.5784726633,47344.46343030443,120.0,26.950315494872484,106.33057774359986,43.61143319745679,24.967361311617424
964,47216.0,47383.61698981228,47236.39775268063,47304.9791421924,47382.25396313127,264.0,28.04657824637252,243.37532026094414,145.8902406253037,46.1032309834045
965,47616.0,47411.961268328196,47581.761836344725,47495.35895391391,47436.66989227124,176.0,28.213686649625743,174.17326538770067,130.05928867845796,45.44942375352912
966,47568.0,47440.044363111534,47584.74428345603,47565.09771954932,47473.15281063833,88.0,27.581985998232994,86.70386439146387,68.28762541007018,31.7405588990041
967,47792.0,47467.12524032466,47755.16956512765,47631.93420473405,47500.15101006925,-8.0,26.260211630018603,-13.726892690094246,-13.196412448247429,12.405749934383493
968,47552.0,47492.56478637157,47557.29049807584,47538.70489465282,47497.96431050709,-184.0,24.321999364954536,-171.42657667261665,-99.87686275480883,-4.888484036800946
969,47424.0,47515.76923905457,47412.31641178242,47432.18047922443,47490.374041995645,-232.0,21.797984495358833,-203.39202738132008,-102.43417581618269,-4.2715664116622065
970,47088.0,47536.16075536229,47150.5064433132,47333.83654302046,47489.42117768377,64.0,18.697194196851342,50.72224809676845,24.574335306253488,19.118194572307402
971,47552.0,47553.16362744827,47513.76090797596,47481.329149836936,47528.61043114026,184.0,15.034540308217402,172.05900454252333,112.15718173495043,38.01977501350848
972,47456.0,47566.229835978724,47494.624452398246,47558.15090649036,47565.460727710786,184.0,10.870568568509043,173.98580641352237,127.8972098985978,42.32333295606077
973,47920.0,47574.90476458529,47861.732520803,47737.12356963413,47613.25709705238,64.0,6.343223080566531,75.77067241978511,87.53444796083932,32.459224194215494
974,47584.0,47578.91628213986,47646.165797237816,47733.21980241204,47630.37917609922,104.0,1.6812216892467404,103.03801342350198,70.70613398392015,19.441037851796864
975,48128.0,47578.267207963785,48067.808547650005,47878.53583760197,47652.139172755975,152.0,-2.8180159975236165,112.9097378625811,20.583953990924783,-2.033044705443899
976,47888.0,47573.28025014481,47871.98527296298,47774.38771039389,47626.31308668833,-304.0,-6.826506134264491,-275.89690987215,-160.95427201113853,-38.9104317332276
977,47520.0,47564.614195695256,47516.014727905706,47556.627293579695,47574.31830928952,-424.0,-10.044149941510113,-375.8969055287416,-199.44677002434764,-49.27886193433733
978,47040.0,47553.19195026179,47120.191461905495,47375.49417034519,47527.755362819655,136.0,-12.272676131444314,100.9262505093684,-13.386038061911677,-22.175178328878246
979,47792.0,47540.06884343237,47717.86722892444,47529.85521745587,47529.96795263176,160.0,-13.452089668302506,131.21970465904087,23.28865583861625,-10.889012556308444
980,47360.0,47526.287770925184,47382.63087122358,47422.071482022424,47505.97733770704,-272.0,-13.66890590100229,-222.08200158298132,-76.74799442223593,-16.691748039367667
981,47248.0,47512.73103163036,47273.70322575848,47376.3592286114,47496.58445655303,32.0,-13.136310727135424,19.58848332731941,18.46736089467595,3.0363416736363433
982,47424.0,47500.01514947091,47421.807837878216,47459.006203811776,47512.05002105431,136.0,-12.132708890574577,137.14380151080695,100.15007710626014,19.868065554001078
983,47520.0,47488.465613849214,47547.99082878009,47576.65938282392,47536.32058766103,328.0,-10.945313906933734,289.4698370780279,145.9828704241081,25.086595989767375
984,48080.0,47478.124521657046,48000.74751203427,47750.97194465999,47562.223213033845,40.0,-9.81811878339795,33.161541149849654,9.798534166067839,0.013786024508590344
985,47600.0,47468.82937628242,47614.31391107979,47596.256451156056,47536.34815971005,-352.0,-8.914991856501729,-314.8640455555251,-156.5872679259046,-29.057645338296425
986,47376.0,47460.29453794404,47371.01942092322,47437.79740880818,47504.10792235725,-296.0,-8.315076809165475,-268.197385540454,-127.56033794378527,-25.834841234929627
987,47008.0,47452.19922266409,47077.919139998885,47341.135775268485,47484.67847724019,272.0,-8.032942374680715,233.88119439401635,69.90625409454879,4.4044787449420255
988,47920.0,47444.22865319468,47838.781809711254,47577.60991699728,47512.91687984714,184.0,-8.044749039007002,167.56928544533366,65.27910022743163,7.884246599307517
989,47376.0,47436.10972458607,47413.05771088955,47471.69397572335,47500.4469704388,-288.0,-8.300367488092888,-230.61888687453757,-58.06895341226118,-6.247560886396968
990,47344.0,47427.627918218495,47377.54403596218,47461.47201017276,47500.42175807434,176.0,-8.732015290199342,132.20650488352476,48.51403953578847,7.795875539261033
991,47728.0,47418.645694005674,47677.4707206566,47568.722054794925,47516.038721517325,48.0,-9.2511232611796,47.280287977449916,27.611072019633866,5.018899518843682
992,47440.0,47409.125671696136,47472.10461191708,47516.694154212026,47510.45955711203,-56.0,-9.736519550864614,-44.84304915414032,-13.680823476886872,-2.0561865496893006
993,47616.0,47399.172654903945,47587.78462234832,47541.36040784115,47511.92634841795,-16.0,-10.028443084236642,-25.396877827126445,-12.653542450298119,-3.7368912731908495
994,47408.0,47389.06878552766,47421.310856262826,47491.38706931143,47502.98577456565,-136.0,-9.939495426599024,-99.9194847713843,-8.279803874003846,-4.191285124012211
995,47344.0,47379.29366405075,47387.94565280555,47524.800800093144,47503.54377816992,392.0,-9.272061940831918,344.73543938005605,123.81413082828294,8.535192512768845
996,48192.0,47370.524661646,48110.78173502294,47739.015330967995,47520.056159591186,0.0,-7.863802585219673,-2.003640300110419,-12.277803641150967,-17.0848105991754
997,47344.0,47363.56605888031,47383.93837220533,47500.24519281084,47469.37415697157,-416.0,-5.643045279441139,-366.7754829683108,-160.6475417517322,-44.413294771038636
998,47360.0,47359.23857108712,47377.230769086316,47417.72024746453,47431.22957004911,128.0,-2.643601168438181,79.44624231258786,-53.66482161404201,-34.58310842000719
999,47600.0,47358.27885654343,47542.83085683051,47392.91554958276,47400.20794013156,-160.0,0.9696865880287078,-158.86486821597646,-128.34692309039747,-41.01123291097247
1000,47040.0,47361.177944263174,47059.50103265436,47161.026401283736,47349.207104227164,-400.0,4.905154540021613,-347.2054207916117,-171.37594765715767,-35.54048069303826
1001,46800.0,47368.089165623474,46848.420015247284,47050.16365426844,47329.12697874548,40.0,8.80514132873941,31.019058829358983,14.219080118931743,6.376223455590662
1002,47120.0,47378.78822692065,47121.53915031308,47189.4645615216,47361.959551138345,304.0,12.304723621306039,280.81488663121854,174.03318801395653,44.93054994978593
1003,47408.0,47392.69861286609,47410.04978850972,47398.230030296356,47418.98807864505,320.0,15.093932717401913,298.7595807452417,203.88048392293786,57.57793143895469
1004,47760.0,47408.97609235546,47719.058311803565,47597.225529367475,47477.115414016254,80.0,16.97213471547002,104.30008231165993,117.6082637548534,43.983106072020746
1005,47568.0,47426.64288229703,47618.64995313304,47633.44655780606,47506.954290789094,232.0,17.865415169457265,211.86172303715648,68.94430734161506,26.786591312287783
1006,48224.0,47444.70692269437,48142.78175787788,47735.114144050705,47530.68859664083,-344.0,17.817052609647362,-328.71585983601835,-142.77534173000095,-10.931264316219313
1007,46880.0,47462.27698751632,46961.218233461004,47347.89587434606,47485.091762156655,-376.0,16.95201453447953,-353.85730149597657,-153.27033253161062,-15.342246376341791
1008,47472.0,47478.61095176333,47435.067154885925,47428.573478987484,47500.004103888146,296.0,15.415355218443437,255.30577816643927,58.96434413516181,16.31254692589937
1009,47472.0,47493.10769795321,47471.82978979388,47465.824562616384,47517.716856008454,24.0,13.335893501876853,35.91158387739051,34.16336493709241,19.998594920725736
1010,47520.0,47505.282738767084,47506.890322640706,47496.90020886167,47540.0012937296,-40.0,10.807555561317713,-30.487853949649434,19.52575067611906,23.28450240762686
1011,47392.0,47514.72280907584,47410.854081894584,47504.87606396862,47564.28586082371,-24.0,7.886183513743163,-1.7658312731946353,64.41388709126113,32.898860135293944
1012,47472.0,47521.05510579457,47503.358660094316,47625.72798304419,47605.799014000186,448.0,4.612062796095415,397.9638478126253,197.71591059766433,48.20310387648715
1013,48288.0,47523.946934668034,48206.781777519835,47900.30788516395,47660.69206857668,88.0,1.0390560001214908,104.78187669342515,80.7338447017355,23.52765800533234
1014,47648.0,47523.13321779481,47712.92241348117,47787.19567244766,47652.85433001085,-136.0,-2.7450489502225537,-125.36313744284416,-43.514376492454176,-7.595022065292142
1015,48016.0,47518.45683676759,47956.055502634146,47813.27913217904,47645.5020244461,-32.0,-6.60925611499988,-56.58939767631455,-75.27697417909803,-25.877204342443292
1016,47584.0,47509.91470556481,47599.74361812854,47636.641724089466,47601.099921325964,-328.0,-10.401821319748706,-277.5937938629104,-150.31654604484356,-43.54710705384059
1017,47360.0,47497.65319412809,47400.867914908325,47512.646040089356,47558.407810338416,32.0,-13.969905970934633,5.46387132142263,-47.672663955429016,-32.77172047062413
1018,47648.0,47481.974893622944,47610.67136077138,47541.29639617861,47535.556480384716,40.0,-17.17101492202346,23.160249719989224,-24.701445821447123,-28.47350593446754
1019,47440.0,47463.311164284045,47447.188414348304,47463.24314844646,47501.46079846948,-152.0,-19.88971709492762,-127.54087468153739,-66.43167350891599,-31.022641991759883
1020,47344.0,47442.19545943309,47355.58961140831,47408.433049160776,47473.511196401196,-32.0,-22.029594227195048,-33.65074589847063,-22.593574705300853,-21.474042248224578
1021,47376.0,47419.251975829655,47379.88692255136,47418.05599903586,47458.51271397303,40.0,-23.500139536841743,43.73192389989708,30.65094939302071,-10.872846729515004
1022,47424.0,47395.195180359406,47443.0534592081,47469.73494794682,47451.765502942166,184.0,-24.191797943101847,158.43383269724654,74.54642288436298,-5.358935883752565
1023,47744.0,47370.86837994345,47696.754587945856,47567.148844804586,47447.79484220553,8.0,-23.966172913973423,17.47406846703234,8.988319260060962,-18.780918626365747
1024,47440.0,47347.26283453146,47478.00159614217,47487.71158646694,47414.203665689434,-24.0,-22.67128843012688,-28.745011092865752,-55.5814651041801,-34.88099323162169
1025,47696.0,47325.5258030832,47639.264565760124,47455.985914596225,47378.03285574228,-256.0,-20.160179356131266,-245.84450749096868,-151.73271457259762,-52.0691671600398
1026,46928.0,47306.942475819196,46986.31258116023,47184.246157321744,47310.065331369355,-256.0,-16.337343667302775,-237.95877288921838,-143.61667861360547,-48.86425780445643
1027,47184.0,47292.85111574859,47163.34701998169,47168.752557369015,47280.30434013337,104.0,-11.20110725223276,73.76953872988088,-23.117321268229716,-24.945774229316157
1028,47136.0,47284.54026131473,47133.85165861999,47138.011514785285,47260.17378291072,-48.0,-4.873680212993349,-40.23706826174384,-29.735285191083676,-13.921868077115505
1029,47088.0,47283.103755322605,47082.8728834582,47109.28198698685,47252.46060397914,-96.0,2.38523745157363,-76.61435787081064,-18.088534305014036,0.5098512673757796
1030,46944.0,47289.31073621788,46980.62294287837,47101.83444617526,47261.193485445474,72.0,10.179426109007181,80.86477381202712,71.46968227604157,24.592555738610827
1031,47232.0,47303.46260754062,47244.602431082254,47252.22135153893,47301.64571545636,384.0,18.024347210026463,326.99164361514704,160.49758113314238,43.9345157837015
1032,47712.0,47325.35943063793,47634.606230108664,47422.82960844154,47349.06251701288,-8.0,25.387592351802596,3.034949569730088,26.023061123374646,29.26992740716014
1033,47216.0,47354.237792244225,47250.672330221714,47304.26747378568,47360.18557027068,-248.0,31.72186467859865,-210.57224877838235,-74.42839776301844,18.33233177134025
1034,47216.0,47388.80315999513,47213.4617325519,47273.972812915505,47385.72718055556,-56.0,36.54550993561497,-49.90193491032551,-1.3082544124190463,34.027969312650384
1035,47104.0,47427.328812115455,47150.86846040106,47301.65096496084,47428.24150889598,224.0,39.462642340527964,205.00497335879845,126.50363452575766,58.726403785229195
1036,47664.0,47467.728444676184,47623.471679269496,47526.98008196702,47503.179988126016,256.0,40.18434755096314,236.70567171162838,156.81915798968475,66.89747863632874
1037,47616.0,47507.69750721738,47624.27980382432,47615.28928094021,47562.03646616864,16.0,38.549593657233345,42.20714367642722,87.95383944329296,56.15830135105716
1038,47696.0,47544.82763199065,47707.88596662235,47702.887760853606,47615.49659082813,168.0,34.49773797940361,143.03599590978047,91.04236034020141,49.434954200896755
1039,47952.0,47576.69298317619,47910.35179564388,47797.374001620614,47660.90637457043,0.0,28.06461067886994,-5.775192759047059,17.17324157731855,30.85510247082857
1040,47696.0,47600.95685334839,47696.33558110426,47737.23424400824,47677.20679576979,-264.0,19.374504921699554,-212.33830901835972,-39.5226356082494,15.360760987838148
1041,47424.0,47615.44199301959,47485.67517760716,47718.328730404115,47691.62789654611,440.0,8.651531961731962,399.2230721391279,128.25885159792597,27.80249560363154
1042,48576.0,47618.259917271855,48494.78172538251,47993.751947204095,47732.81178697705,-72.0,-3.7493553305284877,-62.70317970280303,-15.700809597969055,-0.9755202202104556
1043,47280.0,47607.94328235853,47360.268818201555,47686.92711120818,47689.67685610569,-400.0,-17.3053912744399,-368.95804938287984,-103.36128039183313,-22.651088066075317
1044,47776.0,47583.649134722975,47756.86562661675,47787.02938642043,47687.5096108449,344.0,-31.275508000577247,300.9249414989754,105.61696842246602,-6.591764718545164
1045,47968.0,47545.392266357376,47962.118701199506,47898.16104805311,47676.4933266686,192.0,-44.687308351742104,175.84658058027344,76.21218565923118,-25.59161784287062
1046,48160.0,47494.27451801949,48108.5587877773,47939.45375773889,47636.32637515916,-128.0,-56.36742473831691,-110.76597453572322,-68.98041144477247,-66.35063275148423
1047,47712.0,47432.65741688074,47740.58675212806,47760.200225163564,47543.79206116563,-248.0,-65.03543341421027,-225.03827500894113,-155.15341999354132,-100.94471093524407
1048,47664.0,47364.20365119107,47658.48223775942,47629.14691775181,47434.43695328867,-96.0,-69.45154804626509,-109.69332557156667,-148.4798485358515,-120.83326021252651
1049,47520.0,47293.75432078821,47521.20010098493,47463.24052809186,47302.12554074058,-120.0,-68.6109664167816,-131.28163184984078,-194.28612561401678,-143.20513551106706
1050,47424.0,47226.98171835751,47395.918974059736,47240.574666523775,47148.026682266536,-488.0,-61.951244069110544,-488.600049513032,-436.2723351498098,-167.89752436071285
1051,46544.0,47169.85183264999,46544.00000195886,46590.69585779224,46966.33049201915,-752.0,-49.510404958633444,-720.9882519845778,-504.6370729918053,-160.5796656464263
1052,45920.0,47127.96090844024,45953.94247009058,46231.300520540164,46826.867350973684,-352.0,-32.0062821150932,-328.36209885084827,-203.7450769819916,-94.11977349678637
1053,45840.0,47105.839268419804,45887.275804257166,46183.20570382826,46778.09094502558,376.0,-10.809766839764052,337.3812547812304,123.50803520222325,-1.8718586968243471
1054,46672.0,47106.34137476071,46628.70497965304,46478.31659094461,46823.123633580035,392.0,12.197566867896967,357.28517433229354,198.2691825886577,52.5888702334596
1055,46624.0,47130.2344021556,46601.84615292175,46579.744069005574,46883.2686854925,-192.0,34.86357690150544,-137.6280621225269,79.29951256374989,73.10848618708405
1056,46288.0,47176.06852856372,46353.44885540799,46636.91561607211,46969.3406059542,440.0,55.05230831831432,410.4678116128234,272.2164079860013,120.138950759414
1057,47504.0,47240.33901879223,47422.7817761474,47124.176884977576,47123.546587011326,296.0,70.94315045637632,303.5801229796998,256.76265851084463,135.18331040769408
1058,46880.0,47317.954829476475,46960.60910136739,47150.4409330938,47239.70722676959,-72.0,81.26541865878244,-31.08632153299186,161.48451466312326,134.1460010967421
1059,47360.0,47402.86985610979,47360.609133081416,47447.14591430382,47391.83858920481,624.0,85.43191441328236,561.1114550226011,340.2779383619345,153.7232918954578
1060,48128.0,47488.81865830304,48082.83201141259,47830.99680981767,47547.15381056051,344.0,83.58102457840869,338.31717749260133,235.34930042268024,126.27291188372328
1061,48048.0,47570.03190526661,48037.24348806662,47917.84451514918,47644.38441297226,-112.0,76.50474414251221,-99.37108301285116,21.76996290610623,77.04982306036618
1062,47904.0,47641.828146588065,47884.08984538689,47874.53673562988,47701.25345668124,-296.0,65.47794922263347,-252.70441574529468,-58.03941170435792,46.73171654303951
1063,47456.0,47700.987803711876,47531.83465657603,47801.76569174047,47737.847846058336,256.0,52.04950055036534,231.65995082907466,100.11180198081638,50.686781680014974
1064,48416.0,47745.927147688795,48347.409747045036,48074.760339591514,47802.62702004127,296.0,37.82960640818055,267.88196893437635,102.37481764680342,34.11052498499339
1065,48048.0,47776.64701652824,48067.59859444478,48006.515327034074,47806.06889602832,-200.0,24.289261394980713,-181.81818037635094,-88.98734904039884,-8.654679211525945
1066,48016.0,47794.50567047876,47983.773386292334,47896.785641510716,47785.31766161822,-344.0,12.594727201150818,-314.1965243700324,-169.33686476800358,-32.28535132919933
1067,47360.0,47801.83647093054,47439.20554570472,47667.84159749807,47741.498193369924,-72.0,3.532211109130003,-79.30186438477176,-75.02324526361917,-24.744558579794102
1068,47872.0,47801.57009269702,47825.16965752279,47746.73915098348,47735.82854445863,192.0,-2.5143799368815962,151.812399432034,16.267128977153334,-12.47822168836501
1069,47744.0,47796.807711056776,47742.830344568785,47700.375855452374,47716.541749993194,-96.0,-5.559206659196207,-88.18759011008297,-68.17536780492082,-20.659706965776422
1070,47680.0,47790.451679378624,47648.794477302625,47610.388415373636,47694.509130527076,-376.0,-5.95049402046061,-334.80607171858355,-124.79323239191581,-21.30716293976002
1071,46992.0,47784.906723015854,47073.21820113162,47450.78939066854,47673.92742411367,224.0,-4.289764662014932,198.99373326692512,69.79567062917704,13.514664792277472
1072,48128.0,47781.872150054594,48046.781943836475,47749.97975663199,47721.53846011163,232.0,-1.3650655462697614,231.99985030568132,110.18024427944329,27.28795900354089
1073,47456.0,47782.176591923315,47537.21790174298,47671.14987922743,47728.503342120755,-56.0,1.9820724569253798,-49.286497640085145,28.745062209149182,20.590049115158763
1074,48016.0,47785.836294968445,47948.208948556305,47807.46988105029,47762.71855834195,96.0,4.950428933596413,69.58495262361248,32.05494234800426,21.55114413829142
1075,47648.0,47792.07744979051,47676.387806990206,47735.25976392344,47771.60563039734,-168.0,6.8436596788415045,-129.88210661506673,-28.5802351651364,15.067353575257584
1076,47680.0,47799.52361432613,47688.44473532617,47750.309410720016,47792.853265492464,56.0,7.192043356371869,54.28060496681064,50.20435215658654,26.890298369748052
1077,47760.0,47806.46153650325,47784.94901692383,47835.66846823661,47825.386227136834,256.0,5.792607707400748,221.24936621679808,123.19329163490329,35.8022730012126
1078,48192.0,47811.10882974093,48130.94346775977,47996.69599398982,47864.45781149489,24.0,2.7254381666862173,40.711789634791785,63.37552274812333,22.694474932799494
1079,47808.0,47811.912412836624,47866.37259619341,47962.41951373286,47870.77517700243,16.0,-1.6599585119583935,27.292109400677873,42.933276609459426,9.456124357664521
1080,48224.0,47807.78891271701,48185.52768656112,48082.56254720874,47883.37006021022,144.0,-6.839114759895892,126.79352317332814,49.424307080258586,-4.436613781705091
1081,48096.0,47798.23418331683,48119.95964254007,48061.268127893374,47861.90194943902,64.0,-12.221637708466005,54.23016867929255,-38.66035536867639,-33.17301329924521
1082,48352.0,47783.34563730008,48293.98802391971,48005.24183647139,47817.02403361173,-368.0,-17.27589809179699,-367.0595836526045,-229.40537318629504,-71.62671414670695
1083,47360.0,47763.68238713324,47385.84047523486,47602.457381520784,47718.64852114561,-584.0,-21.6355410196702,-527.9170878797959,-281.555764190216,-80.44308640883901
1084,47184.0,47740.07455526074,47238.15384816012,47442.13030809096,47656.13786079405,176.0,-25.14533883050899,123.08261372583002,-31.261919384349312,-38.903767311858246
1085,47712.0,47713.39170947222,47632.00570268652,47539.933542752085,47640.84098652189,-72.0,-27.852686381727835,-58.467804021962365,11.770006037175335,-18.854824946061854
1086,47040.0,47684.369182497285,47121.21824011619,47465.67032016531,47618.428210901926,256.0,-29.943002837579115,259.76021840158865,138.57193749587168,6.508634925128717
1087,48224.0,47653.50570379706,48151.526139489695,47817.07741774383,47653.85825637215,392.0,-31.636089188705228,355.83028841198393,147.94580645043243,6.922958288832888
1088,47824.0,47621.097004119874,47832.87881694016,47761.56193306617,47632.27412747959,-328.0,-33.081007401953684,-274.25323784873035,-86.73451814456712,-31.17042251857856
1089,47568.0,47587.343688993155,47603.019663792234,47643.608381454695,47591.51741133499,-24.0,-34.28750900299565,-54.76083418673443,-80.14936088412651,-39.580845577853324
1090,47776.0,47552.52198611388,47723.35714856669,47601.26321129792,47553.112436323885,-264.0,-35.11028555795929,-240.90073585026403,-129.71356450782332,-49.54935319491051
1091,47040.0,47517.123117877236,47121.21819209171,47384.18125243905,47492.41870494517,-72.0,-35.283444646160206,-60.64978734328179,-44.991332639343455,-38.07279613145511
1092,47632.0,47481.95509682156,47602.05757388013,47511.28054601923,47476.966844060975,360.0,-34.492411058192374,293.75300597406385,66.73956658980387,-23.203518681148125
1093,47760.0,47448.13829576085,47708.724204039834,47517.660385618656,47446.011667582876,-248.0,-32.45089937595549,-218.44640882680687,-114.78996759124857,-46.65459309895596
1094,47136.0,47417.05329806965,47165.16475622651,47281.700610836735,47383.65765786306,-376.0,-28.974289596138988,-329.00160749509087,-163.10946936355685,-49.97112682665829
1095,47008.0,47390.18971656857,47050.72098904965,47191.44144689154,47346.06941392956,136.0,-24.021046374324214,99.16117807140472,1.461559500581643,-20.684773237026093
1096,47408.0,47369.011205321,47363.48711236932,47284.6237298379,47342.28811138901,104.0,-17.691951590524695,90.20168516629928,31.494147865305422,-7.066896971100505
1097,47216.0,47354.805813387524,47231.12435938225,47254.42974262215,47331.93561998736,-80.0,-10.226086851762375,-56.74095607580239,-10.979115904665377,-4.555710402284603
1098,47248.0,47348.55903161748,47250.00520021772,47262.66549802857,47333.17669058444,40.0,-1.9805655013115029,28.906841924079345,15.568504420698446,5.499905126307567
1099,47296.0,47350.8446823849,47288.93804323041,47285.56675146355,47342.93543023997,-8.0,6.595865922834491,3.6230591647508845,17.68462916675344,12.105511167526856
1100,47232.0,47361.75076346315,47257.25131854722,47298.034756362074,47357.387712919495,112.0,14.99338433549201,94.56986805289489,45.48538307956551,20.721668325499195
1101,47520.0,47380.831451055885,47478.0777793362,47376.53751762268,47384.37876689097,16.0,22.657126251131558,11.215357469962328,6.771520071943087,20.209992316024
1102,47264.0,47407.06501596541,47279.682033487145,47311.57779650596,47397.80769755154,-144.0,29.013964559424494,-119.98557841332149,-41.17082286373625,20.119315538151568
1103,47232.0,47438.859380174734,47238.10662250956,47294.19587189521,47424.617397967275,-8.0,33.537883113684074,-11.042298429812945,13.716011336851807,36.44057031409102
1104,47248.0,47474.14078219278,47257.59743662752,47339.009819179664,47470.688838179725,56.0,35.81029152526389,67.47799725555888,90.31885687428439,57.20588212143775
1105,47344.0,47510.47996322526,47373.062617020674,47474.83358564378,47539.02916221015,336.0,35.586712541877205,307.70232424107235,201.24055928600137,78.09178214093117
1106,47920.0,47545.31420727653,47873.00208510966,47741.49093775167,47626.87240246159,216.0,32.875539650631254,218.0258348927673,177.40282098372336,73.18686037452062
1107,47776.0,47576.231042526524,47809.11428680621,47829.639227611224,47685.40288295919,88.0,27.960236695467756,101.68363572760427,114.96790366517234,54.00062464555958
1108,48096.0,47601.23468066747,48076.36935656487,47971.42674508201,47734.87365175271,208.0,21.376824456430768,169.10185258301863,79.50089001179003,31.414451381151594
1109,48192.0,47618.984691439386,48147.317991972246,47988.641007634804,47748.231785721495,-168.0,13.892395896727976,-152.46140473140986,-84.46523362980224,-8.83027674513869
1110,47760.0,47629.019472460925,47771.44654710205,47802.49627782241,47717.21309826243,-368.0,6.390879449518252,-318.63870935994055,-164.89659090119312,-33.15803254594357
1111,47456.0,47631.76645033842,47510.040573252365,47658.84782583242,47681.91572062961,32.0,-0.24778892998801894,8.79689241214146,-42.22453907377712,-24.001591601339896
1112,47824.0,47628.52389460095,47789.040331926335,47718.04719967485,47669.20991505975,136.0,-5.238542421226157,104.20141830563807,6.222973679861752,-20.445309816874214
1113,47728.0,47621.28936549597,47718.44340986364,47671.29377319214,47641.02510099586,-136.0,-8.005367040696001,-118.3798727444846,-75.1065398866449,-32.53355901409304
1114,47552.0,47612.51316051956,47552.280586437366,47567.83411990156,47604.14279703156,-192.0,-8.255592915204033,-164.75989123942782,-95.5425933397928,-34.27516411272154
1115,47344.0,47604.77817966556,47388.923627384786,47480.208586512555,47572.474772770416,96.0,-5.986896770347812,61.26117787135445,-19.521240132729872,-20.244285622626194
1116,47744.0,47600.53936697886,47674.802942180075,47528.7916396361,47563.65422578631,-64.0,-1.480055741070828,-68.78207705215755,-59.021127058396814,-17.837835694786918
1117,47216.0,47601.81806818342,47251.35947328047,47362.16633239576,47536.79910138084,-288.0,4.736695281404536,-237.96999974941718,-93.54214104246785,-10.8151693364307
1118,47168.0,47610.01275754167,47198.86294268124,47341.70735755117,47542.02388711345,112.0,11.986259557117592,101.81818280697917,66.39470393099691,23.925980088282813
1119,47440.0,47625.790587297655,47454.99583889443,47494.955740257756,47584.65106155741,376.0,19.518023812514002,334.8466177835471,180.72625283545858,49.85972752183079
1120,47920.0,47649.0488051667,47868.556178248335,47703.159863222085,47641.74334215711,168.0,26.5936155938507,152.6067034973821,99.78405457537883,43.179447707552754
1121,47776.0,47678.97781848536,47760.20924588919,47694.52384940851,47671.00995697251,-232.0,32.57290268132783,-187.30070291316588,-49.37408910931845,24.01711266403072
1122,47456.0,47714.194610529354,47493.954772422,47604.41168500345,47689.77756748517,-88.0,36.966439144613105,-76.48061135715761,-15.906321903337812,30.45648888692085
1123,47600.0,47752.91069677458,47607.24802317488,47662.71120560184,47731.922934746355,176.0,39.47399781408967,149.5333666272636,89.65512339930865,48.741513998495066
1124,47808.0,47793.14260615753,47793.02150567653,47783.721931802065,47787.26059548216,96.0,39.99000008551593,110.88101088433541,108.87169210125649,54.30069050991733
1125,47792.0,47832.890696945615,47829.01004494355,47880.45458980435,47840.52431576619,272.0,38.596134224040725,238.88039890526488,140.95995290446444,55.68993607233642
1126,48352.0,47870.334874605614,48270.78230348706,48065.641837610994,47898.640467626836,-32.0,35.5291774018624,-9.896188559279835,42.00816661214412,35.448175241985155
1127,47728.0,47903.94905174934,47809.21766782499,47964.47092302864,47911.42066625016,-40.0,31.148747443512548,-19.695597554284177,17.064546931964287,21.951231935836404
1128,48272.0,47932.63236949264,48231.39110837849,48099.77093147492,47942.54293149851,272.0,25.87862229741222,211.0866130806753,49.18547418374146,14.649411823269475
1129,48272.0,47955.706296344164,48231.39089398634,48062.84187139612,47940.7194898967,-312.0,20.161271304950787,-281.390990056032,-141.5081243807399,-18.3874671069716
1130,47648.0,47972.95491210254,47668.60912826643,47816.75468271344,47905.767997284565,-432.0,14.435597966541536,-381.39087879221916,-161.70984732596116,-22.06309274790692
1131,47408.0,47984.57749227725,47468.6091364019,47739.4221767442,47896.593304400885,296.0,9.095081315354037,257.6514577281705,88.37858240286005,15.254972336362698
1132,48240.0,47991.14507473325,48183.91204372277,47993.51184751916,47936.27794195729,304.0,4.4732819429118535,280.25735835152955,130.84559453454858,24.49853465427441
1133,48016.0,47993.52405616307,48029.12385310496,48001.1133658133,47945.590373709434,-120.0,0.8347541377188463,-89.16892509299214,0.1582012007747835,5.791950437611376
1134,48000.0,47992.81458300869,48005.574193536784,47993.82824992071,47947.86184283251,32.0,-1.6372256572904007,4.3213081157337,-10.370990932220593,-0.33543873529561097
1135,48080.0,47990.24960484849,48037.76646933643,47980.371383948856,47944.91949623884,-216.0,-2.848281903854513,-178.97537751821073,-63.271173997432925,-9.696371781727066
1136,47568.0,47987.11801920098,47647.62343850036,47867.28590192585,47928.46909926906,104.0,-2.8085369063737744,98.63260087107119,36.557468939910905,1.5730579936680442
1137,48288.0,47984.63253103574,48235.03167107857,48053.48632182868,47948.06561222618,280.0,-1.6549639246622974,231.9081487657495,68.94358081716928,2.59979356842814
1138,48128.0,47983.80809135165,48111.43973603186,48005.173063560185,47933.668686405916,-232.0,0.34987385430940776,-206.3932548873854,-109.7267264883958,-24.113491499967495
1139,47824.0,47985.33227874436,47822.2451613038,47834.032868851886,47899.838629226244,-320.0,2.822865627145802,-297.9687682090771,-166.12376028235667,-30.038125718361698
1140,47488.0,47989.453822605945,47515.50219961371,47672.92554299547,47873.59243496919,-192.0,5.288197136644158,-169.23196362155068,-68.64455435867421,-6.966572508590616
1141,47440.0,47995.90867301765,47483.7812340607,47696.74376013454,47885.90548420906,376.0,7.2352632092552085,332.9887388618772,152.19009720632675,34.60832345032031
1142,48240.0,48003.924349024455,48181.47967733746,47977.305737408125,47942.80908186983,264.0,8.19968259466259,259.2932958526544,149.21484597765811,42.04405175426655
1143,47968.0,48012.308038206975,48002.36782576601,47995.17345208985,47969.993587717596,-8.0,7.842791408067569,-7.272722741410689,31.454440726651228,27.28418523363871
1144,48224.0,48019.60993184059,48166.93423185464,48040.21461886143,47997.37745233711,-280.0,6.020214464275341,-256.5747871328458,-46.85152379770807,16.052737236372195
1145,47408.0,48024.348467135525,47489.218251500315,47901.47040449444,48002.09906219034,224.0,2.819416753231053,211.92377193692664,107.99098788023184,34.426562962747994
1146,48672.0,48025.24876534705,48590.781775728494,48256.19659462189,48066.230578262606,328.0,-1.4355502808793972,321.81053283043,146.82448743839632,33.843044985394954
1147,48064.0,48021.47736657377,48132.839317161175,48195.11937937123,48069.78515216113,-96.0,-6.2270949515695975,-87.82014501621234,4.482474434957112,3.8438315065795905
1148,48480.0,48012.79457544391,48415.14148569607,48265.161543491806,48073.918241275765,-40.0,-10.91310976970999,-41.990402984760294,-37.377064133517706,-16.170998821577086
1149,47984.0,47999.65114703435,48048.858511191655,48120.365251104195,48037.443154517976,-40.0,-14.830838142337598,-41.990418546138244,-76.61366683551387,-33.802929031891836
1150,48400.0,47983.13289915924,48331.16064860379,48111.93420982078,48006.31238321198,-264.0,-17.420247874975757,-257.4927694818798,-152.46393637302754,-50.81515214539468
1151,47456.0,47964.810651284395,47533.872972227895,47815.43737835814,47935.81285022719,-232.0,-18.27551955427407,-212.32466532346734,-116.77814228357238,-46.508890473432984
1152,47936.0,47946.58186005069,47906.51131795686,47878.37792525363,47913.294602265116,280.0,-17.216623888441973,225.19493551324922,34.12950952230676,-23.65351784881932
1153,48016.0,47930.37740350751,47984.26284325439,47883.69639740275,47888.50581452955,-96.0,-14.321616041703237,-80.9342584304759,-60.83332914950006,-31.163497009089042
1154,47744.0,47917.93862796728,47744.642801095906,47756.71126695463,47850.96760824694,-272.0,-9.885398305497802,-236.4060366789672,-120.62949697079966,-32.18982587026039
1155,47472.0,47910.606606896516,47511.45076989646,47642.437403461154,47824.12616278903,-32.0,-4.379649058235373,-35.9381817171452,-29.05516176290257,-9.235137318461057
1156,47680.0,47909.17932985081,47672.766437661616,47698.60094342883,47832.497333610016,144.0,1.628116480762401,125.1478560732503,65.46401168208831,15.9960375014889
1157,47760.0,47913.86283985804,47761.74648204296,47773.36542682533,47856.118237792005,96.0,7.550917438195029,97.7124545961342,81.44719680917115,28.426816071587382
1158,47872.0,47924.2811647272,47868.191346853884,47861.49533704717,47889.35096575319,88.0,12.846733780435898,87.40159908033456,82.87757874542149,34.10027624884606
1159,47936.0,47939.55630741891,47936.54968020363,47939.12058431617,47924.3187902897,56.0,17.07009862133782,71.10673436788056,79.18553942708604,34.383764050991886
1160,47984.0,47958.42136196988,48010.404815589645,48019.86641590134,47958.118493855174,240.0,19.906534342982923,205.87921333422855,98.67903953584391,32.50562825823363
1161,48416.0,47979.36937610488,48348.308106872086,48136.47866338786,47989.330046806164,16.0,21.185017128893378,-0.5561743571270199,-23.148420819554303,9.87805529130128
1162,48016.0,48000.791396227665,48009.29246687539,47973.569574262234,47977.87460443778,-520.0,20.862281419595092,-445.54496278147053,-184.12430199450682,-13.361712146499485
1163,47376.0,48021.09393894407,47457.218181309145,47768.23005939885,47962.606622513165,-48.0,19.012928322707012,-47.66181596692695,-9.224485163962527,14.062349201045436
1164,47920.0,48038.81725287308,47913.96883494154,47955.12060393431,48005.99930283987,448.0,15.796469312532281,401.26492244822293,204.4508465026156,47.692645468694536
1165,48272.0,48052.68687756913,48259.74802620559,48177.13175240408,48057.991913450554,304.0,11.43390836148319,284.519322292017,174.57702467181298,41.29220628321491
1166,48528.0,48061.685069596046,48483.00747952557,48304.274653277935,48088.5837154063,-8.0,6.186800340052287,-1.703149052162189,15.28022751282333,8.620987726058956
1167,48256.0,48065.06047824924,48256.341728101266,48207.692207429725,48075.23388890267,-248.0,0.34008456439187285,-224.95711091798148,-120.73634213334662,-22.388132058495103
1168,48032.0,48062.36523872483,48033.09325768961,48062.80196901124,48043.80745128931,-240.0,-5.811962891442818,-217.7821819635974,-129.48925391285957,-30.83606504889758
1169,47776.0,48053.43655246635,47820.77736417407,47948.713699604006,48013.56175880488,32.0,-11.953486579870514,11.57092735482729,-27.73141960522844,-18.36760454418618
1170,48096.0,48038.45826556509,48056.23511239926,48007.339129800785,48007.072242200935,40.0,-17.748535168691888,36.633310221513966,14.294995097166975,-10.935904493897397
1171,47856.0,48017.93948212897,47894.0439846171,47977.30368979834,47991.68994981708,16.0,-22.846593796584784,28.02879530334758,30.616404896722088,-8.597794892993988
1172,48128.0,47992.76507797192,48112.29270300596,48068.57193959423,47989.87665241495,168.0,-26.863456626884727,139.7122334186679,61.55421959300293,-8.719464781392162
1173,48192.0,47964.2125688752,48173.468451454435,48100.412128984346,47974.2510202543,-56.0,-29.415862837769964,-31.481994279321952,-13.95374611770967,-26.5130811479321
1174,48016.0,47933.93335229638,48049.328714447314,48040.66444735881,47936.85049011908,64.0,-30.180209974940226,42.50383522945049,-47.4154579461283,-41.35800562926306
1175,48320.0,47903.85214892532,48258.476121913336,48005.58121309209,47891.53500899577,-256.0,-28.942177387492848,-269.02645542265236,-192.29262772067887,-66.73873067352179
1176,47504.0,47876.04899752139,47511.27580360201,47656.07919191745,47803.37302877204,-608.0,-25.658469850623078,-540.2668278459496,-273.46242521591194,-73.19332878513524
1177,47104.0,47852.53520922407,47177.94246622144,47458.656362660266,47745.1483514255,88.0,-20.519268977892352,64.77495960264787,-20.09464792705694,-26.16725977525857
1178,47680.0,47835.01045956561,47640.825722807305,47615.88989606334,47751.03850922152,256.0,-13.963073597547918,238.61590474635886,125.17848143474839,9.442083257097693
1179,47616.0,47824.609062028976,47655.174275714155,47709.01332552976,47764.0325179397,336.0,-6.646511199920496,314.97800633539373,139.63009223130211,20.395634615157178
1180,48352.0,47821.71743716577,48270.78173547809,47895.15008052594,47791.829778451836,-136.0,0.6418506283371244,-124.8724328622011,-42.28820474085296,-0.21125056526943808
1181,47344.0,47825.89276328565,47405.42940998975,47624.43691604806,47763.61001680916,-344.0,7.090374161794898,-328.5747803807244,-130.49470645385372,-7.2392608022200875
1182,47664.0,47835.89818548936,47613.632174716644,47634.160667618235,47777.351256847396,-48.0,11.983221154121566,-43.63636168987796,-5.1959146207082085,19.408802880607254
1183,47248.0,47849.85920559389,47318.15668661,47614.04508680664,47802.42762257037,288.0,14.821830612203485,284.49095993562514,162.90696259172182,52.797746851494594
1184,48240.0,47865.541846713764,48182.614094587894,47959.97459280168,47882.946750550385,368.0,15.414645950437261,348.344865925068,205.9168023958846,62.66646550753285
1185,47984.0,47880.68849749477,48014.84641846013,48025.87869159841,47927.76055358544,-48.0,13.891289118124405,-13.53558382709889,86.8434445959283,42.00183071432548
1186,48144.0,47893.32442495001,48155.5429269337,48133.661481993535,47966.950411979036,240.0,10.667134027156862,198.41114314206425,102.61353139189669,30.33737899254629
1187,48464.0,47902.02276554908,48411.66870474426,48231.1057543822,47988.43531157053,0.0,6.344417331099976,-5.530698468115588,-19.00285042023097,-2.293334829973901
1188,48144.0,47906.01325961221,48144.481529997465,48095.65578115307,47962.36374231909,-296.0,1.597502531571081,-264.7795247594695,-159.6220826525896,-35.1533821354933
1189,47872.0,47905.217770612224,47882.10965522532,47911.86158907702,47918.128547299544,-200.0,-2.9444449289294425,-211.82359864550745,-163.86339753753782,-41.92876765456458
1190,47744.0,47900.124369754354,47720.83433270645,47767.928986078,47878.50620700996,-312.0,-6.804914923897741,-277.1036589866344,-131.96810996003114,-32.89702993908941
1191,47248.0,47891.60794076443,47327.90233725205,47647.92536915696,47852.334487421365,248.0,-9.697973252477823,228.82982459495543,79.9590676574444,4.045004782477918
1192,48240.0,47880.7284232494,48178.49398189636,47927.847121392886,47886.596216574915,368.0,-11.524498373561073,320.81142033703145,123.8453129323716,16.59153998229158
1193,47984.0,47868.558944017306,47969.525177926116,47895.615995021704,47885.51756738595,-336.0,-12.339784039577353,-281.3429143396497,-76.4231288603296,-6.002770819668513
1194,47568.0,47856.048855170244,47615.80815321706,47775.00086367223,47874.59067493558,-136.0,-12.285788765650068,-114.67625862373825,-17.11469951336767,4.402641296412185
1195,47712.0,47843.987366486006,47740.17266067864,47861.38659599497,47894.32284997877,448.0,-11.522454279442172,383.48681858826967,161.07903032023023,28.848317542127916
1196,48464.0,47833.00394661136,48382.7817903936,48097.15892431269,47932.287310019834,64.0,-10.195495984655281,79.5007923075973,52.35179047405836,11.378825542058621
1197,47840.0,47823.596374516696,47899.174245293834,47966.090176943086,47917.08050106289,-160.0,-8.4241219736723,-148.97803698872667,-68.02365889805878,-11.352783903803356
1198,48144.0,47816.155702664015,48084.82571641615,47961.11160651657,47909.58174221223,-176.0,-6.2966656757525925,-166.97460176409004,-96.42276716822744,-19.219671740051126
1199,47488.0,47811.00304316519,47565.225041765654,47773.24464260663,47878.64115758279,-88.0,-3.894998605348519,-76.72081085509126,-45.24464260662717,-11.408526750303281
1200,47968.0,47808.36570545332,47931.384094705965,47870.622321303315,47886.76468871162,480.0,-2.637337711872533,366.1590529403111,97.3776786966846,8.123531128832838
