distance,Raw,Median+Gaussian,Huber MRF lambda=0.1,Huber MRF lambda=1,Huber MRF lambda=10,derivative:Raw,derivative:Median+Gaussian,derivative:Huber MRF lambda=0.1,derivative:Huber MRF lambda=1,derivative:Huber MRF lambda=10
0,38976.0,39043.444939783265,38998.467058021815,39047.975075676775,39058.29148073083,288.0,2.244171899597859,224.67058021816774,71.9750756767753,8.229148073085526
1,39264.0,39045.68911168286,39223.13763823998,39119.95015135355,39066.52062880392,24.0,3.259029377662955,20.35877141808669,-0.04984864645302878,-1.6448204867192544
2,39024.0,39049.96299853859,39039.18460085799,39047.87537838387,39055.001839757395,-120.0,5.088055122450896,-108.03003309206542,-60.1370837777431,-9.96869705865538
3,39024.0,39055.865221927765,39007.07757205585,38999.675983798064,39046.58323468661,-128.0,6.447018674953142,-116.71916852286813,-60.361402686772635,-7.289443336456316
4,38768.0,39062.8570358885,38805.74626381225,38927.152573010324,39040.42295308448,-24.0,7.23227882442734,-12.59998918234487,7.052875717421557,7.460866052100755
5,38976.0,39070.32977957662,38981.87759369116,39013.78173523291,39061.50496679081,240.0,7.4180906259935,205.51929833472968,105.52002983903367,25.357262045865355
6,39248.0,39077.693217140484,39216.78486048171,39138.19263268839,39091.13747717621,72.0,7.063611467161536,78.83156919911926,69.50721379968309,21.78938424421358
7,39120.0,39084.45700251094,39139.5407320894,39152.796162832274,39105.08373527924,16.0,6.307756497590162,20.459532054697775,31.001611560022866,13.2004448669868
8,39280.0,39090.308730135665,39257.70392459111,39200.19585580844,39117.53836691019,8.0,5.348114898930362,6.682815457264951,7.497620880374598,4.331549976457609
9,39136.0,39095.1532323088,39152.90636300393,39167.79140459302,39113.74683523215,-24.0,4.408110015265265,-20.26574656754383,-16.508748918895435,-4.904189916425821
10,39232.0,39099.124950166195,39217.17243145602,39167.178357970646,39107.729987077335,0.0,3.701658398815198,-9.871774267816363,-33.023867637057265,-12.230348800949287
11,39136.0,39102.55654910643,39133.1628144683,39101.74366931891,39089.28613763025,-96.0,3.39013749530568,-98.19554464623798,-82.56285399228727,-20.77954256557132
12,39040.0,39105.90522515681,39020.781342163544,39002.05264998607,39066.17090194619,-272.0,3.552317812693218,-240.12460255606493,-118.66469433979364,-21.806690586749028
13,38592.0,39109.66118473182,38652.91360935617,38864.41428063932,39045.672756456755,0.0,4.169745380357199,-1.9976130412069324,-1.431229027097288,2.185492333399452
14,39040.0,39114.24471591752,39016.78611608113,38999.19019193188,39070.54188661299,240.0,5.135813006494573,218.15085521428045,114.37100725850178,26.39622448688897
15,39072.0,39119.93281074481,39089.21531978473,39093.156295156325,39098.46520543053,168.0,6.2755362895768485,158.50580262723815,104.54425080260626,29.246579089063744
16,39376.0,39126.795788496675,39333.797721335606,39208.27869353709,39129.03504479112,40.0,7.377387897529843,33.571008228907885,31.261745149309718,18.221591600144166
17,39152.0,39134.68758653987,39156.357336242545,39155.679785454944,39134.90838863082,-192.0,8.23220615934406,-155.65370388032534,-50.7590153546771,5.018763271244097
18,38992.0,39143.26020081536,39022.490313574956,39106.760662827735,39139.07257133361,32.0,8.653898832937557,18.584545207173505,8.46120878666261,11.51781126946662
19,39216.0,39151.995384205744,39193.52642665689,39172.60220302827,39157.944011169755,56.0,8.508826037315885,58.6682463663783,44.14264171466857,15.96864039463253
20,39104.0,39160.277852889994,39139.82680630771,39195.04594625707,39171.00985212287,152.0,7.721554029383697,135.28678939804013,67.96671635733946,16.416333559263876
21,39520.0,39167.43849226451,39464.10000545297,39308.53563574295,39190.77667828828,48.0,6.279695678138523,34.9208482014983,7.757507357346185,3.305660079822701
22,39200.0,39172.83724424627,39209.66850271071,39210.560960971765,39177.62117228252,-248.0,4.242213041474315,-206.0889891887382,-92.69419428529727,-14.274447391639114
23,39024.0,39175.92291834746,39051.922027075496,39123.147247172354,39162.227783505004,8.0,1.7323763651111221,-18.136340257718985,-37.840090213230724,-8.481999602259748
24,39216.0,39176.301996976494,39173.39582219527,39134.8807805453,39160.657173078,-112.0,-1.0645812985931116,-95.50419994994445,-28.826076354402176,-4.3377517731096304
25,38800.0,39173.793755750274,38860.91362717561,39065.49509446355,39153.552279958785,120.0,-3.9077239253238076,119.2450908781575,63.3618611500242,10.572720878724795
26,39456.0,39168.486549125846,39411.886003951586,39261.60450284535,39181.80261483545,224.0,-6.51548863006974,207.20035256019037,98.91165980448204,14.540465618436428
27,39248.0,39160.762778490134,39275.31433229599,39263.31841407251,39182.63321119566,0.0,-8.598992777864623,-1.0175645002163947e-05,9.373118263414653,-2.4377430800050206
28,39456.0,39151.28856357012,39411.885983600296,39280.35073937218,39176.92712867544,-160.0,-9.897462894066848,-144.8733468016253,-70.79230501423808,-19.659726086447336
29,38928.0,39140.967852702,38985.56763869274,39121.73380404404,39143.31375902276,-72.0,-10.22200106467426,-77.60523533646847,-61.75003330612526,-22.84768170153984
30,39312.0,39130.84456144077,39256.67551292736,39156.85067275993,39131.23176527236,8.0,-9.49901548494745,-5.514561128580681,-42.457794904144976,-21.120405486784875
31,38944.0,39121.969821732106,38974.538516435576,39036.81821423575,39101.072948049194,-152.0,-7.784253150464792,-129.44441431388987,-73.62335140630239,-22.305169820709125
32,39008.0,39115.27605513984,38997.78668429958,39009.603969947326,39086.62142563094,-24.0,-5.258984266256448,-27.818410638115893,-26.412259314765834,-10.520451136701013
33,38896.0,39111.45185319959,38918.901695159344,38983.993695606216,39080.03204577579,40.0,-2.208141325645556,35.6234866564846,18.38657346200125,2.6122224336395448
34,39088.0,39110.85977248855,39069.03365761255,39046.37711687133,39091.84587049822,56.0,1.0291168034164002,55.30025051595658,41.571979700776865,12.006118247336417
35,39008.0,39113.510086806426,39029.50219619126,39067.13765500777,39104.044282270464,72.0,4.111778428949037,67.97951953498705,50.32936564032934,17.000625885768386
36,39232.0,39119.083329346446,39204.99269668252,39147.03584815199,39125.847122269755,40.0,6.7416086558914685,40.453983903898916,37.41611722021116,16.49519611278083
37,39088.0,39126.99330411821,39110.410163999055,39141.96988944819,39137.034674496026,16.0,8.693987807670055,17.46828731180358,21.91898602030051,13.639285951070633
38,39264.0,39136.471304961786,39239.92927130613,39190.87382019259,39153.1256941719,8.0,9.83366732254217,9.165463837744028,12.340840840686724,10.547304384464951
39,39104.0,39146.66063876329,39128.74109167454,39166.651571129565,39158.129283264956,16.0,10.111098209363263,12.517278741110204,7.103536501759663,7.710053256309038
40,39296.0,39156.69350138051,39264.96382878835,39205.08089319611,39168.545800684515,-24.0,9.548418327132822,-18.958118944454327,-7.030231335404096,4.043807453781483
41,39056.0,39165.75747541756,39090.824853785634,39152.59110845876,39166.21689817252,0.0,8.229990120682487,-0.014706074536661617,-4.194230507971952,3.1819423966298928
42,39296.0,39173.15348162188,39264.93441663928,39196.69243218016,39174.909685477774,40.0,6.28686853741965,18.78164605004349,-5.552460188515397,2.6382715791478404
43,39136.0,39178.3312124924,39128.38814588572,39141.486188081726,39171.493441330815,-216.0,3.888319074641913,-174.60554132495963,-52.46315005757424,-1.6415720804216107
44,38864.0,39180.93011977116,38915.72333398936,39091.766132065015,39171.62654131693,144.0,1.235027107566566,129.5004966833112,64.16301001579995,15.514427051963139
45,39424.0,39180.80126670753,39387.389139252344,39269.812208113326,39202.52229543474,224.0,-1.4549187006778084,205.0628628918057,100.95218010497047,19.821868889550387
46,39312.0,39178.020282369805,39325.84905977297,39293.670492274956,39211.27027909603,8.0,-3.967123632090079,7.7052193854542566,14.693530299115082,3.711497616088309
47,39440.0,39172.86701944335,39402.79957802325,39299.199268711556,39209.94529066692,-112.0,-6.113456030496309,-109.05159163344433,-64.87158920762886,-12.827723895767122
48,39088.0,39165.79337030881,39107.74587650608,39163.9273138597,39185.6148313045,-224.0,-7.760926697272225,-196.3243189867826,-97.3082979220053,-19.449717797193443
49,38992.0,39157.345166048806,39010.15094004969,39104.582672867546,39171.04585507253,-8.0,-8.850700135873922,-6.840236207975977,-3.053304558383388,-5.616683478343475
50,39072.0,39148.091970037065,39094.06540409013,39157.82070474293,39174.38146434781,272.0,-9.398650738279684,234.1328638382256,96.14838424685149,8.454682492672873
51,39536.0,39138.54786457225,39478.41666772614,39296.87944136125,39187.95522005788,64.0,-9.4974173210976,56.543222919553955,19.498457298937865,-3.8284832870413084
52,39200.0,39129.09713539487,39207.151849929236,39196.81761934081,39166.72449777373,-280.0,-9.282925816583884,-235.5055681507074,-101.65301235003426,-22.894497395463986
53,38976.0,39119.98201293908,39007.40553142472,39093.57341666118,39142.16622526695,-32.0,-8.900634226582042,-42.71866138091718,-44.457494349040644,-16.249961243429425
54,39136.0,39111.295866941706,39121.7145271674,39107.902630642726,39134.22457528687,56.0,-8.48146359916791,42.88163157967574,0.2805293029123277,-8.030421215738897
55,39088.0,39103.01908574074,39093.168794584075,39094.134475267005,39126.10538283547,0.0,-8.112740852033312,-2.7017596629702894,-10.700917742222373,-6.213923309620441
56,39136.0,39095.07038523764,39116.31100784146,39086.50079515828,39121.79672866763,-88.0,-7.823908485013817,-75.30274753529011,-32.383282529579446,-5.018817734464392
57,38912.0,39087.371268770716,38942.563299513495,39029.367910207846,39116.06774736654,-24.0,-7.586041881761048,-20.93121076049283,1.5510701534913096,4.474406067241944
58,39088.0,39079.89830147412,39074.448586320475,39089.602935465264,39130.74554080211,64.0,-7.316489161668869,64.12821840935067,61.0364929900461,16.815070475677203
59,39040.0,39072.73829044738,39070.819736332196,39151.44089618794,39149.697888317896,192.0,-6.890702215019701,188.2139477762139,117.55840881664699,24.43724193167509
60,39472.0,39066.11689704408,39450.8764818729,39324.71975309856,39179.62002466546,272.0,-6.174486364736367,236.6950388017067,99.63873345989123,15.303137580842304
61,39584.0,39060.389317717905,39544.20981393561,39350.71836310772,39180.30416347958,-224.0,-5.042282347370929,-201.20706497639912,-90.64220843696967,-19.500653011902614
62,39024.0,39056.032332349336,39048.462351920105,39143.43533622462,39140.61871864166,-304.0,-3.4067621342182974,-277.8462356978489,-147.5653587707966,-33.85450890584252
63,38976.0,39053.57579344947,38988.51734253991,39055.58764556613,39112.595145667896,24.0,-1.2516965825416264,2.6417033193429234,-48.05386787542375,-21.193815690367046
64,39072.0,39053.52893918425,39053.74575855879,39047.32760047377,39098.23108726092,-40.0,1.3508968587084382,-26.042791187144758,-20.59624485547465,-13.052504043924273
65,38896.0,39056.277587166885,38936.43176016562,39014.39515585518,39086.49013758005,104.0,4.23179429180891,84.84480243494909,26.265133308996155,-2.2164428018731996
66,39280.0,39061.99252776787,39223.43536342869,39099.85786709176,39093.79820165718,8.0,7.130876813196664,4.180420406501071,-4.608355217529606,-2.0020258400145394
67,38912.0,39070.53934079328,38944.792600978624,39005.17844542012,39082.48608590002,-136.0,9.723887506756,-114.6797575569326,-48.090198961581336,-2.7878114621562418
68,39008.0,39081.44030278138,38994.075848314824,39003.6774691686,39088.222578732864,-16.0,11.67468245224154,-20.33751108969227,-3.6622416672216787,9.74762176949298
69,38880.0,39093.88870569776,38904.11757879924,38997.853962085675,39101.981329439004,16.0,12.687042648623901,30.62962448063263,53.103473959909024,24.857817178086407
70,39040.0,39106.81438807863,39055.33509727609,39109.88441708842,39137.93821308904,248.0,12.564331522549764,230.1129341323067,146.97266354695967,40.85379430448302
71,39376.0,39119.01736874286,39364.34344706385,39291.799289179595,39183.68891804797,280.0,11.256247214143514,248.50565583198477,139.81451668096634,36.135150861333386
72,39600.0,39129.32688250692,39552.34640894006,39389.51345045035,39210.208514811704,-64.0,8.873039789381437,-50.26499342349052,-7.5291135040642985,7.030022504321096
73,39248.0,39136.763448321624,39263.81346021687,39276.741062171466,39197.74896305661,-248.0,5.675460623606341,-209.46564763881906,-98.40185719315195,-14.972103602260177
74,39104.0,39140.67780375413,39133.41511366242,39192.70973606405,39180.26430760718,48.0,2.0335266325892007,16.67722175765448,-39.6764580753952,-13.67144006907256
75,39344.0,39140.8305015868,39297.16790373218,39197.388146020676,39170.40608291847,-152.0,-1.6335414225250133,-136.2507487500443,-68.6275170330373,-18.537920542792563
76,38800.0,39137.41072090908,38860.91361616233,39055.45470199797,39143.1884665216,-72.0,-4.923900690740993,-52.47901983100019,-14.206093023713038,-10.058193070788548
77,39200.0,39130.98270020532,39192.20986407018,39168.97595997325,39150.28969677689,336.0,-7.517696387396427,278.98143881226497,98.00923796190182,4.615715094132611
78,39472.0,39122.37532813429,39418.87649378686,39251.47317792178,39152.419896709864,-64.0,-9.21693899019374,-53.715570171247236,-27.766193090585148,-13.848805231529695
79,39072.0,39112.54882222493,39084.778723727686,39113.44357379208,39122.59208631383,-296.0,-9.962613576204603,-255.43948259854005,-117.30781723365726,-27.298206080340606
80,38880.0,39102.45010098188,38907.99752858978,39016.85754345446,39097.82348454918,-40.0,-9.834526156420907,-36.79355218900673,-28.157258610390272,-13.87742753719067
81,38992.0,39092.87976991209,39011.19161934967,39057.1290565713,39094.83723123945,240.0,-9.018782074650517,199.1521875082508,72.83604140248644,2.1556082522401994
82,39360.0,39084.41253683258,39306.30190360628,39162.529626259435,39102.13470105366,32.0,-7.762287650068174,26.619802288016217,6.665382817853242,-5.595795133100182
83,39056.0,39077.355194611955,39064.431223925705,39070.459822207005,39083.64564097325,-240.0,-6.325142051246075,-199.71456005205619,-84.83989294892672,-17.10677803175713
84,38880.0,39071.762252730085,38906.87278350217,38992.84984036158,39067.92114499015,-16.0,-4.93513611103117,-23.19452291267953,-21.185061664637033,-6.328438733587973
85,39024.0,39067.48492238989,39018.042178100346,39028.08969887773,39070.98876350607,96.0,-3.75270751626158,81.38028509991636,37.28470795501926,5.417056691225298
86,39072.0,39064.25683769756,39069.633353702004,39067.41925627162,39078.7552583726,32.0,-2.849974856231711,39.75794411169409,37.039185529694805,8.104257785154914
87,39088.0,39061.78497267743,39097.558066323734,39102.16806993712,39087.19727907638,88.0,-2.203432138398057,75.71504424039449,41.83284863405788,8.40188465760366
88,39248.0,39059.849973420765,39221.06344218279,39151.084953539736,39095.55902768781,-16.0,-1.7154202408128185,-11.17741322697475,0.45936037248611683,0.7396999958182278
89,39056.0,39058.354132195804,39075.203239869785,39103.08679068209,39088.67667906802,-56.0,-1.2419521003321279,-49.84400296410604,-24.45476751659953,-5.248514666389383
90,39136.0,39057.3660692201,39121.37543625458,39102.17541850654,39085.06199835503,-32.0,-0.621483033268305,-26.950622342283168,-17.82366292228835,-6.161580795243935
91,38992.0,39057.11116612927,39021.30199518522,39067.43946483752,39076.35351747753,64.0,0.2759711808357679,46.43653485671166,2.9837787497417594,-4.4908050036137865
92,39264.0,39057.91801158177,39214.248505968004,39108.14297600602,39076.0803883478,-64.0,1.5223394773493055,-59.57788063168846,-37.22500082848637,-9.669109712343925
93,38864.0,39060.155845083966,38902.14623392184,38992.989463180544,39057.015298052844,-144.0,3.1069348952332803,-117.60418118245798,-50.65878123520815,-9.414325392313913
94,38976.0,39064.13188137224,38979.04014360309,39006.825413535604,39057.25173756317,120.0,4.933658180190832,92.09462769668608,29.248657122861914,4.2990263884857995
95,39104.0,39070.02316144435,39086.33548931521,39051.48677742627,39065.613350829815,16.0,6.833155151929532,18.972792288212077,18.404752603793895,6.442280808136275
96,39008.0,39077.7981916761,39016.98572817951,39043.63491874319,39070.136299179445,-40.0,8.585516445462417,-24.421120238148433,9.965600688519771,7.6297633085996495
97,39024.0,39087.19419433527,39037.49324883892,39071.41797880331,39080.872877447015,96.0,9.963573007447849,87.97376485397399,51.49204946176906,13.580222139924444
98,39200.0,39097.725337690994,39192.93325788746,39146.61901766673,39097.296743459294,144.0,10.769939125202654,120.10629848583994,48.510547696791036,11.288703185240593
99,39312.0,39108.73407258568,39277.7058458106,39168.43907419689,39103.450283817496,-88.0,10.87050351866128,-86.69818302386557,-49.960406371399586,-4.273945450924657
100,39024.0,39119.46634472832,39019.53689183973,39046.69820492393,39088.748852557444,-328.0,10.214493750881957,-280.48449477222675,-110.3917668109898,-11.463988632174733
101,38656.0,39129.16306008744,38716.73685626614,38947.65554057491,39080.522306553146,136.0,8.853299797716318,120.87077232663796,46.785105938430206,12.999569323357719
102,39296.0,39137.17294432375,39261.278436493005,39140.26841680079,39114.74799120416,280.0,6.925915655414428,250.94723612239613,114.74708462627677,25.16308421122085
103,39216.0,39143.01489139827,39218.631328510935,39177.14970982746,39130.84847497559,-40.0,4.627974247920065,-29.490465427381423,17.45614794040739,11.842907520207518
104,39216.0,39146.42889281959,39202.29750563824,39175.180712681606,39138.433806244575,-104.0,2.1890397027818835,-84.84629468147978,-22.37864080505824,3.707021581212757
105,39008.0,39147.392970803834,39048.938739147976,39132.39242821735,39138.26251813801,64.0,-0.16327487158196163,51.33492924962775,19.40792964441789,6.341837800344365
106,39344.0,39146.102343076425,39304.9673641375,39213.99657197044,39151.117481845264,80.0,-2.2389584004558856,60.86544567698729,16.60242973831555,3.2108377995100454
107,39168.0,39142.91505400292,39170.66963050195,39165.59728769398,39144.684193737034,-144.0,-3.900161789577396,-120.9495811257948,-49.60064042947124,-7.59907842137909
108,39056.0,39138.30201949727,39063.06820188591,39114.7952911115,39135.919325002506,-88.0,-5.065450342553959,-72.26041918652118,-21.404351026729273,-4.768902484400314
109,38992.0,39132.784153317814,39026.14879212891,39122.78858564052,39135.14638876823,224.0,-5.711592775387544,192.57080708352441,73.38758734927978,6.38438320413843
110,39504.0,39126.878833946495,39448.20981605296,39261.57046581006,39148.68809141078,104.0,-5.8561420271216775,84.36384799287043,17.567113074564986,-4.223892786911165
111,39200.0,39121.07186926357,39194.87648811465,39157.92281178965,39126.69860319441,-336.0,-5.548606826268951,-282.46748318955724,-124.68624812558119,-25.654558056652604
112,38832.0,39115.78162029396,38883.27484967384,39012.197969558896,39097.37897529748,-32.0,-4.863800641112903,-51.710794247104786,-55.62585745130855,-16.050679132058576
113,39136.0,39111.344267981345,39091.45489962044,39046.67109688703,39094.59724493029,-16.0,-3.892743712396623,-14.545451951205905,-10.191324228344456,-4.851868120669678
114,38800.0,39107.996132869164,38854.18394577143,38991.81532110221,39087.67523905614,80.0,-2.741667219401279,77.79203366820002,41.051884766282456,7.461756078650069
115,39296.0,39105.86093354254,39247.03896695684,39128.7748664196,39109.520757087594,120.0,-1.5264722933643498,103.90659730956395,53.34697852718455,12.521555885839916
116,39040.0,39104.943188282436,39061.99714039056,39098.509278156576,39112.71835082782,-112.0,-0.3666212489588361,-75.05612461349665,-1.0109491847288155,6.83351128160939
117,39072.0,39105.127691044625,39096.926717729846,39126.75296805014,39123.18777965081,200.0,0.6322148713661591,159.56316598850754,55.62017391862901,13.028817805541621
118,39440.0,39106.20761802517,39381.12347236757,39209.749625993834,39138.7759864389,-64.0,1.4046911698314943,-65.90159838202817,-32.1285290593878,0.5270061100272869
119,38944.0,39107.93707338429,38965.12352096579,39062.495909931364,39124.24179187087,-304.0,1.9442737064564426,-254.66663171520486,-88.00576109678514,-5.522104974486865
120,38832.0,39110.09616543808,38871.790208937164,39033.738103800264,39127.73177648993,144.0,2.3171839400311,133.43821146169284,72.1112457690324,18.276573443556117
121,39232.0,39112.57144126435,39231.999943889175,39206.71840146943,39160.79493875798,416.0,2.6687454030980007,365.64806468183815,160.33949840387504,29.502909205952164
122,39664.0,39115.43365624428,39603.08633830084,39354.417100608014,39186.73759490183,-96.0,3.195085007148009,-75.76105628517689,-7.092750557403633,2.0795358889408817
123,39040.0,39118.961611278646,39080.47783131882,39192.53290035462,39164.95401053586,-240.0,4.10251722738758,-211.19929727532508,-85.6177500760823,-15.535883839176677
124,39184.0,39123.63869069905,39180.68774375019,39183.18160045585,39155.66582722348,120.0,5.556149400446884,83.6486311822955,-9.76049967085055,-10.704891951208992
125,39280.0,39130.07391007954,39247.77509368341,39173.01190101292,39143.54422663344,-112.0,7.6293220189836575,-94.03718164969905,-63.66374893646571,-18.94438925835857
126,38960.0,39138.89733473702,38992.61338045079,39055.85410258292,39117.77704870676,-96.0,10.266485926804307,-92.09481097866592,-69.23074713854658,-17.87832549135055
127,39088.0,39150.60688193315,39063.58547172608,39034.55040673583,39107.78757565074,-40.0,13.27074297962099,-51.10055009429925,-48.02849247917766,-9.000094273476861
128,38880.0,39165.43882069626,38890.41228026219,38959.79711762456,39099.77686015981,-152.0,16.326233832387516,-121.11179015293237,-34.85473029898276,2.978127517053508
129,38784.0,39183.25934959792,38821.361891420216,38964.84094613786,39113.74383068485,216.0,19.053487418190343,187.8883268829195,95.46430158222574,30.45416205928268
130,39312.0,39203.54579553264,39266.18893402803,39150.725720789014,39160.68518427837,144.0,21.07542193133122,145.6424541241795,105.24763504565999,39.37561280744558
131,39072.0,39225.410193460586,39112.646799668575,39175.33621622918,39192.49505629974,40.0,22.073911921168474,49.69186398340753,76.27860355475786,37.834624836352305
132,39392.0,39247.69361937498,39365.57266199485,39303.28292789853,39236.35443395108,136.0,21.84405915336174,120.78917230050865,83.5881756186136,36.07709934889135
133,39344.0,39269.09831176731,39354.22514426959,39342.51256746641,39264.64925499752,32.0,20.31194653682178,39.778203622725414,38.48592330107931,24.327283796323172
134,39456.0,39288.31751244862,39445.1290692403,39380.25477450069,39285.00900154372,56.0,17.530946623013733,36.549271172174485,-0.13040571537567303,11.810196623388038
135,39456.0,39304.16020501334,39427.32368661394,39342.25175603566,39288.2696482443,-240.0,13.670293291990674,-209.36720490147854,-94.87714044719905,-5.125870887211931
136,38976.0,39315.658099032604,39026.39465943734,39190.50049360629,39274.7572597693,-112.0,8.982825534763833,-100.77547464505551,-44.501015626225126,1.4254745134639961
137,39232.0,39322.125856082865,39225.77273732383,39253.24972478321,39291.12059727123,200.0,3.782765052608738,168.24176450564482,73.3740935685164,19.319367365493235
138,39376.0,39323.22362913782,39362.87818844863,39337.24868074332,39313.395994500286,64.0,-1.5604618533434405,71.49639336794644,64.6232963317816,19.145196954068524
139,39360.0,39319.00493237618,39368.76552405972,39382.49631744677,39329.410991179364,40.0,-6.642569699000887,49.714955909712444,56.495795426832046,14.485546238047391
140,39456.0,39309.93848973982,39462.308100268056,39450.24027159699,39342.36708697638,144.0,-11.041486195979815,125.0830775486138,64.86408994871454,7.274450145840092
141,39648.0,39296.92195998422,39618.93167915695,39512.2244973442,39343.959891471044,16.0,-14.344867957919632,11.281974673631339,-5.903525580692076,-13.609200931790838
142,39488.0,39281.24875382398,39484.87204961532,39438.4332204356,39315.1486851128,-168.0,-16.208394635537843,-149.69938146505956,-98.5746666907944,-37.45377210259903
143,39312.0,39264.50517071314,39319.53291622683,39315.07516396261,39269.052347265846,-120.0,-16.409583948203363,-127.67455225432423,-121.82047449168749,-48.24372048366422
144,39248.0,39248.42958592757,39229.52294510667,39194.79227145223,39218.66124414547,-184.0,-14.89864520492847,-182.3952455868166,-146.88675678426807,-51.85804091310274
145,38944.0,39234.707880303285,38954.7424250532,39021.301650394074,39165.33626543964,-248.0,-11.841048433783726,-221.06839478748952,-134.83979586112036,-42.25816543384644
146,38752.0,39224.747489060006,38787.38615553169,38925.11267972999,39134.14491327778,16.0,-7.615149752502475,9.574508136953227,-9.632630799089384,-12.084106497972243
147,38976.0,39219.47758079828,38973.891441327105,39002.036388795896,39141.168052443696,200.0,-2.7677011092855537,175.96249243095372,89.94190346385221,15.281541788099275
148,39152.0,39219.212086841435,39139.3111403936,39104.99648665769,39164.70799685398,104.0,2.0589933863957413,101.9754010344841,79.45834119064239,24.17534425298072
149,39184.0,39223.59556757107,39177.84224339607,39160.95307117718,39189.51874094966,-8.0,6.224991053772101,7.742319982844492,44.43312010808222,25.08668114316606
150,39136.0,39231.66206894898,39154.79578035929,39193.86272687386,39214.88135914031,72.0,9.196229711316846,70.9324387596389,61.84101913360064,29.30668614766546
151,39328.0,39241.988026993706,39319.70712091535,39284.63510944438,39248.13211324499,152.0,10.618913696103846,123.4469451328223,69.08993729271606,29.25735976692522
152,39440.0,39252.89989634119,39401.68967062493,39332.04260145929,39273.39607867416,-144.0,10.37132837968602,-109.56909716577866,-6.571207255452464,16.93376936288405
153,39040.0,39262.73068375308,39100.568926583794,39271.49269493348,39281.99965197076,104.0,8.568223681890231,100.88690475736439,55.19644094092655,20.703555895132013
154,39648.0,39270.03634370497,39603.46348013966,39442.43548334114,39314.80319046442,216.0,5.528552511252201,181.04893837462077,68.16053007823939,16.143698016890994
155,39472.0,39273.78778877558,39462.666803333035,39407.813755089956,39314.28704800454,-224.0,1.715825451661658,-187.46266014143112,-66.71485070620838,-8.401790059659106
156,39200.0,39273.46799460829,39228.5381598568,39309.005781928725,39297.999610345105,-104.0,-2.345526312943548,-91.43784419225267,-44.30508219686817,-11.38745714218021
157,39264.0,39269.096736149695,39279.79111494853,39319.20359069622,39291.51213372018,160.0,-6.142722989901813,130.2085298343918,37.79960411560023,-5.1118699389189715
158,39520.0,39261.18254862849,39488.95521952558,39384.604990159925,39287.77587046727,72.0,-9.245317216547846,53.94020220495804,-2.2961054563311336,-15.347469729545992
159,39408.0,39250.6061017166,39387.671519358446,39314.61137978356,39260.817194261086,-272.0,-11.356022713549464,-233.97271332172022,-116.68792048459363,-34.317816493123246
160,38976.0,39238.47050320139,39021.00979288214,39151.22914919074,39219.14023748102,-112.0,-12.329988940688054,-110.56615211879034,-75.76765599744249,-29.5199449060201
161,39184.0,39225.94612383522,39166.539215120865,39163.07606778867,39201.777304449046,72.0,-12.167668329144362,58.225497843053745,1.3849524922625278,-16.4740678095186
162,39120.0,39214.1351665431,39137.46078856825,39153.99905417526,39186.19210186198,72.0,-10.994751781527157,58.22551628864676,7.9225134742264345,-12.275597493964597
163,39328.0,39203.95662027217,39282.99024769816,39178.921094737125,39177.22610946112,-152.0,-9.023986300948309,-130.2735946490211,-49.61741206957595,-16.504686927808507
164,38816.0,39196.0871939412,38876.91359927021,39054.76423003611,39153.182728006366,32.0,-6.511871675877046,24.048077356044814,-4.774749682961556,-7.184245054435451
165,39392.0,39190.932876920415,39331.08640241025,39169.3715953712,39162.857619352246,32.0,-3.71740980388131,26.76212785498501,3.2931630206985574,-1.7822276865081221
166,38880.0,39188.65237433344,38930.43785498018,39061.35055607751,39149.61827263335,-128.0,-0.8779503207842936,-100.4190223560654,-17.34576125494641,0.24156691277312348
167,39136.0,39189.176976278846,39130.24835769812,39134.68007286131,39163.34075317779,208.0,1.8055101671270677,171.05229120852164,72.66955321445857,15.089518203334592
168,39296.0,39192.263394667694,39272.54243739722,39206.689662506426,39179.79730904002,16.0,4.172469869226916,25.006266685188166,27.354420898333046,10.646421314224426
169,39168.0,39197.5219160173,39180.260891068494,39189.388914657975,39184.63359580624,-40.0,6.095304010435939,-30.977090986252733,-6.606290519466711,5.667966556535248
170,39216.0,39204.454002688566,39210.588255424715,39193.47708146749,39191.13324215309,16.0,7.46383013949162,3.268641479775397,-7.173292456740455,5.256308454499958
171,39200.0,39212.44957629628,39186.798174028045,39175.042329744494,39195.14621271524,-112.0,8.179958206033916,-89.79921125643159,-30.91358685074738,3.7702811979179387
172,38992.0,39220.813919100634,39030.98983291185,39131.649907766,39198.673804548926,48.0,8.17067218754164,39.14082344304552,26.43253190449832,13.861282061126985
173,39296.0,39228.79092067137,39265.079820914136,39227.90739355349,39222.868776837495,80.0,7.399712089274544,79.48909257297055,62.2111825642387,20.53841113044473
174,39152.0,39235.61334327918,39189.96801805779,39256.072272894475,39239.750626809815,200.0,5.892352598966681,185.00325263987907,80.20101578822141,21.269381312813493
175,39696.0,39240.5756258693,39635.086326193894,39388.30942512993,39265.40753946312,-112.0,3.7551834174446412,-100.52717773134282,-21.608135199574463,4.127289626459969
176,38928.0,39243.12371011407,38988.91366259511,39212.856002495326,39248.005206062735,-160.0,1.1857544726553897,-136.77157728554812,-33.0254213869448,-1.4020730972479214
177,39376.0,39242.94713481461,39361.5431716228,39322.258582356044,39262.603393268626,320.0,-1.5241342722110858,266.3147454336213,82.5318710387437,8.928356869324489
178,39568.0,39240.07544156965,39521.54315346235,39377.91974457281,39265.861919801384,-144.0,-4.021603855973808,-112.16728543829595,-39.378965496824094,-11.848377477177564
179,39088.0,39234.90392710266,39137.208600746206,39243.500651362396,39238.90663831427,-104.0,-5.946140833846584,-98.4085143955017,-56.668767529215984,-19.409949571396282
180,39360.0,39228.18315990196,39324.726124671346,39264.58220951438,39227.04202065859,24.0,-6.980059759487631,11.14814728188503,-26.627337090827496,-18.51251662275172
181,39136.0,39220.94380758369,39159.504895309976,39190.24597718074,39201.88160506877,-48.0,-6.913886123638804,-47.696752811487386,-47.21324374327014,-21.86633533638451
182,39264.0,39214.35538765468,39229.33261904837,39170.15572202784,39183.30934998582,-112.0,-5.6920049139880575,-103.50918101974094,-67.01239413897565,-22.606787583652476
183,38912.0,39209.55979775571,38952.486533270494,39056.22118890279,39156.66802990146,-88.0,-3.4362002586422022,-74.41341942540384,-41.82393867365681,-14.407918589287874
184,39088.0,39207.482987137395,39080.50578019756,39086.50784468053,39154.49351280725,112.0,-0.43954110997583484,90.54814791487297,29.540578118005214,1.1501585461446666
185,39136.0,39208.68071553576,39133.58282910024,39115.3023451388,39158.96834699375,48.0,2.8679001688906283,40.991194403872214,18.445673027672456,5.623251536195312
186,39184.0,39213.218787475176,39162.48816900531,39123.39919073587,39165.74001587964,-96.0,5.978560754134378,-78.65381506839185,-22.203559034995124,5.85866967986658
187,38944.0,39220.63783704403,38976.275198963456,39070.89522706881,39170.685686353485,-40.0,8.385402248495666,-24.836975224578055,10.943649867342174,16.27995479152014
188,39104.0,39229.98959197217,39112.81421855615,39145.28649047056,39198.29992546268,216.0,9.661998419884185,180.6101123734552,95.03450863702528,32.32923538233081
189,39376.0,39239.9618338838,39337.49542371037,39260.96424434286,39235.34415711815,16.0,9.527874661343958,32.15832370605858,58.15987604373731,30.011439511370554
190,39136.0,39249.045341294855,39177.13086596827,39261.60624255803,39258.32280448542,32.0,7.89765961464218,45.28977209925506,63.44511949418302,29.094787591548084
191,39440.0,39255.75715311308,39428.07496790888,39387.854483331226,39293.53373230124,224.0,4.902676280325977,191.31894148499487,100.1754824388081,27.88761443088515
192,39584.0,39258.85069385551,39559.76874893826,39461.95720743565,39314.09803334719,8.0,0.8685333627108776,10.53752572069061,13.081327822248568,7.0692027133045485
193,39456.0,39257.4942198385,39449.15001935026,39414.01713897572,39307.67213772785,-168.0,-3.735868249219493,-144.8686328367039,-68.93149897206604,-13.842288732943416
194,39248.0,39251.37895735707,39270.03148326485,39324.094209491515,39286.4134558813,-72.0,-8.362814875126787,-68.96111976114116,-51.87582473845396,-19.338009052487905
195,39312.0,39240.76859008825,39311.227779827976,39310.265489498815,39268.996119622876,56.0,-12.468231547605683,37.33519570300996,-14.695975243288558,-19.56753027727973
196,39360.0,39226.44249426186,39344.70187467087,39294.70225900494,39247.27839532674,-40.0,-15.589638203397044,-43.01653180277208,-48.21210099141172,-27.353804529797344
197,39232.0,39209.589313681456,39225.19471622243,39213.84128751599,39214.28851056328,-176.0,-17.393061128041154,-153.53357733628582,-89.94032773095387,-33.87545923529615
198,39008.0,39191.656372005775,39037.6347199983,39114.82160354303,39179.52747685615,-32.0,-17.71063912084719,-39.386396232624975,-45.60888220143897,-26.184659864324203
199,39168.0,39174.16803543976,39146.42192375718,39122.623523113114,39161.91919083463,8.0,-16.549116979844257,0.8968225447752047,-14.88631887336669,-17.912326479785406
200,39024.0,39158.558138046086,39039.42836508785,39085.0489657963,39143.70282389658,-48.0,-14.065443774219602,-29.851733230065292,-7.050074418664735,-12.231225743224059
201,39072.0,39146.03714789132,39086.71845729705,39108.523374275785,39137.456739348185,152.0,-10.54499650676371,120.88237869443401,41.7360956173834,-2.9732475809832977
202,39328.0,39137.46814503256,39281.19312247672,39168.521157031064,39137.75632873461,-48.0,-6.373027294044732,-39.55972243672659,-19.741638729192346,-9.212594176842686
203,38976.0,39133.29109330323,39007.5990124236,39069.0400968174,39119.0315509945,-136.0,-1.9883973041978606,-115.59904793511305,-52.96101180496771,-11.573200190388889
204,39056.0,39133.49135042416,39049.99502660649,39062.59913342113,39114.609928353835,24.0,2.154223862944491,12.37114721533726,-3.141396685699874,-1.4911262229761633
205,39024.0,39137.59954102912,39032.34130685427,39062.757303446,39116.04929854855,16.0,5.624592145341012,24.052814519138337,19.53682174786445,6.04183512214513
206,39088.0,39144.740534714845,39098.10065564477,39101.67277691686,39126.693598598125,144.0,8.053619878504833,116.26262701432279,45.75186192929323,12.57897997948021
207,39312.0,39153.70678078613,39264.86656088292,39154.26102730459,39141.20725850751,-112.0,9.180464704732003,-93.409220118745,-26.28123595998113,5.974022834758216
208,38864.0,39163.10146412431,38911.28221540728,39049.110304996895,39138.64164426764,-120.0,8.887518780837127,-92.665338667779,-12.595569809247536,11.166467973518593
209,39072.0,39171.481818347806,39079.53588354736,39129.06988768609,39163.540194454545,240.0,7.215346833796502,205.93308587687352,108.4945265322458,29.475559909631556
210,39344.0,39177.5321577919,39323.148387161025,39266.09935806139,39197.592764086905,136.0,4.358655820280546,139.35443941881022,98.07914940598494,26.73220783670331
211,39344.0,39180.19912998837,39358.24476238498,39325.22818649806,39217.00461012795,120.0,0.6427379132619535,106.32018714885271,49.74292168570901,13.062076547441393
212,39584.0,39178.817633618426,39535.78876145873,39365.585201432805,39223.71691718179,-208.0,-3.512645228049223,-184.66554857217852,-68.85038434885792,-11.3018470870702
213,38928.0,39173.17383953227,38988.91366524062,39187.527417800346,39194.40091595381,-32.0,-7.663988053831417,-38.351211946475814,-48.29407473229003,-15.99595543029136
214,39520.0,39163.48965751076,39459.08633756578,39268.997051968225,39191.725006321205,-8.0,-11.394144343252265,-16.77353923004557,-44.031839848001255,-19.089659316541656
215,38912.0,39150.385550845764,38955.36658678053,39099.46373810434,39156.22159732073,-216.0,-14.349523863187642,-187.3111206273752,-75.80144481171374,-23.29232913444139
216,39088.0,39134.79060978439,39084.46409631103,39117.3941623448,39145.14034805232,128.0,-16.27820217004046,111.41799108565465,32.62750541284913,-8.22423186578817
217,39168.0,39117.82914650568,39178.20256895184,39164.71874893004,39139.77313358915,168.0,-17.0451426518448,144.75131740003053,45.683961050272046,-6.778557783716678
218,39424.0,39100.7003244807,39373.96673111109,39208.76208444534,39131.58323248489,-168.0,-16.63252581753477,-145.23093829720528,-63.575622262032994,-22.81073948001358
219,38832.0,39084.56409487061,38887.74069235743,39037.567504405975,39094.151654629124,-120.0,-15.122275020145025,-116.69382095456604,-68.41082783638194,-24.323995124312205
220,39184.0,39070.45577444041,39140.57908920196,39071.94042877258,39082.935242236264,56.0,-12.692110203432094,35.7338428543153,-21.656861247105553,-16.26965028104314
221,38944.0,39059.17987446375,38959.20837806606,38994.253781911764,39061.61235406704,-128.0,-9.590861726002913,-105.32882080558193,-52.55975590492744,-15.442270465879119
222,38928.0,39051.2740509884,38929.921447590794,38966.82091696272,39052.050701304506,-24.0,-6.105182484523539,-19.679692521291145,-8.022406467687688,-3.359117697302281
223,38896.0,39046.9695094947,38919.84899302348,38978.20896897639,39054.89411867243,136.0,-2.5370690481831843,109.17251055008455,52.49253650186802,10.788123301546875
224,39200.0,39046.199912892036,39148.26646869096,39071.80598996646,39073.6269479076,-48.0,0.8313541265997628,-30.250180877697858,29.500015973295376,12.414176630547445
225,38800.0,39048.6322177479,38859.34863126808,39037.20900092298,39079.72247193353,176.0,3.766748677160649,171.4099198494805,84.00751141801084,20.081647622606397
226,39552.0,39053.73341024636,39491.086308389924,39239.82101280248,39113.79024315281,88.0,6.106716401060112,86.15571837334574,46.52251828073713,12.15728337692417
227,38976.0,39060.84565055002,39031.660068014775,39130.254037484454,39104.03703868738,-112.0,7.762621381833014,-103.69700053510314,-32.43995657579944,-3.351352531070006
228,39328.0,39069.25865301002,39283.69230731972,39174.94109965088,39107.08753809067,64.0,8.722967043922836,30.493775903523783,-31.842388008128182,-7.995123692169727
229,39104.0,39078.29158463787,39092.64761982182,39066.5692614682,39088.04679130304,-312.0,9.045405427877995,-267.28439581917337,-127.0872074485851,-19.838407222479873
230,38704.0,39087.34946386578,38749.12351568137,38920.76668475371,39067.41072364571,-112.0,8.844544308398326,-98.42871830319564,-37.41923433763077,-2.4655314750416437
231,38880.0,39095.980673254664,38895.79018321543,38991.730792792936,39083.115728352954,280.0,8.280220067634218,251.54315045995463,126.82950443569644,25.860791124890966
232,39264.0,39103.90990400105,39252.20981660128,39174.425693625104,39119.132305895495,304.0,7.543551165825193,271.54314954354413,137.90774764471644,28.773192837314127
233,39488.0,39111.067775586314,39438.87648230252,39267.54628808237,39140.66211402758,-144.0,6.841691538509622,-111.94364027905613,-17.106261501547124,4.1629138334647
234,38976.0,39117.59328707807,39028.32253604317,39140.21317062201,39127.458133562424,-104.0,6.36990161805079,-95.94854855061567,-45.22653214935781,-5.631073787037167
235,39280.0,39123.807578822416,39246.97938520129,39177.09322378365,39129.39996645351,88.0,6.275480227646767,53.553775164564286,-14.57333494652994,-5.588168786238384
236,39152.0,39130.14424753336,39135.4300863723,39111.06650072895,39116.28179598995,-240.0,6.625544905673451,-194.39886696752,-86.49347269022473,-14.904080664062349
237,38800.0,39137.05866863376,38858.18165126625,39004.106278403204,39099.59180512538,80.0,7.3830280510555895,57.828149653414584,-4.907083124144265,-1.7104006082954584
238,39312.0,39144.91030363547,39251.086385679126,39101.25233448066,39112.86099477336,8.0,8.390739786245831,3.483644690761139,-8.227776682215335,3.3122393866397033
239,38816.0,39153.840148206255,38865.14894064777,38987.65072503877,39106.21628389866,-112.0,9.39984650516999,-99.5080521029522,-27.77624692250174,7.866103320240654
240,39088.0,39163.70999664581,39052.07028147322,39045.69984063566,39128.59320141384,8.0,10.11576351466283,7.27274819154627,36.89903591471739,24.406577585865307
241,38832.0,39174.07167523558,38879.69443703086,39061.44879686821,39155.02943907039,168.0,10.259137112127064,180.73643324916338,130.47335466665754,42.587709610073944
242,39424.0,39184.228270870066,39413.54314797155,39306.64654996897,39213.768620633986,416.0,9.628496124769299,366.9243582611962,186.52102808524796,48.227612595295795
243,39664.0,39193.32866748512,39613.543153553255,39434.490853038704,39251.484664260985,-88.0,8.143114416332537,-65.0674132930144,13.08972958907907,17.09027684004468
244,39248.0,39200.51449970273,39283.40832138552,39332.82600914713,39247.949174314075,-168.0,5.854605259886739,-140.31003859915654,-59.251839318003476,-3.5380312312045135
245,39328.0,39205.03787800489,39332.92307635494,39315.9871744027,39244.408601798576,112.0,2.9345400260426686,74.13013674414105,-22.845247543082223,-7.720142425569065
246,39472.0,39206.383579754816,39431.6685948738,39287.13551406097,39232.50888946294,-248.0,-0.3754060210121679,-227.638297332418,-121.28390331125047,-23.87426786249489
247,38832.0,39204.28706596287,38877.646481690106,39073.419367780196,39196.660066073586,-224.0,-3.8140667780353397,-201.06291451288416,-93.00646239066918,-17.61582008566984
248,39024.0,39198.755446198746,39029.54276584803,39101.12258927963,39197.2772492916,216.0,-7.131650695446297,179.61011339811012,66.26451613924655,9.281045682590047
249,39264.0,39190.023764571975,39236.86670848633,39205.94840005869,39215.222157438766,56.0,-10.118900338442472,71.65748506990712,75.80001080840157,15.506016019106028
250,39136.0,39178.51764552186,39172.85773598785,39252.72261089643,39228.28928132981,224.0,-12.609782757328503,207.10980895233297,105.13551628596178,17.681587957536976
251,39712.0,39164.80419905732,39651.08632639099,39416.21943263061,39250.58533335384,40.0,-14.466348321482656,34.453307457741175,15.606538049483788,-0.7746813082812878
252,39216.0,39149.584948878895,39241.76435090333,39283.9356869954,39226.73991871325,-256.0,-15.566717745790811,-228.12340758226492,-98.3159021375177,-23.308418704928044
253,39200.0,39133.67076356574,39194.83951122646,39219.58762835558,39203.968495943984,-80.0,-15.815237079899816,-72.72728354454011,-54.5542444620296,-22.572997972063604
254,39056.0,39117.954474719096,39096.30978381425,39174.82719807134,39181.59392276912,152.0,-15.141491868871526,124.12342622657889,14.653168751432531,-16.094877036408434
255,39504.0,39103.387779827994,39443.08636367962,39248.89396585844,39171.77874187117,-48.0,-13.525492902786937,-55.9372976986233,-53.486249283672805,-26.4262438043952
256,38960.0,39090.90348891352,38984.435188417,39067.854699503994,39128.74143516033,-296.0,-11.028545893012051,-259.4337717830349,-127.11191660245095,-34.600234952820756
257,38912.0,39081.33068804197,38924.21882011355,38994.67013265354,39102.578271965525,24.0,-7.792952003703249,0.8777322643036314,-31.84950052368731,-16.63424959652548
258,39008.0,39075.317584906115,38986.19065294561,39004.15569845662,39095.47293596728,-64.0,-4.037721961060015,-47.0749024398865,7.563415031392651,-2.7316891998852952
259,38784.0,39073.25524411985,38830.06901523378,39009.796962716326,39097.114893565755,304.0,-0.03273309677024372,284.4478223811202,118.53974561787254,17.29770227676272
260,39616.0,39075.252118712575,39555.08629770785,39241.235189692365,39130.068340520804,56.0,3.9367607716776547,63.000297244692774,44.055821822217695,8.656863981090282
261,38896.0,39081.128765663205,38956.06960972316,39097.90860636076,39114.428621527935,-152.0,7.622200460678869,-151.44454952431624,-42.372280151223094,-4.718287916472036
262,39312.0,39090.49651963393,39252.19719865922,39156.49062938992,39120.63176468786,0.0,10.836438106169226,-2.886417767858802,-19.172662275879702,-3.3652686056811945
263,38896.0,39102.80164187554,38950.296774187445,39059.563281809,39107.69808431657,-48.0,13.461867922600504,-30.416553534556442,-15.145706676423288,-2.348776155457017
264,39216.0,39117.42025547913,39191.364091590105,39126.19921603707,39115.934212376946,160.0,15.450952247105306,117.88777535319969,21.735542246613477,3.2328386792178208
265,39216.0,39133.703546369754,39186.072324893845,39103.03436630223,39114.16376167501,-200.0,16.804597973372438,-172.4536167490187,-79.64766658373628,-6.862262618185923
266,38816.0,39151.02945142588,38846.45685809207,38966.9038828696,39102.209687140574,-200.0,17.55379641322361,-169.80770181946718,-60.67854199782232,2.356409822594287
267,38816.0,39168.8111391962,38846.45692125491,38981.677282306584,39118.8765813202,184.0,17.735152539444243,168.77147526959016,97.61204059027295,31.81072324563138
268,39184.0,39186.49975650477,39183.99980863125,39162.127964050145,39165.83113363184,376.0,17.393195463457232,330.314779542452,169.5146637686339,46.04610899323234
269,39568.0,39203.597530123116,39507.086480339814,39320.70660984385,39210.96879930666,-48.0,16.578963521769765,-23.98645690014746,34.93195071563605,27.286105640159803
270,39088.0,39219.65768354831,39136.02689483095,39231.99186548142,39220.403344912156,-120.0,15.351571917817637,-97.6792358883722,-16.71881162173304,16.054712851098884
271,39328.0,39234.30067395875,39311.72800856307,39287.268986600386,39243.07822500886,120.0,13.786138636369287,94.34115654747802,34.91161441916847,18.428791347148945
272,39328.0,39247.229960821045,39324.70920792591,39301.815094319754,39257.260927606454,-8.0,11.965163637483784,-3.4727610076151905,1.4536548792384565,10.64574897791681
273,39312.0,39258.23100123372,39304.78248654784,39290.17629635886,39264.36972296469,-64.0,9.967954431867838,-56.01428863886758,-22.55064978145674,4.727281506475265
274,39200.0,39267.16586968478,39212.680630648174,39256.71379475684,39266.715490619405,-40.0,7.866658437927981,-28.698702658788534,-5.105604223601404,5.6815421856808825
275,39232.0,39273.964318109574,39247.38508123026,39279.96508791166,39275.732807336055,136.0,5.722562887753156,111.62985673338699,47.23383711064889,11.203957083453133
276,39472.0,39278.61099546029,39435.94034411495,39351.18146897814,39289.12340478631,0.0,3.5853643148002448,8.256983459414187,10.80711555554808,4.2467676895685145
277,39232.0,39281.135046739175,39263.89904814909,39301.579319022756,39284.22634271519,-8.0,1.5119274143762595,-12.546055220424023,-14.812490444001014,-2.2857449353541597
278,39456.0,39281.63485028904,39410.8482336741,39321.55648809014,39284.5519149156,-120.0,-0.41654230714266305,-106.95636605696563,-47.24458688755476,-8.246832053813705
279,38992.0,39280.30196212489,39049.98631603516,39207.09014524765,39267.732678607565,-56.0,-2.0902764645870775,-42.783617510664044,-6.921270218670543,-3.032602377657895
280,39344.0,39277.454297359865,39325.28099865277,39307.713947652795,39278.48671016029,208.0,-3.381230208047782,181.69967588146756,82.48077623155041,7.4783670607394015
281,39408.0,39273.539501708794,39413.385667798095,39372.05169771075,39282.68941272904,128.0,-4.163840396991873,115.03300813580427,46.363598913321766,-2.0628267947940913
282,39600.0,39269.12661656588,39555.34701492438,39400.44114547944,39274.3610565707,-96.0,-4.360082239203621,-97.5118812419314,-71.38997949158875,-24.61030332980954
283,39216.0,39264.81933723039,39218.36190531423,39229.27173872757,39233.468806069424,-352.0,-3.966972014033672,-308.9672800488879,-164.53353738808073,-40.01881019780558
284,38896.0,39261.192672537814,38937.412454826605,39071.37407070328,39194.32343617509,-72.0,-3.081594197505183,-73.88717635460489,-70.21063267265708,-24.22919808558072
285,39072.0,39258.65614883538,39070.58755260502,39088.850473382256,39185.01040989826,168.0,-1.9027113514748635,126.11286080355057,25.90163937010584,-3.6625057819110225
286,39232.0,39257.387249834865,39189.638176433706,39123.17734944349,39186.998424611265,-128.0,-0.6952538308833027,-96.83700253983261,-20.084449217021756,-0.2620640564309724
287,38816.0,39257.26564117361,38876.91354752536,39048.68157494821,39184.4862817854,32.0,0.27310904778642,38.326085335771495,41.84501297882889,15.912171263400523
288,39296.0,39257.93346793044,39266.29034710525,39206.86737540115,39218.82276713807,224.0,0.7923513291534618,198.42406702581866,113.61948815350843,30.47762370957207
289,39264.0,39258.85034383192,39273.761681576994,39275.92055125523,39245.441529204545,40.0,0.7463436089237803,56.27974235671718,75.01345148170003,25.690838526705193
290,39376.0,39259.426155148285,39378.84983181868,39356.89427836455,39270.20444419148,136.0,0.15184415779731353,119.33730933512197,71.42086629159166,19.473137196506286
291,39536.0,39259.15403214751,39512.43630024724,39418.76228383841,39284.38780359756,24.0,-0.8520539734090562,15.767969664746488,3.2491473930676875,1.6027495859561895
292,39424.0,39257.72204720147,39410.385771148176,39363.39257315068,39273.40994336339,-200.0,-2.0490894150643726,-170.1216733582005,-85.67342411238496,-18.507363065997197
293,39136.0,39255.05585331738,39172.19295353084,39247.41543561364,39247.37307746556,-48.0,-3.2000639594043605,-57.22804996315972,-60.26941973022258,-20.468212024548848
294,39328.0,39251.32191928266,39295.92967122186,39242.85373369024,39232.47351931429,-32.0,-4.09306156941966,-36.614926199683396,-47.134835078286415,-19.675882185554656
295,39072.0,39246.86973017854,39098.96310113147,39153.14576545707,39208.021313094454,-64.0,-4.588325550004811,-62.15106443302284,-49.13508550462939,-17.651140565114474
296,39200.0,39242.14526818265,39171.62754235581,39144.58356268098,39197.17123818406,-80.0,-4.634647604689235,-69.19784699660158,-36.27042143560175,-10.99151300119047
297,38912.0,39237.600434969165,38960.56740713827,39080.604922585866,39186.03828709207,32.0,-4.2582994341464655,31.776900473803835,20.323821197824145,2.5689632626126695
298,39264.0,39233.628669314356,39235.18134330342,39185.23120507663,39202.30916470929,152.0,-3.5398208939914184,130.52065268224032,65.24188502907054,13.186335852682532
299,39216.0,39230.52079318118,39221.60871250275,39211.08869264401,39212.41095879744,8.0,-2.576342367203324,14.470931713076425,23.401833889383852,9.922342028021376
300,39280.0,39228.47598457995,39264.12320672957,39232.034872855394,39222.15384876533,-48.0,-1.4603094268386485,-36.86947212534142,-3.0363833609117137,6.850582406157628
301,39120.0,39227.600174327505,39147.869768252065,39205.015925922184,39226.11212360975,32.0,-0.268966672312672,23.09540278284112,15.489016027881007,9.263881024911825
302,39344.0,39227.938051235324,39310.31401229525,39263.01290491116,39240.681610815154,-16.0,0.9349923146401125,-5.985694480561506,17.50343144454746,9.403567746154295
303,39088.0,39229.470158956785,39135.89837929094,39240.02278881128,39244.91925910206,136.0,2.0885505987535,122.38618299396694,53.02127830576501,12.08361124201474
304,39616.0,39232.11515243283,39555.08637828319,39369.05546152269,39264.848833299184,40.0,3.1133243625481555,32.168829092410306,5.560403472751204,2.372015862081753
305,39168.0,39235.69680768188,39200.23603747576,39251.14359575678,39249.663290826225,-192.0,3.9109210896422155,-168.5290116564065,-76.34006788751503,-11.102377931649244
306,39232.0,39239.936994612115,39218.028354970374,39216.37532574766,39242.644077435885,-48.0,4.368533554414171,-52.06590765353758,-42.58060713529994,-6.487009518543346
307,39072.0,39244.43387479071,39096.10422216869,39165.98238148618,39236.68927178914,0.0,4.382215438359708,-1.4030219582382415,-3.401753518384794,2.2796579427085817
308,39232.0,39248.701425488835,39215.2223110539,39209.57181871089,39247.2033933213,32.0,3.895530660618533,35.22964415471142,32.375346580152836,11.27429119822773
309,39136.0,39252.22493611195,39166.56351047811,39230.73307464649,39259.237854185594,112.0,2.9220741927165363,104.15875181476076,68.5277932588433,18.196353573574015
310,39456.0,39254.54557387427,39423.53981468342,39346.62740522857,39283.59610046845,104.0,1.5669439573102864,94.67537762241045,61.20803319637707,15.738051306278066
311,39344.0,39255.35882402657,39355.91426572293,39353.14914103924,39290.71395679815,-16.0,0.027882389702426735,-8.054220345842623,11.096306330284278,4.453554169605923
312,39424.0,39254.60133865367,39407.431373991734,39368.82001788914,39292.50320880766,-40.0,-1.433925050212565,-31.326021772507374,-11.919114205527876,-4.7855875501008995
313,39264.0,39252.49097392614,39293.26222217792,39329.310912628185,39281.14278169795,48.0,-2.5442082417612255,32.141959075783234,-6.8536489468642685,-10.503288024818175
314,39520.0,39249.51292217015,39471.7152921433,39355.11271999541,39271.496632758026,-64.0,-3.0665889514202718,-62.97046931812292,-56.64183263506129,-22.07131730202309
315,39136.0,39246.3577960233,39167.32128354167,39216.02724735806,39237.0001470939,-160.0,-2.858808746015711,-147.7875908932656,-99.07184895832324,-29.44647830942631
316,39200.0,39243.79530467812,39176.14011035677,39156.96902207877,39212.60367613917,-112.0,-1.9081717357803427,-110.48062140105685,-80.57371423991208,-23.766287147773255
317,38912.0,39242.54145255174,38946.36004073956,39054.87981887824,39189.467572798356,-72.0,-0.33286297784070484,-57.97986591944937,-30.64929376141299,-9.262724700896797
318,39056.0,39243.12957872244,39060.18037851787,39095.67043455594,39194.07822673738,160.0,1.636426633267547,134.72223036767173,60.625832955673104,11.514565275891073
319,39232.0,39245.814305818276,39215.8045014749,39176.131484789585,39212.49670335014,80.0,3.7038446940496215,74.64663033151737,52.52679262843594,17.443311780265503
320,39216.0,39250.53726811054,39209.473639180906,39200.72401981281,39228.96485029791,-64.0,5.562362204727833,-38.962666389481456,16.95454492963472,17.11638946266612
321,39104.0,39256.93903022773,39137.87916869594,39210.040574648854,39246.72948227547,112.0,6.9486764257453615,97.80137299473063,62.33684216046822,24.90110609133626
322,39440.0,39264.43462096203,39405.07638517037,39325.39770413375,39278.76706248058,104.0,7.682686408723384,92.57914232625262,58.055981551773584,23.97593332914039
323,39312.0,39272.30440304518,39323.03745334844,39326.1525377524,39294.68134893375,-40.0,7.684056845318992,-26.851665079706436,7.831102494848892,15.048353899852373
324,39360.0,39279.802734652665,39351.373055010954,39341.05990912345,39308.86377028029,-24.0,6.972660928986443,-14.799123282740766,5.437325932765816,11.625609860555414
325,39264.0,39286.24972490315,39293.43920678296,39337.02718961793,39317.93256865486,112.0,5.650165269318677,89.26218568681725,32.48087530345583,11.765426807316544
326,39584.0,39291.1030651913,39529.89742638459,39406.02165973036,39332.39462389492,-80.0,3.8743265721568605,-64.26286692712165,-19.99470002239832,1.88178643480569
327,39104.0,39293.998378047465,39164.91347292872,39297.037789573136,39321.69614152447,-32.0,1.8369628071886837,-30.029670957290364,-12.46497537065079,0.18632470577358617
328,39520.0,39294.77699080568,39469.83808447001,39381.09170898906,39332.76727330647,72.0,-0.26463432613309124,53.936334488069406,14.599773910449585,1.7094954473213875
329,39248.0,39293.4691093952,39272.78614190486,39326.237337394035,39325.115132419116,-104.0,-2.241845654316421,-73.12123304084889,-15.735702898000454,-3.7963842663994
330,39312.0,39290.29329949705,39323.59561838831,39349.620303193056,39325.17450477367,136.0,-3.9255626581543765,108.78756842498842,42.193117395545414,0.718097593238781
331,39520.0,39285.61798407889,39490.36127875483,39410.623572185126,39326.55132760559,16.0,-5.185544590218342,18.572054140669934,6.315055084636697,-8.29561078779443
332,39344.0,39279.92221031661,39360.73972666965,39362.25041336233,39308.58328319808,-48.0,-5.945350250025513,-45.922918736912834,-39.247952141631686,-19.738880247612542
333,39424.0,39273.72728357884,39398.51544128101,39332.12766790186,39287.07356711037,-88.0,-6.194656386065617,-89.64707898359484,-76.05891150953903,-28.356037732191908
334,39168.0,39267.53289754448,39181.44556870246,39210.13259034325,39251.8712077337,-160.0,-5.993695505774667,-149.84202906626524,-100.9287823869854,-31.008798989983916
335,39104.0,39261.73989256729,39098.83138314848,39130.27010312789,39225.0559691304,-120.0,-5.471688395842648,-108.4572698115735,-66.7274356514099,-20.762440146780136
336,38928.0,39256.589520752794,38964.53102907931,39076.67771904043,39210.34632744014,56.0,-4.79840703298396,48.354791327379644,20.74647543275205,-0.5923253182554618
337,39216.0,39252.14307850132,39195.54096580324,39171.763053993396,39223.87131849389,144.0,-4.147559227716556,128.71476574010376,72.96686194966605,13.91855697844585
338,39216.0,39248.29440229736,39221.96056055952,39222.611442939764,39238.18344139703,56.0,-3.6571230384070077,56.222397553905466,54.15411041625339,15.421294972991745
339,39328.0,39244.82883242451,39307.98576091105,39280.0712748259,39254.71390843987,-32.0,-3.393291488831892,-14.04599509322361,33.495469299086835,12.866162464841182
340,39152.0,39241.5078193197,39193.86857037307,39289.60238153794,39263.91576632671,152.0,-3.3305219072390173,140.3113213520046,78.33229748100712,14.797646203169279
341,39632.0,39238.16778861003,39588.60840361506,39436.73586978792,39284.30920084621,160.0,-3.354283427579503,132.69619129263447,49.50142314394179,3.0088945618117577
342,39472.0,39234.79925246454,39459.26095295834,39388.60522782582,39269.933555450334,-232.0,-3.295118076730432,-193.04268586501348,-89.82802804918902,-24.478967623359495
343,39168.0,39231.57755245657,39202.52303188503,39257.07981368954,39235.35126559949,-72.0,-2.970405374711845,-84.12276164816649,-86.98550729151248,-31.214726570866333
344,39328.0,39228.858441715114,39291.01542966201,39214.634213242796,39207.5041023086,-80.0,-2.239294133189105,-96.43045391297346,-99.12849382534478,-33.87195817545944
345,39008.0,39227.09896419019,39009.66212405908,39058.82282603885,39167.607349248574,-320.0,-1.0418249402282527,-273.04268530749323,-130.3999741845255,-31.91638559760031
346,38688.0,39226.77479183466,38744.93005904702,38953.834264873745,39143.6713311134,120.0,0.5831179478955164,98.7747838926989,27.928571271771943,-1.1524515795063053
347,39248.0,39228.26520008598,39207.21169184448,39114.67996858239,39165.30244608956,192.0,2.500086184605607,179.48353835018133,94.18568799984496,17.496237280640344
348,39072.0,39231.77496420387,39103.897135747386,39142.205640873435,39178.66380567468,48.0,4.499048792466056,56.17112263985473,62.628492727755656,18.694549868854665
349,39344.0,39237.263297670914,39319.55393712419,39239.936954037905,39202.69154582727,120.0,6.336988333230693,93.42648699773781,45.69979018342201,16.962317443954817
350,39312.0,39244.44894087033,39290.75010974286,39233.60522124028,39212.58844056259,-168.0,7.783820414024376,-135.053278667041,-45.52912217748599,4.926316763448995
351,39008.0,39252.83093849896,39049.44737979011,39148.87870968293,39212.54417935417,-32.0,8.65843797742491,-34.065831002200866,-14.287156715876336,10.182947759283707
352,39248.0,39261.76581682518,39222.61844773846,39205.03090780853,39232.95433608116,48.0,8.864240364797297,46.26330664064881,34.66765202985698,19.657873531050427
353,39104.0,39270.55941922856,39141.973993071406,39218.21401374265,39251.85992641627,120.0,8.405624569444626,109.22551068996108,70.29011280544364,26.298586655924737
354,39488.0,39278.57706596407,39441.06946911838,39345.611133419414,39285.55150939301,64.0,7.393224217492389,64.44282163886601,56.202686386470305,23.569158446389338
355,39232.0,39285.34586766354,39270.85963634914,39330.61938651559,39298.99824330905,16.0,6.026088662791153,24.08834897644556,34.31794635396727,16.796646081489598
356,39520.0,39290.62924328965,39489.24616707127,39414.24702612735,39319.14480155599,80.0,4.564267066041793,64.61736607851344,30.75115267543879,10.103798324740637
357,39392.0,39294.474401795625,39400.094368506165,39392.121691866465,39319.20583995853,-64.0,3.290862767276849,-48.67995603426971,-22.064488327650906,-3.578669599530258
358,39392.0,39297.210968824205,39391.88625500273,39370.11804947205,39311.98746235693,8.0,2.4570904104148212,-8.776838489760848,-32.94461765839878,-11.219004483758908
359,39408.0,39299.388582616455,39382.54069152664,39326.23245654967,39296.76783099101,-152.0,2.2321880354902532,-136.6421058428641,-84.76936464753817,-20.78123981636236
360,39088.0,39301.675344895186,39118.602043317005,39200.57932017697,39270.4249827242,-120.0,2.671193037775083,-110.92843162460849,-69.36347628421936,-17.221599130600225
361,39168.0,39304.730968692005,39160.683828277426,39187.50550398123,39262.32463272981,8.0,3.70906215940704,5.500926347554923,-3.321064205123548,-3.38411835790248
362,39104.0,39309.093469214,39129.603896012115,39193.93719176672,39263.6567460084,104.0,5.16986510942661,96.9395477952421,51.40028366885235,9.314950579009746
363,39376.0,39315.07069891086,39354.56292386791,39290.30607131893,39280.95453388783,144.0,6.798392821310699,117.77364719535763,53.52191521168061,12.545514573819673
364,39392.0,39322.69025485662,39365.15119040283,39300.981022190084,39288.74777515604,-160.0,8.315476441581268,-123.65578145091422,-34.834538033803256,2.630630026011204
365,39056.0,39331.70165179402,39107.25136096608,39220.63699525133,39286.21579393985,8.0,9.454350576968864,-1.6430246063428058,1.9744706869023503,8.978808480809676
366,39408.0,39341.59895601056,39361.865141190145,39304.92996356389,39306.705392117656,24.0,10.001269708594918,23.939486174771446,32.75795009450667,15.424867783684022
367,39104.0,39351.70419121121,39155.130333315625,39286.15289544034,39317.06552950722,136.0,9.817654466423846,131.15379229513928,72.29937959662493,21.013413864926406
368,39680.0,39361.23426494341,39624.17272578042,39449.52872275714,39348.73221984751,120.0,8.83462122362107,107.66908777538993,48.140188695368124,15.103301332666888
369,39344.0,39369.37343365845,39370.468508866405,39382.43327283108,39347.272132172555,-136.0,7.0597855464839085,-121.36167258201385,-47.87881351052056,-1.2964810663288517
370,39408.0,39375.353836036375,39381.449380616396,39353.7710957361,39346.13925771485,-136.0,4.565688944214344,-121.77222516802794,-55.77662922693344,-4.225911571964389
371,39072.0,39378.50481154688,39126.92405853035,39270.88001437721,39338.820309028626,16.0,1.4706695847307856,20.094970565707627,16.54892582971297,6.022066765210184
372,39440.0,39378.295175205836,39421.63932174781,39386.868947395524,39358.18339124527,240.0,-2.053643240695237,202.9118719565231,89.42340671607963,15.272251778907957
373,39552.0,39374.39752506549,39532.747802443395,39449.72682780937,39369.36481258644,16.0,-5.775446527193708,14.847492912569578,11.721294318529544,2.0496619704936165
374,39472.0,39366.74428215145,39451.33430757295,39410.31153603258,39362.28271518626,-224.0,-9.425509667220467,-184.74195700570272,-70.25952376049827,-12.567961640870635
375,39104.0,39355.54650573105,39163.26388843199,39309.20778028837,39344.2288893047,48.0,-12.709803077115794,33.57599416143421,1.500134399982926,-6.042381416325952
376,39568.0,39341.32467599722,39518.48629589582,39413.31180483255,39350.19795235361,96.0,-15.328457999603415,82.32691580049868,26.75992696044341,-4.92103933341059
377,39296.0,39324.88958973184,39327.91772003299,39362.72763420926,39334.38681063788,-40.0,-17.027017172880733,-30.97997569789368,-17.2203535186527,-13.891801183832285
378,39488.0,39307.270641651456,39456.52634450003,39378.87109779524,39322.41434998594,-16.0,-17.62830371641394,-28.759653032782808,-38.42098751640151,-20.25174315264303
379,39264.0,39289.632982299016,39270.39841396742,39285.885659176456,39293.88332433259,-184.0,-17.05540733725502,-154.1358606955073,-82.04260903055547,-27.03685943671735
380,39120.0,39273.159826976946,39148.25462310902,39214.78587973413,39268.34063111251,40.0,-15.34873440947922,19.129324686662585,-23.706839575257618,-18.125661664464133
381,39344.0,39258.93551348006,39308.65706334075,39238.47198002594,39257.632001003665,-8.0,-12.662427272964123,-16.31224306454169,-29.077909695221024,-15.027030058656237
382,39104.0,39247.83497243102,39115.63013697993,39156.63006034369,39238.286570995195,-160.0,-9.234099823155702,-134.8762414611483,-55.52688951040909,-12.631101458711782
383,39024.0,39240.467313833746,39038.90458041845,39127.41820100512,39232.36979808624,-8.0,-5.346357181322674,-2.202654469241679,22.49724116399375,4.501716995360766
384,39088.0,39237.14225806837,39111.22482804145,39201.62454267168,39247.290004985916,296.0,-1.290413267666736,265.3423548990904,131.01861300239398,22.884707148969028
385,39616.0,39237.88648729841,39569.58929021663,39389.45542700991,39278.13921238418,160.0,2.676096656214213,149.41294618949178,74.55859784319182,13.956168017473829
386,39408.0,39242.4944513808,39410.05072042043,39350.74173835806,39275.202341020864,-168.0,6.345007634994545,-149.284967694035,-67.34281947281852,-9.576754312271078
387,39280.0,39250.5765025684,39271.01935482856,39254.76978806427,39258.98570375964,-192.0,9.565670349285938,-183.9345914490841,-108.58705626164738,-17.267352073246002
388,39024.0,39261.62579207937,39042.181537522265,39133.56762583477,39240.66763687437,-160.0,12.244108933420648,-137.93012969495612,-66.41834931212725,-7.484685041548801
389,38960.0,39275.06472043524,38995.15909543865,39121.93308944002,39244.01633367654,208.0,14.33142093715287,171.55220985083724,69.33200832525836,17.549513485995703
390,39440.0,39290.28863395368,39385.28595722394,39272.23164248528,39275.76666384636,64.0,15.80581147182238,73.77747316378009,66.41437428791323,23.5386633621456
391,39088.0,39306.67634337889,39142.71404176621,39254.761838015846,39291.09366040083,56.0,16.669158979231725,65.44836927075085,65.91111453848134,25.481679574502778
392,39552.0,39323.62695191214,39516.18269576544,39404.053871562246,39326.73002299537,192.0,16.942275581288413,159.93205692898846,75.31896932751988,24.37286374431278
393,39472.0,39340.560894541464,39462.578155624185,39405.399776670885,39339.83938788946,-120.0,16.65405644950806,-100.71376202033935,-31.954206555914425,6.501334288554062
394,39312.0,39356.93506481116,39314.75517172476,39340.14545845042,39339.73269157248,-160.0,15.843473043878475,-134.04712527560332,-51.18158899525952,1.2799382616503863
395,39152.0,39372.24784062922,39194.48390507298,39303.036598680366,39342.39926441276,152.0,14.556847540876333,120.16563778146156,38.409439570132236,12.186536060915387
396,39616.0,39386.04875989291,39555.086447287686,39416.96433759068,39364.10576369431,0.0,12.845002510959603,6.440293264702632,14.409907705659862,9.111787466263195
397,39152.0,39397.93784565114,39207.364491602384,39331.856414091686,39360.622839345284,-72.0,10.761594656047237,-49.32239135329655,4.8202835468473495,6.948217618242779
398,39472.0,39407.571949205005,39456.44166458109,39426.60490468438,39378.00219893079,208.0,8.357458255592064,171.285495884189,72.05094293487491,12.679469532049552
399,39568.0,39414.652762162325,39549.93548337076,39475.958299961436,39385.98177840938,-8.0,5.685940556842979,3.1712356434691173,3.332545257773745,-1.1213316009379923
400,39456.0,39418.94383031869,39462.78413586803,39433.269995199924,39375.75953572892,-48.0,2.802697035131132,-53.23066816259961,-54.0533071615464,-14.234265894025157
401,39472.0,39420.25815623259,39443.47414704556,39367.85168563834,39357.51324662133,-248.0,-0.2350142718096322,-226.83030887191126,-117.4924667424093,-23.97062677651411
402,38960.0,39418.47380177507,39009.12351812421,39198.285061715105,39327.81828217589,-144.0,-3.3569484608524363,-123.84198302301957,-50.42409306568152,-11.304050336653745
403,39184.0,39413.54425931088,39195.790180999524,39267.00349950698,39334.905145948025,288.0,-6.469586369730678,250.16793669663457,110.22018754536111,14.632121069542336
404,39536.0,39405.53462903561,39509.45939151748,39418.72543680583,39357.082524314974,192.0,-9.447764134893077,176.41579928161445,93.08465570176122,13.23150458269447
405,39568.0,39394.648731041096,39548.62177956275,39453.1728109105,39361.368155113414,-64.0,-12.131706456188112,-57.72871414098336,-22.966220440070174,-6.045961445888679
406,39408.0,39381.271216123234,39394.00196323551,39372.79299592569,39344.9906014232,-264.0,-14.322824390688766,-224.6100001496743,-97.98331702197538,-19.528023619055602
407,39040.0,39366.00308225972,39099.401779263404,39257.20617686655,39322.3121078753,8.0,-15.808782487536519,2.4087123449353385,-6.983730625855969,-8.562888154130633
408,39424.0,39349.65365114816,39398.81938792538,39358.825534673975,39327.864825114935,200.0,-16.393539828874054,173.51454828886926,69.03212514440747,0.7459584953794547
409,39440.0,39333.21600260197,39446.43087584114,39395.27042715537,39323.80402486606,88.0,-15.932028834515222,79.76586712145945,14.080106059078389,-9.870599005571421
410,39600.0,39317.78959347913,39558.3511221683,39386.98574679213,39308.12362710379,-224.0,-14.376361582959362,-210.3076900634369,-114.79180696716867,-30.274216407076892
411,38992.0,39304.46327943605,39025.81549571427,39165.68681322103,39263.25559205191,-272.0,-11.8092741471919,-249.4746006505702,-134.45552696059167,-31.30525544928969
412,39056.0,39294.17104518475,39059.40192086716,39118.07469287095,39245.51311620521,80.0,-8.434507939487958,50.59602948867905,-16.57477391460634,-8.266820036435092
413,39152.0,39287.594263557075,39127.00755469163,39132.53726539182,39246.72195197904,-80.0,-4.571499758523714,-57.35659271739496,4.731205216776289,5.944933372775267
414,38896.0,39285.0280456677,38944.68873543237,39127.5371033045,39257.40298295076,216.0,-0.6172362506003992,204.24660357928224,110.7683895649352,28.75118011926679
415,39584.0,39286.359791055875,39535.50076185019,39354.07404452169,39304.22431221757,224.0,3.0356014574572328,205.19408999209554,111.57396347802933,32.832544877684995
416,39344.0,39291.099248582614,39355.07691541656,39350.68503026056,39323.06807270613,-168.0,6.042677392812038,-125.039269350822,-0.04649913084722357,17.797164123869152
417,39248.0,39298.4451458415,39285.42222314855,39353.98104625999,39339.81864046531,168.0,8.156601381200744,132.00478841352015,56.286539129429,21.341499782440223
418,39680.0,39307.412451345015,39619.0864922436,39463.25810851942,39365.751072271014,0.0,9.26504475778711,0.0954244776548876,0.9061165191305918,10.219985419254954
419,39248.0,39316.97523535707,39285.61307210386,39355.793279298254,39360.25861130382,-152.0,9.387210596894874,-130.9551187238685,-53.56818957203723,0.12046959799772594
420,39376.0,39326.186872538805,39357.176254795864,39356.12172937534,39365.99201146701,-24.0,8.656243288431142,-22.55554332866086,-9.610685235234996,5.233000736541726
421,39200.0,39334.287721933935,39240.501985446535,39336.571908827784,39370.7246127769,96.0,7.293441248511954,85.83565788335909,48.73613386633224,13.268831948738807
422,39568.0,39340.77375503583,39528.84757056258,39453.59399710801,39392.52967536449,96.0,5.564921418830636,92.58343792895539,59.819086834224436,13.031546355807222
423,39392.0,39345.4175647716,39425.668861304446,39456.21008249623,39396.78770548852,72.0,3.745821010961663,65.16559726408013,34.72112663634107,4.497415398454905
424,39712.0,39348.26539705775,39659.17876509074,39523.03625038069,39401.5245061614,-32.0,2.0859405043156585,-30.5962707600047,-27.655706925193954,-10.786974019047193
425,39328.0,39349.58944578023,39364.47631978444,39400.898668645845,39375.21375745042,-120.0,0.7678751203784486,-112.32084638413289,-85.68824741192657,-23.9500608384551
426,39472.0,39349.80114729851,39434.53707232248,39351.65975555684,39353.62438448449,-192.0,-0.10725916781302658,-184.49007673712913,-109.40903531058939,-27.508153741713613
427,38944.0,39349.3749274446,38995.49616631018,39182.080598024666,39320.197449966996,-136.0,-0.5145413525933691,-114.3238835738266,-50.5388585198416,-14.617062019140576
428,39200.0,39348.77206459332,39205.889305174824,39250.582038517154,39324.390260446206,288.0,-0.5106084450490016,239.83966473874898,93.7924597510646,10.412323501521314
429,39520.0,39348.353710554504,39475.17549578768,39369.665517526795,39341.02209697004,32.0,-0.2118689412236563,45.163669551253406,43.91623777303903,7.6829413723353355
430,39264.0,39348.348326710875,39296.21664427733,39338.41451406323,39339.756143190876,-24.0,0.24023387837951304,-17.875630123671726,5.956253568052489,2.521853380381799
431,39472.0,39348.83417831126,39439.42423554033,39381.5780246629,39346.0658037308,-24.0,0.7049972294698819,-19.67123103535414,-2.0474770688852004,0.012950726464623585
432,39216.0,39349.758321169815,39256.87418220662,39334.31955992546,39339.782044643805,24.0,1.06400748998567,21.82085769938203,11.90131522529191,-0.09465685480608954
433,39520.0,39350.962193291234,39483.0659509391,39405.380655113484,39345.87649002119,48.0,1.2404533272638218,41.52152342794943,13.751422744768206,-2.6117301215563202
434,39312.0,39352.23922782434,39339.91722906252,39361.822405415,39334.55858440069,0.0,1.211462903440406,-3.5625765639779274,-18.647046990987292,-10.18997640046291
435,39520.0,39353.385119098115,39475.94079781114,39368.08656113151,39325.496537220264,-80.0,1.0004978585711797,-88.73019162869605,-69.69256371773372,-18.78722031941652
436,39152.0,39354.240223541485,39162.45684580513,39222.43727797953,39296.98414376186,-304.0,0.6647952998355322,-256.74197354734497,-110.4306441622175,-21.263186270309234
437,38912.0,39354.714709697786,38962.45685071645,39147.225272807074,39282.970164679646,128.0,0.2822699657372141,108.50013710388157,42.40063123108848,4.534529151769675
438,39408.0,39354.80476347296,39379.45712001289,39307.23854044171,39306.0532020654,240.0,-0.056163665034546284,218.0699907506023,109.63253785547931,17.985697489020822
439,39392.0,39354.60238236772,39398.596832217656,39366.49034851803,39318.94155965769,48.0,-0.27200123957300093,52.123873293032375,46.49698233534582,9.235435575170413
440,39504.0,39354.26076099381,39483.70486659896,39400.2325051124,39324.52407321574,-8.0,-0.3222066788621305,-16.367632623903773,-18.14159084943458,-3.3912827811582247
441,39376.0,39353.95796900999,39365.86156696985,39330.207166819164,39312.15899409537,-184.0,-0.19415880326050683,-168.5354647798522,-92.9217548836532,-15.557129415599775
442,39136.0,39353.87244338729,39146.63393703925,39214.38899534509,39293.40981438454,-192.0,0.07664066027791705,-166.05794473431888,-76.62367380152136,-10.878688991600939
443,38992.0,39354.11125033055,39033.74567750121,39176.95981921612,39290.40161611217,176.0,0.40457038259046385,145.74333759908404,55.05073347908183,11.911882533233438
444,39488.0,39354.68158415247,39438.12061223742,39324.490462303256,39317.23357945101,104.0,0.6780736510190764,105.07478629224352,65.77587423876685,18.293642311389704
445,39200.0,39355.46739763259,39243.8952500857,39308.511567693655,39326.98890073495,16.0,0.7828344691442908,25.25088827676882,38.276889237229625,16.104766320688213
446,39520.0,39356.24725309076,39488.62238879096,39401.044240777715,39349.443112092384,120.0,0.6236892483866541,87.83908266006983,33.05479347291475,13.92636696205227
447,39440.0,39356.71477612936,39419.57341540584,39374.621154639484,39354.84163465905,-208.0,0.14802350433456013,-171.18189635594536,-59.11250881848537,1.1406042996241013
448,39104.0,39356.54330009943,39146.25859607907,39282.819223140745,39351.72432069163,-80.0,-0.6352146064673434,-62.02183893143956,-2.3923199283708527,9.268902067160525
449,39280.0,39355.444346916425,39295.52973754296,39369.83651478274,39373.379438793374,344.0,-1.662620756040269,293.0934137648619,131.93554903336917,26.324090041413
450,39792.0,39353.21805858735,39732.44542360879,39546.69032120748,39404.37250077446,56.0,-2.828759449570498,72.96921952361299,54.19896702848564,11.611687019805686
451,39392.0,39349.786828017284,39441.468176590184,39478.234448839714,39396.602812832985,-48.0,-4.010968694277835,-43.636364067697286,-25.338647947915888,-7.539547299824335
452,39696.0,39345.196121198795,39645.1726954734,39496.01302531165,39389.29340617481,-120.0,-5.092074782896816,-125.80616464929699,-82.21491087223694,-22.644736349437153
453,39152.0,39339.60267845149,39189.85584729159,39313.80462709524,39351.31334013411,-216.0,-5.989965874829068,-190.66345082436237,-101.3060846687913,-28.01439903398932
454,39264.0,39333.21618944914,39263.84579382467,39293.40085597407,39333.26460810683,104.0,-6.66450133460603,73.21891565642727,-5.703343134140596,-14.585501621942967
455,39360.0,39326.27367578228,39336.293678604445,39302.39794082696,39322.142336890225,-64.0,-7.118939632033289,-46.08372219800731,-19.80394473362685,-13.015154372093093
456,39136.0,39318.97831018507,39171.67834942866,39253.792966506815,39307.234299362644,8.0,-7.39773140979014,13.776417967481393,10.291508933260047,-6.34632255944598
457,39376.0,39311.4782129627,39363.84651453941,39322.98095869348,39309.44969177133,168.0,-7.560806126424723,131.40073780779494,42.67847153340335,-1.1121230027456477
458,39472.0,39303.85669793222,39434.47982504425,39339.14990957362,39305.01005335715,-144.0,-7.667408569002873,-119.72897077902599,-50.25609433304635,-12.789135746323154
459,39088.0,39296.14339582469,39124.388572981356,39222.468770027386,39283.87142027869,-152.0,-7.763133259417373,-125.38698065101562,-49.44675453254604,-11.345062064530794
460,39168.0,39288.330431413386,39183.705863742216,39240.25640050853,39282.31992922809,168.0,-7.869338524989871,137.8466094719297,53.91583073541551,4.16450541080485
461,39424.0,39280.40471877471,39400.081791925215,39330.30043149822,39292.2004311003,112.0,-7.973003691815393,96.78488780906628,43.194246738788934,3.2905234272257076
462,39392.0,39272.384424029755,39377.27563936035,39326.64489398611,39288.90097608254,-120.0,-8.030605296393333,-96.42795576311983,-36.33309051904871,-8.454406213630136
463,39184.0,39264.343508181926,39207.225880398975,39257.63425046012,39275.291618673036,-56.0,-7.967578397056059,-53.92035696650055,-32.193518295931426,-9.044776475853723
464,39280.0,39256.44926723564,39269.43492542735,39262.257857394245,39270.811423130835,16.0,-7.690992627929518,9.383672165091411,-4.247464368752844,-4.9396243856608635
465,39216.0,39248.96152292607,39225.99322472916,39249.139321722614,39265.412369901715,8.0,-7.099064209203789,6.524422947597486,3.4511251896728936,-2.928434734032635
466,39296.0,39242.251138817235,39282.48377132254,39269.16010777359,39264.95455366277,-24.0,-6.085340328572784,-11.090596793907025,6.600839937775163,-2.0100885558058508
467,39168.0,39236.79084226892,39203.812031141344,39262.341001598164,39261.3921927901,120.0,-4.565058625379606,100.38841552551094,40.351394623652595,1.107248766838893
468,39536.0,39233.121021566476,39483.260602373564,39349.862897020896,39267.16905119645,24.0,-2.497865997371264,15.751583100030984,-5.546656066821015,-7.664689033834293
469,39216.0,39231.79511027418,39235.315197341406,39251.24768946452,39246.062814722434,-176.0,0.10401706910488429,-151.36941832512457,-80.99136282410836,-19.603095737893454
470,39184.0,39233.329055704686,39180.521765723315,39187.88017137268,39227.96285972066,-64.0,3.151239053979225,-72.18460300153674,-61.427432405511354,-15.90181201573796
471,39088.0,39238.09758838214,39090.94599133833,39128.3928246535,39214.25919069096,-88.0,6.45901278610836,-74.84581769330907,-39.29093439242206,-7.390709495153715
472,39008.0,39246.2470812769,39030.8301303367,39109.298302587835,39213.181440730354,56.0,9.758163922502717,54.0347906818497,31.554629228248814,9.18132207591043
473,39200.0,39257.61391622714,39199.01557270203,39191.50208311,39232.62183484278,192.0,12.710800674700295,163.26330587549091,77.95482207716486,21.07148585456889
474,39392.0,39271.6686826263,39357.35674208768,39265.207946742164,39255.32441243949,-24.0,14.943479195047985,-14.875120175958727,10.309837003245775,15.868798218682059
475,39152.0,39287.50087461724,39169.265332350114,39212.12175711649,39264.35943128014,-128.0,16.10318665595696,-101.7647479870102,-23.025311067434814,14.652990404661978
476,39136.0,39303.87505593822,39153.82724611366,39219.157324607295,39284.630393248815,88.0,15.921612073776487,73.69814433181818,48.61422979445706,27.70248163110955
477,39328.0,39319.34409876479,39316.66162101375,39309.3502167054,39319.76439454236,112.0,14.27425329583275,106.14247996886115,80.86800045080963,34.72222102066735
478,39360.0,39332.42356252988,39366.11220605138,39380.893325508914,39354.07483529015,72.0,11.2241641723449,80.01161529454475,81.9897715579682,34.01418251229552
479,39472.0,39341.79242710948,39476.68485160284,39473.32975982134,39387.79275956695,144.0,7.0328315029037185,133.9969035656468,93.10131422309496,29.507562255152152
480,39648.0,39346.48922553569,39634.106013182674,39567.095953955104,39413.089959800454,96.0,2.1486677234934177,87.95122749320944,53.31417111132032,13.551698223520361
481,39664.0,39346.08976255647,39652.58730658926,39579.95810204398,39414.896156013994,-40.0,-2.8547797268620343,-38.58217364712618,-29.158800889134,-10.64899598575721
482,39568.0,39340.779666081966,39556.94166588842,39508.778352176836,39391.79196782894,-160.0,-7.378425402152061,-150.9373112587091,-100.7905737787296,-31.914589793610503
483,39344.0,39331.332911752164,39350.71268407184,39378.37695448652,39351.06697642677,-192.0,-10.88656290900326,-172.66556145737923,-113.21292044705478,-40.37164258082703
484,39184.0,39319.00654026396,39211.61054297366,39282.35251128273,39311.048682667286,16.0,-13.002772599229502,-1.0494262298379908,-46.84818756242748,-33.665859626122256
485,39376.0,39305.327366553705,39348.613831612165,39284.680579361666,39283.73525717453,16.0,-13.577854509145254,0.07244669930514647,-43.331642240231304,-31.926662634028617
486,39216.0,39291.85083124567,39211.755436372274,39195.689226802264,39247.19535739923,-176.0,-12.71069531428293,-158.08121337852572,-99.14673915826643,-34.980131905344024
487,39024.0,39279.90597592514,39032.451404855114,39086.38710104513,39213.77499336384,-152.0,-10.717771879622887,-137.04700724159557,-78.10857523456798,-23.931614367193106
488,38912.0,39270.41528748642,38937.66142188908,39039.47207633313,39199.33212866484,40.0,-8.060683558236633,33.51712647937893,16.821013454555214,-0.07625826575531391
489,39104.0,39263.784608808666,39099.48565781387,39120.02912795424,39213.62247683233,152.0,-5.255930894156336,139.25252499412818,88.5716155982409,19.77147200910622
490,39216.0,39259.90342569811,39216.16647187734,39216.61530752961,39238.875072683055,112.0,-2.7711219468619674,117.51317345015195,96.89383334016748,26.396349484875827
491,39328.0,39258.24236491494,39334.512004714175,39313.81679463458,39266.41517580208,168.0,-0.9462134329260152,150.90555640772436,90.10988442226153,24.46086190913047
492,39552.0,39258.01099883226,39517.97758469279,39396.83507637413,39287.796796501316,24.0,0.06145959398781997,13.353503442529473,5.435819926620752,8.17146052429598
493,39376.0,39258.36528410292,39361.219011599234,39324.68843448782,39282.75809685067,-280.0,0.28540069059090456,-236.64030782340342,-97.80242464239927,-9.700794808104547
494,38992.0,39258.58180021344,39044.69696904598,39201.230227089334,39268.39520688511,-56.0,-0.08405154337742715,-47.06040459730502,-18.843093853818573,-0.5431296213100723
495,39264.0,39258.19718101616,39267.098202404624,39287.00224678018,39281.67183760805,288.0,-0.74900074848847,237.8922453817686,97.27314308093628,14.160222603346483
496,39568.0,39257.08379871646,39520.48145980952,39395.77651325121,39296.7156520918,0.0,-1.3678517790795013,15.790556452477176,22.662523096623772,1.4795970883387781
497,39264.0,39255.461477458004,39298.67931530958,39332.32729297343,39284.63103178473,-56.0,-1.6287753320539196,-48.4055679520643,-29.285573791057686,-11.053068717832502
498,39456.0,39253.826248052355,39423.67032390539,39337.20536566909,39274.609514656135,-16.0,-1.3082003417584929,-36.65737187723062,-54.51924446979319,-19.091041395789944
499,39232.0,39252.84507677449,39225.36457155512,39223.288804033844,39246.44894899315,-272.0,-0.30505163487396203,-231.48289457468127,-118.27215961832917,-27.43811821332929
500,38912.0,39253.21614478261,38960.70453475603,39100.66104643243,39219.733278229476,-16.0,1.339745709010458,-21.1373630189737,-28.297234385194315,-11.329006852196471
501,39200.0,39255.52456819251,39183.08984551717,39166.694335263455,39223.79093528876,168.0,3.446496888900583,137.83453834697866,49.3804564627535,5.247203823717427
502,39248.0,39260.10913856041,39236.373611449984,39199.42195935794,39230.22768587691,-16.0,5.721549013756885,-4.848176817282365,8.438603773451177,5.548134881999431
503,39168.0,39266.96766622002,39173.393491882605,39183.57154281036,39234.88720505276,-40.0,7.811224346558447,-36.01266015433794,-8.064645142399968,8.003879428481014
504,39168.0,39275.731587253526,39164.34829114131,39183.29266907314,39246.23544473387,-40.0,9.361474295030348,-27.30374503477651,7.367460799348919,15.260011917813245
505,39088.0,39285.69061481008,39118.78600181305,39198.306464409055,39265.40722888838,120.0,10.088931753474753,108.36771973701616,70.16702754044309,28.042145598927164
506,39408.0,39295.909450760475,39381.08373061534,39323.626724154026,39302.31973593173,144.0,9.846613911733584,127.71638187898134,83.13362182198762,31.62849383993307
507,39376.0,39305.38384263355,39374.218765571015,39364.57370805303,39328.66421656825,-40.0,8.65547494560451,-15.771137189229194,35.233837925519765,23.977691464930103
508,39328.0,39313.220400651684,39349.54145623688,39394.094400005066,39350.27511886159,88.0,6.70843699012039,83.02997185027198,62.5678919545644,22.72465823642051
509,39552.0,39318.80071661379,39540.27870927156,39489.70949196216,39374.11353304109,152.0,4.336464485662873,132.1307993924711,64.46983793817344,14.944090831559151
510,39632.0,39321.89332962301,39613.803055021825,39523.03407588141,39380.163300524706,-16.0,1.9428133462060941,-17.460379140618898,-21.15837814004408,-6.542067490150657
511,39520.0,39322.6863433062,39505.35795099032,39447.39273568207,39361.02939806079,-200.0,-0.0861529892681574,-181.65534907987603,-111.94497235830568,-27.08243256087735
512,39232.0,39321.72102364447,39250.49235686207,39299.1441311648,39325.99843540295,-168.0,-1.4620795248411014,-162.4038098179044,-114.67653893486931,-30.331040887689596
513,39184.0,39319.76218425652,39180.55033135451,39218.03965781233,39300.36731628541,-88.0,-2.0474078980296326,-87.19036873500227,-64.08464444629863,-19.812753303274803
514,39056.0,39317.626207848414,39076.11161939207,39170.974842272204,39286.3729287964,-16.0,-1.8702834891264501,-3.880615002104605,10.422605595969799,-2.4757410491838527
515,39152.0,39316.02161727827,39172.7891013503,39238.88486900427,39295.41583418704,264.0,-1.0872335137864866,234.7157660159828,111.35246123420802,16.213697099992714
516,39584.0,39315.45174082084,39545.54315142403,39393.67976474062,39318.80032299639,168.0,0.07186956898658536,146.37702988765886,59.63477810666154,10.12450495916346
517,39488.0,39316.16535641624,39465.54316112562,39358.154425217595,39315.66484410537,-336.0,1.3695033903095464,-286.31474090355914,-100.44812691423067,-11.752236685751996
518,38912.0,39318.19074760146,38972.913669616915,39192.78351091216,39295.29584962488,-48.0,2.6277195543661946,-52.47257958044793,-24.979158849353553,-1.2042019992404676
519,39392.0,39321.42079552497,39360.598001964725,39308.19610751889,39313.25644010689,216.0,3.752911454263085,189.11633456100753,73.51065036617001,14.02341248734956
520,39344.0,39325.69657050999,39351.14633873893,39339.8048116445,39323.34267459958,16.0,4.723685337263305,26.28003046885351,29.511109947863588,9.05336822267418
521,39424.0,39330.8681661995,39413.15806290243,39367.218327414615,39331.36317655224,16.0,5.565636967552564,7.802038675657968,-0.977320522582886,3.388660780266946
522,39376.0,39336.82784444509,39366.750416090246,39337.85017059933,39330.119996160116,-104.0,6.307128801403451,-92.65556636093606,-48.44307151560861,-3.537180584116868
523,39216.0,39343.48242380231,39227.84693018056,39270.3321843834,39324.288815384,-88.0,6.941800892298488,-79.66883500690892,-40.3518940242393,-0.4167400069127325
524,39200.0,39350.71144622969,39207.41274607643,39257.146382550854,39329.28651614629,16.0,7.418556687935052,16.62954627799627,15.387389442883432,11.46202656960304
525,39248.0,39358.31953717818,39261.10602273655,39301.106963269165,39347.21286852321,128.0,7.653504792087915,119.22339034290417,70.51406235289687,22.886995803080936
526,39456.0,39366.018455813864,39445.85952676224,39398.17450725665,39375.06050775245,160.0,7.557956801949331,134.0511378368501,68.15479761580355,23.800664616865106
527,39568.0,39373.435450782075,39529.20829841025,39437.41655850077,39394.81419775694,-184.0,7.075296769653505,-148.4729359660123,-26.049669505486236,11.094399892332149
528,39088.0,39380.16904935317,39148.91365483021,39346.075168245676,39397.24930753712,24.0,6.203681718125154,34.83410155312595,37.696193867741385,17.897575157032406
529,39616.0,39385.842814218326,39598.876501516505,39512.808946236255,39430.609348071004,344.0,4.994587901557679,291.64808295198964,115.13825110870312,24.090507937442453
530,39776.0,39390.15822515629,39732.20982073419,39576.35167046308,39445.430323412,-136.0,3.5421784321661107,-111.69813810023697,-36.281440541635675,-1.7075084884090757
531,39344.0,39392.92717108266,39375.48022531603,39440.246065152984,39427.194331094186,-192.0,1.9532732333318563,-173.24790784913785,-87.98257273359923,-14.076275763101876
532,39392.0,39394.06477162295,39385.714005035916,39400.38652499588,39417.2777718858,-8.0,0.3205627246570657,-21.196195100521436,-35.666277659162006,-8.652670614097588
533,39328.0,39393.56829653197,39333.08783511499,39368.91350983466,39409.88898986599,-40.0,-1.2960617629360058,-27.186994346000574,-11.016260243897705,-3.2943325265077874
534,39312.0,39391.47264809708,39331.340016343915,39378.35400450809,39410.68910683278,112.0,-2.863140304994886,94.95226294852182,42.61749692747617,5.734572308429051
535,39552.0,39387.84201592198,39522.99236101203,39454.14850368961,39421.35813448285,56.0,-4.356069666424446,46.61414972826242,26.86875102632621,4.136934374208067
536,39424.0,39382.76050876423,39424.56831580044,39432.09150656074,39418.9629755812,-128.0,-5.746784300135914,-95.5824662094019,-18.01124384850118,-2.6470101225895633
537,39296.0,39376.34844732171,39331.82742859323,39418.12601599261,39416.06411423767,96.0,-6.989005237497622,86.39625575891841,47.09751742817025,3.104344368355669
538,39616.0,39368.782498289234,39597.360827318276,39526.28654141708,39425.17166431791,208.0,-8.010490637159819,172.33753531644106,63.30379613301557,-0.43386670386826154
539,39712.0,39360.32746604739,39676.50249922611,39544.73360825864,39415.19638082993,-112.0,-8.73247974142214,-98.34583196164022,-65.18612902912355,-24.815464446473925
540,39392.0,39351.31753880639,39400.669163394996,39395.914283358834,39375.54073542496,-248.0,-9.091899164304778,-232.4875188561382,-146.86218322038985,-40.47860863372625
541,39216.0,39342.14366771878,39211.52746151383,39251.00924181786,39334.23916356248,-232.0,-9.053946742133121,-211.50439431198538,-127.40042063203873,-35.389613684357755
542,38928.0,39333.209645322124,38977.660374771025,39141.11344209476,39304.76150805625,16.0,-8.627520548845496,14.434787112331833,-3.3390786757299793,-10.639580103423214
543,39248.0,39324.88862662109,39240.3970357385,39244.3310844664,39312.960003355634,264.0,-7.8620442432657,224.7218396599419,101.3831846048488,11.44649546717119
544,39456.0,39317.48555683559,39427.10405409091,39343.879811304454,39327.65449899059,32.0,-6.836135117526283,42.227288806938304,43.48863249028,8.277220584484894
545,39312.0,39311.21635638604,39324.85161335237,39331.30834944696,39329.514444524604,-48.0,-5.635643759469531,-37.994373976682255,-2.91728713401244,2.735667760243814
546,39360.0,39306.21426931665,39351.115306137544,39338.04523703643,39333.12583451108,-24.0,-4.335581626120984,-18.15977652708898,-4.240493892320956,2.2676817120263877
547,39264.0,39302.545193133796,39288.532060298196,39322.82736166232,39334.04980794866,80.0,-2.992448314318608,60.07705565162178,14.195805457053211,4.426463835014147
548,39520.0,39300.229372688016,39471.26941744079,39366.436847950536,39341.978762181105,-88.0,-1.6385258592199534,-81.03760670925112,-33.17208973651941,-0.9721076584974071
549,39088.0,39299.268141415356,39126.45684687969,39256.48318218928,39332.10559263166,-168.0,-0.2885087663453305,-132.40628510683382,-25.71207466661508,2.3321100821376604
550,39184.0,39299.652355155325,39206.45684722712,39315.012698617305,39346.64298234538,368.0,1.04641486039327,318.3147300250239,124.03586573668144,22.66953883098904
551,39824.0,39301.36097113614,39763.08630692974,39504.55491366264,39377.44467029364,40.0,2.3486291399240145,44.7845349122872,29.819671876655775,8.473921462944418
552,39264.0,39304.34961343517,39296.025917051695,39374.65204237062,39363.59082527127,-264.0,3.5921908992204408,-225.68483872252182,-74.5768501067214,-8.874303758810129
553,39296.0,39308.54535293458,39311.7166294847,39355.4012134492,39359.69606277602,128.0,4.740325807255431,94.27385985650471,10.449777803187317,-0.7099593564453244
554,39520.0,39313.830265049684,39484.573636764704,39395.55159797699,39362.17090655838,8.0,5.7420428748264385,-4.2748088964835915,-22.073816483716655,-5.416610889726144
555,39312.0,39320.029438684236,39303.16701169173,39311.25358048177,39348.86284099657,-272.0,6.546102344636893,-225.5715666143078,-84.67122725434456,-11.464923511983216
556,38976.0,39326.92246973896,39033.43050353609,39226.2091434683,39339.24105953441,128.0,7.104437136295019,108.53903301713581,40.06013472069026,8.540271514568303
557,39568.0,39334.238312956826,39520.245077726,39391.37384992315,39365.943384025704,168.0,7.380352691190637,156.9169393275588,76.85163141641533,16.599493692578108
558,39312.0,39341.68317512134,39347.264382191206,39379.91240630113,39372.44004691957,0.0,7.361597752133093,3.341215421249217,22.494759528555733,9.51866523984063
559,39568.0,39348.96150846109,39526.9275085685,39436.36336898026,39384.980714505386,-24.0,7.058536662847473,-25.699330780193122,-9.367352830740856,3.389703311084304
560,39264.0,39355.800248447034,39295.86572063082,39361.17770063965,39379.21945354174,-88.0,6.511310505095025,-71.73318478357396,-26.596818020785577,-0.0002882865592255257
561,39392.0,39361.98412947128,39383.46113900135,39383.16973293869,39384.98013793227,56.0,5.794827076158981,44.90111337729468,17.576898768384126,5.409691287142778
562,39376.0,39367.38990259935,39385.66794738541,39396.33149817642,39390.03883611602,56.0,5.001586563033925,50.546545311088266,23.32751432594523,5.760639989555784
563,39504.0,39371.98730259735,39484.55422962353,39429.82476159058,39396.50141791138,8.0,4.235199048380309,1.65743035576088,-3.594355790559348,1.087652690926916
564,39392.0,39375.86030069611,39388.98280809693,39389.1427865953,39392.214141497876,-136.0,3.595491599120578,-110.65738104195043,-42.11058169761964,-4.276569338609988
565,39232.0,39379.17828579559,39263.23946753963,39345.60359819534,39387.94827923416,40.0,3.1540236659129732,30.45399714081941,13.262610697700438,3.5315516979935637
566,39472.0,39382.16834802794,39449.89080237857,39415.6680079907,39399.27724489386,80.0,2.937301987356477,76.10534673177972,41.89841379071731,7.692827904393198
567,39392.0,39385.052889770304,39415.45016100319,39429.400425776774,39403.333935042945,96.0,2.915879435266106,82.81016364056268,32.43263067445878,4.623386901232152
568,39664.0,39388.00010689847,39615.511129659695,39480.53326933962,39408.52401869633,-32.0,3.007754651873256,-42.38338304500212,-40.60052176734098,-7.583715411805315
569,39328.0,39391.06839907405,39330.68339491318,39348.19938224209,39388.166504219334,-320.0,3.0866574198116723,-271.4107601805881,-122.23419597648171,-17.349189266020403
570,39024.0,39394.173421738094,39072.68960929852,39236.064877386656,39373.82564016429,-16.0,3.0112865793707897,-14.545739122073428,-6.102066162107803,3.150417953162105
571,39296.0,39397.09097223279,39301.59191666904,39335.995249917876,39394.46734012566,304.0,2.6610050659401168,256.861890715707,119.92799749015467,25.565066967657913
572,39632.0,39399.495431869975,39586.41339072993,39475.920872366965,39424.9557740996,48.0,1.9674931702757021,56.88842771054624,61.8860586325718,20.136222678920603
573,39392.0,39401.025958573344,39415.36877209013,39459.76736718302,39434.7397854835,-88.0,0.9405360434502654,-54.200758189163025,17.730178407560743,11.921000658076082
574,39456.0,39401.376503956875,39478.01187435161,39511.38122918209,39448.797775415755,208.0,-0.3205943744069373,172.70247401950473,79.30447659011043,13.697878703038441
575,39808.0,39400.38476982453,39760.77372012914,39618.37632036324,39462.13554288958,56.0,-1.642387747302564,46.63044642323439,12.18325136277781,-3.9554553816960834
576,39568.0,39398.09172846227,39571.272767198076,39535.74773190764,39440.88686465236,-200.0,-2.8059271967395034,-173.13711694067024,-98.754722501777,-27.604335004598397
577,39408.0,39394.77291543105,39414.4994862478,39420.86687535969,39406.92687288038,-112.0,-3.5862160441211017,-124.27584971127362,-108.44741886811244,-34.01364812795873
578,39344.0,39390.91929637403,39322.72106777553,39318.85289417142,39372.859568396445,-232.0,-3.8028766688330506,-204.79295838335747,-114.58753410256031,-32.62432606411676
579,38944.0,39387.167162093385,39004.91356948108,39191.691807154566,39341.67822075215,48.0,-3.356737902297027,38.247271046508104,-3.315183439564862,-11.297436606691917
580,39440.0,39384.205820569434,39399.215609868545,39312.22252729229,39350.26469518306,168.0,-2.248108461535594,145.5130465833863,56.64198378386209,4.099709190068097
581,39280.0,39382.670945170314,39295.939662647856,39304.97577472229,39349.87763913228,-32.0,-0.5815785578670329,-23.577633981429244,5.241134791151126,3.106825905837468
582,39376.0,39383.0426634537,39352.060341905686,39322.70479687459,39356.478346994736,-80.0,1.4548518305346079,-63.57761121373187,-8.91857941040871,5.624625212192768
583,39120.0,39385.58064883138,39168.78444022039,39287.13861590147,39361.12688955667,120.0,3.6256814273838245,103.51013032571063,48.00312697762274,16.704887039759342
584,39616.0,39390.29402630847,39559.08060255711,39418.711050829836,39389.888121074255,72.0,5.686547646251711,62.83534421317381,32.927960343280574,17.45563757130367
585,39264.0,39396.953744123886,39294.45512864674,39352.994536588034,39396.038164699276,-144.0,7.42648829816244,-112.34983067668145,-21.219245947784657,12.75195185998382
586,39328.0,39405.14700290479,39334.380941203744,39376.272558934266,39415.39202479422,88.0,8.697652515114896,71.8305185757381,47.41430181336182,23.723461334659078
587,39440.0,39414.349049154116,39438.116165798216,39447.82314021476,39443.485087368594,88.0,9.425162460011052,94.31605358555316,75.46215138787011,28.26731694279806
588,39504.0,39423.997327824814,39523.01304837485,39527.19686171001,39471.92665867982,208.0,9.606445623750915,179.9621244508853,90.9721523502485,26.837904245217942
589,39856.0,39433.56194040162,39798.040414699986,39629.767444915255,39497.16089585903,-56.0,9.299613591763773,-46.476390322859515,-10.545694337120949,7.292281972160708
590,39392.0,39442.59655500834,39430.06026772913,39506.105473035765,39486.51122262414,-168.0,8.59526737163469,-145.9729781772403,-66.60923536161135,-5.924112103683001
591,39520.0,39450.75247514489,39506.094458345506,39496.54897419203,39485.31267165166,24.0,7.594465373080311,6.506482343884272,-21.28201174772039,-2.9329173898913723
592,39440.0,39457.7854857545,39443.0732324169,39463.541449540324,39480.64538784436,-64.0,6.394330569735757,-47.655063844104006,-21.236799881542538,-2.6350144150892447
593,39392.0,39463.54113628436,39410.7843306573,39454.07537442895,39480.042642821485,80.0,5.079534426899045,61.63275152687129,21.571612103096413,3.799387118200684
594,39600.0,39467.9445546083,39566.33873547064,39506.68467374652,39488.24416208076,-24.0,3.726255231169489,-12.751917833418702,5.95163619082814,2.6137273633139557
595,39344.0,39470.9936467467,39385.28049499046,39465.9786468106,39485.27009754811,24.0,2.410353230559849,25.344234472129756,20.283296469391644,4.08944034475644
596,39648.0,39472.76526106942,39617.0272044149,39547.2512666853,39496.42304277027,96.0,1.2094149830300012,76.88273149894303,30.898253217343154,3.574097360677115
597,39536.0,39473.41247671276,39539.045957988346,39527.77515324529,39492.41829226947,-80.0,0.20324780746523174,-62.75145648481339,-23.588536817362183,-6.18383588733559
598,39488.0,39473.17175668435,39491.524291445276,39500.074193050576,39484.0553709956,-32.0,-0.5307022225752007,-29.900209316670953,-21.663863669426064,-8.56015272408331
599,39472.0,39472.35107226761,39479.245539355004,39484.44742590644,39475.2979868213,40.0,-0.9370954780351894,23.94894468473649,-9.40305419091601,-8.592484833239723
600,39568.0,39471.29756572828,39539.42218081475,39481.26808466874,39466.87040132912,-96.0,-1.0057461273754598,-82.71245446651665,-46.545298903321964,-13.484065425720473
601,39280.0,39470.33958001286,39313.82063042197,39391.35682809979,39448.32985596986,-64.0,-0.7810435196952312,-56.4983982829217,-34.23284251905716,-10.124052560768177
602,39440.0,39469.73547868889,39426.425384248905,39412.80239963063,39446.622296207584,64.0,-0.35973915548311197,44.731675071478094,7.84677134615049,-1.3764449518930633
603,39408.0,39469.62010170189,39403.28398056493,39407.050370792094,39445.57696606607,-64.0,0.12338193663890706,-46.7215008593339,-6.226843442487734,0.8335181617876515
604,39312.0,39469.98224256217,39332.98238253024,39400.348712745654,39448.28933253116,24.0,0.5155632618661912,34.61031461647508,37.47269832638631,9.526833091647859
605,39456.0,39470.65122822562,39472.50460979788,39481.99576744487,39464.63063224937,296.0,0.6830967576643161,255.05197160498574,94.6449384216503,16.772831330676127
606,39904.0,39471.3484360775,39843.08632574021,39589.638589588954,39481.83499519251,-200.0,0.5446033610787708,-177.7954632702931,-49.53788306143542,-3.90388729723054
607,39056.0,39471.74043494778,39116.91368325729,39382.920001321996,39456.82285765491,-160.0,0.08734238260512939,-141.12006789125735,-43.25858760595656,-4.970994654860988
608,39584.0,39471.52312084271,39560.846189957694,39503.12141437704,39471.89300588279,304.0,-0.6291381061600987,258.48141074940213,79.7621202435621,9.464798522025376
609,39664.0,39470.48215873546,39633.876504756096,39542.44424180912,39475.75245469896,-104.0,-1.4854337424403639,-77.58716142112098,-21.455051663357153,-5.552928448887542
610,39376.0,39468.552253357826,39405.67186711545,39460.21131105033,39460.787148985015,-88.0,-2.3252877665217966,-79.84530206338968,-40.127275233633554,-10.725948264691397
611,39488.0,39465.83158320242,39474.185900629316,39462.18969134185,39454.300558169576,8.0,-2.987261075872084,-0.5564633395370038,-10.92677403754351,-8.17156290695857
612,39392.0,39462.57773120608,39404.55894043638,39438.35776297524,39444.4440231711,-16.0,-3.3386770874785725,-6.832258011065278,-0.6530468789969746,-7.2343338399259665
613,39456.0,39459.15422902746,39460.521384607186,39460.88359758386,39439.831890489724,96.0,-3.301521843957744,78.56936720672093,24.96763340054531,-5.420538156886323
614,39584.0,39455.974687518166,39561.69767484982,39488.29302977633,39433.602946857325,-8.0,-2.8608125301143446,-10.335335508243588,-20.44405291935982,-13.748796289532038
615,39440.0,39453.43260396723,39439.8507135907,39419.99549174514,39412.33429791066,-128.0,-2.0765853698212595,-122.59339330564399,-78.29979215862477,-22.65193405113314
616,39328.0,39451.821516778524,39316.51088823853,39331.69344545908,39388.29907875506,-208.0,-1.071427052058425,-180.7853841594988,-86.45532355651449,-21.020265217848646
617,39024.0,39451.289749863114,39078.2799452717,39247.08484463211,39370.29376747496,88.0,-0.009618653166398872,80.51613038857977,26.93382148908495,-0.6906229063461069
618,39504.0,39451.80227947219,39477.54314901569,39385.56108843725,39386.91783294237,264.0,0.9196305955629214,219.63160182553474,79.2567880237657,10.769957114520366
619,39552.0,39453.12901105424,39517.54314892277,39405.59842067964,39391.833681704,-224.0,1.5319858409129665,-183.24108461655123,-53.163457417791506,-3.092467153164762
620,39056.0,39454.86625115402,39111.06097978259,39279.23417360167,39380.73289863604,-96.0,1.6769965800631326,-80.22044108975388,-14.747160277132934,5.135861863840546
621,39360.0,39456.483004214366,39357.10226674326,39376.104100125376,39402.105405431685,272.0,1.2567892515507992,231.55262067700096,104.9219765863927,23.47777706722627
622,39600.0,39457.37982965712,39574.16622113659,39489.07812677445,39427.68845277049,88.0,0.24305909328904818,87.8950600762837,57.51309003630013,16.967469977334986
623,39536.0,39456.969122400944,39532.89238689583,39491.13028019798,39436.040345386355,-64.0,-1.3128845868923236,-56.811899761622044,-20.382706477488682,3.353909885179746
624,39472.0,39454.754060483334,39460.54242161335,39448.312713819476,39434.39627254085,-152.0,-3.283383768724889,-129.63785721576278,-54.6612094687589,-3.524259218462248
625,39232.0,39450.402354863494,39273.616672464304,39381.80786126046,39428.99182694943,32.0,-5.476676271005999,21.1576131724687,8.39907807120835,4.445145756049897
626,39536.0,39443.80070794132,39502.857647958284,39465.11086996189,39443.28656405295,64.0,-7.662260596291162,63.52921528540173,47.858443682376674,9.659065306168486
627,39360.0,39435.07783367091,39400.67510303511,39477.52474862521,39448.30995756177,144.0,-9.599290365062188,132.19925551583947,71.17625297593258,9.438891386907926
628,39824.0,39424.6021272112,39767.25615898996,39607.46337591376,39462.164346826765,56.0,-11.069568568051182,51.855565641180874,21.67031524542108,-4.237393393668754
629,39472.0,39412.93869653481,39504.38623431747,39520.865379116054,39439.83517077443,-112.0,-11.914914954795677,-100.93875308514907,-62.16530723967662,-23.937417513610853
630,39600.0,39400.772297301606,39565.378652819665,39483.132761434405,39414.28951179954,-104.0,-12.06177396286148,-112.11431739946056,-96.16623696445095,-34.83118338490749
631,39264.0,39388.81514860909,39280.15759951855,39328.53290518715,39370.172804004615,-232.0,-11.529157210585254,-204.43305570838857,-122.33340365367258,-38.808067594698514
632,39136.0,39377.713982880436,39156.51254140289,39238.46595412706,39336.673376610146,-16.0,-10.422320729256171,-21.082351101216773,-38.83397399656678,-23.46575856396521
633,39232.0,39367.970507150574,39237.992897316115,39250.86495719402,39323.241286876684,144.0,-8.904386563601292,111.44484249378365,21.83148166396495,-8.870025389624061
634,39424.0,39359.90520975323,39379.402226390455,39282.12891745499,39318.9333258309,-176.0,-7.157654363414622,-148.53960689605083,-39.67158101153109,-9.561294754239498
635,38880.0,39353.655198423745,38940.91368352401,39171.52179517096,39304.118697368205,16.0,-5.350260218583571,29.18095697649551,35.15377530144178,6.391306405712385
636,39456.0,39349.204689316066,39437.764140343446,39352.43646805787,39331.71593864232,360.0,-3.6033572252054,309.530144236458,129.1329069158528,21.38303820623696
637,39600.0,39346.448483973334,39559.97397199693,39429.78760900266,39346.88477378068,-104.0,-1.976232637243811,-77.92030836187041,-7.755054553876107,2.513073827391054
638,39248.0,39345.25222404158,39281.923523619706,39336.92635895012,39336.742086297105,-120.0,-0.47541447551338933,-108.43283027871075,-48.39807057747748,-5.705583168721205
639,39360.0,39345.49765502231,39343.10831143951,39332.99146784771,39335.47360744324,-24.0,0.9233334787859349,-23.273654982644075,-17.43915717856362,-2.4947984817044926
640,39200.0,39347.09889099915,39235.37621365442,39302.04804459299,39331.752489333696,88.0,2.249152762506128,69.14897048700732,20.08059904178299,2.866506357146136
641,39536.0,39349.99596054732,39481.40625241352,39373.15266593127,39341.20662015753,-32.0,3.513156268385501,-26.93869917327902,-10.319045696083776,-0.2855381682929874
642,39136.0,39354.12520353592,39181.49881530786,39281.409953200826,39331.18141299711,-104.0,4.6898516525943705,-72.41336056635555,-19.037736130034318,-0.2661365105668665
643,39328.0,39359.37566385251,39336.57953128081,39335.077193671204,39340.674347136395,248.0,5.717069571823231,197.97837237702697,57.20583730598446,10.126651496109844
644,39632.0,39365.55934267957,39577.45556006191,39395.821627812795,39351.43471598933,-192.0,6.514576862809918,-165.83293820850668,-57.34475195201594,-3.2678953476024617
645,38944.0,39372.40481757813,39004.9136548638,39220.38768976717,39334.13855644119,-136.0,7.00985642321757,-120.09258770864835,-37.24009316203592,2.21076827392244
646,39360.0,39379.579055526,39337.27038464462,39321.34144148872,39355.856252537174,240.0,7.15416963948519,204.81437713263222,81.62447246590818,21.51050872284395
647,39424.0,39386.7131568571,39414.54240912906,39383.63663469899,39377.15957388688,16.0,6.949789004553168,29.984070129743486,42.11351055976411,18.961300044044037
648,39392.0,39393.47863353511,39397.2385249041,39405.56846260825,39393.77885262526,0.0,6.458098527313268,8.88874029555518,28.716059213384142,16.708221369652165
649,39424.0,39399.629353911725,39432.31988972017,39441.06875312576,39410.57601662618,88.0,5.787722826782556,76.68081341691868,44.03466708038832,16.1259648322266
650,39568.0,39405.054079188674,39550.60015173794,39493.63779676903,39426.030782289716,40.0,5.078046092461591,31.281020707490825,15.38794202778081,8.356304778018966
651,39504.0,39409.78544609665,39494.881931135154,39471.84463718132,39427.28862618222,-128.0,4.472953034441161,-101.30856492699604,-37.87084099704953,-2.5777247983860434
652,39312.0,39413.99998525756,39347.98302188395,39417.89611477493,39420.87533269294,48.0,4.084059240423812,33.01620016855668,-1.0004650189257518,-0.9695268546274747
653,39600.0,39417.953564577496,39560.91433147227,39469.84370714347,39425.349572472966,32.0,3.9707145620996016,17.502966949672555,-13.130554059727729,-4.258281596328743
654,39376.0,39421.941414381756,39382.988955783294,39391.63500665547,39412.358769500286,-168.0,4.1266827003746585,-142.98059677251513,-70.39119716026107,-11.172864497668343
655,39264.0,39426.206929978245,39274.95313792724,39329.061312822945,39403.00384347763,-56.0,4.47743227958199,-53.27012821985409,-30.04303742105185,-2.4047338487725938
656,39264.0,39430.89627894092,39276.448699343586,39331.54893181337,39407.54930180274,72.0,4.905616467080108,63.739058134255174,36.26208489710916,11.722923415247351
657,39408.0,39436.018162912405,39402.43125419575,39401.58548261716,39426.44969030812,104.0,5.269828797547234,98.13882583090526,66.82929211237206,19.822873020788393
658,39472.0,39441.435936536014,39472.726351005396,39465.207516038114,39447.19504784432,72.0,5.436516972666141,73.9268518366298,60.22579144001065,19.505109928410093
659,39552.0,39446.89119685774,39550.28495786901,39522.037065497185,39465.459910164944,80.0,5.3143307373829884,68.98339620865954,41.84808220766354,13.937857828874257
660,39632.0,39452.06459801078,39610.693143422715,39548.90368045344,39475.070763502066,-56.0,4.863541234681179,-46.126097332722566,-14.68154481702004,1.7643915122243925
661,39440.0,39456.6182793271,39458.03276320356,39492.673975863145,39468.98869318939,-72.0,4.0933711159959785,-62.49656420136307,-29.892716658723657,-4.632635653204488
662,39488.0,39460.25134024277,39485.70001501999,39489.11824713599,39465.80549219566,16.0,3.070257076618873,16.167326916391175,-2.9966051591582072,-4.292926383950544
663,39472.0,39462.75879348034,39490.367417036345,39486.68076554483,39460.40284042149,120.0,1.8950026419734058,96.5044871980972,4.902901181252673,-5.9825097530920175
664,39728.0,39464.04134552672,39678.70898941618,39498.9240494985,39453.84047268947,-240.0,0.6808108267214266,-221.49351392672907,-102.2946912970765,-20.270344097545603
665,38992.0,39464.12041513378,39047.38038918289,39282.091382950675,39419.8621522264,-216.0,-0.4518595116387587,-191.04662093138904,-71.78697507248944,-12.585212851754477
666,39296.0,39463.13762650344,39296.615747553406,39355.35009935352,39428.670046985964,288.0,-1.3910372797799937,252.31409613754295,102.93376607960818,15.441397108865203
667,39568.0,39461.33834057422,39552.00858145797,39487.95891510989,39450.74494644413,192.0,-2.0465732787888555,175.435741194422,92.58827331131761,16.21214678036995
668,39680.0,39459.044479945864,39647.48722994225,39540.526645976155,39461.094340546704,-88.0,-2.3505127871831064,-67.08520180446067,-17.16894614566263,-0.595888870087947
669,39392.0,39456.637314999854,39417.83817784905,39453.62102281857,39449.553168703955,-104.0,-2.2613699094799813,-100.45816284792454,-56.0951117483055,-8.663513407551363
670,39472.0,39454.521740126904,39446.5709042464,39428.336422479544,39443.7673137316,-112.0,-1.7762991560230148,-98.41275237063746,-47.11638909925023,-7.197489285776101
671,39168.0,39453.08471668781,39221.012673107776,39359.388244620066,39435.1581901324,88.0,-0.9305074258445529,75.30152184824328,26.745944450558454,4.7487859074208245
672,39648.0,39452.660725275215,39597.17394794289,39481.82831138066,39453.26488554644,96.0,0.2029945206559205,86.23462710155945,39.35422245092195,8.369939691365289
673,39360.0,39453.49070572912,39393.481927310895,39438.09668952191,39451.89806951513,-48.0,1.510693338492274,-36.282384077516326,-4.6832770977925975,3.2280874444477377
674,39552.0,39455.6821119522,39524.609179787854,39472.461757185076,39459.72106043534,0.0,2.840655620482721,-5.8268485837907065,-5.404053744296107,3.209043941969867
675,39360.0,39459.172016970086,39381.828230143314,39427.28858203332,39458.31615739907,-40.0,4.015832628003409,-33.63979892796124,-11.528884135102999,3.5109048336889828
676,39472.0,39463.713777208206,39457.32958193193,39449.40398891487,39466.74287010272,0.0,4.855666395596927,2.1492614482558565,10.817401338983473,8.163856208775542
677,39360.0,39468.88334976128,39386.126753039825,39448.923384711285,39474.643869816624,56.0,5.192979443047079,59.43093630704243,43.98108815206433,13.633193204743293
678,39584.0,39474.0997360943,39576.19145454602,39537.366165219,39494.0092565122,184.0,4.895893244807667,151.02197423626058,65.12586311720588,14.865849521189375
679,39728.0,39478.675136250895,39688.17070151235,39579.175110945696,39504.375568859,-104.0,3.8979967192390177,-87.16724547195554,-32.60349880044669,-0.8149092102539726
680,39376.0,39481.89572953278,39401.856963602106,39472.159167618105,39492.379438091695,-192.0,2.2151151542748266,-157.02891989970158,-58.936359518542304,-6.177158862719807
681,39344.0,39483.105366559445,39374.11286171294,39461.30239190861,39492.02125113356,152.0,-0.05184453556648805,122.8202066755548,47.79442024480886,7.042875598544924
682,39680.0,39481.792040461645,39647.497376953215,39567.74800810772,39506.465189288785,128.0,-2.714623659972858,110.87140000633008,50.3196202529798,5.7671976196616015
683,39600.0,39477.6761192395,39595.8556617256,39561.94163241457,39503.555646372886,-96.0,-5.516014244800317,-72.36340659959023,-24.83555948587309,-7.731760597253015
684,39488.0,39470.760011972045,39502.770563754035,39518.07688913598,39491.00166809428,-8.0,-8.163658155335725,-19.23227920140198,-28.826298710602714,-12.403894873892568
685,39584.0,39461.34880292883,39557.3911033228,39504.289034993366,39478.7478566251,-80.0,-10.36759256276855,-78.42394381724444,-53.643336645927775,-17.516418637926108
686,39328.0,39450.02482684651,39345.922676119546,39410.79021584412,39455.96883081843,-152.0,-11.88199961076316,-121.85504660553852,-52.10371122718061,-16.38058426574935
687,39280.0,39437.5848037073,39313.68101011172,39400.081612539005,39445.9866880936,168.0,-12.540768951610517,138.2932650122093,49.332202964378666,-1.68280832014716
688,39664.0,39424.94328894329,39622.509206143965,39509.45462177288,39452.60321417813,120.0,-12.2839682496342,99.24434629065217,32.10032012031661,-3.9533132065625978
689,39520.0,39413.01686720803,39512.16970269303,39464.28225277964,39438.08006168048,-176.0,-11.160529251894332,-149.49098998582122,-73.03124260341792,-18.61914941363284
690,39312.0,39402.6222304395,39323.52722617232,39363.39213656604,39415.36491535087,-144.0,-9.310513106687722,-131.00634565907967,-75.19404793057402,-17.546900562065275
691,39232.0,39394.39584099466,39250.15701137487,39313.89415691849,39402.98626055635,32.0,-6.937139689591277,17.41484207686881,-8.5509011883114,-3.8293417667046015
692,39376.0,39388.747951060315,39358.35691032606,39346.29033418942,39407.70623181746,24.0,-4.266019064583816,19.984450581494457,17.541344365636178,6.3052828519830655
693,39280.0,39385.86380286549,39290.12591253786,39348.97684564976,39415.59682626031,-40.0,-1.500596486068389,-17.601435098935326,37.17493428522721,14.670435755873768
694,39296.0,39385.74675808818,39323.15404012819,39420.640202759874,39437.047103329205,272.0,1.1977237311948556,248.44810265705019,133.9834584900491,28.502632235351484
695,39824.0,39388.25925032788,39787.02211785196,39616.94376262986,39472.602090731016,224.0,3.7296490961234667,199.32889255778355,92.77544118491278,17.98509193836071
696,39744.0,39393.206056280425,39721.811825243756,39606.1910851297,39473.01728720593,-200.0,6.053023055654194,-176.15116638941254,-79.65713493531439,-13.133939164788899
697,39424.0,39400.36529643919,39434.71978507313,39457.62949275923,39446.33421240144,-256.0,8.159999834300834,-233.4931148049618,-131.74684599084503,-25.566364184422127
698,39232.0,39409.52605594903,39254.82559563383,39342.69739314801,39421.88455883708,-64.0,10.056470063911547,-65.7662112701255,-59.583403037220705,-14.955425622498296
699,39296.0,39420.47823656701,39303.18736253288,39338.46268668479,39416.42336115644,112.0,11.73264586436926,84.2985795634304,16.996636879172,0.5599703771804343
700,39456.0,39432.991347677766,39423.42275476069,39376.690666906354,39423.00449959144,-64.0,13.145942131064658,-42.650833968713414,-1.4266863252560142,4.931363414576481
701,39168.0,39446.77012082914,39217.885694595454,39335.60931403428,39426.286087985594,40.0,14.220927955673687,43.89141281202319,42.723304145059956,16.195892793428357
702,39536.0,39461.43320358911,39511.20558038474,39462.137275196474,39455.3962851783,200.0,14.850582394366938,169.34778771296988,89.59659876043952,25.08001145162052
703,39568.0,39476.471285617874,39556.581270021394,39514.80251155516,39476.446110888835,-40.0,14.905905589057511,-11.7179602563956,26.066492136254965,16.472131254973647
704,39456.0,39491.24501476723,39487.76965987195,39514.27025946898,39488.34054768825,112.0,14.272320799864247,90.0366892103084,28.602877648321737,13.511464183829958
705,39792.0,39505.0159272176,39736.65464844201,39572.0082668518,39503.469039256495,-136.0,12.872845747682732,-124.28963571581698,-52.25785919128248,0.7019435310685367
706,39184.0,39516.99070626259,39239.190388440315,39409.75454108642,39489.744434750384,-136.0,10.690081025571999,-125.06445130420616,-49.376455222176446,1.5626172314114228
707,39520.0,39526.39608926875,39486.5257458336,39473.25535640745,39506.59427371932,88.0,7.795442965802067,79.96408656125277,40.12849352475678,16.179552654899453
708,39360.0,39532.5815921942,39399.11856156282,39490.01152813593,39522.10354006018,104.0,4.362037674065505,108.18562354332607,81.76193579644678,23.614443343871244
709,39728.0,39535.12016461688,39702.89699292025,39636.77922800034,39553.82316040706,200.0,0.652851549864863,178.2633959586783,101.15731386458356,23.010778367235616
710,39760.0,39533.88729529393,39755.64535348018,39692.3261558651,39568.125096794654,32.0,-2.9958482516049116,30.975127960828104,21.71000579731117,4.708191227324278
711,39792.0,39529.12846811367,39764.84724884191,39680.199239594964,39563.23954286171,-144.0,-6.2155433647712925,-126.56186042873378,-68.02729647265733,-16.323576789862273
712,39472.0,39521.456208564385,39502.52163262271,39556.271562919785,39535.47794321493,-112.0,-8.670772473509714,-109.71745310566621,-81.79189521528315,-24.58770248603105
713,39568.0,39511.78692316665,39545.412342630574,39516.6154491644,39514.06413788965,-64.0,-10.111328350736585,-70.04757683924981,-65.34838917318848,-24.110598430801474
714,39344.0,39501.23355186291,39362.42647894421,39425.57478457341,39487.25674635333,-112.0,-10.416286740648502,-90.85346896530609,-50.25327230428957,-19.644554218652047
715,39344.0,39490.95434968535,39363.70540469996,39416.10890455582,39474.77502945234,128.0,-9.617987037716375,99.80594925555488,26.588572260323417,-5.942965428366733
716,39600.0,39481.99757778748,39562.03837745532,39478.751929094055,39475.37081549659,8.0,-7.8965126837319985,8.52486003197555,2.018989085263456,-5.635673180921003
717,39360.0,39475.16132431789,39380.75512476391,39420.146882726345,39463.5036830905,-96.0,-5.546267730082036,-77.507628871841,-28.531605004536686,-6.691948251569556
718,39408.0,39470.905042327315,39407.02311971164,39421.68871908498,39461.986918993454,32.0,-2.9298715498407546,21.383593505914178,8.386195901126484,1.182581852630392
719,39424.0,39469.301581218206,39423.52231177574,39436.9192745286,39465.86884679576,8.0,-0.4191024496612954,14.110750942796585,21.6901927079125,5.975370142092288
720,39424.0,39470.06683742799,39435.24462159723,39465.069104500806,39473.93765927764,64.0,1.6642861658983747,67.94541780766303,48.68438222261102,10.565695445759047
721,39552.0,39472.63015355,39559.41314739107,39534.28803897382,39487.00023768728,192.0,3.087183193110832,161.23426274918165,60.36295395992056,9.812590294004622
722,39808.0,39476.241203814214,39757.713147095594,39585.79501242065,39493.56283986565,-176.0,3.7305934984506166,-152.8305932428193,-59.5955203428457,-9.15925582834825
723,39200.0,39480.091340546904,39253.75196090543,39415.09699828813,39468.68172603058,-144.0,3.5933606522630726,-135.50505323768812,-63.14951498845767,-11.4470275335334
724,39520.0,39483.42792511874,39486.70304062022,39459.49598244373,39470.66878479858,80.0,2.783469981590315,66.46628281587618,14.146975377465424,-0.4795019920748018
725,39360.0,39485.658280510084,39386.68452653718,39443.39094904306,39467.722722046434,24.0,1.5026564160580165,33.40411860287713,25.590441120864853,2.4400733501715877
726,39568.0,39486.433237950856,39553.51127782597,39510.67686468546,39475.548931498925,112.0,0.0019372192218725104,94.38314041866033,38.624347985129134,3.2036560274391377
727,39584.0,39485.66215494853,39575.4508073745,39520.63964501332,39474.13003410131,-16.0,-1.4467728904928663,-20.80643357896406,-21.717397165484726,-6.912395692546852
728,39536.0,39483.53969216987,39511.898410668044,39467.24207035449,39461.72414011383,-256.0,-2.5793324457445124,-221.2685701546834,-87.77653948157968,-16.1196869817868
729,39072.0,39480.50349005704,39132.913667065135,39345.08656605016,39441.89066013774,88.0,-3.1911806454772886,71.59032580324492,14.387778720742062,-1.3389469692083367
730,39712.0,39477.157330878916,39655.07906227453,39496.017627795976,39459.046246175414,144.0,-3.162638337849785,128.7621992900131,42.9398756438095,4.507898346444563
731,39360.0,39474.17821338134,39390.43806564516,39430.96631733778,39450.90645683063,-144.0,-2.4665638149890583,-112.45066840356958,-29.568151789309923,-3.5944665032548073
732,39424.0,39472.22420324894,39430.177725467394,39436.88132421736,39451.857313168905,104.0,-1.1746322717553994,70.62828715920477,12.355668988260732,2.343721996723616
733,39568.0,39471.82894883783,39531.69463996357,39455.6776553143,39455.593900824075,-96.0,0.555910230610607,-80.00988568598041,-37.36484124591152,-1.8837173036263266
734,39232.0,39473.33602371016,39270.15795409543,39362.15164172553,39448.08987856165,-80.0,2.5168641585478326,-70.74691539096966,-28.450192725995294,3.300471665661462
735,39408.0,39476.862677154924,39390.20080918163,39398.77726986231,39462.1948441554,32.0,4.488160483550018,31.046900994348107,32.01426306792564,16.814707801513578
736,39296.0,39482.31234467726,39332.25175608413,39426.180167861385,39481.71929416468,168.0,6.261915348342882,157.85277511914683,92.49298192977221,28.810414717518142
737,39744.0,39489.38650785161,39705.906359419925,39583.76323372185,39519.815673590434,176.0,7.666947017343773,148.6433526394503,77.46468272139828,26.88716310527525
738,39648.0,39497.646238711946,39629.53846136303,39581.10953330418,39535.49362037523,-216.0,8.583236920025229,-168.67559124176478,-36.09893376558466,10.052627803557698
739,39312.0,39506.55298169166,39368.555176936396,39511.56536619068,39539.92092919755,112.0,8.940292652383505,90.80099125311972,30.23851598184774,15.823355282194825
740,39872.0,39515.52682401671,39811.14044386927,39641.58656526788,39567.14033093962,88.0,8.710783426966373,69.27909528143937,14.814481711127883,11.976418289053981
741,39488.0,39523.97454854559,39507.113367499274,39541.19432961294,39563.87376577566,-248.0,7.898719437653199,-208.46023887362026,-73.79507084847137,0.5271231248188997
742,39376.0,39531.32426289202,39394.21996612203,39493.996423570934,39568.19457718926,-24.0,6.541963942258008,-21.793570767080382,11.800305743465287,13.930540273060615
743,39440.0,39537.05847643011,39463.52622596511,39564.79494109987,39591.73484632178,272.0,4.713321578248724,249.66159120883822,133.19598807887087,31.127011448614212
744,39920.0,39540.75090604852,39893.543148539706,39760.388399728676,39630.448600086485,264.0,2.5206675321387593,235.00846373293098,115.78765849314004,24.236183769029594
745,39968.0,39542.09981149439,39933.543153430976,39796.37025808615,39640.20721385984,-168.0,0.11021378031728091,-145.54315134265926,-49.83301259945074,-6.631025533657521
746,39584.0,39540.97133360915,39602.45684585439,39660.722374529774,39617.18654901917,-264.0,-2.340015751662577,-225.54315491584202,-97.28669629149226,-21.361337389706023
747,39440.0,39537.41977999106,39482.45684359929,39601.796865503165,39597.484539080426,208.0,-4.636195378847333,168.31473251823263,21.97292372497759,-11.827782984728401
748,40000.0,39531.69894285146,39939.08631089085,39704.66822197973,39593.53098304971,-32.0,-6.5880321233926225,-39.83327586971791,-44.79453253357133,-24.277006878222892
749,39376.0,39524.24371574428,39402.790291859856,39512.20780043602,39548.93052532398,-328.0,-8.038733982619306,-286.48077889307024,-124.35652132569885,-35.95393145953494
750,39344.0,39515.62147488622,39366.12475310471,39455.95517932833,39521.623120130644,96.0,-8.884600196601241,73.95822676839816,-0.27503144352158415,-18.426249186803034
751,39568.0,39506.474515351074,39550.70674539665,39511.65773754898,39512.078026950374,120.0,-9.085412630753126,98.11571927522164,27.531426995141373,-12.341191832751065
752,39584.0,39497.45064962471,39562.356191655155,39511.018033318614,39496.94073646514,-128.0,-8.665585991115222,-96.56959546573125,-37.13068757105793,-19.49025366197384
753,39312.0,39489.14334336884,39357.56755446519,39437.396362406864,39473.097519626426,40.0,-7.705264736767276,23.04913513597421,-10.92348970832245,-15.788340857397998
754,39664.0,39482.04012015118,39608.454461927104,39489.17105390197,39465.364054750346,-48.0,-6.325710745288234,-45.426757407709374,-35.63978155391305,-17.665262138561957
755,39216.0,39476.49192187827,39266.71403964977,39366.11679929904,39437.7669953493,-72.0,-4.666118817964161,-69.58424952336281,-47.995854953409435,-16.508709633577382
756,39520.0,39472.70788251525,39469.28596288038,39393.17934399515,39432.34663548319,-56.0,-2.8622860250252415,-55.92599058975975,-36.34778330631525,-9.803028091952001
757,39104.0,39470.76734982822,39154.86205847025,39293.42123268641,39418.1609391654,-80.0,-1.0199303174449597,-55.18588383659517,-5.047494965539954,1.5223506404799991
758,39360.0,39470.66802188036,39358.91419520719,39383.08435406407,39435.39133676415,232.0,0.7972496865913854,198.6231127728679,101.20529840970266,20.99996443695636
759,39568.0,39472.3618492014,39552.10828401599,39495.83182950581,39460.16086803931,120.0,2.572003718378255,113.73550888871978,76.66339019464431,19.377574677124358
760,39600.0,39475.812029317116,39586.38521298463,39536.41113445336,39474.1464861184,-56.0,4.325460165928234,-33.797006108205096,8.784872174230259,7.692942385012429
761,39456.0,39481.012769533256,39484.51427179958,39513.40157385427,39475.546752809336,56.0,6.084463387171127,40.70041781283362,5.6912263280537445,2.3776043314028357
762,39712.0,39487.98095609146,39667.786048610295,39547.79358710947,39478.901694781205,-24.0,7.858881617292354,-37.7979801378242,-47.7111931900763,-8.299973289071204
763,39408.0,39496.73053276784,39408.91831152393,39417.97918747412,39458.94680623119,-296.0,9.618996354591218,-254.27617946674582,-124.82480589828629,-17.407548238454183
764,39120.0,39507.21894880064,39159.2336896768,39298.143975312894,39444.0865983043,-56.0,11.270652101626183,-53.51617346308922,-30.76322450477528,1.344121988320694
765,39296.0,39519.27183697109,39301.88596459775,39356.45273846457,39461.635050207835,200.0,12.65942184222149,172.08209790968613,88.53513238396044,25.830204413927277
766,39520.0,39532.53779248508,39503.397885496175,39475.214240080815,39495.74700713215,112.0,13.59474257216425,118.50134837930818,96.36862165665661,32.89930728092804
767,39520.0,39546.46132211542,39538.888661356366,39549.18998177788,39527.43366476969,144.0,13.899274533312564,129.93408264201207,88.57073258600576,32.05834087602125
768,39808.0,39560.33634155171,39763.2660507802,39652.35570525283,39559.863688884194,-8.0,13.440662435914419,0.7076433248294052,25.343576101360668,20.023208558712213
769,39504.0,39573.34264698725,39540.303948006025,39599.877133980604,39567.480081887115,-56.0,12.17437428690755,-41.442362744066486,-4.540004281920119,10.790397097276582
770,39696.0,39584.685090125524,39680.381325292066,39643.27569668899,39581.44448307875,80.0,10.184583540245512,61.984003746387316,17.0364110528717,8.236625345569337
771,39664.0,39593.71181406774,39664.2719554988,39633.94995608635,39583.953332578254,-8.0,7.673864565364056,-14.74959229925662,-24.350762559464783,-1.4934838715780643
772,39680.0,39600.03281925625,39650.88214069355,39594.57417157006,39578.45751533559,-248.0,4.929823130543809,-217.67913568279982,-82.08869873125877,-10.572941475886182
773,39168.0,39603.57146032883,39228.9136841332,39469.77255862383,39562.80744962648,88.0,2.289330875250016,79.99717823784522,26.084666365688463,4.0903067722174455
774,39856.0,39604.61148100675,39810.87649716924,39646.743504301434,39586.638128880026,256.0,0.08114576411389862,217.64810909538937,72.34269782832052,10.362585697545
775,39680.0,39603.73375185706,39664.20990232398,39614.45795428047,39583.53262102157,-280.0,-1.4499854167661397,-226.98147185023117,-65.05657288073053,-7.928876807378401
776,39296.0,39601.71151017322,39356.91355346878,39516.63035853997,39570.78037526527,88.0,-2.1821633131876297,65.65944212301474,12.48758352949153,0.9867730069636309
777,39856.0,39599.36942523068,39795.52878657001,39639.433121339454,39585.5061670355,88.0,-2.1326023346118745,69.23553094181989,14.51932346920512,1.2011001220053004
778,39472.0,39597.446305503996,39495.38461535242,39545.66900547838,39573.18257550928,-232.0,-1.461144221291761,-183.2210944554754,-56.92961312187981,-7.264462750757957
779,39392.0,39596.4471367881,39429.08659765906,39525.573895095695,39570.97724153398,192.0,-0.4380937682617514,149.8508960038307,46.691837165159086,6.743528101404081
780,39856.0,39596.57011796747,39795.08640736008,39639.0526798087,39586.66963171209,-8.0,0.6167646215762943,-2.3105154461300117,5.005124617353431,2.22587176370871
781,39376.0,39597.68066603125,39424.4655667668,39535.5841443304,39575.4289850614,-120.0,1.3989867452801263,-95.26657021361825,-23.676463313098793,-1.2691973976179725
782,39616.0,39599.36809145803,39604.553266932846,39591.6997531825,39584.13123691685,152.0,1.6837922258600884,122.85403483025584,43.96548544335383,7.1088137012920924
783,39680.0,39601.04825048297,39670.17363642731,39623.51511521711,39589.646612463985,24.0,1.3687285657651955,16.488551631020528,3.572919643163914,0.9977061703357322
784,39664.0,39602.10554858956,39637.53037019489,39598.84559246883,39586.12664925752,-200.0,0.49272122654656414,-164.99141525799496,-57.246726513862086,-7.413630743587419
785,39280.0,39602.033692936064,39340.19080591132,39509.021662189385,39574.81935097681,56.0,-0.7757423229377309,52.2459374318496,24.68690081524619,3.433669268128142
786,39776.0,39600.55406394369,39742.022245058586,39648.219394099324,39592.99398779378,216.0,-2.177896110828442,183.31119228135867,75.30742895960066,9.024336206657608
787,39712.0,39597.67790071441,39706.81319047404,39659.63652010859,39592.868023390125,-80.0,-3.43244709184728,-61.14310221438063,-14.764613936440583,-6.082563234147528
788,39616.0,39593.68916975999,39619.736040629825,39618.69016622644,39580.828861325484,-80.0,-4.293805523629999,-68.39694669509481,-39.601270768922404,-13.79771899836851
789,39552.0,39589.09028966715,39570.01929708385,39580.43397857074,39565.27258539339,64.0,-4.607593224165612,40.37974187324653,-24.039198370333906,-14.89264666242525
790,39744.0,39584.47398331166,39700.49552437632,39570.611769485775,39551.043568000634,-200.0,-4.339847614537575,-181.88033793845534,-96.51632434207204,-23.876838992720877
791,39152.0,39580.41059443807,39206.25862120694,39387.4013298866,39517.518907407946,-136.0,-3.587650577122986,-128.1096100222203,-65.50977465588585,-15.248715222292958
792,39472.0,39577.298682157416,39444.27630433188,39439.592220174,39520.54613755605,112.0,-2.541536027165421,99.39920478431304,35.987000374410854,5.454537025903846
793,39376.0,39575.32752238374,39405.05703077556,39459.37533063542,39528.427981459754,120.0,-1.4285758123878622,106.06588032149375,61.47077577912205,15.50324297669431
794,39712.0,39574.44153053264,39656.408064974865,39562.53377173225,39551.55262350944,-72.0,-0.45664178098377306,-56.07167717050106,28.425326962958934,15.102273225154931
795,39232.0,39574.41423882177,39292.91367643456,39516.22598456134,39558.632527910064,168.0,0.24093355536388117,170.5675448192087,95.80520510975111,23.411530796129227
796,40048.0,39574.92339764337,39997.54315461328,39754.14418195175,39598.375685101695,288.0,0.6316825512294599,252.3147363025928,90.99028836629077,17.261941446718993
797,39808.0,39575.67760392423,39797.543149039746,39698.20656129392,39593.1564108035,-360.0,0.7867553803625924,-308.0044769674496,-110.83434001086789,-15.961453758023708
798,39328.0,39576.49690840409,39381.53420067838,39532.475501930014,39566.45277758565,-88.0,0.8344082299263391,-92.61772837680473,-63.49330839890172,-14.780994338565506
799,39632.0,39577.346420384085,39612.30769228614,39571.219944496115,39563.59442212637,176.0,0.9168456773477374,132.3119530384247,8.354414814155461,-6.278634352962399
800,39680.0,39578.33059975879,39646.15810675523,39549.184331558325,39553.89550887972,-224.0,1.1401434505532961,-187.76732312497188,-87.44344715862462,-16.004137802661717
801,39184.0,39579.62670728519,39236.77304603619,39396.333050178866,39531.58614652105,-96.0,1.5285252316207334,-93.11155916787538,-46.68475629002205,-4.930055032622477
802,39488.0,39581.38765022203,39459.93498841948,39455.81481897828,39544.03539881448,96.0,2.020793941519514,82.83688448069006,43.389178288547555,15.251022234155243
803,39376.0,39583.66829516823,39402.44681499757,39483.11140675596,39562.08819098936,56.0,2.4908727122165146,74.74590156594786,80.85229115566835,27.35720172434958
804,39600.0,39586.36939564646,39609.42679155138,39617.51940128962,39598.74980226318,288.0,2.779597735963762,254.11393431070974,143.16769517846114,36.599101386975235
805,39952.0,39589.22749064016,39910.67468361899,39769.44679711288,39635.28639376331,104.0,2.745054893759516,94.62131016258718,60.650794379707804,20.70091118829805
806,39808.0,39591.85950543398,39798.66941187655,39738.82099004903,39640.15162463977,-184.0,2.3045302245300263,-158.65821235968178,-65.21531203933773,-3.5271878915482375
807,39584.0,39593.83655108922,39593.35825889963,39639.01617303421,39628.23201798021,-184.0,1.448455684210785,-158.51985847877586,-72.296730497721,-9.708005760548986
808,39440.0,39594.756416802404,39481.629694919,39594.22752905359,39620.735613118675,200.0,0.2466042320265842,164.86403253284152,32.32512054617837,1.540375794400461
809,39984.0,39594.32975955327,39923.08632396531,39703.666414126565,39631.31276956901,-120.0,-1.1587731736908609,-110.35801569121395,-30.727907863743894,-7.05720507121805
810,39200.0,39592.43887045502,39260.91366353657,39532.7717133261,39606.62120297624,-24.0,-2.587923331797356,-23.99997491103568,-4.508844137406413,-4.360506443958002
811,39936.0,39589.15391288968,39875.08637414324,39694.64872585175,39622.5917566811,152.0,-3.8452681692651822,146.23349945091832,41.20137545152102,0.3001415389117028
812,39504.0,39584.74833411649,39553.38066243841,39615.174464229145,39607.22148605406,-72.0,-4.742391910789593,-66.23354283005392,-23.887029508030537,-10.20919632433288
813,39792.0,39579.6691290681,39742.61928848313,39646.87466683569,39602.17336403243,-64.0,-5.127188519058109,-63.3695839033644,-40.86246397561263,-14.539453820005292
814,39376.0,39574.493957078375,39426.64149463168,39533.44953627792,39578.14257841405,-64.0,-4.89878535360549,-57.06566832929457,-34.700362418807345,-13.92365669767969
815,39664.0,39569.87155836089,39628.48795182454,39577.473941998076,39574.32605063707,32.0,-4.011072070697992,24.286216315569618,0.7613767191978695,-8.300225245126057
816,39440.0,39566.47181293698,39475.21392726282,39534.972289716316,39561.5421279238,24.0,-2.4736792207659164,22.795611752360855,4.984492576390039,-6.706816317084304
817,39712.0,39564.924199919355,39674.079175329265,39587.442927150856,39560.9124180029,24.0,-0.3553840958957153,9.261124712753372,-9.807898990027752,-8.184089020749525
818,39488.0,39565.76104474519,39493.736176688326,39515.35649173626,39545.1739498823,-192.0,2.2246188043463917,-151.66211519928765,-58.40818954646238,-12.879770626488607
819,39328.0,39569.37343752805,39370.75494493069,39470.62654805793,39535.152876749926,168.0,5.116750610199233,134.67508893663762,26.583330350633332,0.33657070512344944
820,39824.0,39575.99454596559,39763.0863545616,39568.52315243753,39545.84709129255,-96.0,8.149826198394294,-86.92064973925153,-29.841819401644898,-3.2134308927525126
821,39136.0,39585.673089924836,39196.91364545219,39410.94290925464,39528.72601496442,-104.0,11.144985786326288,-87.73123157451846,-20.10878855556075,2.515224420098093
822,39616.0,39598.28451753824,39587.623891412564,39528.305575326405,39550.877540132744,240.0,13.935976151406066,205.75868888656623,73.51545373496265,18.89540217495596
823,39616.0,39613.54504222765,39608.43102322532,39557.97381672457,39566.51681931433,-24.0,16.371512063175032,-17.037752060630737,0.655149760445056,13.16512014730688
824,39568.0,39631.02754166459,39553.5483872913,39529.615874847295,39577.20778042736,-144.0,18.32420424891461,-127.14069947750613,-47.550004453620204,11.151350134390668
825,39328.0,39650.19345072548,39354.14962427031,39462.87380781733,39588.819519583114,-88.0,19.701958623914834,-68.6506416694574,0.694836878690694,24.652715134914615
826,39392.0,39670.43145891242,39416.24710395239,39531.00554860468,39626.51321069719,232.0,20.443388125495403,215.04999747278998,137.63451508969592,49.419351648932206
827,39792.0,39691.08022697647,39784.24961921589,39738.14283799672,39687.65822288098,320.0,20.515523511199717,297.5336133141791,180.20870839039344,55.92792332783938
828,40032.0,39711.46250593482,40011.314330580746,39891.42296538546,39738.369057352866,136.0,19.928310104412958,123.63636426857192,82.99161008148076,36.02928733953013
829,40064.0,39730.936847185294,40031.52234775303,39904.12605815968,39759.71679756004,-208.0,18.71528167659926,-175.49180666157918,-67.23387814594753,6.1335800851775275
830,39616.0,39748.89306928802,39660.33071725759,39756.95520909357,39750.63621752322,-112.0,16.941687593240204,-116.22648160851168,-76.69324451932334,-2.348769160656957
831,39840.0,39764.820222371774,39799.06938453601,39750.73956912103,39755.019259238725,-64.0,14.719592118879518,-65.91441004155422,-50.8458554120225,0.1340046774384973
832,39488.0,39778.332253525776,39528.50189717448,39655.26349826952,39750.9042268781,-96.0,12.20765599128572,-68.05800148912022,-11.8443217167478,9.030178983277438
833,39648.0,39789.235534354346,39662.95338155777,39727.05092568754,39773.07961720528,240.0,9.608902690390096,209.21839217212982,111.31289026178638,28.429371187445213
834,39968.0,39797.550058906556,39946.93868151874,39877.889278793096,39807.76296925299,192.0,7.1723179120526765,178.6787075546854,105.7829925021033,26.671500510357873
835,40032.0,39803.58017017845,40020.31079666714,39938.616910691744,39826.422618225995,16.0,5.175007514433673,14.926098484073009,14.036087244519877,8.38077988430814
836,40000.0,39807.90007393542,39976.790878486885,39905.961453282136,39824.524529021604,-184.0,3.8898218529830046,-159.56552574583839,-79.67473076853639,-10.67186275331187
837,39664.0,39811.35981388442,39701.17974517546,39779.26744915467,39805.07889271937,-88.0,3.5467589600339124,-89.71240743411545,-69.06027955013269,-12.391691666260158
838,39824.0,39814.99359185549,39797.366063618654,39767.84089418187,39799.741145689084,-32.0,4.285129813983076,-36.98336346354699,-39.50610788186896,-6.550689745839918
839,39600.0,39819.93007351238,39627.21301824837,39700.25523339093,39791.97751322769,-40.0,6.139402245640667,-34.08795412845211,-17.458044095466903,1.8352431999992405
840,39744.0,39827.27239634677,39729.19015536175,39732.92480599094,39803.41163208908,24.0,9.019426258870226,27.927913922128937,27.131975595468248,14.404700465838687
841,39648.0,39837.968926030124,39683.068846092625,39754.51918458187,39820.78691415937,168.0,12.724004401203274,144.94822099715748,74.85397088186801,26.014627778258728
842,40080.0,39852.72040514918,40019.086597356065,39882.63274775467,39855.4408876456,-24.0,16.968597964714718,-11.077692317925539,29.429937050143053,23.426017868510826
843,39600.0,39871.90612195955,39660.913461456774,39813.379058682156,39867.63894989639,32.0,21.416036782953597,38.238224990858726,37.43584026855751,25.58000974560855
844,40144.0,39895.552478715086,40095.56304733778,39957.50442829179,39906.60090713682,152.0,25.712642261863948,127.4238995221749,50.87758375552585,27.0920025972664
845,39904.0,39923.33140648328,39915.76126050112,39915.13422619321,39921.822955090924,-144.0,29.51560517264079,-120.99548433102609,-36.80308900197997,16.11319570865453
846,39856.0,39954.58368906037,39853.57207867573,39883.89825028783,39938.827298554126,-88.0,32.51715805737331,-74.32878844673542,-17.286850761465757,21.14570839091175
847,39728.0,39988.36572259803,39767.10368360765,39880.560524670276,39964.11437187275,136.0,34.46552744494329,125.31887344783172,72.94253671758634,37.09279191225505
848,40128.0,40023.514743950254,40104.20982557139,40029.783323723,40013.012882378636,240.0,35.19486685664015,201.88641934307088,100.1144609142284,43.14915462481804
849,40208.0,40058.75545631131,40170.876522293795,40080.78944649873,40050.41268112238,-184.0,34.645842676131,-141.64809735504969,-12.599153974901128,29.520432799869013
850,39760.0,40092.806429302516,39820.913630861294,40004.5850157732,40072.053747978374,56.0,32.88807626285052,52.73505039450902,46.08807716106094,37.243754254912346
851,40320.0,40124.53160883701,40276.34662308281,40172.965600820855,40124.90018963221,176.0,30.136105840567325,161.73372566147737,94.86338545808394,43.091451135442185
852,40112.0,40153.07864098365,40144.38108218425,40194.311786689366,40158.23665024926,16.0,26.725433359450108,29.93987002269205,62.50207921319088,35.64829312951042
853,40352.0,40177.98247555591,40336.2263631282,40297.96975924724,40196.19677589123,120.0,23.074285549471824,112.9770965849275,76.64285218149598,30.169964436536247
854,40352.0,40199.227212082595,40370.335275354104,40347.59749105236,40218.57657912233,144.0,19.626437980070477,125.78528899644516,47.42647733129343,15.708632187215699
855,40640.0,40217.23535151605,40587.79694112109,40392.82271390982,40227.61404026566,-88.0,16.765885161854385,-97.16757913547917,-78.3634201876157,-11.581836843386554
856,40176.0,40232.7589824063,40176.000117083146,40190.87065067713,40195.41290543556,-448.0,14.741567205728643,-391.4416922401433,-194.5167378941369,-31.230489558325644
857,39744.0,40246.71848592751,39804.9135566408,40003.78923812155,40165.15306114901,8.0,13.639430625986279,-18.219022697692708,-57.1867934948059,-9.202191229094751
858,40192.0,40260.037843658276,40139.56207168776,40076.497063687515,40177.00852297737,64.0,13.372069545475824,57.41852307093359,14.956357409726479,11.105887977224484
859,39872.0,40273.46262501846,39919.75060278267,40033.701952941,40187.36483710346,8.0,13.713958964679478,18.94154500825607,38.055865723985335,26.124555981263256
860,40208.0,40287.465761587635,40177.44516170427,40152.608795135486,40229.257634939895,112.0,14.38148281201211,104.9203674429773,91.21123976222225,42.95567958343236
861,40096.0,40302.22559064248,40129.59133766862,40216.12443246545,40273.27619627032,104.0,15.117940293537686,120.10286430746783,123.57785356268505,52.8823711439436
862,40416.0,40317.70164217471,40417.65089031921,40399.764502260856,40335.02237722778,360.0,15.765846597583732,313.2363096403351,175.52232092584018,57.69729981884666
863,40816.0,40333.75728383765,40756.06395694929,40567.16907431713,40388.670795908016,8.0,16.318309794420202,21.81054598285118,42.98910921483912,32.2819584756362
864,40432.0,40350.33826176355,40461.27198228491,40485.742720690534,40399.586294179055,-176.0,16.922824904406298,-148.4320632398303,-54.5549932813301,9.294812979991548
865,40464.0,40367.60293364646,40459.19983046963,40458.05908775447,40407.260421868,-16.0,17.829067247868807,-26.072999467127374,-30.65408905883305,4.83714878234241
866,40400.0,40385.99639625929,40409.125983350656,40424.43454257287,40409.26059174374,0.0,19.315815253456094,-4.443930365701817,-21.40727389516178,2.4631994629271503
867,40464.0,40406.234564153376,40450.31196973823,40415.244539964144,40412.18682079385,-24.0,21.601998624410044,-27.254164921268966,-33.56773262665229,0.3355700898064242
868,40352.0,40429.20039350811,40354.61765350812,40357.29907731956,40409.93173192335,-88.0,24.763979497627588,-82.60604868952578,-55.29592398480236,0.6414977256681595
869,40288.0,40455.76252314863,40285.09987235918,40304.65269199454,40413.46981624519,-96.0,28.680484667005658,-84.01841935304765,-44.32003932775115,9.811575134099257
870,40160.0,40486.56136284212,40186.58081480202,40268.65899866406,40429.55488219155,48.0,33.05105301810181,34.38501645294673,18.335806001548917,29.56281005593337
871,40384.0,40521.864629184834,40353.86990526507,40341.32430399764,40472.595436357056,8.0,37.43874056517234,16.638616788412037,51.3274573323979,47.47032598336227
872,40176.0,40561.438843972464,40219.85804837885,40371.31391332886,40524.495534158275,72.0,41.334030892936426,87.06503662684554,127.64656599565205,69.32487450912959
873,40528.0,40604.53269097071,40527.99997851876,40596.61743598894,40611.245185375315,528.0,44.27329535146782,475.6141439336243,259.6122406545546,90.91191048580731
874,41232.0,40649.9854346754,41171.086336246095,40890.538394637966,40706.31935512989,160.0,45.926238532574644,165.22842279245742,123.19015596800455,68.7901375110705
875,40848.0,40696.38516803586,40858.456824103676,40842.99774792495,40748.82546039746,-312.0,46.14312587499808,-256.3147482774293,-50.041772750544624,37.547378287436004
876,40608.0,40742.271686425396,40658.45683969124,40790.45484913688,40781.41411170476,72.0,44.97129465319085,59.54316689134066,38.68452578036886,41.25935689254766
877,40992.0,40786.32775734224,40977.54315788636,40920.36679948569,40831.34417418255,288.0,42.61621634481344,239.54315477930868,94.09535009165484,41.89727118691371
878,41184.0,40827.50411911502,41137.543149249854,40978.64554932019,40865.20865407859,-184.0,39.38775215767964,-149.65641511127615,-44.39847550540799,17.924912599970412
879,40624.0,40865.1032616576,40678.230327663805,40831.56984847487,40867.19399938249,-120.0,35.620900932044606,-110.78903054297916,-43.2907766078788,14.145045273024152
880,40944.0,40898.74592097911,40915.965088163895,40892.06399610443,40893.49874462464,120.0,31.60485690193309,97.56020131958576,34.52614568177523,23.77968247337776
881,40864.0,40928.312975461464,40873.35073030298,40900.62213983842,40914.75336432925,-16.0,27.563232831009373,4.13929365398144,26.86921365320086,23.792287921074603
882,40912.0,40953.87238664113,40924.24367547186,40945.80242341083,40941.08332046679,128.0,23.64183095278713,112.1113225281697,62.081495277827344,27.784122160875995
883,41120.0,40975.59663736704,41097.573375359316,41024.78513039408,40970.321608651,80.0,19.93451415094387,61.196576684029424,31.37527218028481,21.754368616762804
884,41072.0,40993.74141494302,41046.63682883992,41008.5529677714,40984.59205770031,-240.0,16.51845448471431,-198.32985483050288,-47.955678736972914,9.900051934331714
885,40640.0,41008.63354633647,40700.91366569831,40928.87377292013,40990.12171251966,112.0,13.476362036020873,111.91129584151349,64.75769160879281,23.035740445331612
886,41296.0,41020.69413901506,41270.459420522944,41138.068350988986,41030.663538590976,352.0,10.917654401677282,309.35417945847075,130.22875356335135,27.275003000861034
887,41344.0,41030.46885513982,41319.62202461525,41189.331280046834,41044.671718521386,-80.0,8.965911612081982,-72.72727283142012,-26.07143091873877,-0.9582341435234412
888,41136.0,41038.625962239224,41125.004874860104,41085.92548915151,41028.74707030393,-304.0,7.730406750495604,-261.78732938942267,-128.44304631957493,-21.287294702255167
889,40736.0,41045.92966864081,40796.047365836406,40932.445187407684,41002.097129116875,8.0,7.277803476110421,-16.526125906893867,-55.257708039975114,-13.34508473121241
890,41152.0,41053.181569191445,41091.952623046316,40975.41007307156,41002.056900841504,-56.0,7.610734294659778,-64.79525722557446,-45.33007780035041,-7.537383233298897
891,40624.0,41061.15113723013,40666.45685138526,40841.78503180698,40987.02236265028,-192.0,8.66087964068356,-152.7478850676889,-24.73252536108339,3.1165799412920023
892,40768.0,41070.50332847281,40786.45685291094,40925.94502234939,41008.29006072409,408.0,10.305095693176554,362.36491485532315,163.13250171710024,33.28220111001065
893,41440.0,41081.761328616485,41391.1866810959,41168.050035241184,41053.5867648703,216.0,12.393820480898285,210.58258488955835,106.13003051238411,25.97604238972781
894,41200.0,41095.29096943461,41207.622022690055,41138.20508337416,41060.242145503544,-160.0,14.77067524002996,-145.45454495556623,-60.74241017994427,-0.3325120915797015
895,41120.0,41111.302679096545,41100.27759118477,41046.565214881295,41052.92174068714,-296.0,17.287128655683773,-270.09164268193854,-128.35726105222057,-10.674317782042635
896,40608.0,41129.86522674598,40667.43873732618,40881.49056126972,41038.89350993946,-80.0,19.813107644662523,-71.51000012716759,-28.329372976713785,7.5164447492861655
897,40960.0,41150.92889438587,40957.257590930436,40989.90646892787,41067.95463018571,320.0,22.22634386633581,276.10680825645613,123.36914212207921,34.45885175554213
898,41248.0,41174.31791447865,41219.65235383909,41128.22884551388,41107.81121345054,128.0,24.386729240912246,120.65653210409073,78.43679934294778,32.84714393735703
899,41216.0,41199.702352867695,41198.57065513862,41146.78006761376,41133.648918060426,-144.0,26.140087877953192,-108.22842300738921,-16.058744093232235,21.720150512905093
900,40960.0,41226.598090234555,41003.19550782431,41096.11135732741,41151.25151447635,24.0,27.322478485602915,20.602391807238746,17.386968377355515,27.165172139742936
901,41264.0,41254.3473098389,41239.775438753095,41181.554004368474,41187.97926233991,152.0,27.764625253137638,115.45712469426871,44.21964922529878,32.92671098055507
902,41264.0,41282.12734074083,41234.10975721285,41184.55065577801,41217.10493643746,-216.0,27.32198476317717,-173.4309013238235,-36.728020701455534,26.780920919423806
903,40832.0,41308.991279365255,40892.91363610545,41108.09796296556,41241.54110417876,48.0,25.91776954906163,55.372179075297026,61.59628867033098,44.91322295023565
904,41360.0,41333.96287983895,41344.85411536344,41307.74323311867,41306.931382337934,336.0,23.557910308350984,302.5249422675588,173.51688671244847,62.736847276071785
905,41504.0,41356.10709998196,41497.963520640566,41455.13173639046,41367.0147987309,112.0,20.35405236855513,122.92700847996457,122.9543714670217,53.23415632951219
906,41584.0,41374.67098457606,41590.70813232337,41553.651976052715,41413.39969499696,144.0,16.527904583304917,126.28527329967255,83.34622768860936,37.8548810159009
907,41792.0,41389.16290914857,41750.53406723991,41621.82419176768,41442.724560762705,-56.0,12.379424180995557,-47.5037288839012,-16.915688401200896,11.861093803883705
908,41472.0,41399.429832938054,41495.70067455557,41519.82059925031,41437.121882604726,-152.0,8.261585888605623,-136.33001990650155,-78.09329289220477,-7.346584027738572
909,41488.0,41405.68608092578,41477.87402742691,41465.63760598327,41428.03139270723,-56.0,4.5359968190823565,-68.45650999411737,-65.36419027541342,-12.088920262143802
910,41360.0,41408.50182657622,41358.787654567335,41389.09221869949,41412.94404208044,-152.0,1.526386242312583,-125.14810002288868,-61.99927793403185,-12.440148522764503
911,41184.0,41408.7388534104,41227.57782738113,41341.639050115205,41403.1510956617,112.0,-0.5287282745521225,93.3949842782713,31.366356473314227,1.1646083643463498
912,41584.0,41407.444370027115,41545.57762312388,41451.824931646115,41415.27325880913,144.0,-1.4999489611036552,119.17223680328607,44.098347353970894,3.685826087887108
913,41472.0,41405.738955488196,41465.9223009877,41429.83574482315,41410.52274783747,-136.0,-1.366985314347403,-110.04381719765297,-43.07131441139791,-7.824373579780513
914,41312.0,41404.71039939842,41325.48998872857,41365.68230282332,41399.62451164957,-80.0,-0.23822889596340246,-72.98236861626356,-37.31229058816825,-6.517010605428368
915,41312.0,41405.26249769627,41319.957563755175,41355.21116364681,41397.488726626616,40.0,1.6636621992001892,34.25539380249393,11.134442646893149,2.138651308374392
916,41392.0,41408.03772379682,41394.00077633356,41387.951188117106,41403.90181426632,104.0,4.041113106235571,84.04709424619432,30.715618528851337,7.008178353022231
917,41520.0,41413.34472390874,41488.051752247564,41416.64240070451,41411.50508333266,-80.0,6.55725914483628,-65.6902628481912,-22.987587060339138,2.1785232329748396
918,41232.0,41421.15224208649,41262.62025063718,41341.97601399643,41408.25886073227,-96.0,8.865421924288967,-72.33024842448867,-19.678379709872388,5.566720436221658
919,41328.0,41431.07556775732,41343.39125539859,41377.28564128477,41422.638524205104,200.0,10.659395781436615,157.72728175435623,59.95244793072925,19.111589683088823
920,41632.0,41442.471033649366,41578.07481414589,41461.880909857886,41446.482040098446,-104.0,11.721056938062247,-81.23879474386194,-0.46427649794350145,14.56761789826487
921,41120.0,41454.51768163344,41180.91366591086,41376.35708828888,41451.77376000163,40.0,11.924149763734022,44.62587141356562,42.654722575440246,21.88040790327068
922,41712.0,41466.319333176834,41667.32655697302,41547.190355008766,41490.24285590499,184.0,11.24562147312463,172.12341005359121,88.42844422426788,27.38123869860283
923,41488.0,41477.00892457969,41525.160486018045,41553.21397673742,41506.53623739884,48.0,9.761489741678815,43.636359135263774,38.63061009736339,17.220193363791623
924,41808.0,41485.84231266019,41754.59927524355,41624.45157520349,41524.68324263257,-72.0,7.621388239949738,-61.87814458796856,-20.536613932181353,3.9811673653639446
925,41344.0,41492.25170105959,41401.40419684211,41512.140748873055,41514.49857212957,-40.0,5.013747722197877,-41.86078415969314,-28.240451893914724,-1.6597418965284305
926,41728.0,41495.86980810459,41670.87770692416,41567.970671415664,41521.363758839514,-8.0,2.1467976533531328,-16.13795529712661,-24.184741749555542,-3.4666253480754676
927,41328.0,41496.5452963663,41369.128286247855,41463.77126537394,41507.565321433416,-120.0,-0.7787884916397161,-96.10798943705231,-36.313773354748264,-4.820171334431507
928,41488.0,41494.31223112131,41478.66172805006,41495.34312470617,41511.72341617065,72.0,-3.57954832566611,62.84208205249524,35.24342168530711,5.344265545769304
929,41472.0,41489.386199714965,41494.812450352845,41534.25810874456,41518.253852524955,144.0,-6.086938706033834,130.21297406702433,70.0440384106696,8.843128980555775
930,41776.0,41482.13835370924,41739.08767618411,41635.431201527506,41529.40967413176,64.0,-8.149606403607322,59.71360675179312,30.88869354669805,-1.1736946866076323
931,41600.0,41473.08698690775,41614.23966385643,41596.035495837954,41515.90646315174,-56.0,-9.632886460498412,-53.64969304552869,-41.37795777057545,-17.70788782243835
932,41664.0,41462.872580788244,41631.78829009305,41552.675285986355,41493.993898486886,-168.0,-10.425645315906877,-157.25862989442248,-99.02256685842076,-30.41286974050672
933,41264.0,41452.23569627594,41299.72240406759,41397.99036212111,41455.080723670726,-152.0,-10.451044140540034,-139.70515909125606,-87.68974280468683,-29.359138632626127
934,41360.0,41441.970492507164,41352.37797191054,41377.29580037698,41435.27562122163,16.0,-9.67597660330648,14.545427395638399,-12.04666155563973,-16.041321388009237
935,41296.0,41432.883743069324,41328.81325885886,41373.89703900983,41422.99808089471,168.0,-8.114970759710559,141.35420916591465,35.54975813777128,-5.92763628218745
936,41696.0,41425.74055098774,41635.086390242366,41448.395316652524,41423.42034865726,-176.0,-5.830043553192809,-161.94980342580675,-49.304064031050075,-13.206714804589865
937,40944.0,41421.22365596294,41004.91365200725,41275.28891094773,41396.58465128553,0.0,-2.9259485115289863,-2.027085065492429e-05,-7.461950230928778,-4.206464807455632
938,41696.0,41419.888653964685,41635.086349700665,41433.47141619067,41415.00741904235,64.0,0.45216656248885556,63.999994965837686,26.918213338274654,4.373138708939223
939,41072.0,41422.127989087916,41132.913641938925,41329.12533762428,41405.330928703406,24.0,4.120910867382918,24.00000370259295,24.216590245749103,6.990056096226908
940,41744.0,41428.13047569945,41683.08635710585,41481.904596682165,41428.9875312348,88.0,7.857856160571828,76.10484219212958,21.731557398969017,7.90597909313874
941,41248.0,41437.84370140906,41285.123326323184,41372.58845242222,41421.142886889684,-200.0,11.395871054002782,-165.64899103167772,-47.02191804883478,0.8124999993633537
942,41344.0,41450.922217807456,41351.788375042495,41387.860760584495,41430.61253123353,136.0,14.430016215323121,105.60692393181307,37.20268845452665,13.800270905521757
943,41520.0,41466.703733839706,41496.33717418681,41446.99382933127,41448.74342870073,24.0,16.634303229642683,26.234670078367344,22.629983412411093,14.56806890223379
944,41392.0,41484.19082426674,41404.25771519923,41433.12072740932,41459.748669037996,-48.0,17.689576343851513,-30.79088299140858,6.687261782710266,14.392673789170658
945,41424.0,41502.08288652741,41434.75540820399,41460.368352896694,41477.52877627907,96.0,17.337863957374793,84.2747340247297,45.43180193571607,20.456546055025683
946,41584.0,41518.86655218149,41572.80718324869,41523.98433128075,41500.66176114805,104.0,15.436493606885051,82.08769128812128,33.608144024434296,18.96607292637782
947,41632.0,41532.95587374118,41598.930790780236,41527.58464094556,41515.460922131824,-256.0,12.014796712472162,-219.94674217226202,-48.60736986240954,8.972207090373558
948,41072.0,41542.896145606435,41132.913698904165,41426.76959155593,41518.606175328794,88.0,7.303091996775038,97.3991795466718,76.56974638833708,25.475561963405198
949,41808.0,41547.56205773473,41793.72914987358,41680.72413372224,41566.412046058635,456.0,1.7230124350789993,411.3377270404053,190.31660902742442,35.726473032773356
950,41984.0,41546.34217047659,41955.589152984976,41807.40280961078,41590.05912139434,16.0,-4.156193998423987,19.805768036265363,38.38008069393254,3.9500314054239425
951,41840.0,41539.24966973788,41833.34068594611,41757.4842951101,41574.31210886948,-168.0,-9.695065174069896,-155.5450373083222,-91.17636694562316,-29.031407081383804
952,41648.0,41526.95204012845,41644.49907836833,41625.05007571953,41531.99630723157,-224.0,-14.279659680410987,-206.3462157361355,-143.90918153080202,-48.1159862763343
953,41392.0,41510.69035037706,41420.64825447384,41469.6659320485,41478.080136316814,-64.0,-17.414732446923153,-80.60955152529277,-116.55117764678289,-49.612164098914945
954,41520.0,41492.12257523461,41483.279975317746,41391.94772042597,41432.77197903374,-208.0,-18.79510275447683,-204.42903431758532,-141.7443514095503,-49.669558331384906
955,40976.0,41473.100144868105,41011.79018583867,41186.1772292294,41378.741019654044,-240.0,-18.334499514494382,-209.07822853548714,-100.68187658187162,-33.89390839699627
956,41040.0,41455.45357620562,41065.12351824677,41190.583967262224,41364.98416223975,272.0,-16.148086739412975,228.6794859683214,79.6987216639427,2.492350697692018
957,41520.0,41440.80397138928,41469.14915777531,41345.57467255728,41383.72572104943,96.0,-12.522035484558728,100.04286607870745,67.77804157369974,11.927844862151687
958,41232.0,41430.4095052365,41265.20925040419,41326.140050409624,41388.839851964054,-64.0,-7.861141718127328,-37.893655350169865,27.63540305715651,12.956123512827617
959,41392.0,41425.081687953025,41393.36184707497,41400.845478671596,41409.63796807508,152.0,-2.6116473254769517,134.96183204562476,79.12816759776615,21.68001451478267
960,41536.0,41425.18621058555,41535.132914495436,41484.396385605156,41432.19988099362,160.0,2.7673084973575897,137.4356398976488,57.74909973613467,17.371906968215626
961,41712.0,41430.61630494774,41668.23312687027,41516.343678143865,41444.381782011515,-144.0,7.845220567727665,-133.31364448146633,-65.88086838935124,-1.1990098815294914
962,41248.0,41440.876651721,41268.5056255325,41352.63464882645,41429.80186123056,-280.0,12.258310816898302,-249.61988246762485,-111.39170490418837,-5.489827719426103
963,41152.0,41455.13292658154,41168.99336193502,41293.56026833549,41433.40212657266,-16.0,15.714380169676588,-14.545453922382876,11.70575367677884,17.67037167073795
964,41216.0,41472.305412060356,41239.41471768774,41376.04615618001,41465.142604572036,336.0,18.018122410030628,308.6725057185504,162.50896593452853,44.19760822797252
965,41824.0,41491.1691714016,41786.33837337212,41618.578200204545,41521.79734302861,248.0,19.08338397136322,237.43796101782937,139.82114412680312,41.54460560800362
966,41712.0,41510.47218000308,41714.2906397234,41655.68844443362,41548.23181578804,-80.0,18.942889256843046,-60.594535031737905,8.954466445884464,18.24606354883872
967,41664.0,41529.054949915284,41665.149303308644,41636.487133096314,41558.289470126285,-32.0,17.73583542976121,-43.39481987151157,-32.95774478914973,4.772127844553324
968,41648.0,41545.943850862604,41627.50099998037,41589.77295485532,41557.77607147715,-160.0,15.692464135914634,-140.14330342641915,-75.82770081333729,-5.024595075276011
969,41344.0,41560.43987818711,41384.862696455806,41484.83173146964,41548.24027997573,-32.0,13.092078081284853,-38.32482124553644,-34.525357650858496,0.6762224973681441
970,41584.0,41572.128007025174,41550.8513574893,41520.7222395536,41559.12851647189,0.0,10.220877673415089,0.245448480007326,4.2516278607618005,9.644662319748022
971,41344.0,41580.88163353394,41385.35359341582,41493.33498719116,41567.52960461523,24.0,7.340244958810217,41.270203005602525,47.28024123314026,19.577568374104885
972,41632.0,41586.808496942795,41633.391763500505,41615.28272201988,41598.283653220096,304.0,4.653581128601218,254.99698758722297,113.58909583866262,29.068231265871873
973,41952.0,41590.188795791146,41895.34756859027,41720.51317886849,41625.66606714697,-200.0,2.298672935947252,-170.23903113344204,-10.512953717148775,11.065717284225684
974,41232.0,41591.40584281469,41292.91370123362,41594.256814585584,41620.41508778855,128.0,0.3511686286619806,125.86936652514123,54.87204300988378,14.169775030997698
975,42208.0,41590.89113304847,42147.08630164055,41830.257264888256,41654.00561720897,224.0,-1.161358675613883,197.47837157754475,47.12908274680012,5.890810280874575
976,41680.0,41589.08312546346,41687.87044438871,41688.514980079184,41632.1967083503,-384.0,-2.240575255957083,-342.5399468152573,-137.48479476947614,-24.19907344115927
977,41440.0,41586.409982536556,41462.006408010035,41555.287675349304,41605.60747032665,-120.0,-2.9043101509159897,-115.83199632850301,-75.58346705523218,-18.308864507314865
978,41440.0,41583.27450516163,41456.206451731705,41537.34804596872,41595.57897933567,80.0,-3.1796451074333163,75.23230238021279,30.73439360377597,-2.2495420242012187
979,41600.0,41580.05069232169,41612.47101277046,41616.756462556856,41601.10838627825,256.0,-3.0910389475684497,218.61962489107827,87.78664786656736,5.584826256494125
980,41952.0,41577.09242726649,41893.44570151386,41712.921341701855,41606.748631848655,-8.0,-2.6667221013922244,-14.235528454784799,-23.374450004077516,-11.62232283715639
981,41584.0,41574.717248118905,41583.99995586089,41570.0075625487,41577.863740603934,-376.0,-1.9582843033858808,-325.4944147350907,-149.90999787880355,-29.191704214528727
982,41200.0,41573.17585865972,41242.45687204368,41413.10134594425,41548.3652234196,-120.0,-1.0373107132218138,-110.77155044474057,-50.35554363232586,-12.080256013352482
983,41344.0,41572.64262669246,41362.45685497141,41469.29647528405,41553.70322857723,352.0,-0.005853053789905971,301.3232148443967,118.84336698182233,15.823166586491425
984,41904.0,41573.16415255214,41845.10330173247,41650.78807990789,41580.01155659258,96.0,1.0026622027362464,99.12399836381155,54.88564457778921,10.108905844976107
985,41536.0,41574.64795109793,41560.70485169903,41579.06776443963,41573.92104026718,-192.0,1.8430020902123943,-160.87419153827796,-50.18643324844743,-4.194464312036871
986,41520.0,41576.850156732566,41523.35491865592,41550.415213411,41571.62262796851,-16.0,2.386865986591147,-20.575339763541706,-13.444944323131494,0.2827190997522848
987,41504.0,41579.421683071116,41519.55417217195,41552.177875793364,41574.486478466686,96.0,2.5468763788194337,73.97011437579931,25.851600279052946,6.3881744215104845
988,41712.0,41581.943909490205,41671.295147407516,41602.1184139691,41584.39897681153,-72.0,2.2945281985266774,-51.78328772684108,-5.000254839709669,3.5324471854219155
989,41360.0,41584.01073946817,41415.98759671827,41542.177366113945,41581.55137283753,24.0,1.6732782382496225,30.088080722955056,31.147635201810772,8.229964667872991
990,41760.0,41585.290465966704,41731.471308853426,41664.413684372725,41600.858906147274,200.0,0.7817464356085111,167.38260858143985,74.44316044514198,11.350478617110639
991,41760.0,41585.574232339386,41750.75281388115,41691.06368700423,41604.25233007175,-40.0,-0.25675888303885586,-26.95442556652415,-7.818153866381181,-4.393959571934829
992,41680.0,41584.776948200626,41677.56245772038,41648.77737663996,41592.070987003404,-88.0,-1.3375612531126535,-85.37806755889687,-57.89762204428553,-16.577793718177418
993,41584.0,41582.89910983316,41579.99667876335,41575.26844291566,41571.0967426354,-128.0,-2.4092001971694117,-117.58238514025288,-77.8747122664754,-21.61940723623775
994,41424.0,41579.95854780629,41442.39768743987,41493.02795210701,41548.83217253093,-40.0,-3.487515516080748,-45.61055412413407,-47.72651475514431,-16.022961477920035
995,41504.0,41575.924078801,41488.775570515085,41479.81541340537,41539.050819679556,-24.0,-4.641344621981261,-29.74426434934867,-25.304831998957525,-8.028811867396143
996,41376.0,41570.675858562325,41382.909158741175,41442.4182881091,41532.77454879614,-96.0,-5.952405800442648,-71.32061806805723,-4.1879812417209905,1.5624565563884971
997,41312.0,41564.019267200114,41346.13433437897,41471.43945092193,41542.17573279233,184.0,-7.4688365842957865,174.60030015634038,108.74088827379092,20.90997063581017
998,41744.0,41555.73818539373,41732.109759053856,41659.90006465668,41574.59449006776,320.0,-9.147430622193497,285.82076732049245,146.41064606309374,23.948481778814312
999,41952.0,41545.72440595573,41917.775869019955,41764.260743048115,41590.07269634996,16.0,-10.833641605720914,14.54545506586146,10.491049915493932,-2.618158900299022
1000,41776.0,41534.07090218229,41761.20066918558,41680.882164487666,41569.35817226716,-280.0,-12.282557043447014,-251.80157605424756,-130.93749631661194,-31.046615469444077
1001,41392.0,41521.15929186883,41414.17271691146,41502.38575041489,41527.979465411074,-240.0,-13.197464173063054,-214.9346455690502,-123.30353886532976,-34.57973358553136
1002,41296.0,41507.675973836165,41331.33137804748,41434.27508675701,41500.198705096096,128.0,-13.301446176676109,93.81555137343094,1.0268797206153977,-17.570825060174684
1003,41648.0,41494.55639951548,41601.80381965832,41504.43950985612,41492.837815290724,48.0,-12.408537752271513,39.4915399024394,-1.615821972827689,-15.118999040834751
1004,41392.0,41482.85889833162,41410.31445785236,41431.04344281135,41469.96070701443,-112.0,-10.480064500730805,-99.9170725441727,-53.87434563909119,-18.979072925576475
1005,41424.0,41473.59627051402,41401.96967456998,41396.69081857794,41454.87966943957,-136.0,-7.643846229624614,-118.49641043250449,-48.00721494444588,-13.537054102875118
1006,41120.0,41467.57120587237,41173.32163698735,41335.02901292246,41442.886598808676,160.0,-4.183853674952843,140.55833696751142,45.85270080575356,4.151259309535817
1007,41744.0,41465.22856316411,41683.086348505,41488.39622018945,41463.18218805864,96.0,-0.49793170603516046,81.30543175822822,25.565317361706548,6.254698652901425
1008,41312.0,41466.5753424603,41335.932500503804,41386.15964764587,41455.39599611448,-248.0,2.9756411017660866,-206.19851281115552,-65.15674872063391,-0.6163921384395508
1009,41248.0,41471.179845367646,41270.68932288269,41358.08272274818,41461.949403781764,64.0,5.833582614832267,48.2034367923261,26.96443647639171,17.250877856371517
1010,41440.0,41478.24250768997,41432.33937408846,41440.088520598656,41489.89775182722,136.0,7.76699827295306,123.34692164806984,82.05005814980905,30.443235636819736
1011,41520.0,41486.71384191355,41517.38316617883,41522.1828390478,41522.8358750554,56.0,8.60928511484235,71.95962298453742,83.18573797303907,33.07991698095066
1012,41552.0,41495.46107791965,41576.25862005753,41606.459996544734,41556.05758578912,200.0,8.36089906037887,180.1685541663428,111.50715576930816,33.42459002317628
1013,41920.0,41503.43564003431,41877.720274511514,41745.19715058641,41589.685055101756,104.0,7.179438500119431,90.06302701153618,51.33572933488176,17.11172206772244
1014,41760.0,41509.81995491989,41756.384674080604,41709.1314552145,41590.28102992457,-168.0,5.350203421774495,-139.41223002788684,-61.49996776466651,-7.8899736809617025
1015,41584.0,41514.13604687786,41598.89581445574,41622.19721505708,41573.90510773983,-80.0,3.239810643124656,-83.00978734617456,-67.83563262888129,-16.880666797744198
1016,41600.0,41516.29957620614,41590.365099388255,41573.460189956735,41556.51969632908,-40.0,1.2302721218511579,-56.70521812620427,-62.00693012197371,-19.55942659430002
1017,41504.0,41516.59659112156,41485.48537820333,41498.18335481313,41534.78625455123,-232.0,-0.33655254204859375,-197.45283016825488,-78.18515773703984,-20.194129050283664
1018,41136.0,41515.62647112204,41195.459439051745,41417.089874482655,41516.13143822851,208.0,-1.2125235877610976,186.80047112553802,59.45145691085054,0.35175558870469104
1019,41920.0,41514.17154394604,41859.08632045441,41617.086268634834,41535.48976572864,160.0,-1.2811337531893514,146.40534854499856,48.53952846959146,0.13281578656096826
1020,41456.0,41513.064203615664,41488.27013614174,41514.16893142184,41516.397069801635,-192.0,-0.5674711873107299,-176.34158349261634,-73.83287150207616,-16.072842436926294
1021,41536.0,41513.03660157142,41506.403153469175,41469.42052563068,41503.34408085479,-136.0,0.7806356595501711,-129.85121532668563,-78.03814297581266,-14.685784904108004
1022,41184.0,41514.625474934764,41228.56770548837,41358.09264547021,41487.02549999342,-64.0,2.522395819229132,-54.996920538957056,-24.281557425361825,-1.1673058616943308
1023,41408.0,41518.081393209875,41396.40931239126,41420.85741077996,41501.0094691314,120.0,4.3742756867577555,109.88816885919005,69.19347069972719,18.63444259454627
1024,41424.0,41523.37402630828,41448.34404320675,41496.47958686967,41524.29438518251,176.0,6.076112717262731,173.65494684923033,111.86196952454338,28.299635310238955
1025,41760.0,41530.2336186444,41743.71920608972,41644.581349829044,41557.60873975188,248.0,7.431393970018689,213.97119333157752,90.39243787389569,23.194791556961718
1026,41920.0,41538.23681424832,41876.286429869906,41677.26446261746,41570.683968296435,-304.0,8.3317577769958,-265.40275848696183,-88.68465590285268,-4.390573040622257
1027,41152.0,41546.89713419839,41212.9136891158,41467.21203802334,41548.827593670634,-144.0,8.757809861319402,-131.37163584723748,-52.44640558245737,-2.0149949422702775
1028,41632.0,41555.752433970956,41613.54315817543,41572.371651452544,41566.653978411894,312.0,8.757100044695107,260.3147322255645,75.3454391554842,14.559083661857585
1029,41776.0,41564.41133428778,41733.54315356693,41617.90291633431,41577.94576099435,-144.0,8.405847683403408,-113.59888611304268,-33.51727695108639,1.3890706321726611
1030,41344.0,41572.56412933776,41386.345385949346,41505.33709755037,41569.43211967624,-144.0,7.7748524384369375,-114.15618853169144,-31.897270008747,2.7579646656995465
1031,41488.0,41579.96103916466,41505.230776503544,41554.10837631681,41583.46169032575,256.0,6.89949630152114,205.0392730719359,81.82546692484902,18.80265516579675
1032,41856.0,41586.363121940805,41796.42393209322,41668.98803140007,41607.03743000783,-40.0,5.77372037787427,-18.158625732750806,21.373670783294074,11.127611182473629
1033,41408.0,41591.508479920405,41468.91352503804,41596.8557178834,41605.716912690696,24.0,4.372672975227033,27.329602885627537,22.29554542502592,8.56532831739969
1034,41904.0,41595.10846789126,41851.08313786447,41713.57912225012,41624.16808664263,104.0,2.6825668387537007,78.78435918670584,21.51296549178369,4.459578284069721
1035,41616.0,41596.87361359791,41626.482243411454,41639.88164886697,41614.636069258835,-216.0,0.7286377288037329,-172.18967739576328,-61.75664894966758,-9.600213920857641
1036,41472.0,41596.56574334887,41506.703783072946,41590.065824350786,41604.96765880092,72.0,-1.403028582699335,53.74045502621448,9.217087659213576,-3.0200275178722222
1037,41760.0,41594.067556432514,41733.96315346388,41658.315824185396,41608.59601422309,128.0,-3.5621955289825564,97.07513771034428,17.407911927308305,-3.9418438666725706
1038,41728.0,41589.4413522909,41700.854058493635,41624.8816482054,41597.08397106757,-320.0,-5.559762425727968,-276.524725150015,-84.99335187729594,-18.057844602139085
1039,41120.0,41582.94803158106,41180.91370316385,41488.329120430804,41572.48032501881,232.0,-7.213040077691403,215.1161182778451,47.612032440807525,-1.9796297978209623
1040,42192.0,41575.01527213552,42131.086295049325,41720.10571308702,41593.12471147193,40.0,-8.38390863973109,38.928828698910365,-4.1705508002814895,-9.299377973286028
1041,41200.0,41566.180214301596,41258.771360561674,41479.98801883024,41553.88156907224,-304.0,-9.017525512252178,-294.58492838649545,-100.12368484165927,-21.549063946076785
1042,41584.0,41556.980221111015,41541.916438276334,41519.8583434037,41550.026583579776,80.0,-9.159648477285373,72.7272690963182,7.799496275310958,-5.553656313473766
1043,41360.0,41547.860917347025,41404.22589875431,41495.58701138086,41542.77425644529,104.0,-8.942281333009305,97.26178785231969,43.52217366759214,1.8863856877796934
1044,41792.0,41539.095658444996,41736.44001398097,41606.90269073888,41553.799354955336,48.0,-8.55347820872339,40.59135152873205,18.767024727458193,-0.8849337421888777
1045,41456.0,41530.75396092958,41485.408601811774,41533.12106083578,41541.004388960915,-128.0,-8.186208732451632,-103.98840311032473,-35.22109948520665,-8.5447465463767
1046,41536.0,41522.72324098009,41528.463207760324,41536.46049176847,41536.70986186258,8.0,-7.987086996563448,5.37064475016814,3.569676816918218,-4.2590340052011015
1047,41472.0,41514.77978693645,41496.14989131211,41540.260414469616,41532.48632095051,104.0,-8.012349657561572,88.43614011233512,37.930129935957666,-1.199224864547432
1048,41744.0,41506.69854166497,41705.335487984994,41612.320751640385,41534.31141213349,16.0,-8.208130124421587,15.86303659785699,6.220712990965694,-8.659338210349233
1049,41504.0,41498.36352668761,41527.875964507824,41552.70184045155,41515.167644529814,-72.0,-8.417670680977608,-58.079700938054884,-35.26799096306422,-18.58538537718414
1050,41600.0,41489.863200303014,41589.176086108884,41541.78476971426,41497.14064137912,32.0,-8.410271164673759,7.180552145491674,-40.024685880165634,-23.169971081737458
1051,41568.0,41481.54298435826,41542.23706879881,41472.652468691216,41468.82770236634,-280.0,-7.935461484168627,-244.13121137148846,-116.80606667743632,-33.27155389446489
1052,41040.0,41473.99227733468,41100.91366336591,41308.172636359384,41430.59753359019,-8.0,-6.786825581955782,-16.72916276567412,-30.393514152139687,-18.700292096640624
1053,41552.0,41467.96933319435,41508.77874326746,41411.86544038694,41431.42711817306,168.0,-4.851575460350432,140.11040845661046,33.625524221024534,-5.1990595084753295
1054,41376.0,41464.289126413976,41381.13448027913,41375.42368480143,41420.19941457324,-128.0,-2.146363938878494,-101.97186159270859,-36.72991318478671,-9.017732871157932
1055,41296.0,41463.67660531659,41304.83502008204,41338.40561401736,41413.39165243074,-32.0,1.1694583478092682,-32.12435978688518,-15.815263775388303,-0.9381795209628763
1056,41312.0,41466.628043109595,41316.88576070536,41343.79315725066,41418.32305553131,40.0,4.818461570095678,36.47954415010827,21.284121858618164,10.24755587713662
1057,41376.0,41473.31352845678,41377.79410838226,41380.9738577346,41433.886764185016,88.0,8.456453077360493,69.87888958817712,39.667629351242795,18.458046862957417
1058,41488.0,41483.540949264316,41456.64353988171,41423.12841595314,41455.23914925723,-104.0,11.729741642444424,-77.93286909199378,9.718766195117496,19.71434253506959
1059,41168.0,41496.77301174167,41221.92837019827,41400.411390124835,41473.315449255155,176.0,14.346270719142922,167.81486778673934,93.48866923411333,33.34207246068763
1060,41840.0,41512.2334907026,41792.27327545519,41610.10575442137,41521.9232941786,224.0,16.127464594588673,198.82309605406044,94.74724150721522,32.704009632376255
1061,41616.0,41529.02794093085,41619.57456230639,41589.905873139265,41538.72346851991,-192.0,17.027722303530027,-154.82590161681946,-33.246944712471304,12.936347767295956
1062,41456.0,41546.28893530966,41482.62147222155,41543.61186499643,41547.795989713195,8.0,17.144140010812407,-3.8457289771031355,-2.4880756446291343,13.6623206789518
1063,41632.0,41563.316220952474,41611.883104352186,41584.92972185001,41566.04810987781,32.0,16.67917185967599,28.677153891570924,17.7827177785839,14.95452565850428
1064,41520.0,41579.64727902901,41539.975780004694,41579.177300553594,41577.7050410302,24.0,15.889212762856914,27.971575675954227,23.836228980388114,14.542183203906461
1065,41680.0,41595.09464647819,41667.826255704094,41632.60217981078,41595.132476285624,80.0,15.029079217634717,66.98175421985798,29.72596916258044,13.184059069699288
1066,41680.0,41609.70543746428,41673.93928844441,41638.629238878755,41604.0731591696,-24.0,14.290784514407278,-24.190525037640327,-14.65832149265043,5.144340842456586
1067,41632.0,41623.676215507,41619.445205628814,41603.28553682548,41605.42115797054,-144.0,13.762521368604212,-117.26805467153099,-49.70093364053173,0.019056699460634263
1068,41392.0,41637.23048020149,41439.40317910135,41539.22737159769,41604.11127256852,80.0,13.425557353566546,56.97386897925753,9.55552057105524,9.295678226415475
1069,41792.0,41650.527330214136,41733.39294358733,41622.39657796759,41624.01251442337,8.0,13.171780567583482,0.9544824226504716,-1.6325046462989121,11.501867576014774
1070,41408.0,41663.57404133666,41441.31214394665,41535.962362305094,41627.11500772055,-168.0,12.835521844022878,-125.52007990743004,-22.453034509951976,14.058243683208275
1071,41456.0,41676.19837390218,41482.35278377247,41577.49050894769,41652.129001789785,216.0,12.23973707480036,183.88831995643704,102.2734011164357,34.82044415872224
1072,41840.0,41688.05351548626,41809.08878385952,41740.509164537965,41696.755896038,160.0,11.238815716540557,161.09615811639742,113.27323785926274,37.46468905011352
1073,41776.0,41698.67600533526,41804.54510000526,41804.036984666214,41727.05837989001,152.0,9.752420941789751,138.18181617205482,77.54631246135614,27.855402846511424
1074,42144.0,41707.55835736984,42085.45241620363,41895.60178946068,41752.46670173102,-128.0,7.766503453080077,-112.28572967449145,-32.63430047519796,5.831656927563017
1075,41520.0,41714.20901224142,41579.97364065628,41738.76838371582,41738.72169374514,-112.0,5.325779124948895,-105.15544537492679,-47.44921388695002,-2.808923298627633
1076,41920.0,41718.20991561974,41875.14152545378,41800.70336168678,41746.848855133765,96.0,2.517318590886134,70.87551206638454,2.286658814347902,-0.5303958546828653
1077,41712.0,41719.243649423195,41721.72466478905,41743.341701344514,41737.66090203577,-136.0,-0.5566929094638908,-104.7935367194732,-41.69080967000991,-7.9049079962060205
1078,41648.0,41717.09652980081,41665.55445201483,41717.32174234676,41731.03903914135,48.0,-3.7900730981746165,31.602047299944388,8.640912175626,-2.4699109373541432
1079,41808.0,41711.663503226846,41784.92875938894,41760.623525695766,41732.72108016106,-8.0,-7.076842158876389,4.018104318791302,19.613546196895186,-2.0819049722340424
1080,41632.0,41702.942845483056,41673.590660652415,41756.54883474055,41726.875229196885,144.0,-10.303346555887401,135.64052789712514,58.19972641505228,-1.1020895043329801
1081,42096.0,41691.05681011507,42056.20981518319,41877.02297852587,41730.5169011524,176.0,-13.34519331390402,144.6429070751219,10.985633048258023,-14.632482986868126
1082,41984.0,41676.25245885525,41962.87647480266,41778.520100837064,41697.61026322315,-512.0,-16.058054605600773,-461.64802694724494,-201.2428272702782,-47.22612476809445
1083,41072.0,41658.94070090387,41132.9137612887,41474.537323985314,41636.06465161621,-224.0,-18.27479475376822,-213.4383161865553,-102.71411485908902,-33.342379026125855
1084,41536.0,41639.70286934771,41535.99984242955,41573.091871118886,41630.9255051709,432.0,-19.822796266882506,371.0863723890434,117.10048269301478,-0.39287118676656974
1085,41936.0,41619.295108370105,41875.086506066786,41708.738289371344,41635.278909242676,-8.0,-20.53852588913287,16.02372026854573,22.015562938126095,-10.682650466089399
1086,41520.0,41598.625817569446,41568.04728296664,41617.12299699514,41609.56020423872,-72.0,-20.29317031134633,-65.5669439686244,-43.0537938786365,-21.240694792024442
1087,41792.0,41578.70876774741,41743.95261812954,41622.63070161407,41592.79751965863,-192.0,-19.013571393908933,-185.56679668386278,-79.17694457403559,-26.72280859715829
1088,41136.0,41560.59867478163,41196.913689598914,41458.76910784707,41556.1145870444,56.0,-16.69780903746141,49.56685390989878,-2.4770398434666276,-15.677203262002877
1089,41904.0,41545.31314967249,41843.086325949334,41617.67662192714,41561.44311313462,152.0,-13.423821753447555,131.46397773510398,15.745825043639343,-11.799318253051752
1090,41440.0,41533.75103127473,41459.84164506912,41490.260757934346,41532.5159505383,-280.0,-9.34517038345075,-244.6982791241062,-102.28548502561898,-24.301365069408348
1091,41344.0,41526.62280890559,41353.68976770112,41413.1056518759,41512.840382995804,-56.0,-4.676082648467855,-57.70303886239344,-42.60228012049993,-11.233548392701778
1092,41328.0,41524.3988659778,41344.435567344335,41405.056197693346,41510.048853752895,88.0,0.33506232134459424,72.92363636488881,30.4786446641192,6.31091344473316
1093,41520.0,41527.29293354828,41499.5370404309,41474.06294120414,41525.46220988527,48.0,5.4227470867481316,52.78667524107004,46.03821411286117,15.686466626637412
1094,41424.0,41535.24436015129,41450.008917826475,41497.13262591907,41541.42178700617,88.0,10.323432175810012,80.51646652793352,59.63599767446067,21.83066647121086
1095,41696.0,41547.9397978999,41660.56997348677,41593.33493655306,41569.12354282769,24.0,14.798486456529645,33.41092309411397,44.869778910524474,21.35793296290649
1096,41472.0,41564.84133306435,41516.8307640147,41586.87218374012,41584.13765293198,96.0,18.636834910164907,86.61857100901398,50.97333905712003,20.620992750886217
1097,41888.0,41585.21346772023,41833.807115504795,41695.2816146673,41610.365528329465,56.0,21.655506950544805,39.80796860652117,12.050238260828337,12.346151813959295
1098,41584.0,41608.15234696544,41596.446701227746,41610.972660261774,41608.8299565599,-208.0,23.698353644060262,-175.12690813834342,-70.82262427463866,-0.2940739415716962
1099,41472.0,41632.61017500835,41483.55329922811,41553.63636611802,41609.77738044632,-64.0,24.64167730945337,-55.12690585910241,-16.51811108473703,7.83629290873796
1100,41456.0,41657.43570158435,41486.19288950954,41577.9364380923,41624.50254237738,192.0,24.401522022333666,169.64886083615056,85.26829102042757,23.150289049921412
1101,41856.0,41681.413219053014,41822.85102090041,41724.17294815888,41656.077958546164,168.0,22.947274679088878,154.8684128859095,80.32298414601973,21.57931409609955
1102,41792.0,41703.33025094253,41795.92971528136,41738.58240638434,41667.661170569576,-8.0,20.319333542112872,-7.272729212243576,-12.299338582372002,5.366270551887283
1103,41840.0,41722.05188613724,41808.30556247592,41699.57427099413,41666.81049964994,-280.0,16.6361587196443,-252.73643131392237,-109.22099989313938,-9.510145937136258
1104,41232.0,41736.602568381815,41290.456852653515,41520.14040659806,41648.6408786953,-136.0,12.116213310018793,-118.92435566673521,-35.36366109704613,2.662422980127303
1105,41568.0,41746.28431275728,41570.45685114245,41628.84694880004,41672.13534561019,352.0,7.044392031857569,307.31596413694206,139.13001660200098,28.701234195395955
1106,41936.0,41750.69135244553,41905.0887809274,41798.40043980206,41706.043347086095,168.0,1.7484325042387354,165.04412448618677,100.7537109030527,22.41016883021075
1107,41904.0,41749.781177765755,41900.545100114825,41830.35437060615,41716.955683270615,-24.0,-3.4049240768144955,-21.818180238464265,-4.8688838928392215,1.5601203480473487
1108,41888.0,41743.8815042919,41861.45242045047,41788.662672016384,41709.16358778219,-208.0,-8.077878546242573,-184.54041655758192,-91.36036258157037,-16.73391609931059
1109,41488.0,41733.62542067327,41531.46426699966,41647.633645443006,41683.487851071994,-112.0,-12.0024484605201,-99.95697930693495,-61.21220385187917,-15.901344156602136
1110,41664.0,41719.87660737086,41661.5384618366,41666.238264312626,41677.360899468986,160.0,-14.990296056887018,117.76650401994993,19.72375102593287,-5.458906629555713
1111,41808.0,41703.644828559496,41766.99727503956,41687.08114749487,41672.57003781288,-200.0,-16.94634395184039,-168.3123860077867,-39.616543070318585,-11.562359765459405
1112,41264.0,41685.98391946718,41324.91368982103,41587.00517817199,41654.23617993807,176.0,-17.862678792178485,166.04451741567755,61.42661976310774,1.177951122088416
1113,42160.0,41667.91947097514,42099.086309870916,41809.93438702109,41674.92594005706,184.0,-17.79885988885144,164.94672204885865,47.896402359645435,-3.5639428781578317
1114,41632.0,41650.38619968948,41654.807133918745,41682.79798289128,41647.10829418175,-296.0,-16.856372678546904,-260.3881381233332,-101.73741268417143,-27.062231166219135
1115,41568.0,41634.206725618045,41578.31003362425,41606.459561652744,41620.80147772462,0.0,-15.149312292214745,-24.94693217325039,-57.10864041215973,-23.66674257089835
1116,41632.0,41620.08757510505,41604.913269572244,41568.58070206696,41599.774809039955,-120.0,-12.792912312655972,-108.8304161907945,-69.58850855230776,-22.637928232670674
1117,41328.0,41608.62090099273,41360.64920124266,41467.28254454813,41575.52562125928,-104.0,-9.895676781448856,-81.01806211628718,-31.65688524476718,-11.872906717711885
1118,41424.0,41600.29622154215,41442.87714533967,41505.266931577426,41576.02899560453,208.0,-6.566637933265156,176.61367079537013,78.61785281800985,8.104824125479354
1119,41744.0,41595.4876251262,41713.8765428334,41624.51825018415,41591.73526951024,136.0,-2.940126213743497,120.38211166073233,59.51044369880037,8.09303738122253
1120,41696.0,41594.41596911466,41683.641368661134,41624.287818975026,41592.215070366976,-112.0,0.8205887825861282,-92.02833086658575,-36.08652172161237,-4.709445624917862
1121,41520.0,41597.128802691375,41529.81988110023,41552.34520674092,41582.3163782604,-112.0,4.5184339327825,-104.72208205975767,-55.770008863637486,-6.782873193551495
1122,41472.0,41603.45283698023,41474.19720454162,41512.74780124775,41578.64932397987,-56.0,7.927072501330258,-44.63665385050626,-19.22350486929281,1.6654119184604497
1123,41408.0,41612.982947694036,41440.54657339922,41513.89819700234,41585.64720209732,160.0,10.813778634790651,129.08223585369706,54.09949425574814,15.880238222322077
1124,41792.0,41625.08039424981,41732.36167624901,41620.94678975925,41610.40980042452,-48.0,12.9665992934315,-33.816465176689235,21.521987636537233,15.683088348414458
1125,41312.0,41638.9161462809,41372.91364304584,41556.94217227541,41617.01337879415,64.0,14.232900922193949,77.92407953093061,58.46646865387447,21.85424730934392
1126,41920.0,41653.5461960942,41888.209835310874,41737.879727067,41654.118295043205,296.0,14.540345636705752,250.9814205860348,89.87741832508254,23.810831001213955
1127,41904.0,41667.99683755431,41874.87648421791,41736.69700892558,41664.63504079658,-272.0,13.92028508850126,-236.8764923728013,-84.83421367863411,-1.4515022067971586
1128,41376.0,41681.3867662712,41414.45685056527,41568.21129970973,41651.21529062961,-216.0,12.49923883376323,-190.20981845692586,-72.38005936098125,0.3410143645123753
1129,41472.0,41692.99531522184,41494.456847304056,41591.936890203615,41665.317069525605,240.0,10.477786086990818,202.99048012504863,83.694035595694,23.76763237227351
1130,41856.0,41702.34233844518,41820.43781081537,41735.599370901116,41698.75055537416,144.0,8.110844516049838,137.4637707222064,83.46216614806326,25.571013617260178
1131,41760.0,41709.21700425394,41769.38438874847,41758.86122249974,41716.459096760125,-16.0,5.664127545649535,-4.131478324536147,22.692462848488503,15.53149622397541
1132,41824.0,41713.67059353648,41812.1748541663,41780.98429659809,41729.81354782211,-16.0,3.377946620410512,-16.33526375070869,0.615222397405887,8.645128453088546
1133,41728.0,41715.97289749476,41736.71386124705,41760.09166729455,41733.7493536663,-48.0,1.4360725253427518,-31.891686683993612,-4.846795656267204,4.223273527506535
1134,41728.0,41716.542738587166,41748.39148079831,41771.29070528556,41738.26009487712,144.0,-0.05525963045511162,113.63502354280354,32.844390633785224,5.023745954676997
1135,42016.0,41715.86237823385,41963.98390833266,41825.780448562124,41743.796845575656,-72.0,-1.0738870452623814,-67.64010718115242,-40.62003244236985,-8.07340702267902
1136,41584.0,41714.39496449664,41613.111266436004,41690.05064040082,41722.11328083176,-216.0,-1.662983791105944,-182.16423333785497,-82.7044879608984,-14.777900702309125
1137,41584.0,41712.536410651635,41599.65544165695,41660.37147264033,41714.24104417104,96.0,-1.906059638957231,64.82138350569221,8.506568559678271,-1.360184452172689
1138,41776.0,41710.58284521873,41742.75403344739,41707.063777520176,41719.39291192742,-40.0,-1.8978540300304303,-23.131240972626983,12.224193639929581,2.3215133527482976
1139,41504.0,41708.740702591575,41553.392959711695,41684.819859920186,41718.884070876535,136.0,-1.7040997102376423,126.91721215276993,68.16601236010683,10.235362492945569
1140,42048.0,41707.17464579825,41996.58845775293,41843.39580224039,41739.86363691331,128.0,-1.344180122265243,116.82429947592027,56.273843440398196,5.5727478824410355
1141,41760.0,41706.052342347044,41787.041558663535,41797.36754680098,41730.02956664142,-88.0,-0.7902640493957733,-74.3391057717381,-27.344482038915885,-11.332591939823033
1142,41872.0,41705.59411769946,41847.91024620945,41788.70683816256,41717.19845303366,-56.0,0.022317775768897263,-59.580081406831596,-50.30728955714949,-20.571190956070495
1143,41648.0,41706.09697789858,41667.88139584987,41696.75296768668,41688.887184729276,-80.0,1.1566648772350163,-80.62187111020103,-67.57738663252894,-26.266909067922825
1144,41712.0,41707.90744745393,41686.66650398905,41653.5520648975,41664.66463489782,-120.0,2.6334374264915823,-107.88237191554799,-72.42487034043006,-26.5893180865678
1145,41408.0,41711.363852751565,41452.116652018776,41551.90322700582,41635.70854855614,-8.0,4.399828632049321,-13.96659187640762,-29.697224388772156,-17.57065891387174
1146,41696.0,41716.70710471803,41658.733320236235,41594.157616119955,41629.523317070074,24.0,6.324655633554357,20.283269398623816,-8.666802825882769,-9.509065632562852
1147,41456.0,41724.013164018674,41492.683190816024,41534.56962135406,41616.690417291014,24.0,8.203545492804551,17.36582465990432,-20.303184088872513,-4.798378914507339
1148,41744.0,41733.11419570364,41693.464969556044,41553.55124794221,41619.92655924106,-248.0,9.781298765003157,-235.8847428022309,-76.24274944074205,-2.96753008790256
1149,40960.0,41743.57576154868,41020.91370521156,41382.084122472574,41610.75535711521,8.0,10.82707923993803,20.434774044388178,39.574935766650015,23.36656572990978
1150,41760.0,41754.768354183514,41734.33451764482,41632.70111947551,41666.65969070088,408.0,11.169732333150023,380.6672576487508,186.96755674068845,51.23731812071492
1151,41776.0,41765.91522621498,41782.248220509064,41756.01923595395,41713.22999335664,64.0,10.730337015946134,79.15480540958379,113.32773445541898,43.43180232359009
1152,41888.0,41776.229028215406,41892.64412846399,41859.35658838635,41753.52329534806,152.0,9.55252422871854,133.6165502748554,89.01564662557576,33.56946675882136
1153,42080.0,41785.02027467242,42049.481321058774,41934.0505292051,41780.36892687428,8.0,7.786938860168448,4.243797888644622,1.7192054213010124,11.864077869940957
1154,41904.0,41791.80290593574,41901.13172424128,41862.79499922895,41777.25145108794,-176.0,5.663623641459708,-162.69097561111994,-91.85803036167272,-9.454903231948265
1155,41728.0,41796.34752195534,41724.099369836535,41750.33446848176,41761.459120410385,-224.0,3.452531917417218,-196.53550522208025,-101.29329650631189,-14.119374657035223
1156,41456.0,41798.70796977058,41508.06071379712,41660.20840621633,41749.01270177387,88.0,1.4230101431603543,67.31868217687952,11.978140842729772,2.2042164521808445
1157,41904.0,41799.19354224166,41858.736734190294,41774.290750167216,41765.86755331475,112.0,-0.1911881850028294,101.30592211394105,49.22771903449757,9.948229206613178
1158,41680.0,41798.32559340057,41710.672558025,41758.66384428532,41768.9091601871,-8.0,-1.2231584501132602,5.298613959694194,23.705016260770208,7.487064881701372
1159,41888.0,41796.74722534143,41869.33396210968,41821.70078268876,41780.84168307815,80.0,-1.5930434845467971,65.33121463311181,29.887329747813055,6.574607044964068
1160,41840.0,41795.13950643148,41841.33498729122,41818.43850378095,41782.058374277025,-24.0,-1.3054445385787403,-21.324038362341525,-14.04302701733468,-1.6803900872764643
1161,41840.0,41794.13633626427,41826.685885385,41793.61472865409,41777.4809029036,-88.0,-0.4541140310866467,-81.21967498123195,-48.016410799817095,-7.703426228246826
1162,41664.0,41794.231278369305,41678.89563732876,41722.405682181314,41766.65152182053,-80.0,0.7865069189865608,-73.31206141244911,-42.006205382116605,-5.696804992039688
1163,41680.0,41795.70935010225,41680.0617625601,41709.602317889854,41766.08729291952,0.0,2.197709941832727,1.47493803184625,1.997794653463643,3.7401357449634816
1164,41664.0,41798.62669825297,41681.84551339245,41726.40127148824,41774.13179331046,104.0,3.5335423222313693,91.01131779461866,47.999589342507534,13.551090056462272
1165,41888.0,41802.77643474671,41862.08439814934,41805.60149657487,41793.18947303244,56.0,4.550297160112677,50.66087550358861,38.000973374066234,14.317153373605834
1166,41776.0,41807.727292573196,41783.16726439963,41802.40321823637,41802.76610005767,-64.0,5.0554721861335565,-43.08081175158077,10.00333077968753,10.914932028110343
1167,41760.0,41812.887379118976,41775.92277464618,41825.608158134244,41815.01933708866,72.0,4.925209292025102,72.36938347744945,56.00901896499272,15.00420388542625
1168,41920.0,41817.577711157246,41927.90603135453,41914.42125616636,41832.77450782852,216.0,4.100467043139361,191.51341348096685,86.0237261152979,13.393896131285146
1169,42192.0,41821.088313205255,42158.94960160811,41997.65561036484,41841.80712935123,80.0,2.604407798473403,65.79157829415999,-13.937840619095368,-8.47702200972708
1170,42080.0,41822.78652675419,42059.48918794285,41886.54557492817,41815.82046380907,-496.0,0.5252845354807505,-451.1890431428292,-218.90908079825385,-39.195642351711285
1171,41200.0,41822.13888227622,41256.57151532245,41559.83744876833,41763.41584464781,-280.0,-2.0078857195039745,-270.88552681633155,-135.71756895000726,-24.23382692886662
1172,41520.0,41818.770755315185,41517.718134310184,41615.110437028154,41767.352809951335,280.0,-4.822774296255375,249.73729053864008,102.82820677389464,16.304605801091384
1173,41760.0,41812.493333683706,41756.04609639973,41765.49386231612,41796.02505624999,216.0,-7.718384443556715,218.55844408820485,153.13035644603224,30.473499111154524
1174,41952.0,41803.33398642807,41954.83502248659,41921.37114992022,41828.299808173644,224.0,-10.473726597527275,212.96403851983632,140.56286256420208,26.089742332336755
1175,42208.0,41791.54588048865,42181.974173439405,42046.619587444526,41848.20454091467,112.0,-12.854843500230345,97.01001814985284,44.55823124656672,1.9149597867508419
1176,42176.0,41777.62429942761,42148.8550587863,42010.48761241335,41832.129727747146,-264.0,-14.625868278646522,-235.20936715276912,-118.88816882449464,-33.26832678015853
1177,41680.0,41762.29414393136,41711.55543913387,41808.84324979554,41781.66788735435,-224.0,-15.576764545367041,-213.15687755193358,-137.22273772005065,-45.37844602508267
1178,41728.0,41746.47077033688,41722.54130368243,41736.04213697325,41741.37283569698,0.0,-15.541736800601939,-16.30761703929602,-68.7800443356573,-39.62640987251507
1179,41680.0,41731.210670330154,41678.940205055274,41671.28316112422,41702.41506760932,-40.0,-14.419184610942466,-48.90007335076007,-69.11739528692124,-37.83701470719825
1180,41648.0,41717.63240111499,41624.74115698091,41597.80734639941,41665.698806282584,-192.0,-12.195870296374778,-170.49326316980296,-98.5721415251137,-35.83132101260708
1181,41296.0,41706.818929737405,41337.95367871567,41474.138878073994,41630.752425584105,-96.0,-8.955809843009774,-77.01908468689362,-34.59902928841257,-18.20875941927443
1182,41456.0,41699.72078142897,41470.702987607125,41528.60928782258,41629.281287444035,240.0,-4.879718407522887,206.2642469270977,90.775053659876,7.192926232131867
1183,41776.0,41697.05949292236,41750.482172569864,41655.68898539375,41645.13827804837,176.0,-0.24367355723734363,152.19004781207695,66.92419026803691,9.313904506754625
1184,41808.0,41699.2334343145,41775.08308323128,41662.45766835866,41647.909096457544,-256.0,4.5969293786765775,-212.78426648414097,-66.00248285576163,-5.233726767950429
1185,41264.0,41706.25335167971,41324.91363960158,41523.68401968222,41634.67082451247,32.0,9.227918352462439,18.00164264441264,-8.931638835318154,5.295269280548382
1186,41872.0,41717.68927101942,41811.086368520104,41644.59439068802,41658.49963501864,48.0,13.206708790625271,38.771590303131234,7.207566349807166,13.153792257104215
1187,41360.0,41732.66676926096,41402.456820207844,41538.09915238184,41660.97840902668,-184.0,16.103387043192924,-144.31476102139277,-17.445662115263985,17.52769445937156
1188,41504.0,41749.89604510581,41522.45684647732,41609.70306645749,41693.555023937384,304.0,17.55844497358339,257.19890707493323,124.45544730439724,42.05436610757533
1189,41968.0,41767.78365920813,41916.85463435771,41787.01004699063,41745.08714124183,80.0,17.346791419455258,93.75631125011205,86.81200402845934,40.38647436653264
1190,41664.0,41784.58962794472,41709.96946897754,41783.32707451441,41774.32797267045,8.0,15.429271293764032,22.962179507565452,55.98056478098442,34.75723006214321
1191,41984.0,41798.64220179566,41962.77899337284,41898.9711765526,41814.601601366114,184.0,11.988013896851044,146.70449125950472,73.12969031448665,31.80370876397501
1192,42032.0,41808.56565573842,42003.37845149655,41929.586455143384,41837.9353901984,-136.0,7.431373756266112,-102.5082843935379,-20.59149383752083,13.630558342199947
1193,41712.0,41813.50494930819,41757.762424585766,41857.78818887756,41841.862718050514,-16.0,2.3530127992635244,-16.803903981974145,1.0958281729581358,10.420463754642697
1194,42000.0,41813.27168133695,41969.7706435326,41931.7781114893,41858.776317707685,64.0,-2.5488527944144153,60.86143660987,39.87897835638796,9.852415542558447
1195,41840.0,41808.40724371936,41879.485297805506,41937.546145590335,41861.56754913563,144.0,-6.570190473332332,128.6579227742368,54.54110689619847,3.8696088847209467
1196,42288.0,41800.13130039028,42227.08648908108,42040.8603252817,41866.51553547713,32.0,-9.131977258530242,18.010573849020147,-20.25565766778527,-16.12623688464373
1197,41904.0,41790.1432892023,41915.506445503546,41897.034830254765,41829.31507536634,-280.0,-9.8832314590436,-250.54153270166353,-147.308079899547,-40.93470634246478
1198,41728.0,41780.364837472196,41726.00342367775,41746.2441654826,41784.6461227922,-208.0,-8.755414763523731,-199.4859034370602,-141.66858203086304,-41.83664643454176
1199,41488.0,41772.63245967525,41516.534638629426,41613.69766619304,41745.64178249726,-64.0,-5.995229671414563,-66.79559190117288,-69.6976661930421,-26.12225117006892
1200,41600.0,41768.37437812937,41592.412239875404,41606.84883309652,41732.40162045206,112.0,-4.258081545885943,75.87760124597844,-6.848833096519229,-13.240162045200123
