distance,Raw,Median+Gaussian,Huber MRF lambda=0.1,Huber MRF lambda=1,Huber MRF lambda=10,derivative:Raw,derivative:Median+Gaussian,derivative:Huber MRF lambda=0.1,derivative:Huber MRF lambda=1,derivative:Huber MRF lambda=10
0,44928.0,45086.960626035325,44967.17101093282,45092.278141781215,45154.04036791344,464.0,4.918127286931849,391.7101093282108,164.27814178120752,22.60403679133742
1,45392.0,45091.87875332226,45358.88112026103,45256.55628356242,45176.64440470478,264.0,7.3260605779978505,226.11571063337396,96.55628356242232,11.836257026581734
2,45456.0,45101.61274719132,45419.40243219957,45285.39070890606,45177.7128819666,-152.0,12.020036556830746,-122.4665270636142,-56.47022020332952,-12.845878639847797
3,45088.0,45115.91882643592,45113.9480661338,45143.61584315576,45150.95264742508,-176.0,16.364254658969003,-175.71403539676612,-113.96694417241815,-23.612602170265745
4,45104.0,45134.34125650926,45067.974361406035,45057.45682056122,45130.48767762607,-256.0,20.124212425092992,-226.10189769759745,-109.43061231392494,-19.14058591770663
5,44576.0,45156.167251286104,44661.74427073861,44924.75461852791,45112.67147558967,208.0,23.010926918213954,180.89155800621302,41.67510723065061,9.01737174308073
6,45520.0,45180.36311034569,45429.75747741846,45140.807035022524,45148.52242111223,72.0,24.71894916731617,60.70716871798504,26.455934005869494,17.277066578179074
7,44720.0,45205.60514962074,44783.15860817458,44977.66648653965,45147.22560874603,-288.0,24.998167622179608,-233.11269829744197,-34.307305213045765,20.064468071090232
8,44944.0,45230.359445590046,44963.53208082358,45072.19242459643,45188.65135725441,320.0,23.700469608127605,278.0338767668727,158.62215035500049,53.6583163711075
9,45360.0,45253.00608883699,45339.22636170832,45294.91078724965,45254.54224148824,280.0,20.831128948411788,271.82608942635125,190.17375627804722,60.617996308243164
10,45504.0,45272.02170348687,45507.18425967628,45452.53993715253,45309.8873498709,192.0,16.579660120987683,183.87919634933496,131.89911847914118,45.639475876203505
11,45744.0,45286.16540907897,45706.98475440699,45558.709024207936,45345.82119324065,24.0,11.289770903236786,14.724266765679204,13.52359915937268,16.024903031779104
12,45552.0,45294.60124529334,45536.63279320764,45479.58713547127,45341.93715593446,-296.0,5.41494225473798,-247.18799516114814,-115.32832100102314,-14.387179509467387
13,45152.0,45296.99529358844,45212.608764084696,45328.05238220589,45317.046834221714,8.0,-0.5554716690967325,-20.980208699467767,-63.508562162442104,-16.637980001658434
14,45568.0,45293.49030195515,45494.6723758087,45352.57001114639,45308.66119593114,-104.0,-6.163107091659185,-107.62211375865445,-83.19736548630681,-21.352578494017507
15,44944.0,45284.669079405125,44997.36453656739,45161.657651233276,45274.34167723368,-256.0,-11.022728143270797,-207.43755187822535,-82.08353429647104,-17.802434835775784
16,45056.0,45271.44484566861,45079.79727205225,45188.402942553446,45273.05632625959,232.0,-14.860477373233152,201.41909574614328,92.94676259689004,9.567465338892362
17,45408.0,45254.94812465866,45400.202728059674,45347.551176427056,45293.47660791146,328.0,-17.501982767444133,281.4190963057881,128.92382208713389,14.694112047443923
18,45712.0,45236.44088013372,45642.63546466383,45446.250586727714,45302.44455035448,-136.0,-18.85184237460271,-104.78756607898322,-34.175296335484745,-11.509830039263761
19,45136.0,45217.24443990945,45190.62759590171,45279.20058375609,45270.456947832936,-200.0,-18.873949833530787,-178.47226325128213,-95.44971109358085,-25.264755129890546
20,45312.0,45198.69298046666,45285.690938161264,45255.35116454055,45251.9150400947,-24.0,-17.58109780083396,-36.48196693412319,-52.17383694525415,-21.546155733507476
21,45088.0,45182.082244307785,45117.66366203346,45174.85290986558,45227.36463636592,-16.0,-15.0408398300533,-19.70896596050443,-37.071799742192525,-17.58217191047879
22,45280.0,45168.61130080655,45246.273006240255,45181.20756505617,45216.75069627374,-32.0,-11.388373409998167,-40.025624591911765,-43.04156228132342,-13.776405278495076
23,45024.0,45159.30549748779,45037.61241284964,45088.76978530293,45199.81182580893,-160.0,-6.8488989523248165,-140.5985291424331,-60.05288710176683,-8.148279174358322
24,44960.0,45154.9135029019,44965.07594795539,45061.101790852634,45200.45413792502,-64.0,-1.7308301603734435,-47.15672511728553,22.8829009760193,12.665019012336415
25,44896.0,45155.84383716704,44943.29896261507,45134.53558725497,45225.1418638336,520.0,3.5804729430019506,472.3407619560785,192.70159002981745,41.14481910026734
26,46000.0,45162.074448787906,45909.757471867546,45446.50497091227,45282.74377612556,24.0,8.675510317680164,30.014878321981087,35.22186911342942,21.739101098228275
27,44944.0,45173.1948578024,45003.32871925903,45204.97932548183,45268.62006603006,-424.0,13.186670924802456,-382.17710026622444,-111.03598268951828,2.1072932060051244
28,45152.0,45188.44779063751,45145.4032713351,45224.43300553323,45286.95836253757,120.0,16.81839253996077,109.09090875155016,55.67018281801211,25.086214634389762
29,45184.0,45206.831642882324,45221.51053676213,45316.31969111785,45318.79249529884,328.0,19.41263721785799,302.07106604882574,158.04653114355096,38.5737575262101
30,45808.0,45227.27306507323,45749.54540343275,45540.526067820334,45364.10587758999,232.0,20.955905335915304,197.35076702320293,90.4694106126517,23.11867617064854
31,45648.0,45248.743453554154,45616.212070808535,45497.258512343156,45365.02984764014,-368.0,21.5551785842581,-304.71919700587387,-118.6382993055995,-13.224537567843072
32,45072.0,45270.38342224174,45140.107009421,45303.249469209135,45337.6568024543,-128.0,21.40594499443978,-123.12379585819508,-78.38430852945748,-14.090205063119356
33,45392.0,45291.555343543034,45369.964479092145,45340.48989528424,45336.8494375139,160.0,20.737166449187498,119.67986513187134,11.48537371722341,-3.564893064711214
34,45392.0,45311.85775514012,45379.46673968474,45326.22021664358,45330.52701632488,-56.0,19.75588192797295,-53.16404098369094,-47.15957031886501,-9.396070372771646
35,45280.0,45331.06710739898,45263.63639712476,45246.17075464651,45318.057296768355,-224.0,18.60560885435916,-197.64835693616988,-96.96408467381116,-10.566854718108516
36,44944.0,45349.068972848836,44984.170025812404,45132.29204729596,45309.39330688866,-96.0,17.370388300929335,-78.61624225035484,-19.73268370257574,9.605675464739761
37,45088.0,45365.80788400084,45106.40391262405,45206.70538724136,45337.268647697834,232.0,16.08914322181954,214.25344993190083,133.76603356608393,40.33877319406747
38,45408.0,45381.247259292475,45412.676925676205,45399.82411442813,45390.0708532768,368.0,14.758841202597978,329.6576414331794,189.03078440083482,51.905748242799746
39,45824.0,45395.325566406034,45765.71919549041,45584.76695604303,45441.080144183434,56.0,13.388913502585638,61.63824726625171,65.32631963640961,31.863298115807993
40,45520.0,45408.025086297646,45535.95342020871,45530.47675370095,45453.79744950841,-176.0,12.019170853887772,-149.9986742381734,-49.051825491605996,9.40717780039995
41,45472.0,45419.36390811381,45465.721847014065,45486.66330505982,45459.89449978423,-120.0,10.700955742773658,-101.62233812432896,-36.48179611122032,5.491775265032629
42,45280.0,45429.426997783194,45332.70874396005,45457.513161478506,45464.78100003848,144.0,9.491326937819395,130.5306167462295,59.6064371579414,14.125550256168935
43,45760.0,45438.34656198945,45726.783080506524,45605.8761793757,45488.14560029657,280.0,8.420896040559455,227.98973907908294,71.30110758504816,9.771880272925046
44,45840.0,45446.26878986431,45788.68822211822,45600.1153766486,45484.32476058433,-296.0,7.468684464038233,-260.8309084713874,-125.70311440279693,-21.604601683033252
45,45168.0,45453.283930917525,45205.12126356375,45354.46995057011,45444.936396930505,-384.0,6.5480809958826285,-331.7834800615419,-152.41045079344258,-25.541543807292328
46,45072.0,45459.36495185608,45125.12126199513,45295.29447506172,45433.24167296974,248.0,5.534722263942967,192.2951524612181,52.47176202246919,6.367359687723365
47,45664.0,45464.35337544541,45589.711568486186,45459.413474615045,45457.67111630595,80.0,4.295090922125382,86.45930486781799,61.82573686084652,14.112999151504482
48,45232.0,45467.95513370033,45298.03987173077,45418.94594878341,45461.46767127275,24.0,2.7392301162544754,38.52766189844624,53.00544856007036,15.269938530440413
49,45712.0,45469.83183567792,45666.76689228308,45565.424371735186,45488.21099336683,176.0,0.8637386532718665,142.56148196770664,73.19060881936821,15.553871762422204
50,45584.0,45469.68261100687,45583.16283566618,45565.32716642215,45492.5754147976,-128.0,-1.238510521077842,-87.7898782859993,-9.4336221019621,-0.20680782935596653
51,45456.0,45467.354814635764,45491.18713571108,45546.55712753126,45487.79737770812,104.0,-3.3854630222995183,83.95997860030184,26.50852487474549,-3.1881682040730084
52,45792.0,45462.91168496227,45751.082792866786,45618.34421617164,45486.19907838945,88.0,-5.346247059136658,55.3096214896359,-15.040803273805068,-16.888345399194804
53,45632.0,45456.66232051749,45601.80637869035,45516.47552098365,45454.02068690973,-352.0,-6.912702301669924,-305.62312245864814,-159.63093469616433,-41.07735713423244
54,45088.0,45449.08628035893,45139.83654794949,45299.08234677931,45404.044364120986,-224.0,-7.959539455601771,-197.4084892594292,-111.85200081468793,-34.1741045826966
55,45184.0,45440.74324160629,45206.98940017149,45292.771519354275,45385.67247774434,232.0,-8.466587611390423,182.09985307948227,48.07493225210783,-8.288262489433691
56,45552.0,45432.15310513615,45504.036254108454,45395.232211283525,45387.46783914212,64.0,-8.525660534651252,57.22812447923934,24.076797571004136,-6.431246645108331
57,45312.0,45423.691920536985,45321.44564912997,45340.925114496284,45372.80998445412,-176.0,-8.313277159584686,-135.36235932862837,-39.844539539091784,-11.617355465295987
58,45200.0,45415.52655081698,45233.3115354512,45315.54313220534,45364.23312821153,96.0,-8.024820893442666,78.42356357723475,32.38958381172415,-0.36519983201651485
59,45504.0,45407.6422787501,45478.29277628444,45405.70428211973,45372.07958479009,152.0,-7.807054324977798,116.44512225543804,41.01329097425696,1.2504358180667623
60,45504.0,45399.91244216703,45466.20177996207,45397.569714153855,45366.73399984766,-256.0,-7.715065150485316,-201.08209651200377,-61.34971088894599,-12.208884950046922
61,44992.0,45392.21214844913,45076.12858326043,45283.00486034184,45347.661814889994,96.0,-7.690862170591572,84.17425289711173,30.937576358905062,-1.2890942131634802
62,45696.0,45384.530717825844,45634.5502857563,45459.444866871665,45364.15581142133,248.0,-7.579450381461356,197.5685979807604,58.1624399656539,-0.09821289759565843
63,45488.0,45377.053247686206,45471.265779221954,45399.32974027315,45347.4653890948,-304.0,-7.175256530055776,-246.95561042455665,-104.45025646194699,-23.717152871791768
64,45088.0,45370.18020476573,45140.63906490718,45250.54435394777,45316.72150567775,-48.0,-6.2919606307805225,-67.43138977886338,-67.5132093514876,-19.307808133162325
65,45392.0,45364.469326424645,45336.40299966423,45264.30332157017,45308.84977282848,-96.0,-4.8293159823078895,-82.2210669218257,-50.08937159251218,-12.029244207849842
66,44896.0,45360.52157280112,44976.19693106353,45150.36561076275,45292.66301726205,48.0,-2.7891044898715336,40.77858671697686,13.245094573947426,3.6463952966732904
67,45488.0,45358.8911174449,45417.96017309818,45290.79351071807,45316.142563421825,112.0,-0.3057664981133712,91.56410752557349,41.8246553143581,14.886674330868118
68,45120.0,45359.91003980489,45159.32514611468,45234.01492139146,45322.436365923786,-88.0,2.3720748375853873,-62.00929641010589,0.228871369126864,16.415620798146847
69,45312.0,45363.63526712007,45293.94158027797,45291.25125345632,45348.97380501812,56.0,4.960686989405076,44.32433555312673,46.86195879301886,28.386129345242807
70,45232.0,45369.8314137837,45247.97381722093,45327.7388389775,45379.20862461427,8.0,7.172204634152877,33.90132304761573,84.35700500992971,37.595250826863776
71,45328.0,45377.97967638838,45361.7442263732,45459.96526347618,45424.164306671846,464.0,8.783095541177318,410.8918156817781,198.20905623676663,49.76389739117076
72,46160.0,45387.397604866055,46069.75744858449,45724.156951451034,45478.73641939661,128.0,9.676789161148918,111.12791611847933,46.270163700373814,20.508933694592997
73,45584.0,45397.33325471068,45584.00005861016,45552.50559087693,45465.18217406103,-568.0,9.837390057818993,-477.7574964382002,-187.39856513564519,-19.495136632525828
74,45024.0,45407.07238498169,45114.24245570809,45349.35982117974,45439.74614613156,24.0,9.335598287845642,-7.353644056162011,-40.46585910730937,-4.64872062289578
75,45632.0,45416.00445128637,45569.292770497836,45471.57387266231,45455.88473281524,176.0,8.293314284492226,139.59516083988274,42.000987813717074,7.33282332444287
76,45376.0,45423.65901355068,45393.432777387854,45433.36179680718,45454.41179278045,-128.0,6.829830907070573,-88.69610617070066,-9.531177451539406,2.4476496042298095
77,45376.0,45429.66411310051,45391.900558156434,45452.51151775923,45460.7800320237,72.0,5.01620602690673,77.97057155076254,57.40547983166107,10.60724084443791
78,45520.0,45433.69142560449,45549.37392048938,45548.1727564705,45475.62627446932,376.0,2.862603527162719,322.92846175152226,109.74761694652625,12.627556169089075
79,46128.0,45435.389320154834,46037.75748165948,45672.00675165228,45486.03514436188,-288.0,0.3200767892303702,-261.36099456824013,-104.16262899207868,-21.689372889351944
80,44944.0,45434.33157918295,45026.6519313529,45339.84749848634,45432.24752869062,-344.0,-2.7109694076243613,-317.8994264780158,-134.23550392276593,-29.375239236724155
81,45440.0,45429.967381339586,45401.95862870345,45403.53574380675,45427.28466588843,216.0,-6.320257018163829,185.0998408677733,45.45611722378089,-5.598629507770966
82,45376.0,45421.691065146624,45396.851613088445,45430.759732933904,45421.05026967508,88.0,-10.528509116367786,99.1510498272255,54.60385559410133,-3.981882729600329
83,45616.0,45408.91036310685,45600.2607283579,45512.743454994954,45419.32090042923,160.0,-15.257625618603925,124.71275705893277,30.35544955853038,-11.563324224385724
84,45696.0,45391.175813909416,45646.27712720631,45491.470632050965,45397.923621226306,-344.0,-20.292723310780275,-291.00914924970493,-123.53750691850291,-36.3010981416046
85,44928.0,45368.32491648529,45018.24242985849,45265.66844115795,45346.71870414602,-32.0,-25.282137668797077,-52.25976315034859,-56.967970314050035,-30.26898187298866
86,45632.0,45340.61153857182,45541.757600905614,45377.534691422865,45337.38565748033,40.0,-29.767735039167746,30.392011386367813,-15.366404023647192,-24.06376379167341
87,45008.0,45308.789446406954,45079.026452631224,45234.935633110654,45298.59117656267,-136.0,-33.24284377400545,-101.83932170480693,-29.131241756884265,-24.26492208952186
88,45360.0,45274.12585102381,45338.078957496,45319.272207909096,45288.855813301285,168.0,-35.216153657471295,149.44729234478655,63.9726787529944,-13.292572596325044
89,45344.0,45238.35713909201,45377.9210373208,45362.88099061664,45272.00603137002,240.0,-35.297088210922084,209.44726642876412,53.04927801586382,-20.44948036276037
90,45840.0,45203.53167460197,45756.97349035353,45425.370763940824,45247.956852575764,-256.0,-33.27163684462357,-250.81699966925225,-144.82484470540658,-53.65133616546882
91,44832.0,45171.813865402764,44876.28703798229,45073.23130120583,45164.703359039086,-488.0,-29.146265707437124,-444.51435799016326,-231.52381213207627,-66.61832558472452
92,44864.0,45145.23914318709,44867.9447743732,44962.32313967667,45114.720201406315,32.0,-23.171246765694377,11.381608256928303,-61.746591690818605,-37.44714756245594
93,44896.0,45125.471371871376,44899.05025449615,44949.73811782419,45089.809063914174,40.0,-15.825698793418269,46.35675260370772,14.284037059609545,-15.220684296433319
94,44944.0,45113.587745600256,44960.65827958062,44990.89121379589,45084.27883281345,168.0,-7.762462415121263,144.89942298754977,64.59870286964724,1.483710539949243
95,45232.0,45109.94644704113,45188.84910047125,45078.93552356349,45092.77648499407,8.0,0.2701193768334633,12.436323246856773,11.512071549339453,1.5364764303267293
96,44960.0,45114.12798435392,44985.53092607433,45013.91535689457,45087.3517856741,-80.0,7.5179631474129565,-75.66354402524667,-38.06248822163252,0.9428899637314316
97,45072.0,45124.98237333596,45037.522012420755,45002.81054712022,45094.662264921535,-136.0,13.32888827228453,-120.39885154978401,-45.69953621424065,8.443592493513279
98,44688.0,45140.78576089849,44744.73322297476,44922.51628446609,45104.23897066113,-32.0,17.24368749522546,-9.122674572201504,36.9638795789142,30.388654272650456
99,45008.0,45159.46974832641,45019.27666327635,45076.73830627805,45155.439573466836,376.0,19.044196163671586,330.9267566833623,188.5911749509869,58.572581479049404
100,45440.0,45178.874153225835,45406.58673634149,45299.69863436806,45221.38413361923,232.0,18.779706088873354,220.24375477254944,152.80964527404285,55.0137668333482
101,45472.0,45197.02916050416,45459.76417282145,45382.357596826136,45265.46710713353,-24.0,16.747914004943596,-8.001699412787275,37.83776087114529,33.75632887098618
102,45392.0,45212.36998123572,45390.58333751591,45375.37415611035,45288.8967913612,-88.0,13.434446875013236,-76.26414772595672,-15.296362660610612,18.274523795727873
103,45296.0,45223.89805425418,45307.23587736954,45351.764871504914,45302.01615472499,-48.0,9.432470185816783,-27.168073298667878,4.2731511470155965,13.420171100035077
104,45296.0,45231.234921607356,45336.24719091858,45383.920458404384,45315.73713356127,280.0,5.339880326122511,230.24726814190217,76.11581610166468,14.707835514345788
105,45856.0,45234.57781490643,45767.73041365334,45503.996503708244,45331.43182575368,-112.0,1.6755825561995152,-107.36218171919973,-55.925702842021565,-10.533716519905283
106,45072.0,45234.586086719755,45121.52282748018,45272.06905272034,45294.66970052146,-360.0,-1.1864487407037814,-301.0959760516016,-131.89292462772937,-25.628640206148702
107,45136.0,45232.20491742502,45165.53846155014,45240.210654452785,45280.17454534138,256.0,-3.054504329491465,191.70794182067766,20.24692895883345,-7.286427913004445
108,45584.0,45228.47707806077,45504.93871112153,45312.56291063801,45280.09684469545,-152.0,-3.9025034141632204,-130.22375237273081,-63.36628849577755,-15.272858411160996
109,44832.0,45224.399910596694,44905.09095680468,45113.47807746123,45249.62882851906,-184.0,-3.8400557483837474,-160.0754127417058,-58.345794446158834,-9.586574750439468
110,45216.0,45220.796966564005,45184.78788563812,45195.87132174569,45260.92369519457,136.0,-3.0660721282474697,123.63635702405736,72.32890515730833,13.54105143524066
111,45104.0,45218.2677663402,45152.36367085279,45258.13588777585,45276.71093138954,312.0,-1.8117672567495902,282.4848106256577,139.33250991807654,24.42278276444995
112,45840.0,45217.173432050506,45749.75750688944,45474.53634158184,45309.76926072347,64.0,-0.31202503811073257,59.04110746006336,33.66862459692129,6.546792370099865
113,45232.0,45217.64371626398,45270.44588577292,45325.47313696969,45289.80451612974,-336.0,1.2324955068179406,-273.0326003751652,-102.32663612731267,-17.074518787241686
114,45168.0,45219.63842306414,45203.692306139106,45269.88306932722,45275.62022314899,168.0,2.6678810473640624,111.70795106171863,-4.6485329788592935,-8.803281823304133
115,45568.0,45222.979478358706,45493.861787896356,45316.17607101197,45272.19795248313,-152.0,3.8787271048458933,-138.09202982098213,-79.61896280926157,-18.212373041696992
116,44864.0,45227.39587727383,44927.50824649714,45110.645143708694,45239.195477065594,-224.0,4.793370987466915,-191.241857853478,-82.20835544892543,-14.242701564260642
117,45120.0,45232.56622033364,45111.3780721894,45151.75936011412,45243.71254935461,168.0,5.383635398015031,140.76018663924333,56.993896462478006,10.702699756748189
118,45200.0,45238.16314806986,45209.02861977563,45224.63293663365,45260.60087657909,152.0,5.670450286143023,142.79364646437898,85.19004483636309,19.918371053430747
119,45424.0,45243.907120905926,45396.96536511816,45322.139449786846,45283.54929146147,56.0,5.725626082486997,52.76357093331171,46.57623804661125,15.925879455458926
120,45312.0,45249.61440023484,45314.55576164225,45317.78541272687,45292.45263549001,-96.0,5.664735641035804,-69.63079526464935,-1.4613306965293305,7.925975803034817
121,45232.0,45255.236592188,45257.70377458886,45319.21678839379,45299.40124306754,72.0,5.633403726693359,71.66688589091063,45.03976986380076,10.318669730913825
122,45456.0,45260.881207688224,45457.88953342407,45407.864952454474,45313.089974951836,256.0,5.768225317649922,209.63342595557697,64.58064028792796,6.543230631883489
123,45744.0,45266.7730428233,45676.97062650001,45448.37806896964,45312.48770433131,-248.0,6.162229396275507,-218.4734063856704,-107.29784900000595,-22.1778854039585
124,44960.0,45273.205666480775,45020.94272065273,45193.26925445446,45268.73420414392,-264.0,6.835945378988981,-248.90667062192733,-138.4741872879531,-28.316789980199246
125,45216.0,45280.444933581275,45179.15728525616,45171.42969439374,45255.85412437091,-24.0,7.711878103869822,-25.99900911579607,-44.12471286385335,-10.887373554458463
126,44912.0,45288.629422688515,44968.94470242114,45105.019828726756,45246.959457035,80.0,8.624052359373309,74.51092927070567,30.100048696396698,7.853305515840475
127,45376.0,45297.69303830002,45328.17914379757,45231.62979178653,45271.56073540259,152.0,9.33625917315294,120.13016036428235,54.4248589530398,19.37931513771764
128,45216.0,45307.30194103482,45209.205023149705,45213.869546632835,45285.71808731044,-208.0,9.585062938549527,-152.9490048993248,-18.825471837273653,17.643256273368024
129,44960.0,45316.86316417712,45022.28113399892,45193.97884811198,45306.84724794933,128.0,9.14345165431223,124.48178084382016,97.09872553513196,38.47152303635812
130,45472.0,45325.588844343445,45458.168584837345,45408.0669977031,45362.66113338315,432.0,7.870105073834566,366.73037502513034,182.12164844267318,50.34694210298403
131,45824.0,45332.60337432479,45755.74188404918,45558.22214499733,45407.5411321553,-72.0,5.752839841879904,-43.717280542245135,17.26621979288757,24.05705537990798
132,45328.0,45337.094524027205,45370.734023752855,45442.599437288874,45410.77524414297,-200.0,2.9295689736791246,-171.33774153203558,-58.32298906401411,7.372874194817996
133,45424.0,45338.46251227215,45413.06640098511,45441.5761668693,45422.28688054493,-16.0,-0.31702226352717844,-12.335617842185457,7.7648130150773795,11.425980429212359
134,45296.0,45336.46047950015,45346.062788068484,45458.12906331903,45433.627205001394,200.0,-3.586667038496671,183.31032742577736,97.61742810924625,18.22168470653196
135,45824.0,45331.289178195155,45779.687055836665,45636.811023087794,45458.730249958,256.0,-6.411050157585123,212.05954695152468,85.08747131265773,6.839557454502938
136,45808.0,45323.63837918498,45770.18188197153,45628.304005944345,45447.3063199104,-240.0,-8.321509279241582,-198.59576400747756,-98.35501417127307,-29.45861405208052
137,45344.0,45314.64615963667,45382.49552782171,45440.10099474525,45399.813021853835,-200.0,-8.920391499552352,-195.20871504127354,-140.15251382646966,-44.70264696386948
138,45408.0,45305.797596185876,45379.76445188899,45347.998978291405,45357.90102598266,-144.0,-7.947407333245792,-143.90881648780123,-122.10252730814318,-44.41694457203994
139,45056.0,45298.75134497018,45094.67789484611,45195.89594012896,45310.979132709756,-96.0,-5.3234647337085335,-91.69708281235944,-82.15506809796716,-34.17293663742021
140,45216.0,45295.15066671846,45196.37028626427,45183.68884209547,45289.55515270782,24.0,-1.1821436896716477,3.5438227394806745,-28.362676985751023,-17.746222366546135
141,45104.0,45296.38705759084,45101.76554032507,45139.17058615746,45275.48668797666,-144.0,4.13698852771995,-105.77704431386883,-26.932962859278632,-5.49413033232122
142,44928.0,45303.4246437739,44984.81619763653,45129.822916376914,45278.56689204318,240.0,10.134695587617898,202.1630929589155,91.56378840790785,20.608548668675212
143,45584.0,45316.65644876607,45506.0917262429,45322.298162973275,45316.703785314014,104.0,16.198940378621046,96.7027123560838,61.62432808299491,24.772082536532253
144,45136.0,45335.82252453114,45178.2216223487,45253.0715725429,45328.11105711624,-160.0,21.686982862982404,-116.76199215072484,-10.690804158915853,21.01282465804252
145,45264.0,45360.03041449204,45272.56774194145,45300.91655465544,45358.7294346301,184.0,26.013164983400202,137.18482930000027,66.30325944025753,35.35484924536286
146,45504.0,45387.84885449794,45452.5912809487,45385.67809142342,45398.82075560697,-112.0,28.714539932261687,-77.02005624926824,25.600582479688455,34.83235875721948
147,45040.0,45417.45949435656,45118.52762944291,45352.11771961482,45428.39415214454,224.0,29.500957611380727,213.1506875709856,122.49848799881147,48.993104144792596
148,45952.0,45446.8507697207,45878.89265609067,45630.67506742104,45496.80696389655,272.0,28.28357457837774,240.25211523888356,117.89488151674232,45.653159946843516
149,45584.0,45474.026643513316,45599.03185992068,45587.907482648305,45519.700472038225,-256.0,25.177312232990516,-204.7014965665876,-40.81384344858452,19.678531743586063
150,45440.0,45497.20539418668,45469.489662957494,45549.04738052387,45536.164027383726,32.0,20.4804865386468,17.906117824262765,15.663588137507759,21.27175671468285
151,45648.0,45514.98761659061,45634.844095569206,45619.23465892332,45562.24398546759,112.0,14.632451462963218,99.57491045774441,55.80460786110416,21.792157357245742
152,45664.0,45526.47029711261,45668.63948387298,45660.65659624608,45579.74834209822,56.0,8.16618455020216,56.99280766869924,39.75023544580108,13.2917737355383
153,45760.0,45531.319985691014,45748.829710906604,45698.73512981492,45588.82753293867,32.0,1.6542587999647367,24.338781566639227,7.446098476299085,0.5205674873832322
154,45728.0,45529.77881471254,45717.31704700626,45675.54879319868,45580.78947707298,-96.0,-4.351708841062646,-84.9274288690358,-49.41194001690019,-15.39858201203242
155,45568.0,45522.61656800889,45578.97485316853,45599.91124978112,45558.0303689146,-80.0,-9.370571119434317,-83.46792799506875,-59.68191852699965,-23.25758971265168
156,45568.0,45511.03767247367,45550.381191016124,45556.18495614468,45534.27429764768,-144.0,-13.041155572980642,-116.68770707179647,-49.633815564102406,-25.4423563845412
157,45280.0,45496.53425686293,45345.59943902494,45500.64361865292,45507.14565614552,208.0,-15.157875716096896,183.5821058925576,54.780471834692435,-15.7713586948812
158,45984.0,45480.72192104148,45917.54540280124,45665.745899814065,45502.73158025792,224.0,-15.694282291755371,179.30631502343022,5.975231068183348,-28.47749687470423
159,45728.0,45465.14569227942,45704.2120690718,45512.594080789284,45450.19066239611,-640.0,-14.797434612130019,-564.0895190636948,-260.8547786301424,-66.43138474200532
160,44704.0,45451.12705181722,44789.36636467385,45144.03634255378,45369.86881077391,-256.0,-12.7604605495726,-256.197350335442,-148.5395669586178,-47.02841108350549
161,45216.0,45439.62477118027,45191.817368400916,45215.51494687205,45356.1338402291,344.0,-9.974482282963436,281.5378457316365,71.23607775429264,-6.728278533355478
162,45392.0,45431.17808725129,45352.44205613712,45286.508498062365,45356.412253707196,-80.0,-6.860163743429439,-37.16503157817351,18.247800221502985,-1.500973836540652
163,45056.0,45425.90444369341,45117.48730524457,45252.010547315054,45353.13189255602,72.0,-3.7950738426407042,72.48177533031048,63.507322910219955,11.576233476618654
164,45536.0,45423.58793956601,45497.40560679774,45413.523143882805,45379.56472066043,216.0,-1.0670997153756616,186.94633554189204,100.2741685091496,18.611064137439826
165,45488.0,45423.77024426266,45491.37997632835,45452.55888433335,45390.3540208309,0.0,1.165244321557111,10.874251172375807,21.31518261722158,5.907001212010073
166,45536.0,45425.91842820912,45519.154109142495,45456.15350911725,45391.378723084454,-64.0,2.8891001653428248,-56.455321473382355,-36.328620657477586,-6.206361592219764
167,45360.0,45429.54844459335,45378.46933338159,45379.9016430184,45377.94129764646,-32.0,4.199111007783358,-48.33810885297862,-66.3010445896507,-12.540360555674852
168,45472.0,45434.31665022469,45422.47789143654,45323.55141993795,45366.298001973104,-312.0,5.26711446599802,-276.11341498645925,-130.57451311147815,-16.928395574697788
169,44736.0,45440.08267352534,44826.24250340867,45118.75261679544,45344.08450649706,-24.0,6.283050847298,-32.03946622998774,-13.4224947447874,8.190729848811316
170,45424.0,45446.882751919286,45358.39895897656,45296.70643044837,45382.67946167073,176.0,7.400494223675196,163.679275920269,114.30702887711595,36.52892825719755
171,45088.0,45454.88366197269,45153.60105524921,45347.366674549674,45417.14236301146,248.0,8.70141635204709,259.1621699072057,180.3435813761389,50.92001949130645
172,45920.0,45464.28558462338,45876.723298790974,45657.39359320065,45484.51950065334,424.0,10.154778178544802,370.78394010810007,178.72371525130438,45.60311267454745
173,45936.0,45475.19321832978,45895.16893546541,45704.81410505228,45508.34858836055,-216.0,11.616282998213137,-185.7096859985395,-68.17243562222575,2.446517125245009
174,45488.0,45487.518150619806,45505.303926793895,45521.0487219562,45489.41253490383,-328.0,12.854566698821145,-303.34537470204305,-167.24102211798527,-18.865426711534383
175,45280.0,45500.902351727425,45288.47818606132,45370.33206081631,45470.617734937485,-184.0,13.580314307771914,-174.4348104259625,-105.55063073172641,-9.263913219470851
176,45120.0,45514.67877923535,45156.43430594197,45309.947460492745,45470.88470846489,48.0,13.50082199559256,50.127649590489455,34.58912992280602,17.811208950646687
177,45376.0,45527.90399571861,45388.7334852423,45439.510320661924,45506.24015283878,336.0,12.39548379005646,295.9666055118396,161.31802050014085,41.86745201582744
178,45792.0,45539.46974681546,45748.36751696565,45632.58350149303,45554.61961249654,136.0,10.181913618409453,141.47161655158925,113.36493157761652,36.51044028259639
179,45648.0,45548.26782295543,45671.67671834548,45666.24018381716,45579.26103340397,48.0,6.971215409907018,41.69279310721322,42.776774232705066,21.204472577624983
180,45888.0,45553.41217763528,45831.753103180075,45718.13704995844,45597.02855765179,-152.0,3.0649893172449083,-121.15809926501606,-33.03460887949768,3.218952130409889
181,45344.0,45554.39780158992,45429.36051981545,45600.17096605816,45585.69893766479,40.0,-1.0527868628014403,36.24363602832091,10.119399128809164,0.755326896236511
182,45968.0,45551.306603909674,45904.24037523672,45738.375848216056,45598.539211444266,200.0,-4.7845015887287445,144.2481112891437,23.392806265917898,-5.632765648308123
183,45744.0,45544.82879841246,45717.856742393735,45646.95657859,45574.433406368174,-384.0,-7.5441721931238135,-317.0999208743124,-139.94098033106275,-32.58413475768248
184,45200.0,45536.218259523426,45270.04053348809,45458.49388755393,45533.3709419289,-112.0,-8.855218180975498,-97.6135414652017,-59.21574725909886,-24.39391734282981
185,45520.0,45527.11836205051,45522.62965946333,45528.5250840718,45525.645571682515,336.0,-8.456645693713654,265.7374232919101,74.29373855376616,-7.4430916622623045
186,45872.0,45519.304968136,45801.51538007191,45607.08136466146,45518.484758604376,-88.0,-6.369072142613732,-73.53737903183719,-53.903037079602655,-24.836575147917756
187,45344.0,45514.38021776528,45375.55490139966,45420.719009912595,45475.97242138668,-304.0,-2.9010015917083365,-268.1859716739782,-148.0028497925705,-35.913716148363164
188,45264.0,45513.50296495258,45265.143436723956,45311.07566507632,45446.65732630765,-88.0,1.4120173193550727,-104.69428105591578,-86.1055122981088,-20.18222876364962
189,45168.0,45517.20425240399,45166.166339287825,45248.50798531638,45435.60796385938,-136.0,5.897507039138873,-108.1454009970148,-22.31368710175957,2.3310357447044225
190,44992.0,45525.29797903086,45048.85263472993,45266.4482908728,45451.31939779706,336.0,9.873631043574278,300.9686452636779,155.1644509928301,38.677403827528906
191,45840.0,45536.95151449114,45768.10362981518,45558.83688730204,45512.96277151444,224.0,12.7770276097217,225.74996798920984,151.80704008025714,45.29151229310082
192,45440.0,45550.8520342503,45500.352570708346,45570.06237103332,45541.90242238326,16.0,14.243327207310358,34.01179443488945,76.25666924793404,34.03477198798646
193,45872.0,45565.43816890576,45836.12721868496,45711.350225797905,45581.03231549041,208.0,14.154183000609919,156.41074140139244,60.96296766354499,24.581508881667105
194,45856.0,45579.16040025152,45813.17405351113,45691.98830636041,45591.065440146594,-312.0,12.624625445467245,-257.56837437781724,-101.3677662572918,-3.213603336480446
195,45248.0,45590.6874197967,45320.990469929326,45508.61469328332,45574.60510881745,-112.0,9.946563563564268,-106.74575717551488,-53.06626643542768,-0.13007588827531436
196,45632.0,45599.05352737865,45599.6825391601,45585.85577348955,45590.805288370044,136.0,6.521340131661418,117.10476503129394,54.16896695100513,14.140443971093191
197,45520.0,45603.73010006002,45555.19999999191,45616.95262718533,45602.885996759636,128.0,2.788509291338414,131.51746079137592,79.57316728844671,16.225008227578655
198,45888.0,45604.63054596133,45862.71746074285,45745.002108066445,45623.2553048252,224.0,-0.8408485073850898,181.10476446520988,56.550534914335,7.132073306824168
199,45968.0,45602.04840304525,45917.40952892233,45730.053697014,45617.150143373285,-376.0,-4.020133900332439,-324.15141681704335,-133.92156254543806,-23.64765428325336
200,45136.0,45596.590278160664,45214.41462710877,45477.15898297557,45575.959996258694,-208.0,-6.500136668255436,-185.0306366615514,-82.31522255065647,-19.192147301655496
201,45552.0,45589.04812970874,45547.34825559923,45565.42325191269,45578.765848769974,384.0,-8.145964084047591,309.6749064866126,94.97589489347229,4.144144949779729
202,45904.0,45580.29834999257,45833.76444008199,45667.11077276251,45584.248286158254,-96.0,-8.936738942196826,-64.76161510728343,-16.75709276892303,-10.5051483038078
203,45360.0,45571.174651824345,45417.82502538466,45531.90906637484,45557.75555216236,-160.0,-8.967767386617197,-126.81428777399924,-49.24717320024865,-16.604956387778657
204,45584.0,45562.362815219334,45580.13586453399,45568.616426362016,45551.0383733827,192.0,-8.443167711524438,142.990161819278,29.01557316818071,-8.365260110524105
205,45744.0,45554.2883164013,45703.80534902322,45589.940212711204,45541.02503194131,-88.0,-7.632237431491376,-77.30377039466111,-55.70610729520922,-20.1620898443216
206,45408.0,45547.09834035635,45425.52832374467,45457.2042117716,45510.71419369405,-200.0,-6.829871077061398,-190.63540655520774,-108.13389505380837,-25.175128562557802
207,45344.0,45540.628574247174,45322.534535912804,45373.67242260359,45490.674774816194,-240.0,-6.3113898375413555,-210.32110826783537,-68.69557786621226,-12.70568013704542
208,44928.0,45534.47556068127,45004.886107209,45319.81305603917,45485.30283341996,312.0,-6.2665343462940655,292.5089317199672,142.0471614551716,22.493200274766423
209,45968.0,45528.095505554586,45907.55239935274,45657.76674551393,45535.66117536573,400.0,-6.756896080805745,374.7014645286472,182.8370622317234,28.741400714046904
210,45728.0,45520.96176851966,45754.289036266295,45685.48718050262,45542.785634848056,-24.0,-7.7088692592478765,-21.818181754952093,6.464025240002229,-2.1362587752628315
211,45920.0,45512.67776703609,45863.916035842834,45670.694795993935,45531.3886578152,-288.0,-8.934103186169523,-271.7074134326431,-139.4449865117167,-30.827544142099214
212,45152.0,45503.09356214732,45210.87420940101,45406.597207479186,45481.13054656386,-288.0,-10.163515586602443,-257.75618721342835,-136.79898477515962,-33.80158392314843
213,45344.0,45492.350735862885,45348.40366141598,45397.096826443616,45463.785489968905,216.0,-11.09873776663153,159.5477590948649,17.048032186234195,-11.355782096507028
214,45584.0,45480.896086614055,45529.96972759074,45440.693271851655,45458.418982370844,-120.0,-11.471178874864563,-88.58529587154408,-28.056918666130514,-11.645558479518513
215,45104.0,45469.408378113156,45171.23306967289,45340.982989111355,45440.49437300987,-56.0,-11.079481899174425,-22.57130955338289,18.78121181538154,-1.0998907104840328
216,45472.0,45458.737122815706,45484.82710848397,45478.25569548242,45456.219200949876,456.0,-9.7986094049229,377.72958123094213,140.40055411226786,14.935787987502408
217,46016.0,45449.81115930331,45926.692232134774,45621.78409733589,45470.36594898487,-216.0,-7.591190640509012,-177.29230398010986,-53.579549478577974,-13.13495451576091
218,45040.0,45443.55474153469,45130.24250052375,45371.09659652526,45429.949291918354,-176.0,-4.4993224869904225,-167.68794066177725,-85.13920254799814,-20.919192470599228
219,45664.0,45440.81251432933,45591.31635081122,45451.505692239894,45428.527564043674,144.0,-0.630145680046553,92.72490431788538,-25.838058165423718,-13.195349672496377
220,45328.0,45442.294450174595,45315.69230915952,45319.420480194414,45403.55859257336,-416.0,3.8514640366229287,-337.16249585408514,-136.37497194826938,-21.19104184164462
221,44832.0,45448.515442402575,44916.99135910305,45178.755748343356,45386.145480360385,136.0,8.739771987751737,109.17236906617836,32.71314232061559,10.294161805042677
222,45600.0,45459.7739941501,45534.03704729188,45384.846764835645,45424.14691618345,232.0,13.781444149481104,204.3144010408505,98.5143989101125,29.208781632230966
223,45296.0,45476.07833070154,45325.62016118475,45375.78454616358,45444.56304362485,-96.0,18.68287697965934,-60.31608018338375,30.8300544097292,27.844279622644535
224,45408.0,45497.13974810942,45413.40488692511,45446.506873655104,45479.835475428736,120.0,23.130353284632292,114.80916036594135,89.9757643190751,38.864205575329834
225,45536.0,45522.3390372708,45555.23848191663,45555.73607480173,45522.291454775506,280.0,26.79256680366234,238.02600457466542,119.09723854749245,41.77055208554157
226,45968.0,45550.72488171674,45889.456896074444,45684.70135075009,45563.37657959982,-88.0,29.34686483527912,-71.77265365921266,-12.684048676601378,20.853953804304183
227,45360.0,45581.03276694136,45411.69317459821,45530.36797744853,45563.999362384115,-256.0,30.515173899453657,-206.02230029595012,-69.14938457729295,10.82275090350231
228,45456.0,45611.75522951565,45477.41229548254,45546.4025815955,45585.02208140682,216.0,30.1027640488428,172.78059829703852,61.23589494472253,27.47382309304885
229,45792.0,45641.238295039046,45757.254371192284,45652.83976733797,45618.94700857021,136.0,28.03798746728353,106.11393167117058,36.85706941145327,25.272277591899183
230,45728.0,45667.831204450216,45689.640158824885,45620.11672041841,45635.56663659062,-408.0,24.414644705284445,-345.50592276767566,-86.66468671035545,11.997959849941253
231,44976.0,45690.067584449615,45066.24252565693,45479.51039391726,45642.942928270095,136.0,19.48575406155942,148.3407361494901,111.14887045748401,40.72343809297672
232,46000.0,45706.802712573335,45986.321631123865,45842.41446133338,45717.013512776575,688.0,13.659341513746767,617.2540245781674,284.1112980828075,59.92126014531095
233,46352.0,45717.38626747711,46300.75057481327,46047.73299008288,45762.78544856072,64.0,7.457153890914924,58.181817755761585,53.18502379093843,16.311208212177007
234,46128.0,45721.717020355165,46102.68526663539,45948.784508915254,45749.63592920093,-472.0,1.4280450290789304,-414.3089117895033,-188.55622670999583,-32.06772289974106
235,45408.0,45720.242357535266,45472.13275123426,45670.620536662886,45698.650002761235,-216.0,-3.919027893742168,-220.21882244124572,-146.8537039209259,-36.45342630163577
236,45696.0,45713.87896456768,45662.2476217529,45655.0771010734,45676.72907659766,32.0,-8.193938627213356,21.352979283121385,-36.00488505277826,-22.88447233369152
237,45472.0,45703.85448028084,45514.838709800504,45598.61076655733,45652.88105809385,72.0,-11.185670030630718,66.78463705012837,6.839048762591119,-14.803965599112416
238,45840.0,45691.50762450642,45795.81689585315,45668.755198598585,45647.12114539943,96.0,-12.87512152508134,60.062665318433574,-15.477968659452017,-15.403855424447102
239,45664.0,45678.10423723068,45634.96404043737,45567.654829238425,45622.07334724496,-424.0,-13.410599360173364,-356.78720516826434,-149.2729547409508,-27.14413079222868
240,44992.0,45664.68642578607,45082.242485516625,45370.20928911668,45592.832883814976,-32.0,-13.062597223157354,-38.28253602273253,-8.340895563400409,0.8011807607654191
241,45600.0,45651.97904278436,45558.398968391906,45550.973038111624,45623.67570876649,280.0,-12.149214171564381,255.67928545926043,156.25026805075686,32.026610389839334
242,45552.0,45640.387997442944,45593.601056435145,45682.7098252182,45656.886104594654,360.0,-10.968624406166782,341.2633665830763,197.09169971567462,38.45470105790082
243,46320.0,45630.04179397203,46240.92570155806,45945.15643754297,45700.58511088229,176.0,-9.754751048523758,153.89715654908287,75.02483109625973,12.728261831747659
244,45904.0,45620.878495345896,45901.39536953331,45832.759487410716,45682.34262825815,-416.0,-8.644463926862954,-352.5534843581918,-148.01720642689543,-29.325351211235102
245,45488.0,45612.7528661183,45535.818732841675,45649.12202468918,45641.93440845982,-120.0,-7.676990972431668,-126.48297248324525,-103.07645037694601,-32.711499375334824
246,45664.0,45605.52451340103,45648.42942456682,45626.606586656824,45616.91962950748,72.0,-6.825860455737711,34.75781455922697,-41.21214470394625,-27.36879747697094
247,45632.0,45599.10114520683,45605.33436196013,45566.69773528129,45587.19681350588,-216.0,-6.02906524833088,-176.42325280604564,-92.5599837348891,-31.96297532630342
248,45232.0,45593.46638290437,45295.58291895473,45441.486619187046,45552.99367885487,24.0,-5.2238872432135395,8.163151768229,-20.467806500721053,-18.153450708261516
249,45680.0,45588.6533707204,45621.66066549659,45525.76212227985,45550.889912089355,48.0,-4.376484685104515,34.38107402480091,7.156564232725941,-8.559271161051583
250,45328.0,45584.71341353416,45364.34506700433,45455.7997476525,45535.87513653277,-112.0,-3.4936735638111713,-75.59026347060353,-6.062500801101123,-4.6210187299475365
251,45456.0,45581.66602359278,45470.48013855538,45513.637120677646,45541.64787462946,208.0,-2.6054266984683636,178.53576432796035,86.65593336397433,10.055131828161393
252,45744.0,45579.502560137225,45721.41659566025,45629.11161438045,45555.98540018909,168.0,-1.753843658916594,138.0194354061132,58.03030089302047,4.936795569090464
253,45792.0,45578.158336274944,45746.51900936761,45629.69772246369,45551.52146576764,-248.0,-0.9790224683638371,-202.30253945459845,-80.56503068491293,-16.48786113306778
254,45248.0,45577.5445152005,45316.811516751055,45467.98155301062,45523.00967792296,-96.0,-0.29994515845464775,-85.64990886129817,-51.72539294775925,-14.761303948540444
255,45600.0,45577.558445958035,45575.21919164501,45526.24693656817,45521.99885787056,192.0,0.282656807154126,134.50363311902038,21.388851841635187,-4.910877158865333
256,45632.0,45578.109828814806,45585.818782989096,45510.75925669389,45513.18792360523,-320.0,0.7676193572478951,-262.4883366324939,-76.10805152732792,-14.751538085074571
257,44960.0,45579.09368467253,45050.24251838002,45374.03083351351,45492.49578170041,288.0,1.1312897871357563,265.96934886110466,70.28699357637379,5.932647180205095
258,46208.0,45580.37240838908,46117.757480711305,45651.33324384664,45525.05321796564,8.0,1.3116780625168758,7.99999516022217,-1.0309677435507183,-1.5899028364910919
259,44976.0,45581.717040797565,45066.24250870047,45371.96889802641,45489.31597602743,-328.0,1.1925181915430585,-299.4149956809306,-81.37989680702958,-10.071443136839662
260,45552.0,45582.75744477216,45518.927489349444,45488.57345023258,45504.91033169196,352.0,0.6079326160834171,286.5861866482119,84.89127732246561,13.239872249130713
261,45680.0,45582.93290602973,45639.41488199689,45541.75145267134,45515.79572052569,-120.0,-0.6159182367264293,-82.43819736811929,-15.946271225569944,2.675174860014522
262,45312.0,45581.52560829871,45354.051094613205,45456.68090778144,45510.260681411986,-96.0,-2.6106028588983463,-75.10831431763654,-12.730090999182721,4.377994956896146
263,45488.0,45577.711700311935,45489.19825336162,45516.29127067298,45524.55171043948,168.0,-5.4136659645228065,141.13842555647716,73.75599822802906,16.118614549472113
264,45648.0,45570.698276369665,45636.32794572616,45604.1929042375,45542.49791051093,88.0,-8.910474335170875,88.76942099534062,65.99808568326989,12.671095596993837
265,45664.0,45559.89075164159,45666.7370953523,45648.28744203952,45549.89390163347,40.0,-12.812714193500142,44.09462638762852,36.23825882177334,1.6906862042087596
266,45728.0,45545.072847982665,45724.51719850142,45676.669421881044,45545.87928291935,48.0,-16.67363723150993,40.36609565621984,2.7166907820537745,-13.120654568148893
267,45760.0,45526.54347717857,45747.46928666474,45653.720823603624,45523.65259249717,-24.0,-19.941702587784675,-39.70147851299771,-76.08818647560838,-34.044060797321436
268,45680.0,45505.189442807095,45645.11424147542,45524.49304892983,45477.791161324705,-496.0,-22.047356324350403,-444.6133802766635,-206.98125020888256,-55.97187310622758
269,44768.0,45482.44876452987,44858.24252611141,45239.75832318586,45411.70884628472,32.0,-22.509763624417246,5.230394432404864,-48.85556415103565,-33.89687272575611
270,45744.0,45460.16991555826,45655.57503034023,45426.781920627756,45409.99741587319,200.0,-21.032636881736835,182.147719155073,28.414557755771966,-18.411559617859893
271,45168.0,45440.3834907664,45222.53796442156,45296.5874386974,45374.885727049,-192.0,-17.57177908497397,-160.34724381090928,-65.90076258165209,-24.767402471748937
272,45360.0,45425.02635738831,45334.88054271841,45294.98039546445,45360.462610929695,8.0,-12.351795081700402,-13.254708111067885,-34.116845500724594,-14.399985572817968
273,45184.0,45415.679900603,45196.02854819942,45228.353747695954,45346.08575590336,-80.0,-5.841205406239169,-78.70925352188715,-44.449773920518055,-6.27256723116443
274,45200.0,45413.343946575835,45177.46203567464,45206.080847623416,45347.917476467366,-160.0,1.3310088389298471,-131.2563341515961,-19.23247626083321,9.227594387371937
275,44864.0,45418.34191828086,44933.51587989623,45189.88879517429,45364.540944678105,312.0,8.483700572625821,284.50972043251386,146.75234513801843,41.65051544464586
276,45824.0,45430.311347721086,45746.481476539666,45499.58553789945,45431.21850735666,248.0,14.976309747347841,244.4965026119753,147.4895116748885,47.038488046382554
277,45360.0,45448.29453777555,45422.50888512018,45484.867818524064,45458.61792077087,-24.0,20.29853298708258,-11.42816581857187,47.71618988663977,32.33030945275823
278,45776.0,45470.90841369525,45723.62514490252,45595.01791767273,45495.879126262174,64.0,24.117311889494886,39.24198429497119,19.659057985041727,23.255161804412637
279,45488.0,45496.52916155454,45500.99285371012,45524.18593449415,45505.128244379695,-200.0,26.287538021653745,-157.6680226417884,-52.73901593151459,10.10553033650649
280,45376.0,45523.48348973856,45408.289099618945,45489.5398858097,45516.09018693519,88.0,26.830740083445562,68.74174400356787,22.1238942204036,17.96645190224808
281,45664.0,45550.190641721434,45638.47634171726,45568.433722934955,45541.06114818419,136.0,25.8919859309608,102.56895068459198,31.11069859273266,18.824018658218847
282,45648.0,45575.26746160048,45613.42700098813,45551.76128299517,45553.738224251625,-248.0,23.701083764914074,-197.914335788475,-64.79179844220198,7.96398728001077
283,45168.0,45597.59280925126,45242.64767014031,45438.85012605055,45556.98912274421,0.0,20.541144774237182,2.459019853711652,22.513906080657762,22.70035462980013
284,45648.0,45616.349751148955,45618.34504069555,45596.789095156484,45599.138933511225,256.0,16.711882710485952,227.42257403300755,132.3335166841789,39.7067574425746
285,45680.0,45631.016574672234,45697.49281820632,45703.51715941891,45636.40263762936,168.0,12.522566983097931,166.61186854236803,118.48664397187895,35.08383599960143
286,45984.0,45641.39488511515,45951.56877778029,45833.76238310024,45669.30660551043,104.0,8.281427530168003,91.91984847543063,55.1264152314543,17.16929815659023
287,45888.0,45647.57942973257,45881.332515157184,45813.76998988182,45670.74123394254,-112.0,4.268067302837153,-103.57368683717868,-57.10739827751604,-9.428309870760131
288,45760.0,45649.931019720825,45744.42140410593,45719.54758654521,45650.44998576891,-248.0,0.71139795718409,-214.80409052161485,-114.44861006399879,-25.76874888518796
289,45392.0,45649.00222564694,45451.724334113955,45584.87276975382,45619.20373617217,24.0,-2.2277616044448223,5.924600577785895,-38.238431914480316,-19.88606278813313
290,45808.0,45645.475496511935,45756.2706052615,45643.07072271625,45610.67786019264,80.0,-4.471001435416838,45.899297455049236,-24.266685679449438,-18.391982969893434
291,45552.0,45640.060222776105,45543.52292902405,45536.33939839492,45582.41977023238,-312.0,-6.034629887304618,-255.13303111718415,-114.561625123868,-26.737101448641624
292,45184.0,45633.406236737326,45246.004543027135,45413.94747246851,45557.20365729536,24.0,-7.013038777233305,12.504329138744652,-7.41818969214728,-6.555930072252522
293,45600.0,45626.03414522164,45568.53158730154,45521.503019010626,45569.307910087875,208.0,-7.536739980085258,165.1849807821127,68.30705604742252,10.5696482969106
294,45600.0,45618.332756777156,45576.37450459136,45550.56158456336,45578.34295388918,-160.0,-7.738869477034314,-110.2845597533742,4.339357834414841,7.952191495758598
295,45280.0,45610.55640626757,45347.962467794794,45530.181734679456,45585.21229307939,224.0,-7.731278531733551,200.41207941934408,104.71101745582564,22.129953844189004
296,46048.0,45602.87019971369,45977.19866343005,45759.98361947501,45622.60286157756,208.0,-7.578434135495627,186.21773554353058,85.7936945330548,16.120711577037582
297,45696.0,45595.39953799658,45720.397938881855,45701.769123745566,45617.45371623347,-160.0,-7.297275251115934,-134.8110301389097,-55.32993385666123,-9.076459532414447
298,45728.0,45588.27564921146,45707.57660315223,45649.32375176169,45604.44994251273,-104.0,-6.875925799617107,-114.93831996847803,-91.78349610303121,-19.181276595103554
299,45488.0,45581.647686397344,45490.5212989449,45518.2021315395,45579.09116304326,-224.0,-6.305520452511701,-204.44880948285208,-116.0205544524324,-20.804221317303018
300,45280.0,45575.66460830643,45298.678984186525,45417.28264285682,45562.84149987812,-120.0,-5.59342502009531,-98.44739382577245,-32.27816725426601,-2.1075881712313276
301,45248.0,45570.46083635715,45293.626511293354,45453.64579703097,45574.8759867008,320.0,-4.78094994210187,285.25992931326255,139.18605268963074,28.378286157712864
302,45920.0,45566.10270842223,45869.19884281305,45695.654748236084,45619.59807219355,296.0,-3.949156376402243,259.3866998453086,129.83632532315823,29.701989102428342
303,45840.0,45562.56252360435,45812.39991098397,45713.31844767729,45634.279964905654,-240.0,-3.182998008298455,-194.79937690922452,-45.6770767201524,4.395890957388474
304,45440.0,45559.73671240563,45479.6000889946,45604.30059479578,45628.389854108325,-168.0,-2.5637306167991483,-134.7993770163739,-26.86755548362271,3.529381908090727
305,45504.0,45557.43506237075,45542.801156951224,45659.58333671004,45641.338728721836,480.0,-2.156670326490712,415.07869164666045,133.07441026928063,19.815811049600597
306,46400.0,45555.42337175265,46309.75747228792,45870.44941533434,45668.02147620753,-160.0,-1.9896046551039035,-138.48592787712914,-53.909213708528114,-9.916178703933838
307,45184.0,45553.45585306054,45265.829301196965,45551.764909292986,45621.50637131397,-360.0,-2.0467712943645893,-338.42389938660926,-134.8020513948577,-24.639786327861657
308,45680.0,45551.32982916392,45632.9096735147,45600.845312544625,45618.7419035518,160.0,-2.288031943000533,131.6287398912682,9.503059523951379,-5.827372584572004
309,45504.0,45548.87978917454,45529.0867809795,45570.77102834089,45609.851626144824,16.0,-2.6590579398289265,21.61101236230388,3.311229966704559,-3.597696099739551
310,45712.0,45546.011713284264,45676.13169823931,45607.467772478034,45611.546511352324,-24.0,-3.089611269373563,-32.29659154363617,-15.56936962384134,-3.3277892248843273
311,45456.0,45542.700566635795,45464.49359789223,45539.632289093206,45603.196047695055,-216.0,-3.5157958415038593,-169.17011088594518,-26.0193388382213,-0.9906612725171726
312,45280.0,45538.98012160126,45337.79147646742,45555.42909480159,45609.56518880729,392.0,-3.881371864619723,347.85799647614476,153.51135310918107,22.847400552600448
313,46240.0,45534.937822906555,46160.20959084452,45846.65499531157,45648.890848800256,264.0,-4.136179253990122,237.8633330358134,94.55339816576452,9.770202432981023
314,45808.0,45530.707763093276,45813.51814253905,45744.53589113312,45629.10559367325,-368.0,-4.247489039542415,-319.1007356102418,-133.8511586118948,-28.7299754433443
315,45504.0,45526.44284482747,45522.008119624035,45578.95267808778,45591.43089791357,-208.0,-4.197696147726674,-201.46942479485733,-128.1068740014489,-33.30315086400515
316,45392.0,45522.31237079782,45410.57929294933,45488.32214313022,45562.49929194524,8.0,-3.9828990875212185,-18.532361928027967,-42.46946339244096,-20.406641371064325
317,45520.0,45518.47704665243,45484.94339576798,45494.0137513029,45550.61761517144,-128.0,-3.6109199003221875,-100.91891834146736,-7.301516175881261,-10.350796015231026
318,45136.0,45515.09053099718,45208.7414562664,45473.71911077846,45541.79769991478,392.0,-3.0920253571857756,364.4070423488083,148.56491486479354,11.469969739082444
319,46304.0,45512.292995938056,46213.757480465596,45791.143581032484,45573.557554649604,272.0,-2.4415079460341076,235.62926608837734,60.99626077026551,-4.762267532696569
320,45680.0,45510.20751510511,45679.99998844315,45595.71163231899,45532.27316484939,-672.0,-1.6760682118001569,-588.4069884045493,-237.576132553997,-48.670731557751424
321,44960.0,45508.940859514456,45036.9435036565,45315.99131592449,45476.2160915341,-160.0,-0.8066536131373141,-162.41706798593077,-101.72465843225655,-30.246268738577783
322,45360.0,45508.594207878836,45355.16585247129,45392.26231545448,45471.78062737223,352.0,0.15385845718628843,294.05161117125317,92.40215725723101,1.153567206743901
323,45664.0,45509.24857642883,45625.046725999004,45500.79563043895,45478.52322594759,88.0,1.1764852894702926,75.11450352272004,26.93113020394594,-2.5312401272640273
324,45536.0,45510.947178457776,45505.39485951673,45446.12457586237,45466.7181471177,-336.0,2.212968644369539,-272.6775688985981,-99.60876664539319,-15.269171474003087
325,44992.0,45513.67451371757,45079.69158820181,45301.578097148165,45447.98488299958,16.0,3.203758652540273,15.627966288418975,10.242569859874493,4.065980031860818
326,45568.0,45517.35469576286,45536.65079209357,45466.60971558212,45474.850107181424,368.0,4.062177947980672,297.33986776526945,114.33647622501667,22.207729540910805
327,45728.0,45521.79886961353,45674.371323732346,45530.2510495982,45492.400342081404,-168.0,4.70529242279008,-130.4228496994765,-35.23314118482085,5.7702520040511445
328,45232.0,45526.76528060844,45275.805092694616,45396.14343321248,45486.39061118953,-224.0,5.094569676541141,-179.5407675646311,-52.0358997794865,6.709799667602056
329,45280.0,45531.98800896661,45315.289788603084,45426.179250039226,45505.81994141661,264.0,5.231878327162121,215.93363892389607,103.12544184636135,30.720327297905897
330,45760.0,45537.22903726276,45707.67237054241,45602.3943169052,45547.83126578534,128.0,5.178534225891781,130.74443465136937,97.41222531857784,31.40288765800142
331,45536.0,45542.345077418395,45576.77865790582,45621.00370067638,45568.62571673261,72.0,5.063130679594906,72.99957689253279,61.11123410936489,22.42573678390181
332,45904.0,45547.35529862195,45853.671524327474,45724.61678512393,45592.68273935314,32.0,5.048340292058128,25.250488059020427,13.921477009520459,8.491159588189475
333,45600.0,45552.44175800251,45627.279634023864,45648.84665469542,45585.60803590899,-104.0,5.291368264246557,-89.9937201842913,-51.34680308079987,-7.794301648700639
334,45696.0,45557.938035150444,45673.68408395889,45621.92317896233,45577.09413605574,-56.0,5.8944320454174886,-65.1751302704979,-63.961886251923715,-14.459193050464819
335,45488.0,45564.230622093346,45496.92937348287,45520.922882191575,45556.68964980806,-144.0,6.865292942820815,-132.10784306167625,-84.53885567497127,-16.970003757276572
336,45408.0,45571.668621036086,45409.46839783554,45452.84546761239,45543.15412854119,-96.0,8.104742317627824,-80.11898646961708,-45.65468077299738,-6.7778148398138
337,45296.0,45580.4401067286,45336.691400543634,45429.61352064558,45543.13402012843,168.0,9.412255851595546,130.6800054262785,43.57481335598641,12.336592593663227
338,45744.0,45590.49313273928,45670.828408688096,45539.99509432436,45567.827313728514,-48.0,10.522961922677496,-31.720948415044404,8.37912084096024,15.884659286512033
339,45200.0,45601.48603057396,45273.249503713545,45446.3717623275,45574.90333870146,-56.0,11.168108413119626,-31.33138640682955,29.562549166890676,25.821191908013134
340,45632.0,45612.829349565516,45608.16563587444,45599.12019265814,45619.46969754454,240.0,11.141219582757913,215.74431153305704,136.30852665971543,43.93984372031264
341,45680.0,45623.76846973947,45704.73812677966,45718.98881564693,45662.78302614208,240.0,10.345140594035911,220.2631248035359,139.3630308122556,42.45247990464486
342,46112.0,45633.51963075359,46048.69188548151,45877.84625428265,45704.37465735383,16.0,8.833565025524877,27.413186109373783,41.7805657770441,21.210364079437568
343,45712.0,45641.43559979052,45759.56449899841,45802.54994720102,45705.20375430096,-56.0,6.794397401023161,-51.30489149108689,-30.02133348112693,0.4892846621769422
344,46000.0,45647.108425555634,45946.082102499335,45817.8035873204,45705.353226678184,-64.0,4.511881291706231,-83.0718840023801,-75.84456622041762,-14.582866288863443
345,45584.0,45650.459362373935,45593.42073099365,45650.860814760184,45676.03802172323,-368.0,2.3325180399988312,-305.55771653745614,-133.5123651801223,-24.713303868793446
346,45264.0,45651.77346163563,45334.96666942442,45550.778856960154,45655.9266189406,144.0,0.5946872125277878,125.39566950346853,43.30747068004712,-0.5150718356017023
347,45872.0,45651.64873679899,45844.21207000058,45737.47575612028,45675.00787805203,408.0,-0.4411140694282949,341.28936662851993,119.43477722026728,9.23165301402696
348,46080.0,45650.891233496775,46017.54540268146,45789.64841140069,45674.38992496865,-280.0,-0.6375556045641133,-237.807897904946,-93.00313901924528,-20.89845683494059
349,45312.0,45650.37362558986,45368.59627419069,45551.46947808179,45633.210964382146,-304.0,0.003472175791102927,-267.09951354416626,-118.4441942780104,-25.11841236739565
350,45472.0,45650.89817784836,45483.34637559313,45552.76002284467,45624.15310023386,216.0,1.3307213983462134,171.48197936808356,41.67055618521408,-1.4502091365975502
351,45744.0,45653.035068386554,45711.56023292686,45634.810590452216,45630.31054610895,72.0,3.056927745717985,66.01502196802903,27.455862833656283,0.4729731805418851
352,45616.0,45657.01203333979,45615.37641952919,45607.67174851198,45625.09904659494,-128.0,4.815989265782264,-99.30171575171335,-31.302967684245232,-4.756547184260853
353,45488.0,45662.66704691812,45512.95680142343,45572.204655083726,45620.79745174043,32.0,6.227135430937778,22.36438901141082,6.635234113608021,2.338277732509596
354,45680.0,45669.46630420167,45660.10519755201,45620.9422167392,45629.77560205996,56.0,6.955137577326241,47.674383888606826,19.208670025069296,6.466930422528094
355,45600.0,45676.57732207277,45608.305569200646,45610.621995133864,45633.731312585485,0.0,6.797821723735979,-10.271782348128909,-5.009224038396496,5.64227615479831
356,45680.0,45683.06194764914,45639.56163285575,45610.923768662404,45641.06015436956,-208.0,5.73430494205968,-170.93577206613554,-34.23634214026242,5.381849502551631
357,45184.0,45688.04593195689,45266.434025068374,45542.14931085334,45644.49501159059,200.0,3.9374466391855094,194.09178157729912,110.30019761760923,26.459607800559752
358,46080.0,45690.93684092751,46027.74519601035,45831.52416389762,45693.97936997068,384.0,1.7578816791792633,344.9878869709137,165.1369349930901,30.1833268786213
359,45952.0,45691.56169531525,45956.4097990102,45872.42318083952,45704.86166534783,-64.0,-0.3461107988441654,-49.28640194914624,1.1106073616574577,-1.4746213554535643
360,45952.0,45690.244619329824,45929.17239211206,45833.74537862094,45691.03012725977,-144.0,-1.8942464381179889,-141.37544633783546,-97.80511290811046,-26.880031725071603
361,45664.0,45687.77320243901,45673.65890633453,45676.8129550233,45651.10160189769,-216.0,-2.5001550940178277,-207.2189541048756,-150.52594608598883,-40.57344526720044
362,45520.0,45685.24430914179,45514.734483902306,45532.69348644896,45609.88323672537,-184.0,-1.9742271299037384,-185.25200292069712,-137.77272534986332,-36.72420333604532
363,45296.0,45683.824748179206,45303.15490049314,45401.26750432357,45577.6531952256,-208.0,-0.367818849554169,-175.80508094348988,-78.79222996360113,-18.147381738497643
364,45104.0,45684.50867144268,45163.12432201533,45375.10902652176,45573.588473248376,280.0,2.0224891853067675,248.3900526274374,109.3960354590672,19.41470168520027
365,45856.0,45687.86972654982,45799.93500574801,45620.05957524171,45616.482598596,296.0,4.703332291639526,263.68669144411615,126.98033634080275,30.91825527742185
366,45696.0,45693.91533602596,45690.49770490356,45629.06969920336,45635.42498380322,-168.0,7.091494592194067,-136.94877632664793,-24.455026436658954,15.91363439738052
367,45520.0,45702.05271573421,45526.037453094716,45571.14952236839,45648.30986739076,-160.0,8.648441465393262,-134.2729863352797,-32.34541565078689,19.300376957078697
368,45376.0,45711.212218956745,45421.951732233,45564.37886790179,45674.02573771738,144.0,8.977352586818597,125.6729403032914,87.41877948430192,40.61715721248402
369,45808.0,45720.007420907845,45777.3833337013,45745.98708133699,45729.54418181573,208.0,7.9022621108924795,202.34826997478376,150.6017541036963,51.59565318913883
370,45792.0,45727.01674317853,45826.64827218257,45865.58237610918,45777.217044095654,232.0,5.509495044098003,222.50629939408464,156.38648282677605,46.933714484712254
371,46272.0,45731.02641099604,46222.39593248947,46058.760046990545,45823.41161078515,168.0,2.0946768492831325,147.72732275426097,86.55769437663548,23.76514722875072
372,46128.0,45731.2060968771,46122.10291769109,46038.69776486245,45824.747338553156,-160.0,-1.9284215066036268,-129.7784263429312,-64.71339969686233,-13.826905304333195
373,45952.0,45727.16956798283,45962.839079803605,45929.33324759682,45795.757800176485,-88.0,-6.111924411176005,-105.0684388694608,-120.6978934672261,-36.80164836785116
374,45952.0,45718.982248054745,45911.96603995217,45797.301977928,45751.14404181745,-320.0,-10.07505347620463,-309.0139215402269,-209.38028070481596,-54.656556268157146
375,45312.0,45707.019461030424,45344.81123672315,45510.57268618719,45686.44468764017,-384.0,-13.578056091839244,-345.127538163626,-187.44294864722178,-45.9771197952723
376,45184.0,45691.826135871066,45221.710963624915,45422.41608063356,45659.18980222691,72.0,-16.519953677219746,65.4545450263322,31.05143476315061,-3.495395301917597
377,45456.0,45673.979553675985,45475.720326775816,45572.67555571349,45679.453897036336,384.0,-18.900912175617123,358.5838866501981,208.5972529366736,31.436789661242074
378,45952.0,45654.02431151983,45938.87873692531,45839.610586506904,45722.06338154939,440.0,-20.754112951810384,391.57920515585283,210.74032404686295,31.11265359052777
379,46336.0,45632.471327772364,46258.87873708752,45994.156203807215,45741.67920421739,-120.0,-22.069622679420718,-90.39728728778573,-16.37628079607748,-10.100217121133028
380,45712.0,45609.88506616099,45758.08416234974,45806.85802491475,45701.86294730713,-264.0,-22.753544294530002,-245.58279010146362,-139.86916643508812,-40.32310954490822
381,45808.0,45586.964239183304,45767.713156884594,45714.41787093704,45661.032985127575,-192.0,-22.62945143464458,-191.80522104216288,-139.2312185091978,-48.17831292316987
382,45328.0,45564.6261632917,45374.473720265414,45528.39558789635,45605.50632146079,-200.0,-21.482703063837107,-160.87083529210577,-85.82448909250525,-41.6513475937536
383,45408.0,45543.99883305563,45445.97148630038,45542.76889275203,45577.73028994007,432.0,-19.138918642176577,363.6418766036004,81.75775123169296,-19.289517023709777
384,46192.0,45526.34832600735,46101.757473472615,45691.91109035974,45566.92728741337,-224.0,-15.537548252879787,-200.82938397942416,-100.90225721242314,-42.05663815603839
385,44960.0,45512.92373654987,45044.312718341534,45340.96437832718,45493.61701362799,-344.0,-10.796497739193,-332.7651039753946,-160.46452286896238,-46.62942310397193
386,45504.0,45504.75533052896,45436.227265521826,45370.982044621815,45473.668441205424,72.0,-5.218145024722617,53.05087478941641,-36.49131139446399,-21.465150362299028
387,45104.0,45502.487446500425,45150.41446792037,45267.981755538254,45450.68671290339,-72.0,0.7498293969802035,-53.74045799963642,-21.009411314436875,-5.647392656857846
388,45360.0,45506.25498932292,45328.74634952255,45328.96322199294,45462.37365589171,16.0,6.595526845962013,22.063629214935645,45.46307745116064,16.80562578289755
389,45136.0,45515.67850019235,45194.54172635024,45358.907910440576,45484.29796446919,248.0,11.838231516485394,231.75039952756924,141.39864366792244,39.33920680094161
390,45856.0,45529.93145235589,45792.24714857769,45611.760509328786,45541.05206949359,216.0,16.11479127801067,205.6947741672193,130.73285355260668,41.00670849908056
391,45568.0,45547.90808274837,45605.93127468468,45620.37361754579,45566.31138146735,0.0,19.236035134694248,3.3404995303535543,34.79991698989397,25.174881047125382
392,45856.0,45568.40352262528,45798.9281476384,45681.360343308574,45591.40183158784,-112.0,21.20009628603293,-92.36238885428247,-26.333102582928404,11.860541699887108
393,45344.0,45590.308275320436,45421.20649697611,45567.70741237993,45590.03246486712,16.0,22.138920955592766,8.310834218271339,-1.799224738679186,10.932256522635726
394,45888.0,45612.68136453647,45815.54981607494,45677.761893831215,45613.26634463311,48.0,22.266057404704043,32.092399473556725,4.9354283668908465,9.497196997646824
395,45440.0,45634.840390129844,45485.391295923226,45577.578269113714,45609.02685886242,-136.0,21.81892124276783,-103.20204053560155,-31.394490160644636,4.211857172424061
396,45616.0,45656.319207022,45609.14573500374,45614.972913509926,45621.69005897796,112.0,20.96761304320171,89.48311409919188,36.881101151175244,12.947703064441157
397,45664.0,45676.77561621625,45664.35752412161,45651.340471416064,45634.9222649913,56.0,19.809596504466754,56.99940972592594,30.03779361416673,11.778319262906734
398,45728.0,45695.93840003094,45723.14455445559,45675.04850073826,45645.246697503775,56.0,18.374353486538894,34.509802611926716,-2.7677203086750524,6.1867673876622575
399,45776.0,45713.524323189326,45733.37712934546,45645.805030798714,45647.29579976662,-232.0,16.6468563416056,-202.88177838282354,-94.34095454018825,-4.386107748821814
400,45264.0,45729.23211271415,45317.38099768994,45486.36659165788,45636.47448200613,-184.0,14.620375778958987,-149.09114320580193,-48.2551433118897,7.802406339815207
401,45408.0,45742.76507474724,45435.19484293386,45549.294744174935,45662.900612446254,296.0,12.33635356634477,253.78805991319314,133.57552460451916,39.17116106243702
402,45856.0,45753.90481984684,45824.95711751633,45753.51764086692,45714.816804131005,248.0,9.911916851426213,234.54786216412685,152.98171712544354,44.85703189130072
403,45904.0,45762.588908450096,45904.29056726211,45855.25817842582,45752.614676228855,72.0,7.538086863136414,80.78628605635458,77.36962677181873,30.22860590929122
404,46000.0,45768.98099357311,45986.52968962904,45908.25689441056,45775.27401594959,24.0,5.430579368559847,14.887570512099046,7.127163190009014,11.423040518217022
405,45952.0,45773.450067187216,45934.06570828631,45869.51250480584,45775.46075726529,-160.0,3.794456587260356,-142.13543991115148,-79.98813720179533,-8.640220821038383
406,45680.0,45776.56990674763,45702.258809806735,45748.28062000697,45757.99357430751,-120.0,2.761973009790381,-120.51284944589497,-87.09157479538408,-13.567504242404539
407,45712.0,45778.9740132068,45693.04000939452,45695.32935521507,45748.32574878048,-120.0,2.3374089167082275,-104.01875343960637,-61.28658718436418,-7.851538088001689
408,45440.0,45781.24472458105,45494.22130292752,45625.70744563824,45742.29049813151,96.0,2.3961312510073185,72.2878081706258,23.231813242291537,9.079274257601355
409,45904.0,45783.76627570881,45837.61562573577,45741.792981699655,45766.48429729568,0.0,2.712025877135602,11.472451487101353,34.98202691124243,17.318014028958714
410,45440.0,45786.66877633532,45517.166205901725,45695.671499460725,45776.926526189425,160.0,3.009612824927899,149.07413010773234,81.71426749142847,27.288555203213036
411,46224.0,45789.78550135867,46135.76388595124,45905.22151668251,45821.06140770211,120.0,3.0261850439455884,93.72458937253396,50.16077556304663,23.987951897786843
412,45680.0,45792.72114642321,45704.61538464679,45795.99305058682,45824.902429985,-384.0,2.5800909317949845,-308.0715780704995,-51.23194080228495,11.086143782144063
413,45456.0,45794.94568322226,45519.62072981024,45802.75763507794,45843.2336952664,384.0,1.6139885252450767,353.7983421871795,180.14340203009124,37.69295004471496
414,46448.0,45795.9491234737,46412.21206902115,46156.279854647,45900.28833007443,552.0,0.1944905944983475,492.96233634414966,207.6621468925623,29.66905131175372
415,46560.0,45795.33466441125,46505.54540249854,46218.08192886307,45902.571797889905,-296.0,-1.5048065585833683,-263.33155839341634,-109.15696135240432,-30.587942290028877
416,45856.0,45792.93951035653,45885.54895223432,45937.96593194219,45839.11244549437,-408.0,-3.234547869713424,-387.85978472912393,-239.13303094977528,-64.30373012081327
417,45744.0,45788.86556867183,45729.82583304029,45739.815866963516,45773.96433764828,-216.0,-4.737789580212848,-226.59395399256755,-200.2421314969215,-63.649890963679354
418,45424.0,45783.46393119611,45432.361044249184,45537.48166894835,45711.81266356701,-296.0,-5.798675564234145,-255.65956754516446,-145.59336354098923,-47.76104090291847
419,45152.0,45777.26821754336,45218.50669794996,45448.62913988154,45678.44225584244,168.0,-6.2712215760184336,145.34392977078824,59.46204087395745,-7.048294932446879
420,45760.0,45770.92148804407,45723.04890379076,45656.40575069626,45697.71607370212,312.0,-6.098475756309199,293.12193847439266,155.97948616286158,16.159621544782567
421,45776.0,45765.07126603074,45804.750574898746,45760.58811220726,45710.761498932006,248.0,-5.321059492511267,225.45454560171493,96.47641761462,9.783500176490634
422,46256.0,45760.27936905905,46173.95799499419,45849.3585859255,45717.2830740551,-344.0,-4.070104041446029,-313.25402517328257,-114.55023331899793,-20.41427117415151
423,45088.0,45756.93105794785,45178.24252455218,45531.487645569265,45669.9329565837,-200.0,-2.559782271633594,-196.81118814458387,-96.12711757161014,-18.25346964221535
424,45856.0,45755.15980451578,45780.33561870502,45657.10435078228,45680.77613477067,160.0,-1.0690722982399166,148.330948381099,26.168880604156584,2.0819849255021836
425,45408.0,45754.79291335137,45474.90442131438,45583.82540677758,45674.09692643471,32.0,0.09334712858617422,29.090909181253664,14.63375938408717,6.62563798577321
426,45920.0,45755.34649877295,45838.51743706753,45686.37186955046,45694.027410742216,-56.0,0.6396351346193114,-51.949817808948865,-14.267602451895073,8.631854844621557
427,45296.0,45756.07218362061,45371.00478569648,45555.29020187379,45691.36063612395,-120.0,0.35104582810163265,-84.33870398888757,-1.4365667397760262,17.10125718792915
428,45680.0,45756.048590429156,45669.840029089755,45683.498736070906,45728.229925118074,296.0,-0.8562667658479768,248.0353888420468,129.95790223257063,39.28078525002638
429,45888.0,45754.35965008891,45867.075563380575,45815.20600633893,45769.922206624,80.0,-2.8868463192047784,92.61335119369687,95.31027343748792,35.78839183713353
430,45840.0,45750.27489779075,45855.06673147715,45874.11928294588,45799.80670879234,48.0,-5.457426966106141,63.324825482333836,75.97291807989313,27.87483760795294
431,45984.0,45743.4447961567,45993.72521434524,45967.151842498715,45825.67188183991,224.0,-8.123403525576578,187.2845545943128,84.60848080219148,17.948767139561824
432,46288.0,45734.02809073959,46229.635840665775,46043.336244550264,45835.704243071465,-56.0,-10.345828454912407,-55.910170350576664,-46.14747567331506,-12.582426614866563
433,45872.0,45722.75313924687,45881.90487364409,45874.856891152085,45800.507028610176,-328.0,-11.591927396169922,-298.2065988012437,-167.05090782213665,-38.7718630307827
434,45632.0,45710.844235947254,45633.22264306329,45709.23442890599,45758.1605170099,-272.0,-11.426818265143083,-242.56901526438742,-127.00524779310217,-36.03848574978474
435,45328.0,45699.89950271659,45396.766843115314,45620.84639556588,45728.43005711061,320.0,-9.630181457887375,274.2674153799526,58.03516444283014,-9.708957043760165
436,46272.0,45691.58387303148,46181.75747382319,45825.30475779165,45738.74260292238,24.0,-6.2437277014541905,8.843876674407511,-18.88925887840378,-16.350324042105058
437,45376.0,45687.41204731368,45414.45459646413,45583.06787780907,45695.7294090264,-488.0,-1.5563440330515732,-416.984771640331,-138.70294107803784,-27.02672344466555
438,45296.0,45688.471184965376,45347.78793054253,45547.898875635576,45684.68915603305,352.0,3.913867487670359,290.37207117152866,90.78043564428663,8.394204808300856
439,46080.0,45695.23978228902,45995.19873880719,45764.62874909765,45712.517818643,128.0,9.519848627238389,125.3054179201099,59.04424801089772,9.454553542102076
440,45552.0,45707.51088221985,45598.39876638275,45665.98737165737,45703.59826311725,-208.0,14.584343852009624,-164.80614051070006,-41.6476916115862,-1.3396423698795843
441,45664.0,45724.40846999304,45665.58645778579,45681.333365874474,45709.83853390324,112.0,18.498240362700017,75.11998033198324,24.012677154332778,8.532197481144976
442,45776.0,45744.50736294525,45748.63872704672,45714.01272596604,45720.66265807954,-80.0,20.798941452041618,-53.75409550550103,1.68572307458453,8.057257080279669
443,45504.0,45766.00635289712,45558.078266774784,45684.70481202364,45725.9530480638,80.0,21.208994327807886,79.83087360197169,61.044492069431726,16.388042387447058
444,45936.0,45786.92535160087,45908.30047425066,45836.1017101049,45753.438742854436,240.0,19.649199510262406,211.72457872918676,101.44775313370701,18.357631933362427
445,45984.0,45805.30475191765,45981.52742423316,45887.60031829106,45762.66831193052,72.0,16.231354926567292,60.86407114830581,3.298767331682029,-1.8370153273899632
446,46080.0,45819.388061454,46030.02861654727,45842.699244768264,45749.764712199656,-320.0,11.199791649483814,-304.8697466698068,-163.55145113866092,-29.41536412088317
447,45344.0,45827.704335216615,45371.787930893544,45560.497416013735,45703.83758368876,-472.0,4.927930630692572,-415.78700946572644,-173.95312074765752,-27.935249326463236
448,45136.0,45829.24392271539,45198.45459761582,45494.79300327295,45693.89421354673,336.0,-2.1039543480001157,295.93655347610184,113.69208889568472,17.951340535313648
449,46016.0,45823.496426520614,45963.66103784575,45787.881593805105,45739.740264759384,368.0,-9.363372228650405,346.514730783947,179.0293874347044,32.03306445062117
450,45872.0,45810.51717825809,45891.48405918371,45852.85177814236,45757.96034244797,24.0,-16.27083400662741,25.243317256510636,55.39607340843577,12.518094810984621
451,46064.0,45790.95475850736,46014.14767235877,45898.673740621976,45764.776454381354,-152.0,-22.23356324440465,-126.59802503108585,-36.8411672093971,-8.145065347547643
452,45568.0,45766.05005176928,45638.28800912154,45779.169443723564,45741.67021175288,-32.0,-26.703585531096905,-24.41961762952633,-13.919575036627066,-14.422732040835399
453,46000.0,45737.547587445166,45965.30843709972,45870.83459054872,45735.93099029968,200.0,-29.249658811495465,153.5626134767408,27.082442099523178,-18.94267193820997
454,45968.0,45707.55073414629,45945.41323607502,45833.33432792261,45703.78486787646,-144.0,-29.6299342960192,-132.82902064956215,-104.83309866480704,-45.35687902940117
455,45712.0,45678.28771885313,45699.65039580059,45661.16839321911,45645.21723224088,-336.0,-27.852683255165175,-307.51086127147573,-197.58173809395157,-61.90677402353322
456,45296.0,45651.84536763596,45330.39151353207,45438.17085173471,45579.97131982939,-200.0,-24.203096012548485,-197.3013146081721,-151.91211561704768,-51.04734642002222
457,45312.0,45629.88152682803,45305.04776658425,45357.34416198501,45543.122539400836,-56.0,-19.209551671683585,-60.10491402656771,-58.154608757187816,-25.292653458513087
458,45184.0,45613.42626429259,45210.181685478936,45321.86163422033,45529.386012912364,32.0,-13.562688313864783,36.04234628934864,33.44828934548423,3.532774157149106
459,45376.0,45602.7561502003,45377.132459162945,45424.24074067598,45550.188087715134,176.0,-7.991687475780054,172.6130694987478,126.49947679364413,29.51147918852803
460,45536.0,45597.44288934103,45555.40782447643,45574.86058780762,45588.40897128942,304.0,-3.132618311661645,275.3144876956503,170.05014103544454,40.84133213875248
461,45984.0,45596.49091357698,45927.761434554246,45764.34102274687,45631.87075199264,96.0,0.5731007519680134,91.1607828490487,79.65094631268585,25.855318302852538
462,45728.0,45598.589090844966,45737.72939017453,45734.16248043299,45640.119607895125,-184.0,2.9453847058794054,-141.38509350708773,-27.097302097379725,3.8548362972433097
463,45616.0,45602.38168298874,45644.99124754007,45710.14641855211,45639.580424587126,56.0,4.0571076729902416,52.21809506588397,23.05714739517134,0.6398379213605949
464,45840.0,45606.703306190946,45842.1655803063,45780.276775223334,45641.39928373785,256.0,4.172931216242432,208.0022342977063,40.26874428288647,-8.11117666239079
465,46128.0,45610.72754542122,46060.99571613548,45790.683907117884,45623.358071262344,-240.0,3.6498320585815236,-241.08278136341687,-158.250914546501,-43.27330891238671
466,45360.0,45614.00297030811,45360.00001757946,45463.77494613033,45554.85266591307,-688.0,2.830725636515126,-609.3766015051697,-275.02148792239313,-58.76277205361475
467,44752.0,45616.38899669425,44842.242513125144,45240.6409312731,45505.832527155115,232.0,1.964060499205516,188.46939070860753,21.186450779317965,-11.32851240020318
468,45824.0,45617.93109130652,45736.93879899668,45506.14784768897,45532.19564111267,240.0,1.16964806017495,237.64844003423786,106.58084026035431,11.772896013182617
469,45232.0,45618.7282928146,45317.53939319362,45453.802611793806,45529.37831918148,-8.0,0.4502849016316759,8.297560165035975,58.55607000173768,12.051594027889223
470,45808.0,45618.83166110978,45753.53391932675,45623.25998769244,45556.298829168445,200.0,-0.2604947777290363,163.66412276688789,77.08736974486601,14.33545144538948
471,45632.0,45618.20730325914,45644.867638727395,45607.97735128354,45558.04922207226,-48.0,-1.0374577055335976,-44.32808696239226,-27.29396076714329,-1.9471459925771342
472,45712.0,45616.756745698716,45664.877745401966,45568.67206615816,45552.40453718329,-296.0,-1.9031551394036796,-257.3125762196687,-110.96925204629588,-13.624458029800735
473,45040.0,45614.400992980336,45130.24248628806,45386.03884719095,45530.80030601266,-8.0,-2.7991846063232515,-13.267569963143615,-9.613795371744345,2.935784130000684
474,45696.0,45611.15837648607,45638.34260547568,45549.44447541467,45558.27610544329,216.0,-3.5871093762034434,191.36929875960777,90.1278659310592,20.58960470279635
475,45472.0,45607.22677422793,45512.98108380727,45566.294579053065,45571.97951541825,72.0,-4.07283107402327,79.54389736795201,63.997393164929235,18.70238574587347
476,45840.0,45603.01271433802,45797.43040021158,45677.43926174453,45595.68087693504,96.0,-4.048687048227293,71.60131746220577,29.864313563724863,11.48540536353903
477,45664.0,45599.129400131475,45656.183718731685,45626.023206180515,45594.95032614533,-216.0,-3.347230182669591,-180.32808782149004,-70.40445247375828,-4.183034482444782
478,45408.0,45596.318253972684,45436.7742245686,45536.63035679701,45587.31480797015,-96.0,-1.876711419699859,-75.53837132008994,-25.077670984996075,1.3302222233287466
479,45472.0,45595.375977292075,45505.106976091505,45575.86786421052,45597.610770591986,288.0,0.3594602187658893,233.86763198041808,91.1714395187737,16.576501151437697
480,45984.0,45597.037174410216,45904.50948852944,45718.97323583456,45620.467810273025,-8.0,3.246433133532264,1.9499550851069216,10.591989541313524,4.680430194690416
481,45456.0,45601.86884355914,45509.00688626172,45597.05184329315,45606.97163098137,-160.0,6.57448368382029,-130.46817095910592,-51.395470894833124,-5.9475977425900055
482,45664.0,45610.18614177786,45643.57314661123,45616.18229404489,45608.572614787845,56.0,10.065446432581666,32.43199340562569,-4.778402225816535,-1.1703854541337932
483,45568.0,45621.9997364243,45573.87087307297,45587.495038841516,45604.6308600731,-56.0,13.406716064011562,-40.347908173418546,-18.939735782612843,-2.110211711085867
484,45552.0,45636.99957390588,45562.87733026439,45578.302822479665,45604.35219136567,64.0,16.298564342447207,43.39310851335176,3.959194877978007,2.3389408608563826
485,45696.0,45654.5968651092,45660.657090099674,45595.41342859747,45609.30874179481,-104.0,18.496428096459567,-78.93478966634575,-33.18267958345314,0.6219875188799051
486,45344.0,45673.9924300988,45405.0077509317,45511.93746331276,45605.59616640343,72.0,19.844517368270317,49.3894154905247,0.49276637166258297,9.367232928791054
487,45840.0,45694.28589984574,45759.43592108072,45596.3989613408,45628.043207652394,-176.0,20.313817390575423,-161.38261333439732,-37.339021301559114,11.849201631583128
488,44992.0,45714.62006487995,45082.2425242629,45437.25942070964,45629.2945696666,32.0,19.99452635554553,51.263432709496556,63.490169723660074,33.11609049753315
489,45904.0,45734.27495255683,45861.96278649972,45723.37930078812,45694.27538864746,456.0,19.080352184049843,405.28037540964215,195.80953047253934,54.49458841323212
490,45904.0,45752.78076924805,45892.80327508219,45828.87848165472,45738.28374649306,-72.0,17.835311466136773,-25.143136006608984,67.93842169395793,35.722545170257945
491,45760.0,45769.9455754891,45811.6765144865,45859.25614417603,45765.720478987976,216.0,16.530108537692286,177.25581183680697,80.00573460932719,27.722756444312836
492,46336.0,45785.840986323434,46247.3148987558,45988.889950873374,45793.72925938169,-24.0,15.386193783127965,-41.488583493366605,-43.921217865965446,0.8952433627964638
493,45712.0,45800.71796305536,45728.699347499765,45771.4137084441,45767.51096571357,-464.0,14.534706657603238,-401.41735221552153,-187.76938820722717,-23.44274538243917
494,45408.0,45814.91039963864,45444.48019432476,45613.35117445892,45746.84376861681,-112.0,13.99801514455612,-101.81818155122892,-55.38694675571969,-3.72500866592236
495,45488.0,45828.71399334447,45525.06298439731,45660.63981493266,45760.060948381724,336.0,13.691755077303242,292.0558495988371,133.608547940079,26.82022718400549
496,46080.0,45842.29390979325,46028.59189352243,45880.56827033908,45800.48422298482,240.0,13.446111568591732,220.33023919753032,120.21259057594943,26.447485752334615
497,45968.0,45855.606216481654,45965.72346279237,45901.06499608456,45812.95591988639,-104.0,13.052890728169587,-74.25111676821689,-12.970776212234341,4.719492895892472
498,45872.0,45868.399691249586,45880.089659986,45854.62671791461,45809.92320877661,-24.0,12.316797955827496,-45.185502876389364,-55.12491921265246,-6.136550670958968
499,45920.0,45880.23981239331,45875.35245703959,45790.81515765926,45800.682818544476,-288.0,11.098490553227748,-255.64169590484744,-128.40398142572303,-15.206249304901576
500,45296.0,45890.59667235604,45368.806268176304,45597.81875506316,45779.5107101668,-136.0,9.346024172642501,-114.84806982537702,-42.087025064513,3.0034271306649316
501,45648.0,45898.931860738594,45645.656317388835,45706.64110753023,45806.689672805805,304.0,7.110459136754798,265.1316361567042,138.1429062321804,35.113446279290656
502,45904.0,45904.81759062955,45899.06954048971,45874.10456752752,45849.737602725385,240.0,4.547859177477221,228.76092554943534,152.51574376105782,40.33481005585054
503,46128.0,45908.02757909355,46103.178168487706,46011.67259505235,45887.35929291751,72.0,1.883801530682831,79.99947043654538,79.40432505099307,25.589654837993294
504,46048.0,45908.58519369092,46059.0684813628,46032.91321762951,45900.91691240137,8.0,-0.6218901413594722,11.232719689112855,13.69723139191774,6.203465103935741
505,46144.0,45906.78379881083,46125.64360786593,46039.06705783618,45899.76622312538,-8.0,-2.724980099195818,-25.206834167216584,-46.31263087523985,-13.362378119723871
506,46032.0,45903.135233492525,46008.65481302837,45940.28795587903,45874.192156161924,-256.0,-4.249026644971309,-233.7147296957155,-144.63512401763364,-33.464459155355144
507,45632.0,45898.28574552089,45658.2141484745,45749.796809800915,45832.83730481467,-248.0,-5.115264693446079,-219.36992218135856,-131.59274117766108,-31.312986106524477
508,45536.0,45892.90470410563,45569.91496866565,45677.10247352371,45811.566183948875,128.0,-5.349043205918861,81.27566351942733,-2.143099515353242,-7.492811668351351
509,45888.0,45887.58765910905,45820.765475513355,45745.51061077021,45817.851681477965,-112.0,-5.0643157948652515,-85.32211558552808,-2.836557368398644,2.7780816029880953
510,45312.0,45882.7760725159,45399.2707374946,45671.42935878691,45817.12234715485,184.0,-4.435739519911294,185.72329773038655,105.63342741016459,24.52678303463108
511,46256.0,45878.71618006923,46192.21207097413,45956.77746559054,45866.90524754723,360.0,-3.6466567073111946,303.13734007400853,135.73683959888876,30.328162769736082
512,46032.0,45875.48275910128,46005.545417642614,45942.90303798469,45877.77867269432,-400.0,-2.8524070223866147,-322.9847834021093,-58.42290861350193,3.162358781813964
513,45456.0,45873.01136602445,45546.24250416991,45839.931648363534,45873.229965110855,280.0,-2.1727384290315968,248.10603401068875,88.99443456060908,16.31279067207288
514,46592.0,45871.13728224322,46501.75748566399,46120.891907105906,45910.40425403847,200.0,-1.6814563065599941,171.2049958178759,45.40621229532917,3.0945016295372625
515,45856.0,45869.64845341133,45888.65249580566,45930.74407295419,45879.41896836993,-416.0,-1.4156002409945359,-368.89630518405465,-152.77579767461793,-29.814337250045355
516,45760.0,45868.30608176123,45763.96487529588,45815.34031175667,45850.77557953838,-104.0,-1.3954513402168232,-104.86324403036633,-87.73360531919025,-24.104609854628507
517,45648.0,45866.8575507309,45678.92600774493,45755.27686231581,45831.20974866067,104.0,-1.622636447496916,69.5911711737026,-6.425018282949168,-10.405343444672326
518,45968.0,45865.060808866234,45903.14721764329,45802.49027519077,45829.96489264903,-128.0,-2.0750711332875653,-100.04270188520968,-35.54144952965726,-8.14661137919029
519,45392.0,45862.707408464325,45478.84060397451,45684.1939632565,45814.91652590229,-8.0,-2.6989227564372413,9.896406203759398,27.80066969397012,6.0974595483749
520,45952.0,45859.66296335336,45922.940030050806,45858.09161457871,45842.15981174578,368.0,-3.3961795318209624,298.7995763303152,126.94345861157126,21.7512764307794
521,46128.0,45855.91504940068,46076.43975663514,45938.08088047964,45858.41907876385,-152.0,-4.032735857079388,-104.30149023998456,-14.970293859249068,2.7802209562614735
522,45648.0,45851.5974916392,45714.33704957084,45828.151026860214,45847.720253658306,-24.0,-4.4583025311658275,-30.4174592101117,-19.854340189314826,-0.712812422629213
523,46080.0,45846.99844433835,46015.60483821492,45898.37220010101,45856.99345391859,-16.0,-4.542566996206006,-20.708020281326753,-20.592726708702685,-1.8771270437828207
524,45616.0,45842.51235764679,45672.92100900818,45786.96557344281,45843.96599957074,-72.0,-4.212496375530463,-58.07878416582025,-25.92383993679323,-1.6291543693150743
525,45936.0,45838.57345158729,45899.447269883276,45846.52452022742,45853.73514517996,64.0,-3.48024634981266,43.76261029146917,14.821206898326636,5.655902868216799
526,45744.0,45835.55186494716,45760.44622959112,45816.60798723946,45855.277805307174,-96.0,-2.4480494971430744,-56.769892336527846,6.3874606317695,7.10655039257108
527,45744.0,45833.677352593004,45785.90748521022,45859.29944149096,45867.948245965104,288.0,-1.2846272824172047,234.99868167018576,100.3411749969855,18.867852956187562
528,46320.0,45832.98261038233,46230.44359293149,46017.29033723343,45893.01351121955,-8.0,-0.18913427018924267,-3.245927621243027,6.636064359187003,3.7159408154220728
529,45728.0,45833.299084052625,45779.415629967734,45872.57157020934,45875.38012759595,-240.0,0.6589425895326713,-193.9498131250948,-72.43298191942813,-10.264377243805939
530,45840.0,45834.300495561394,45842.5439666813,45872.42437339458,45872.48475673194,104.0,1.147453582550952,75.8481701200908,16.064989882528607,-1.2711330274105421
531,45936.0,45835.59399121773,45931.111970207916,45904.701549974394,45872.83786154113,80.0,1.260678634273063,64.1278545661844,16.62795156701395,-2.8050021137569274
532,46000.0,45836.82185282994,45970.79967581367,45905.680276528605,45866.874752504424,-128.0,1.067567422396678,-106.31391532588532,-46.18113518148675,-12.619371411477914
533,45680.0,45837.72912606252,45718.484139556145,45812.33927961142,45847.59911871817,-72.0,0.7000322190251609,-59.89483847679003,-27.171357111474208,-10.895677850348875
534,45856.0,45838.22191726799,45851.00999886009,45851.337562305656,45845.083396803726,136.0,0.31428189682628727,107.57585360441954,36.66706384706413,-3.0615520742576336
535,45952.0,45838.35768985617,45933.635846764984,45885.67340730555,45841.47601456966,-24.0,0.03618143322819378,-9.19491827020829,1.1725486526665918,-9.133581505586335
536,45808.0,45838.29428013445,45832.620162319676,45853.68265961099,45826.81623379255,32.0,-0.07131349213887006,22.085127153084613,-9.149417889064352,-13.718969087472942
537,46016.0,45838.215062871895,45977.80610107115,45867.37457152742,45814.03807639471,-32.0,-0.018315168123081094,-45.78355589277635,-60.62080231986329,-22.876253578109754
538,45744.0,45838.2576497982,45741.05305053412,45732.44105497126,45781.063726636334,-272.0,0.10176375105947955,-251.48779786640443,-140.71298907052187,-31.121163426560088
539,45472.0,45838.418590374014,45474.830505338345,45585.948593386376,45751.79574954159,-288.0,0.1517608139110962,-252.0700185040696,-89.51816489169869,-15.278189617663884
540,45168.0,45838.56117142602,45236.913013525984,45553.404725187866,45750.507347401006,392.0,0.007334272155276267,356.9246984277779,160.15849439541853,27.83696522946775
541,46256.0,45838.433258918325,46188.6799021939,45906.26558217721,45807.469680000526,392.0,-0.4199547800999426,364.8892770272323,177.99364807795428,34.5358165995458
542,45952.0,45837.72126186582,45966.69156758045,45909.392021343774,45819.5789806001,-176.0,-1.1445138418748684,-148.53049671123154,-18.177550161552062,5.488249629575876
543,45904.0,45836.144231234575,45891.61890877144,45869.91048185411,45818.44617925968,-152.0,-2.089633796676935,-136.97811495181304,-56.526298562610464,-5.41049237743573
544,45648.0,45833.54199427247,45692.73533767682,45796.33942421855,45808.757995845226,32.0,-3.104815587750636,24.793117289496877,0.5986544737206714,-1.6502836221916368
545,45968.0,45829.934600059074,45941.20514335043,45871.10779080155,45815.145612015294,144.0,-4.000197399473109,114.49552242574282,26.322261983772478,-1.255103229166707
546,45936.0,45825.54159947352,45921.72638252831,45848.9839481861,45806.24778938689,-96.0,-4.588475651264162,-90.84684818056849,-65.63186852240688,-15.385433159055538
547,45776.0,45820.757648756546,45759.511446989294,45739.84405375674,45784.37474569718,-272.0,-4.721742464611452,-244.6577005925319,-127.2178675509931,-21.454306404852105
548,45392.0,45816.0981145443,45432.410981343244,45594.54821308411,45763.33917657719,-152.0,-4.326641893254418,-125.04555892984718,-44.0217341305688,-2.4686102911327907
549,45472.0,45812.10436497004,45509.4203291296,45651.8005854956,45779.43752511492,376.0,-3.407130596187926,320.81672532992525,147.15266515928306,31.47022479347288
550,46144.0,45809.283853351924,46074.044432003095,45888.85354340268,45826.279626164134,152.0,-2.038349216487404,158.14053099336525,109.47972960842526,30.95608235742111
551,45776.0,45808.02766653706,45825.70139111633,45870.76004471245,45841.34968982976,-8.0,-0.3545222444990941,0.163914694905543,29.28652366598908,18.337548157116544
552,46128.0,45808.574808862926,46074.372261392906,45947.426590734656,45862.95472247837,-8.0,1.474413475356414,-19.46782275890655,-13.620158610461658,8.352768772525451
553,45760.0,45810.976493487775,45786.76574559852,45843.519727491526,45858.05522737481,-184.0,3.2628254959490732,-153.7777878017987,-62.14699949736678,0.0032662651865393855
554,45760.0,45815.100459854824,45766.81668578931,45823.13259173992,45862.96125500874,16.0,4.831181681143789,14.13436913732221,11.179160118357686,10.054090384364827
555,45792.0,45820.63885685006,45815.03448387316,45865.87804772824,45878.16340814354,184.0,6.011786384977313,163.39021744966158,79.68447985243984,19.510323541977414
556,46128.0,45827.12403262478,46093.59712068863,45982.5015514448,45901.981902092695,128.0,6.6516113603174745,106.54824025861672,43.87427943896546,12.51758905378665
557,46048.0,45833.9420795707,46028.130964390395,45953.62660660617,45903.198586251114,-184.0,6.621717272864771,-164.8113343462428,-76.0616415355471,-6.0233865290247195
558,45760.0,45840.36746717051,45763.974451996146,45830.37826837371,45889.935129034646,-288.0,5.826438726784545,-244.2842524135085,-88.05920404561402,-6.766700764732377
559,45472.0,45845.59495702427,45539.56245956338,45777.508198514945,45889.66518472165,336.0,4.223573660248803,288.89151590961046,99.8840293987123,20.613314923084545
560,46432.0,45848.814614491006,46341.75748381537,46030.14632717113,45931.161758880815,8.0,1.8515921713733405,19.34002418602904,51.711292241750925,16.45466210320228
561,45488.0,45849.29814136701,45578.242507935436,45880.93078299845,45922.57450892805,32.0,-1.1448169989198504,32.000010201791156,47.249847326540475,13.141475493644975
562,46496.0,45846.52498049317,46405.75750421895,46124.646021824214,45957.444709868105,200.0,-4.495083977275499,179.0765085765779,58.03824973787778,7.942436433459079
563,45888.0,45840.30797341246,45936.39552508859,45997.0072824742,45938.45938179497,-264.0,-7.814692405529058,-218.30958267299502,-73.13509811291806,-16.462358983390004
564,45968.0,45830.89559568211,45969.13833887296,45978.37582559838,45924.519991901325,72.0,-10.634311928581155,38.434508149148314,-13.443544076631952,-16.113390298574814
565,46032.0,45819.0393495553,46013.26454138689,45970.12019432094,45906.23260119782,-56.0,-12.465880473188008,-49.55109055162393,-39.19553411696688,-24.575760643616377
566,45856.0,45805.96383473573,45870.03615776971,45899.984757364444,45875.36847061409,-96.0,-12.892892141662742,-73.04759476862819,-48.14305827427597,-29.895707053023216
567,45840.0,45793.253565271974,45867.16935184963,45873.834077772386,45846.441187091776,176.0,-11.658086137875216,132.97995332806386,-9.233640705864673,-28.60522416772801
568,46208.0,45782.64766245998,46135.99606442584,45881.517475952714,45818.158022278636,-272.0,-8.74517124486374,-259.50980693204474,-155.55786384331805,-47.77526369920815
569,45296.0,45775.76322278225,45348.14973798554,45562.71835008575,45750.89065969336,-392.0,-4.411935440482921,-358.7807948751324,-185.43995082408946,-44.52282960060984
570,45424.0,45773.823791579016,45418.434474675574,45510.637574304536,45729.11236307742,48.0,0.8428601567247824,42.4571100678877,-8.761988628943072,-6.522678462071781
571,45392.0,45777.4489430957,45433.06395812132,45545.194372827864,45737.845302769216,248.0,6.352880710848694,219.9492740523201,111.15398493725661,26.02520483026092
572,45920.0,45786.52955300071,45858.333022780214,45732.94554417905,45781.16277273794,120.0,11.402556396220461,116.93417855997541,94.22394344070926,36.37560860562007
573,45632.0,45800.25405588814,45666.93231524127,45733.64225970928,45810.596519980456,-48.0,15.367851977713144,-16.739131332593388,51.517845384878456,38.363573241542326
574,45824.0,45817.26525695614,45824.85476011503,45835.981234948806,45857.88991922102,184.0,17.835309411057096,162.19624544889666,108.32959271392247,48.987895201615174
575,46000.0,45835.92467471025,45991.32480613906,45950.30144513713,45908.572310383686,136.0,18.674094510086434,123.09407671932786,89.4709327568853,46.11100668184736
576,46096.0,45854.61344597631,46071.04291355368,46014.923100462576,45950.11193258472,-72.0,18.043775646678114,-45.067324816980545,24.083205556733446,34.24521883026682
577,45856.0,45872.01222600361,45901.1901565051,45998.467856250594,45977.06274804422,64.0,16.341276107301383,56.09802547693107,54.77868391331867,33.00395286171624
578,46224.0,45887.295998190915,46183.238964507545,46124.48046828921,46016.11983830815,72.0,14.096277703301894,78.24363054016067,76.25284618322621,28.663082179336925
579,46000.0,45900.20478141021,46057.67741758542,46150.97354861705,46034.388912402894,304.0,11.852288576345018,279.2592546190572,101.97985463635268,19.988519714886934
580,46832.0,45911.000575343605,46741.75747374566,46328.44017756192,46056.096877737924,-96.0,10.036230628033081,-104.37462343450534,-74.31328227416452,-17.087190778074728
581,45808.0,45920.27724266628,45848.92817071641,46002.34698406872,46000.214530846744,-512.0,8.87726616740838,-467.38011473822917,-228.9197014588499,-46.27162034883804
582,45808.0,45928.75510767842,45806.9972442692,45870.60077464422,45963.55363704025,-24.0,8.386227032216993,-46.94470510121755,-100.4458221023815,-28.883211954489525
583,45760.0,45937.04969673071,45755.03876051398,45801.455339863955,45942.448106937765,-96.0,8.368510055282968,-76.76468118534831,-48.41776484829097,-11.983124755592144
584,45616.0,45945.49212778899,45653.467881898505,45773.76524494764,45939.58738752906,96.0,8.496303849598917,85.76853087706331,51.192527557504945,13.318649967754027
585,45952.0,45954.04230442991,45926.5758222681,45903.840394978964,45969.08540687327,152.0,8.412477099169337,145.9870517101117,105.99534752080581,30.352289687871234
586,45920.0,45962.31708198733,45945.44198531873,45985.75593998925,46000.291966904806,144.0,7.816088270425098,146.07608964428073,114.79351500491612,35.22115837677484
587,46240.0,45969.67448097076,46218.728001556665,46133.4274249888,46039.52772362682,200.0,6.549641206893284,166.9260240212716,94.3851974939389,29.212142903354106
588,46320.0,45975.41636440111,46279.29403336127,46174.52633497713,46058.716252711514,-192.0,4.630157829178643,-142.96380138901804,-31.637922523103043,6.124341720271332
589,45856.0,45978.93479662912,45932.80039877863,46070.15157994259,46051.776407067366,56.0,2.231041208568058,37.508359310519154,2.7010349367592426,2.8489747092171456
590,46432.0,45979.87844681825,46354.31075198231,46179.928404850645,46064.41420212995,64.0,-0.3655461577109236,33.06411311523334,-16.258972666626505,-5.741494830916054
591,45984.0,45978.203704313695,45998.928625009095,46037.63363460934,46040.29341740553,-352.0,-2.8381000843437505,-280.7390019277591,-115.4779529366424,-21.306113854141586
592,45728.0,45974.20224664956,45792.83274812679,45948.97249897736,46021.801974421665,168.0,-4.897669822334137,118.06786375167576,21.82511385671023,-3.8013442627852783
593,46320.0,45968.40836466903,46235.06435251245,46081.28386232276,46032.69072887996,8.0,-6.347625209142279,17.5533669478682,12.95329450677309,-3.4767090977038606
594,45744.0,45961.50699623128,45827.93948202253,45974.87908799091,46014.84855622626,8.0,-7.112463588189712,12.572539622717159,9.034769663598126,-4.299744842392101
595,46336.0,45954.18343749265,46260.20943175788,46099.353401649954,46024.09123919518,80.0,-7.247397364451899,53.31710852474862,6.151014484028565,-6.352755071318825
596,45904.0,45947.01220150237,45934.573699072025,45987.181116958964,46002.14304608362,-216.0,-6.909424128029059,-172.767237325741,-70.58172621151243,-17.04104080738034
597,45904.0,45940.36458923659,45914.6749571064,45958.18994922693,45990.00915758042,56.0,-6.317322848055483,33.47604356638112,-1.8961931185694993,-7.8334306241813465
598,46016.0,45934.37755580626,46001.52578620479,45983.388730721825,45986.47618483526,8.0,-5.709527911240002,14.479760122325388,8.893146855803934,-5.009163503393211
599,45920.0,45928.94553341411,45943.63447735105,45975.97624293854,45979.99083057363,72.0,-5.301155923469196,60.2810779015017,20.575633685981302,-3.485812732949853
600,46160.0,45923.775243959324,46122.08794200779,46024.53999809379,45979.50455936936,0.0,-5.24858470322215,-11.10682530428312,-19.166245797852753,-9.51104323580148
601,45920.0,45918.448364007665,45921.420826742484,45937.64375134283,45960.96874410203,-232.0,-5.619023437888245,-193.56298155291006,-78.0743710795432,-16.487378062229254
602,45696.0,45912.53719708355,45734.96197890197,45868.3912559347,45946.5298032449,0.0,-6.379271710742614,8.351046669329662,16.94313255922316,-1.9124506948865019
603,45920.0,45905.68982058618,45938.12292008114,45971.53001646128,45957.143842712256,352.0,-7.3991463200582075,293.775541584906,128.90376875721267,12.471231602972694
604,46400.0,45897.73890444343,46322.51306207178,46126.198793449126,45971.472266450844,-32.0,-8.46222507134371,-3.044547650450113,17.768173712414864,-7.0979629388712056
605,45856.0,45888.76537044349,45932.03382478024,46007.06636388611,45942.94791683451,-8.0,-9.318612971150287,-10.310113390318293,-43.59924761996808,-24.176953774607682
606,46384.0,45879.10167850113,46301.892835291146,46039.00029820919,45923.11835890163,-304.0,-9.730292516913323,-296.89564887950473,-140.5659165723191,-42.873639987799834
607,45248.0,45869.304785409666,45338.24252702123,45725.93453074147,45857.200636858914,-104.0,-9.505748046180088,-103.96782859264931,-74.09850209698197,-35.457690199771605
608,46176.0,45860.09018240877,46093.95717810585,45890.803294015226,45852.202978502086,216.0,-8.571220045727387,193.24953288890174,22.270410281362274,-21.187509431721992
609,45680.0,45852.16234531821,45724.74159279904,45770.475351304194,45814.82561799547,-168.0,-6.99369786940224,-145.50762131162264,-75.09026705892757,-30.636079606840212
610,45840.0,45846.102786669966,45802.9419354826,45740.62275989737,45790.930819288405,-96.0,-4.950023079225502,-107.08997990342323,-79.54121145814133,-26.348257742647547
611,45488.0,45842.26229915976,45510.56163299219,45611.39292838791,45762.129102510175,-224.0,-2.708676277903578,-179.5721375294488,-67.53336731550735,-15.095261652721092
612,45392.0,45840.68543411416,45443.797660423705,45605.556025266356,45760.74029598296,248.0,-0.576428541156929,212.79826434320785,100.94110951162293,17.048208271939075
613,45984.0,45841.109442077446,45936.158161678606,45813.27514741116,45796.22551905405,264.0,1.1866692165931454,232.57737485473262,122.3566958503834,26.096499023788056
614,45920.0,45843.058772547345,45908.95241013317,45850.26941696712,45812.93329403054,-120.0,2.4311044205533108,-82.44370087958669,2.128978039523645,11.354439678016206
615,45744.0,45845.97165091855,45771.27075991943,45817.533103490205,45818.934398410085,8.0,3.136289837570075,-1.3278506165770523,4.0302382681838935,9.747824300047796
616,45936.0,45849.331352222485,45906.296708900016,45858.32989350349,45832.428942630635,-16.0,3.4067290264465555,-13.49050651934158,1.9617367650280357,8.315991352083074
617,45712.0,45852.785108971446,45744.28974688075,45821.45657702026,45835.56638111425,-16.0,3.450435880396981,-0.5582276155182626,17.85497202690385,9.315757539330662
618,45904.0,45856.23222398328,45905.18025366898,45894.0398375573,45851.060457709296,200.0,3.507622581022588,166.79177513313698,67.60317931568352,12.847099480510224
619,46112.0,45859.80035413349,46077.87329714702,45956.66293565163,45861.26058007527,8.0,3.775950919927709,2.0595292131656606,-15.045434079856932,-2.336848630264285
620,45920.0,45863.784125823135,45909.29931209531,45863.948969397585,45846.38676044877,-248.0,4.370706741770846,-222.07742457515997,-120.73948155525432,-18.554481604063767
621,45616.0,45868.54176761703,45633.7184479967,45715.18397254112,45824.151616867144,-208.0,5.29020057040907,-186.98862411509617,-99.17301058590238,-11.82756273826817
622,45504.0,45874.36452696395,45535.32206386512,45665.60294822578,45822.73163497223,64.0,6.420875545816671,58.21393519400954,31.220449797550827,14.516599853701337
623,45744.0,45881.383518708666,45750.14631838472,45777.62487213622,45853.18481657455,288.0,7.581219445972238,245.5558464432106,128.83435997855122,35.912422431043524
624,46080.0,45889.5269658559,46026.43375675154,45923.27166818288,45894.55647983432,-24.0,8.579360751511558,8.456222124506894,67.2826301380992,32.0994872514857
625,45696.0,45898.54224021169,45767.05876263374,45912.19013241242,45917.38379107752,128.0,9.273839559864427,130.88915666921457,97.01353043574636,33.896500797072804
626,46336.0,45908.074644975626,46288.21207008997,46117.298729054375,45962.349481428464,304.0,9.605928525223135,247.24332028772915,95.75796116913989,26.283164422373375
627,46304.0,45917.754097262135,46261.545403209195,46103.7060547507,45969.950119922265,-328.0,9.619565123983193,-280.36273368746697,-113.73964692831942,-9.101855510085443
628,45680.0,45927.31377522359,45727.486602715035,45889.819435197736,45944.14577040829,-296.0,9.43333479723151,-255.20270406632335,-108.97690195410178,-12.597060993561172
629,45712.0,45936.6207668566,45751.13999507655,45885.752250842495,45944.75599793514,256.0,9.195696753875382,219.3533677442465,82.80894106601045,12.248027423611347
630,46192.0,45945.70516873134,46166.19333820353,46055.43731732976,45968.641825255516,336.0,9.040669837995665,286.0200341445998,101.4037251521404,12.717918583144638
631,46384.0,45954.70210653259,46323.18006336575,46088.559701146776,45970.19183510143,-272.0,9.03793052112087,-244.53603705585556,-114.59776560959654,-19.140398399009428
632,45648.0,45963.781029773585,45677.12126409182,45826.241786110564,45930.3610284575,-464.0,9.18437632417772,-403.02939976806374,-173.19702198092637,-25.712755221062253
633,45456.0,45973.070859180945,45517.12126382962,45742.16565718492,45918.76632465931,248.0,9.411989686203015,204.27201824798613,59.00669966682108,11.54361243477615
634,46144.0,45982.60500914599,46085.66530058779,45944.255185444206,45953.44825332705,248.0,9.611980905112432,218.20484033502362,102.21712098138596,25.15434133409508
635,45952.0,45992.29482099117,45953.53094449967,45946.599899147695,45969.0750073275,-176.0,9.695120286218298,-124.47963358978814,-0.35533672266319627,16.48050436682388
636,45792.0,46001.99524971843,45836.70603340821,45943.54451199888,45986.4092620607,120.0,9.625241111985815,106.70525594960054,72.71686885062081,27.054717836235795
637,46192.0,46011.54530321514,46166.94145639887,46092.03363684894,46023.18444299997,248.0,9.423267125432176,204.94270498501282,98.50594327452927,28.334403089265834
638,46288.0,46020.84178396929,46246.59144337824,46140.55639854794,46043.07806823923,-176.0,9.167435448795004,-127.39279612944665,-25.199039027029357,7.647528651225002
639,45840.0,46029.88017411273,45912.155864139975,46041.63555879488,46038.47950030242,40.0,8.957793539862905,26.343741461612808,1.8969396443826554,5.3254070783114
640,46368.0,46038.75737104902,46299.278926301464,46144.350277836704,46053.72888239585,72.0,8.862065637709748,43.517693668789434,-9.110142039822676,-0.46417378677870147
641,45984.0,46047.60430538815,45999.191251477554,46023.41527471523,46037.55115272886,-272.0,8.874471299099241,-224.1314174361287,-101.22736576385432,-13.50017203054449
642,45824.0,46056.506313647216,45851.01609142921,45941.895546308995,46026.72853833476,0.0,8.894318396447488,-13.09470290232639,-22.57195525174393,-0.6861874773603631
643,45984.0,46065.392942181046,45973.0018456729,45978.271364211745,46036.17877777414,72.0,8.73054013977162,66.99498260820474,33.51150000862981,12.059178328083362
644,45968.0,46073.96739392676,45985.006056645616,46008.918546326255,46050.84689499093,120.0,8.13863843505169,97.03449420080506,51.10645527762972,18.810461966339062
645,46224.0,46081.67021905115,46167.07083407451,46080.484274767005,46073.79970170682,-136.0,6.877352759907808,-102.5810521985295,-0.19213417574428604,15.442791801226122
646,45696.0,46087.722099446575,45779.84395224856,46008.534277974766,46081.73247859338,120.0,4.783835597892903,123.72247539384989,84.3171421951447,27.219400816233247
647,46464.0,46091.237890246935,46414.51578486221,46249.118559157294,46128.238503339286,344.0,1.8231422126591497,295.5211609476646,133.14356076117474,29.71794991286879
648,46384.0,46091.36838387189,46370.886274143886,46274.821399497116,46141.16837841912,-136.0,-1.8904879669862567,-109.19813999887992,-28.886459911620477,0.7882940007875732
649,46192.0,46087.45691431296,46196.11950486445,46191.34563933405,46129.81509134086,-160.0,-6.065420111273852,-154.16924495718195,-83.80294049603981,-14.462532511213794
650,46064.0,46079.237543649346,46062.54778422952,46107.215518505036,46112.24331339669,-168.0,-10.273923641263536,-140.83279948730342,-62.52236157649895,-15.159612274332176
651,45856.0,46066.909067030436,45914.453905889844,46066.300916181055,46099.4958667922,160.0,-14.046073369252554,144.17565110955184,64.23585576655023,-0.5726532648914144
652,46384.0,46051.14539691084,46350.899086448626,46235.68723003814,46111.09800686691,328.0,-16.92302516273412,270.94061280190726,95.229928876146,-2.042959581936884
653,46512.0,46033.06301670497,46456.33513149366,46256.76077393335,46095.40994762832,-296.0,-18.527599548338912,-244.50901850705122,-106.54606913811585,-36.51756185717022
654,45792.0,46014.09019781416,45861.88104943452,46022.595091761905,46038.06288315257,-176.0,-18.662887116468482,-173.4281138661463,-118.86813629049357,-45.043920318130404
655,46160.0,45995.73724247203,46109.47890376137,46019.02450135236,46005.32210699206,24.0,-17.3507423552619,-5.00762686633243,-74.05833973336485,-40.474670810897805
656,45840.0,45979.38871310364,45851.86579570186,45874.478412295175,45957.11354153077,-224.0,-14.812734594779613,-198.2841295502003,-127.30688290959733,-42.352888384753896
657,45712.0,45966.11177328247,45712.910644660966,45764.410735533165,45920.616330222554,-144.0,-11.429396031566284,-134.4019277360494,-83.86230899542352,-26.066394797089742
658,45552.0,45956.52992104051,45583.06194022976,45706.75379430433,45904.98075193659,24.0,-7.683444456615689,25.460996717596572,19.71995592332678,2.0134593108668923
659,45760.0,45950.74488436924,45763.83263809616,45803.85064737982,45924.64324884429,224.0,-4.0578590241857455,199.93388834718644,119.02217676540022,27.89465934990949
660,46000.0,45948.414202992135,45982.92971692413,45944.79814783513,45960.77007063641,136.0,-0.9401479548214411,133.74566344862615,113.34657437287024,34.16532532394558
661,46032.0,45948.8645884596,46031.32396499341,46030.54379612556,45992.97389949218,16.0,1.4299611447459029,45.014073036316404,85.01754635321049,30.252523830378777
662,46032.0,45951.27412528163,46072.957862996765,46114.83324054155,46021.27511829717,328.0,2.9918647973318,283.2167635005717,125.70606468676488,27.76497471984476
663,46688.0,45954.84831805426,46597.757491994555,46281.95592549909,46048.50384893187,-32.0,3.8427750470509636,-47.25163689083638,-35.8993522929195,-4.746076918705512
664,45968.0,45958.95967537573,45978.45458921509,46043.03453595571,46011.78296445976,-568.0,4.185339263705828,-482.98478135596815,-201.40412156551974,-34.53173624912233
665,45552.0,45963.21899658167,45631.78792928262,45879.14768236805,45979.440376433624,160.0,4.25397955031076,119.37610054496326,-0.31301240363609395,-10.970569204455387
666,46288.0,45967.46763447635,46217.20679030502,46042.40851114844,45989.84182605085,200.0,4.238246105091093,164.34969848314358,40.46508435460419,-4.506459080232162
667,45952.0,45971.695488791855,45960.487326248905,45960.07785107726,45970.42745827316,-272.0,4.241951291933219,-214.28283281158656,-78.29173453255135,-18.492994864027423
668,45744.0,45975.95153706022,45788.641124681846,45885.825042083336,45952.85583632279,80.0,4.276451549958438,51.35942184216765,-3.3402879522582225,-7.1288301342319755
669,46112.0,45980.24839189177,46063.20616993324,45953.39727517274,45956.169798004696,56.0,4.280874634947395,30.59589491760562,-11.729129324219684,-4.477548417860817
670,45856.0,45984.51328633011,45849.83291451706,45862.366783434896,45943.90073948707,-304.0,4.171630779401312,-244.20868283088566,-87.84710002040083,-7.874021543269919
671,45504.0,45988.591653450574,45574.78880427147,45777.70307513194,45940.421754918156,88.0,3.914907130467327,78.89991111174822,52.187829263013555,18.342103176993987
672,46032.0,45992.343100591046,46007.632736740554,45966.74244196092,45980.58494584106,360.0,3.5751587092709087,311.00761617186436,156.41058780944513,37.59243821495329
673,46224.0,45995.741970869116,46196.8040366152,46090.52425075083,46015.60663134806,56.0,3.3143991377946804,53.19148295065679,57.043934165318205,24.60201707440865
674,46144.0,45998.971898866635,46114.01570264187,46080.83031029156,46029.78897998988,-288.0,3.3705441179699847,-232.7098207640156,-41.27878531348688,8.471797641308513
675,45648.0,46002.483059105056,45731.38439508717,46007.966680123856,46032.55022663068,288.0,3.9925126178168284,260.70843064780274,107.11970989422844,21.988757972336316
676,46720.0,46006.95692410227,46635.43256393747,46295.06973008002,46073.76649593455,296.0,5.338107666080759,254.79322577100902,74.63791499616491,8.904594100593386
677,46240.0,46013.15927443722,46240.970846629185,46157.242510116186,46050.359414831866,-448.0,7.402495512193127,-389.60748416234856,-179.20596490574098,-32.88911036108402
678,45824.0,46021.761915126655,45856.217595612776,45936.657800268535,46007.98827521238,-216.0,9.979741128758178,-223.66527295253763,-164.2558097133806,-33.17172585886874
679,45808.0,46033.118756694734,45793.64030072411,45828.730890689425,45984.01596311413,-136.0,12.6693056253971,-134.37579126810306,-97.5614642343935,-15.17151394254688
680,45552.0,46047.10052637745,45587.46601307657,45741.53487179975,45977.64524732729,-48.0,14.950804397140018,-28.844222264713608,7.57141701018918,14.911546579525748
681,45712.0,46063.020365489014,45735.95185619468,45843.8737247098,46013.83905627318,296.0,16.299342696147505,268.2451240915434,168.27571526496104,51.28576175954731
682,46144.0,46079.699211769745,46123.95626125966,46078.08630232967,46080.21677084638,304.0,16.309802325005876,287.78571136323444,201.25572878470484,63.18855311552397
683,46320.0,46095.639970139026,46311.52327892115,46246.38518227921,46140.21616250423,144.0,14.804908414072997,145.18341226724806,131.49147108914985,51.01019978305703
684,46432.0,46109.30902859789,46414.32308579415,46341.06924450797,46182.237170412496,-8.0,11.886929055905057,14.415235843778646,49.218684482737444,29.532866428893612
685,46304.0,46119.413828250836,46340.35375060871,46344.82255124469,46199.281895362015,136.0,7.93093933925411,107.79941785809206,24.16458235906248,11.808819717618462
686,46704.0,46125.1709072764,46629.92192151034,46389.398409226094,46205.85480984773,-288.0,3.514495109931886,-261.0556147443931,-112.72493740554273,-18.334345021896297
687,45728.0,46126.4428184707,45818.24252111992,46119.3726764336,46162.61320531822,-104.0,-0.6979639654782659,-108.40970917485174,-74.33939457569068,-21.510944263594865
688,46496.0,46123.77497934544,46413.10250316063,46240.71962007471,46162.83292132054,136.0,-4.085742727820616,108.54880542563114,-6.2932463215329335,-16.438637931656558
689,46000.0,46118.27133301506,46035.340131971185,46106.78618379054,46129.73592945491,-256.0,-6.17134024580082,-201.06171133351017,-80.54034438891176,-26.610195392884634
690,45984.0,46111.43229885384,46010.97908049361,46079.63893129689,46109.612530534774,144.0,-6.693514943748596,110.53435099051057,20.672213154801284,-13.842772393400082
691,46288.0,46104.88430312756,46256.408833952206,46148.13061010014,46102.05038466811,120.0,-5.643528372991568,87.47392321960797,-1.4430161466771096,-16.859626633260632
692,46224.0,46100.14524210786,46185.92692693283,46076.752899003535,46075.89327726825,-360.0,-3.240825191824115,-308.36235922603737,-145.0012615948399,-33.562443536440696
693,45568.0,46098.40265274391,45639.68411550013,45858.12808691046,46034.92549759523,-152.0,0.11456851474940777,-140.30714706122308,-73.5607686378462,-17.62150479326374
694,45920.0,46100.374379137356,45905.31263281038,45929.63136172784,46040.650267681725,224.0,3.9185612761102675,192.19168136215012,76.31895568130858,11.757283470582479
695,46016.0,46106.23977529613,46024.06747822443,46010.76599827308,46058.44006453639,184.0,7.6402200112861465,159.09223653622394,78.5176356817683,19.911800081488764
696,46288.0,46115.65481915993,46223.49710588283,46086.66663309138,46080.4738678447,-160.0,10.796415232227446,-123.08484292746652,-24.766048636010964,11.657496700547199
697,45696.0,46127.83260576059,45777.8977923695,45961.233901001055,46081.75505793749,-48.0,13.021058245940367,-36.110351665822236,7.1842184102060855,20.568942989655625
698,46192.0,46141.69693565181,46151.276402551186,46101.03506991179,46121.611753824014,200.0,14.101394183719094,169.76062293760333,94.31870386663286,36.33728357772634
699,46096.0,46156.03539412803,46117.419038244705,46149.87130873432,46154.42962509294,64.0,14.001217675715452,73.23782691705128,75.77189318968885,35.73935252357478
700,46320.0,46169.69937100324,46297.75205638529,46252.57885629117,46193.090458871164,64.0,12.860051573072269,69.09330006701202,68.99697570243006,32.31535672178143
701,46224.0,46181.75549727417,46255.60563837873,46287.86526013918,46219.0603385365,128.0,10.953638630679052,115.88177388710392,67.21903391760497,25.72289659216767
702,46576.0,46191.6066482646,46529.5156041595,46387.01692412638,46244.5362520555,64.0,8.647202717649634,41.48798657823863,4.660126050388499,8.902726121767046
703,46352.0,46199.04990270947,46338.581611535206,46297.18551223996,46236.86579078004,-304.0,6.341032434735098,-258.0259349482694,-117.23865576644675,-13.427171736460878
704,45968.0,46204.28871313407,46013.46373426296,46152.539612593486,46217.68190858258,-112.0,4.413666901302349,-97.79920595745352,-52.376093349725124,-6.699786768327613
705,46128.0,46207.877236512075,46142.9831996203,46192.43332554051,46223.46621724338,256.0,3.163878487648617,204.43546345883806,72.11037571727138,10.557619522969617
706,46480.0,46210.616470109366,46422.334661180634,46296.76036402803,46238.79714762852,-32.0,2.7788716427676263,-8.975232536486146,12.707220501531992,3.270787766563444
707,46064.0,46213.43497979761,46125.03273454733,46217.84776654357,46230.00779277651,16.0,3.323620088154712,7.861746103320911,-1.9887142126644903,-0.4889652131823823
708,46512.0,46217.263710285675,46438.058153387276,46292.7829356027,46237.81921720215,-64.0,4.732027419471706,-56.68381422368839,-34.67336313952546,-5.897614714249357
709,45936.0,46222.89903463655,46011.66510609995,46148.50104026452,46218.21256334801,-48.0,6.821961090605328,-48.06751678758155,-38.031375205922814,-5.496025686741632
710,46416.0,46230.907632466886,46341.92311981211,46216.720185190854,46226.82716582867,-32.0,9.321670570032438,-40.126387227286614,-31.42076247823934,-0.8440392279080697
711,45872.0,46241.54237577662,45931.41233164538,46085.65951530804,46216.524484892194,-152.0,11.897865265629662,-113.44912993986873,-24.23091222878793,6.923543308137596
712,46112.0,46254.703362998145,46115.024859932375,46168.25836073328,46240.674252444944,224.0,14.196625922224484,198.73682794888373,110.72802579187555,30.583480174991564
713,46320.0,46269.93562762107,46328.885987543144,46307.11556689179,46277.69144524218,296.0,15.87272637688875,258.29106532649166,132.4149896044146,34.90176505934505
714,46704.0,46286.44881575192,46631.60699058536,46433.08833994211,46310.477782563634,-72.0,16.62985794576889,-59.2440440309947,-9.483056978631794,13.110226449640322
715,46176.0,46303.195343512605,46210.397899481155,46288.14945293453,46303.91189814146,-304.0,16.264070058979996,-249.21959369841716,-88.86416054031724,-0.17028951510656043
716,46096.0,46318.97695586988,46133.167803188524,46255.36001886147,46310.13720353342,136.0,14.686162285797764,108.60891964996699,46.8905753576837,16.932165568636265
717,46448.0,46332.5676680842,46427.61573878109,46381.9306036499,46337.77622927873,224.0,11.937447837521177,192.52662949803198,93.53588661336835,22.127837209245627
718,46544.0,46342.851851544925,46518.22106218459,46442.43179208821,46354.39287795191,-64.0,8.201391631893785,-38.28936567356868,9.717084482421342,7.136292570779915
719,46320.0,46348.97045134799,46351.03700743395,46401.36477261474,46352.04881442029,-16.0,3.7887108581671782,-11.999017580870714,-0.3846331661006843,-0.7416228106121707
720,46512.0,46350.42927326126,46494.22302702285,46441.66252575601,46352.90963233069,80.0,-0.9155231892800657,54.30115470311648,5.129016019269329,-7.093700473065837
721,46480.0,46347.13940496943,46459.639316840185,46411.62280465328,46337.86141347416,-168.0,-5.482161755833658,-136.38712598174243,-64.22831877609133,-22.155148182820994
722,46176.0,46339.46494974959,46221.44877505936,46313.205888203825,46308.599335965046,-8.0,-9.480830677723134,-10.946666484029265,-29.813972347539675,-22.632110710859706
723,46464.0,46328.17774361398,46437.745983872126,46351.9948599582,46292.59719205244,128.0,-12.54445459908311,85.02712817341671,-17.21359826652406,-24.57228430998657
724,46432.0,46314.376040551426,46391.503031406195,46278.77869167078,46259.45476734507,-368.0,-14.4055712229856,-313.2410821258236,-149.82682245203614,-41.769686340114276
725,45728.0,46299.36660116801,45811.26381962048,46052.341215054126,46209.05781937221,-96.0,-14.91426024815155,-99.40682699244644,-64.26686908958436,-26.34405700424759
726,46240.0,46284.54752005512,46192.6893774213,46150.24495349161,46206.76665333658,168.0,-14.05930224988333,144.87244490733065,53.026215183286695,-3.9528333688067505
727,46064.0,46271.247996668244,46101.00870943514,46158.3936454207,46201.1521526346,88.0,-11.958882127499237,93.36287918952803,55.345514639444445,1.2431069297490467
728,46416.0,46260.629755800124,46379.41513580036,46260.9359827705,46209.252867196075,128.0,-8.831234195018624,95.48210536699116,25.01032873504664,-2.2366420787147945
729,46320.0,46253.58552827821,46291.97292016912,46208.41430289079,46196.67886847717,-264.0,-4.957946075075597,-227.57761478560133,-108.3145284343118,-18.740055295053025
730,45888.0,46250.71386364997,45924.259906229156,46044.306925901874,46171.77275660597,-216.0,-0.6576939921724261,-186.41348279417434,-85.9539140379784,-10.717474040899106
731,45888.0,46252.27014029386,45919.145954580774,46036.506474814836,46175.24392039537,176.0,3.753579524891393,150.61582125550558,66.45278632037662,17.83335980917036
732,46240.0,46258.221022699756,46225.49154874017,46177.21249854263,46207.43947622431,280.0,7.999473142514034,233.8033378602122,109.31227299910825,30.567529640153225
733,46448.0,46268.26908657889,46386.7526303012,46255.13102081305,46236.378979675676,-272.0,11.845383102398046,-219.62451217311536,-18.515967323051882,18.358452435153595
734,45696.0,46281.91178890455,45786.242524393936,46140.18056389652,46244.15638109462,232.0,15.092846983377967,218.7297204699098,107.13982503173247,35.18522047366787
735,46912.0,46298.454780545646,46824.21207124102,46469.41067087652,46306.74942062301,352.0,17.5649539740225,305.6514438848317,107.93544241825293,32.33051055954638
736,46400.0,46317.0416968526,46397.5454121636,46356.05144873303,46308.81740221371,-544.0,19.100372302902542,-454.9847791553366,-135.33349777697003,-2.4911482986135525
737,45824.0,46336.65552515145,45914.242512930345,46198.74367532258,46301.767124025784,248.0,19.54075395783002,204.10603312812236,30.064064250833326,16.838078013359336
738,46896.0,46356.12320476826,46805.757478419844,46416.179577234696,46342.49355824043,-8.0,18.74209799885648,-21.227291867802705,-22.474309470533626,13.051112126668158
739,45808.0,46374.139721149164,45871.78792919474,46153.79505638151,46327.86934827912,-432.0,16.60776413271742,-373.6514406086171,-89.4869926624342,11.369257452650345
740,46032.0,46389.33873303369,46058.45459720261,46237.20559190983,46365.23207314573,456.0,13.145151045559032,398.62733400205616,186.01333148323465,54.02432852389393
741,46720.0,46400.43002324028,46669.04259719885,46525.82171934798,46435.91800532691,272.0,8.495887694418343,276.113306009378,191.52698711214543,56.48183244752363
742,46576.0,46406.33050842253,46610.681209221366,46620.25956613412,46478.19573804078,104.0,2.9591574044425215,115.04465812934723,116.56762985319801,37.38751961590606
743,46928.0,46406.34833804917,46899.131913457546,46758.956979054376,46510.69304455872,184.0,-3.0137261659256183,144.11027152391398,54.17590244744133,11.631958745878364
744,46944.0,46400.30305609068,46898.901752269194,46728.611371029,46501.45965553253,-312.0,-8.875720056759747,-273.6070668647262,-138.03992251087402,-31.360406249557855
745,46304.0,46388.59689793565,46351.91777972809,46482.87713403263,46447.972232059605,-280.0,-14.062854175299435,-259.5094068783037,-156.29566998005976,-46.288811869948404
746,46384.0,46372.17734774008,46379.88293851259,46416.02003106888,46408.88203179264,24.0,-18.076744880658225,7.379851347424847,-50.84708742930161,-37.84609867733889
747,46352.0,46352.44340817433,46366.67748242294,46381.182959174024,46372.28003470493,80.0,-20.558005816197692,60.18195602508786,-20.24559230785235,-35.587995352459984
748,46544.0,46331.06133610768,46500.24685056276,46375.52884645318,46337.70604108772,-72.0,-21.34344195601443,-85.19637904637784,-89.8896894942518,-44.88869156282453
749,46208.0,46309.7565242623,46196.28472433019,46201.40358018552,46282.50265157928,-424.0,-20.477884736501437,-362.53850458162196,-177.4234761748994,-51.47825692947663
750,45696.0,46290.10556663468,45775.16984139952,46020.68189410338,46234.74952722876,-32.0,-18.194863300264842,-25.265675933078455,-18.38073903045006,-20.815647989074932
751,46144.0,46273.36679766177,46145.75337246403,46164.64210212462,46240.87135560113,456.0,-14.871667257764784,379.35039338464776,154.28125908355287,10.965396152419999
752,46608.0,46260.36223211915,46533.870628168814,46329.244412270484,46256.6803195336,0.0,-10.960667787643615,17.470396548869758,25.224516281101387,-1.7570200908448896
753,46144.0,46251.445462086485,46180.69416556177,46215.09113468682,46237.35731541944,-192.0,-6.956659819770721,-169.70563479817793,-78.60771024024507,-14.655138343190629
754,46224.0,46246.44891247961,46194.45935857246,46172.02899178999,46227.37004284722,-144.0,-3.312154912855476,-133.93801412701941,-69.04764700184023,-9.818770429857977
755,45856.0,46244.821152260774,45912.81813730773,46076.99584068314,46217.71977455972,-8.0,-0.387467050095438,2.449465273926762,15.46476923472801,8.435720440487785
756,46208.0,46245.67397837942,46199.35828912031,46202.95853025945,46244.2414837282,288.0,1.539852804668044,243.33159741413328,123.4419547060279,28.333783354883053
757,46432.0,46247.90085787011,46399.481332136,46323.8797500952,46274.38734126949,8.0,2.310315045691823,37.52970369567629,66.86109488335205,22.265224604765535
758,46224.0,46250.2946084708,46274.417696511664,46336.680720026154,46288.77193293773,152.0,1.879421916182764,127.0248469339931,69.1413299440319,17.623188315126754
759,46736.0,46251.659701702476,46653.531026003984,46462.16240998326,46309.63371789974,-40.0,0.287414833848743,-33.2315404877736,-11.437105051260005,-0.4565291429971694
760,46144.0,46250.8694381385,46207.95461553612,46313.806509923634,46287.858874651734,-144.0,-2.365207803868543,-125.80333278726903,-63.45264509781191,-14.581899515422265
761,46448.0,46246.92928609474,46401.924360429446,46335.25711978764,46280.4699188689,-32.0,-5.9213270133514015,-36.408452959454735,-34.92083024217209,-15.76545983939286
762,46080.0,46239.0267841118,46135.13770961721,46243.96484943929,46256.32795497295,8.0,-10.225782645135041,8.901897273815848,-9.30984562870799,-15.325566147301288
763,46464.0,46226.47772080447,46419.72815497708,46316.63742853022,46249.818786574295,96.0,-15.130627147216728,63.2312202452631,-1.0087066439555201,-17.21822906993839
764,46272.0,46208.76552981736,46261.60015010773,46241.94743615138,46221.89149683307,-256.0,-20.471724051709316,-210.12725433068772,-89.71627430315857,-30.432714899568964
765,45952.0,46185.53427270105,45999.4736463157,46137.204879923906,46188.95335677516,-32.0,-26.06319999274274,-24.758272213526652,-12.140116265520192,-21.090472219158983
766,46208.0,46156.63912983188,46212.08360568068,46217.66720362034,46179.710552394754,288.0,-31.663977374413662,233.02798776838972,85.29592550660163,-10.657276760666718
767,46528.0,46122.20631795222,46465.52962185248,46307.79673093711,46167.63880325382,-88.0,-36.945554172551056,-58.90587456578214,-19.972107214674907,-30.08980897823494
768,46032.0,46082.748021486776,46094.271856549116,46177.72298919099,46119.530934438284,-56.0,-41.4818613895477,-59.89848255779725,-57.212247150626354,-43.73132209362666
769,46416.0,46039.24259517313,46345.73265673689,46193.372236635856,46080.17615906657,-128.0,-44.764299522405054,-122.33540204749806,-95.66463423720779,-56.145967418386135
770,45776.0,45993.219422441965,45849.60105245412,45986.39372071657,46007.23899960151,-104.0,-46.23886335714633,-105.66685609248088,-101.78165556099339,-61.375209484984225
771,46208.0,45946.764868458835,46134.398944551926,45989.80892551387,45957.4257400966,-144.0,-45.38407763842406,-136.6666625989128,-105.68033244577236,-62.341972500078555
772,45488.0,45902.45126716512,45576.267727256294,45775.03305582503,45882.555054601355,-56.0,-41.8103027364632,-63.33330355783983,-71.25934177633098,-55.14293276517856
773,46096.0,45863.14426298591,46007.732337436246,45847.29024196121,45847.139874566245,-32.0,-35.35780000695377,-31.012669771585934,-52.09769288321331,-47.858186306799325
774,45424.0,45831.73566715121,45514.24238771312,45670.8376700586,45786.838681987756,0.0,-26.16670074155263,-0.9873802722868277,-53.03373687330168,-42.15925847909966
775,46096.0,45810.8108615028,46005.75757689167,45741.222768214604,45762.821357608045,-104.0,-14.707103756300057,-125.09290027492898,-107.003517736699,-40.67625649931142
776,45216.0,45802.32145963861,45264.056587163264,45456.8306345852,45705.48616898913,-408.0,-1.7452094297113945,-356.17374375270083,-163.97681633679895,-32.860880169449956
777,45280.0,45807.32044264338,45293.41008938627,45413.269135541006,45697.099597269145,120.0,11.74713409742617,96.40394915435172,23.07306872630579,12.46840814346433
778,45456.0,45825.81572783346,45456.86448547197,45502.976772037815,45730.42298527606,176.0,24.730230171990115,167.7768234455143,113.19602251571632,47.044537270721776
779,45632.0,45856.78090298736,45628.9637362773,45639.66118057244,45791.18867181059,160.0,36.24751494031443,156.91793219184183,140.51499882083954,68.72512012505831
780,45776.0,45898.31075771409,45770.70034985565,45784.006769679494,45867.87322552618,96.0,45.55956779787448,115.23836285662401,148.3489739468023,81.27821499189304
781,45824.0,45947.90003858311,45859.44046199055,45936.35912846604,45953.745101794375,280.0,52.21720173090944,265.94242208761716,208.53192301956733,92.35913135791998
782,46336.0,46002.74516117591,46302.585194030886,46201.07061571863,46052.59148824202,288.0,56.089744176402746,276.0707021947528,197.24679511190334,84.67596085974219
783,46400.0,46060.079526935915,46411.58186638005,46330.85271868985,46123.09702351386,184.0,57.32238802419306,166.9060042494457,95.20846231614269,56.66038644753644
784,46704.0,46117.389937224296,46636.39720252978,46391.487540350914,46165.91226113709,-152.0,56.243596455140505,-154.70000022014938,-95.62140816347892,15.910850680083968
785,46096.0,46172.566719846196,46102.181865939754,46139.60990236289,46154.91872487403,-512.0,53.27447277104511,-461.80465787248977,-230.07268680657216,-8.047600019359379
786,45680.0,46223.938882766386,45712.7878867848,45931.34216673777,46149.81706109837,-248.0,48.84242342280777,-225.45454523096487,-82.59665225623394,18.38918927925988
787,45600.0,46270.25156669181,45651.272775477824,45974.416597850424,46191.69710343255,528.0,43.331992098133924,479.61340977857617,230.28273003786308,71.4648975058044
788,46736.0,46310.602866962654,46672.01470634195,46391.907626813496,46292.74685610998,424.0,37.069758547932,416.0508188774693,245.44484236981953,78.88709548293264
789,46448.0,46344.391083787676,46483.37441323276,46465.30628259006,46349.47129439841,-32.0,30.345811956609396,-11.768226945376227,82.0517970715955,51.79800300834904
790,46672.0,46371.29449087587,46648.4782524512,46556.01122095669,46396.34286212668,72.0,23.439059325417475,47.49510147441106,32.71054884497062,33.08871083460326
791,46592.0,46391.26920243851,46578.364616181585,46530.727380280005,46415.64871606762,-168.0,16.630491183859704,-138.2905553616838,-55.92015053668365,10.488289744323993
792,46336.0,46404.55547324359,46371.89714172783,46444.17091988332,46417.31944161533,-16.0,10.215125456576061,-26.98176581460939,-32.471000455025205,5.7366976284683915
793,46560.0,46411.69945335166,46524.401084552366,46465.785379369954,46427.122111324556,-24.0,4.475137830057065,-25.490634413650696,-25.492850828391965,3.158775275460357
794,46288.0,46413.505748903706,46320.91587290053,46393.185218226536,46423.63699216625,-48.0,-0.33927360684538144,-38.90584714918077,-20.007552030147053,3.2967304500016326
795,46464.0,46411.02090613797,46446.589390254005,46425.77027530966,46433.71557222456,56.0,-4.045958904807776,38.62046862348143,13.470194737950806,8.564358669544163
796,46400.0,46405.41383109409,46398.15681014749,46420.12560770244,46440.76570950534,-88.0,-6.548492079367861,-57.64852936905663,4.418136243992194,9.088422756038199
797,46288.0,46397.923921979236,46331.29233151589,46434.606547797644,46451.892417736635,160.0,-7.825493287113204,149.59717894784262,87.78421399403305,19.3213291181346
798,46720.0,46389.762844519864,46697.35116804318,46595.6940356905,46479.408367741606,304.0,-7.9394496293462,252.81467674317537,98.9345057381106,15.486368392048462
799,46896.0,46382.045022720544,46836.92168500224,46632.475559273866,46482.86515452073,-200.0,-7.021271885379974,-175.3468890440563,-94.98069677970852,-17.199955494834285
800,46320.0,46375.720300749104,46346.657389955064,46405.732642131086,46445.00845675194,-368.0,-5.25101845653262,-337.4515142575292,-183.87659607723617,-31.60627493120046
801,46160.0,46371.54298580748,46162.018656487184,46264.72236711939,46419.65260465833,-192.0,-2.8356380178884137,-174.54545103196506,-88.64909145199636,-12.373221860689227
802,45936.0,46370.04902471333,45997.566487891134,46228.43445922709,46420.26201303056,176.0,-0.0052799150107603054,174.99066471410697,109.9293217212471,24.822509023757448
803,46512.0,46371.53242597746,46511.9999859154,46484.58101056189,46469.297622705846,624.0,3.0104476929773227,548.0954970051898,242.4370566157413,46.90049081057441
804,47184.0,46376.06992009928,47093.75748190151,46713.308572458576,46514.06299465171,-112.0,5.992140887861751,-89.77619409351246,-6.6181518740268075,11.268521678452089
805,46288.0,46383.51670775318,46332.44759772837,46471.344706813834,46491.83466606275,-424.0,8.75173417273254,-384.0232592024877,-150.29151223782173,-12.036595285822841
806,46336.0,46393.57338844475,46325.71096349654,46412.72554798293,46489.98980408006,-64.0,11.144219669811719,-58.18181674914376,-20.256384839438397,5.854628221317398
807,46160.0,46405.805147092804,46216.083964230085,46430.83193713496,46503.543922505385,392.0,13.083079345869919,354.38525381579166,153.52235771950654,30.73131455059047
808,47120.0,46419.73954713649,47034.48147112812,46719.770263421946,46551.45243318124,224.0,14.559064727069199,207.2124306067999,88.82345799795803,19.481132334920403
809,46608.0,46434.92327654694,46630.508825443685,46608.47885313087,46542.506187175226,-336.0,15.625190246541024,-291.4285184660075,-111.05198372563609,-12.220936647256167
810,46448.0,46450.98992762957,46451.62443419611,46497.666295970674,46527.01055988673,-168.0,16.382731243927992,-160.7622202670609,-85.97940917486267,-11.545099294158717
811,46272.0,46467.6887390348,46308.98438490956,46436.52003478115,46519.41598858691,40.0,16.957060313496186,42.281875261269306,21.113756201044453,4.776228129525407
812,46528.0,46484.90404825656,46536.188184718645,46539.89380837276,46536.56301614578,320.0,17.477127747195482,268.14472340231805,109.3206777780033,17.57517836616171
813,46912.0,46502.64299452919,46845.2738317142,46655.161390337154,46554.56634531923,-32.0,18.058238347610313,-24.545194433452707,-13.151722867038188,0.13164643941126997
814,46464.0,46521.02052495178,46487.09779585174,46513.590362638686,46536.826309024604,-288.0,18.795076059162966,-242.68705660375417,-116.77584637911787,-14.098720843398041
815,46336.0,46540.233146647515,46359.89971850669,46421.60969757892,46526.368903632436,32.0,19.76738280432619,-7.699484811590082,-49.17581627031177,-0.9389602105475205
816,46528.0,46560.555290560435,46471.69882622856,46415.23873009806,46534.94838860351,-296.0,21.042386335848278,-262.82859584227117,-62.75160243182836,8.926904401250795
817,45744.0,46582.31791931921,45834.24252682215,46296.10649271526,46544.22271243494,312.0,22.676380801058258,298.45816511104204,156.92100897483397,49.285459453170915
818,47152.0,46605.90805216255,47068.61515645064,46729.08074804773,46633.51930750985,432.0,24.709595932927186,425.8684161819001,221.51462935633026,63.372560450410674
819,46608.0,46631.737111185066,46685.97935918595,46739.13575142792,46670.96783333576,0.0,27.1357292041248,7.260998665071384,75.62287909415318,40.59691749269405
820,47152.0,46660.1795105708,47083.137153780786,46880.32650623604,46714.71314249524,96.0,29.867730934704014,52.84356349877635,5.35400792612927,21.880966284243186
821,46800.0,46691.472573054474,46791.6664861835,46749.84376728018,46714.729765904245,-392.0,32.71254741758821,-333.13823667978795,-155.5608553157581,-4.2468882957837195
822,46368.0,46725.60460540598,46416.86068042121,46569.20479560452,46706.21936590367,-128.0,35.37140855047255,-130.50240365622813,-80.03657387340718,8.40056829461173
823,46544.0,46762.21539015542,46530.661678871045,46589.77061953337,46731.53090249347,48.0,37.478986283491395,47.10939280506136,43.45113369553292,34.68808171447017
824,46464.0,46800.56257797296,46511.07946603133,46656.10706299559,46775.59552933261,352.0,38.669954330998735,313.54792445416024,162.38997496001684,59.64440330577054
825,47248.0,46839.55529881742,47157.757527779366,46914.5505694534,46850.81970910501,32.0,38.672243033994164,53.581501150594704,91.71879118451034,55.36516522764941
826,46528.0,46877.90706404095,46618.24246833252,46839.54464536461,46886.32585978791,8.0,37.39453835448876,26.938319958473585,80.76639859351417,53.42244367229796
827,47264.0,46914.344375526394,47211.63416769631,47076.08336664043,46957.664596449606,296.0,34.96869769029581,260.4728924596966,142.5804045960358,56.02196648417521
828,47120.0,46947.84445942154,47139.188253251916,47124.70545455668,46998.36979275626,0.0,31.744815694695717,23.495351815177855,50.97481519458961,34.62368594446889
829,47264.0,46977.834006915786,47258.62487132667,47178.03299702961,47026.91196833854,128.0,28.22252106468295,92.56097470809982,10.344040987729386,16.687773999212368
830,47376.0,47004.289501550906,47324.310202668115,47145.39353653214,47031.745340754685,-328.0,24.938023837654328,-294.2790860793066,-147.94269223139418,-12.379360546128737
831,46608.0,47027.710054591094,46670.066699168055,46882.14761256682,47002.153247246286,-264.0,22.35376971752703,-242.39457689846677,-126.17211768191555,-9.884431146081624
832,46848.0,47048.99704098596,46839.52104887118,46893.04930116831,47011.97647846252,160.0,20.758566009855713,127.0595940590174,33.42633918564388,18.022055139361328
833,46928.0,47069.227186610806,46924.18588728609,46949.00029093811,47038.19735752501,48.0,20.22474970509211,65.59427484538173,66.45113523885448,31.730746938734228
834,46944.0,47089.446540396144,46970.709598561945,47025.951571646016,47075.43797233999,192.0,20.635285890668456,180.0717040855816,117.92706653091591,43.81251343198164
835,47312.0,47110.49775839214,47284.32929545725,47184.85442399994,47125.82238438897,208.0,21.742965335870394,175.2661741815864,95.33006435388961,41.07553126843413
836,47360.0,47132.932471067885,47321.24194692512,47216.611700353795,47157.58903487686,-200.0,23.260507543840504,-156.8776139065667,-39.936873469247075,21.646102231727127
837,46912.0,47157.018773479824,46970.57406764412,47104.980677061445,47169.114588852426,-64.0,24.947552271871245,-57.79754106038308,-15.140684761627199,24.381283418188104
838,47232.0,47182.82757561163,47205.64686480435,47186.33033083054,47206.351601713235,120.0,26.67016542384954,103.30712118197698,58.51481918436184,35.954592946472985
839,47152.0,47210.35910432752,47177.188310008074,47222.01031543017,47241.02377474537,112.0,28.417483787517995,97.48299524409595,70.68514231472,39.12336176940153
840,47456.0,47239.66254318666,47400.612855292544,47327.70061545998,47284.59832525204,-80.0,30.282132998752786,-53.51117825281108,41.54060775979451,35.00446676927095
841,46992.0,47270.92337032503,47070.16595350245,47305.09153094976,47311.032708283914,320.0,32.40630394073378,302.5723093912129,133.93668096466354,42.38601844606819
842,48096.0,47304.47515106813,48005.75747407497,47595.57397738931,47369.370362144175,168.0,34.91749609562976,143.42054305375132,40.2694351341961,22.006171967474074
843,47328.0,47340.75836251629,47357.007039609955,47385.63040121815,47355.04505221886,-440.0,37.86786899976141,-404.94633219066964,-181.12837556207523,-12.973057314371545
844,47216.0,47380.21088906765,47195.86480969363,47233.31722626516,47343.42424751543,-288.0,41.19587518606568,-261.818181448165,-143.6545618204218,-5.249592327661958
845,46752.0,47423.15011288842,46833.370676713625,47098.321277577306,47344.54586756354,80.0,44.71124718755527,77.62263488655663,38.16469010080618,30.74891342628689
846,47376.0,47469.633383442764,47351.11007946674,47309.64660646677,47404.922074368005,416.0,48.1045766299394,360.026415788383,178.14863212284763,61.82231052286443
847,47584.0,47519.3592661483,47553.42350829039,47454.618541823,47468.19048860927,32.0,51.007395997403364,49.4309702755927,80.28120626772943,57.477938671727316
848,47440.0,47571.64817543757,47449.97202001793,47470.20901900223,47519.87795171146,-80.0,53.04639914368454,-53.591388182798255,30.694986680340662,55.681360687765846
849,47424.0,47625.45206443567,47446.240731924794,47516.00851518368,47579.5532099848,120.0,53.90930106396627,107.4723715308537,91.8037537732962,67.45291877257841
850,47680.0,47679.4667775655,47664.91676307964,47653.81652654882,47654.78378925662,144.0,53.42731670668945,143.25984655301363,124.71627463955156,73.96976873465246
851,47712.0,47732.306697849046,47732.76042503082,47765.441064462786,47727.492747454104,176.0,51.615950553714356,171.64578710529167,138.34507014536211,73.48359557018557
852,48032.0,47782.69867867293,48008.20833729022,47930.506666839545,47801.75098039699,168.0,48.68275135298245,156.4895987105083,114.31893579652387,62.745781962737965
853,48048.0,47829.67220055501,48045.73962245184,47994.078936055834,47852.98431137958,24.0,45.01020371929917,26.229397420796886,36.611737244213145,41.48254655157143
854,48080.0,47872.71908611153,48060.66713213181,48003.73014132797,47884.71607350013,-96.0,41.08660835879709,-81.73682966097113,-28.4837240638808,21.96756579555222
855,47856.0,47911.845417272605,47882.265963129896,47937.11148792807,47896.919442970684,-56.0,37.41806357118912,-47.0713533524322,-26.06290943586646,14.249341619091865
856,47968.0,47947.55521325391,47966.52442542695,47951.60432245624,47913.214756738314,112.0,34.44184841831884,76.88058943181386,6.294995756288699,13.556051604544336
857,48080.0,47980.72911410924,48036.02714199352,47949.70147944065,47924.03154617977,-184.0,32.45084957366271,-150.36157346580148,-67.05210329526744,3.018366750449786
858,47600.0,48012.456912401234,47665.801278495346,47817.5001158657,47919.251490239214,-48.0,31.540029445262917,-41.219471021464415,-23.451305642094667,11.18251857139694
859,47984.0,48043.80917299977,47953.588199950595,47902.79886815646,47946.39658332257,184.0,31.6029930338118,135.72792120820668,44.69818636898344,25.26492224948379
860,47968.0,48075.66289846886,47937.25712091176,47906.89648860367,47969.78133473818,-224.0,32.372628551085654,-170.04547448002995,-26.45413525094773,23.473818152524473
861,47536.0,48108.55443010194,47613.497250990535,47849.890597654565,47993.344219627616,144.0,33.48420440151676,149.47747425773923,99.93940787816973,46.43009587081542
862,48256.0,48142.63130727189,48236.21206942724,48106.77530436001,48062.64152647981,512.0,34.5612671799463,438.0240763465845,182.2723588854533,59.62938317618682
863,48560.0,48177.67696446183,48489.5454036837,48214.43531542547,48112.60298597999,-368.0,35.2881485591206,-312.9847722628692,-65.12233122180623,27.59160879917181
864,47520.0,48213.20760439013,47610.2425249015,47976.5306419164,48117.824744078156,-144.0,35.45309363167689,-124.53778730630802,-9.639352550875628,35.11299530207907
865,48272.0,48248.583151725186,48240.46982907109,48195.15661032372,48182.82897658415,424.0,34.979525049144286,383.06910749447707,180.204273569183,60.54568133519933
866,48368.0,48283.16665448842,48376.380739890454,48336.93918905476,48238.916106748555,176.0,33.906872802424914,177.81461027164914,126.25217325842095,49.632935501831525
867,48624.0,48316.396897330036,48596.099049614386,48447.66095684056,48282.09484758781,104.0,32.33710379855984,80.21355779586156,22.55224620607987,26.083483218648325
868,48576.0,48347.84086208554,48536.80785548218,48382.04368146692,48291.08307318585,-368.0,30.391576773268753,-332.8222262310119,-162.59543464017406,-5.257620742668223
869,47888.0,48377.180050876574,47930.45459715236,48122.470087560214,48271.579606102474,-360.0,28.161775665827008,-316.5099630583172,-142.3385501266057,-0.32448677825232153
870,47856.0,48404.164413417195,47903.78792936554,48097.36658121371,48290.43409962935,264.0,25.68171698885999,221.78695841861918,95.5797842603497,40.576198508340894
871,48416.0,48428.54348485429,48374.0285139896,48313.62965608091,48352.732003119156,264.0,22.93524156078638,250.8691751943261,165.07790290766206,59.1345036457642
872,48384.0,48450.03489653877,48405.526279754195,48427.522387029036,48408.703106920875,120.0,19.879149741693254,139.12916453556318,135.65392446264377,57.206259147766104
873,48656.0,48468.30178433768,48652.28684306073,48584.9375050062,48467.14452141469,272.0,16.48291669050377,228.19477861016276,121.88387048026198,48.998640564543166
874,48928.0,48483.000729919775,48861.91583697452,48671.29012798956,48506.70038804996,-208.0,12.761894922721694,-168.39705321983274,-42.00231302186148,18.490886037772725
875,48240.0,48493.82557418312,48315.49273662106,48500.93287896248,48504.12629349023,-144.0,8.796647756447783,-121.35418524190027,-39.89080954584642,10.632220114785014
876,48640.0,48500.59402543267,48619.20746649072,48591.50850889787,48527.96482827953,248.0,4.744125732402608,199.752062323274,66.32988438432949,18.23677620327362
877,48736.0,48503.31382564793,48714.99686126761,48633.59264773114,48540.59984589678,-16.0,0.800100724958611,-9.226298885052529,-9.11953730116511,2.86500991208959
878,48608.0,48502.19422688259,48600.754868720614,48573.26943429554,48533.69484810371,-168.0,-2.834737180317461,-150.46764894393345,-77.6884962878321,-10.620255387886573
879,48400.0,48497.644351287294,48414.06156337974,48478.21565515547,48519.35933512101,-128.0,-5.98004761741322,-116.38548844217075,-55.9459515623239,-8.367546226654667
880,48352.0,48490.23413164776,48367.98389183627,48461.37753117089,48516.9597556504,24.0,-8.507182506062236,33.8417876379026,37.85064160085676,5.84840831191832
881,48448.0,48480.62998627517,48481.74513865555,48553.916938357186,48531.056151744844,352.0,-10.349418936591974,309.19412301576085,145.49787636489054,18.24920368168023
882,49056.0,48469.53529377458,48986.372137867795,48752.37328390067,48553.45816301376,152.0,-11.489304403930873,129.78050563246506,46.64298749381851,-2.725080580388749
883,48752.0,48457.65137746731,48741.30614992048,48647.20291334482,48525.60599058407,-336.0,-11.942185957275797,-298.5352383449426,-157.56891388343502,-39.171872900496965
884,48384.0,48445.650921860026,48389.30166117791,48437.2354561338,48475.11441721277,-368.0,-11.725796699243801,-325.4961828530286,-183.34972914411992,-45.93585251065815
885,48016.0,48434.19978406882,48090.31378421442,48280.50345505658,48433.73428556275,120.0,-10.843073054013075,72.58104410862506,-24.48027354892838,-20.49341737188297
886,48624.0,48423.964775752,48534.46374939516,48388.27490903594,48434.127582469,-64.0,-9.279362073601078,-56.03563608635159,-10.091091502672498,-9.100323970294994
887,47888.0,48415.64105992162,47978.24251204172,48260.32127205124,48415.53363762216,104.0,-6.9991998098485055,107.34932105511689,58.2069990409218,7.782737034263846
888,48832.0,48409.9663761323,48749.16239150539,48504.68890711779,48449.69305653753,224.0,-3.961319367212127,196.87818703357698,80.7120886254379,15.044071742249798
889,48336.0,48407.71842118719,48371.99888610887,48421.745449302114,48445.62178110666,-248.0,-0.14928833252633922,-197.16907485217962,-40.070733164615376,1.4098136244574562
890,48336.0,48409.66779946725,48354.824241801034,48424.547440788556,48452.512683786445,88.0,4.392288815080974,76.94656469734036,47.07571188072325,12.716536869109405
891,48512.0,48416.502998817356,48525.89201550355,48515.89687306356,48471.05485484488,288.0,9.53378791443538,240.5278512202749,93.29786880678512,16.49491380068139
892,48912.0,48428.73537529612,48835.879944241584,48611.143178402126,48485.50251138781,-88.0,15.044825154585851,-83.79895079549533,-55.18210546037517,-6.877217887686129
893,48336.0,48446.59264912653,48358.29411391256,48405.53266214281,48457.30041906951,-408.0,20.5902933445941,-352.92866002473966,-170.84418518791063,-22.137071364824806
894,48096.0,48469.91596198531,48130.022624192105,48269.454808026305,48441.22836865816,-56.0,25.76134226369686,-58.15836875993409,-49.35045010334943,1.1893680215616769
895,48224.0,48498.11533365392,48241.97737639269,48306.83176193611,48459.67915511263,256.0,30.143467849786248,201.84163416404044,78.79283487786233,30.23474421010178
896,48608.0,48530.20289768488,48533.705892520185,48427.04047778203,48501.69785707836,-144.0,33.37331408040336,-107.86743023584495,29.72895473693643,36.70359481964624
897,47936.0,48564.86196181473,48026.242515921,48366.289671409984,48533.08634475192,120.0,35.1960558872961,153.68243865525437,154.39402933294696,61.24280491116224
898,48848.0,48600.595009459474,48841.070769830694,48735.82853644792,48624.183466900686,664.0,35.520148100906226,598.3742763780429,313.45313326189716,79.90629549379446
899,49264.0,48635.90225801654,49222.99106867709,48993.19593793378,48692.89893573951,192.0,34.42395013516216,176.87564223186928,121.9653704527409,40.16041562580358
900,49232.0,48669.4429097298,49194.82205429443,48979.759277353405,48704.50429815229,-232.0,32.11766488870853,-214.05874291050714,-139.55702190367083,-14.769422679604759
901,48800.0,48700.13758779396,48794.873582856075,48714.08189412644,48663.3600903803,-592.0,28.90616184719329,-552.8503950064223,-308.6364361637461,-47.97620325297976
902,48048.0,48727.255233424185,48089.12126428159,48362.48640502591,48608.55189164633,-400.0,25.118291359416617,-372.8761593181189,-194.3522865875675,-26.78060415164873
903,48000.0,48750.37417051279,48049.12126421984,48325.3773209513,48609.798882077004,328.0,21.041463750043476,298.1332461823913,125.57957640103632,31.736934534521424
904,48704.0,48769.33816092427,48685.38775664637,48613.645557827986,48672.025760715376,496.0,16.894947389177105,450.6783505134408,243.09101579067647,60.6281666741379
905,48992.0,48784.164065291145,48950.47796524672,48811.559352532655,48731.05521542528,32.0,12.822943288287206,57.48003483393768,107.69347097100035,45.98221548116999
906,48768.0,48794.984047500846,48800.347826314246,48829.032499769986,48763.990191677716,0.0,8.888677915212611,11.608992638768541,47.98939712232459,32.734485836321255
907,48992.0,48801.94142112157,48973.695950524256,48907.538146777304,48796.52418709792,104.0,5.098532734136825,81.82787683128845,36.27472039596978,22.760204775102466
908,48976.0,48805.18111296912,48964.00357997682,48901.581940561926,48809.51060122792,-72.0,1.4382280684585567,-69.67447066333261,-43.16523593441525,4.661944191393559
909,48848.0,48804.81787725849,48834.34700919759,48821.20767490847,48805.84807548071,-224.0,-2.124558775984042,-197.92152479128708,-93.77042819921553,-5.7701219731716265
910,48528.0,48800.93199541715,48568.16053039425,48714.041084163495,48797.97035728158,-88.0,-5.608556845349085,-65.38382683208329,-14.146048663234978,5.620799664942751
911,48672.0,48793.60076356779,48703.579355533424,48792.915577582,48817.089674810595,392.0,-8.99798789689521,326.79849817862487,139.3322822095106,26.373801269546675
912,49312.0,48782.93601962336,49221.7575267515,48992.705648582516,48850.71795982067,0.0,-12.233143961831956,17.643051419257972,40.14289529177404,10.564183001111815
913,48672.0,48769.134475644125,48738.86545837194,48873.20136816555,48838.21804081282,-184.0,-15.1905356584939,-132.72491833587992,-18.903596334188478,-4.189016967215139
914,48944.0,48752.55494830637,48956.30769007974,48954.89845591414,48842.33992588624,352.0,-17.672632445221097,278.98068210649217,87.14631570565689,-0.9611186322654248
915,49376.0,48733.78921075368,49296.826822584924,49047.493999576865,48836.29580354829,-152.0,-19.420736180152744,-132.2586854972833,-71.6574565488445,-33.02933216053498
916,48640.0,48713.71347594607,48691.79031908517,48811.58354281645,48776.28126156517,-304.0,-20.158243780002522,-269.1729771468126,-150.11868535219037,-53.20047890486239
917,48768.0,48693.47272319368,48758.4808682913,48747.256628872485,48729.89484573856,64.0,-19.662433409561345,19.094890662621765,-74.69859950772297,-48.29167353967932
918,48768.0,48674.388609126945,48729.980100410416,48662.186343801004,48679.69791448581,-256.0,-17.819091784371267,-218.60026582880528,-137.97711317097492,-54.612035528458364
919,48256.0,48657.834539624935,48321.28033663369,48471.302402530535,48620.67077468165,-72.0,-14.683820168796956,-82.29808060828873,-83.23274000520178,-40.79360107008324
920,48624.0,48645.02096878935,48565.38393919384,48495.7208637906,48598.110712345646,-56.0,-10.523535553751572,-48.9767014706631,-39.72110684463041,-23.8545267187219
921,48144.0,48636.78746851743,48223.32693369236,48391.860188841274,48572.9617212442,96.0,-5.8070353661169065,80.18679734887701,20.06941947131054,-3.7009050392298377
922,48816.0,48633.40689805712,48725.75753389159,48535.85970273322,48590.708902267186,8.0,-1.1291012613728526,0.9659135122456064,3.9293652585583914,6.482626136341423
923,48160.0,48634.529265994686,48225.25876071685,48399.71891935839,48585.926973516885,-192.0,2.8893797597156663,-149.56174783408278,-16.281323695635365,16.514419925544644
924,48432.0,48639.18565757655,48426.63403822343,48503.29705534195,48623.737742118275,192.0,5.709250559360953,174.5454686237208,139.22666365453915,47.397655707303784
925,48544.0,48645.94776711341,48574.349697964295,48678.17224666747,48680.72228493149,376.0,6.983155576905119,368.1223489577096,241.96131465924555,63.82065705979039
926,49184.0,48653.15196873036,49162.878736138846,48987.21968466044,48751.379056237856,464.0,6.63360511900828,414.2645194734141,210.65728032320112,49.02572411825531
927,49472.0,48659.214977351425,49402.87873691112,49099.48680731387,48778.773733168004,-144.0,4.8753327712656755,-133.43936915815357,-73.98947368963854,-7.266636411452055
928,48896.0,48662.90263427289,48895.99999782254,48839.240737281165,48736.84578341495,-672.0,2.1589201337374107,-599.1227091963083,-288.62570139212403,-49.88566058230208
929,48128.0,48663.5328176189,48204.63331851851,48522.23540452962,48679.0024120034,-192.0,-0.9260309687488189,-188.12307300500834,-119.88763048672627,-30.293250811384496
930,48512.0,48661.05057233539,48519.75385181252,48599.46547630771,48676.25928179218,424.0,-3.7609025015808584,353.889792356611,120.96280993194523,5.469833878392819
931,48976.0,48656.01101261574,48912.41290323173,48764.161024393514,48689.942079760185,48.0,-5.816900092340802,74.72356757785383,58.77606028256196,-0.6200980439898558
932,48608.0,48649.41677215071,48669.20098696823,48717.017596872836,48675.0190857042,72.0,-6.767318069942121,62.79301857765313,7.365370915737003,-11.572039770770061
933,49120.0,48642.47637647585,49037.998940387035,48778.89176622499,48666.798000218645,-224.0,-6.524358044982364,-211.19388706738027,-108.67994753535095,-30.881185474627273
934,48160.0,48636.368056060746,48246.81321283347,48499.657701802134,48613.25671475495,-192.0,-5.2309383008032455,-187.13312096486698,-109.40521352178257,-30.878449725951214
935,48736.0,48632.01449987425,48663.7326984573,48560.08133918142,48605.04110076674,88.0,-3.2126237496522663,55.5829779103442,-27.53569303000404,-14.763558949864091
936,48336.0,48629.94280856144,48357.97916865416,48444.586315742126,48583.72959685522,-256.0,-0.9021931858587777,-195.85768653234118,-61.201865568236826,-8.925024068765197
937,48224.0,48630.21011350253,48272.01732539262,48437.67760804495,48587.19105262921,168.0,1.2587778605229687,154.12478370157987,99.93009632530084,21.62100840545463
938,48672.0,48632.46036428249,48666.22873605732,48644.44650839273,48626.97161366613,408.0,2.907327838587662,365.35509095126326,192.99215454414298,37.52914172022065
939,49040.0,48636.024769179705,49002.727507295145,48823.661917133235,48662.24933606965,168.0,3.802787043769058,150.13630771357202,71.04636730712446,16.390189207009826
940,49008.0,48640.065938370026,48966.50135148446,48786.53924300698,48659.75199208015,-352.0,3.836442317133333,-318.8031215945048,-147.85305262277325,-19.909744385498925
941,48336.0,48643.69765381397,48365.121264106136,48527.95581188769,48622.429847298656,-432.0,3.0243817059890716,-380.6900436415235,-162.6055251754442,-23.000652416558296
942,48144.0,48646.114701782004,48205.121264201414,48461.32819265609,48613.75068724703,320.0,1.464047471723461,268.4762125490997,92.03647709644429,14.808374310723593
943,48976.0,48646.62574875742,48902.073689204335,48712.02876608058,48652.0465959201,200.0,-0.7075025024423667,204.4509795778431,118.71495646477342,22.09823846907966
944,48544.0,48644.69969677712,48614.0232233571,48698.758105585635,48657.94716418519,64.0,-3.350423123087239,62.06565093827885,64.10839229787598,11.597926474347332
945,49104.0,48639.924902511244,49026.20499108089,48840.24555067633,48675.2424488688,32.0,-6.342103637904074,23.20672312827446,9.610220428858156,-4.142592872954992
946,48608.0,48632.01548950131,48660.43666961365,48717.97854644335,48649.66197843928,-120.0,-9.55885337228392,-103.5849733990035,-67.27773101130151,-23.49737150755027
947,48864.0,48620.807195766676,48819.035044282886,48705.690088653726,48628.2477058537,-32.0,-12.848812576750788,-66.22640391634923,-91.44341346276633,-33.20188729290385
948,48544.0,48606.31786434781,48527.98386178095,48535.09171951782,48583.258203853475,-472.0,-15.99001957548171,-404.39626413084625,-175.05250937699384,-43.02659180754563
949,47920.0,48588.82715661571,48010.24251602119,48355.58506989974,48542.194522238606,112.0,-18.674037339853385,105.92613391838677,38.28588533179209,-9.953955502936878
950,48768.0,48568.9697896681,48739.836129617725,48611.6634901814,48563.3502928476,520.0,-20.506968405003136,449.5837526466639,177.91016537236283,10.923285251370544
951,48960.0,48547.81321980571,48909.41002131452,48711.405400644464,48564.04109274135,-96.0,-21.046747512507864,-83.37600173061219,-24.555389214707247,-19.107145469184616
952,48576.0,48526.87629464309,48573.0841261565,48562.55271175199,48525.13600190923,-416.0,-19.875811912676,-350.9052643755167,-155.5763330164773,-41.4482907366546
953,48128.0,48508.061595980354,48207.59949256349,48400.25273461151,48481.14451126804,56.0,-16.703767899289232,32.512829224418965,-26.173609834728268,-26.334265077792224
954,48688.0,48493.46875884451,48638.10978460534,48510.20549208253,48472.46747175365,240.0,-11.462699153344147,181.05921506853701,21.05550351229249,-19.45366592670689
955,48608.0,48485.136197673666,48569.71792270056,48442.363741636094,48442.237179414624,-344.0,-4.390507041174715,-290.97525217003204,-150.659879628387,-38.51843336829552
956,48000.0,48484.68774476216,48056.159280265274,48208.88573282576,48395.430605017056,-208.0,3.9462447845507995,-201.58923734084237,-129.03514239746437,-27.035044146712607
957,48192.0,48493.02868724277,48166.53944801888,48184.293456841166,48388.1670911212,0.0,12.711146087367524,-16.922592152001016,-28.44554756400612,2.5448406602044997
958,48000.0,48510.110036936894,48022.31409596127,48151.994637697746,48400.520286337465,-64.0,20.908763591953175,-32.654872251237975,43.698499705456925,32.37920953313733
959,48064.0,48534.846214426674,48101.2297035164,48271.69045625208,48452.92551018747,416.0,27.52923065341747,381.3737668056492,223.54104668037326,71.8514993593817
960,48832.0,48565.16849824373,48785.06162957257,48599.07673105849,48544.22328505623,352.0,31.719154814010835,332.83043225049187,210.92464033565557,76.90893912156753
961,48768.0,48598.284524054696,48766.890568017385,48693.53973692339,48606.74338843061,-40.0,32.939413942589454,-23.71822146825434,57.232874326593446,54.457272795909375
962,48752.0,48631.04732612891,48737.62518663606,48713.54247971168,48653.13783064805,-128.0,31.062820638195262,-101.1394482010146,0.7739826441320474,41.45133374983925
963,48512.0,48660.410165331086,48564.611671615356,48695.087702211655,48689.64605593029,96.0,26.384561409879097,90.04484305608639,73.0890736058027,45.39052807875487
964,48944.0,48683.816448948666,48917.714872748234,48859.720626923285,48743.91888680556,248.0,19.575462554774276,221.67756487404768,122.4932381732724,44.268775215550704
965,49008.0,48699.561090440635,49007.96680136345,48940.0741785582,48778.18360636139,104.0,11.575142058860365,90.08593543245297,46.39064091401815,22.77389987389688
966,49152.0,48706.96673306639,49097.88674361314,48952.50190875132,48789.46668655335,-344.0,3.4241870234473026,-298.8621383863865,-87.32131543121795,-6.843585480368347
967,48320.0,48706.40946448753,48410.24252459068,48765.43154769576,48764.49643540065,184.0,-3.90670795709957,165.93536576817132,35.64541279232071,-2.745429382670409
968,49520.0,48699.15331715219,49429.75747514948,49023.79273433596,48783.97582778801,176.0,-9.655939277967263,151.30407993116387,10.257553808187367,-17.321816223236965
969,48672.0,48687.097585931595,48712.850684453006,48785.94665531214,48729.85280295418,-416.0,-13.37843776817681,-379.80628519183665,-180.8727513677586,-51.230384686125035
970,48688.0,48672.396441615834,48670.14490476581,48662.047231600445,48681.51505841576,-120.0,-14.993687408194091,-131.98125585816524,-136.87580791147047,-48.66199161763143
971,48432.0,48657.11021111521,48448.888172736675,48512.1950394892,48632.528819718915,-144.0,-14.746603762770974,-136.81586834576956,-109.75467236665281,-38.959797710896964
972,48400.0,48642.90323409029,48396.51316807427,48442.53788686714,48603.595462993966,-72.0,-13.126544786609884,-69.80916429104764,-48.38820918848796,-18.753583575253288
973,48288.0,48630.85712154199,48309.26984415458,48415.41862111222,48595.02165256841,8.0,-10.749857871898712,19.105896853190643,36.59004480119256,6.777272202863969
974,48416.0,48621.403518346495,48434.72496178065,48515.717976469525,48617.150007399694,232.0,-8.224634443049581,219.07992652933171,150.158343592062,32.1858552012709
975,48752.0,48614.40785265589,48747.42969721324,48715.735308296345,48659.39336297095,304.0,-6.018483888037736,289.8532214988263,181.8849859749971,37.613023719804914
976,49024.0,48609.36655057042,49014.431404778305,48879.48794841952,48692.376054839304,248.0,-4.400927552524081,219.15873145658043,91.49661433293295,16.40149461031615
977,49248.0,48605.60599755084,49185.747160126404,48898.72853696221,48692.19635219158,-400.0,-3.4136952428343648,-359.5468473522378,-155.39514297620553,-27.96988503814282
978,48224.0,48602.53916008475,48295.33771007383,48568.69766246711,48636.43628476302,-336.0,-2.9043152008453035,-314.122496351054,-157.6820432615459,-35.1382531904128
979,48576.0,48599.79736714915,48557.502167424296,48583.36445043912,48621.91984581076,208.0,-2.613204294368188,169.67529447193738,18.349013191567792,-12.220446661722235
980,48640.0,48597.312751496014,48634.688299017704,48605.39568885024,48611.995391439574,56.0,-2.267940149973583,50.62762668192954,4.729082836245652,-11.324684799208626
981,48688.0,48595.2614868492,48658.757420788155,48592.82261611161,48599.27047621234,-144.0,-1.6644544523078366,-122.14377428876469,-60.16176468282356,-17.161391416615515
982,48352.0,48593.9838425914,48390.400750440174,48485.072159484596,48577.67260860634,-88.0,-0.7347377673249866,-76.352918147124,-41.21437688471633,-10.31423717567668
983,48512.0,48593.79201131455,48506.05158449391,48510.39386234218,48578.642001860986,112.0,0.4231938114389777,85.90875652329123,24.51863402867093,4.301493347687938
984,48576.0,48594.83023021428,48562.21826348676,48534.10942754194,48586.27559530172,-16.0,1.5852661107746826,-12.742003573359398,2.770278970732761,8.147373205822078
985,48480.0,48596.9625435361,48480.56757734719,48515.934420283644,48594.93674827263,-112.0,2.45099322855458,-78.8127994036222,-0.20779711647264776,14.407990384544973
986,48352.0,48599.732216671386,48404.59266467951,48533.69383330899,48615.09157607081,208.0,2.7185659914830467,186.98841072987852,108.60632967984566,33.30940660171473
987,48896.0,48602.39967551907,48854.544398806946,48733.147079643335,48661.55556147606,288.0,2.170675303466851,242.6737281621863,118.02678615601326,34.7417634790545
988,48928.0,48604.07356727832,48889.940121003885,48769.74740562102,48684.57510302892,-184.0,0.7409682222969423,-154.9036727836501,-42.52597121181316,10.848296704301902
989,48528.0,48603.88161196366,48544.737053239645,48648.09513721971,48683.25215488466,-312.0,-1.4600200658351241,-261.51780156602763,-61.60469979145273,6.439659599982406
990,48304.0,48601.15352714665,48366.90451787183,48646.538006038114,48697.45442222888,376.0,-4.137915545368742,350.4041745463255,169.71187183746588,33.87498845566006
991,49280.0,48595.605780872924,49245.5454023323,48987.51888089464,48751.00213179598,552.0,-6.856981620177976,492.6537755669742,194.74031530384673,27.09781615690372
992,49408.0,48587.43956390629,49352.21206900578,49036.01863664581,48751.65005454269,-400.0,-9.132395589109365,-360.40029143899665,-137.49092592593297,-32.16957452616043
993,48480.0,48577.340989694705,48524.7448194543,48712.537029042775,48686.66298274366,-456.0,-10.519591646363551,-415.6158491385904,-207.213093081642,-54.65392266184426
994,48496.0,48566.400380613566,48520.9803707286,48621.59245048252,48642.342209219,160.0,-10.706448085969896,121.13740491727003,-28.148353318989393,-37.00366306371507
995,48800.0,48555.928093522765,48767.01962928884,48656.240322404796,48612.65565661623,112.0,-9.596218147195032,81.13740500445783,-37.23196687532982,-39.05376977195192
996,48720.0,48547.207944319176,48683.25518073751,48547.128516731864,48564.2346696751,-368.0,-7.317425872312015,-334.4096330046741,-195.5475473070037,-56.209253457385785
997,48064.0,48541.29324177814,48098.200363279495,48265.14522779079,48500.23714970146,-384.0,-4.2197247198164405,-347.1319129196272,-181.41067504567764,-42.18566248855859
998,47952.0,48538.76849487954,47988.99135489826,48184.30716664051,48479.86334469798,88.0,-0.8117094779336185,75.74776611003836,35.31552216997079,6.019362231414561
999,48240.0,48539.669822822274,48249.69589549957,48335.77627213073,48512.27587416429,328.0,2.3672171431026072,309.1840180991894,199.35724155558637,46.026323174526624
1000,48608.0,48543.50292916575,48607.35939109664,48583.02164975168,48571.91599104703,376.0,4.84303205804099,354.4604510802492,234.75620249679196,57.83591643509499
1001,48992.0,48549.355886938356,48958.61679766007,48805.288677124314,48627.94770703448,200.0,6.289264353395993,184.3413948638081,128.91136593478586,37.82910133916812
1002,49008.0,48556.08145787254,48976.04218082425,48840.84438162125,48647.57419372537,-176.0,6.581187352654524,-142.36371271457028,-48.02210469243437,1.6051963771606097
1003,48640.0,48562.518261643665,48673.88937223093,48709.244467739445,48631.1580997888,-128.0,5.802799080604018,-132.7059474386988,-96.97768001208169,-16.858188947131566
1004,48752.0,48567.68705603375,48710.630285946856,48646.88902159709,48613.85781583111,-176.0,4.191005497075821,-170.10765654977513,-114.91093534380707,-24.20739316613617
1005,48288.0,48570.90027263782,48333.67405913138,48479.42259705183,48582.74331345653,-184.0,2.0622486929823935,-148.58593115859912,-71.75512601934315,-16.377336701752938
1006,48384.0,48571.81155341971,48413.45842362966,48503.3787695584,48581.1031424276,280.0,-0.2568208355369279,227.0764826465711,83.64555728577034,8.214986092451
1007,48848.0,48570.38663096674,48787.82702442452,48646.71371162337,48599.17328564143,80.0,-2.4776730483172287,73.50372291745589,42.691797876654164,5.628807495901128
1008,48544.0,48566.85620732308,48560.46586946457,48588.76236531171,48592.3607574194,-192.0,-4.380306250943249,-145.03180763710043,-35.57016365580421,-4.394490351056447
1009,48464.0,48561.626018464856,48497.76340915032,48575.57338431176,48590.38430493932,136.0,-5.814679481100029,106.1145854373608,42.59771115593685,4.342762766882515
1010,48816.0,48555.22684836088,48772.69504033929,48673.957787623585,48601.04628295317,64.0,-6.683071705316252,58.4068328854446,27.36329712361112,-0.08570783849427244
1011,48592.0,48548.259875054224,48614.57707492121,48630.299978558985,48590.21288926233,-56.0,-6.926652356454724,-45.23259081205106,-24.50781978511077,-10.922749227720487
1012,48704.0,48541.37354364797,48682.22985871519,48624.942148053364,48579.20078449773,-24.0,-6.522442564215453,-41.19792263007548,-44.88675647893979,-17.252065539720206
1013,48544.0,48535.21498992579,48532.18122966106,48540.526465601106,48555.70875818289,-256.0,-5.516327540692146,-209.14248074885472,-86.15244965170132,-22.906588405687216
1014,48192.0,48530.340888566585,48263.94489721748,48452.63724874996,48533.38760768635,200.0,-4.019553995087335,165.17633057734201,42.429407523835835,-5.251770112223312
1015,48944.0,48527.17588193562,48862.53389081574,48625.38528064878,48545.20521795844,152.0,-2.22892114851129,117.57027074345024,13.440672223201545,-8.122128829989379
1016,48496.0,48525.88304626956,48499.08543870438,48479.518593196364,48517.143350026374,-408.0,-0.4510502258053748,-348.02125858944055,-154.1073908542312,-27.004700430748926
1017,48128.0,48526.27378148401,48166.49137363686,48317.170498940315,48491.195817096945,-152.0,0.9613422899055877,-140.1371968832318,-67.76284478588786,-7.7877420745790005
1018,48192.0,48527.80573084937,48218.81104493792,48343.99290362459,48501.567865877216,208.0,1.6699651145063399,186.37489599063338,102.81885649657124,25.850442074130115
1019,48544.0,48529.61371171302,48539.24116561813,48522.80821193346,48542.896701245205,344.0,1.413875862956047,296.6359487708396,168.21941427559432,41.273670430247876
1020,48880.0,48530.633482575286,48812.082942479596,48680.43173217578,48584.11520673771,-112.0,0.08861143232206814,-66.74351074055085,57.83938633020807,26.424265829391516
1021,48320.0,48529.790934577664,48405.75414413703,48638.486984593874,48595.74523290399,224.0,-2.2104672313471383,215.4810661023148,117.29874471503717,25.417287811476854
1022,49328.0,48526.21254811259,49243.045074684225,48915.02922160585,48634.949782360665,256.0,-5.194903241328575,219.47716020859662,70.05684781490345,4.552038574711332
1023,48832.0,48519.40112809501,48844.70846455422,48778.60068022368,48604.84931005341,-376.0,-8.414141705557995,-334.79428735890906,-163.12820127033046,-41.45800680458342
1024,48576.0,48509.384264701475,48573.45649996641,48588.77281906519,48552.0337687515,-304.0,-11.328423171904433,-283.9694647557808,-183.4414516258912,-54.01385286434015
1025,48224.0,48496.7442817512,48276.76953504266,48411.7177769719,48496.82160432473,0.0,-13.405003432424564,-32.839289710474986,-83.19615360734679,-41.57108421052908
1026,48576.0,48482.574257836626,48507.77792054546,48422.3805118505,48468.89160033044,-144.0,-14.190559500628297,-125.26352485644384,-66.14700919615643,-33.285423977769824
1027,47936.0,48468.36316274994,48026.24248532977,48279.423758579585,48430.25075636919,144.0,-13.371222695979668,132.98979893374417,28.755126018884766,-13.928306142788642
1028,48864.0,48455.83181244467,48773.757518412946,48479.89076388827,48441.03498804486,176.0,-10.815591922157182,130.87873690729248,8.41238725281437,-10.364018922085961
1029,48288.0,48446.73197890563,48287.999959144356,48296.248533085214,48409.52271852502,-616.0,-6.572985822051123,-525.7574868063857,-179.5179642604453,-25.436133593593695
1030,47632.0,48442.685840800565,47722.242544800174,48120.854835367376,48390.162720857676,160.0,-0.8590134900623525,150.77272047536826,69.0337199658461,18.548138375539565
1031,48608.0,48445.0139519255,48589.54540009509,48434.315973016906,48446.6189952761,648.0,5.957390045768989,566.9847620378423,226.6191241579836,48.38722418222824
1032,48928.0,48454.6006208921,48856.21206887586,48574.09308368334,48486.93716922213,-248.0,13.385831942821824,-219.5454012559494,-37.176347491895285,18.265032407140097
1033,48112.0,48471.785615811146,48150.45459758319,48359.963278033116,48483.14906009038,-448.0,20.83239875379877,-386.21206896067815,-90.14816663366582,14.769343872765603
1034,48032.0,48496.2654183997,48083.7879309545,48393.79675041601,48516.47585696766,664.0,27.625084773764684,599.6514369232427,214.73184759089781,57.55058972566985
1035,49440.0,48527.035785358676,49349.75747142968,48789.42697321491,48598.25023954172,96.0,33.05593158190095,105.64107407760821,70.34370940635927,39.68689455113781
1036,48224.0,48562.3772815635,48295.07007910972,48534.48416922873,48595.84964606994,-440.0,36.42070598596183,-397.5996220048073,-99.70071937181638,16.191888831715914
1037,48560.0,48599.8771973306,48554.558227420064,48590.02553447128,48630.63401720515,296.0,37.069808891264984,232.27928541067376,70.55413247818797,38.31607199547216
1038,48816.0,48636.51689934603,48759.628649931066,48675.592434185106,48672.48179006088,-120.0,34.49908388355834,-76.78632783368448,15.363116806376638,34.67186235877671
1039,48320.0,48668.875365097716,48400.985571752695,48620.75176808403,48699.9777419227,120.0,28.40876910632869,119.38593055406454,95.53521794094559,46.494838957954926
1040,49056.0,48693.33443755869,48998.400511039195,48866.662870067,48765.47146797679,256.0,18.747225437913585,236.3163445135542,151.24253701646012,50.96729945292827
1041,48832.0,48706.36981597354,48873.618260779804,48923.23684211695,48801.91234082856,64.0,5.784873780969065,83.30905363962302,102.1923931084275,34.93648989319627
1042,49184.0,48704.90418512063,49165.01861831844,49071.04765628385,48835.344447763186,240.0,-9.86824026555405,196.4934491308377,91.33464230882964,15.999329322781705
1043,49312.0,48686.633335442435,49266.60515904148,49105.90612673461,48833.91099947412,-136.0,-27.273340864965576,-125.38766406954892,-68.18846618193493,-25.337898315352504
1044,48912.0,48650.3575033907,48914.24329017934,48934.67072391998,48784.66865113248,-400.0,-45.195460710689076,-341.1454179654065,-159.9000408546417,-55.60891578502196
1045,48512.0,48596.24241402106,48584.314323110666,48786.10604502533,48722.69316790408,40.0,-62.1705045669587,31.642648484648817,-11.511656381982903,-51.44082483319653
1046,48992.0,48526.01649425678,48977.52858714864,48911.64741115602,48681.78700146609,392.0,-76.62398701819257,320.8571997811705,85.365071708693,-56.41681636468638
1047,49296.0,48442.99443998467,49226.02872267301,48956.836188442714,48609.859535174706,-152.0,-87.03019077918361,-140.05468013933933,-124.39312849194903,-106.2344895326496
1048,48688.0,48351.95611269841,48697.41922686996,48662.86115417212,48469.31802240079,-480.0,-92.07973906474217,-442.81493242446595,-306.54445718453644,-151.47561165387742
1049,48336.0,48258.83496185519,48340.398857824075,48343.74727407364,48306.90831186695,-328.0,-90.85555864217531,-335.02607992550475,-315.24024306165666,-163.8642949404857
1050,48032.0,48170.24499541406,48027.36706701895,48032.380668048805,48141.58943251982,-336.0,-82.99836305322606,-336.19645571033834,-311.1762720004299,-159.83940772114875
1051,47664.0,48092.838235748735,47668.0059464034,47721.39473007278,47987.229496424654,-352.0,-68.78911876292113,-339.33138859856626,-282.28857293963665,-138.1984612739252
1052,47328.0,48032.66675788822,47348.70428982182,47467.80352216953,47865.19250997197,-224.0,-49.16623425943544,-215.780207472475,-183.6894468184837,-95.17736095409418
1053,47216.0,47994.505767229864,47236.44553145845,47354.015836435814,47796.874774516466,8.0,-25.66302212870505,-10.031101071137527,-44.77976751581082,-39.273996729672945
1054,47344.0,47981.34071363081,47328.642087679546,47378.24398713791,47786.64451651262,0.0,-0.20906195975840092,15.406994618839235,41.35014427105125,11.901967821781
1055,47216.0,47994.08764331035,47267.25952069613,47436.71612497792,47820.67871016003,280.0,25.071337496523483,259.8322309605246,168.83020032896457,64.26812915541086
1056,47904.0,48031.483388623856,47848.306549600595,47715.90438779584,47915.18077482344,248.0,48.10235720757919,237.66258244414348,185.14045671584608,95.0611034045869
1057,47712.0,48090.292357725506,47742.584685584414,47806.99703840961,48010.8009169692,16.0,67.1286524131283,47.20156390590273,138.5911698185737,110.56018799421872
1058,47936.0,48165.74069345011,47942.7096774124,47993.08672743299,48136.30115081188,248.0,80.89152123056556,233.6733788899728,214.63305273987135,135.5152913832717
1059,48208.0,48252.07540018664,48209.93144336436,48236.26314388935,48281.831499735745,272.0,88.74299532268196,276.8789827737528,257.30798840104035,149.22192391065255
1060,48480.0,48343.226684095476,48496.467642959906,48507.70270423507,48434.744998633185,392.0,90.697800799182,369.3497881838339,285.29091246324606,150.65074882909903
1061,48992.0,48433.471001785,48948.63101973203,48806.84496881584,48583.13299739394,256.0,87.37327136299427,234.8431016434988,206.56474898870147,127.94464863045505
1062,48992.0,48517.973226821465,48966.1538462469,48920.83220221247,48690.634295894095,-168.0,79.86274892202346,-111.7079422505958,78.40333450285834,92.43301329485621
1063,48656.0,48593.19649962905,48725.215135230836,48963.65163782156,48767.999023983655,464.0,69.56395814300049,431.80181282751437,196.64525451986628,82.96467928874335
1064,49920.0,48657.101143107466,49829.75747190193,49314.1227112522,48856.56365447158,168.0,57.96757041044111,148.23161711126522,47.53242905674779,35.39281321150702
1065,48992.0,48709.13164044993,49021.678369453366,49058.716495935056,48838.78465040667,-512.0,46.46452806558955,-481.25402380165906,-222.04796734961565,-25.439771544581163
1066,48896.0,48750.030199238645,48867.249424298614,48870.02677655297,48805.68411138242,-328.0,36.18290925558176,-298.1818236616891,-201.676331105602,-37.61633345512746
1067,48336.0,48781.497458961094,48425.31472212999,48655.36383372385,48763.551983496414,88.0,27.871638709842955,57.254034617635625,-54.981025967194,-20.754528711182502
1068,49072.0,48805.77347665833,48981.757493533885,48760.06472461858,48764.175053960054,-40.0,21.849995290089282,-49.38230611016479,-51.26674679598,-14.768176838362706
1069,48256.0,48825.19744954127,48326.55010990966,48552.83034013189,48734.01562981969,-248.0,18.03789158465952,-200.45941502876303,-58.81921442074599,-6.25864264937627
1070,48576.0,48841.84925982765,48580.83866347636,48642.42629577709,48751.6577686613,328.0,16.040678537268832,278.4818709485153,122.80910353374202,26.425027274675813
1071,48912.0,48857.27880661581,48883.51385180669,48798.448547199376,48786.86568436904,168.0,15.258184434747818,160.24444736376972,99.24652502197932,28.951199926192203
1072,48912.0,48872.365628697145,48901.3275582039,48840.91934582105,48809.560168513686,-48.0,15.012012311708531,-35.54850258330407,6.930471532192314,17.572492570328905
1073,48816.0,48887.30283123923,48812.41684664008,48812.30949026376,48822.0106695097,-136.0,14.67306352408923,-106.82647836342221,-30.45511042540238,12.751034471493767
1074,48640.0,48901.711755745324,48687.674601477054,48780.009124970245,48835.062237456674,152.0,13.765372302321339,113.63076222225209,37.70419719160054,22.80467981981201
1075,49120.0,48914.83357584387,49039.678371084585,48887.71788464696,48867.62002914932,-120.0,12.020943803028786,-98.71604813485828,-8.432297999795992,19.93879315011509
1076,48400.0,48925.75364335138,48490.24250520734,48763.14452897065,48874.939823756904,-8.0,9.398205046105431,21.641286485672026,56.99890880901512,31.06678579542495
1077,49104.0,48933.62998593608,49082.96094405593,49001.71570226499,48929.75360074017,496.0,6.072878486778791,416.77020596735383,187.42902442683408,46.10145702027876
1078,49392.0,48937.89940032494,49323.782917142045,49138.00257782432,48967.14273779746,-152.0,2.3743508591287537,-100.2634412036532,9.288164471487107,16.146273947160807
1079,48800.0,48938.37868765434,48882.43406164862,49020.292031207966,48962.046148634494,-32.0,-1.2994400601528469,-29.178547250314296,-7.564531012369116,3.005718268756027
1080,49328.0,48935.30052020463,49265.42582264142,49122.87351579958,48973.15417433497,104.0,-4.559298783467966,70.12087419988893,0.01824249140554457,-6.634265582768421
1081,49008.0,48929.2600900874,49022.6758100484,49020.32851619078,48948.77761746896,-200.0,-7.112477811791905,-169.37096235101126,-96.38074151341425,-27.337675992574077
1082,48928.0,48921.07556458105,48926.683897939394,48930.112032772755,48918.478822349825,-96.0,-8.825004004771472,-102.57242241201675,-89.16046703164466,-30.774854001636413
1083,48816.0,48911.61008207786,48817.53096522437,48842.00758212749,48887.227909465684,-104.0,-9.736149429245415,-101.49810659321156,-75.10065958152336,-27.68951741085766
1084,48720.0,48901.60326572256,48723.68768475297,48779.91071360971,48863.09978752811,-96.0,-10.046951155225543,-75.40485670652197,-32.14151171292178,-16.973132561168313
1085,48624.0,48891.51617976741,48666.72125181132,48777.724558701644,48853.28164434335,168.0,-10.071810240282502,156.6398261149552,74.67612444275437,1.6459390324016567
1086,49056.0,48881.459645241994,49036.96733698288,48929.26296249522,48866.39166559291,328.0,-10.163685478091793,275.08277008596997,88.16988504118126,3.629604529214703
1087,49280.0,48871.188808811225,49216.88679198326,48954.06432878401,48860.54085340178,-448.0,-10.630061756517534,-393.36240814768826,-138.1664693192106,-26.823769521048234
1088,48160.0,48860.19952172896,48250.242520687505,48652.930023856796,48812.74412655082,-240.0,-11.67533652124257,-208.44339052657597,-54.669292998813035,-15.159520523422543
1089,48800.0,48847.83813576874,48800.00001093011,48844.72574278638,48830.22181235493,640.0,-13.368383245087898,558.318105304199,214.15859032277876,18.988776421865623
1090,49440.0,48833.46275523878,49366.8787312959,49081.24720450235,48850.72167939455,152.0,-15.620386760063411,143.43936216699876,57.14506396714569,-8.964048990659649
1091,49104.0,48816.59736224861,49086.87873526411,48959.01587072067,48812.29371437361,-520.0,-18.183650354476413,-445.8108189193481,-194.72339842134534,-53.01327930225307
1092,48400.0,48797.09545452983,48475.25709345721,48691.80040765966,48744.69512079004,-152.0,-20.69911361753111,-155.13167531279396,-121.31525923117442,-50.36383754407143
1093,48800.0,48775.19913501355,48776.61538463852,48716.38535225832,48711.56603928547,248.0,-22.74334884482232,184.43521437394156,-17.22237927218157,-37.55077954029548
1094,48896.0,48751.608756840185,48844.12752220509,48657.3556491153,48669.59356170945,-496.0,-23.870521931869007,-439.18642829775854,-178.3518785853703,-53.29279949055126
1095,47808.0,48727.45809114981,47898.242528043,48359.68159508758,48604.98044030437,-32.0,-23.674362254201696,-31.146550871475483,-21.833256483925652,-24.76409938986035
1096,48832.0,48704.26003233178,48781.83442046214,48613.68913614745,48620.06536292973,464.0,-21.84168464437971,416.5743685439993,144.85210913358605,4.488190771848167
1097,48736.0,48683.77472186105,48731.391265131,48649.385813354755,48613.95682184806,-96.0,-18.21352503966773,-73.48682967613058,-7.610416115316184,-12.210699989263958
1098,48640.0,48667.83298225245,48634.86076110988,48598.468303916816,48595.6439629512,-128.0,-12.839242147805635,-122.2266984717462,-71.68335747952733,-20.530660749303934
1099,48480.0,48658.09623756544,48486.93786818751,48506.0190983957,48572.895500349456,-120.0,-6.01071612989108,-113.23355198483478,-79.43965632327308,-18.103687584272848
1100,48400.0,48655.811549992664,48408.39365714021,48439.58899127027,48559.43658778266,-24.0,1.745429963204515,-36.57592534624564,-46.635611490288284,-5.487083177664317
1101,48432.0,48661.58709749185,48413.78601749502,48412.74787541512,48561.92133399413,-104.0,9.712330330934492,-85.67755217011654,-36.46717814759177,8.980812911177054
1102,48192.0,48675.23621065453,48237.038552799975,48366.654634975086,48577.39821360501,56.0,17.06607331581108,48.44529930482531,41.23407704751298,34.74679029113031
1103,48544.0,48695.71924412347,48510.67661610467,48495.21602951015,48631.41491457639,104.0,23.00390312090167,107.02114382802392,104.16940929013435,58.38744670019878
1104,48400.0,48721.24401689634,48451.08084045602,48574.993453555355,48694.17310700541,216.0,26.87962250788405,205.86116579039663,167.27415082287916,77.46684777929113
1105,48976.0,48749.47848913924,48922.39894768546,48829.76433115591,48786.34861013497,192.0,28.318410164873058,193.26010649781892,181.65304317851042,82.69293363631004
1106,48784.0,48777.88083722608,48837.60105345166,48938.299539912376,48859.55897427803,208.0,27.29422381308177,221.57322744011617,185.68497871265208,76.98831285695996
1107,49392.0,48804.066936765405,49365.545402565695,49201.13428858121,48940.32523584889,416.0,24.127342649513594,357.30550752686395,167.4018929594422,58.18252336330261
1108,49616.0,48826.13552252511,49552.21206850539,49273.10332583126,48975.924021004634,-336.0,19.42597686931549,-284.63884018713,-99.47929983432186,3.5949862059787847
1109,48720.0,48842.918890504036,48796.267722191435,49002.17568891257,48947.51520826085,-216.0,13.979967374962143,-222.23988670298786,-129.83979246240415,-17.033052330745704
1110,49184.0,48854.095457275034,49107.73229509941,49013.42374090645,48941.85791634314,-104.0,8.61022170227443,-97.01261112560314,-74.04007755289422,-17.764396100548765
1111,48512.0,48860.139333908584,48602.24249994023,48854.09553380678,48911.98641605975,136.0,4.026562551956886,129.01259758502056,11.719559803721495,-9.872179480400519
1112,49456.0,48862.14858237895,49365.757490269454,49036.862860513895,48922.11355738234,56.0,0.7451067056354077,29.720249942081864,-26.801243035944935,-16.567180808295234
1113,48624.0,48861.629547319855,48661.68299982439,48800.49304773489,48878.85205444316,-456.0,-0.9532517641237064,-389.2285331010935,-148.12328891155266,-30.518900217026385
1114,48544.0,48860.2420788507,48587.30042406727,48740.61628269079,48861.07575694829,176.0,-1.0222902617097134,142.11954457922184,38.431376301290584,-1.9225096474547172
1115,48976.0,48859.584966796436,48945.922088982836,48877.35580033747,48875.00703514825,240.0,0.3905542294269253,208.2321098297325,87.41741781541714,8.8816299573773
1116,49024.0,48861.023187309554,49003.76464372673,48915.451118321624,48878.83901686304,-56.0,3.019531483099854,-43.334226622428105,-16.179122855031892,-3.426067442058411
1117,48864.0,48865.624029762635,48859.25363573798,48844.99755462741,48868.15490026413,-192.0,6.535770953090832,-168.24282929884794,-79.95478638051281,-10.476371585704328
1118,48640.0,48874.094729215736,48667.278985129036,48755.5415455606,48857.886273691634,-56.0,10.585160513419396,-55.57972496376169,-31.68523628651019,0.6256871120822325
1119,48752.0,48886.794350789474,48748.094185810456,48781.62708205439,48869.4062744883,64.0,14.821163493070344,61.28612973368581,40.89907752097861,17.390314521082473
1120,48768.0,48903.73705620188,48789.85124459641,48837.339700602555,48892.6669027338,160.0,18.907038796860434,151.01328176797688,90.38246884944965,29.493973382188415
1121,49072.0,48924.608428383195,49050.12074934641,48962.392019753286,48928.394221252674,184.0,22.525618832860346,150.873251482044,70.24832902737035,28.547029581510287
1122,49136.0,48948.7882938676,49091.597747560496,48977.836358657296,48949.76096189682,-224.0,25.40360547068849,-180.5342639834198,-63.63748176733861,12.054788738983916
1123,48624.0,48975.41563932457,48689.05222137957,48835.11705621861,48952.50379873064,-72.0,27.311365947178274,-77.28441928306711,-37.160774329386186,19.168026770355937
1124,48992.0,49003.411025761954,48937.02890899436,48903.51480999852,48988.09701543753,-32.0,28.074383089075127,-26.878767413414607,24.155158779180056,35.39806747876355
1125,48560.0,49031.56440550272,48635.29468655274,48883.42737377697,49023.29993368817,264.0,27.609551412897417,250.90186817730864,141.62625066692635,58.36791493505007
1126,49520.0,49058.63012858775,49438.83264534898,49186.767311332376,49104.83284530763,232.0,25.9238974450127,221.5385276859306,136.72359322159173,60.774553884843044
1127,49024.0,49083.41220039275,49078.3717419246,49156.87456022015,49144.849041457855,-120.0,23.11064608706147,-88.60219380138005,36.54452899785247,46.0586482231156
1128,49280.0,49104.85142076187,49261.62825774622,49259.85636932808,49196.95014175386,96.0,19.340124928370642,91.39780455272557,92.90999377197295,47.94860738369971
1129,49216.0,49122.09245024949,49261.16735103005,49342.6945477641,49240.746256225255,352.0,14.845826948192553,316.0646105472624,146.18545231806638,45.033427282654884
1130,49984.0,49134.54307465826,49893.757478840744,49552.227273964214,49287.01699631917,-24.0,9.899334195291885,-26.5291773519275,-6.353636817777442,11.421589909874456
1131,49168.0,49141.89111864007,49208.1089963262,49329.98727412854,49263.589436045004,-432.0,4.794109875361755,-367.88556363034877,-141.24636277139507,-18.648088471916708
1132,49120.0,49144.13129440898,49157.986351580046,49269.734548421424,49249.72081937534,192.0,-0.18104203604889335,139.8091131540641,14.614548503592232,-7.382575700899906
1133,49552.0,49141.529034567975,49487.72722263433,49359.21637113573,49248.824284643204,0.0,-4.7474923728295835,8.376984225909837,-6.90999171783551,-16.055320499974187
1134,49120.0,49134.63630966332,49174.740320031866,49255.91456498575,49217.61017837539,-40.0,-8.643104657636286,-39.28530244313879,-35.34452365709876,-26.333597349042975
1135,49472.0,49124.2428252527,49409.15661774805,49288.52732382153,49196.15708994512,-88.0,-11.63773295043211,-79.80061354357531,-59.123579253460775,-35.2452339330157
1136,48944.0,49111.36084376246,49015.139092944715,49137.66740647883,49147.11971050936,-32.0,-13.559937911908492,-38.32206007975401,-54.026214103279926,-38.88139391029472
1137,49408.0,49097.122949428885,49332.51249758854,49180.47489561497,49118.39430212453,-56.0,-14.321394295540813,-60.06410741347281,-70.95506305637173,-43.20569327859994
1138,48832.0,49082.718055171375,48895.01087811777,48995.75728036609,49060.70832395216,-128.0,-13.920236438934808,-122.44722888193792,-102.83897506584253,-46.25056197476442
1139,49152.0,49069.282476551016,49087.618039824665,48974.796945483286,49025.893178175,-200.0,-12.464563561046816,-186.384198284195,-109.56186214116315,-41.12048686841081
1140,48432.0,49057.78892804928,48522.24248154938,48776.63355608376,48978.46735021534,-64.0,-10.162872295128182,-48.83514693349571,-25.84661135763963,-20.10246044889209
1141,49024.0,49048.95673196076,48989.947745957674,48923.103722768006,48985.688257277216,360.0,-7.295161198944697,289.1975497162093,96.02202806824425,5.305319925737422
1142,49152.0,49043.19860565139,49100.6375809818,48968.67761222025,48989.07799006681,-184.0,-4.186611220291525,-146.1222600668807,-46.08730443762761,-4.756367707064783
1143,48656.0,49040.58350952018,48697.70322582391,48830.92911389275,48976.175521863086,-240.0,-1.162678728454921,-194.4182260383095,-50.28394138112708,3.106307889429445
1144,48672.0,49040.87324819448,48711.80112890518,48868.109729457996,48995.29060584567,232.0,1.4947014361605397,213.10354760715563,135.23548029424637,35.279614274870255
1145,49120.0,49043.5729123925,49123.91032103822,49101.400074481244,49046.73475041283,512.0,3.562558653713495,446.97819374926985,223.9903822638662,47.78088208779445
1146,49696.0,49047.99836550191,49605.75751640372,49316.09049398573,49090.85237002126,-48.0,4.896259055192786,-23.831586692474957,24.735666497352213,13.860238109497004
1147,49024.0,49053.36543050288,49076.247147653274,49150.87140747595,49074.45522663182,-264.0,5.435000565812516,-229.12566283263368,-101.78338277180592,-13.874382057849289
1148,49168.0,49058.868366633535,49147.50619073845,49112.52372844212,49063.10360590556,-8.0,5.193798416268692,-31.2100032225826,-66.08581481277724,-16.596440430981602
1149,49008.0,49063.75302733542,49013.82714120811,49018.699777850394,49041.26234576986,-96.0,4.25771248933961,-104.54334348978591,-88.47406166652581,-20.17814284720953
1150,48976.0,49067.383791612214,48938.41950375888,48935.575605109065,49022.74732021114,-344.0,2.7748002923908643,-301.7923092495148,-103.33637018679292,-16.17765954816059
1151,48320.0,49069.3026279202,48410.24252270908,48812.02703747681,49008.907026673536,280.0,0.9569058497436345,266.7202946917532,122.46495110614342,20.605057796074107
1152,49536.0,49069.2976033117,49471.860093142386,49180.50550732135,49063.95743580329,472.0,-0.9254181166543276,435.71556454374877,190.73122350522317,31.448280919918034
1153,49264.0,49067.45179168689,49281.67365179658,49193.489484487254,49071.80358851337,-112.0,-2.56176271703589,-101.8181823629202,-22.271280590473907,-1.7636678642520565
1154,49312.0,49064.17407787763,49268.223728416546,49135.962946140404,49060.43010007479,-328.0,-3.6310973759245826,-300.79484398509885,-145.5450652766449,-23.951983434846625
1155,48608.0,49060.189596935044,48680.08396382638,48902.399353933964,49023.89962164368,-168.0,-3.849532292217191,-159.25638277047983,-86.36391523945713,-15.735497348923673
1156,48976.0,49056.475013293195,48949.710962875586,48963.23511566149,49028.95910537694,152.0,-3.0082299365276413,138.18181342712705,54.45331955826987,7.7074390021080035
1157,48912.0,49054.17313706199,48956.44759068063,49011.305993050504,49039.314499647895,288.0,-1.0301286842550326,256.0232624078599,97.72387391427037,16.72111925335048
1158,49552.0,49054.414755924685,49461.757487691306,49158.68286349003,49062.40134388364,-176.0,2.002650716141943,-153.72558643852608,-49.281697815462394,-1.3930885700719955
1159,48560.0,49058.17843849427,48648.99641780358,48912.74259741958,49036.52832250775,-208.0,5.842562047335377,-187.00474016372027,-69.56896736066119,-2.0466052505034895
1160,49136.0,49066.099880019356,49087.748007363865,49019.54492876871,49058.308133382634,248.0,10.101456068259722,197.4916263795967,48.57479573347882,17.895217544017214
1161,49056.0,49078.38135063079,49043.979670562774,49009.89218888654,49072.318757595785,-136.0,14.299692434506142,-103.86998398720971,-32.706645438898704,14.82656209293782
1162,48864.0,49094.69926488837,48880.008039389446,48954.13163789091,49087.96125756851,-96.0,17.906794814152818,-83.93143422610228,-10.694732050171297,26.840562851146387
1163,48864.0,49114.1949402591,48876.11680211057,48988.502724786194,49125.99988329808,48.0,20.43027636752595,56.692773273993225,96.62244928838481,51.138619894478325
1164,48960.0,49135.55981762342,48993.39358593743,49147.37653646768,49190.238497357466,480.0,21.500444507899374,444.6226433189622,252.56207991532574,75.75053892725555
1165,49824.0,49157.1958292749,49765.362088748494,49493.626884616846,49277.50096115259,344.0,20.911152029279037,318.4010167485794,181.06379045758513,59.93751185275687
1166,49648.0,49177.38212168198,49630.19561943459,49509.50411738285,49310.11352106298,-272.0,18.630144066901266,-224.18837214092855,-53.370708542570355,15.718235963537154
1167,49280.0,49194.4561174087,49316.98534446664,49386.885467531705,49308.93743307966,-128.0,14.81599528352308,-128.2835526347808,-69.17591608528892,0.27078367066860665
1168,49392.0,49207.014112249024,49373.62851416503,49371.15228521227,49310.65508840432,-40.0,9.781148770369327,-35.21425947645548,-26.1570397132964,-2.349590255129442
1169,49200.0,49214.01841494944,49246.556825513726,49334.57138810511,49304.238252569405,128.0,3.9230910621918156,105.71243891732593,30.704796945396083,-1.2049232064455282
1170,49648.0,49214.86029437341,49585.05339199968,49432.561879103065,49308.245241991426,40.0,-2.3237984926563513,23.76352648435204,-9.728569450511714,-12.980748478406895
1171,49280.0,49209.370817964125,49294.08387848243,49315.11424920409,49278.27675561259,-272.0,-8.536857017523289,-220.55012110511962,-99.89050529693486,-30.05464859820495
1172,49104.0,49197.78658033836,49143.95314978944,49232.780868509195,49248.135944795016,88.0,-14.337125592850498,49.63502025424532,-17.942946440300148,-22.93401357782568
1173,49456.0,49180.696566778424,49393.35391899092,49279.22835632349,49232.40872845694,-72.0,-19.390240463988448,-63.82963584393656,-41.938334023958305,-26.90677991522898
1174,48960.0,49159.006099410384,49016.29387810157,49148.90420046128,49194.32238496456,-128.0,-23.405002332139702,-95.59065038148401,-35.87205563157477,-26.37022424415045
1175,49200.0,49133.886562114145,49202.17261822795,49207.48424506034,49179.66827996864,248.0,-26.136699736372975,196.74183126615026,62.32216712922673,-15.670690997492784
1176,49456.0,49106.73269993764,49409.77754063387,49273.54853471973,49162.98100296957,-32.0,-27.386738728331693,-23.50737442472746,-25.161442980737775,-31.33822685058476
1177,49136.0,49079.11308465748,49155.1578693785,49157.16135909886,49116.99182626747,-168.0,-27.005122067093907,-158.83032436289068,-105.80649607143278,-46.93958538872903
1178,49120.0,49052.72245580345,49092.11689190809,49061.935542576866,49069.101832192115,-232.0,-24.950135352770303,-202.45651792997887,-124.25804523356783,-50.43490246575311
1179,48672.0,49029.21281395194,48750.24483351854,48908.64526863173,49016.12202133596,80.0,-21.322051562507113,49.35210920314057,-34.96763962927798,-35.773709789351415
1180,49280.0,49010.078352678436,49190.82111031437,48992.00026331831,48997.55441261341,-8.0,-16.368831721778406,-33.28521936240577,-60.64487365425521,-32.689888091881585
1181,48656.0,48996.475150508384,48683.67439479373,48787.35552132322,48950.7422451522,-416.0,-10.50227183860261,-340.80769382188737,-138.96698133349128,-32.07505520360064
1182,48448.0,48989.07380900123,48509.205722670595,48714.06630065133,48933.40430220621,152.0,-4.257975751319464,131.5599412298543,59.74392965377774,6.9322721643220575
1183,48960.0,48987.959199005745,48946.79427725344,48906.84338063077,48964.606789480844,440.0,1.7650002168629726,371.5599408500311,166.1987702948354,31.432826748674415
1184,49328.0,48992.60380943496,49252.32560437066,49046.463841241,48996.26995570356,-128.0,7.000825224309665,-95.59291938605384,-1.147618769278779,15.07666400789094
1185,48704.0,49001.960849454365,48755.60843848133,48904.548143092215,48994.760117496626,-272.0,10.979989917173953,-215.92270512612959,-41.64162660267539,13.028167667900561
1186,48784.0,49014.563789269305,48820.4801941184,48963.18058803565,49022.32629103936,272.0,13.377190087769122,247.27272622904638,148.2227389612599,39.482488094701694
1187,49248.0,49028.7152296299,49250.15389093942,49200.993621014735,49073.72509368603,544.0,14.056161609893024,480.63864129467765,214.30984348645507,42.685057330971176
1188,49872.0,49042.67611248909,49781.75747670775,49391.80027500856,49107.6964057013,-72.0,13.055225540068932,-73.07694543923571,-49.29320850190197,-4.243867699664406
1189,49104.0,49054.82568071004,49104.00000006095,49102.40720401093,49065.2373582867,-760.0,10.562689322174265,-669.7574762412005,-290.18946899215734,-44.39717950026534
1190,48352.0,49063.80149113344,48442.24252422535,48811.42133702424,49018.90204670077,0.0,6.886423586503952,-28.133858970744768,-61.27519847457006,-12.990209250889166
1191,49104.0,49068.59852788305,49047.73228211946,48979.85680706179,49039.25693978492,264.0,2.4250607988069532,247.01259762223344,106.36387356844352,17.11774007339409
1192,48880.0,49068.65161273105,48936.26771946982,49024.14908416113,49053.13752684756,192.0,-2.355529825817939,184.46335468886173,116.36681917990063,22.53746340501675
1193,49488.0,49063.88746823141,49416.658991497185,49212.59044542159,49084.331866594955,144.0,-6.9479228948148375,109.09690952389792,50.736583971265645,11.01093307714109
1194,49168.0,49054.755766941424,49154.461538517615,49125.62225210366,49075.15939300184,-408.0,-10.8328278283916,-329.88976039150657,-108.15706726610733,-13.8145039430201
1195,48672.0,49042.22181257463,48756.87947071417,48996.27631088938,49056.702858708915,120.0,-13.531730556896946,104.2085987662831,32.79221423040872,0.7786086425185204
1196,49408.0,49027.69230582763,49362.87873605018,49191.20668056448,49076.71661028688,368.0,-14.662204533909971,302.9996325880711,86.5337099573444,3.449582092311175
1197,49408.0,49012.89740350681,49362.878735890314,49169.34373080407,49063.60202289354,-376.0,-14.006598306012165,-326.22648131018286,-141.19108435837916,-30.334486248670146
1198,48656.0,48999.679109215605,48710.425773429815,48908.82451184772,49016.04763778954,-312.0,-11.572554525293526,-279.7039347095524,-134.10696303248915,-29.552003214517754
1199,48784.0,48989.75229445622,48803.47086647121,48901.12980473909,49004.4980164645,232.0,-7.62639017742913,190.3994253974197,50.870195260911714,-0.5247205018167733
1200,49120.0,48984.42632886075,49091.224624224655,49010.564902369544,49014.998196785906,336.0,-5.325965595475282,287.7537577534458,109.43509763045586,10.500180321403604
