distance,Raw,Median+Gaussian,Huber MRF lambda=0.1,Huber MRF lambda=1,Huber MRF lambda=10,derivative:Raw,derivative:Median+Gaussian,derivative:Huber MRF lambda=0.1,derivative:Huber MRF lambda=1,derivative:Huber MRF lambda=10
0,41456.0,40948.195286666865,41422.1590537816,41234.52634369362,41067.0070153106,-752.0,-1.81739082455897,-650.477163076248,-221.47365630638524,-38.89929846893938
1,40704.0,40946.377895842306,40771.68189070535,41013.05268738724,41028.10771684166,-112.0,-2.653153201321402,-117.2438789023654,-66.9473126127632,-22.693912626855308
2,41232.0,40942.88898026422,41187.67129597687,41100.631718468096,41021.61919005689,184.0,-4.185342232245603,155.55590495485376,21.89489031490666,-17.00756728192573
3,41072.0,40938.007211377815,41082.79370061506,41056.84246801705,40994.09258227781,-56.0,-5.385285620774084,-50.909092286525265,-51.368016442524095,-31.42197866519564
4,41120.0,40932.118409022674,41085.85311140382,40997.89568558305,40958.7752327265,-208.0,-6.16258654084595,-187.29645553644878,-119.99893964247894,-43.37858791498002
5,40656.0,40925.68203829612,40708.20078954216,40816.84458873209,40907.33540644785,-88.0,-6.469071522289596,-97.0269508065212,-100.62880248490546,-38.87305595626094
6,40944.0,40919.180265978095,40891.79920979078,40796.63808061324,40881.029120813975,-168.0,-6.318938407224778,-161.1799206820324,-93.88746781223745,-29.45482959317087
7,40320.0,40913.044161481674,40385.8409481781,40629.06965310762,40848.425747261506,-120.0,-5.7758710154557775,-92.97913083764797,-13.033600951810513,-6.182086189397523
8,40704.0,40907.62852394718,40705.84094811548,40770.570878709615,40868.66494843518,424.0,-4.94433458887579,372.0617780104585,174.7866649568059,28.472448595435708
9,41168.0,40903.15549230392,41129.964504199015,40978.64298302123,40905.37064445238,200.0,-3.952932706612046,191.08903958295195,113.39359582222824,23.574228239816875
10,41104.0,40899.72265853396,41088.019027281385,40997.35807035407,40915.813404914814,-144.0,-2.924373435693269,-121.8503405106967,-34.60587749012484,1.0334307081757288
11,40880.0,40897.306745432536,40886.26382317762,40909.43122804098,40907.43750586873,-200.0,-1.9576813887215394,-170.43608821565067,-73.21122829260275,-7.004023752644571
12,40704.0,40895.80729575652,40747.146850850084,40850.93561376887,40901.805357409525,104.0,-1.1177453933196375,76.61728192286319,14.972192612316576,4.258119411268126
13,41088.0,40895.071254645896,41039.49838702335,40939.37561326561,40915.953744691265,64.0,-0.4402007677781512,49.84347129000889,14.12780612955612,5.546074516303634
14,40832.0,40894.92689422096,40846.8337934301,40879.19122602798,40912.89750644213,-152.0,0.07218265215487918,-118.49562644275284,-36.588774223648215,0.9886370729727787
15,40784.0,40895.215619950206,40802.50713413784,40866.198064818316,40917.93101883721,64.0,0.4344917248454294,48.20901139695707,28.105871199495596,11.730063336941384
16,40960.0,40895.79587767065,40943.251816224016,40935.40296842697,40936.357633116015,48.0,0.6738831784314243,57.00376320626674,56.906387822135,17.244495934603037
17,40880.0,40896.56338630707,40916.514660550376,40980.010840462586,40952.42001070642,240.0,0.8280093331704848,214.53314650445463,94.61329226691669,19.68337812572645
18,41440.0,40897.45189633699,41372.318109232925,41124.6295529608,40975.72438936747,-56.0,0.9398953483178047,-48.36921713709671,-13.066511021388578,0.09059812941995915
19,40768.0,40898.443177003704,40819.77622627618,40953.87781841981,40952.60120696526,-208.0,1.0583773068574374,-186.59453901781308,-77.81282533108242,-13.893122053945262
20,41024.0,40899.56865095071,40999.1290311973,40969.00390229864,40947.93814525958,80.0,1.223188878648216,54.997960907621746,-12.371964971858688,-8.466154442699917
21,40928.0,40900.889554761,40929.772148091426,40929.13388847609,40935.66889807986,-72.0,1.4624380400746304,-60.49614264874981,-39.30306958449364,-11.885802275730384
22,40880.0,40902.493527030856,40878.1367458998,40890.39776312965,40924.16654070812,-72.0,1.78827631483,-60.95167269261947,-33.53724378162224,-9.29403033633207
23,40784.0,40904.46610739066,40807.86880270619,40862.05940091285,40917.08083740719,64.0,2.1787934858657536,49.07607033730892,10.691338239623292,-0.43166143056441797
24,41008.0,40906.85111400259,40976.28888657442,40911.7804396089,40923.30321784699,16.0,2.5902168114553206,9.864516740326508,1.6112585005030269,1.9875413321424276
25,40816.0,40909.64654101357,40827.59783618684,40865.28191791385,40921.05592007148,-120.0,2.9769737656788493,-90.70186945339083,-21.857562738121487,3.005498228063516
26,40768.0,40912.805061533945,40794.885147667635,40868.065314132655,40929.314214303115,120.0,3.3033980067230004,101.71304981898356,52.81605328513251,16.32400494679314
27,41056.0,40916.25333702702,41031.02393582481,40970.91402448412,40953.703929965064,136.0,3.5600988272271934,111.25846728121542,60.30572259351902,19.274912160202803
28,41040.0,40919.9252591884,41017.402082230066,40988.67675931969,40967.86403862352,-168.0,3.7766319546026352,-126.61144244442039,-7.898885504575446,10.55331058963202
29,40720.0,40923.80660093622,40777.80105093597,40955.11625347497,40974.81055114433,248.0,4.026034733749839,225.45801115566064,83.99762089275828,19.687040078024438
30,41536.0,40927.9773286559,41468.31810454139,41156.67200110521,41007.23811877957,72.0,4.39466755464673,54.01994836002632,11.89174818284664,5.989473574223666
31,40864.0,40932.595936045516,40885.84094765602,40978.89974984066,40986.789498292776,-408.0,4.957148989215057,-351.2385784228609,-120.32237634421472,-14.30914557215874
32,40720.0,40937.89162663433,40765.840947695666,40916.02724841678,40978.61982763525,184.0,5.7665120807942,148.78070657994613,35.14112278450921,4.761320724235702
33,41232.0,40944.128960207105,41183.40236081591,41049.18199540968,40996.31213974125,160.0,6.816002480292809,134.99724913783575,41.74574469773506,5.907919093064265
34,41040.0,40951.523631594915,41035.83544597134,40999.51873781225,40990.43566582138,-200.0,8.02793109560298,-168.38968498790564,-69.90388869130402,-8.354690628802928
35,40832.0,40960.18482239831,40846.6229908401,40909.37421802707,40979.60275848364,-136.0,9.266468637852086,-116.0975009307549,-51.45741077164348,-3.4527694135540514
36,40768.0,40970.05656887062,40803.64044410983,40896.60391626896,40983.53012699427,168.0,10.352743285788165,135.2196738188468,51.531656376373576,14.703874860340875
37,41168.0,40980.89030896989,41117.062338477794,41012.43753077982,41009.01050820432,64.0,11.094567688465759,58.73358675693089,38.052379900767846,17.53090662026807
38,40896.0,40992.24570424755,40921.10761762369,40972.7086760705,41018.59194023481,-96.0,11.32095033758742,-70.41663273567247,-1.374516674070037,15.711029042227892
39,40976.0,41003.53220964506,40976.22907300645,41009.68849743168,41040.43256628878,56.0,10.922821504933381,56.26682041500317,53.82407007701477,25.062254368407594
40,41008.0,41014.09134725742,41033.641258453696,41080.35681622453,41068.71644897162,208.0,9.873371439854964,185.6184777157032,106.84672690511798,31.319705131427327
41,41392.0,41023.27895252477,41347.466028437855,41223.381951241914,41103.07197655163,104.0,8.236122519858327,91.15491217345698,58.7161106383428,19.909126407594158
42,41216.0,41030.563592297134,41215.95108280061,41197.789037501214,41108.53470178681,-176.0,6.1545037671603495,-131.75953163419035,-34.69839499008958,0.0894603245142207
43,41040.0,41035.58796005909,41083.946965169474,41153.985161261735,41103.25089720066,120.0,3.825590663069306,87.73070821621877,13.188704391388455,-2.1212597261146584
44,41456.0,41038.21477362327,41391.41249923305,41224.16644628399,41104.29218233458,-40.0,1.4595032965189603,-44.69833964519057,-45.73549183575233,-16.54410574934809
45,40960.0,41038.50696665213,40994.55028587909,41062.51417759023,41070.162685701966,-216.0,-0.7636647771651042,-194.88441408445942,-110.3951798986418,-28.621362347523245
46,41024.0,41036.68744406894,41001.64367106413,41003.37608648671,41047.049457639536,-112.0,-2.7203047156363027,-104.68825949430175,-69.45004786017307,-21.960755180451088
47,40736.0,41033.06635722086,40785.17376689049,40923.614081869884,41026.24117534106,24.0,-4.35083694286368,29.39893027878861,14.045036318122584,-6.296223531418946
48,41072.0,41027.985770183215,41060.441531621706,41031.46615912295,41034.4570105767,264.0,-5.663684997256496,217.47542283973598,87.58515681454446,6.338685764472757
49,41264.0,41021.738987226345,41220.12461256996,41098.78439549897,41038.91854687001,-80.0,-6.707317276803224,-59.69385620194225,-15.289565874492837,-6.792536363194813
50,40912.0,41014.57113562961,40941.05381921782,41000.88702737397,41020.87193785031,-160.0,-7.5380134713959706,-133.80169726303575,-53.45385443802297,-12.603012127179682
51,40944.0,41006.66296028355,40952.52121804389,40991.87668662293,41013.71252261565,72.0,-8.204859189834679,54.0734890455351,14.92800256042392,-3.673789103879244
52,41056.0,40998.16141724994,41049.20079730889,41030.743032494815,41013.52435964255,72.0,-8.726348406813486,62.6835658094642,26.237862119294732,-2.311944990971824
53,41088.0,40989.210263469926,41077.88834966282,41044.35241086152,41009.088632633706,-24.0,-9.084946466286056,-21.87069933199382,-8.214416202539724,-8.381295377159404
54,41008.0,40979.99152431737,41005.4593986449,41014.314200089735,40996.76176888823,-112.0,-9.244957864018943,-85.13195779340822,-26.881110726910265,-12.888775301060377
55,40864.0,40970.72034774189,40907.624434076,40990.590189407696,40983.311082031585,184.0,-9.168115682175994,151.4293628906198,39.57108402180529,-7.485132755067752
56,41376.0,40961.655292953015,41308.31812442614,41093.456368133346,40981.791503378096,16.0,-8.817579599923192,-4.425279049486562,-38.40563720768114,-21.230003484586632
57,40896.0,40953.08518854204,40898.77387597703,40913.778914992334,40940.85107506241,-416.0,-8.18247916551627,-360.1074341131425,-170.7879956448378,-38.69787456256381
58,40544.0,40945.29033462198,40588.10325619986,40751.88037684367,40904.39575425297,-96.0,-7.278646564089286,-90.15433877790565,-57.95834972683588,-18.435533096791914
59,40704.0,40938.52789541386,40718.46519842122,40797.86221553866,40903.98000886883,232.0,-6.13983446812199,202.68793432747043,92.91294646433016,9.583255059300427
60,41008.0,40933.01066568574,40993.4791248548,40937.70626977233,40923.56226437157,224.0,-4.821936579242902,202.40955070757263,104.69718911983,15.360368721318082
61,41152.0,40928.88402225538,41123.28429983636,41007.25659377832,40934.700746311464,-16.0,-3.3972753758571343,-13.773325836613367,-2.8213791048474377,0.2735192554682726
62,40976.0,40926.216114934025,40965.93247318157,40932.063511562636,40924.109302882505,-240.0,-1.9522058508846385,-207.68946074693667,-97.16132643436868,-13.185978284833254
63,40672.0,40924.97961055361,40707.90537834249,40812.933940909585,40908.3287897418,-80.0,-0.5812011815905862,-78.50020312663037,-48.66260019825859,-3.9640736536166514
64,40816.0,40925.05371257084,40808.93206692831,40834.73831116612,40916.18115557527,80.0,0.6186952521202329,65.68702322739773,31.17352583959655,12.861423612237559
65,40832.0,40926.21700105785,40839.279424797285,40875.28099258878,40934.05163696627,56.0,1.5537975013758114,66.74448185538131,62.1831777170446,22.97306323931116
66,40928.0,40928.161307573595,40942.421030639074,40959.10466660021,40962.127282053894,200.0,2.1621370767643384,175.24675903715251,99.37600731153725,29.782009190319513
67,41232.0,40930.54127521138,41189.77294287159,41074.03300721185,40993.61565534691,40.0,2.4259061294469575,36.21662659046342,35.94484421757443,19.56915606036273
68,41008.0,40933.01311983249,41014.85428382,41030.99435503536,41001.26559417462,-184.0,2.378577080096875,-140.64723995158056,-31.541474658821244,7.313218536437489
69,40864.0,40935.29842937157,40908.47846296843,41010.95005789421,41008.24209241979,176.0,2.1208736255866825,138.73200942914264,53.43073180596184,14.188602866157453
70,41360.0,40937.25486708366,41292.318302678286,41137.85581864728,41029.642799906935,0.0,1.8015247710100084,11.6015755487133,15.833670076706767,4.882847482498619
71,40864.0,40938.90147891359,40931.681614065856,41042.61739804762,41018.007787384784,-8.0,1.5932395936069952,-7.999976749197231,-5.9297215758379025,-3.934623152916174
72,41344.0,40940.441346270876,41276.31834917989,41125.996375495604,41021.7735536011,16.0,1.6644663737533847,0.7497753650422965,-25.622834804224112,-12.345556103628041
73,40896.0,40942.2304116611,40933.18116479594,40991.371728439175,40993.31667517753,-184.0,2.145890808737022,-154.8670341757279,-86.93878283683807,-23.591044664692163
74,40976.0,40944.73312788835,40966.584280828436,40952.11880982193,40974.59146427172,16.0,3.1019994448324724,-13.67547982531687,-51.19351370628647,-18.79563769223023
75,40928.0,40948.43441055076,40905.83020514531,40888.9847010266,40955.72539979307,-200.0,4.5128968189892475,-171.6030499565859,-82.64175828202497,-17.47979448899423
76,40576.0,40953.75892152633,40623.378180915264,40786.83529325788,40939.63187529373,-64.0,6.274156357045285,-45.56111965370292,3.268238860218844,2.0880692653518054
77,40800.0,40960.98272326485,40814.7079658379,40895.52117874704,40959.90153832377,416.0,8.200615903391736,358.46996609696,156.4464748626815,28.264739946225745
78,41408.0,40970.16015333311,41340.318113109184,41099.72824298324,40996.16135518618,48.0,10.052131745716906,59.37318424897239,50.07118572782201,15.667884621721896
79,40896.0,40981.08698675629,40933.454334335845,40995.663550202684,40991.237307567215,-216.0,11.56541608776024,-185.3649305107101,-54.23291767921546,-0.16218224060867215
80,40976.0,40993.29098550863,40969.588252087764,40991.26240762481,40995.836990704964,8.0,12.484551239875145,4.075178190727456,3.230061234531604,5.591532672999165
81,40912.0,41006.05608923604,40941.6046907173,41002.12367267175,41002.42037291321,136.0,12.599327899792115,120.03989221603479,55.92310138281027,11.104400853910192
82,41248.0,41018.48964130822,41209.66803651983,41103.10861039043,41018.045792412784,88.0,11.778341326560621,76.40352840171181,28.539242913899216,4.127709120210056
83,41088.0,41029.61277188916,41094.411747520724,41059.202158499545,41010.67579115363,-88.0,9.993135570599406,-83.19755139550398,-58.305372641112626,-11.236211701470893
84,41072.0,41038.475912449416,41043.272933728826,40986.497865108206,40995.57336900984,-328.0,7.331814921475598,-297.3649260031889,-115.45536083723346,-18.92375369329966
85,40432.0,41044.27640173211,40499.681895514346,40828.29143682508,40972.828283767034,96.0,4.000676139330608,97.44305919294493,39.93929012941226,4.29632894554743
86,41264.0,41046.47726472808,41238.159052114715,41066.37644536703,41004.16602690094,464.0,0.30443958033356466,409.23857819366094,139.27323122547023,18.34604447894526
87,41360.0,41044.88528089278,41318.15905190167,41106.83789927602,41009.520372724925,-392.0,-3.3887423423293512,-345.23857793048956,-86.11959645300885,-12.169635539761657
88,40480.0,41039.69978004342,40547.681896253736,40894.13725246101,40979.826755821414,16.0,-6.697116694784199,4.35976126460082,-5.632020584493148,-4.702279112443648
89,41392.0,41031.49104750321,41326.87857443087,41095.57385810703,41000.11581450004,264.0,-9.2837611434079,233.19595191343615,53.22353469953305,0.6948494036296324
90,41008.0,41021.1322577566,41014.07380008061,41000.58432186008,40981.21645462867,-344.0,-10.90482602719203,-282.4357739472325,-98.69737531691862,-20.238537139935943
91,40704.0,41009.681395448824,40762.007026536405,40898.179107473195,40959.638740220165,64.0,-11.443107054969005,37.96835913781251,-5.315660650278005,-8.79577739749584
92,41136.0,40998.246043646664,41090.010518356234,40989.95300055952,40963.62489983368,128.0,-10.92687790689888,98.05608360098995,18.75039336608097,-4.632595394799864
93,40960.0,40987.82763963503,40958.119193738385,40935.67989420536,40950.373549430566,-168.0,-9.517847028939286,-141.29535592591128,-66.43315925147908,-13.73267293159006
94,40800.0,40979.210349588786,40807.41980650441,40857.086682056564,40936.1595539705,-128.0,-7.474779522752215,-113.60035471192168,-50.04987112051458,-7.406017761535622
95,40704.0,40972.87808058952,40730.91848431454,40835.58015196433,40935.561513907494,56.0,-5.106692996596394,58.09109938283291,44.283545889924426,10.980035632364888
96,40912.0,40968.99696359559,40923.60200527008,40945.65377383641,40958.11962523523,288.0,-2.720525563468982,250.6935473058984,126.90050879029513,24.864092589501524
97,41280.0,40967.437029462584,41232.30557892634,41089.38116954492,40985.2896990865,72.0,-0.5771403936232673,70.23146828796234,48.417980480964616,12.434558805587585
98,41056.0,40967.84268280835,41064.064941846,41042.48973479834,40982.988742846406,-152.0,1.1515212536069157,-127.91592785033208,-53.64656734740856,-5.951519097769051
99,40976.0,40969.7400719698,40976.473723225674,40982.0880348501,40973.38666089096,-88.0,2.389849760435027,-85.22260249196188,-57.35768252318667,-9.732748910901137
100,40880.0,40972.62238232922,40893.61973686208,40927.77436975197,40963.523245024604,0.0,3.150916197548213,-14.755302053217747,-30.426480222147802,-5.687253615120426
101,40976.0,40976.041904364894,40946.96311911924,40921.235074405806,40962.01215366072,-112.0,3.5260558440459135,-91.84102214664017,-33.92175814326038,-2.2104836808539403
102,40656.0,40979.67449401731,40709.9376925688,40859.93085346545,40959.102277662896,24.0,3.6488547181361355,32.66303629352842,40.66120579237031,12.24523788532315
103,41024.0,40983.33961380117,41012.289191706295,41002.55748599055,40986.502629431365,264.0,3.6621467181903427,243.7974576689776,131.90537552036403,25.52548324003874
104,41184.0,40986.99878745369,41197.53260790675,41123.74160450618,41010.15324414297,280.0,3.681604147386679,252.90645573421352,91.05492076872542,14.958276918754564
105,41584.0,40990.70282209594,41518.10210317472,41184.667327528,41016.419183268874,-368.0,3.764402263033844,-340.92535806762316,-139.19574619919513,-22.1131017106527
106,40448.0,40994.52759197976,40515.681891771506,40845.350112107786,40965.92704072167,-336.0,3.8929720943597204,-314.8713236654403,-140.18702638130708,-24.595790511124505
107,40912.0,40998.48876628466,40888.35945584384,40904.29327476538,40967.227602246625,280.0,3.967675241023244,237.34078362047148,55.089800040292175,4.061941637290147
108,41008.0,41002.4629424618,40990.36345901245,40955.52971218837,40974.05092399625,-8.0,3.8280747584358323,13.82129823084324,25.00129351716896,5.125867949434905
109,40896.0,41006.14491580153,40916.00205230553,40954.29586179972,40977.479338145495,16.0,3.2920084434663295,25.648854820698034,27.91408051120743,7.502381056518061
110,41040.0,41009.046959348736,41041.661168653845,41011.357873210785,40989.055686109285,168.0,2.1993811609318072,133.96495961756227,42.74094801646061,9.029132269257389
111,41232.0,41010.543678123395,41183.93197154065,41039.77775783264,40995.53760268401,-216.0,0.4757866835425375,-186.14174817828825,-67.69123646182197,-5.341203291074635
112,40608.0,41009.99853271582,40669.37767229727,40875.97540028714,40978.373279527135,-144.0,-1.818457628502074,-119.59352898867655,-29.814657401930162,1.3543408194818767
113,40944.0,41006.90676286639,40944.7449135633,40980.14844302878,40998.24628432297,328.0,-4.4788923883206735,279.0918090825253,122.24726425603512,22.58531901198876
114,41264.0,41001.04074793918,41227.56129046232,41120.46992879921,41023.54391755111,96.0,-7.174928632208321,100.62282921061706,68.55645017003553,13.274829105692334
115,41136.0,40992.556905601974,41145.990571984534,41117.26134336885,41024.79594253436,-32.0,-9.497190908867196,-31.61785855511698,-12.577913745932165,-4.3081778900377685
116,41200.0,40982.046366121445,41164.325573352085,41095.31410130735,41014.92756177104,-192.0,-11.04549059308556,-163.15435596307725,-74.29019140783203,-19.1220026747651
117,40752.0,40970.4659244158,40819.68186005838,40968.68096055319,40986.55193718483,96.0,-11.52592256032949,79.9962746933561,-18.292660477560275,-16.648027726969303
118,41392.0,40958.994521000786,41324.3181227388,41058.72878035223,40981.6315063171,-80.0,-10.816018634843203,-92.335192329665,-76.5877900248488,-25.43885555187444
119,40592.0,40948.83388714612,40635.01147539905,40815.50538050349,40935.67422608108,-336.0,-9.004921775085677,-298.8006652445656,-131.4707095969934,-28.77356893196702
120,40720.0,40940.984677450615,40726.71679224967,40795.78736115824,40924.084368453165,168.0,-6.381853028695332,125.28927809895322,18.175661233868595,-1.3856392052548472
121,40928.0,40936.070181088726,40885.590031596956,40851.85670297123,40932.90294767057,-80.0,-3.3662833584348846,-53.17660266791063,17.997693298602826,9.063726600932569
122,40560.0,40934.252110733745,40620.363586913845,40831.782747755446,40942.21182165503,232.0,-0.41563311682693893,219.36404825861246,115.81741866193624,28.419465067210695
123,41392.0,40935.23891485507,41324.31812811418,41083.4915402951,40989.74187780499,136.0,2.0718360488608596,139.65913785415978,97.45456268720591,27.417150040215347
124,40832.0,40938.39578283147,40899.681862622165,41026.69187312986,40997.04612173546,0.0,3.841363823899883,3.5006026830851624,40.546269399685116,15.556550017237896
125,41392.0,40942.92164250287,41331.31933348035,41164.58407909447,41020.854977839466,104.0,4.819470584454393,81.6200687402561,24.184245511845802,5.2516049959813245
126,41040.0,40948.034724000376,41062.92200010268,41075.06036415355,41007.54933172742,-176.0,5.097813772554218,-153.7873328642745,-71.99353286414407,-14.928179525672022
127,41040.0,40953.11727004798,41023.7446677518,41020.59701336618,40990.99861878812,-136.0,4.887892400529381,-120.45399359185103,-64.16484410427074,-19.0007819998973
128,40768.0,40957.810508801434,40822.014012918975,40946.73067594501,40969.54776772763,128.0,4.447429418549291,102.92792166942309,15.49900055132457,-11.37346267410976
129,41296.0,40962.01212888508,41229.60051109065,41051.59501446883,40968.2516934399,64.0,4.0078467658640875,41.00054171751253,-17.338154241762822,-17.68348961573065
130,40896.0,40965.82620233316,40904.015096354,40912.05436746148,40934.18078849617,-344.0,3.7273891100121546,-285.5099329666409,-131.51346327660576,-32.16186551892679
131,40608.0,40969.4669071051,40658.580645157366,40788.56808791562,40903.92796240205,40.0,3.667853599457885,7.468774590208341,-33.20223558804719,-15.456427974015241
132,40976.0,40973.16190953208,40918.95264553442,40845.64989628539,40903.26793254814,-32.0,3.8057541030029824,-24.86477195085172,-8.093243487543077,-4.296633226505946
133,40544.0,40977.07841531111,40608.85110125566,40772.381600940535,40895.33469594904,16.0,4.0698549892731535,31.119951724504062,40.92250512541068,9.633498198349116
134,41008.0,40981.301619510625,40981.192548983425,40927.49490653621,40922.534928944835,256.0,4.37585693733854,221.33820291995653,114.8607588637824,22.92697944304382
135,41056.0,40985.830129185786,41051.527507095576,41002.1031186681,40941.188654835125,40.0,4.651693897347286,47.9724935900158,47.65977146594014,12.913158632043633
136,41088.0,40990.60500730532,41077.13753616346,41022.81444946809,40948.36124620892,-40.0,4.854920407356985,-28.702290114855714,-11.881444465969253,0.19065368424344342
137,40976.0,40995.5399700005,40994.122926865864,40978.34022973616,40941.56996220361,24.0,4.9665062155727355,7.600025031748373,-43.30410486384426,-8.512785895127308
138,41136.0,41000.538019736465,41092.33758622695,40936.2062397404,40931.33567441867,-344.0,4.973429976809712,-319.2205157303688,-142.03087012555625,-20.467504064014065
139,40288.0,41005.48682995412,40355.68189540513,40694.27848948505,40900.634954075584,-120.0,4.847799377126648,-105.35235896658196,-38.78850551283176,-0.06897263930295594
140,40896.0,41010.23361849072,40881.63286829379,40858.62922871474,40931.19772914006,408.0,4.550241382443346,360.3445657542652,145.66535358705733,32.32266152148077
141,41104.0,41014.587312719006,41076.37102691366,40985.60919665916,40965.280277118545,48.0,4.03907393972986,56.593293188139796,67.78456627401101,27.146561834408203
142,40992.0,41018.31176637018,40994.81945467007,40994.19836126276,40985.49085280888,-96.0,3.284533317466412,-67.45429889324805,9.688345234975714,19.885118330777914
143,40912.0,41021.15637935394,40941.46242912716,41004.985887129114,41005.0505137801,112.0,2.302411859320273,93.95512009289814,57.28046943091249,24.212186660231964
144,41216.0,41022.91659008882,41182.729694855865,41108.759300124584,41033.91522612934,80.0,1.173556499168626,74.91574000802939,50.153063057761756,19.760473655704118
145,41072.0,41023.503492352276,41091.29390914322,41105.29201324464,41044.57146109151,0.0,0.04847658511062036,5.0337600034654315,13.17871974236914,9.284808016742318
146,41216.0,41023.01354325904,41192.797214862796,41135.11673960932,41052.48484216283,-16.0,-0.8705231959502271,-14.510619966433296,-10.616903830650699,-0.2623768205376109
147,41040.0,41021.762445960376,41062.27266921035,41084.05820558334,41044.046707450434,-16.0,-1.3641985748981824,-19.161199600690452,-29.029431234321237,-8.235799339872756
148,41184.0,41020.28514610924,41154.474815661415,41077.05787714068,41036.01324348308,-40.0,-1.2462911551665456,-55.42377524185213,-60.47138987231665,-15.43280179319845
149,40960.0,41019.26986365004,40951.42511872665,40963.1154258387,41013.18110386404,-288.0,-0.40654525503123295,-245.9241033015278,-112.38473838262507,-20.173084425841807
150,40608.0,41019.47205559918,40662.62660905836,40852.28840037543,40995.6670746314,-24.0,1.153457337517466,-15.665464376477757,11.317174724445067,1.8693244989262894
151,40912.0,41021.57677832508,40920.09418997369,40985.74977528759,41016.91975286189,512.0,3.307259963847173,450.84574737830917,170.33626255596027,26.498665873590653
152,41632.0,41026.086575526875,41564.31810381498,41192.96092548735,41048.66440637858,-104.0,5.8212362248996214,-79.0991502517536,-12.308387056571519,2.5778738356166286
153,40704.0,41033.21925077488,40761.89588947019,40961.13300117445,41022.07550053312,-296.0,8.386410470091505,-280.9364004204581,-103.2614237256712,-10.685130818797916
154,41040.0,41042.85939646706,41002.44530297406,40986.43807803601,41027.29414474098,64.0,10.673697722446377,52.77592837416887,-1.4758841204420605,4.583351444907748
155,40832.0,41054.56664621977,40867.447746218524,40958.181232933566,41031.24220342294,32.0,12.373637473741837,42.241174337068514,34.83377136434501,13.910168853104551
156,41104.0,41067.60667141454,41086.9276516482,41056.1056207647,41055.11448244719,160.0,13.239032801429857,134.11816367067877,73.97719821348437,21.428003146611445
157,41152.0,41081.04471182263,41135.68407355988,41106.135629360535,41074.09820971616,-64.0,13.11978686457951,-32.82321028889419,27.097823276097188,15.088637754775846
158,40976.0,41093.8462451437,41021.28123107041,41110.30126731689,41085.291757956744,160.0,11.972526065561397,143.2374902158008,71.31627161480719,16.658136138423288
159,41472.0,41104.98976395375,41422.15905399148,41248.76817259015,41107.41448199301,152.0,9.858811827340105,120.43891552525383,26.850991568335303,3.8934481359137862
160,41280.0,41113.56386879838,41262.15906212092,41164.00325045356,41093.07865422857,-392.0,6.9390772345723235,-333.2385933920523,-142.7632969098122,-23.68189505301052
161,40688.0,41118.8679184229,40755.68186720738,40963.241578770525,41060.05069188699,-48.0,3.461475502645044,-72.51325117997112,-63.14088229776826,-14.425427747231879
162,41184.0,41120.48681980367,41117.132559760976,41037.72148585803,41064.22779873411,16.0,-0.26220225563520216,15.592795787917566,1.3406500165110629,-1.8115032161767886
163,40720.0,41118.343513911626,40786.867458783214,40965.92287880355,41056.42768545463,40.0,-3.874979464279022,58.24101095723381,51.16283234729417,9.021270993256621
164,41264.0,41112.73686087511,41233.61458167544,41140.047150552615,41082.27034072062,280.0,-7.00413853273858,240.65121325050495,112.14784702537872,16.756172302022605
165,41280.0,41104.33523684615,41268.169885284224,41190.218572854305,41089.94003005868,-40.0,-9.307257313765149,-24.595269970093796,5.280708728838363,-1.8333091590102413
166,41184.0,41094.12234624758,41184.424041735256,41150.60856801029,41078.6037224026,-80.0,-10.515356377767603,-81.62563487268562,-56.305720838863635,-16.60612153594775
167,41120.0,41083.304524090614,41104.91861553885,41077.60713117658,41056.72778698678,-168.0,-10.472394003136287,-154.91234850212277,-94.19787124542927,-25.039546066480398
168,40848.0,41073.17755824131,40874.59934473101,40962.21282551943,41028.52463026964,-120.0,-9.180861729641038,-97.32254715279487,-58.28789289742417,-19.176925203661085
169,40880.0,41064.94280063133,40910.27352123326,40961.03134538173,41018.37393657946,240.0,-6.814681791522162,192.85938601599264,39.33419255316039,-3.231996861202788
170,41328.0,41059.548194658266,41260.318116762995,41040.881210625754,41022.060636547234,-160.0,-3.6916788998751144,-149.54962162498487,-63.70952944309829,-11.610268204869499
171,40560.0,41057.55944283158,40611.17427798329,40833.61228649553,40995.15340016972,-280.0,-0.23564515428370214,-237.9052512409362,-70.46278088245526,-5.149566369022068
172,40768.0,41059.0769043497,40784.50761428112,40899.95564886084,41011.76150380919,384.0,3.0893071222599247,328.95367284908934,132.32118679572886,28.79617882992534
173,41328.0,41063.7380570761,41269.08162368147,41098.25466008699,41052.74575782957,104.0,5.866852869417926,116.89986266208871,83.42634126964185,27.221541911862005
174,40976.0,41070.810610088534,41018.3073396053,41066.80833140013,41066.204587632914,-48.0,7.788695944003848,-39.23758604966497,13.957837013200333,17.96905918499033
175,41232.0,41079.31544896411,41190.60645158214,41126.17033411339,41088.68387619955,-40.0,8.700138920765312,-34.668630112468236,6.447169769962784,15.313482376612228
176,40896.0,41088.210887930065,40948.970079380364,41079.70267094005,41096.83155238614,0.0,8.606839262487483,23.21402470006069,45.38367229668438,18.189253805892804
177,41232.0,41096.529127489084,41237.03450098226,41216.93767870676,41125.06238381134,384.0,7.636600398822338,323.67401460513065,129.70384712009036,22.883950615771028
178,41664.0,41103.48408872771,41596.318108590625,41339.11036518023,41142.59945361768,-48.0,5.991743821719865,-50.51724582213865,-40.27213093640603,-8.532957512776193
179,41136.0,41108.512615132524,41136.000009337986,41136.39341683395,41107.99646878579,-512.0,3.8858997051866027,-444.31811727740205,-202.52023992931572,-36.00316139260758
180,40640.0,41111.25588813808,40707.68187403582,40934.0698853216,41070.593130832465,-24.0,1.4963992662051169,-39.80321407575684,-55.288588851541135,-15.873681411692814
181,41088.0,41111.505413664934,41056.39358118647,41025.816239130865,41076.2491059624,224.0,-1.0516219416749664,185.52843504210614,60.65447337469959,5.068430428051215
182,41088.0,41109.15264425473,41078.73874412003,41055.378832071,41080.72999168857,-48.0,-3.6721270252346585,-23.96111646627105,13.252008975632634,4.117385310597456
183,40992.0,41104.161159614465,41008.47134825393,41052.32025708213,41084.483876583596,8.0,-6.282980414547637,12.089345403539483,27.101553552191035,8.378078724206716
184,41104.0,41096.58668342564,41102.91743492711,41109.58193917538,41097.48614913698,96.0,-8.76349961608139,89.0332613087412,60.05265168094775,12.67658001023301
185,41184.0,41086.6341603823,41186.53787087141,41172.425560444026,41109.83703660406,104.0,-10.927799292425334,96.30979030137314,57.056401490652206,8.642739297287335
186,41312.0,41074.73108484079,41295.53701552986,41223.69474215669,41114.771627731556,32.0,-12.524871296503989,26.684222307732853,7.116552791001595,-4.926827485931426
187,41248.0,41061.584417789294,41239.90631548688,41186.65866602603,41099.9833816322,-96.0,-13.278924601989274,-96.09912260860074,-67.70674311764014,-22.18907701774515
188,41120.0,41048.17323563681,41103.33877031266,41088.28125592141,41070.393473696065,-256.0,-12.953255277101562,-219.87369361093442,-114.23678214391839,-32.07023425132866
189,40736.0,41035.67790723509,40800.15892826501,40958.18510173819,41035.84291312954,104.0,-11.415929707898613,78.48967044287929,-19.003603314115026,-19.558414910050487
190,41328.0,41025.34137622101,41260.318111198416,41050.27404929318,41031.276643875965,-16.0,-8.701512246956554,-29.831195920669416,-46.774027798430325,-19.402437059776275
191,40704.0,41018.27488274118,40740.49653642367,40864.63704614133,40997.03803900999,-280.0,-5.029069844036712,-246.63282897574027,-105.31848008117959,-19.586702915476053
192,40768.0,41015.28323653294,40767.052453246935,40839.63708913082,40992.10323804501,24.0,-0.7716014436264231,21.81818305795241,10.81858755489884,6.270360937272926
193,40752.0,41016.731679853925,40784.132902539575,40886.27422125113,41009.578760884535,216.0,3.6071159676648676,196.2674619557365,113.77424274587611,30.354460883751017
194,41200.0,41022.49746846827,41159.58737715841,41067.18557462257,41052.812159812514,152.0,7.641613557410892,154.86886044566927,114.50414068272948,35.87400691860239
195,41056.0,41032.01490696875,41093.870623430914,41115.28250261659,41081.32677472174,136.0,10.949282916550146,123.63636342707468,77.73817930230871,29.780953645313275
196,41472.0,41044.39603430137,41406.86010401256,41222.66193322719,41112.37406710314,-80.0,13.307313155179145,-73.9484254457966,-17.289602775810636,13.06599573656058
197,40896.0,41058.629533279105,40945.97377253932,41080.70329706497,41107.45876619486,-176.0,14.667392387051223,-149.77904268639395,-49.60698762973334,5.657637401458487
198,41120.0,41073.73081907547,41107.30201863977,41123.44795796772,41123.68934190606,112.0,15.133413837826083,97.83833929929824,44.468639886614255,16.41504280650406
199,41120.0,41088.89636095476,41141.65045113792,41169.640576838196,41140.28885180787,160.0,14.919636382070166,142.60068818774744,71.01290728957247,17.61395249220368
200,41440.0,41103.57009183961,41392.503395015265,41265.473772546866,41158.917246890465,8.0,14.286675639563327,13.369918953671004,8.57008198209951,4.574257427117118
201,41136.0,41117.469712233884,41168.39028904526,41186.780740802395,41149.4373666621,-64.0,13.471520970113488,-62.161660743728135,-53.3026613432703,-8.80801189525664
202,41312.0,41130.51313377984,41268.18007352781,41158.868449860325,41141.30122309995,-224.0,12.641497700064065,-206.52379181987635,-104.47806601190314,-16.671082407152426
203,40688.0,41142.75270763401,40755.34270540551,40977.82460877859,41116.0952018478,-96.0,11.881224289398233,-88.90989715330943,-36.13153669245003,-3.801261159762362
204,41120.0,41154.275582358634,41090.36027922119,41086.605376475425,41133.69870078043,208.0,11.190802100660221,186.81896992163092,92.08345593455306,18.288433971651102
205,41104.0,41165.13431183533,41128.98064524877,41161.991520647694,41152.6720697911,160.0,10.513106007125316,163.52359227143825,104.38190449611648,21.406972500222764
206,41440.0,41175.301794372885,41417.407463764066,41295.36918546766,41176.51264578087,208.0,9.767046183671482,175.4641373356244,61.06225755379637,10.666208278820704
207,41520.0,41184.668404202675,41479.90891992002,41284.11603575529,41174.00448634874,-360.0,8.878860880213324,-314.8628219690545,-129.195131834731,-19.807935114695283
208,40720.0,41193.05951613331,40787.68181982596,41036.978921798196,41136.89677555148,-128.0,7.80146680971302,-141.79532561469023,-88.64765305798937,-16.262872019684437
209,41264.0,41200.2713378221,41196.31826869064,41106.82072963931,41141.47874230937,32.0,6.530350184078998,31.999954139137117,-8.747827339233481,-1.544096126639488
210,40784.0,41206.12021650147,40851.68172810423,41019.48326711973,41133.8085832982,-8.0,5.089020860734308,10.003092809365626,30.40417104028893,9.82027015373751
211,41248.0,41210.44937954357,41216.32445430937,41167.629071719886,41161.11928261685,216.0,3.519532803493348,193.14804543158243,107.960340460093,22.966663449489715
212,41216.0,41213.159282108456,41237.977818967396,41235.403948039915,41179.74191019718,144.0,1.878718898533407,131.5424594949909,77.47685033999369,16.809723090191255
213,41536.0,41214.20681734064,41479.40937329935,41322.582772399874,41194.73872879723,-40.0,0.22831572989889537,-41.521579171276244,-19.52978944010829,-2.0662449600895343
214,41136.0,41213.615913568254,41154.934660624844,41196.3443691597,41175.609420277004,-280.0,-1.3797757998290763,-229.80140955028764,-96.06621866032583,-17.148837506374548
215,40976.0,41211.44726574098,41019.806554198774,41130.45033507922,41160.44105378448,112.0,-2.895110864272283,83.9046645678136,11.331133459138073,-5.946313803302473
216,41360.0,41207.82569183971,41322.74398976047,41219.006636077975,41163.7167926704,152.0,-4.258871321591869,116.65738436405809,18.05961903773641,-6.538421480559919
217,41280.0,41202.929523097795,41253.12132292689,41166.569573154695,41147.36421082336,-328.0,-5.409996476828383,-275.53105140009575,-109.15227634593612,-22.98437130586899
218,40704.0,41197.00569888605,40771.68188696028,41000.7020833861,41117.74805005866,-8.0,-6.279919683998742,-18.358543605270825,-17.516448075533845,-8.928758261765324
219,41264.0,41190.3696837298,41216.40423571635,41131.53667700363,41129.50669429983,168.0,-6.806117772423022,153.58706897883894,64.60293211933094,5.033978956158535
220,41040.0,41183.39346334121,41078.85602491796,41129.907947624764,41127.81600797098,56.0,-6.946219834211661,56.73191379139462,43.32524443352304,2.700114069695701
221,41376.0,41176.477244061374,41329.86806329914,41218.18716587067,41134.90692243922,24.0,-6.692194734368968,20.35235487686805,9.372801181249088,-4.963739409791742
222,41088.0,41170.00907387247,41119.56073467169,41148.65354998726,41117.888529151394,-64.0,-6.082952954133361,-52.50365526897076,-39.20684088978305,-15.523966830260179
223,41248.0,41164.31133815311,41224.8607527612,41139.77348409111,41103.8589887787,16.0,-5.205655801077228,-10.396218104513537,-62.99332385060188,-21.236590933756816
224,41120.0,41159.597762270314,41098.768298462666,41022.66690228606,41075.41534728388,-408.0,-4.1828046125483525,-362.58942967697294,-165.77313066201896,-30.67287413062877
225,40432.0,41155.94572892801,40499.68189340725,40808.22722276707,41042.513240517445,-64.0,-3.150926173551852,-62.66948007791507,-26.32606813545499,-2.3764447405628744
226,40992.0,41153.29590992321,40973.429338306836,40970.01476601515,41070.662457802755,344.0,-2.2341190645347524,313.22514618426794,150.79492625565763,32.08234017544601
227,41120.0,41151.47749079894,41126.13218577579,41109.817075278384,41106.67792086834,192.0,-1.5220572296857426,183.36377634789824,134.71084690242787,35.34935910900094
228,41376.0,41150.25179546384,41340.15689100263,41239.436459820005,41141.36117602076,16.0,-1.0531088734896912,34.80916024002363,61.33761445161872,22.95131395345743
229,41152.0,41149.37127305196,41195.750506255834,41232.49230418162,41152.58054877525,88.0,-0.8196376431114913,74.34614653237804,33.30199645243192,11.248400193257112
230,41552.0,41148.612520177616,41488.84918406739,41306.04045272487,41163.85797640727,-120.0,-0.7835164084499411,-108.44152466755622,-49.43162509432295,-8.12967354761713
231,40912.0,41147.80424023506,40978.86745692072,41133.629053992976,41136.32120168002,-88.0,-0.8972510067760595,-89.85831972700544,-61.59687173540442,-16.32071464325054
232,41376.0,41146.818018164064,41309.13254461338,41182.84670925406,41131.21654712077,-8.0,-1.1171579518304497,-16.66666696678294,-47.35899011189031,-17.34382720321082
233,40896.0,41145.5699243314,40945.534122987156,41038.911073769195,41101.633547273595,-112.0,-1.426295020213729,-103.33332896409047,-72.48009860026286,-19.301322483494005
234,41152.0,41143.965428123636,41102.4658866852,41037.886512053534,41092.61390215378,-128.0,-1.8339923417915998,-118.92612414569521,-58.08130568889828,-11.988950012128043
235,40640.0,41141.90193964782,40707.681874695765,40922.7484623914,41077.65564724934,0.0,-2.3524376194873184,12.284795865984051,26.236181533564377,6.924527458028024
236,41152.0,41139.26055288466,41127.035478417165,41090.35887512066,41106.46295706984,280.0,-2.98341440294098,254.05888270035575,136.7898502895987,26.530457673990895
237,41200.0,41135.935110841936,41215.79964009648,41196.328162970596,41130.71656259732,176.0,-3.7064021273108665,167.76236216171674,104.13336933522805,20.789433657348127
238,41504.0,41131.84774863004,41462.5602027406,41298.62561379112,41148.041824384534,56.0,-4.466589959465637,39.56157634709234,-0.38974228391816723,-0.47264699355946505
239,41312.0,41127.001930923005,41294.92279279066,41195.54867840276,41129.7712686102,-408.0,-5.178919476958981,-356.0190907674041,-161.30259618697892,-27.381992343824095
240,40688.0,41121.48990967612,40750.52202120579,40976.02042141716,41093.277839696886,-128.0,-5.754244582989486,-128.7950207851609,-75.51804627701858,-16.229536928469315
241,41056.0,41115.493441757026,41037.33275122034,41044.51258584872,41097.31219475326,232.0,-6.119933733716607,193.47448611626533,62.7484573559268,6.099964794037078
242,41152.0,41109.25004220869,41137.47099343832,41101.517336129014,41105.47776928496,8.0,-6.231154981102009,27.493209409589326,31.763418344798993,5.839462995947542
243,41072.0,41103.03113179482,41092.31917003952,41108.03942253832,41108.99112074516,72.0,-6.086658908643585,56.44402679877385,24.5417976784629,5.362907497456035
244,41296.0,41097.0767243914,41250.35904703587,41150.60093148594,41116.20358427987,-80.0,-5.725101665608236,-70.16488782430679,-30.138025309406657,-1.7773572512924147
245,40912.0,41091.580928463605,40951.989394390905,41047.76337191951,41105.436406242574,-112.0,-5.203883524674893,-98.42268069042984,-34.95587360668287,-1.0953577251675597
246,41072.0,41086.66895734205,41053.51368565501,41080.689184272574,41114.01286882954,8.0,-4.585606706667022,9.09271953913776,37.270404489354405,10.677106028437265
247,40928.0,41082.40971505027,40970.17483346918,41122.304180898216,41126.79061829945,296.0,-3.9222117179087945,279.656016372719,138.76708707474972,22.71728038488436
248,41664.0,41078.824533906234,41612.82571840045,41358.223358422074,41159.447429599306,264.0,-3.2499428715527756,234.65877572085083,83.0308567348984,7.42918277982244
249,41456.0,41075.909829307166,41439.49238491088,41288.36589436801,41141.64898385909,-408.0,-2.590248259362852,-356.979130489588,-153.6745168700545,-33.51599654725578
250,40848.0,41073.64403738751,40898.86745742127,41050.874324681965,41092.415436504794,-168.0,-1.9680681990394078,-185.17991882878778,-136.0544073450692,-37.01277552906322
251,41120.0,41071.97369290909,41069.132547253306,41016.257079677875,41067.62343280097,-160.0,-1.4211787549575092,-151.5927853199828,-86.48870516514944,-27.41083206377516
252,40528.0,41070.80167987759,40595.681886781305,40877.896914351666,41037.593772377244,128.0,-1.0179980267566862,119.59278551824536,36.58829184962451,-4.549971804863162
253,41376.0,41069.93769685557,41308.3181182898,41089.43366337712,41058.52348919124,176.0,-0.8535284524950839,169.78685773797406,68.2535807140157,5.0558912735577906
254,40880.0,41069.0946229726,40935.25560225725,41014.4040757797,41047.70555492436,-96.0,-1.0278691570347291,-79.45794019195455,-7.827549707577418,-2.432656520661112
255,41184.0,41067.881958541504,41149.40223790589,41073.77856396197,41053.65817614992,72.0,-1.6172922635705618,41.15782517806656,4.2637701632593235,-0.5644699669464899
256,41024.0,41065.86003844546,41017.57125261339,41022.931616106216,41046.57661499047,-208.0,-2.6450715549799497,-163.97472222555734,-51.38113980264461,-5.952730409928336
257,40768.0,41062.591815431544,40821.45279345477,40971.01628435668,41041.75271533006,112.0,-4.067882309522247,96.1088748092443,49.59281042879957,8.863736106097349
258,41248.0,41057.72427382642,41209.789002231875,41122.117236963815,41064.30408720266,192.0,-5.751390712819557,172.3178532424754,88.15957108904331,13.366576232736406
259,41152.0,41051.089034005905,41166.088499939724,41147.335426534766,41068.485867795534,24.0,-7.494868847938051,26.741997406450537,22.885902838330367,0.006073982647649245
260,41296.0,41042.73453613054,41263.272997044776,41167.889042640476,41064.31623516796,-72.0,-9.068765703101235,-66.45051767105906,-43.50186257405221,-15.753820869180345
261,41008.0,41032.9515025997,41033.187464597606,41060.33170138666,41036.978226057174,-104.0,-10.253693403745274,-104.14820945913743,-81.39149056047972,-25.889097807925282
262,41088.0,41022.22714932305,41054.9765781265,41005.10606151952,41012.538039552106,-152.0,-10.895245100608008,-143.32799583860105,-96.6726091073906,-28.213284527460928
263,40704.0,41011.16101239849,40746.531472920404,40866.98648317188,40980.55165700225,-112.0,-10.929251437009952,-95.78774060405703,-56.62633676169207,-18.158799699740484
264,40864.0,41000.36864644903,40863.40109691839,40891.85338799613,40976.220440152625,144.0,-10.388072940553684,113.87510858989481,38.79359882231438,1.2798051580030005
265,40992.0,40990.38486651738,40974.28169010019,40944.57368081651,40983.11126731826,8.0,-9.38321589473344,22.289043682794727,29.00713322863521,6.446390531546058
266,40880.0,40981.602214659564,40907.97918428398,40949.8676544534,40989.11322121572,88.0,-8.063121219787718,73.59341560367466,40.227800863591256,11.457614958246268
267,41168.0,40974.258624077804,41121.46852130754,41025.02928254369,41006.02649723475,-24.0,-6.562433234354103,-19.16805643873886,3.676269362134917,8.81460088077074
268,40832.0,40968.477348190856,40869.6430714065,40957.22019317767,41006.74242297726,-88.0,-4.957932539182366,-63.610092868566426,-5.198992777179228,9.453046891369013
269,40992.0,40964.34275899944,40994.24833557041,41014.63129698933,41024.93259101749,168.0,-3.2486797435085464,135.8469420159745,68.72675230633104,19.836797591106006
270,41168.0,40961.97998870384,41141.33695543845,41094.673697790335,41046.41601815947,-8.0,-1.359850318494864,13.773397060285788,43.37924969616142,15.404228049956146
271,40976.0,40961.62305836245,41021.79512969098,41101.389796381656,41055.7410471174,216.0,0.824458281891566,195.49057497988906,69.41099678215687,13.312081313797535
272,41600.0,40963.62890526762,41532.318105398226,41233.49569135465,41073.040180787066,-72.0,3.4100548267633712,-78.87069866027741,-51.14625934968717,-9.048857290978049
273,40832.0,40968.443168015976,40864.05373237043,40999.09727768228,41037.643332535445,-384.0,6.432109941455565,-343.06826208944403,-150.84977483122566,-25.114681624851073
274,40832.0,40976.49312515053,40846.18158121934,40931.7961416922,41022.81081753736,80.0,9.82693184148593,53.035754945598455,-17.403065143989807,-5.2919741212135705
275,40992.0,40988.09703169895,40970.12524226162,40964.2911473943,41027.05938429302,0.0,13.408388553812983,14.569872350388323,18.64057939925624,6.001535970306577
276,40832.0,41003.30990225816,40875.321325920115,40969.07730049071,41034.81388947798,184.0,16.87551363046441,161.09644562782705,73.32480334176216,17.895199658858473
277,41360.0,41021.84805895988,41292.31813351728,41110.94075407783,41062.849783610734,16.0,19.868523042550805,18.96522188328163,17.333830626033887,13.178383313290396
278,40864.0,41043.04694834326,40913.25176968668,41003.74496174278,41061.17065610456,-128.0,22.028167647225928,-112.47899446574229,-37.32331146366414,8.179405299055361
279,41104.0,41065.90439425433,41067.36014458579,41036.2941311505,41079.208594208845,-32.0,23.060292005942756,-29.09090217190169,-1.3037650170263078,16.798367814728408
280,40800.0,41089.167532355146,40855.069965342875,41001.137431708725,41094.767391734014,88.0,22.793873549235286,87.47645165690847,65.41201641258522,30.297167111868475
281,41280.0,41111.4921413528,41242.31304789961,41167.11816397567,41139.80292843258,192.0,21.22267412590736,174.39151786930233,109.53981425478196,38.025683120198664
282,41184.0,41131.61288060696,41203.85300108148,41220.21706021829,41170.81875797441,48.0,18.499801821260917,60.804958589276794,71.20742635176794,30.356767440549447
283,41376.0,41148.49174499532,41363.92296507816,41309.533016679205,41200.51646331368,120.0,14.914252454913367,99.68478938749467,56.082464800510934,20.923528504954447
284,41424.0,41161.44138551679,41403.22257985647,41332.38198981931,41212.66581498432,-80.0,10.843950203478016,-64.58748593934433,-22.960031950235134,1.582642419853073
285,41216.0,41170.17964540228,41234.747993199475,41263.612952778734,41203.68174815339,-80.0,6.6862628758754,-74.73462065963395,-44.96256065120542,-9.599979423262994
286,41264.0,41174.81391126854,41253.7533385372,41242.4568685169,41193.465856137795,-32.0,2.7983385895604442,-32.227961976259394,-31.92765000338477,-13.742599208704632
287,41152.0,41175.7763225814,41170.292069246956,41199.757652771965,41176.19654973598,16.0,-0.5459898471563065,7.999076944532135,-18.820389358956163,-16.059478915012733
288,41296.0,41173.721931574226,41269.751492426265,41204.81608979899,41161.34689830777,-24.0,-3.1876096969463106,-31.783114689347713,-40.53351807348736,-21.58230651282429
289,41104.0,41169.401103187505,41106.72583986826,41118.69061662499,41133.03193671033,-184.0,-5.083345295744948,-149.3964532166974,-78.78016486149863,-26.86336476192446
290,40928.0,41163.555240982736,40970.95858599287,41047.25576007599,41107.62016878392,112.0,-6.2762139484075306,79.02567608895333,-11.806976511004905,-16.43075948720798
291,41328.0,41156.84867529069,41264.77719204617,41095.07666360298,41100.17041773591,-184.0,-6.864260998663667,-171.6383457781194,-68.64076467151972,-18.841230161215208
292,40560.0,41149.82671898541,40627.68189443663,40909.97423073295,41069.93770846149,-64.0,-6.961538525851211,-50.38151781212218,-10.115317503554252,-4.735823851347959
293,41200.0,41142.92559823899,41164.01415642192,41074.84602859587,41090.69877003322,288.0,-6.662680521789298,257.4416485429065,102.29481216085333,15.296000073387404
294,41136.0,41136.50135794183,41142.565191522444,41114.56385505466,41100.529708608265,8.0,-6.03107569963322,11.376992712725041,28.999753986117867,8.057424005459325
295,41216.0,41130.86344683972,41186.76814184737,41132.84553656811,41106.813618044136,-128.0,-5.1031198884156765,-101.95634043820974,-23.29555020249245,0.8245903380811797
296,40880.0,41126.295118165,40938.652510646025,41067.97275464967,41102.17888928443,88.0,-3.902424366784544,74.1201405463471,29.113595406397508,6.474215704511153
297,41392.0,41123.05859810615,41335.00842294007,41191.0727273809,41119.76204945316,104.0,-2.46123710885513,82.42480847680417,22.636336421677697,3.9712626413893304
298,41088.0,41121.37264394729,41103.50212759963,41113.24542749303,41110.121414567206,-184.0,-0.8393786777960486,-153.99565734227872,-65.20458614135714,-8.534564157591376
299,41024.0,41121.37984075056,41027.01710825551,41060.66355509819,41102.692921137976,-64.0,0.8721928618651873,-61.39947806658529,-34.25009484574548,-3.4938473723341303
300,40960.0,41123.11702967102,40980.70317146646,41044.74523780154,41103.13371982254,72.0,2.5543839809761266,57.20192054326617,26.4543016041207,7.597484675690794
301,41168.0,41126.48860871251,41141.42094934204,41113.57215830643,41117.88789048936,16.0,4.071239607703319,27.82252458581206,41.61299965810031,12.248565191286616
302,40992.0,41131.259508886425,41036.34822063809,41127.97123711774,41127.63085020511,184.0,5.296490139033267,169.03571817898774,82.38469737018386,16.524502226013283
303,41536.0,41137.08158899058,41479.49238570002,41278.3415530468,41150.936894941384,136.0,6.127704589438508,108.23874986949522,21.541092452454905,4.052889483336912
304,41264.0,41143.5149180653,41252.82572037708,41171.05342202265,41135.736629171784,-448.0,6.485731410662993,-385.905246923503,-153.76142001282642,-21.61343431100613
305,40640.0,41150.053051811905,40707.68189185301,40970.818713021145,41107.71002631937,-24.0,6.319432784719538,-36.44803486192541,-34.825352490934165,-4.641101536446513
306,41216.0,41156.15378363474,41179.92965065323,41101.40271704078,41126.45442609889,264.0,5.607177462094114,224.97686115518445,73.28536254002756,14.267121084463724
307,41168.0,41161.26740673609,41157.63561416338,41117.3894381012,41136.2442684883,-96.0,4.361222832976637,-74.115965672936,-9.318559888979507,8.202055813821062
308,41024.0,41164.876229300695,41031.697719307354,41082.76559726282,41142.85853772653,-112.0,2.627399799603154,-87.44929831926129,-5.241042206966085,12.557196124565962
309,40944.0,41166.5222063353,40982.73701752486,41106.90735368727,41161.35866073743,168.0,0.49931405183451716,159.89733334011908,105.59543326808125,29.368056047766004
310,41360.0,41165.874857404364,41351.49238598759,41293.95646379898,41201.594649822066,360.0,-1.8667011409197585,311.04435090237166,154.02734201120256,32.31572157573828
311,41664.0,41162.78880405346,41604.8257193296,41414.96203770967,41225.99010388891,-96.0,-4.268713327841397,-69.26492080322714,-3.5134072344735614,2.494959261286567
312,41168.0,41157.33743074868,41212.96254438114,41286.929649330035,41206.58456834464,-160.0,-6.475274472770252,-140.32360224952572,-68.56756371461597,-17.476307127039036
313,41344.0,41149.83825510792,41324.17851483055,41277.82691028044,41191.03748963483,40.0,-8.256174629997986,12.108544602149777,-42.189283909370715,-23.19520422806454
314,41248.0,41140.825081488685,41237.17963358544,41202.551081511294,41160.19415988851,-160.0,-9.429742940603319,-141.10071331794097,-98.00028801350709,-35.23362175189686
315,41024.0,41130.97876922671,41041.97708819467,41081.82633425343,41120.570246131036,-104.0,-9.900722392889293,-105.3171044174087,-91.81158013114691,-34.7954014509196
316,41040.0,41121.02363670291,41026.54542475062,41018.927921249,41090.60335698667,-72.0,-9.670159750585299,-82.70453969094888,-73.43445237993365,-27.43672129503102
317,40880.0,41111.63844972554,40876.56800881277,40934.95742949356,41065.69680354097,-200.0,-8.833887405853602,-167.13737187402148,-56.491777008657664,-15.621713268650637
318,40640.0,41103.3558618912,40692.27068100258,40905.944367231685,41059.35993044937,208.0,-7.55565829088664,200.79552148432413,103.95912135397157,14.631123430863227
319,41296.0,41096.52713314377,41278.15905178142,41142.8756722015,41094.9590504027,424.0,-6.01078939650688,372.9441854043107,160.3691410705651,25.547072473469598
320,41488.0,41091.334283098186,41438.1590518112,41226.682649372815,41110.45407539631,-248.0,-4.348347566417942,-206.02822527135868,-46.85169814227993,-3.3822712365799816
321,40800.0,41087.83043801093,40866.1026012387,41049.17227591694,41088.19450792954,-128.0,-2.6657553920158534,-124.71996002184096,-52.92423549740488,-7.849842070289014
322,41232.0,41086.002772314154,41188.71913176752,41120.834178378005,41094.75439125573,136.0,-0.9984118161082733,106.21218936641526,16.07899165006893,-0.30239711102331057
323,41072.0,41085.83361437872,41078.52697997153,41081.33025921708,41087.58971370749,-96.0,0.6673458656368894,-77.55725193831677,-34.838789552384696,-6.385191862864303
324,41040.0,41087.33746404543,41033.60462789088,41051.156599273236,41081.98400753,-96.0,2.357165341014479,-76.89921262623102,-24.595360307230294,-3.506505800989544
325,40880.0,41090.547945060745,40924.72855471907,41032.13953860262,41080.576702105514,168.0,4.079125265496259,144.9438790384993,57.05270863069018,8.621529680789536
326,41376.0,41095.49571457642,41323.49238596788,41165.262016534616,41099.22706689158,136.0,5.795564259766252,106.0485824732823,27.7534861993081,4.811718130644294
327,41152.0,41102.13907358028,41136.825719665634,41087.646511001236,41090.2001383668,-328.0,7.415991567231686,-274.3429789844922,-109.7922500327586,-12.116921606437245
328,40720.0,41110.32769771088,40774.8064279989,40945.6775164691,41074.993223678706,-88.0,8.814466991101654,-76.18224066182302,-29.130236297591182,2.5427464958374912
329,40976.0,41119.76800756248,40984.46123834199,41029.38603840605,41095.28563135848,304.0,9.855252657842357,251.96100205303082,110.40154113998506,26.256689247697068
330,41328.0,41130.03820302657,41278.72843210496,41166.48059874907,41127.5066021741,32.0,10.420870753008785,47.90935428774901,56.33485971754271,22.196300924322713
331,41040.0,41140.6097490685,41080.279946917486,41142.05575784114,41139.67823320712,-8.0,10.437995080370456,2.9512493999427534,26.60303801264672,17.155542693384632
332,41312.0,41150.91419318731,41284.630930904845,41219.68667477436,41161.81768756087,88.0,9.904013663632213,67.50563851157494,31.474254320401087,14.63033873178938
333,41216.0,41160.41777639576,41215.291223940636,41205.00426648194,41168.9389106707,-96.0,8.877071665996482,-72.88358726104707,-20.180275051447097,4.7681686433643335
334,41120.0,41168.6683365193,41138.86375638275,41179.32612467147,41171.3540248476,24.0,7.4625190943952475,17.891314355885697,3.984920525257621,4.982815419276449
335,41264.0,41175.342814584554,41251.07385265241,41212.97410753246,41178.904541509255,64.0,5.7913646396154945,47.579359531711816,8.13503662721996,3.295743737122393
336,41248.0,41180.25106579853,41234.022475446174,41195.59619792591,41177.94551232184,-96.0,3.9880200028201216,-86.93899997535482,-43.5798106435941,-4.461753571322333
337,41072.0,41183.318854590194,41077.1958527017,41125.81448624527,41169.98103436661,-160.0,2.149465521244565,-130.847359236006,-42.87446855800954,-3.0654262368989293
338,40928.0,41184.54999684102,40972.32775697416,41109.84726080989,41171.814659848045,152.0,0.3346540185812046,139.81493330087687,74.95640496956912,14.024358473834582
339,41376.0,41183.988162627356,41356.82571930345,41275.72729618441,41198.02975131428,312.0,-1.4323481189821905,265.58231468895247,115.7436834667169,17.316579031947185
340,41552.0,41181.68530060306,41503.49238635207,41341.33462774332,41206.44781791194,-136.0,-3.158053681563615,-108.27647854208408,-39.72535456942205,-8.859542506739672
341,41104.0,41177.67205526423,41140.27276221928,41196.27658704556,41180.3106663008,-176.0,-4.8498053294824786,-169.45073568532825,-98.91974717497578,-22.321618296100496
342,41200.0,41171.98568994409,41164.59091498141,41143.49513339337,41161.80458131974,-168.0,-6.500446799527708,-152.7272723308015,-81.0338869555053,-20.415855915074644
343,40768.0,41164.671161665174,40834.81821755768,41034.20881313455,41139.47895447065,64.0,-8.088145289355452,64.259644423586,23.81808630845262,-3.7516791255584394
344,41328.0,41155.80939936538,41293.11020382858,41191.13130601028,41154.30122306862,264.0,-9.562013669725275,223.9017513549079,88.4881458808668,6.137329751407378
345,41296.0,41145.54713432572,41282.621720267496,41211.185104896285,41151.753613973466,-96.0,-10.843642407453444,-77.37988222361673,-22.353648665852234,-9.75992839648461
346,41136.0,41134.122114550475,41138.35043938135,41146.42400867857,41134.78136627565,-160.0,-11.848405832093704,-132.51908397941224,-59.549091878423496,-17.033179384034156
347,40976.0,41121.850322661536,41017.58355230867,41092.08692113944,41117.6872552054,120.0,-12.498588643862604,87.15087447068436,3.7063730305853824,-10.00974830998166
348,41376.0,41109.12493726275,41312.65218832272,41153.83675473974,41114.76186965569,-104.0,-12.734554470080184,-98.61797387075057,-49.331789029823994,-15.987292066922237
349,40768.0,41096.381213721375,40820.34760456717,40993.42334307979,41085.71267107155,-192.0,-12.519483411335386,-153.61900942130524,-47.701740120057366,-13.163565030561585
350,40992.0,41084.08597044008,41005.41416948011,41058.43327449963,41088.434739594566,304.0,-11.848383925822418,252.1374123134592,98.22656866965553,7.5438055027407245
351,41376.0,41072.68444586973,41324.62242919409,41189.8764804191,41100.800282077034,56.0,-10.754341617612226,62.320405684411526,38.38144612902033,-1.3944434136792552
352,41104.0,41062.577287204855,41130.05498084893,41135.19616675767,41085.64585276721,-72.0,-9.30183155693885,-64.2925441005209,-39.082230282598175,-16.07213667146425
353,41232.0,41054.08078275585,41196.03734099305,41111.712019853905,41068.656008734106,-112.0,-7.587117617658805,-113.83093489065504,-83.62813697681122,-25.15704359639858
354,40880.0,41047.40305196954,40902.39311106762,40967.93989280405,41035.33176557441,-208.0,-5.737807310051721,-181.67867458731416,-99.80218064783548,-25.55765488097677
355,40816.0,41042.60516813575,40832.67999181842,40912.107658558234,41017.54069897215,24.0,-3.9037759195634862,13.686839842877816,-7.778404966695234,-7.714031653646089
356,40928.0,41039.59550013041,40929.766790753376,40952.383082870656,41019.90370226712,120.0,-2.2301573186414316,105.92075270184068,52.466965747746144,6.958188408319984
357,41056.0,41038.14485349847,41044.5214972221,41017.04159005373,41031.45707578879,56.0,-0.8450882944307523,57.36219257922494,45.17930220993367,10.326227311110415
358,41040.0,41037.90532354155,41044.491175911826,41042.74168729052,41040.55615688934,24.0,0.16377285516136908,22.42555824883675,27.070940882062132,9.126888945018436
359,41104.0,41038.47239920879,41089.372613719774,41071.18347181785,41049.71085367883,-48.0,0.7677079934474023,-28.25549359318029,12.033520436245453,6.440239473427937
360,40944.0,41039.44073952844,40987.980188725465,41066.808728163014,41053.436635836195,144.0,0.9889617861263105,125.05988668872305,57.029620426677866,9.197613949178049
361,41392.0,41040.45032278104,41339.49238709722,41185.24271267121,41068.106081577185,112.0,0.9015500415407587,82.4227658021482,15.055340843791782,-1.5252501801514882
362,41168.0,41041.243839611525,41152.82572032976,41096.9194098506,41050.38613547589,-320.0,0.6088811632362194,-266.5632614494607,-123.86359789531343,-23.600639327498357
363,40752.0,41041.668085107514,40806.3658641983,40937.51551688058,41020.90480292219,-56.0,0.21037850023640203,-70.60533880916773,-66.64613452972117,-16.03609240759397
364,41056.0,41041.664596612,41011.615042711426,40963.627140791155,41018.313950660704,-16.0,-0.21466058331134263,-16.675607929748367,-20.074805693850067,-4.475154728446796
365,40720.0,41041.23876394089,40773.0146483388,40897.36590549288,41011.954493465295,24.0,-0.6215807849075645,26.472847321387235,22.421717448160052,8.238267477852787
366,41104.0,41040.42143504218,41064.5607373542,41008.470575687476,41034.79048561641,104.0,-1.0054126939467096,94.34977578638063,63.3399580383375,19.375516431933647
367,40928.0,41039.227938553,40961.71419991156,41024.045821569554,41050.70552632916,64.0,-1.3837735009401513,65.72446211519127,63.59815666685245,22.050317029214057
368,41232.0,41037.6538880403,41196.00966158458,41135.66688902118,41078.89111967484,48.0,-1.7765736130932055,54.34376959594738,63.454511962212564,20.530149329417327
369,41024.0,41035.67479132681,41070.40173910346,41150.95484549398,41091.765824988,208.0,-2.198362425202504,192.154222190351,78.76537921979252,16.26299656255651
370,41648.0,41033.2571631899,41580.318105965285,41293.197647460765,41111.41711279995,-40.0,-2.6307781051473285,-50.151342355733505,-35.158374302827724,-7.1778565480453835
371,40944.0,41030.41323511652,40970.09905439199,41080.638096888324,41077.410111891906,-392.0,-3.0139077502717555,-343.8189897235425,-144.24050212828297,-27.33649531345145
372,40864.0,41027.229347689354,40892.6801265182,41004.7166432042,41056.74412217305,88.0,-3.2625926431283006,65.9817047172146,-5.563132082021184,-11.028783610207029
373,41120.0,41023.88804983026,41102.06246382642,41069.51183272428,41055.35254467149,144.0,-3.281489230997977,119.6946564403188,39.55110588222669,-4.623950267981854
374,41152.0,41020.66636922736,41132.06943939884,41083.81885496865,41047.496221637084,-104.0,-2.9861511463641364,-69.64582743337087,-19.783550271306012,-13.0815119525505
375,40912.0,41017.91574753753,40962.77080895968,41029.94473218167,41029.18952076639,168.0,-2.3275641412910772,144.12433411471648,5.09824330385527,-12.447224832376378
376,41488.0,41016.011240944776,41420.31810762827,41094.01534157636,41022.60177197233,-280.0,-1.303783701663633,-271.5444596097659,-132.92171981712818,-29.857660195440985
377,40352.0,41015.308180134205,40419.681889740146,40764.10129254741,40969.47420037551,-344.0,0.04065343161346391,-315.3035385089752,-123.86340275524344,-22.25386157804678
378,40800.0,41016.092547808,40789.71103061032,40846.28853606588,40978.09404881624,352.0,1.6296105132751109,302.77443990754546,105.33151155140149,17.524550881542382
379,41056.0,41018.567401160755,41025.23076955524,40974.764315650216,41004.523302138594,56.0,3.370097898590757,81.67358672111732,87.85793740945155,23.85541842928069
380,40912.0,41022.832743605184,40953.058204052555,41022.00441088478,41025.8048856748,176.0,5.167269674166164,160.7719701383794,102.24230067695316,26.971827819950704
381,41408.0,41028.90194050909,41346.774709831996,41179.24891700412,41058.466957778495,64.0,6.941324668652669,59.9365395611494,42.8689646214043,15.185419992616517
382,41040.0,41036.71539294249,41072.931283174854,41107.74234012759,41056.17572566003,-136.0,8.619520956839551,-109.18701078285812,-37.635406812743895,-1.4824458354596572
383,41136.0,41046.14098242277,41128.40068826628,41103.978103378635,41055.502066107576,40.0,10.125934811028856,17.472846422828297,-19.77518505963235,-4.69855624707634
384,41120.0,41056.96726256455,41107.87697602051,41068.19197000832,41046.77861316588,-88.0,11.36034230801306,-81.13883214322777,-61.69014836615315,-12.384522283402475
385,40960.0,41068.86166703879,40966.123023979824,40980.59780664633,41030.73302154077,-112.0,12.197226025218697,-111.13883214157977,-77.29526003883075,-12.508940548072133
386,40896.0,41081.361714614985,40885.59931173735,40913.60144993066,41021.760732069735,-152.0,12.49692221064106,-132.52715355572218,-58.19563175033909,-2.6842528675479116
387,40656.0,41093.855511460075,40701.06871686838,40864.20654314565,41025.364515805675,32.0,12.141797991254862,40.812989472931804,54.70836478781712,22.072009526225884
388,40960.0,41105.645310597494,40967.225290683215,41023.018179506296,41065.90475112219,384.0,11.076796681525593,343.72359096419314,190.32072611379772,45.83547287261899
389,41424.0,41116.009104823126,41388.515898796766,41244.847995373246,41117.03546155091,208.0,9.34046934878279,202.42953836406377,132.2538135535724,35.78248350627109
390,41376.0,41124.32624929506,41372.08436741134,41287.52580661344,41137.46971813473,-40.0,7.090742853164556,-36.009694328709884,-1.5592854530877958,8.507742490553937
391,41344.0,41130.190590529455,41316.496510139346,41241.72942446707,41134.05094653202,-216.0,4.5921320146771905,-193.10530657526397,-96.93166991283942,-13.91622427610855
392,40944.0,41133.510513324414,40985.873754260814,41093.66246678776,41109.63726958251,-136.0,2.182225865770306,-121.25398457445772,-73.2357242854232,-16.13181347038335
393,41072.0,41134.555042260996,41073.98854099043,41095.257975896224,41101.787319591254,128.0,0.21161180996205076,98.05749168177499,13.224497056573455,-6.3605840116943
394,41200.0,41133.93373694434,41181.988737624364,41120.11146090091,41096.91610155912,32.0,-1.0305816353211412,17.943884755764884,-15.090784544856433,-10.025412954175408
395,41136.0,41132.49387899035,41109.87631050196,41065.07640680651,41081.7364936829,-240.0,-1.3667388895191834,-202.73087461261457,-90.49685069114639,-17.892783192073693
396,40720.0,41131.2002591653,40776.526988399135,40939.11775951862,41061.130535174976,-64.0,-0.7670695029846684,-50.71438010712882,-16.39976752858638,-3.549431749179348
397,41008.0,41130.959739984384,41008.4475502877,41032.27687174934,41074.637630184545,272.0,0.6324932104580512,234.15831332707603,105.29754810538725,16.8389765187967
398,41264.0,41132.465245586216,41244.84361505329,41149.71285572939,41094.80848821257,160.0,2.5657593948017166,140.61414003200116,60.29241184475177,11.711282438653143
399,41328.0,41136.09125877399,41289.675830351705,41152.86169543884,41098.06019506185,-256.0,4.684524669570237,-217.5874293103625,-84.42031257113194,-8.245283397624007
400,40752.0,41141.83429492536,40809.66875643256,40980.87223058713,41078.31792141732,-128.0,6.616268874888192,-120.86449538900342,-57.55334955815124,-3.426377573669015
401,41072.0,41149.323796523764,41047.9468395737,41037.75499632254,41091.20743991451,152.0,8.037827059673873,118.01228100964363,39.7602638966855,13.849890492921986
402,41056.0,41157.909949044704,41045.69331845185,41060.3927583805,41106.017702403165,-88.0,8.72740557193174,-53.786928862587956,24.834141248207743,17.311147608808824
403,40896.0,41166.77860766763,40940.37298184852,41087.423278818955,41125.82973513213,216.0,8.599409292542987,203.2966793723681,122.74215984793045,31.303519485572906
404,41488.0,41175.10876762979,41452.286677196586,41305.87707807636,41168.62474137431,264.0,7.711522168116062,246.5949745978869,127.39233829558361,26.826243310897553
405,41424.0,41182.20165200386,41433.5629310443,41342.20795541012,41179.482221753926,32.0,6.231187118435628,29.090909069203917,-4.565144961179612,-1.3684085326895001
406,41552.0,41187.57114186666,41510.46849533499,41296.746788154,41165.88792430893,-312.0,4.389556061116309,-307.19432474990026,-173.0877731791188,-32.89990122954987
407,40800.0,41190.98076412609,40819.174281544496,40996.032409051884,41113.682419294826,-464.0,2.4250240847650275,-418.9804403524795,-202.69817457616955,-36.521384049363405
408,40624.0,41192.42119003619,40672.507614630034,40891.35043900166,41092.845156210205,168.0,0.5282015261582274,140.92879307772455,28.993249450606527,2.6049947258907196
409,41136.0,41192.03716717841,41101.031867699945,41054.0189079531,41118.89240874661,216.0,-1.190387222010031,208.626204727625,121.67792292798185,25.191872973729915
410,41056.0,41190.04041559217,41089.760024085284,41134.706284857624,41143.228902157665,160.0,-2.6959554210552596,157.52827681177223,120.04051933333903,28.697938518944284
411,41456.0,41186.6452563363,41416.08842132349,41294.099946619775,41176.288285784496,144.0,-4.01768505104701,126.77050385563416,78.44363507203889,19.0737979160549
412,41344.0,41182.00504549008,41343.30103179655,41291.5935550017,41181.376497989775,-96.0,-5.221736451163451,-76.28223054416958,-28.709614117222372,-3.0429628952333587
413,41264.0,41176.20178343397,41263.52396023515,41236.68071838533,41170.20235999403,-72.0,-6.359956594642426,-82.15727038563637,-68.572477423706,-15.864019996046409
414,41200.0,41169.28513230079,41178.98649102528,41154.44860015429,41149.64845799768,-216.0,-7.460595443157217,-189.60501408348864,-105.007818153892,-23.07147909645937
415,40832.0,41161.28059254766,40884.31393206817,41026.66508207755,41124.05940180111,-32.0,-8.505272772101307,-33.10289861623096,-30.450977037970006,-10.986086106517178
416,41136.0,41152.27458675659,41112.78069379282,41093.54664607835,41127.67628578465,136.0,-9.434602513509162,112.37023068874623,45.65488703997471,3.200698272768932
417,41104.0,41142.41138752064,41109.054393445665,41117.974856157496,41130.46079834665,8.0,-10.157820057760546,21.54566688119303,31.415638157897774,4.107552479334117
418,41152.0,41131.95894664107,41155.872027555204,41156.377922394146,41135.891390743316,72.0,-10.566811953354772,66.17777188554464,40.59202743371861,4.625161933829077
419,41248.0,41121.27776361393,41241.409937216755,41199.15891102493,41139.71112221431,64.0,-10.565383099816245,52.58759574532087,18.36044414325079,-1.5947124182894186
420,41280.0,41110.82818044144,41261.047219045846,41193.09881068065,41132.70196590674,-80.0,-10.066646033370489,-75.12662294166876,-49.51069500395897,-14.374058012232126
421,41088.0,41101.14447154719,41091.15669133342,41100.137521017015,41110.96300618984,-168.0,-9.005662400384608,-154.10707104533503,-86.89252915512407,-20.590809407403867
422,40944.0,41092.81685564067,40952.833076955176,41019.3137523704,41091.52034709193,-112.0,-7.354633907896641,-94.15822960235892,-43.16689246141323,-12.066641743316723
423,40864.0,41086.435203731395,40902.8402321287,41013.80373609419,41086.82972270321,216.0,-5.1295398432448565,180.59953292342834,69.39185177088075,6.450861746438022
424,41376.0,41082.55777595418,41314.03214280203,41158.09745591216,41104.422070584806,64.0,-2.388868682541215,64.96140757709509,35.342447774051834,4.01345141083948
425,40992.0,41081.65746636631,41032.76304728289,41084.48863164229,41094.85662552489,-96.0,0.7679824644255859,-77.45385910469486,-27.364508448721608,-4.422613783674024
426,41184.0,41084.09374088303,41159.12442459264,41103.36843901472,41095.57684301746,24.0,4.197915842116345,1.9835002729632834,-21.43597312021666,-3.70094035656075
427,41040.0,41090.053298050545,41036.730047828816,41041.61668540186,41087.45474481177,-168.0,7.716781205399457,-138.7441376197603,-60.943410911932006,-5.749360965099186
428,40848.0,41099.52730329383,40881.63614935312,40981.48161719085,41084.07812108726,16.0,11.104186590440804,13.08684828990954,6.605740384420642,8.427282329856098
429,41072.0,41112.26167123143,41062.903744408635,41054.8281661707,41104.30930947148,168.0,14.115365940138872,135.7863170987075,64.76063206520121,21.846653857792262
430,41184.0,41127.758035174105,41153.20878355054,41111.002881321256,41127.771428802844,-96.0,16.48976936013787,-63.651043105419376,19.67615581118298,20.650690771504742
431,40880.0,41145.2412099517,40935.6016581978,41094.18047779307,41145.61069101449,200.0,17.96613850304493,181.55466284312206,90.26783536834046,31.119796762370243
432,41584.0,41163.690312180195,41516.31810923678,41291.53855205794,41190.011022327584,72.0,18.317526198465202,75.63289898245057,51.127350293845666,24.700882429478952
433,41024.0,41181.87626234863,41086.8674561627,41196.43517838076,41195.012455873446,-72.0,17.387766008159815,-69.59277122705316,-8.885784486807097,13.552056339529372
434,41440.0,41198.465844196515,41377.132566782675,41273.76698308432,41217.11513500664,-32.0,15.132797357946401,-29.592802934654173,-5.784703754270595,10.95843588353091
435,40960.0,41212.141857064526,41027.68185029339,41184.86577087222,41216.92932764051,32.0,11.65063945478687,33.99999724419831,23.531673224006227,12.660659015891724
436,41504.0,41221.76712310609,41445.13256127107,41320.830329532335,41242.43645303843,88.0,7.207926426170161,83.59280253448378,44.379723426282,12.428948049837345
437,41136.0,41226.557709916866,41194.86745536236,41273.62521772478,41241.78722374018,80.0,2.234421375389502,75.59277384750021,21.60749705483977,4.640131888765609
438,41664.0,41226.23596585687,41596.31810896607,41364.045323642014,41251.71671681596,-192.0,-2.719907558810519,-187.59278092359455,-59.55723226176269,-10.6846710834252
439,40752.0,41221.117894799245,40819.68189351517,41154.510753201255,41220.41788157333,-56.0,-7.05902643254376,-41.67901530326344,-8.279193840127846,-7.877941163958894
440,41552.0,41212.11791299178,41512.960078359545,41347.48693596176,41235.96083448804,368.0,-10.236087214154395,320.6442204835439,90.71965074138643,-0.25900536089466186
441,41488.0,41200.645720370936,41460.970334482256,41335.95005468403,41219.89987085154,-216.0,-11.856714792349521,-187.13807146600084,-87.56185393572014,-29.46597009391553
442,41120.0,41188.40448340708,41138.68393542754,41172.36322809032,41177.02889430021,-248.0,-11.766236074287008,-228.86672191697653,-137.40521254855048,-40.01953183632577
443,40992.0,41177.11324822236,41003.2368906483,41061.13962958693,41139.86080717889,-72.0,-10.095555703243008,-79.26259153773572,-76.65378370992403,-29.77504676237004
444,40976.0,41168.213372000595,40980.15875235207,41019.05566067047,41117.47880077547,0.0,-7.254921164672851,-2.2843765358702512,-20.556138581221603,-15.308066364650585
445,40992.0,41162.603405893016,40998.66813757656,41020.027352424484,41109.24467444959,64.0,-3.868606941658072,51.850073107321805,14.985367966251943,-2.3718926034016476
446,41104.0,41160.47615811728,41083.858898566716,41049.026396602974,41112.735015568665,-24.0,-0.6605917622946436,-15.514746176275366,1.5122424799774308,3.9270918975125824
447,40944.0,41161.28222236843,40967.63864522401,41023.05183738444,41117.098858244615,8.0,1.6812347472514375,1.972972777341056,13.551359473683988,13.018785588177707
448,41120.0,41163.83862761178,41087.8048441214,41076.12911555034,41138.77258674502,-56.0,2.6430663239734713,-40.80958049561377,31.14183594107817,22.612357837657328
449,40832.0,41166.568355016374,40886.019484232784,41085.335509266595,41162.32357391993,208.0,1.9780046285923163,206.96818924023682,135.87414834955052,40.06716587090705
450,41536.0,41167.794636868966,41501.74122260187,41347.87741224944,41218.906918486835,328.0,-0.25409689722800977,305.7717234135125,168.48060910756612,40.72869049124711
451,41488.0,41166.06016122192,41497.56293105981,41422.29672748173,41243.780954902424,48.0,-3.697519512115832,43.63636375697024,41.56767897314421,12.663084160707513
452,41632.0,41160.399597844735,41589.01395011581,41431.01277019573,41244.23308680825,-184.0,-7.789264444039873,-173.05067837060778,-91.77757218812258,-18.93621375375733
453,41120.0,41150.48163233384,41151.46157431859,41238.74158310548,41205.90852739491,-248.0,-11.876132987636083,-230.67305619858598,-132.90039553751558,-34.02913304359754
454,41136.0,41136.64733186946,41127.66783771864,41165.2119791207,41176.174820721055,-72.0,-15.337839183815959,-65.45454800675361,-58.9236144244278,-27.72496563780078
455,40976.0,41119.805953966206,41020.552478305086,41120.89435425663,41150.45859611931,184.0,-17.680589667288586,154.32513792393365,28.129552264239464,-16.993294795785914
456,41504.0,41101.286152534885,41436.31811356651,41221.47108364918,41142.18823112948,-56.0,-18.62018501478815,-55.005429695465864,-40.68772878285745,-26.360953433344548
457,40864.0,41082.56558393663,40910.541618914154,41039.51889669091,41097.73668925262,-224.0,-18.09011147468118,-199.3848731042417,-94.19273861280817,-32.76470741423691
458,41056.0,41065.10592958552,41037.548367358024,41033.08560642356,41076.65881630101,56.0,-16.219027534538327,34.74858523398507,-17.890487055570702,-20.04493213655951
459,40976.0,41050.12752886755,40980.038789382124,41003.73792257977,41057.6468249795,-56.0,-13.290091459020914,-37.315631065299385,-15.478722553911211,-14.92965007253224
460,40944.0,41038.52574666748,40962.917105227425,41002.12816131574,41046.799516155945,96.0,-9.670124901156669,77.46384198244414,27.454319393840706,-5.707333015761833
461,41168.0,41030.78727906524,41134.96647334701,41058.64656136745,41046.232158947976,8.0,-5.765204753814032,6.881734854669048,1.8416807354406046,-6.655749260564335
462,40960.0,41026.99533715985,40976.68057493676,41005.81152278662,41033.488017634816,-96.0,-1.970298518310301,-74.88302372642283,-29.929277187515254,-9.06974043142327
463,40976.0,41026.84668202862,40985.20042589417,40998.78800699242,41028.09267808513,80.0,1.369604413754132,54.52198042823875,4.370487702006358,-2.7907056454278063
464,41120.0,41029.73454598736,41085.72453579324,41014.552498190635,41027.90660634396,-80.0,3.995179675101099,-70.85321113470854,-36.95925970646931,-4.790741423974396
465,40816.0,41034.83704137882,40843.49400362475,40924.86948757948,41018.51119523718,-128.0,5.7477788740288815,-104.76051404475584,-35.248266821407015,0.7301486550823029
466,40864.0,41041.23010373542,40876.20350770373,40944.05596454782,41029.366903654125,104.0,6.5902385778135795,93.72704259762395,59.21445924224463,19.124053599651234
467,41024.0,41048.01751853445,41030.94808882,41043.29840606397,41056.75930243648,216.0,6.61755586250365,189.48502521627597,108.89164454814454,29.030363904181286
468,41296.0,41054.46521546043,41255.17355813628,41161.83925364411,41087.42763146249,0.0,6.047608047952963,20.093259997665882,51.460474402185355,20.239710599129467
469,41024.0,41060.112734630355,41071.13460881533,41146.21935486834,41097.23872363474,48.0,5.187090047242236,51.634094755692786,45.489778658407886,13.47302835399023
470,41392.0,41064.83939555491,41358.44174764767,41252.818810960925,41114.37368817047,152.0,4.37427891144398,119.51587707065482,37.00886157304194,3.253648944250017
471,41328.0,41068.86129245324,41310.16636295664,41220.23707801443,41103.74602152324,-152.0,3.9172370270462125,-137.44356990781307,-86.46319393928206,-21.840365571064467
472,41088.0,41072.673869609,41083.55460783204,41079.89242308236,41070.69295702834,-280.0,4.01454565086533,-248.83871596440804,-144.3984433908845,-33.918416643486125
473,40768.0,41076.89038375497,40812.48893102782,40931.44019123266,41035.90918823627,-32.0,4.70454365929254,-48.621021665112494,-66.7321362333787,-21.38830938025785
474,41024.0,41082.08295692759,40986.312564501815,40946.428150615604,41027.91633826782,-8.0,5.856106828519842,-14.613544016909145,-23.797965309247957,-7.797033055052452
475,40752.0,41088.60259741201,40783.261842994005,40883.84426061416,41020.315122126165,-72.0,7.201466269001685,-46.74150653779725,3.3382403056384646,5.814539964649157
476,40880.0,41096.48588946559,40892.82955142622,40953.10463122688,41039.54541819712,192.0,8.408264067540586,173.71546556330213,105.81268622616335,27.20756698081459
477,41136.0,41105.419125547094,41130.69277412061,41095.46963306649,41074.730256087794,240.0,9.161177373636747,211.32709329742647,122.09981837284795,32.121350695058936
478,41360.0,41114.808244212865,41315.483738021074,41197.30426797258,41103.78811958724,-64.0,9.252907478032284,-37.79034599415172,20.48676889237686,16.247269478812086
479,41008.0,41123.92494050316,41055.112082132306,41136.44317085124,41107.22479504542,-40.0,8.640409095580253,-24.81124522723985,3.360488304282626,8.397915210447536
480,41280.0,41132.089062404026,41265.861247566594,41204.02524458114,41120.583950008135,184.0,7.4525627342191,140.05540326727714,29.594696020478295,5.3883524631201
481,41376.0,41138.8300659716,41335.22288866686,41195.6325628922,41118.00149997166,-304.0,5.952411966081854,-263.0896766495571,-98.57640024284774,-15.482375037889142
482,40672.0,41143.99388633619,40739.68189426748,41006.87244409545,41089.61919993236,-32.0,4.4610496975292335,-30.671223083096265,-21.32389674903243,-7.501340042686934
483,41312.0,41147.752165366655,41273.88044250067,41152.984769394134,41102.998819886285,288.0,3.2716060858147102,245.706221841745,66.60470999575409,2.9295609482433065
484,41248.0,41150.53709850782,41231.09433795097,41140.081864086955,41095.47832182884,-144.0,2.5690446149492345,-127.31441479482964,-66.86197326370166,-15.146581966000667
485,41024.0,41152.890254596554,41019.25161291101,41019.26082286673,41072.70565595428,-256.0,2.3917880806875473,-235.58466048491027,-123.19062978685542,-20.337383076843253
486,40736.0,41155.320674669194,40759.92501698115,40893.700604513244,41054.80355567516,-160.0,2.6410396058454353,-139.70151102412638,-46.70991609686462,-1.9619224953676166
487,40704.0,41158.172333808245,40739.848590862755,40925.840990673,41068.78181096355,352.0,3.1203084155022225,311.1086015062865,143.06088149625793,32.21734583656507
488,41440.0,41161.5612915002,41382.14221999372,41179.82236750576,41119.23824734829,200.0,3.601138904974505,201.06265578866805,123.89256058563842,34.418348752155
489,41104.0,41165.374611618194,41141.97390244009,41173.62611184428,41137.61850846786,-72.0,3.8875410439322877,-50.298805353180796,28.616800260660966,20.061186542963696
490,41296.0,41169.33637358806,41281.54460928736,41237.05596802708,41159.360620434214,88.0,3.8731404813988775,67.2937532840624,33.95784019634084,14.9101429880684
491,41280.0,41173.12089258099,41276.561409008216,41241.54179223696,41167.438794443995,-24.0,3.5526999833236914,-22.176155238044885,-14.743279671642085,2.4501137319784903
492,41248.0,41176.44177355471,41237.19229881127,41207.5694086838,41164.26084789817,-104.0,3.011085764523159,-93.40761614059738,-54.18767921126346,-7.364904150916118
493,41072.0,41179.14306411004,41089.74617672702,41133.16643381443,41152.70898614216,-64.0,2.3995848127997306,-58.715238449163735,-43.81975796214829,-7.516412448898336
494,41120.0,41181.24094318031,41119.76182191294,41119.9298927595,41149.228023000374,56.0,1.8859636663619312,28.824754750654392,-13.271594675177766,-2.019561991768569
495,41184.0,41182.91499144276,41147.39568622833,41106.62324446408,41148.669862158626,-192.0,1.6092220651626121,-158.0399840135069,-51.99502606338501,-2.3246677338211157
496,40736.0,41184.459387310635,40803.68185388593,41015.93984063273,41144.57868753273,16.0,1.6505252746028418,34.30217532794268,49.286516485015454,16.337759750746045
497,41216.0,41186.21604199197,41216.000036884216,41205.19627743411,41181.34538166012,448.0,2.0176889530448534,387.1718738443669,183.85457551843137,35.03396321038963
498,41632.0,41188.494765216725,41578.02560157466,41383.648991669594,41214.64661395351,80.0,2.6292859396126005,80.34560736863568,54.27721007028231,12.433562991071085
499,41376.0,41191.47461387119,41376.69125162149,41313.75069757467,41206.21250764226,-224.0,3.326583607788052,-197.87809184573416,-101.02294530758445,-16.92348092913744
500,41184.0,41195.1479324323,41182.269417883195,41181.603101054425,41180.79965209524,-208.0,3.89958826084694,-203.0747443223372,-133.34604599303202,-25.572872942266258
501,40960.0,41199.27379039289,40970.54176297681,41047.05860558861,41155.06676175773,-176.0,4.109600941366807,-159.01884002231964,-91.01519267151161,-15.979552249616972
502,40832.0,41203.367134315034,40864.231737838556,40999.5727157114,41148.840547596,56.0,3.7350518972671125,54.8486640545234,36.300467978489905,9.615813218071708
503,41072.0,41206.74389418742,41080.23909108586,41119.65954154559,41174.29838819387,288.0,2.6217519380625163,257.2028086766222,143.91659660698133,30.572760007562465
504,41408.0,41208.61063819116,41378.6373551918,41287.405908925364,41209.98606761113,152.0,0.7229183993149491,151.5850400649324,107.44932184246136,25.786982797813835
505,41376.0,41208.18973098605,41383.409171215724,41334.55818523051,41225.8723537895,48.0,-1.8795819061306247,41.81767210255566,26.431368920406385,8.379903867844405
506,41504.0,41204.8514743789,41462.27269939691,41340.26864676618,41226.745875346816,-184.0,-4.969500659040932,-164.49192642437265,-76.15521508124948,-12.989184675341676
507,41008.0,41198.25072966797,41054.42531836698,41182.24775506801,41199.893984438815,-160.0,-8.215470594859653,-141.00183760494838,-70.89701416415846,-17.25719168606156
508,41184.0,41188.42053318918,41180.269024187015,41198.47461843786,41192.23149197469,136.0,-11.234335965091304,107.18882675510758,23.46417258877773,-7.250917865385418
509,41280.0,41175.782057737786,41268.802971877194,41229.17610024557,41185.392148708044,32.0,-13.650317754971184,32.5488070761603,5.28953193048801,-11.569735831246362
510,41248.0,41161.11989767924,41245.366638339336,41209.053682298836,41169.0920203122,-32.0,-15.149247808465589,-36.60314184118033,-39.5955767973137,-20.245527380233398
511,41216.0,41145.483562120855,41195.59668819483,41149.98494665094,41144.90109394758,-168.0,-15.537108251930476,-151.786509170317,-92.07626232242546,-27.7458716672445
512,40912.0,41130.045681175376,40941.7936199987,41024.901157653985,41113.60027697771,-112.0,-14.763929578566604,-104.8349682026128,-68.6332101699627,-21.220803120981145
513,40992.0,41115.95570296372,40985.92675178961,41012.718526311015,41102.459487705615,24.0,-12.915841419195203,13.766890738937946,-1.82336818746262,-5.617814886812994
514,40960.0,41104.213998336985,40969.32740147658,41021.25442127906,41102.364647204085,16.0,-10.195879834780499,30.037657069857232,39.163105607574835,7.023391858670948
515,41024.0,41095.56394329416,41046.00206592932,41091.044737526165,41116.50627142296,208.0,-6.8745761830832635,186.68499409934884,103.31268501018349,18.766937790020165
516,41376.0,41090.46484597082,41342.697389675275,41227.87979129943,41139.898522784126,152.0,-3.239339752421074,130.1822721223325,62.774949422975624,11.587177500376129
517,41328.0,41089.08526378932,41306.36661017399,41216.594636372116,41139.68062642371,-168.0,0.4420075088091835,-144.49772863136968,-66.98783674125298,-9.633865039228112
518,41040.0,41091.34886098844,41053.701932412536,41093.90411781692,41120.63079270567,-208.0,3.955854699917836,-184.15501569876142,-95.73845964673092,-15.018294082761713
519,40912.0,41096.996973189154,40938.056578776464,41025.117717078654,41109.644038258186,32.0,7.153379527866491,14.63754024625814,-12.227542198936135,-1.1045525345725764
520,41104.0,41105.65562004417,41082.97701290505,41069.44903341905,41118.421687636524,40.0,9.946711010223225,39.80549865386274,27.055833049911598,9.498733760166942
521,40992.0,41116.8903952096,41017.66757608419,41079.22938317848,41128.64150577852,56.0,12.293666993071383,63.02844360008021,53.39504134867093,17.051893430922064
522,41216.0,41130.24295403031,41209.03390010521,41176.23911611639,41152.52547449837,184.0,14.171848999307258,156.5358245470852,77.1292909961121,20.710242444765754
523,41360.0,41145.234093208215,41330.73922517836,41233.4879651707,41170.06199066805,-32.0,15.559273456390656,-24.598549035050382,-6.007168360345531,8.039615703084564
524,41152.0,41161.361500943094,41159.83680203511,41164.2247793957,41168.60470590454,-144.0,16.419861780039355,-131.71841296768616,-63.15079607714506,-0.6270494682867138
525,41072.0,41178.073816768294,41067.30239924299,41107.18637301641,41168.80789173148,-136.0,16.705997514105547,-116.02240657718357,-39.44521987108601,5.043580413512245
526,40880.0,41194.773495971305,40927.791988880745,41085.33433965353,41178.69186673156,136.0,16.363133723622013,134.09499311017498,80.81513646387975,24.81856833666461
527,41344.0,41210.80008421554,41335.49238546334,41268.81664594417,41218.44502840481,384.0,15.350737880999077,330.516864830588,145.89062926272527,33.47541309348526
528,41648.0,41225.4749717333,41588.82571854192,41377.11559817898,41245.64269291853,-184.0,13.671307174376125,-148.8518620056384,-27.143248675703944,7.079799159648246
529,40976.0,41238.14269856429,41037.78866145206,41214.53014859276,41232.6046267241,-152.0,11.384331007429864,-135.7799620357473,-43.320375289829826,-0.20783485821812064
530,41344.0,41248.24363374816,41317.265794470426,41290.47484759932,41245.2270232021,168.0,8.61950554496434,145.8061053704987,49.182122806214466,7.683747638093337
531,41312.0,41255.38170965422,41329.40087219306,41312.89439420519,41247.97212200029,112.0,5.562758181098616,99.13943868792194,22.866743708469585,-0.4562951017906016
532,41568.0,41259.36915011036,41515.54467184627,41336.20833501626,41244.314432998515,-176.0,2.4381444299942814,-172.4466286697716,-92.58189168080571,-19.841967351847416
533,40960.0,41260.25799851421,40984.507614853515,41127.73061084358,41208.288187296595,-360.0,-0.5321718204686476,-312.18519517083405,-124.61241875088672,-23.611836337091518
534,40848.0,41258.30480646942,40891.1742815046,41086.983497514484,41197.09076032433,232.0,-3.152330589480698,207.141861281998,78.74463542814192,6.257111043956684
535,41424.0,41253.953337335246,41398.79133741751,41285.219881699864,41220.80240938451,336.0,-5.2833461863483535,296.9699558925786,128.8463250353161,13.55176952940019
536,41520.0,41247.738114096726,41485.11419328976,41344.676147585116,41224.19429938313,-112.0,-6.869164837462449,-88.10617767896838,-28.205660322189942,-11.398395032221742
537,41200.0,41240.21500766032,41222.578982059575,41228.808561055484,41198.005619320065,-152.0,-7.930873336557852,-149.64030093229667,-101.46330600188594,-26.28839909706221
538,41216.0,41231.87636742361,41185.833591425166,41141.749535581344,41171.61750118901,-232.0,-8.55660216661272,-214.97277728863992,-124.18425768346788,-28.607243071608536
539,40736.0,41223.101803327096,40792.633427482295,40980.44004568855,41140.79113317685,-96.0,-8.86291839696787,-82.63768275135953,-39.089467048524966,-10.58681135331426
540,41024.0,41214.150530629675,41020.55822592245,41063.570601484294,41150.44387848238,240.0,-8.967392511971411,210.71592805237742,102.91585653789298,15.974939229647134
541,41216.0,41205.16701830315,41214.06528358705,41186.271758764335,41172.74101163614,200.0,-8.965372917497007,183.83347559983304,107.83703666220754,20.13418373557215
542,41424.0,41196.21978479468,41388.22517712211,41279.24467480871,41190.712245953524,-16.0,-8.905004116229975,-4.714220854355517,20.595253448725998,6.306846615058021
543,41184.0,41187.35701007069,41204.63684187834,41227.46226566179,41185.35470486626,-96.0,-8.787116576571862,-80.40412585210288,-30.051276316025906,-5.289805843956856
544,41232.0,41178.64555164154,41227.41692541791,41219.14212217666,41180.13263426561,8.0,-8.576578571868595,-0.13528937087903614,-14.749082396796439,-7.8154388873626885
545,41200.0,41170.203852926956,41204.36626313658,41197.964100868194,41169.72382709153,8.0,-8.211012863856013,-1.2193465984237264,-22.195970874370687,-11.922615819501516
546,41248.0,41162.223525913825,41224.97823222106,41174.750180427916,41156.28740262661,-104.0,-7.618872819271928,-94.4968698102166,-59.83883022631926,-18.022054333596316
547,40992.0,41154.96610728841,41015.37252351615,41078.286440415555,41133.67971842434,-104.0,-6.726731993050635,-92.74309112418996,-53.32051980457982,-15.523698281049292
548,41040.0,41148.770061927724,41039.49204997268,41068.10914081876,41125.24000606451,32.0,-5.4713472126823035,21.579776319944358,3.877270812579809,-4.177712056607561
549,41056.0,41144.02341286305,41058.532076156036,41086.040982040715,41125.324294311125,24.0,-3.8023408000372,31.700406963536807,32.95233224231197,3.5505029621745052
550,41088.0,41141.16538032765,41102.89286389975,41134.01380530338,41132.34101198886,128.0,-1.7022660852926492,118.82510724249005,70.97972591435973,9.233768277172203
551,41312.0,41140.61888069246,41296.182290641016,41228.000433869434,41143.79183086547,128.0,0.7980675739236176,114.20087994636197,51.98684550076359,3.0404104198860296
552,41344.0,41142.7615154755,41331.29462379248,41237.98749630491,41138.42183282863,-24.0,3.6023643394582905,-28.414547886146465,-43.019189412065316,-15.648906395406811
553,41264.0,41147.82360937138,41239.35319486872,41141.962055045304,41112.494018074656,-256.0,6.523028036535834,-245.56755475252066,-157.0444137369559,-33.50311385023815
554,40832.0,41155.80757154857,40840.159514287436,40923.898668830996,41071.41560512815,-368.0,9.287896287329204,-328.0040089717513,-172.11405179880967,-29.1076326900984
555,40528.0,41166.39940194604,40583.34517692522,40797.733951447684,41054.27875269446,24.0,11.572125490027247,19.911547263909597,8.702258340534172,9.177085201030422
556,40880.0,41178.95182252862,40879.982608815255,40941.303185512064,41089.769775530214,328.0,13.043288948203553,296.5504759662981,174.22082682040855,45.979511612262286
557,41184.0,41192.485979842444,41176.44612885782,41146.1756050885,41146.237775918984,264.0,13.43280517903986,258.69416433163497,185.96022212068783,54.57988918472256
558,41408.0,41205.8174328867,41397.370937478525,41313.22362975344,41198.92955389966,176.0,12.61803944510757,167.77949601333967,119.65983954166222,42.238255675656546
559,41536.0,41217.72205873266,41512.005120884496,41385.495284171826,41230.7142872703,0.0,10.66274213554425,-5.34021217155896,-2.9807034957011638,16.520447734150366
560,41408.0,41227.14291715779,41386.69051313541,41307.26222276204,41231.97044936796,-392.0,7.829730224089872,-346.1616127310044,-128.60195002876935,-7.545315433933865
561,40752.0,41233.38151918084,40819.68189542249,41128.29138411429,41215.62365640243,72.0,4.544188731648319,55.65604612086099,9.174853409393108,6.834389854586334
562,41552.0,41236.23129462109,41498.00260537713,41325.611929580824,41245.63922907713,264.0,1.3138441697556118,238.3781207779175,84.12651025694504,14.697534128561529
563,41280.0,41236.00920752035,41296.43813697832,41296.54440462818,41245.01872465955,-160.0,-1.370358584816131,-119.37378350721337,-20.795322638554353,-2.3695681846002117
564,41232.0,41233.490577451455,41259.2550383627,41284.021284303715,41240.90009270793,136.0,-3.1361323554156115,99.09209319788715,13.48752182739554,-3.673627316227794
565,41552.0,41229.73694280952,41494.6223233741,41323.51944828297,41237.6714700271,-128.0,-3.803979965956387,-123.36591091546143,-74.74211187926267,-18.94504917947779
566,40976.0,41225.88261751954,41012.52321653178,41134.53706054519,41203.00999434898,-264.0,-3.415871553846955,-227.6382113861,-109.71385746518354,-23.310975960670476
567,41024.0,41222.905199701825,41039.3459006019,41104.0917333526,41191.049518105756,144.0,-2.2154649916155904,103.5521870796183,9.600539483715693,-3.608000337935664
568,41264.0,41221.45168753631,41219.627590691016,41153.73813951262,41195.793993673105,-64.0,-0.586169906961004,-41.580356455790024,-5.484524083673023,1.334175251005945
569,40896.0,41221.7328598879,40956.18518769032,41093.122685185255,41193.71786860777,64.0,1.0450175307087193,57.419143231203634,37.94588826526524,12.809768365048512
570,41392.0,41223.54172259773,41334.46587715342,41229.62991604315,41221.4135304032,72.0,2.309533094685321,70.6744674498841,55.32218887946874,19.166338315597386
571,41040.0,41226.351926077274,41097.534122590085,41203.76706294419,41232.05054523896,72.0,2.9744637268995575,69.63250487890764,56.02067837313734,20.23954209770818
572,41536.0,41229.49065005153,41473.73088691124,41341.67127278943,41261.89261459862,48.0,2.9908125170040876,45.95755238554193,40.739846239950566,16.136700089584338
573,41136.0,41232.33355111128,41189.44922736117,41285.246755424094,41264.32394541813,-40.0,2.4899374360684305,-17.03552274422327,18.198860346714355,8.84752809042402
574,41456.0,41234.470524923665,41439.65984142279,41378.068993482855,41279.58767077947,216.0,1.7328524679869588,168.5098211755685,53.85673480018522,6.443108900304651
575,41568.0,41235.799256047256,41526.468869712306,41392.960225024464,41277.21016321874,-136.0,1.0327977135239053,-120.84662314895468,-72.62865594615505,-16.91699939978571
576,41184.0,41236.53612035071,41197.96659512488,41232.811681590545,41245.753671979895,-296.0,0.681603155357152,-258.66929896302827,-135.74270263865037,-28.368807639853912
577,40976.0,41237.16246235797,41009.13027178625,41121.47481974716,41220.47254793903,-8.0,0.8720378833859286,-23.18496440736999,-38.599451969796064,-13.057496643908962
578,41168.0,41238.280196117485,41151.59666631014,41155.61277765095,41219.63867869208,64.0,1.6536324621192762,60.44972607460295,27.944346729265817,1.748064687646547
579,41104.0,41240.46972728221,41130.029723935455,41177.363513205695,41223.968677314326,120.0,2.9338836951574194,108.58167730257628,58.43249215758988,10.328432487967802
580,41408.0,41244.1479635078,41368.760020915295,41272.47776196613,41240.29554366801,48.0,4.491875763942517,42.53040155630879,27.353129743500176,7.941643537087657
581,41200.0,41249.453478810094,41215.09052704807,41232.069772692696,41239.8519643885,-96.0,6.031041209178511,-78.21685862687809,-24.37310292708571,1.549018939909729
582,41216.0,41256.21004592616,41212.32630366154,41223.73155611196,41243.39358154783,-24.0,7.2479220920249645,-21.132705078816798,-4.47243852475367,4.91129623672532
583,41152.0,41263.94932299414,41172.82511689044,41223.12489564319,41249.67455686195,72.0,7.877647842225997,64.62439768110198,34.95578735282106,11.164703157217446
584,41360.0,41271.96534161061,41341.57509902374,41293.6431308176,41265.72298786227,88.0,7.738855806142965,76.62547725200784,37.33980058321686,11.334580393428041
585,41328.0,41279.42703460643,41326.076071394455,41297.80449680962,41272.34371764881,-24.0,6.7668027260260715,-25.118670656996983,-10.93638560317413,3.8379156689807132
586,41312.0,41285.49894706266,41291.33775770975,41271.770359611255,41273.39881920023,-168.0,5.016284099954646,-138.04952513596072,-46.14895739273197,-0.8749574885659968
587,40992.0,41289.45960280634,41049.97702112253,41205.50658202416,41270.593802671676,80.0,2.6521864008827833,71.97096357365808,40.489513424974575,11.124673605030694
588,41472.0,41290.803319864426,41435.279684857065,41352.749386461204,41295.64816641029,200.0,-0.07953993896808242,178.2544934716534,87.61749766765206,16.23677205912827
589,41392.0,41289.3005229284,41406.48600806584,41380.74157735946,41303.06734678993,48.0,-2.8840809033063124,43.63636353796028,22.36297957799252,2.9725477191386744
590,41568.0,41285.03515805781,41522.552411932986,41397.47534561719,41301.59326184857,-160.0,-5.459943124449637,-142.90088857516093,-68.52855893368542,-14.794421848935599
591,41072.0,41278.3806366795,41120.68423091552,41243.68445949209,41273.47850309206,-144.0,-7.542121409969695,-126.71767433265632,-67.94865637904877,-18.040833601902705
592,41280.0,41269.950915237874,41269.11706326767,41261.57803285909,41265.51159464476,128.0,-8.940130172926729,94.01814869054215,8.682589796550019,-8.69132871506008
593,41328.0,41260.50037633365,41308.7205282966,41261.04963908519,41256.09584566194,-64.0,-9.55214575502032,-56.79389348805125,-34.00357423130481,-13.010956699727103
594,41152.0,41250.84662372783,41155.52927629157,41193.57088439648,41239.48968124531,-168.0,-9.365042164979968,-135.54487054717174,-46.693312490471726,-12.23168035436538
595,40992.0,41241.77029200369,41037.63078720226,41167.66301410425,41231.63248495321,208.0,-8.450117425862118,172.39442536271235,61.92363675989327,4.124427955561259
596,41568.0,41233.94638887611,41500.318127016995,41317.41815791627,41247.73853715643,40.0,-6.941654480153375,44.25180982283564,24.464222770158813,0.09297906104256981
597,41072.0,41227.88698304338,41126.13440684793,41216.591459644565,41231.818443075295,-104.0,-5.001776117947884,-85.62449929326976,-28.53096844942411,-7.929171927371499
598,41360.0,41223.94283664021,41329.069128430456,41260.35622101742,41231.88019330169,80.0,-2.7980631772006745,48.280363734807906,-6.057128118438413,-6.344240108523081
599,41232.0,41222.29085668898,41222.695134317546,41204.47720340769,41219.12996285825,-184.0,-0.49682382197715924,-152.8983225251759,-69.64041590588386,-13.393732300526608
600,40992.0,41222.94918899626,41023.272483380104,41121.07538920565,41205.092728700634,-48.0,1.749782286966365,-43.060234036911424,-18.864119599213154,-3.3825977225824317
601,41136.0,41225.790421262915,41136.57466624372,41166.74896420926,41212.364767413084,128.0,3.803086755797267,116.17551408222425,61.048057108240755,11.090277083101682
602,41248.0,41230.555362507854,41255.62351154455,41243.171503422134,41227.27328286684,184.0,5.532825192538439,157.16640302359156,74.00829092393542,13.872179597099603
603,41504.0,41236.85607164799,41450.907472290906,41314.76554605713,41240.10912660728,-88.0,6.815515178950591,-70.17867779912558,-23.023184336434497,-0.3586999291946995
604,41072.0,41244.186392865755,41115.2661559463,41197.125134749265,41226.55588300845,-144.0,7.541085857188591,-119.31053661311671,-55.07784393323527,-5.825449448409927
605,41216.0,41251.93824336237,41212.28639906467,41204.60985819066,41228.458227710464,120.0,7.626566018148878,78.45223844173961,1.7896525367323193,2.525256087541493
606,41312.0,41259.43952490205,41272.17063282978,41200.70443982273,41231.60639518353,-224.0,7.032900432601309,-188.302255339182,-59.55319845657141,-0.8715127677605778
607,40768.0,41266.00404422757,40835.68188838631,41085.50346127752,41226.71520217494,16.0,5.781437105106306,31.580747772684845,43.55075209354982,18.044567100161657
608,41344.0,41271.002399112265,41335.33212837515,41287.80594400983,41267.695529383855,432.0,3.9662966725190927,375.6904848331469,174.2054547372245,37.16510367810042
609,41632.0,41273.93663757261,41587.0628580526,41433.91437075197,41301.04540953114,16.0,1.7552980809450673,27.04501994047314,47.06561211812004,16.80215062385105
610,41376.0,41274.512995274155,41389.4221682561,41381.93716824607,41301.29983063156,-152.0,-0.6284844563197112,-130.5298485160347,-49.00861838286437,-3.4805873680124932
611,41328.0,41272.67966865997,41326.00316102053,41335.89713398624,41294.08423479512,-80.0,-2.932762877426285,-73.4032021328967,-42.091467266709515,-8.911384096682013
612,41216.0,41268.6474695193,41242.6157639903,41297.75423371265,41283.47706243819,64.0,-4.921394067190704,49.691422921303456,2.7342165827394638,-7.233319235012459
613,41456.0,41262.83688052559,41425.38600686314,41341.36556715172,41279.61759632509,48.0,-6.402121857903694,29.700277188538166,-13.70588298507937,-12.678586296849971
614,41312.0,41255.843225803495,41302.01631836738,41270.34246774249,41258.11988984449,-200.0,-7.252841728612111,-173.28809665886365,-91.85186553797394,-24.191711988372845
615,41056.0,41248.331197068364,41078.80981354541,41157.66183607577,41231.23417234835,-120.0,-7.440643485842884,-109.15743709490926,-61.8497136288388,-18.12400887872718
616,41072.0,41240.96193883181,41083.70144417756,41146.643040484814,41221.87187208704,72.0,-7.014234298010706,63.39885151994167,26.302724651446624,-1.8687066569582385
617,41200.0,41234.30272847234,41205.607516585296,41210.267285378664,41227.49675903443,176.0,-6.086733977361291,149.9436553342057,68.75788758318595,6.9997248991167
618,41424.0,41228.78847087709,41383.58875484597,41284.158815651186,41235.87132188527,-40.0,-4.799531907676283,-24.07498750944069,3.970938098114857,-1.0318710548963281
619,41120.0,41224.70366465699,41157.457541566415,41218.209161574894,41225.43301692464,-48.0,-3.3012811921944376,-38.84350544750123,-16.845073288841377,-5.166654114404082
620,41328.0,41222.1859084927,41305.90174395097,41250.4686690735,41225.53801365646,64.0,-1.7239606703806203,37.952922139411385,-6.506157964642625,-5.01810258534897
621,41248.0,41221.25574331623,41233.36338584524,41205.19684564561,41215.39681175394,-176.0,-0.16367303667357191,-145.72142887954396,-66.6734006050865,-11.771361314829846
622,40976.0,41221.85856241935,41014.45888619188,41117.12186786333,41201.995291026804,-24.0,1.3120867979887407,-26.610068693953508,-17.514043850613234,-2.101756175794435
623,41200.0,41223.87991691221,41180.14324845733,41170.16875794438,41211.19329940235,72.0,2.6556800163489243,66.40060455208732,38.1312690532468,9.757673345666262
624,41120.0,41227.16992245205,41147.26009529606,41193.384405969824,41221.51063771814,112.0,3.8388159727292077,103.41732331900494,59.90785101034635,15.392870201692858
625,41424.0,41231.557548857665,41386.97789509534,41289.984459965075,41241.97903980574,64.0,4.835251091288228,54.60727527598647,29.59228397779225,11.367354077887285
626,41248.0,41236.840424634625,41256.47464584803,41252.56897392541,41244.24534587391,-104.0,5.618370296255307,-88.13002000715642,-35.13099907695869,2.078573361868621
627,41216.0,41242.794289450176,41210.71785508103,41219.72246181116,41246.136186529475,-80.0,6.171824250410282,-72.16751536184529,-30.985281208675588,3.397649982034636
628,41088.0,41249.184073135446,41112.13961512434,41190.59841150806,41251.04064583798,16.0,6.49523375710487,22.119835664987477,22.175155450931925,13.056491600407753
629,41248.0,41255.784756964385,41254.957526411,41264.07277271302,41272.24916973029,216.0,6.614730446115573,177.60554334165863,81.510747561475,22.420982378822373
630,41520.0,41262.41353402768,41467.350701807656,41353.61990663101,41295.882610595625,-80.0,6.58731783993062,-50.8533155650548,6.3570872334857995,12.427571395117411
631,41088.0,41268.95939264425,41153.25089528089,41276.78694717999,41297.104312520525,40.0,6.49476471971866,32.48373781240298,17.56051413897876,11.676917550925282
632,41600.0,41275.403063467114,41532.31817743246,41388.740934908965,41319.236445697476,-24.0,6.432358656318684,-22.784532797326392,6.324455183457758,8.093955461827136
633,41040.0,41281.824109956884,41107.68182968624,41289.43585754691,41313.29222344418,56.0,6.485271433466551,55.99998811247133,25.41285141140179,7.720388918907702
634,41712.0,41288.37360633405,41644.318153657405,41439.56663773177,41334.67722353529,104.0,6.714238175536593,83.57489257646739,13.914099050740333,2.5188612678794016
635,41248.0,41295.25258630796,41274.831614839175,41317.26405564839,41318.32994597994,-264.0,7.127363108033023,-219.78981819159526,-87.67055425918079,-12.830780256354046
636,41184.0,41302.62833255011,41204.738517274214,41264.22552921341,41309.01566302258,64.0,7.672290666778281,33.59948880612501,-12.925761828275427,-3.0634998062269005
637,41376.0,41310.597167641514,41342.030592451425,41291.41253199184,41312.202946367484,-40.0,8.244806867831358,-32.55496256567494,-15.106731225652766,-0.0025693367279018275
638,41104.0,41319.117946285776,41139.628592142864,41234.0120667621,41309.01052434913,-40.0,8.69059042221852,-24.25903959424977,7.605568151309853,7.058104199102672
639,41296.0,41327.97834848595,41293.512513262925,41306.62366829446,41326.31915476569,160.0,8.832083143748605,141.44648743468497,77.9234356795896,18.824588154846424
640,41424.0,41336.78211257327,41422.521567012234,41389.85893812128,41346.65970065882,136.0,8.499980515698553,121.6168888104985,66.16473888746623,16.473530926068634
641,41568.0,41344.97830951735,41536.74629088392,41438.95314606939,41359.26621661783,-48.0,7.562960993953311,-42.04382170869576,-15.429219017198193,2.1698267899009807
642,41328.0,41351.90803456118,41338.43392359484,41359.000500086884,41350.99935423862,-176.0,5.949004315785714,-146.1427493148476,-64.45239593906444,-7.1168946672733
643,41216.0,41356.87631814892,41244.46079225423,41310.04835419126,41345.03242728328,80.0,3.6770965115319996,48.33082993053176,-1.927968799995142,0.48469440882035997
644,41488.0,41359.262227584244,41435.095583455906,41355.144562486894,41351.96874305626,-112.0,0.8703756995600997,-92.38945683782003,-21.33151046092098,0.13475292579823872
645,40992.0,41358.61706954804,41059.68187857859,41267.38533326942,41345.30193313488,56.0,-2.2479682473021967,63.42072491716681,49.933437417239475,10.998286735357397
646,41600.0,41354.76629108964,41561.93703329024,41455.01143732137,41373.96531652698,248.0,-5.371261021402461,230.01744958030758,115.13182271263577,17.361649218448292
647,41488.0,41347.874547505235,41519.7167777392,41497.64897869469,41380.02523157177,128.0,-8.145817874752538,116.36363314498885,47.46203072066055,0.6611766233836534
648,41856.0,41338.474655340135,41794.66429958022,41549.935498762694,41375.287669773745,-216.0,-10.220851743531966,-205.33270047042606,-100.74573055064684,-28.773178309340437
649,41056.0,41327.43284401817,41109.05137679835,41296.1575175934,41322.47887495309,-264.0,-11.309951278486551,-246.75431857757576,-133.69922237259743,-39.48485107299712
650,41328.0,41315.85475278316,41301.155662425066,41282.5370540175,41296.31796762775,88.0,-11.247404870729952,57.88259775206825,-36.35193656714546,-27.745008943955327
651,41232.0,41304.93803427671,41224.81657230249,41223.45364445911,41266.98885706518,-144.0,-10.023370080703899,-112.25622861016382,-63.35658732883894,-27.579667709309433
652,41040.0,41295.808012621754,41076.64320520474,41155.82387935982,41241.15863220913,56.0,-7.800213002770761,35.04265892593321,-9.717825419375004,-15.772293245594483
653,41344.0,41289.33760827117,41294.90189015435,41204.01799362036,41235.44427057399,-32.0,-4.889221333658497,-27.23186427861947,-21.79688892928607,-11.142148106438981
654,40976.0,41286.02956995444,41022.1794766475,41112.23010150125,41218.874335996254,-40.0,-1.7199416698713321,-41.82503026933773,-23.672841368483205,-4.426217777923739
655,41264.0,41285.89772493143,41211.25182961568,41156.67231088339,41226.591835018146,-88.0,1.2311361786087218,-77.24879923040135,-9.221635176159907,5.847090772796946
656,40800.0,41288.491842311654,40867.6818781867,41093.78683114893,41230.56851754185,168.0,3.528494948441221,160.78120201053753,84.00793583999985,25.505108400793688
657,41600.0,41292.95471482831,41532.81423363675,41324.68818256339,41277.60205181973,176.0,4.831486069069797,165.8420614047718,93.2454426961558,30.913636868870526
658,41152.0,41298.154814449794,41199.36600099624,41280.27771654124,41292.39579127959,-136.0,4.9520978388572985,-96.6182276593172,19.72839224846757,21.813529023838782
659,41328.0,41302.858910506024,41339.57777831812,41364.144967060325,41321.22910986741,240.0,3.8843412108799384,198.10066891246242,101.93973404925418,28.49477408119128
660,41632.0,41305.923496871554,41595.567338821165,41484.15718463975,41349.38533944197,80.0,1.8014814427806414,73.82625460888448,46.090809899291344,14.02549654665927
661,41488.0,41306.461873391585,41487.23028753589,41456.32658685891,41349.28010296073,-136.0,-0.9768509505775,-112.18561360583772,-43.66730435138379,-7.04123133320536
662,41360.0,41303.9697949704,41371.19611160949,41396.82257593698,41335.30287677556,-64.0,-4.033525604165334,-60.0536178789589,-41.09272295343908,-15.21208234639198
663,41360.0,41298.394822183254,41367.12305177797,41374.14114095203,41318.855938267945,48.0,-6.910257746636489,31.542199058309052,-15.610864508933446,-18.5041415942178
664,41456.0,41290.149279477126,41434.28050972611,41365.600846919115,41298.294593587125,-32.0,-9.178537598621915,-41.43999342133975,-53.73987057336126,-28.446615001463215
665,41296.0,41280.03774698601,41284.24306493529,41266.66139980531,41261.96270826502,-240.0,-10.493961172647687,-208.8221201143606,-113.60874721115397,-38.03374990885641
666,40976.0,41269.16135713183,41016.63626949739,41138.38335249681,41222.22709376941,-72.0,-10.639639505938248,-64.42544795098729,-47.08637106009337,-27.424259807135968
667,41152.0,41258.758467974134,41155.392169033315,41172.48865768512,41207.11418865075,192.0,-9.553184907996183,155.71674470249854,44.34963403087022,-12.357195686126943
668,41360.0,41250.05498731584,41328.069758902384,41227.08262055855,41197.51270239716,16.0,-7.333651483833819,13.026384380973468,-11.864726847292332,-17.72585113373134
669,41184.0,41244.091165006466,41181.44493779526,41148.759203990536,41171.662486383284,-168.0,-4.2272808339730545,-159.4001321307951,-95.94381457275085,-26.46709169471069
670,41024.0,41241.60042564789,41009.269494640794,41035.194991413045,41144.57851900774,-280.0,-0.5980075231454975,-245.82796995050012,-107.96671687096386,-21.05504142515929
671,40624.0,41242.895149960175,40689.78899789426,40932.82577024861,41129.552403532965,152.0,3.1184995917064953,135.76669656923696,52.0436639598629,10.25150470187873
672,41328.0,41247.837424831305,41280.80288777927,41139.28231933277,41165.081528411494,248.0,6.474523999186204,228.72612493689303,112.09770875055256,27.38320129910062
673,41120.0,41255.84419795855,41147.24124776805,41157.02118774971,41184.31880613117,0.0,9.059382663857832,2.644598829036113,36.24946229179841,22.453218026232207
674,41328.0,41265.95619015902,41286.09208543734,41211.78124391637,41209.98796446396,-88.0,10.553585936559102,-70.68873514402367,-3.3493218751573295,19.76855655599138
675,40944.0,41276.951369831666,41005.86377748,41150.3225439994,41223.85591924315,40.0,10.7667685734923,41.09720626502531,41.702572082725965,27.86075074134351
676,41408.0,41287.489727306005,41368.28649796739,41295.18638808182,41265.709465946646,176.0,9.678534913542535,151.84858350199647,88.45703812333159,34.73902000083399
677,41296.0,41296.30843965875,41309.560944483994,41327.23662024606,41293.33395924482,-16.0,7.428632336152077,9.079168936576025,47.66854228727607,27.491191260411142
678,41376.0,41302.34699197831,41386.44483584054,41390.52347265637,41320.69184846747,152.0,4.303718141458376,129.10807055927944,70.54858873849298,24.592481646021042
679,41600.0,41304.91587594167,41567.77708560255,41468.33379772305,41342.51892253686,24.0,0.7118219071489875,20.217677774766344,11.977223928199237,8.953020196237048
680,41424.0,41303.77063579261,41426.880191390075,41414.47792051277,41338.59788885994,-152.0,-2.8798083178589877,-126.49593726208695,-58.61691695389163,-8.191139233920694
681,41296.0,41299.15625930595,41314.78521107838,41351.099963815264,41326.13664406902,0.0,-6.008463539641525,-18.16892491978433,-35.82797478987413,-10.954412587474508
682,41424.0,41291.753708713324,41390.54234155051,41342.82197093302,41316.68906368499,-112.0,-8.281147147543379,-91.53116177535048,-48.86700741572713,-14.81312719977359
683,41072.0,41282.59396501086,41131.72288752768,41253.36594898381,41296.51038966947,96.0,-9.414209771955939,78.88788616442616,1.226952542689105,-8.953154532049666
684,41616.0,41272.92528916941,41548.31811387936,41345.2758760184,41298.782754620894,-56.0,-9.28016731761818,-60.11667242242038,-43.452134956205555,-13.588497317534348
685,40960.0,41264.03363037563,41011.48954268284,41166.4616790714,41269.3333950344,-200.0,-7.914280333428906,-180.1712921603321,-75.58335741130213,-13.98268983476737
686,41216.0,41257.096728502554,41187.975529558695,41194.109161195796,41270.81737495136,40.0,-5.495448025292717,36.36363466932016,16.702062722291885,4.224848664522142
687,41040.0,41253.04273432504,41084.21681202148,41199.86580451598,41277.78309236345,208.0,-2.312378701306443,188.17129675035903,85.68954557817779,18.854872030256956
688,41632.0,41252.47197109994,41564.31812305941,41365.48825235215,41308.52711901187,-24.0,1.27863383645672,-12.267468514852226,32.36657401224511,14.570382599024015
689,40992.0,41255.600001997955,41059.68187499177,41264.59895254047,41306.923857561495,48.0,4.897111573682196,48.000000486921635,35.410176458553906,14.142931427697476
690,41728.0,41262.266194247306,41660.318124033256,41436.30860526926,41336.81298186727,112.0,8.183616928909032,98.1953138548597,25.863955363420246,10.329773399134865
691,41216.0,41271.96723585577,41256.07250270149,41316.32686326731,41327.583404359764,-192.0,10.822190563179902,-170.96498539743698,-69.81831036829317,-3.6504072895149875
692,41344.0,41283.910575373666,41318.38815323838,41296.67198453267,41329.51216728824,-56.0,12.563515763573378,-65.74358327118898,-43.31888646829975,1.2043712928825698
693,41104.0,41297.09426738292,41124.585336159114,41229.689090330714,41329.99214694553,-120.0,13.246893737261416,-90.87613628369945,-4.138349036606087,11.779587004570203
694,41104.0,41310.40436284819,41136.63588067098,41288.39528645946,41353.07134129738,368.0,12.818289480430394,323.86641324111406,150.9038393584815,35.53276141671813
695,41840.0,41322.73084634378,41772.31816264134,41531.49676904768,41401.057669778966,104.0,11.353739399186452,121.52296071037927,88.84986711205056,26.03921197053569
696,41312.0,41333.11184164656,41379.68180209174,41466.09502068356,41405.14976523845,0.0,9.06233515346321,3.519380697980523e-06,11.645761977662914,8.749583721408271
697,41840.0,41340.85551665071,41772.318169680104,41554.788293003,41418.55683722178,-128.0,6.278929886218975,-127.99996766995173,-53.91258117905818,-7.665086155582685
698,41056.0,41345.669701419,41123.68186675184,41358.269858325446,41389.819592927284,-128.0,3.4328449525273754,-113.38541144611736,-45.383505514830176,-12.04626464813191
699,41584.0,41347.72120655576,41545.54734678787,41464.02128197334,41394.46430792552,224.0,0.9801040414131421,187.87415539334324,45.76206463457129,-4.83206960548705
700,41504.0,41347.629909501826,41499.430177538525,41449.79398759459,41380.15545371631,-88.0,-0.678536891235126,-68.96628155672443,-41.330300581463234,-20.50108152339817
701,41408.0,41346.36413277329,41407.61478367442,41381.360680810416,41353.46214487872,-88.0,-1.274699511108338,-93.74147549200643,-81.75296637896827,-29.420201593646198
702,41328.0,41345.08051047961,41311.94722655451,41286.28805483665,41321.31505052902,-192.0,-0.7391319346570526,-175.9314243473491,-115.92859855543429,-32.481341823258845
703,41024.0,41344.88586890398,41055.75193497972,41149.50348369955,41288.499461232204,-96.0,0.7711491091249627,-97.4356166761645,-74.03282928733461,-19.590616235200287
704,41136.0,41346.62280869786,41117.07599320218,41138.22239626198,41282.13381805862,-40.0,2.9039775956553058,-33.295975766610354,-10.16988930656953,0.9410477293458825
705,40944.0,41350.69382409529,40989.1599834465,41129.16370508641,41290.381556690896,88.0,5.180557140000019,97.8839074768257,83.52316136762602,25.566816466820455
706,41312.0,41356.98392297786,41312.843808155834,41305.268718997235,41333.26745099226,384.0,7.093080240458221,327.9028654885187,172.73937340944758,43.9492668509738
707,41712.0,41364.879984576204,41644.96571442354,41474.6424519053,41378.280090392844,-32.0,8.220146846131684,-3.0495216145973245,50.69495886072036,28.32664392023071
708,41248.0,41373.42421667012,41306.74476492664,41406.658636718676,41389.92073883272,-64.0,8.304770972208644,-44.49712486371209,11.345503172713507,18.73668538151105
709,41584.0,41381.48952652062,41555.971464696115,41497.33345825073,41415.753461155866,136.0,7.299350448720361,109.08402325005954,47.34155065741288,17.420395380941045
710,41520.0,41388.02291756756,41524.91281142676,41501.3417380335,41424.7615295946,-8.0,5.372476200249366,-6.4945961355442705,-5.320851200471225,4.24614491846296
711,41568.0,41392.23447892112,41542.982272425026,41486.69175584979,41424.24575099279,-120.0,2.8568227795949497,-107.01917687662353,-55.30410425882292,-7.703491052168829
712,41280.0,41393.73656312675,41310.87445767351,41390.733529515855,41409.354547490264,-88.0,0.17112812982304604,-77.73552638394176,-40.59146157600844,-8.423476128016773
713,41392.0,41392.576735180766,41387.51121965714,41405.50883269777,41407.39879873676,64.0,-2.2636022483420675,54.192860269329685,21.52971953080487,-1.1858088166663947
714,41408.0,41389.20935863007,41419.26017821217,41433.792968577465,41406.98292985693,96.0,-4.1010292273495,88.04984961590526,41.18062016843032,-0.46672238697647117
715,41584.0,41384.37467672607,41563.61091888895,41487.87007303463,41406.465353962805,56.0,-5.137449412319256,42.405335121537064,6.012140974478825,-9.39430819599147
716,41520.0,41378.93445980543,41504.070848455245,41445.81725052642,41388.19431346495,-160.0,-5.335854979155556,-139.18582815748232,-79.14419724500112,-24.861324824607436
717,41264.0,41373.702966767756,41285.23926257399,41329.58167854463,41356.74270431359,-112.0,-4.822020652609353,-112.63527301132854,-83.44473270947492,-26.814473935679416
718,41296.0,41369.29041850021,41278.80030243259,41278.92778510747,41334.56536559359,-104.0,-3.8545583124614495,-92.43744797846375,-59.190000883423636,-20.249070440317155
719,41056.0,41365.99385014283,41100.36436661706,41211.20167677778,41316.244563432956,56.0,-2.7731332510920765,43.385897269770794,9.874730059204012,-5.308573988990247
720,41408.0,41363.74415199803,41365.57209697213,41298.67724522588,41323.94821761561,56.0,-1.926640251516801,53.068215215738746,32.81419106103931,3.501065063435817
721,41168.0,41362.1405696398,41206.50079704854,41276.83005889986,41323.24669355983,32.0,-1.6024131438935,33.432685319105076,32.56784312391028,7.060810622209829
722,41472.0,41360.53932571024,41432.43746761034,41363.8129314737,41338.06983886003,24.0,-1.962036909750168,28.124008613489423,32.88933831068789,8.126637243200094
723,41216.0,41358.2164958203,41262.74881427552,41342.60873552124,41339.49996804623,64.0,-3.0038934055992286,64.05541804277527,42.10017180815339,7.605127588511095
724,41600.0,41354.53153889904,41560.54830369589,41448.01327509001,41353.28009403705,136.0,-4.565193432914384,100.54100789980657,29.411177113772283,1.4441306926783
725,41488.0,41349.08610895447,41463.83083007513,41401.43108974878,41342.388229431584,-280.0,-6.339666918556759,-226.4332350114273,-89.8666404668329,-18.172453133887757
726,41040.0,41341.85220506193,41107.681833673036,41268.27999415634,41316.935187769275,8.0,-7.936217803671752,-3.4614298438609694,-19.01109851426736,-11.606282273845864
727,41504.0,41333.21367334713,41456.90797038741,41363.40889272025,41319.17566488389,136.0,-8.955316535495513,108.35750222465867,24.833344924027188,-7.000739641189284
728,41312.0,41323.94157199094,41324.39683812235,41317.9466840044,41302.9337084869,-88.0,-9.068727527486772,-70.52694165328285,-42.488866713654716,-16.695270972650178
729,41328.0,41315.07621829215,41315.85408708084,41278.43115929294,41285.78512293859,-56.0,-8.083558088703285,-69.27231563731766,-64.29994506499133,-19.259329401375
730,41200.0,41307.77445581353,41185.85220684772,41189.346793874414,41264.41504968415,-232.0,-5.976458644890954,-200.74084599453636,-94.41096848131929,-18.149320770240593
731,40864.0,41303.12330100237,40914.37239509177,41089.6092223303,41249.48648139811,-32.0,-2.908754423922801,-19.617836297085887,13.067039621033473,4.345755783873756
732,41136.0,41301.956946965685,41146.616534253546,41215.48087311648,41273.106561251894,432.0,0.805067232777219,374.0766053161642,165.61208734442698,30.475407916375843
733,41728.0,41304.733435467926,41662.5256057241,41420.83339701915,41310.43729723086,104.0,4.753207351917808,99.7873052043833,51.769222412243835,16.452600840511877
734,41344.0,41311.46336166952,41346.19114466231,41319.01931794097,41306.01176293292,-360.0,8.494819764157,-305.378737750234,-114.30442010769548,-6.324946151296899
735,41008.0,41321.72307499624,41051.76813022363,41192.22455680376,41297.78740492827,-80.0,11.635329454700695,-75.58236332054366,-34.68248273532663,6.265012241761724
736,41184.0,41334.73402057892,41195.026418021225,41249.654352470316,41318.54178741644,240.0,13.886029603923816,198.39037790371003,90.25697190171195,27.481471858995064
737,41488.0,41349.49513420409,41448.54888603105,41372.738500607185,41352.75034864626,40.0,15.110984213082702,56.26689816506041,65.45339844045884,27.446078662131185
738,41264.0,41364.95598900509,41307.560214351346,41380.56114935123,41373.433944740704,72.0,15.33481270671109,76.81240007704764,66.10322341966821,26.15529333147788
739,41632.0,41380.16475961751,41602.173686185146,41504.94494744652,41405.060935309215,184.0,14.722916814356722,145.48190275951492,60.85627181854579,20.280037333974178
740,41632.0,41394.4018226338,41598.524019870376,41502.273692988325,41413.99401940865,-224.0,13.541580840472307,-179.68842538863464,-67.53440796403811,-1.9672149301331956
741,41184.0,41407.247921298454,41242.79683540788,41369.876131518446,41401.12650544895,-48.0,12.092914508495596,-53.08414899735726,-39.45949571064921,-2.0111886872546165
742,41536.0,41418.58765165079,41492.35572187566,41423.35470156703,41409.97164203414,48.0,10.652168407261343,31.337495846084494,-2.8440791679131507,2.543718686902139
743,41280.0,41428.55225811298,41305.471827100046,41364.18797318262,41406.21394282275,-80.0,9.423926195951935,-59.52475927539126,-17.072741793093883,2.5529979297498357
744,41376.0,41437.435504042696,41373.30620332488,41389.20921798084,41415.07763789364,64.0,8.51030419102608,54.36539284921673,31.62585378863878,10.81757696556815
745,41408.0,41445.57286649503,41414.20261279848,41427.4396807599,41427.84909675389,72.0,7.899857922937372,71.90947346601388,47.95030315900294,13.763913697941462
746,41520.0,41453.23521988857,41517.12515025691,41485.109824298845,41442.605465289525,104.0,7.49900776935101,88.54828874294981,40.225055688373686,10.886641800116195
747,41616.0,41460.57088203373,41591.29919028438,41507.889792136644,41449.62238035412,-48.0,7.164876482926047,-49.33000855064529,-31.275136093878245,-1.301965917700727
748,41424.0,41467.56497285442,41418.465133155616,41422.55955211109,41440.001533454124,-240.0,6.739987194127025,-200.50839135066417,-86.0504639700157,-8.820770227292087
749,41136.0,41474.050856421985,41190.28240758305,41335.78886419661,41431.98083989954,56.0,6.097815960056323,43.22931234267162,13.12374418383115,6.77834844039171
750,41536.0,41479.760604774536,41504.92375784096,41448.80704047875,41453.55823033491,192.0,5.1669598009757465,159.26013946270905,69.42169652151279,17.455301952111768
751,41520.0,41484.38477602394,41508.80268650847,41474.63225723964,41466.89144380376,-80.0,3.940311604539602,-52.10763879013757,3.1413453807072074,10.677785659045185
752,41376.0,41487.641227983615,41400.708480260684,41455.089731240165,41474.913801653,16.0,2.4709203134989366,15.448195055651013,20.002339620608836,12.96804793188494
753,41552.0,41489.326616650935,41539.69907661977,41514.636936480856,41492.82753966753,96.0,0.8497071973033599,77.48597945795336,40.86567348112294,14.95511499791246
754,41568.0,41489.34064237822,41555.68043917659,41536.82107820241,41504.82403164882,-72.0,-0.8230870570478146,-45.616441560239764,6.594680822756345,8.837693563731591
755,41408.0,41487.68044253684,41448.46619349929,41527.82629812637,41510.502926794994,104.0,-2.4730312141473405,95.11672181915492,50.91836898714246,10.804041485920607
756,41776.0,41484.39457994993,41745.9138828149,41638.657816176696,41526.432114620664,184.0,-4.071412514786061,147.01710339011333,42.160426138674666,3.450793556701683
757,41776.0,41479.53761750727,41742.50040027952,41612.14715040372,41517.4045139084,-200.0,-5.647303889763862,-184.70313427666406,-108.4370905711221,-21.95737501684198
758,41376.0,41473.0999721704,41376.50761426157,41421.78363503445,41482.51736458698,-400.0,-7.282189589685004,-349.6630615711947,-167.47169785203732,-29.561281092072022
759,40976.0,41464.9732383279,41043.17427713713,41277.20375469964,41458.28195172425,16.0,-9.072448502825864,15.746197480828414,6.021997015013767,-0.12131527651581564
760,41408.0,41454.95507516475,41408.00000922323,41433.82762906448,41482.27473403395,440.0,-11.097654181925463,376.8264118068182,169.53768889707862,27.706519011397177
761,41856.0,41442.777929964046,41796.827100750765,41616.2791324938,41513.69498974705,56.0,-13.378439640677243,67.7538127571679,62.59106967621847,14.30500520044734
762,41520.0,41428.19819588339,41543.507634737565,41559.009768416916,41510.88474443484,-168.0,-15.835266722759116,-135.78129232535866,-37.76447986842686,-3.266008090460673
763,41520.0,41411.10739651853,41525.26451610005,41540.75017275695,41507.162973566126,32.0,-18.293490974210727,8.079461862696917,-7.884509281491773,-4.3636221904089325
764,41584.0,41391.61121393497,41559.66655846296,41543.24074985393,41502.157500054025,-112.0,-20.48652809473424,-87.26516532227834,-17.88904797604846,-9.097598509400996
765,41296.0,41370.13434032906,41350.73418545549,41504.97207680485,41488.967776547324,280.0,-22.092639875845634,258.32577262095947,66.2173653533464,-3.541334679335705
766,42144.0,41347.42593418328,42076.31810370488,41675.675480560625,41495.074830695354,-104.0,-22.80319002019678,-108.44661876874306,-63.458855963915994,-26.33920431719889
767,41088.0,41324.527960288666,41133.840947918005,41378.05436487702,41436.28936791293,-456.0,-22.378382364484423,-411.2385790053195,-152.59393324509801,-41.37099438678706
768,41232.0,41302.66916945431,41253.84094569424,41370.48761407043,41412.33284192178,376.0,-20.699704180409753,319.2385809278676,61.67705622862559,-14.939883895054663
769,41840.0,41283.128551927846,41772.31810977374,41501.40847733427,41406.40960012282,-112.0,-17.793263054118142,-89.07952896517236,-38.37489806902886,-27.602761792819365
770,41008.0,41267.082643346075,41075.681887763894,41293.73781793237,41357.12731833614,-88.0,-13.839471351304383,-87.99999905799996,-64.80175043570853,-31.825915869871096
771,41664.0,41255.44960922524,41596.31811165774,41371.80497646285,41342.757768383075,-48.0,-9.151134126230318,-57.58713814440489,-68.03035323809672,-30.43166153391212
772,40912.0,41248.780375093615,40960.507611475085,41157.67711145618,41296.26399526832,-288.0,-4.12039429059223,-244.571919379694,-91.28930927858892,-27.280573351345083
773,41088.0,41247.20882064405,41107.17427289835,41189.226357905674,41288.196621680385,336.0,0.8386160934678628,277.9052541083256,82.16242540234089,1.9424574960903556
774,41584.0,41250.45760728055,41516.318119691736,41322.00196226086,41300.1489102605,-64.0,5.341739811046864,-40.23816326014639,1.7765854856115766,-2.2402659068648063
775,40960.0,41257.89230026615,41026.69794637806,41192.7795288769,41283.716089866655,-96.0,9.091166124093434,-80.52506110446848,-12.83266894551707,-0.24701590050608502
776,41392.0,41268.63993952874,41355.2679974828,41296.336624369826,41299.654878459485,176.0,11.90630365369725,144.91003851873757,55.72540767784449,11.321532515801664
777,41312.0,41281.70490757354,41316.518023415534,41304.23034423259,41306.35915489826,-32.0,13.733208590401773,-16.159856989586842,4.0088919790541695,6.422234183686669
778,41328.0,41296.10635670954,41322.948283503625,41304.354408327934,41312.49934682686,-8.0,14.634559760241245,-18.828322393768758,-11.698731740685616,5.365159269942524
779,41296.0,41310.974027094024,41278.861378628,41280.832880751215,41317.08947343814,-160.0,14.76352989498264,-129.78001173562734,-31.10508720110738,5.644600283190812
780,41008.0,41325.633416499506,41063.38826003237,41242.14423392572,41323.78854739324,152.0,14.331069049185317,144.11629450300825,78.38347013735984,22.488501324762183
781,41600.0,41339.636165192394,41567.09396763401,41437.599821025935,41362.06647608767,296.0,13.561798095484846,256.52743283492237,114.25549761318689,26.381252498806134
782,41600.0,41352.757012690476,41576.443125702215,41470.65522915209,41376.55105239085,-128.0,12.6618981396241,-108.43521342070744,-31.616977297802805,3.3121289227310626
783,41344.0,41364.95996147164,41350.2235407926,41374.36586643033,41368.69073393313,-232.0,11.789970603014808,-195.10188094662954,-81.10642950659167,-6.625781761067628
784,41136.0,41376.336953896505,41186.239363808956,41308.44237013891,41363.29948886872,120.0,11.038517201559443,88.43604534849874,20.297688778031443,5.973729379024007
785,41584.0,41387.03699587476,41527.095631489596,41414.96124398639,41380.63819269118,64.0,10.431601989883347,55.111021841268666,21.999495840682357,7.170613457019499
786,41264.0,41397.20015787627,41296.46140749149,41352.441361820274,41377.640715782756,-88.0,9.932717855437659,-68.3271865406532,-18.29920125598437,2.6845588807154854
787,41408.0,41406.90243158564,41390.44125840829,41378.36284147442,41386.00731045261,8.0,9.458690797295276,6.186142958224082,11.10290039136089,7.2669601924862945
788,41280.0,41416.11753947086,41308.83369340794,41374.647162602996,41392.17463616773,56.0,8.90993713300486,62.5609020393822,43.60790243006704,11.776057523504278
789,41520.0,41424.72230585165,41515.563062487054,41465.57864633456,41409.55942549962,224.0,8.196860420961457,184.54468151438414,63.72080689884024,11.862760606869415
790,41728.0,41432.511260312785,41677.92305643671,41502.08877640068,41415.90015738147,-248.0,7.255716759871575,-211.94058892143585,-76.44548173353905,-9.264260249077779
791,41024.0,41439.23373937139,41091.68188464418,41312.68768286748,41391.03090500146,-112.0,6.066509429954749,-105.6190950000564,-45.05725209946468,-6.517707129933115
792,41504.0,41444.644279172695,41466.6848664366,41411.97427220175,41402.8647431216,200.0,4.644708034600626,170.13052545843675,53.27372543514866,6.777075276222604
793,41424.0,41448.52315544059,41431.942935561055,41419.23513373778,41404.58505555391,0.0,3.040934444165032,4.972746929739515,4.8784284049143025,0.7495652100005827
794,41504.0,41450.726148061025,41476.630360296076,41421.731129011576,41404.3638735416,-112.0,1.3361555132796639,-92.16077378459886,-38.63844022040939,-5.2029883352261095
795,41200.0,41451.19546646715,41247.62138799186,41341.95825329696,41394.179078883455,24.0,-0.38056709513330134,9.09796765505962,-8.793749066138844,-0.47584071397432126
796,41552.0,41449.96501387076,41494.826295606195,41404.1436308793,41403.412192113654,-48.0,-2.0082144390507892,-38.66361435469298,-11.742806978014414,1.8037228358807624
797,41104.0,41447.17903758905,41170.29415928247,41318.47263934093,41397.78652455522,8.0,-3.4433004762431665,15.865736574534822,21.5653281320956,9.063658669325378
798,41568.0,41443.07841291827,41526.557768755265,41447.27428714349,41421.539509452305,168.0,-4.587791433204984,140.12537676319698,68.43879137430122,16.429960369703622
799,41440.0,41438.00345472264,41450.544912808866,41455.35022208953,41430.646445294624,-48.0,-5.344462525594281,-23.28829190205215,15.751045990815328,8.63925810705041
800,41472.0,41432.38948786708,41479.98118495116,41478.77637912512,41438.818025666405,88.0,-5.625703846220858,69.34219689807651,26.814346598141128,6.512481655099691
801,41616.0,41426.7520470302,41589.22930660502,41508.978915285814,41443.67140860482,-24.0,-5.3645223943349265,-24.605345321051573,-23.30800619639558,-3.7630466313385114
802,41424.0,41421.660443078414,41430.77049430906,41432.16036673233,41431.29193240373,-136.0,-4.525672261515865,-124.60634075068083,-72.7383651873206,-12.014879580910929
803,41344.0,41417.700702507165,41340.01662510366,41363.50218491117,41419.641649443,-120.0,-3.122151482861227,-110.67074368709291,-58.907089365569846,-7.868200488574075
804,41184.0,41415.41614011269,41209.42900693487,41314.34618800119,41415.55553142658,-16.0,-1.2172787496383535,-3.442583494434075,16.01709709060742,7.491658554903552
805,41312.0,41415.26614500789,41333.13145811479,41395.53637909239,41434.62496655281,256.0,1.0600456362299155,229.359741753844,122.95838063739575,25.200683453873353
806,41696.0,41417.53623138515,41668.14849044256,41560.26294927598,41465.95689833433,224.0,3.521697209806007,195.7594845405656,96.85804482157982,19.82977669823231
807,41760.0,41422.3095394275,41724.65042719592,41589.25246873555,41474.28451994927,-144.0,5.94417613800033,-120.24592726703486,-56.384246172656276,-5.958152387589507
808,41408.0,41429.42458366115,41427.65663590849,41447.49445693067,41454.04059355915,-208.0,8.086216225849057,-198.71061174499846,-122.01078333954138,-17.941896712167363
809,41344.0,41438.4819718792,41327.22920370592,41345.230902056464,41438.40072652494,-200.0,9.722905050643021,-184.2814136729503,-101.64810384597513,-10.919830707964138
810,41008.0,41448.87039376244,41059.09380856259,41244.19824923872,41432.20093214322,-24.0,10.68073953631756,-12.66635233039051,17.06647180161599,15.010252225445583
811,41296.0,41459.843450951834,41301.89649904514,41379.3638456597,41468.42123097583,296.0,10.877901809606556,272.285185708246,176.84751925082674,44.84136038139695
812,41600.0,41470.62619738165,41603.66417997908,41597.89328774037,41521.88365290601,432.0,10.343033556666342,396.13127644146516,217.47608595085694,49.55660457548947
813,42160.0,41480.52951806517,42094.15905192807,41814.31601756141,41567.53444012681,88.0,9.220310991466249,85.24743597723136,43.580738601747726,16.027509227133123
814,41776.0,41489.06681936458,41774.159051933544,41685.05476494387,41553.93867136028,-488.0,7.75189961444994,-421.43939566739937,-174.7338701456065,-24.698835198516463
815,41184.0,41496.03331729407,41251.280260593274,41464.8482772702,41518.136769729776,-72.0,6.239439525234047,-94.24283303332777,-79.78234903857083,-19.095063144013693
816,41632.0,41501.54569841505,41585.67338586689,41525.490066866725,41515.74854507225,128.0,4.984237722514081,102.76005460804663,7.3868230298867275,-8.200797403911565
817,41440.0,41506.001792739095,41456.80036980937,41479.62192332997,41501.73517492195,-64.0,4.237448662810493,-44.87116701068953,-26.05718187176899,-10.926611404203868
818,41504.0,41510.02059574067,41495.93105184551,41473.37570312319,41493.895322263845,16.0,4.156191222311463,-1.2140587363028317,-21.55836864518642,-8.345086544912192
819,41472.0,41514.31417518372,41454.37225233676,41436.5051860396,41485.04500183213,-160.0,4.77705074323967,-129.697537824959,-54.61792406379391,-8.19807034011319
820,41184.0,41519.57469722715,41236.53597619559,41364.1398549956,41477.49918158362,56.0,6.025436262025323,44.84360483680575,17.70459645379742,7.129138830670854
821,41584.0,41526.36504770777,41544.05946201037,41471.91437894719,41499.30327949347,128.0,7.737408945646166,107.82079586664258,51.73171342519345,17.569261884527805
822,41440.0,41535.049515118444,41452.17756792888,41467.603281845986,41512.637705352674,-48.0,9.710110889696807,-30.994054437120212,9.49054382178656,16.966311126838264
823,41488.0,41545.78526948716,41482.07135313613,41490.895466590766,41533.235901747146,-8.0,11.751666656178713,0.2505508879003173,24.73991804016623,22.859991481826
824,41424.0,41558.5528484308,41452.67866970468,41517.08311792632,41558.357688316326,128.0,13.720913762528653,114.00066509191674,72.7292102987085,31.83967098499852
825,41744.0,41573.22709701222,41710.072683319966,41636.35388718818,41596.91524371714,96.0,15.551899764392147,87.75743021513699,65.44771285595925,31.20331758667453
826,41616.0,41589.656647959586,41628.19353013495,41647.97854363824,41620.764323489675,-48.0,17.245399288371118,-20.91150251027284,27.613928269169264,24.087295947014354
827,41648.0,41607.71789558896,41668.24967829942,41691.58174372652,41645.08983561117,176.0,18.843987151300098,141.30453966158166,65.39407195154854,24.18000390205634
828,41968.0,41627.344622262186,41910.802609458115,41778.766687541334,41669.12433129379,-64.0,20.391000198455004,-43.43402155075091,-7.431712414523645,9.0907122473036
829,41520.0,41648.49989598587,41581.38163519792,41676.718318897474,41663.27126010578,-24.0,21.88306286012812,-22.512798270581698,-23.689209195123112,1.3104918172830367
830,41920.0,41671.11074798244,41865.77701291695,41731.38826915109,41671.745314928354,48.0,23.238981245289324,13.280442303785094,-39.635915170838416,-3.938679431008495
831,41616.0,41694.97785847645,41607.94251980549,41597.4464885558,41655.39390124376,-376.0,24.303181278843113,-315.0475766658092,-143.21853631739577,-14.38171862240415
832,41168.0,41719.71711054013,41235.68185958533,41444.9511965163,41642.981877683545,24.0,24.876344818439975,3.9283533451452968,-14.019693781348906,11.337070323959779
833,41664.0,41744.73054811333,41615.79922649578,41569.4071009931,41678.06804189168,128.0,24.776962598101818,118.25946633250715,77.15945497335633,35.78956630271932
834,41424.0,41769.27103573633,41472.20079225035,41599.27010646301,41714.561010288984,88.0,23.911750397128344,106.23850498631509,117.49805870141063,51.021018911753345
835,41840.0,41792.55404890759,41828.27623646841,41804.40321839592,41780.11007971519,320.0,22.330996611937735,288.62364858007277,187.33472113087555,62.554573411965976
836,42064.0,41813.93302896021,42049.44808941049,41973.93954872476,41839.670157112916,144.0,20.260919569893304,148.41229999455027,124.50610469121966,48.34358525336938
837,42128.0,41833.07588804737,42125.10083645751,42053.41542777836,41876.79725022193,72.0,18.074449189363804,61.15692933455284,42.183592942783434,24.566955620110093
838,42208.0,41850.081927338935,42171.7619480796,42058.30673461033,41888.804068353136,-152.0,16.217621831157885,-134.52914797990525,-69.95532586286936,-3.952978451136005
839,41824.0,41865.51113170969,41856.0425404977,41913.50477605262,41868.891293319655,-176.0,15.108066309679998,-155.5067050934158,-100.04957053139879,-17.668210367497522
840,41856.0,41880.298059958295,41860.74853789277,41858.20759354753,41853.46764761814,64.0,15.027832590749313,28.448686858882866,-54.193385731327,-15.550263320605154
841,41952.0,41895.56679689119,41912.939914215465,41805.11800458997,41837.790766678445,-248.0,16.033053215553082,-222.05632263949155,-126.53058666257857,-21.38734260577621
842,41360.0,41912.3641663894,41416.635892613784,41605.14642022237,41810.69296240659,-136.0,17.94145705604751,-134.1772884932543,-77.39837425640872,-4.563156151529256
843,41680.0,41931.44971100328,41644.58533722896,41650.32125607715,41828.66445437539,56.0,20.366565841959527,50.87613075993431,30.335463893348788,25.40471468757096
844,41472.0,41953.09729807332,41518.38815413365,41665.81734800907,41861.50239178173,88.0,22.807960374168033,105.74358757296432,112.40476593645872,52.31305699543009
845,41856.0,41977.06563175162,41856.072512374885,41875.13078795007,41933.29056836625,408.0,24.782858290003787,362.9762395166217,218.87883391602736,75.65270500282713
846,42288.0,42002.66301465333,42244.340633166896,42103.575015841125,42012.807801787385,136.0,25.93694664101713,145.0419672255157,136.231735811627,65.75762351050798
847,42128.0,42028.93952503365,42146.15644682592,42147.59425957332,42064.80581538726,-32.0,26.125609744012763,-7.4019522113740095,53.816373518850014,48.83830436923745
848,42224.0,42054.91423414135,42229.53672874415,42211.207762878825,42110.48441052586,144.0,25.436114917858504,111.06392563898771,57.21738474492304,40.002815664895024
849,42416.0,42079.81175486937,42368.28429810389,42262.02902906317,42144.81144671705,-184.0,24.14595627833478,-152.9274188543095,-26.164219284077262,20.767608527043194
850,41856.0,42103.20614669802,41923.68189103553,42158.87932431067,42152.019627579946,160.0,22.638978595463414,150.01690465220236,48.28995740283426,22.009162241891318
851,42736.0,42125.0897120603,42668.3181074083,42358.608943868836,42188.829771200835,120.0,21.30795410192877,97.49577938242874,11.034091492583684,9.451632180931483
852,42096.0,42145.82205490188,42118.673449800386,42180.94750729584,42170.92289194181,-376.0,20.4537682165319,-330.659812383572,-135.18768292507593,-14.160734661938477
853,41984.0,42165.99724849336,42006.99848264115,42088.233578018684,42160.50830187696,32.0,20.23090708906966,3.3174460465379525,-40.59714026781512,-1.5891749709990108
854,42160.0,42186.28386908002,42125.30834189346,42099.75322676021,42167.74454199981,-72.0,20.63474933490579,-55.148431280395016,-18.603737878373067,7.6234672228420095
855,41840.0,42207.26674716317,41896.70162008036,42051.02610226194,42175.75523632264,104.0,21.523775332563673,98.91462895569202,56.78592663269592,24.79845613896032
856,42368.0,42229.33141974515,42323.137599804846,42213.3250800256,42217.34145427773,184.0,22.680166390033264,158.11072838173277,84.96151777646446,34.05329066898048
857,42208.0,42252.62707994324,42212.92307684383,42220.94913781487,42243.8618176606,-128.0,23.88877378061079,-85.59913874185804,14.098626696697465,28.313454265899054
858,42112.0,42277.10896730637,42151.93932232113,42241.522333418994,42273.96836280953,176.0,24.983424596539408,148.18529731075614,85.3343623136243,38.20496328940135
859,42560.0,42302.59392913632,42509.29367146534,42391.617862442115,42320.271744239406,96.0,25.88939081789431,94.35026624313468,65.90446024417906,34.31696864185142
860,42304.0,42328.88774894216,42340.6398548074,42373.33125390735,42342.60230009323,16.0,26.641463190982904,14.545457379037543,16.379018418909254,24.260670858482626
861,42592.0,42355.87685551828,42538.384586223416,42424.375899279934,42368.79308595637,-128.0,27.354944289407285,-112.47898612203062,-32.7674049874513,15.030440160961007
862,42048.0,42383.59763752097,42115.68188256334,42307.79644393245,42372.663180415155,32.0,28.191028976914822,28.611926131106884,13.318766618740483,20.10325347954131
863,42656.0,42412.25891347211,42595.60843848563,42451.013432517415,42408.999592915454,120.0,29.309454217273014,107.21018003108838,40.72370484366911,23.98639214607101
864,42288.0,42442.21654595552,42330.102242625515,42389.24385361979,42420.6359647073,-72.0,30.827292604008107,-54.99498273255449,-11.147652087729512,18.268170027207816
865,42512.0,42473.91349868013,42485.61847302052,42428.718128341956,42445.53593296987,48.0,32.79614217466951,23.608595497600618,-2.166661106857646,21.576764911063947
866,42384.0,42507.80883030486,42377.319433620716,42384.91053140607,42463.789494529425,-176.0,35.20423766827298,-141.70187129623446,-43.352331232847064,22.243036286028655
867,42160.0,42544.321974016675,42202.21473042805,42342.01346587626,42490.02200554193,32.0,37.98707463538449,35.968948947607714,48.109667408316454,42.73361128959732
868,42448.0,42583.782979575626,42449.25733151593,42481.129866222705,42549.25671710862,280.0,41.037815939318534,253.3292586675343,155.68133345779643,64.29754742212026
869,42720.0,42626.39760589531,42708.87324776312,42653.376132791855,42618.61710038617,216.0,44.22934679154423,203.98215506277847,138.93433296507646,64.29123829686068
870,42880.0,42672.241673158715,42857.22164164149,42758.99853215286,42677.83919370234,32.0,47.42613430939673,34.456602085800114,45.121665437432966,49.114053001288994
871,42784.0,42721.249874514106,42777.78645193472,42743.61946366672,42716.845206388745,-128.0,50.47841500680806,-110.50293003315528,-35.5693366527812,35.648273005841475
872,42624.0,42773.19850317233,42636.21578157518,42687.859858847296,42749.135739714024,-96.0,53.210891507442284,-80.49176248367075,-23.8296753957693,38.54732031097956
873,42592.0,42827.67165752899,42616.80292696738,42695.96011287518,42793.939847010704,128.0,55.424241250268096,104.60178022908076,60.0803104654733,54.90109964721705
874,42880.0,42884.04698567287,42845.41934203334,42808.02047977824,42858.93793900846,48.0,56.90859446565446,55.71312523265806,76.0706067921783,63.944988948176615
875,42688.0,42941.4888464603,42728.229177432695,42848.10132645954,42921.82982490706,64.0,57.465808646727965,83.95572256281957,120.13150991106522,74.5833771439502
876,43008.0,42998.97860296632,43013.33078715898,43048.28349960037,43008.10469329636,432.0,56.95085114724134,390.9649372381391,220.32392294102465,86.28010305411954
877,43552.0,43055.39054875478,43510.15905190897,43288.74917234159,43094.3900310153,224.0,55.30868484573875,208.4141325779019,108.84025891200872,63.4048392697041
878,43456.0,43109.5959726578,43430.15905231478,43265.96401742439,43134.914371835766,-432.0,52.59621951710142,-377.23857842549114,-117.80314620499848,24.47005941225507
879,42688.0,43160.582987788985,42755.68189505799,43053.14287993159,43143.33014983981,-56.0,48.98556915227891,-67.88406498711629,-30.24969752701145,31.182285496033728
880,43344.0,43207.56711096236,43294.39092234055,43205.46462237037,43197.278942827834,200.0,44.73144014059653,190.51386241079308,83.05405362396414,46.612740129414306
881,43088.0,43250.04586807018,43136.70961987958,43219.25098717952,43236.555630098635,80.0,40.119392308686656,85.86679693692713,79.41185839891477,46.70446877573704
882,43504.0,43287.80589557973,43466.124516214404,43364.2883391682,43290.68788037931,168.0,35.41952133915038,140.03747740682957,75.18152157277655,43.466644299638574
883,43424.0,43320.88491074848,43416.784574693236,43369.61403032507,43323.48891869791,-104.0,30.824946203352738,-85.41706805497961,-21.867293680588773,27.7754842534996
884,43296.0,43349.45578798644,43295.290380104445,43320.55375180702,43346.23884888631,-152.0,26.43546348012387,-125.0422940665485,-36.7834026145465,25.261872632709128
885,43120.0,43373.755837708726,43166.69998656014,43296.04722509598,43374.01266396333,144.0,22.272046695710742,120.58095282991417,63.51708583694926,40.47444827518848
886,43584.0,43393.99988137786,43536.45228576427,43447.58792348092,43427.187745436684,136.0,18.302698109531775,116.34231445194746,83.3346601253943,45.33446874518995
887,43392.0,43410.36123392779,43399.384615464034,43462.71654534677,43464.68160145371,-144.0,14.497306076802488,-100.1445929800575,50.48689453923362,41.12793608970969
888,43296.0,43422.99449353146,43336.16309980416,43548.561712559385,43509.4436176161,520.0,10.870160061778734,482.46674403813086,216.01573256593838,55.434197043196036
889,44432.0,43432.10155405135,44364.318103540296,43894.748010478645,43575.5499955401,128.0,7.505155399481737,128.30633397420752,73.67059408495334,23.28387770100744
890,43552.0,43438.00480433043,43592.77576775257,43695.90290072929,43556.01137301812,-376.0,4.55789881014789,-351.097070238633,-126.89365938470655,-19.338053871077136
891,43680.0,43441.21735167164,43662.12396306303,43640.96069170923,43536.87388779795,0.0,2.218442946970754,-20.0319893744163,-74.46186316544117,-26.293790830273792
892,43552.0,43442.44169022437,43552.71178900374,43546.97917439841,43503.42379135757,-112.0,0.6514102536384598,-105.85322904057466,-96.49193011161697,-35.87890687250183
893,43456.0,43442.52017217892,43450.41750498188,43447.976831486,43465.116074052945,-136.0,-0.047759434000909096,-130.2067591124396,-103.013927169417,-37.85191360197496
894,43280.0,43442.34617135637,43292.29827077886,43340.951320059576,43427.71996415362,-104.0,0.10188150137037155,-96.6278803087298,-76.5498513966304,-30.010111691644852
895,43248.0,43442.72393518166,43257.16174436442,43294.87712869274,43405.095850669655,32.0,0.9521320148669474,10.672195407656545,-22.635627020466927,-14.769320950483234
896,43344.0,43444.2504353861,43313.642661594175,43295.68006601864,43398.181322252654,-120.0,2.254752574448503,-95.30577479935528,-23.357029664777656,-4.205462304365938
897,43008.0,43447.23344033056,43066.55019476571,43248.16306936318,43396.68492606092,104.0,3.7059981866877933,106.48215809142857,72.56453802613396,17.93785011131331
898,43552.0,43451.662431759476,43526.60697777703,43440.80914207091,43434.05702247528,312.0,5.003747334681975,272.26802080514244,137.05064374318317,31.47494753812134
899,43632.0,43457.24093499992,43611.086236375995,43522.26435684955,43459.634821137166,-40.0,5.922504246533208,-20.089559521064075,26.587393203408283,16.959539718744054
900,43472.0,43463.50744025254,43486.4278587349,43493.983928477726,43467.97610191277,-64.0,6.3503288378124125,-52.51908396656654,-17.288464132954687,8.140085871240444
901,43504.0,43469.94159267555,43506.04806844286,43487.68742858364,43475.91499287965,56.0,6.295860525679018,29.860551922265586,-14.452785602265067,6.534640610858332
902,43584.0,43476.0991613039,43546.148962579435,43465.078357273196,43481.045383134486,-240.0,5.8859856046619825,-209.43689354424714,-82.06989267385143,-0.0173405884343083
903,43024.0,43481.71356388487,43087.17428135437,43323.547643235936,43475.88031170278,-104.0,5.324913843738614,-82.82067387520146,8.243107580710785,17.428944153431075
904,43376.0,43486.74898899138,43380.50761482903,43481.56457243462,43515.90327144135,496.0,4.838532718924398,442.8257185900984,210.79921541599106,47.01812331063775
905,44016.0,43491.39062932272,43972.825718534565,43745.14607406792,43569.916558324054,264.0,4.625443646134954,249.492385408088,128.1545386672551,31.70911479890492
906,43904.0,43495.99987628365,43879.49238564521,43737.87364976913,43579.32150103916,-264.0,4.810353884135111,-231.98942803786122,-90.33559941421845,-6.828982232935232
907,43488.0,43501.01133709099,43508.84686245884,43564.47487523948,43556.25859385818,-272.0,5.414360330749332,-250.29318751761457,-135.16133690991046,-19.649977488068544
908,43360.0,43506.828596945146,43378.90601060998,43467.55097594931,43540.02154606302,-32.0,6.357740845407534,-35.410798798966425,-43.148411315523845,-7.2359704920090735
909,43424.0,43513.726818781804,43438.02526486091,43478.17805260843,43541.786652874165,160.0,7.481396387483983,129.24557855549574,37.7161029633462,7.654439454854582
910,43680.0,43521.791389720114,43637.39716772097,43542.983181876,43555.33042497273,-16.0,8.571464589625975,-13.642258535102883,-3.703279794437549,7.310293347196421
911,43392.0,43530.86974796106,43410.7407477907,43470.77149301956,43556.40723956856,-168.0,9.410288056918944,-132.95268097673397,-32.82594234666249,9.297176574258629
912,43344.0,43540.61196583395,43371.4918057675,43477.331297182674,43573.92477812125,104.0,9.834612609207397,98.21008681433523,73.22545275445009,29.013777458752884
913,43600.0,43550.53897317947,43607.160921419374,43617.22239852846,43614.434794486064,312.0,9.762290136972297,271.4737227487349,148.50230061001275,41.23175608911697
914,43968.0,43560.1365461079,43914.43925126497,43774.3358984027,43656.38829029948,16.0,9.213912433737278,39.47458617046868,60.28144907559545,26.372910328394937
915,43632.0,43568.966798046946,43686.11009376031,43737.78529667965,43667.180615142854,48.0,8.30791882376434,42.22131129690024,16.34204661676995,12.55135560050985
916,44064.0,43576.752383755425,43998.88187385877,43807.01999163624,43681.4910015005,-96.0,7.23397470076452,-103.02456592799717,-59.2553092252856,-4.815063567322795
917,43440.0,43583.434747448475,43480.06096190432,43619.27467822908,43657.55048800821,-264.0,6.221708457000204,-228.31038711254587,-98.10797429262675,-13.062989091886266
918,43536.0,43589.195800669426,43542.26109963368,43610.80404305099,43655.36502331673,104.0,5.493478828557272,93.50563589778176,28.93138634740535,3.7827864743594546
919,43648.0,43594.42170510559,43667.07223369988,43677.13745092389,43665.11606095693,256.0,5.230571548989246,220.1723025655847,80.90213333484644,10.60684068804403
920,44048.0,43599.656943767404,43982.60570476485,43772.60830972068,43676.578704692816,-104.0,5.549064292586991,-96.21009444769516,-42.22498634286967,-7.108421029472083
921,43440.0,43605.51983369076,43474.65204480449,43592.68747823815,43650.89921889798,-288.0,6.475776101058727,-249.92134660097872,-103.57709236345181,-15.13452484993104
922,43472.0,43612.60849596952,43482.76301156289,43565.454124993776,43646.309654992954,72.0,7.9430009669704305,61.926024572861934,19.493709252514236,4.125918844616535
923,43584.0,43621.405835624704,43598.504093950214,43631.67489674318,43659.151056587216,216.0,9.803138612529438,188.26155213837774,90.05822012099088,16.598954423621763
924,43904.0,43632.21477319458,43859.28611583965,43745.57056523576,43679.5075638402,24.0,11.824520725182083,37.21260108766728,34.68095111046205,9.131885444992804
925,43632.0,43645.05487707507,43672.92929612555,43701.0367989641,43677.4148274772,24.0,13.7122005737765,18.28966091365146,-10.015366789608379,0.17800501086458098
926,43952.0,43659.63917434213,43895.86543766695,43725.53983165654,43679.86357386193,-136.0,15.147418559765356,-142.02703578670116,-88.72705147928718,-11.158074922183005
927,43360.0,43675.3497141946,43388.87522455215,43523.58269600553,43655.098677632835,-320.0,15.819557182603603,-278.3237246911922,-120.1657876482459,-10.009962347445253
928,43312.0,43691.27828870734,43339.21798828457,43485.20825636005,43659.843649167036,96.0,15.486306347760546,86.43270515524273,48.22968853454586,22.137153992553067
929,43552.0,43706.32232689012,43561.74063486263,43620.04207307462,43699.37298561794,296.0,14.027409189850005,271.2258208912208,168.8548532518762,46.89798573180087
930,43904.0,43719.33310708704,43881.66963006701,43822.9179628638,43753.63962063064,208.0,11.481913915704354,208.27714553944315,162.33487122108272,46.748616044227674
931,43968.0,43729.28615472153,43978.29492594152,43944.711815516785,43792.8702177064,152.0,8.059670293328963,148.09992558210433,110.14976041137925,30.474107961079426
932,44208.0,43735.4524476737,44177.86948123122,44043.21748368656,43814.5878365528,64.0,4.117876123862516,48.92196144579793,16.114410013051383,2.047010674039484
933,44096.0,43737.521906969254,44076.138848833114,43976.94063554289,43796.964239054476,-216.0,0.10022949199628783,-201.03638823251822,-125.8065303722251,-32.57538554559869
934,43776.0,43735.65290665769,43775.79670476618,43791.60442294211,43749.4370654616,-336.0,-3.546309921443026,-301.3586202360493,-177.5340011297194,-48.85532031979528
935,43424.0,43730.42928712637,43473.421608361015,43621.87263328345,43699.253598414885,-48.0,-6.455100217972358,-55.26705460008088,-70.79547301694402,-36.4207871259714
936,43680.0,43722.74270622175,43665.26259556602,43650.01347690822,43676.59549120966,152.0,-8.407766120093584,118.15396503507873,13.147582078887353,-22.828332644745387
937,43728.0,43713.61375488618,43709.72953843117,43648.16779744122,43653.596933125395,-48.0,-9.371438167789165,-46.885364978952566,-41.76178074638665,-26.718711427991366
938,43584.0,43703.99982988617,43571.49186560811,43566.48991541545,43623.158068353674,-240.0,-9.493067935949512,-200.77834478250952,-90.43292431805094,-28.4809613540383
939,43248.0,43694.62761901428,43308.172848866154,43467.30194880512,43596.63501041732,88.0,-9.057781363895629,62.15367256476384,10.463007792237477,-9.0913074154887
940,43760.0,43685.88426715838,43695.79921073764,43587.41593099992,43604.9754535227,40.0,-8.424671866923745,42.013970583710034,33.82194769476337,0.5892157815105747
941,43328.0,43677.778275280434,43392.200790033574,43534.94584419465,43597.81344198034,56.0,-7.947872246571933,68.51325397950131,51.002835292048985,6.328660556660907
942,43872.0,43669.98852266523,43832.825718696644,43689.42160158402,43617.63277463602,240.0,-7.907058064927696,193.64579763060465,63.18655818138359,7.100971387480968
943,43808.0,43661.96415915058,43779.49238529478,43661.318960557415,43612.0153847553,-312.0,-8.460569052473147,-265.81020817566605,-101.44316074789458,-15.416620642950875
944,43248.0,43653.06738456029,43301.20530234531,43486.53528008823,43586.79953335012,-160.0,-9.612659277547209,-142.3217699751658,-55.51604042506369,-8.275874737682898
945,43488.0,43642.738840595484,43494.84884534445,43550.28687970729,43595.463635279935,272.0,-11.221721791032905,227.88776972141204,94.89503947269623,14.037283693818608
946,43792.0,43630.62394097822,43756.980841788136,43676.325359033624,43614.874100737754,80.0,-13.030581348066335,87.03620538436735,68.2011588431451,10.55417049470634
947,43648.0,43616.67767789935,43668.921256113186,43686.68919739358,43616.57197626935,0.0,-14.711735288699856,16.546694890974322,29.708437056742696,0.12647434505925048
948,43792.0,43601.20047040082,43790.074231570085,43735.74223314711,43615.12704942787,144.0,-15.936826006014599,111.52413330732088,20.92415232708663,-10.288574370082642
949,43936.0,43584.80402588732,43891.96952272783,43728.53750204775,43595.99482752918,-216.0,-16.434574774630164,-194.91334648048723,-110.93598007547916,-36.132480522228434
950,43360.0,43568.33132085156,43400.24753860911,43513.87027299615,43542.862088383416,-224.0,-16.039578734686074,-213.82803979578603,-137.7320925535205,-43.989634726596705
951,43488.0,43552.72486841795,43464.313443136256,43453.07331694071,43508.01555807599,-40.0,-14.717436357514089,-54.36687979158887,-78.26029758508957,-33.84575240362756
952,43280.0,43538.89644813653,43291.51377902593,43357.34967782597,43475.17058357616,-144.0,-12.569743314768857,-115.23076898067666,-57.04880020175551,-23.086445321023348
953,43200.0,43527.58538178841,43233.8519051749,43338.9757165372,43461.84266743394,128.0,-9.806450989170116,111.59765202347626,51.113896979830315,-0.23578277051637997
954,43536.0,43519.28354615819,43514.709083072885,43459.57747178563,43474.69901803513,200.0,-6.696695174003253,174.40259326242813,82.39049114125373,9.791301502940769
955,43600.0,43514.191991440406,43582.65709169976,43503.75669881971,43481.425270439824,-24.0,-3.5275147548672976,-18.766532874324184,-3.942423556076392,0.7975159266861738
956,43488.0,43512.22851664846,43477.17601732424,43451.69262467348,43476.2940498885,-184.0,-0.5479476809814514,-159.60098775435108,-70.21776180948291,-5.716518056899076
957,43232.0,43513.09609607844,43263.45511619106,43363.32117520074,43469.992234326026,-64.0,2.0539821939892136,-56.44532017790698,-22.710861872372334,5.5977961538264935
958,43360.0,43516.33648103644,43364.28537696842,43406.270900928736,43487.48964219615,144.0,4.163580443826504,122.25714561948917,66.08517619236227,23.871889979935077
959,43520.0,43521.423256966096,43507.969407430035,43495.491527585466,43517.736014285896,72.0,5.750388123346056,83.5310676118097,76.96639044945914,30.133172804034984
960,43504.0,43527.83725728313,43531.34751219204,43560.203681827654,43547.75598780422,184.0,6.849306813302974,160.1156657222382,92.81399515602243,32.20777290854312
961,43888.0,43535.1218705927,43828.20073887451,43681.11951789751,43582.15156010298,-8.0,7.5394577490587835,-2.143078944984154,17.47559501860451,19.10315030390484
962,43488.0,43542.916172781246,43527.06135430207,43595.15487186486,43585.96228841203,-136.0,7.933679619010945,-105.83261306206259,-32.38721010021254,8.708842729651224
963,43616.0,43550.989229830724,43616.535512750386,43616.345097697085,43599.569245562285,128.0,8.156783845428436,92.1517222002658,21.362774680765142,12.785419428368186
964,43744.0,43559.2297404721,43711.364798702605,43637.88042122639,43611.53312726877,-80.0,8.318822278266452,-68.3467205347697,-31.52446585749567,5.3405380699223315
965,43456.0,43567.62687438726,43479.84207168085,43553.296165982094,43610.25032170213,-144.0,8.523777516307746,-112.3123686175386,-35.936172253248515,6.429710518466891
966,43456.0,43576.27729550472,43486.74006146753,43566.008076719896,43624.3925483057,200.0,8.853238758561929,160.59829712433566,67.71594909774285,22.561854018858867
967,43856.0,43585.33335190438,43801.03866592952,43688.72806417758,43655.37402973985,40.0,9.351780315806536,39.49193410960288,39.084019546477066,20.95018292113309
968,43536.0,43594.98085613633,43565.723929686734,43644.17611581285,43666.29291414797,-128.0,10.033710192565195,-86.69508780913384,9.536109541699261,17.433530115522444
969,43600.0,43605.40077228951,43627.64849031125,43707.80028326098,43690.24108997089,336.0,10.869015869557188,287.29708869589376,117.52430907861344,28.460230321466952
970,44208.0,43616.718887875446,44140.31810707852,43879.22473397008,43723.2133747909,-32.0,11.769850534416037,-17.56839391777976,7.036817694141064,8.732953559556336
971,43536.0,43628.94047335834,43592.51170247569,43721.87391864926,43707.706997090005,-176.0,12.593016465445544,-160.54942266181752,-64.41385599618661,-6.921027846397919
972,43856.0,43641.90492080634,43819.219261754886,43750.397021977704,43709.37131909811,72.0,13.150330341806693,42.80386805361195,-24.27838568270454,-5.667112036990147
973,43680.0,43655.24113404196,43678.119438582915,43673.31714728385,43696.372773016024,-176.0,13.223941225995077,-150.50263025739332,-80.421301051927,-12.179907431283937
974,43504.0,43668.35280325833,43518.2140012401,43589.55441987385,43685.01150423554,-96.0,12.60842399088142,-88.83543114232089,-40.98551747307647,-2.3106935687101213
975,43488.0,43680.45798202372,43500.44857629827,43591.3461123377,43691.751385878604,40.0,11.153464083658037,44.477456549557246,53.46474863269759,16.927450936997047
976,43584.0,43690.65973142564,43607.168914339214,43696.483917139245,43718.86640610953,320.0,8.809974287170917,290.6267796326174,161.3797633711656,33.85834053640792
977,44128.0,43698.07793059806,44081.70213556351,43914.10563908003,43759.46806695142,176.0,5.666928461047064,174.9820291462529,110.67454148079923,22.175064189454133
978,43936.0,43701.99358834774,43957.13297263172,43917.83300010084,43763.21653448844,-24.0,1.9606780863323365,-18.904299773177627,-5.356138928764267,-4.890705738554971
979,44080.0,43701.999286770726,44043.89353601715,43903.3933612225,43749.68665547431,-80.0,-1.9518825658597052,-93.77175652878941,-102.74295826709204,-30.045546240417025
980,43776.0,43698.08982321602,43769.58945957414,43712.34708356666,43703.12544200761,-480.0,-5.648391241418722,-433.6929608253631,-222.8727358725082,-50.2049413663226
981,43120.0,43690.70250428789,43176.50761436643,43457.647889477485,43649.276772741665,-192.0,-8.710589157257346,-183.2075911225329,-85.87524935043257,-27.384830628860072
982,43392.0,43680.6686449015,43403.174277329075,43540.596584865794,43648.35578074989,480.0,-10.8055275847546,417.90525200820775,157.24698782120686,11.896797045719723
983,44080.0,43669.09144911838,44012.31811838284,43772.1418651199,43673.070366833104,112.0,-11.734069878297305,130.18886060327713,77.61621281405314,4.368104424869671
984,43616.0,43657.20050514491,43663.55199853563,43695.8290104939,43657.09198959963,-120.0,-11.460604909188987,-105.82775720458085,-36.39834937904743,-13.923777753494505
985,43840.0,43646.1702393,43800.66260397368,43699.3451663618,43645.222811326115,-40.0,-10.117664403944218,-59.57637469354813,-66.8112609511918,-21.608037707206677
986,43536.0,43636.96517633702,43544.39924914853,43562.20648859152,43613.87591418521,-240.0,-7.955060522093845,-214.26710908249152,-124.0354334745316,-27.4531014316417
987,43360.0,43630.260118255814,43372.1283858087,43451.27429941274,43590.31660846283,-120.0,-5.280558300524717,-111.62893429632459,-65.29503947241028,-12.043475299240527
988,43296.0,43626.40405973597,43321.141380555884,43431.6164096467,43589.78896358673,80.0,-2.4075639543698344,74.71989752660738,48.150315057308035,14.16180330323914
989,43520.0,43625.444990347074,43521.56818086191,43547.574929527356,43618.64021506931,232.0,0.40029034719918855,208.26770461560227,129.74598464433802,33.78326223604017
990,43760.0,43627.20464043037,43737.67678978709,43691.10837893537,43657.35548805881,88.0,2.95785308106133,104.4925578606344,109.08763887570603,33.583047392443405
991,43696.0,43631.3606965092,43730.55329658318,43765.75020727877,43685.8063098542,272.0,5.154827103444404,249.32065767108725,109.51693198277644,27.941137288096797
992,44304.0,43637.51429463726,44236.31810512926,43910.142242900925,43713.237762635006,-72.0,6.940958077830146,-87.02284112987763,-52.53684292738035,-2.106659087443404
993,43552.0,43645.24261266486,43556.507614323426,43660.67652142401,43681.59299167931,-552.0,8.295728336022876,-486.5719118255256,-195.1274607649102,-25.165121371726855
994,43200.0,43654.105751309304,43263.17428147821,43519.887321371105,43662.90751989155,200.0,9.194235884799127,165.86482976580373,19.154460632646078,4.4599042068184644
995,43952.0,43663.631084434455,43888.23727385503,43698.9854426893,43690.51280009295,184.0,9.604298956717685,162.9226064320137,52.590842662848445,14.530920206041628
996,43568.0,43673.31434922274,43589.01949434224,43625.0690066968,43691.969360303636,-240.0,9.489187245104404,-194.12030780159694,-45.381932644097105,7.655028225868591
997,43472.0,43682.609458924664,43499.99665825184,43608.221577401106,43705.822856544684,56.0,8.82187502846864,50.96045516878439,51.2633594048566,25.544639068284596
998,43680.0,43690.95809927968,43690.94040467981,43727.595725506515,43743.058638440205,280.0,7.627720995831623,245.64576982702783,143.17201085867055,40.388713817530515
999,44032.0,43697.86490091633,43991.288197905895,43894.56559911845,43786.600284179745,80.0,5.997637241896882,96.78878275554234,98.2526731711514,31.271659948524757
1000,43840.0,43702.95337376347,43884.51797019089,43924.10107184882,43805.601958337254,208.0,4.084423119096755,194.51495340038673,71.58600865478365,17.281772074373293
1001,44448.0,43706.03374715452,44380.31810470667,44037.737616428014,43821.16382832849,-176.0,2.092287093797495,-177.19487989113622,-91.4946472067968,-15.779938592335384
1002,43488.0,43707.137947951065,43530.12821040862,43741.111777435224,43774.042081152584,-424.0,0.23904275221502758,-383.65863447560696,-170.0699502751777,-32.81964311828051
1003,43600.0,43706.51183265895,43613.000835755454,43697.59771587766,43755.52454209193,192.0,-1.2946968034520978,147.87680412410555,5.284796381260094,-10.74131195605878
1004,43872.0,43704.54855434416,43825.88181865683,43751.681370197744,43752.559457240466,-32.0,-2.4012547547863505,-17.709923814461945,-6.075660581038392,-8.937111989438563
1005,43536.0,43701.70932314938,43577.58098812653,43685.44639471558,43737.650318113054,-72.0,-3.0615425986288756,-40.395889897630695,8.488221875624731,-4.8266232217647485
1006,43728.0,43698.4254691469,43745.09003886157,43768.657813948994,43742.90621079694,344.0,-3.3446472339855973,289.36856123731195,103.54032620791259,6.0012032237355015
1007,44224.0,43695.02002868141,44156.318110601154,43892.52704713141,43749.652724560525,-72.0,-3.374132899065444,-72.10864760686673,-41.86724325188334,-16.9708500083907
1008,43584.0,43691.67720334877,43600.87274364784,43684.92332744523,43708.964510780155,-416.0,-3.2819900484428217,-362.5636925562976,-157.14205596356624,-34.43998824135997
1009,43392.0,43688.45604858452,43431.19072548856,43578.242935204275,43680.772748077805,40.0,-3.1652167195679795,26.27160928351077,-13.558924638811732,-13.753125298459054
1010,43664.0,43685.346769909636,43653.41596221486,43657.805478167604,43681.45826018324,192.0,-3.0610592625889694,169.3050478005789,76.4652820471274,1.5584251145919552
1011,43776.0,43682.33393005934,43769.80082108972,43731.17349929853,43683.88959830699,80.0,-2.939111335479538,85.38896432343245,50.95477078019394,-2.1741819608978403
1012,43824.0,43679.46854723868,43824.19389086172,43759.71501972799,43677.10989626144,72.0,-2.7251676357118413,55.36252408063592,-3.600969706541946,-14.124207232474873
1013,43920.0,43676.88359478792,43880.52586925099,43723.971559885445,43655.64118384204,-304.0,-2.3467565432874835,-270.2560281730184,-133.75767989982342,-34.686653227301576
1014,43216.0,43674.7750341521,43283.681834515686,43492.199659928345,43607.73658980684,-104.0,-1.7740421001799405,-118.10384408344544,-93.6720699929283,-28.31776454485953
1015,43712.0,43673.33551058756,43644.3181810841,43536.62741989959,43599.00565475232,-24.0,-1.0589066090687993,-26.04880667405814,-43.25853007895785,-14.380652316900523
1016,43168.0,43672.657220933965,43231.58422116757,43405.68259977043,43578.97528517304,-80.0,-0.337227125895879,-57.650460671913606,-12.10352024394524,0.5183946793658833
1017,43552.0,43672.66105633577,43529.01725974027,43512.4203794117,43600.04244411105,224.0,0.19278761039095116,182.51933727404685,86.94796934712213,23.469281143570697
1018,43616.0,43673.04279615475,43596.62289571566,43579.57853846467,43625.91384746018,-64.0,0.32432480246643536,-29.279885446270782,48.94742828530798,26.367095722132945
1019,43424.0,43673.3097059407,43470.45748884773,43610.315235982314,43652.77663555532,208.0,-0.09166984732291894,193.5661564918446,123.89431550879453,38.301619872905576
1020,44032.0,43672.8594564601,43983.75520869935,43827.36716948226,43702.51708720599,192.0,-1.0932925138586143,184.62964422728328,114.7355182410829,33.266306010969856
1021,43808.0,43671.123120912984,43839.716777302296,43839.78627246448,43719.30924757726,16.0,-2.5770936546141456,14.545455114439392,28.312239214461442,12.357622750132577
1022,44064.0,43667.70526915087,44012.84611892823,43883.991647911185,43727.232332706255,-104.0,-4.309132239228347,-94.21396180819647,-45.79880059770221,-8.915298235689988
1023,43600.0,43662.50485643453,43651.2888536859,43748.188671269076,43701.47865110588,-104.0,-5.966677747783251,-93.53909873753582,-61.708641007571714,-20.679749045084463
1024,43856.0,43655.771913655306,43825.76792145316,43760.57436589604,43685.872834616086,48.0,-7.2137065913993865,23.318675033067848,-35.32712242501293,-24.112174758989568
1025,43696.0,43648.07744325173,43697.92620375204,43677.53442641905,43653.2543015879,-128.0,-7.774568759436079,-118.21069894093307,-92.27272626746708,-34.75581794878963
1026,43600.0,43640.222776136434,43589.346523571294,43576.02891336111,43616.36119871851,-176.0,-7.4855424907837005,-161.84706232426106,-113.4910563773883,-36.075042933469376
1027,43344.0,43633.10635827016,43374.232079103516,43450.55231366427,43581.10421572096,-48.0,-6.326371634226234,-63.95404895021056,-72.20044286469783,-23.40177221149861
1028,43504.0,43627.57003286798,43461.43842567087,43431.62802763171,43569.55765429551,-160.0,-4.424725515564205,-141.27509797107996,-55.11027221670156,-8.268678710672248
1029,43024.0,43624.25690723903,43091.68188316136,43340.33176923087,43564.566858299615,80.0,-1.994120567534992,92.99037719435728,66.86962621458952,22.03754691908398
1030,43664.0,43623.58179173291,43647.41918005959,43565.36728006089,43613.63274813368,416.0,0.712099668362498,364.16926619190417,175.71915086046283,46.54752724074933
1031,43856.0,43625.68110657576,43820.020415545165,43691.770070951796,43657.661912781114,-24.0,3.432534417228453,-7.2966867885807005,44.28782636680626,34.11226028648889
1032,43616.0,43630.44686056737,43632.825806482426,43653.9429327945,43681.857268706655,-112.0,5.950856331299292,-103.06557665062428,-18.855671760040423,27.48821936087552
1033,43632.0,43637.582819238356,43613.889262243916,43654.058727431715,43712.638351502865,-128.0,8.107299092807807,-109.49023301892157,11.145158353065199,34.813000371352246
1034,43360.0,43646.661458752984,43413.84534044458,43676.233249500634,43751.48326944936,400.0,9.790712571983022,396.8015614123833,238.43341935628996,58.41908141896056
1035,44432.0,43657.16424438232,44407.49238506868,44130.925566144295,43829.476514340786,592.0,10.912611966057739,543.4901889786997,246.01282717875438,47.867070608470385
1036,44544.0,43668.4866826851,44500.82571840198,44168.25890385814,43847.2174106663,-512.0,11.381268905570323,-475.69150105167137,-207.98843951331946,-17.098233141176024
1037,43408.0,43679.92678219346,43456.10938296534,43714.948687117656,43795.280048058434,-472.0,11.08469589026572,-451.0159942150931,-242.38464402542013,-32.5733602049404
1038,43600.0,43690.65607446563,43598.793729971796,43683.4896158073,43782.07069025642,168.0,9.88164115640393,136.65299686544677,10.285736593294132,-4.105823289195541
1039,43744.0,43699.69006450627,43729.41537669623,43735.520160304244,43787.06840148004,40.0,7.60927117709798,57.69853020561277,47.79062464906747,7.151131297625398
1040,43680.0,43705.87461681983,43714.19079038302,43779.07086510544,43796.37295285167,176.0,4.125332721803716,155.72936560191738,93.08613735391191,15.123199014207785
1041,44096.0,43707.94072994988,44040.87410790007,43921.69243501207,43817.31479950846,40.0,-0.6389853681030218,51.053857017377595,55.46778741266098,7.007586632214952
1042,43760.0,43704.59664608362,43816.29850441778,43890.00643993076,43810.3881261161,104.0,-6.62921307547731,97.72200115542728,33.31722488407104,-4.407267086553475
1043,44304.0,43694.68230379892,44236.31811021092,43988.32688478021,43808.50026533535,-72.0,-13.608768457746919,-86.70188480232173,-59.51611276044423,-26.66284751398416
1044,43616.0,43677.37910916813,43642.89473481313,43770.97421440987,43757.06243108813,-384.0,-21.127717332907196,-331.4427422308654,-139.86556316540373,-44.38471269281217
1045,43536.0,43652.42686913311,43573.43262574919,43708.5957584494,43719.73083994973,144.0,-28.53772028977619,117.70101968200106,23.919423264236684,-28.145049140919582
1046,43904.0,43620.303668588575,43878.296774177135,43818.813060938344,43700.77233280629,192.0,-35.047716283348564,176.34801931362745,67.62383295811378,-29.11989050311604
1047,43920.0,43582.33143656641,43926.12866437645,43843.84342436563,43661.491058943495,88.0,-39.815730744754546,78.4752120815574,-13.047924389902619,-52.20672091562665
1048,44080.0,43540.672207099065,44035.24719834025,43792.71721215854,43596.35889097504,-368.0,-42.075938495581795,-353.65346171410783,-227.1752226080389,-89.31422341970392
1049,43184.0,43498.17955957525,43218.82174094823,43389.49297914955,43482.86261210409,-416.0,-41.27134305157233,-403.30876527167857,-268.07012695398953,-98.55314826574613
1050,43248.0,43458.12952099592,43228.62966779689,43256.57695825056,43399.25259444355,-80.0,-37.16019906641668,-87.04373416688031,-128.6275417737088,-76.04738793836077
1051,43024.0,43423.859161442415,43044.73427261447,43132.237895602135,43330.767836227365,-96.0,-29.876353248488158,-80.22403211008714,-70.2201148473614,-53.146366404816945
1052,43056.0,43398.376814498944,43068.18160357672,43116.13672855584,43292.95986163391,104.0,-19.932287273837574,84.35534884586014,13.967197231620958,-25.95998151175445
1053,43232.0,43383.99458689474,43213.44497030619,43160.17229006538,43278.84787320386,64.0,-8.169426508837205,52.488218260412395,8.12170654223155,-11.769594769863033
1054,43184.0,43382.03796148127,43173.15804009754,43132.3801416403,43269.42067209419,-96.0,4.3488960936592775,-94.4967297209223,-53.602077604929946,-5.156167504963378
1055,43040.0,43392.69237908206,43024.451510864346,43052.96813485552,43268.53553819393,-264.0,16.475217165239883,-226.44897491146912,-72.92793935702866,10.541643009441032
1056,42656.0,43414.98839581175,42720.260090274605,42986.52426292624,43290.50395811307,120.0,27.117364391429874,125.70668069374369,98.81825953385123,53.693617824792454
1057,43280.0,43446.92710786492,43275.864872251834,43250.60465392322,43375.922773843515,480.0,35.367695529064804,426.33149332593166,249.38271795858236,90.21495442262312
1058,43616.0,43485.72378686988,43572.92307692647,43485.28969884341,43470.933866958316,56.0,40.61040633572702,81.67358930698538,169.32989434189585,87.75778646271283
1059,43392.0,43528.14792053637,43439.212050865804,43589.26444260701,43551.43834676894,304.0,42.58354960069482,296.74056054719404,202.60696506710883,88.476397149072
1060,44224.0,43570.89088607127,44166.40419802086,43890.503628977625,43647.88666125646,272.0,41.39984638451642,244.8218049804782,134.491000859427,67.64264755034674
1061,43936.0,43610.947613305405,43928.85566082676,43858.246444325865,43686.723641869634,-328.0,37.5265889108523,-273.2702330602988,-71.13396248883146,26.373162706651783
1062,43568.0,43645.944063892974,43619.86373190026,43748.23570399996,43700.63298666976,-48.0,31.710860500414128,-49.67326942519139,-19.89288832591774,20.54099413361837
1063,43840.0,43674.36933430623,43829.50912197638,43818.46066767403,43727.80563013687,184.0,24.873927519409335,157.19099995802026,59.45529751107824,21.56292497395043
1064,43936.0,43695.69191893179,43934.2457318163,43867.14629902212,43743.758836617664,112.0,17.98402237278424,95.96526892143083,14.258780859148828,6.341148311676079
1065,44064.0,43710.3373790518,44021.43965981924,43846.97822939233,43740.48792676022,-336.0,11.925973032786715,-301.2819188287722,-128.67895493362448,-19.446513519429573
1066,43264.0,43719.543864997366,43331.681894158755,43609.78838915487,43704.865809578805,-104.0,7.3868902581998555,-104.11558489791787,-64.29564566002591,-13.57882670248
1067,43856.0,43725.1111595682,43813.208490023404,43718.386938072275,43713.33027335526,232.0,4.7649945292578195,196.0104819408116,39.79201795354311,1.3309774442241178
1068,43728.0,43729.07385405588,43723.70285804038,43689.372425061956,43707.52776446725,-136.0,4.131314908052445,-110.99134178112581,-48.328300479341124,-6.826120664649352
1069,43584.0,43733.373789384306,43591.22580646115,43621.73033711359,43699.678032025964,-96.0,5.247060884888924,-96.34801927346416,-48.77691939156648,-2.0658308399906673
1070,43536.0,43739.56797582566,43531.00681949345,43591.81858627882,43703.39610278727,-104.0,7.602826390138944,-85.18488950046594,-2.0024576953546784,12.08787590067368
1071,43376.0,43748.579442164584,43420.85602746022,43617.725421722884,43723.85378382731,344.0,10.530999554750451,313.4265511721569,146.7695463054988,37.85037023140467
1072,44224.0,43760.62997493516,44157.859921837764,43885.35767888982,43779.09684325008,224.0,13.329760028871533,207.0062976620684,98.31109661184382,32.997901585269574
1073,43824.0,43775.23896222233,43834.86862278436,43814.34761494657,43789.84958699785,-320.0,15.3616647723793,-268.6481851316021,-75.83625646996006,9.045223097666167
1074,43584.0,43791.35330447992,43620.56355157456,43733.6851659499,43797.18728944541,-24.0,16.154649262800376,-31.487313337009255,-5.81986602172401,17.997066919833742
1075,43776.0,43807.54826074793,43771.89399611034,43802.70788290312,43825.84372083752,144.0,15.466754170640343,130.80042508746192,82.3766584047844,31.14861743397705
1076,43872.0,43822.2868128212,43882.164401749484,43898.43848275947,43859.48452431337,168.0,13.30521749777472,161.09241438655954,108.94984123607719,33.015029691519885
1077,44112.0,43834.15869574348,44094.07882488346,44020.60756537528,43891.87378022056,136.0,9.890568879061902,122.30854755127802,76.47286530345082,21.382944918219437
1078,44144.0,43842.06795057932,44126.78149685204,44051.38421336637,43902.25041414981,-72.0,5.581411545932497,-53.38984377122688,-15.531245325721102,-1.710845363264525
1079,43968.0,43845.32151883534,43987.299137341004,43989.545074723836,43888.45208949403,-32.0,0.800295574888878,-42.98667280600421,-51.06660128061412,-17.775720181074576
1080,44080.0,43843.6685417291,44040.80815124003,43949.25101080514,43866.69897378766,-168.0,-4.0530455516018264,-158.48772274401927,-105.6685585161249,-32.41816701698917
1081,43632.0,43837.21542773214,43670.323691852966,43778.207957691586,43823.61575546005,-184.0,-8.690940154207055,-162.82850727899495,-97.93907426776423,-33.50243055460305
1082,43712.0,43826.28666142069,43715.15113668204,43753.372862269614,43799.69411267845,88.0,-12.948216475982917,60.583128239264624,-4.148664287164138,-19.536937147680874
1083,43808.0,43811.31899478017,43791.489948331495,43769.91062911726,43784.54188116469,-16.0,-16.766915308489843,-6.211446693072503,-2.5069185937245493,-16.32513745552569
1084,43680.0,43792.75283080371,43702.7282432959,43748.359025082165,43767.0438377674,24.0,-20.161069847377803,24.879511443887168,12.627908505986852,-13.145851508917985
1085,43856.0,43770.99685508542,43841.24897121927,43795.16644612923,43758.25017814685,88.0,-23.146116016901942,64.76558401971852,16.390644111681468,-13.68115071320426
1086,43856.0,43746.4605987699,43832.25941133533,43781.14031330553,43739.68153634099,-160.0,-25.673235733393085,-127.69250320725041,-51.45597617093881,-24.38456498881351
1087,43536.0,43719.65038361863,43585.86396480477,43692.25449378735,43709.481048169226,8.0,-27.59202145450763,2.924377493262,-10.758572624494263,-21.52643576330229
1088,43872.0,43691.27655586089,43838.10816632186,43759.62316805654,43696.62866481439,112.0,-28.64161835055711,82.78503312639441,11.180258297452383,-21.620950114120205
1089,43760.0,43662.36714691752,43751.43403105756,43714.61501038226,43666.239147940985,-160.0,-28.48811909858341,-129.5039799765109,-67.70065248314859,-35.07755947635451
1090,43552.0,43634.30031766372,43579.100206368836,43624.22186309024,43626.47354586168,-24.0,-26.79058578065451,-36.83279284454693,-54.28221574689451,-36.04192478622281
1091,43712.0,43608.78597535621,43677.76844536846,43606.05057888847,43594.15529836854,-72.0,-23.271643420612236,-72.48953415807046,-71.14599475754221,-38.21048257471193
1092,43408.0,43587.7570308225,43434.121138052695,43481.92987357516,43550.052580712254,-120.0,-17.804580928812356,-113.04161705230945,-87.15576852573213,-37.000088620672614
1093,43472.0,43573.17681349858,43451.685211263844,43431.739041837005,43520.155121127194,-80.0,-10.475756044535956,-84.00987046963928,-70.3213108196469,-27.489703528699465
1094,43248.0,43566.805518733425,43266.101397113416,43341.287251935864,43495.073173654855,-120.0,-1.6034596330864588,-95.07682858334738,-43.80816393320856,-12.728288789596263
1095,43232.0,43569.96989423241,43261.53155409715,43344.12271397059,43494.698543548,176.0,8.270661090591602,143.0879274694962,58.896819020017574,12.760297070544766
1096,43600.0,43583.34684091461,43552.27725205241,43459.0808899759,43520.593767795945,48.0,18.42555204193559,52.13195821728368,44.498620993257646,21.924912637739908
1097,43328.0,43606.82099831628,43365.79547053172,43433.1199559571,43538.54836882348,0.0,28.054860782634933,2.495571137897059,26.599043959751725,28.48201946871268
1098,43600.0,43639.45656247988,43557.2683943282,43512.2789778954,43577.55780673337,-32.0,36.366901162171416,-22.185104562478955,35.298510886004806,37.88732824655381
1099,43264.0,43679.554800640624,43321.42526140676,43503.71697772911,43614.32302531659,272.0,42.68321701796958,259.52485472783155,111.29648869826633,54.28136984904995
1100,44144.0,43724.82299651582,44076.318103783866,43734.871955291936,43686.12054643147,-88.0,46.528937237439095,-82.87168258102975,26.590955208790547,48.903548436454
1101,43088.0,43772.6126751155,43155.6818962447,43556.898888146694,43712.1301221895,-72.0,47.68732081867711,-51.44882918059375,56.47637692810167,57.21608186750382
1102,44000.0,43820.19763815317,43973.42044542268,43847.82470914814,43800.55271016648,480.0,46.21212058949823,445.1762424182889,214.8381755755181,78.45022348530256
1103,44048.0,43865.0369162945,44046.03438108128,43986.57523929773,43869.0305691601,40.0,42.40026010682777,62.78584106499329,108.03814979845265,59.52938745162828
1104,44080.0,43904.99815836683,44098.992127552665,44063.901008745044,43919.611485069734,176.0,36.740616076316655,147.91838423471927,69.27627381983257,42.56149016311974
1105,44400.0,43938.51814844713,44341.871149550716,44125.127786937395,43954.15354948634,-224.0,29.81871133770619,-203.89607415115825,-76.20932833894767,12.249741890926089
1106,43632.0,43964.63558104224,43691.19997925035,43911.48235206715,43944.110968851586,-224.0,22.229990668907703,-198.54043014583658,-73.90425883667194,5.562967807822133
1107,43952.0,43982.97812978495,43944.79028925904,43977.31926926405,43965.279485101986,256.0,14.527723023460567,217.54175630391182,78.4965518289282,21.832490505497844
1108,44144.0,43993.69102708916,44126.28349185817,44068.475455725005,43987.77594986258,96.0,7.163142034092743,92.91066189000048,53.393914323460194,14.685262253729888
1109,44144.0,43997.30441385313,44130.611613039044,44084.10709791097,43994.650009609446,-88.0,0.4649294248665683,-62.6138136239133,-14.31480885855126,-0.5934397726705356
1110,43968.0,43994.62088593889,44001.055864610345,44039.8458380079,43986.58907031724,56.0,-5.350363388759433,35.723574623039895,-8.338340899117611,-7.131485776339105
1111,44256.0,43986.603687075614,44202.05876228512,44067.43041611274,43980.38703805677,-128.0,-10.159696135637205,-118.80261575653276,-66.70021383879794,-19.982680357636127
1112,43712.0,43974.30149366762,43763.45063309728,43906.44541033031,43946.62370960197,-152.0,-13.912821733658348,-131.25563884454095,-63.762300617276196,-22.032142974698218
1113,43952.0,43958.7780436083,43939.54748459604,43939.905814878184,43936.32275210737,136.0,-16.603918382279517,113.8342744789843,27.413311986972985,-11.084819889230857
1114,43984.0,43941.09365690306,43991.11918205525,43961.27203430425,43924.45406982351,104.0,-18.24576010889723,87.16760773546775,10.002236578195152,-14.845978792691312
1115,44160.0,43922.2865233905,44113.88270006698,43959.910288034574,43906.63079452199,-216.0,-18.86369916347394,-199.9724503106445,-101.4066022523948,-30.491735575415078
1116,43552.0,43903.36625857611,43591.17428143396,43758.45882979946,43863.47059867268,-272.0,-18.488568101041892,-234.6875428059575,-98.22204333537593,-27.586665915681806
1117,43616.0,43885.30938718842,43644.50761445506,43763.46620136382,43851.457462690625,280.0,-17.161277298142522,232.34800756460754,78.74047224626702,-0.24026284751744242
1118,44112.0,43869.04370397983,44055.870296563175,43915.939774292,43862.99007297764,88.0,-14.947106521241949,94.23756265582051,54.44346007417698,-0.9178860641004576
1119,43792.0,43855.415174145935,43832.9827397667,43872.35312151218,43849.621690562424,-24.0,-11.940158653771505,-17.97385796294111,-3.4100920237397077,-10.487297887098975
1120,44064.0,43845.163386672284,44019.92258063729,43909.11959024452,43842.015477203444,-16.0,-8.289458784220187,-33.447255942948686,-40.67373614539247,-18.70543949880812
1121,43760.0,43838.836256577495,43766.088227880806,43791.00564922139,43812.21081156481,-272.0,-4.204634904544946,-223.39321335243585,-102.61111641243406,-27.19412506039589
1122,43520.0,43836.754116863194,43573.13615393242,43703.89735741965,43787.62722708265,104.0,0.05358207309473073,79.3687460607689,4.840386908083019,-11.202223128020705
1123,43968.0,43838.943420723685,43924.82572000234,43800.68642303756,43789.80636530877,168.0,4.165388979348791,129.1781157345613,13.13227713669039,-6.7305435084490455
1124,43856.0,43845.08489482189,43831.49238540154,43730.16191169303,43774.166140065754,-368.0,7.779911024434114,-317.49238596957366,-133.44355549801185,-19.73191823972593
1125,43232.0,43854.50324277255,43289.840948063196,43533.799312041534,43750.342528829315,-168.0,10.561669309914578,-150.82571864585043,-45.46294363072593,2.0935152050260513
1126,43520.0,43866.20823344172,43529.84094810984,43639.23602443158,43778.353170475806,392.0,12.219491218958865,348.04292364334106,165.05472460583042,40.92830017028609
1127,44016.0,43878.94222521047,43985.92679534988,43863.908761253195,43832.19912916989,264.0,12.553927995453705,246.88164094195236,148.62711744821354,44.65591515256892
1128,44048.0,43891.31608943263,44023.60422999375,43936.490259328006,43867.665000780944,-120.0,11.501742607957567,-84.30141538737371,16.826627738810203,26.44912165010828
1129,43776.0,43901.945710426386,43817.32396457513,43897.562016730815,43885.0973724701,0.0,9.142673743801424,0.3395574570495228,21.852765768220706,22.88724031266247
1130,44048.0,43909.60143692023,44024.283344907846,43980.19579086445,43913.43948140627,104.0,5.706256993213174,88.37610487194615,48.731669565855555,21.614083006479632
1131,43984.0,43913.35822441281,43994.07617431902,43995.025355862526,43928.32553848306,16.0,1.5459045845709625,20.173701006304327,20.34224292934232,12.102334000948758
1132,44080.0,43912.69324608937,44064.630746920455,44020.88027672313,43937.64414940817,-8.0,-2.906670792875957,-6.291692796305142,-3.7049407778285968,2.2008183955076674
1133,43968.0,43907.54488282706,43981.49278872641,43987.61547430687,43932.72717527408,-8.0,-7.180196040419105,-15.674014561955119,-23.45706526282447,-6.680615370383748
1134,44064.0,43898.332854008535,44033.282717796545,43973.96614619748,43924.2829186674,-112.0,-10.815107948423247,-101.79648194714173,-58.666255010648456,-15.430110673307354
1135,43744.0,43885.91466693021,43777.89982483213,43870.28296428557,43901.86695392746,-112.0,-13.41434147797554,-85.88376880378564,-40.541699769120896,-14.522617043563514
1136,43840.0,43871.504171052584,43861.51518018897,43892.88274665924,43895.23768458027,240.0,-14.68156284361612,191.19125630170674,49.041155703289405,-3.8673851181774808
1137,44224.0,43856.55154124298,44160.28233743554,43968.36527569215,43894.13218369111,-200.0,-14.451817190500151,-176.91664392192615,-52.334833121014526,-17.598891704608832
1138,43440.0,43842.60053667158,43507.68189234512,43788.21308041721,43860.039901171054,24.0,-12.714565131544077,22.01788667132132,-6.0456550663329836,-13.09028746149852
1139,44272.0,43831.12241097989,44204.318110778186,43956.273965559485,43867.95160876811,160.0,-9.625267401010206,138.75399340640797,10.197867922011937,-12.290711964538787
1140,43760.0,43823.35000186956,43785.18987915794,43808.608816261236,43835.45847724198,-280.0,-5.494697264497518,-252.81943860292813,-123.3607411676312,-28.720207664038753
1141,43712.0,43820.1330164509,43698.67923357233,43709.55248322422,43810.511193440034,-152.0,-0.759344763293484,-153.11447772393876,-100.28009142489827,-20.021724129939685
1142,43456.0,43821.831312342976,43478.96092371006,43608.04863341144,43795.4150289821,-128.0,4.064217360999464,-104.91369131196916,-25.479533107063617,1.8745869911690534
1143,43456.0,43828.2614511729,43488.85185094839,43658.593417010095,43814.26036742237,368.0,8.448261468663986,322.6785975948733,151.84149210370742,36.75835681139142
1144,44192.0,43838.727835280304,44124.318118899806,43911.731617618854,43868.93174260488,88.0,11.933594624468242,105.41501506507848,113.00400941818589,38.51796231275512
1145,43632.0,43852.12864042183,43699.68188107855,43884.60143584647,43891.29629204788,168.0,14.196453573305917,167.99999622265022,99.1705361508466,35.32936404539214
1146,44528.0,43867.120742426916,44460.31811134511,44110.07268992055,43939.590470695664,-8.0,15.110592348144564,-7.999996503676812,16.507599034357554,18.873702182565467
1147,43616.0,43882.34982511812,43683.681888071194,43917.61663391518,43929.04369641301,-208.0,14.757970405691594,-187.87543820838255,-41.647739047781215,5.105410538002616
1148,44112.0,43896.6366832383,44084.56723492834,44026.777211824985,43949.80129177167,280.0,13.40384876162716,232.48356340470855,66.54918382230244,12.647659947237116
1149,44176.0,43909.15752264138,44148.64901488061,44050.71500155979,43954.33901630749,-88.0,11.445967041305266,-72.67314564468688,-38.70470948530783,-6.545324648806854
1150,43936.0,43919.52861732091,43939.22094363897,43949.36779285437,43936.710642474056,-224.0,9.324720395616168,-193.3233530467951,-94.6633122782332,-17.592841709731147
1151,43728.0,43927.80696343261,43762.00230878702,43861.38837700332,43919.153332888025,0.0,7.446222266877157,-7.207090916854213,-21.285227349384513,-7.999642941624188
1152,43936.0,43934.421061854664,43924.80676180526,43906.7973381556,43920.71135659081,136.0,6.106662918737129,106.83826204451907,30.80763023007603,0.7935915323178051
1153,44000.0,43940.02028927008,43975.67883287606,43923.00363746347,43920.74051595266,-96.0,5.449178455142828,-70.73376454887693,-22.2918819603874,-3.9338148405149695
1154,43744.0,43945.31941876495,43783.339232707505,43862.213574234826,43912.84372690978,8.0,5.4572749134895275,4.3565633689686365,-1.6832761112345906,0.5453973026087624
1155,44016.0,43950.93483909706,43984.391959614,43919.637085241004,43921.83131055788,64.0,5.973750701865356,43.01252497646419,9.24205362667999,4.279149175996281
1156,43872.0,43957.26692016868,43869.364282660434,43880.697681488185,43921.40202526177,-168.0,6.752969433135149,-128.20626365139833,-34.59056300872544,2.0408159669786983
1157,43680.0,43964.44077796333,43727.9794323112,43850.45595922355,43925.912942491836,152.0,7.500743803364458,123.03154339011962,54.98625734714369,16.806564354654256
1158,44176.0,43972.26840777541,44115.42736944067,43990.67019618247,43955.01515397108,56.0,7.926244331007183,60.065552149502764,47.549335050156515,18.05296917779924
1159,43792.0,43980.29326662535,43848.110536610206,43945.554629323866,43962.018880847434,0.0,7.798366588376666,13.235850220549764,31.661747803325852,15.504670918726333
1160,44176.0,43987.86514095216,44141.89906988177,44053.993691789125,43986.02449580853,160.0,6.9570110987151565,123.28388268044,47.43590835982104,14.50683975152424
1161,44112.0,43994.20728882278,44094.678301971086,44040.42644604351,43991.03256035048,-168.0,5.32107303781595,-133.82925805524064,-49.354022723866365,-1.040307440525794
1162,43840.0,43998.507287027795,43874.24055377129,43955.28564634139,43983.94388092748,-48.0,2.899918383645854,-49.23497934335319,-27.497976531420136,0.10851462337086559
1163,44016.0,44000.00712559007,43996.20834328438,43985.43049298067,43991.249589597224,24.0,-0.20462943105667364,23.009505935013294,14.860093129613233,6.068188149605703
1164,43888.0,43998.09802816568,43920.25956564132,43985.00583260062,43996.08025722669,96.0,-3.813583319722966,85.34905056350908,48.078255920259835,10.23468049080111
1165,44208.0,43992.37995895062,44166.9064444114,44081.58700482119,44011.71895057883,40.0,-7.672267999572796,41.179100827088405,33.374674631162634,5.824640881073719
1166,43968.0,43982.753492166536,44002.617767295495,44051.75518186294,44007.72953898884,0.0,-11.463173984182504,8.800159361588157,12.045767973228067,-2.0029346405426622
1167,44208.0,43969.45361098226,44184.506763134574,44105.67854076764,44007.71308129774,96.0,-14.830427837525349,64.42281151195493,2.762629288521566,-10.0308036262104
1168,44160.0,43953.092636491485,44131.463390319404,44057.28044043999,43987.66793173642,-240.0,-17.431561019937362,-202.8571469378585,-99.75788010766337,-28.661752974501724
1169,43728.0,43934.590488942384,43778.79246925886,43906.16278055232,43950.38957534874,-104.0,-18.994397388843936,-91.57784904654181,-62.03626961150803,-26.15887762024431
1170,43952.0,43915.1038417138,43948.30769222632,43933.20790121697,43935.35017649593,200.0,-19.353731189261453,151.05368409907896,17.649071273135633,-15.871890028014604
1171,44128.0,43895.88302656386,44080.899837457015,43941.46092309859,43918.64579529271,-176.0,-18.483436747832457,-154.39508688650676,-85.01651656908507,-27.172091438584175
1172,43600.0,43878.13696821813,43639.51751845331,43763.1748680788,43881.00599361876,-208.0,-16.508565366057155,-192.3083073349262,-96.6986209803872,-23.589501993006706
1173,43712.0,43862.86589583175,43696.28322278716,43748.06368113781,43871.466791306695,-24.0,-13.661523138158373,-21.818181730348442,2.920653627916181,-1.5658627467346378
1174,43552.0,43850.813921941815,43595.88115499261,43769.01617533463,43877.87426812529,248.0,-10.241031229994405,240.93791450528443,129.46058186413939,22.7011902248596
1175,44208.0,43842.38383337176,44178.15905179773,44006.98484486609,43916.869171756414,352.0,-6.564970945575624,311.1389484569918,137.46109196450925,24.438362218945258
1176,44256.0,43837.683980050664,44218.159051906594,44043.93835926365,43926.75099256318,-240.0,-2.9071788020737586,-210.22744872489056,-69.07730597061891,-6.580629565072741
1177,43728.0,43836.56947576761,43757.70415434795,43868.830232924854,43903.70791262627,-288.0,0.5330673167445639,-250.91141745217828,-104.69300987636598,-14.25768430559765
1178,43680.0,43838.75011468415,43716.33621700224,43834.55233951092,43898.23562395199,168.0,3.6113840657053515,140.31314766545984,42.998276341524615,5.439492523313675
1179,44064.0,43843.79224389902,44038.33044967887,43954.826785607904,43914.586897672896,232.0,6.219376620985713,193.64648107098037,65.68783890093255,8.880618604554911
1180,44144.0,43851.188867926125,44103.6291791442,43965.928017312785,43915.9968611611,-208.0,8.27812234274461,-177.42045167883043,-77.9347596387197,-9.990193453744723
1181,43648.0,43860.34848858451,43683.48954632121,43798.957266330464,43894.60651076541,-224.0,9.695592190506432,-201.82682435181778,-91.49211781709528,-9.060024857419194
1182,43696.0,43870.58005230714,43699.97553044056,43782.943781678594,43897.87681144626,40.0,10.38007732018741,36.36363632216671,27.458406187430228,13.364141253161506
1183,43728.0,43881.108643224885,43756.21681896554,43853.874078705325,43921.33479327173,248.0,10.248587707537808,227.6520770440584,133.86733637939687,33.1247214890609
1184,44192.0,43891.07722772221,44155.27968452868,44050.67845443739,43964.12625442438,184.0,9.273168453411927,185.13459451516246,126.14360295075312,31.397773873868573
1185,44096.0,43899.65498013171,44126.48600799587,44106.16128460683,43984.13034101947,136.0,7.492757060092117,123.6363634465306,60.56347247285521,14.410603646058007
1186,44464.0,43906.0627418424,44402.55241142174,44171.8053993831,43992.947461716496,-176.0,5.0075362708485045,-169.54116149553374,-80.45318553218021,-14.735506217144575
1187,43744.0,43909.670052673406,43787.4036850048,43945.25491354247,43954.65932858518,-288.0,1.9838665765491896,-259.76067936281834,-125.92302906939585,-27.755166702059796
1188,43888.0,43910.030474995496,43883.031052696104,43919.95934124431,43937.43712831238,88.0,-1.368135559510847,70.78263117181268,-9.315901676014619,-14.750343857183907
1189,43920.0,43906.933781554384,43928.968947348425,43926.62311019044,43925.15864087081,112.0,-4.844646154626389,90.7826313944679,9.975324041359272,-12.020555398023134
1190,44112.0,43900.34118268624,44064.59631548504,43939.909989327025,43913.39601751633,-248.0,-8.25404585027718,-218.64352590455383,-72.75812619990393,-21.69282247866795
1191,43424.0,43890.42568985383,43491.68189553932,43781.10685779063,43881.772995913474,168.0,-11.407777078500658,157.86089443225865,19.750297358928947,-8.734371807178832
1192,44448.0,43877.52562852924,44380.31810434956,43979.41058404488,43895.92727390197,-104.0,-14.13566064216866,-104.00000056325734,-35.99098172331287,-13.44935831640396
1193,43216.0,43862.15436856949,43283.6818944128,43709.12489434401,43854.874279280666,-80.0,-16.254672453291278,-79.99999620211747,-23.723242528874835,-9.109280657274212
1194,44288.0,43845.01628362266,44220.31811194532,43931.96409898713,43877.708712587424,168.0,-17.56814007619687,167.9999910838451,44.82125413669928,2.3198689361306606
1195,43552.0,43827.0180884171,43619.68187658049,43798.767402617406,43859.51401715293,-152.0,-17.885379557159467,-125.74619072872156,-9.812995061027323,-2.8189945768499456
1196,43984.0,43809.24552450834,43968.82573048788,43912.33810886508,43872.070723433724,328.0,-17.05045251410047,267.9052550240558,77.73976068020784,6.960242452481907
1197,44208.0,43792.9171833889,44155.492386628604,43954.24692397782,43873.43450205789,-224.0,-14.989757654970163,-200.82572467933278,-84.96772289834189,-15.364496272937686
1198,43536.0,43779.2660091984,43567.17428112921,43742.402663068395,43841.34173088785,-352.0,-11.742114439286524,-307.4923858902439,-108.6429293752335,-16.825684625648137
1199,43504.0,43769.432954510325,43540.50761484812,43736.961065227355,43839.783132806595,328.0,-7.490304605482379,295.4923853253895,111.03893477264137,15.23055855907296
1200,44192.0,43764.285399987435,44158.15905177999,43964.48053261368,43871.802848005995,688.0,-5.14755452288955,617.6514369318757,227.5194673863225,32.0197151993998
