distance,Raw,Median+Gaussian,Huber MRF lambda=0.1,Huber MRF lambda=1,Huber MRF lambda=10,derivative:Raw,derivative:Median+Gaussian,derivative:Huber MRF lambda=0.1,derivative:Huber MRF lambda=1,derivative:Huber MRF lambda=10
0,45680.0,45438.937781970424,45649.882370617794,45568.12897802014,45520.24121209479,-384.0,3.5349410735507263,-301.17629382207815,-111.87102197985223,-15.975878790522984
1,45296.0,45442.472723043975,45348.706076795715,45456.25795604029,45504.26533330427,-32.0,5.108946204909444,-37.645909843497066,-31.742043959711737,-5.562612125308078
2,45616.0,45449.15567438024,45574.5905509308,45504.64489010072,45509.115987844176,32.0,7.894198209483875,18.83722878907065,-7.290620889212732,-0.49354606788256206
3,45360.0,45458.26111946294,45386.38053437386,45441.67671426186,45503.278241168504,-64.0,9.83323168050265,-56.307344687651494,-22.129818707919185,1.3261653827503324
4,45488.0,45468.82213774125,45461.9758615555,45460.38525268488,45511.76831860968,-72.0,10.74399154148341,-54.52536504086311,4.901164765455178,9.678493371658988
5,45216.0,45479.74910254591,45277.32980429213,45451.47904379277,45522.63522791182,200.0,10.5874984943257,191.77358615760386,108.83331300428108,26.198670697733178
6,45888.0,45489.9971347299,45845.523033870704,45678.05187869344,45564.16566000514,336.0,9.48360927937756,286.03777697178157,121.5987742473917,25.338715093581413
7,45888.0,45498.716321104665,45849.405358235694,45694.67659228756,45573.312658098985,-208.0,7.706829996554006,-189.09088445654925,-80.03699026210597,-6.58736900121221
8,45472.0,45505.41079472301,45467.341264957606,45517.97789816923,45550.99092200272,-480.0,5.6552865196426865,-417.83752053853095,-153.7097450337169,-18.372189996127418
9,44928.0,45510.02689414395,45013.73031715863,45387.25710222012,45536.56827810673,336.0,3.796894917537429,295.46420146549644,98.90775516095528,16.005770009345724
10,46144.0,45513.00458455808,46058.2696678886,45715.79340849114,45583.00246202141,288.0,2.5990083851720556,270.3252983243183,114.43301051658636,18.38430701575271
11,45504.0,45515.224910914294,45554.38091380727,45616.123123253295,45573.336892138235,-264.0,2.438909212625731,-214.36560461920817,-43.60872361119618,-6.198725276266487
12,45616.0,45517.882402983334,45629.53845865018,45628.57596126875,45570.60501146888,200.0,3.5382845967069443,142.84983809382538,18.740818649828725,-5.001630095914152
13,45904.0,45522.30148010771,45840.08058999492,45653.60476055295,45563.33363194641,-160.0,5.8833316044729145,-149.95032728768274,-100.16882043932128,-24.304697925144865
14,45296.0,45529.64906619228,45329.63780407482,45428.238320390104,45521.99561561859,-336.0,9.226359222404426,-301.3583569390248,-159.24727996779257,-30.038235546893702
15,45232.0,45540.75419855252,45237.36387611687,45335.11020061737,45503.25716085262,-72.0,13.127206076478615,-65.45454737358887,-41.57301946405278,-5.175596723336639
16,45152.0,45555.90347834524,45198.72870932764,45345.092281462,45511.644422171914,232.0,17.018076345182635,209.10661073932715,106.52822157562696,26.369482427890034
17,45696.0,45574.79035124288,45655.577097595524,45548.16664376862,45555.9961257084,280.0,20.297765897688805,240.6356453551598,129.15768419093365,37.351509821903164
18,45712.0,45596.499010140615,45680.00000003796,45603.407649843866,45586.34744181572,-192.0,22.45362157936688,-135.57709736776087,0.9448309971739945,24.068688198109157
19,45312.0,45619.697594401616,45384.42290286,45550.05630576297,45604.13350210462,112.0,23.160127056871715,95.49899302903577,65.67680880059197,32.39273539412898
20,45936.0,45642.81926425436,45870.99798609603,45734.76126744505,45651.13291260398,144.0,22.313902765770763,132.60343780919357,84.0855954046092,32.75605612956133
21,45600.0,45664.32539993316,45649.62977847839,45718.22749657219,45669.64561436374,8.0,20.04630838382218,26.780684774297697,42.579977413228335,21.994982477946905
22,45952.0,45682.911881022,45924.559355644626,45819.92122227151,45695.12287755987,184.0,16.66535492152252,137.7263553893681,35.654336835068534,12.633407074124989
23,45968.0,45697.6561097762,45925.082489257125,45789.536170242325,45694.91242851199,-304.0,12.588977588835405,-262.1720030751276,-119.6169669080191,-13.864827622281155
24,45344.0,45708.08983619967,45400.21534949437,45580.68728845547,45667.39322231531,-224.0,8.272096019463788,-195.68280931763002,-90.50523755911854,-11.349545080916869
25,45520.0,45714.20030181513,45533.716870621865,45608.52569512409,45672.21333835016,248.0,4.1437300408761075,202.08587423684003,72.10125423066347,12.430782952353184
26,45840.0,45716.377296281426,45804.38709796805,45724.889796916796,45692.254788220016,88.0,0.5635082096669066,92.60571718642677,58.80900025110532,12.654189280863648
27,45696.0,45715.327318234464,45718.92830499472,45726.1436956263,45697.521716911884,40.0,-2.195157457339519,29.182732000252145,16.32574652265248,5.343014537462295
28,45920.0,45711.98698136675,45862.752561968555,45757.5412899621,45702.94081729494,-176.0,-3.9555389413471858,-144.59912730749056,-49.83176068314424,-5.43385875219974
29,45344.0,45707.41624035177,45429.73005037974,45626.48017426001,45686.653999407485,24.0,-4.639633402504842,22.906820662585233,10.178971427914803,0.8458820829218894
30,45968.0,45702.70771456174,45908.566203293725,45777.89923281793,45704.632581460784,192.0,-4.295281132610398,156.5742831540083,56.36867496688137,4.810211126336071
31,45728.0,45698.82567808655,45742.878616687754,45739.21752419377,45696.27442166016,-128.0,-3.1110342223764746,-91.2945031671843,-33.07294652726341,-9.94443871761905
32,45712.0,45696.485646116984,45725.97719695936,45711.7533397634,45684.743704025546,88.0,-1.4028953674751392,52.98456506837101,-27.587514548675244,-12.893532433332439
33,45904.0,45696.0198873516,45848.8477468245,45684.04249509642,45670.48735679349,-200.0,0.40258415896096267,-199.62424126340557,-137.68959711876596,-25.931979392382345
34,45312.0,45697.290814434906,45326.728714432546,45436.37414552587,45632.87974524078,-456.0,1.8294759700620489,-401.7419349781994,-185.48127680761172,-21.563624290665757
35,44992.0,45699.67883929172,45045.3638768681,45313.0799414812,45627.36010821216,-16.0,2.4401417267145007,-14.545453223981895,37.24576669592352,26.24836838198098
36,45280.0,45702.171097888335,45297.63780798458,45510.86567891772,45685.37648200474,728.0,1.9462828753821668,670.7369198146953,376.82578671175725,78.28519789282291
37,46448.0,45703.57140504249,46386.83771649749,46066.73151490471,45783.930503997806,448.0,0.29577360116672935,453.1145422250229,301.62438362297326,65.35054719295294
38,46176.0,45702.76264509067,46203.86689243463,46114.114446163665,45816.07757639065,-48.0,-2.314166492487857,-43.63636188973396,16.440154340780282,14.15095121237755
39,46352.0,45698.94307205751,46299.56499271802,46099.611823586274,45812.23240642256,-200.0,-5.453578623055364,-203.59675663068992,-140.69671078425017,-30.833549646962638
40,45776.0,45691.85548784456,45796.67337917325,45832.721024595165,45754.410477096724,-384.0,-8.554789457812149,-362.4048971743723,-238.53028669352716,-58.901405470998725
41,45584.0,45681.83349314189,45574.755198369276,45622.55125019922,45694.429595480564,-280.0,-11.055258355543629,-268.1421889576086,-190.89414929633494,-54.45940184213396
42,45216.0,45669.74497113347,45260.38900125803,45450.932726002495,45645.491673412456,-112.0,-12.518460045459506,-92.42119082111094,-54.152161195477674,-27.463338397483312
43,45360.0,45656.79657305097,45389.912816727054,45514.246927808264,45639.5029186856,384.0,-12.733811096764839,333.37003915401874,140.43766570990192,7.98639120741791
44,45984.0,45644.27734893994,45927.12907956607,45731.8080574223,45661.46445582729,224.0,-11.75926336296834,198.5795206196599,91.46515832518708,5.834759933062742
45,45808.0,45633.27804632503,45787.07185796637,45697.17724445864,45651.17243855172,-296.0,-9.878888887113135,-244.69793176780877,-90.04219073434069,-18.133395347984333
46,45392.0,45624.519571165714,45437.73321603045,45551.72367595362,45625.19766513132,-128.0,-7.531387550698128,-120.67256178367461,-65.59173052820915,-14.314890163830569
47,45552.0,45618.215271223635,45545.726734399024,45565.99378340222,45622.54265822406,104.0,-5.210243034420273,76.62719036371709,21.26699914970959,0.8721260039383196
48,45600.0,45614.099085096874,45590.987596757885,45594.25767425304,45626.9419171392,-16.0,-3.3443470871279715,0.19884614827606129,25.39272797733429,5.74635477209813
49,45520.0,45611.52657704938,45546.12442669558,45616.77923935689,45634.03536776826,80.0,-2.2205907225397823,85.75896341557382,70.91118478230055,12.795219017472846
50,45760.0,45609.657903651794,45762.50552358903,45736.08004381764,45652.532355174146,272.0,-1.9407182510985876,228.90871483859883,107.34082636956373,13.123605164593755
51,46064.0,45607.64514054718,46003.941856372774,45831.460892096016,45660.282578097445,-80.0,-2.416800599618,-58.85438535236972,-20.888705673613003,-12.43564817182778
52,45600.0,45604.82430245256,45644.79675288429,45694.30263247041,45627.66105883049,-152.0,-3.3944823075471504,-135.16133906699906,-90.0069433903991,-31.238466325434274
53,45760.0,45600.85617593209,45733.619178238776,45651.44700531522,45597.80564544658,-8.0,-4.512700894014415,-43.08168345163722,-97.1321244975843,-37.965131111581286
54,45584.0,45595.79890066453,45558.63338598102,45500.03838347524,45551.73079660733,-488.0,-5.374554448913841,-431.94439525747293,-193.3894301023538,-47.68830900888133
55,44784.0,45590.10706703426,44869.73038772383,45264.66814511051,45502.429027428814,48.0,-5.622810198543448,42.69910736148813,4.963834190519265,-13.38031780707388
56,45680.0,45584.55328026744,45644.031600703995,45509.96605185628,45524.97016099318,480.0,-4.995931441782886,421.6345824054297,160.28093267391887,14.789641614024731
57,45744.0,45580.115204150694,45712.99955253469,45585.23001045835,45532.00831065686,-112.0,-3.3759248966198356,-86.03428549586533,-4.121036168766295,-3.561434803472366
58,45456.0,45577.8014304742,45471.963029712264,45501.72397951875,45517.847291386235,-200.0,-0.7917656021163566,-161.22137426108748,-60.64404118022139,-11.068654701317428
59,45344.0,45578.53167294646,45390.556804012514,45463.941928097905,45509.87100125423,200.0,2.5708037769654766,151.37779436281198,22.188912628105754,0.31725993070358527
60,45856.0,45582.943038028134,45774.71861843789,45546.10180477496,45518.48181124764,-168.0,6.396655613807525,-157.09631900559543,-72.78922093546134,-8.26509944420468
61,45008.0,45591.324984174076,45076.36416600132,45318.36348622698,45493.34080236582,-264.0,10.308544065752358,-221.68239680951956,-72.55657543448615,-0.8739687635315931
62,45328.0,45603.56012615964,45331.35382481885,45400.98865390599,45516.73387372058,320.0,13.94232688163902,271.7587829117547,119.1194946320029,32.829765040791244
63,45648.0,45619.209637937354,45619.88173182483,45556.60247549099,45559.0003324474,144.0,17.00700500514722,147.9365661301308,109.9150593304912,37.81647534919102
64,45616.0,45637.57413616993,45627.22695707911,45620.81877256697,45592.36682441896,56.0,19.31465760554056,63.480010649815085,66.62568335946344,32.18483319250663
65,45760.0,45657.838953148435,45746.84175312446,45689.853842209915,45623.369998832415,72.0,20.805239576460735,53.823561667675676,33.961990747906384,24.17167435507872
66,45760.0,45679.184615322854,45734.87408041446,45688.74275406278,45640.71017312912,-176.0,21.53957546861784,-137.59727063768514,-36.739711115744285,11.375682953155774
67,45408.0,45700.91810408567,45471.64721184909,45616.37441997843,45646.12136473873,64.0,21.658641847214312,55.00919068009898,31.818875904857123,17.31725984654622
68,45888.0,45722.50189901728,45844.89246177466,45752.3805058725,45675.34469282221,184.0,21.30655088707499,157.70755879887292,68.19633883032293,18.590562724595657
69,45776.0,45743.53120585982,45787.06232944684,45752.76709763907,45683.30249018792,0.0,20.584729415939364,-2.5184850936238945,-11.229859413891973,3.322921875100292
70,45888.0,45763.67135784916,45839.85549158741,45729.92078704471,45681.99053657241,-240.0,19.524569887122198,-209.43160186057503,-101.88591707200248,-11.612426786887227
71,45296.0,45782.580345634065,45368.19912572569,45548.99526349507,45660.07763661414,-104.0,18.04939489467506,-89.15851529506108,-54.427891802111844,-3.7090181275561918
72,45680.0,45799.77014763851,45661.53846099729,45621.06500344049,45674.5725003173,264.0,16.00587549685588,201.0316402580611,42.60224166566695,14.223488719017041
73,45824.0,45814.59209662778,45770.26240624181,45634.1997468264,45688.52461405218,-400.0,13.242638973984867,-347.90403091108965,-81.76538320089094,7.178344437488704
74,44880.0,45826.25542558648,44965.73039917511,45457.53423703871,45688.92918919228,152.0,9.658554758243554,157.97378458415915,112.10160873166024,40.851034599712875
75,46128.0,45833.909206144264,46086.20997541013,45858.40296428972,45770.2266832516,616.0,5.273671779094002,565.6156648750148,266.0702093958753,63.40882822190906
76,46112.0,45836.80276914467,46096.96172892514,45989.67465583046,45815.746845636095,-112.0,0.27702148578464403,-64.4396018592779,70.10901945596925,30.70750466629397
77,45904.0,45834.46324911583,45957.33077169157,45998.62100320166,45831.64169258419,160.0,-4.98246795891464,127.02290122429622,56.25684897202882,12.27693157730755
78,46432.0,45826.83783322684,46351.00753137373,46102.188353774516,45840.30070879071,16.0,-10.049273059394181,-11.285583449192927,-61.338472539886425,-20.925948353946296
79,45936.0,45814.364702997045,45934.75960479319,45875.94405812189,45789.7897958763,-648.0,-14.437585410854808,-564.6385808321538,-256.2722665916808,-57.82142312059659
80,45136.0,45797.96266240513,45221.730369709425,45589.643820591155,45724.65786254952,112.0,-17.734507834222313,69.75501841547157,-59.47832723515967,-35.69904019930618
81,46160.0,45778.8956873286,46074.26964162413,45756.98740365157,45718.39171547769,0.0,-19.68415572691447,-9.492941899225116e-06,-34.162715113798185,-28.346561297948938
82,45136.0,45758.5943509513,45221.73035072354,45521.31839036356,45667.96473995362,-112.0,-20.228668507999828,-111.44977448068676,-43.00981810623489,-23.82873852638295
83,45936.0,45738.4383503126,45851.37009266276,45670.9677674391,45670.73423842492,120.0,-19.51032710608706,105.99620524458805,17.13326079509352,-10.493789607455255
84,45376.0,45719.57369673913,45433.72276121272,45555.584911953745,45646.97716073871,-176.0,-17.82706331650843,-129.03352538647596,-25.59039950848819,-10.208219649273815
85,45584.0,45702.784223679584,45593.303041889805,45619.78696842212,45650.31779912637,256.0,-15.566715685497911,206.09549012611387,82.09554067944555,6.656528343981336
86,45888.0,45688.44026536813,45845.913741464945,45719.775993312636,45660.29021742667,56.0,-13.113360611234384,42.17940689988609,15.877021546828473,-1.4130708283664717
87,45696.0,45676.557502457115,45677.66185568958,45651.54101151578,45647.49165746964,-320.0,-10.771415546179924,-259.9426073274917,-90.4644760389674,-15.22397708355129
88,45248.0,45666.89743427577,45326.02852680996,45538.8470412347,45629.84226325957,80.0,-8.730813458612829,74.40314174263403,32.72955033627295,1.4427189529087627
89,45856.0,45659.09587553989,45826.468139174845,45717.000112188325,45650.37709537546,384.0,-7.0515700855030445,316.8864716666649,108.6531270477899,10.253686884661875
90,46016.0,45652.794294104766,45959.80147014329,45756.15329533028,45650.34963702889,-248.0,-5.6813701061182655,-215.8014712930344,-90.77016919290327,-18.309976495118462
91,45360.0,45647.73313532765,45394.86519658878,45535.45977380252,45613.75714238522,-376.0,-4.495144616241305,-322.4681376326953,-132.96363462650697,-23.904637524414284
92,45264.0,45643.80400487228,45314.8651948779,45490.22602607727,45602.54036198006,256.0,-3.3268391460405837,211.35742993817985,67.87926531338599,5.710237693849194
93,45872.0,45641.07945703557,45817.580056465136,45671.21830442929,45625.17761777292,224.0,-2.006755600512406,193.58368665337184,80.60143056666493,10.296136681499775
94,45712.0,45639.79049367126,45702.032568184644,45651.4288872106,45623.13263534306,-208.0,-0.3895029710183735,-165.3846473572521,-50.074973613391194,-6.488350662704761
95,45456.0,45640.300451093535,45486.81076175063,45571.06835720251,45612.20091644751,-72.0,1.6369921987534326,-61.167997680862754,-22.826351406834874,-3.1216730731757707
96,45568.0,45643.064478068765,45579.69657282292,45605.77618439693,45616.88928919671,184.0,4.135235271573038,151.36867518688086,53.595919392879296,7.13283720903928
97,45824.0,45648.57092163668,45789.548112124394,45678.26019598827,45626.46659086559,56.0,7.102457568977115,37.592099923433125,-0.385890414530877,-0.299368787844287
98,45680.0,45657.26939320672,45654.880772669785,45605.004403567866,45616.29055162102,-312.0,10.454185294340277,-260.2634761056943,-110.75359063646101,-13.361511663515557
99,45200.0,45669.47929222536,45269.021159913005,45456.753014715345,45599.74356753856,-48.0,14.011715694970917,-40.75381319173903,-19.8748814948558,3.4401942944605253
100,45584.0,45685.29282459666,45573.37314628631,45565.254640578154,45623.170940209944,304.0,17.509384336219227,251.21771780483687,99.12894615188998,25.38591968188848
101,45808.0,45704.4980608978,45771.45659552268,45655.010907019125,45650.515406902334,16.0,20.609964797367866,15.366426849748677,13.261719950536644,19.470237037501647
102,45616.0,45726.5127541914,45604.105999985804,45591.77808047923,45662.11141428495,-272.0,22.939496152561333,-226.82059560785274,-75.34378630028732,13.901578096865705
103,45264.0,45750.37705320292,45317.81540430697,45504.32333441855,45678.318563096065,-32.0,24.128826408727036,-17.21357414396698,32.706921148601396,36.92307696591888
104,45552.0,45774.77040700885,45569.67885169787,45657.19192277643,45735.957568216785,400.0,23.888733026604314,357.4662102740258,205.4645497460915,66.83688353155594
105,46064.0,45798.15451925613,46032.747824855025,45915.25243391073,45811.99233015918,312.0,22.06019860278684,289.5995930385143,183.68672808966585,63.434378450354416
106,46176.0,45818.890804214425,46148.8780377749,46024.56537895576,45862.826325117494,-32.0,18.63457201393976,-19.47959820563483,33.595634522913315,35.175311214192334
107,46000.0,45835.42366328401,45993.788628443755,45982.44370295656,45882.34295258756,-232.0,13.773029636842693,-186.14626711236997,-50.899824520922266,13.633775099446211
108,45712.0,45846.43686348811,45776.58550355016,45922.76572991392,45890.09387531639,176.0,7.789077916841052,138.18483587319497,45.70489191431625,16.655616494641436
109,46352.0,45851.00181911769,46270.158300190145,46073.85348678519,45915.654185576845,64.0,1.1098300693302008,51.9038545747062,12.014500263874652,3.7430195393026224
110,45840.0,45848.65652362677,45880.39321269957,45946.79473044167,45897.57991439499,-232.0,-5.77093733797301,-187.79902399270577,-73.66139112269593,-15.1952754621052
111,45888.0,45839.45994444175,45894.560252204734,45926.5307045398,45885.263634652634,72.0,-12.346464325204579,46.96830052880978,-0.998673631962447,-12.453098009722453
112,45984.0,45823.96359497636,45974.32981375719,45944.79738317774,45872.67371837555,40.0,-18.138080966775306,31.41863033840491,-1.3346297731877712,-18.156230358312314
113,45968.0,45803.1837825082,45957.397512881544,45923.861444993425,45848.95117393601,-88.0,-22.748065267453057,-69.94473646792903,-43.005215687604505,-29.6749857427385
114,45808.0,45778.467464441455,45834.44034082133,45858.78695180253,45813.32374689007,32.0,-25.902464228001918,9.244532046453969,-39.68101728962574,-35.361239701436716
115,46032.0,45751.37885405219,45975.88657697445,45844.49941041417,45778.228694533136,-144.0,-27.45044692645024,-139.12087897461242,-108.03783618127272,-47.78361763027351
116,45520.0,45723.566570588555,45556.19858287211,45642.71127943999,45717.75651162952,-272.0,-27.38340768036869,-238.69507974182488,-140.43249125419607,-50.58435732213911
117,45488.0,45696.612038691455,45498.4964174908,45563.63442790578,45677.05997988886,16.0,-25.8284879183484,-5.220077927308012,-41.259637581315474,-31.24353274621899
118,45552.0,45671.90959475186,45545.75842701749,45560.192004277356,45655.269446137085,16.0,-23.011862470462802,16.054144614143297,0.6535785102532827,-16.6270614449204
119,45520.0,45650.58831375053,45530.60470671909,45564.94158492629,45643.80585699902,40.0,-19.22245175248827,37.86981329705304,27.22037311207896,-5.2732962881200365
120,45632.0,45633.46469124688,45621.4980536116,45614.632750501514,45644.722853560845,32.0,-14.774355348043173,38.38361495050776,41.0075408259836,1.553139239873417
121,45584.0,45621.03960305444,45607.371936620104,45646.956666578255,45646.912135478764,104.0,-9.975807904709654,102.7335661090292,63.80224936587183,5.334888691857486
122,45840.0,45613.51307543746,45826.96518582966,45742.23724923326,45655.39263094456,192.0,-5.10723130268525,154.41917835784625,46.399207271628256,-0.7498729869766976
123,45968.0,45610.82514044907,45916.2102933358,45739.75508112151,45645.41238950481,-192.0,-0.40474074158919393,-184.71666271485083,-116.6046275509907,-26.109621964507824
124,45456.0,45612.703593954284,45457.531860399955,45509.02799413128,45603.173387015544,-504.0,3.9285515033770935,-436.00589403609047,-204.21308992459672,-34.88033313849155
125,44960.0,45618.68224345583,45044.198505263616,45331.32890127232,45575.65172322783,16.0,7.728641083249386,15.234099373454228,7.965357777200552,3.2609223736762942
126,45488.0,45628.16087612078,45488.00005914686,45524.95870968568,45609.6952317629,536.0,10.885247178237478,459.69274471099925,212.10916325619837,40.12827012321213
127,46032.0,45640.4527378123,45963.583994685614,45755.547227784715,45655.90826347425,104.0,13.3263224390721,110.03808568167733,92.36213199139092,27.408444885069912
128,45696.0,45654.81352099893,45708.07623051022,45709.68297366846,45664.51212153304,-256.0,15.026301683508791,-195.12661162432414,-39.0227672820256,7.029464135437593
129,45520.0,45670.50534117932,45573.330771436966,45677.50169322066,45669.96719174513,160.0,16.01119550675503,131.9083981115764,46.56956616253228,12.953429799345031
130,46016.0,45686.83591201244,45971.89302673337,45802.822105993524,45690.41898113173,224.0,16.345173054774932,178.02738896325172,18.73146576962972,4.172738443183334
131,45968.0,45703.19568728887,45929.38554936347,45714.96462475992,45678.31266863149,-592.0,16.117869908990542,-527.0813160630423,-214.37516885364676,-26.590679068653117
132,44832.0,45719.07165183042,44917.730394607286,45374.07176828623,45637.23762299442,-168.0,15.42545514871017,-163.1620260467098,-69.85697233057363,-0.813164487353788
133,45632.0,45734.04659758629,45603.06149727005,45575.250680098776,45676.686339656786,448.0,14.356707947630639,412.29901885043364,172.80425186193315,41.68303364520398
134,45728.0,45747.78506772568,45742.32843230815,45719.6802720101,45720.60369028483,232.0,12.979518824133265,210.9090965788855,140.26972791637309,43.54753514228287
135,46096.0,45760.00563523456,46024.87969042782,45855.79013593152,45763.78140994135,-112.0,11.34677167976406,-79.81990189953285,16.004931887186103,26.566790153588954
136,45504.0,45770.47861108521,45582.68862850909,45751.69013578447,45773.737270592006,-72.0,9.503549899935024,-41.97830721499122,19.745067745181586,23.442724180258665
137,45952.0,45779.01273503443,45940.92307599784,45895.280271421885,45810.66685830187,376.0,7.489095834051113,302.849827477934,115.23027134835866,29.86293062495679
138,46256.0,45785.45680275331,46188.388283464956,45982.150678481186,45833.46313184192,-160.0,5.349767128795065,-129.81046863320444,-50.05425370010926,1.6694301321440435
139,45632.0,45789.71226929202,45681.30213873143,45795.17176402167,45814.00571856616,-240.0,3.147154707708978,-221.35835765129377,-105.39303244868643,-10.357127347451751
140,45776.0,45791.75111216873,45745.67156816237,45771.36461358381,45812.748877147016,-96.0,0.959481676818541,-87.27272975722008,-26.124843645942747,0.5806024382072792
141,45440.0,45791.631232645654,45506.75667921699,45742.92207672978,45815.16692344257,336.0,-1.1125528689262865,308.29903052223017,123.01850151085819,21.17639246768522
142,46448.0,45789.526006430875,46362.26962920683,46017.40161660553,45855.10166208239,168.0,-2.939500472351938,147.38758409348884,59.180348178517306,10.289821743932407
143,45776.0,45785.75223170095,45801.53184740397,45861.282773086816,45835.74656693044,-440.0,-4.361095477466733,-367.0355562351615,-113.47745697531354,-16.367766805426072
144,45568.0,45780.80381547594,45628.198516736506,45790.4467026549,45822.366128471534,168.0,-5.204099618615146,132.3375430822707,40.38728089554206,-0.6621320353260671
145,46112.0,45775.34403246372,46066.20693356851,45942.0573348779,45834.422302859784,248.0,-5.30757044924394,204.3647946073288,66.63929966195064,-1.8227104687612155
146,46064.0,45770.188674577454,46036.92810595116,45923.725301978804,45818.72070753401,-192.0,-4.557961481004895,-164.63829786153292,-88.4693819096974,-27.965559949072485
147,45728.0,45766.22810950171,45736.93033784544,45765.118571058505,45778.49118296164,-288.0,-2.9331717094100895,-255.34607887851598,-140.0474453910465,-37.704965424291004
148,45488.0,45764.32233115863,45526.23594819413,45643.63041119671,45743.31077668543,-8.0,-0.5429552769310249,-19.514648680640676,-43.67295426343844,-22.414867441933893
149,45712.0,45765.14219894785,45697.90104048416,45677.77266253163,45733.66144807777,128.0,2.3657969615524053,101.17029471081696,17.02858260073117,-8.566256203772355
150,45744.0,45769.05392508174,45728.576537615765,45677.68757639817,45726.178264277885,-48.0,5.41941181148286,-46.441814789570344,-33.24129793437169,-8.374270585991326
151,45616.0,45775.98102257081,45605.01741090502,45611.290066662885,45716.91290690579,-208.0,8.154126269910194,-178.47207218565745,-68.75247640384623,-4.219712026810157
152,45328.0,45785.36217762156,45371.63239324445,45540.18262359048,45717.738840224265,-32.0,10.095622064163763,-15.22305143831909,34.98386872283663,20.31287532969145
153,45552.0,45796.17226669914,45574.57130802838,45681.25780410856,45757.53865756517,440.0,10.845179339790775,389.7103283207143,205.7040825723525,50.07675021916657
154,46208.0,45807.05253630114,46151.05304988588,45951.590788735186,45817.8923406626,224.0,10.148025166425214,217.8321178920305,142.12837899422448,40.84830013055762
155,46000.0,45816.46831703199,46010.23554381244,45965.51456209701,45839.23525782629,-112.0,7.929549013755604,-89.63978701122323,-3.3189455896754225,13.304680055000063
156,45984.0,45822.91163432865,45971.77347586343,45944.952897555835,45844.5017007726,-112.0,4.3092940661881585,-99.59468863187067,-40.085215763250744,-1.7084720150596695
157,45776.0,45825.08690516437,45811.0461665487,45885.344130570506,45835.81831379617,24.0,-0.4151232673575578,14.503523428797052,-4.936701700080448,-5.692471286620275
158,46032.0,45822.081387793936,46000.78052272103,45935.079494155674,45833.11675819936,32.0,-5.830498464019911,33.63696977746804,1.2751106630094,-12.645717686842545
159,45840.0,45813.42590823633,45878.32010610364,45887.894351896524,45810.52687842248,88.0,-11.475460028574162,69.14011390079759,-23.237966310891352,-24.06353585574834
160,46208.0,45799.13046773679,46139.06075052262,45888.60356153389,45784.98968648786,-344.0,-16.883884368551662,-320.2948777219681,-158.98900959569073,-46.68770761023188
161,45152.0,45779.658139499224,45237.7303506597,45569.91633270514,45717.15146320202,-192.0,-21.625912445626454,-197.39086059721012,-109.72906247617357,-39.58065012573934
162,45824.0,45755.878642845535,45744.2790293282,45669.145436581544,45705.82838623638,72.0,-25.34893248186563,68.99531409635165,21.80182216717367,-17.23165765381782
163,45296.0,45728.96027453549,45375.720978852405,45613.51997703949,45682.68814789438,224.0,-27.782386969462095,220.99533125800372,103.13452897769093,-3.805830947279901
164,46272.0,45700.31386890661,46186.26969184421,45875.414494536926,45698.21672434182,200.0,-28.753042921991437,182.6666470221644,63.601764765895496,-13.160587335471064
165,45696.0,45671.45418869151,45741.054272896734,45740.72350657128,45656.36697322344,-232.0,-28.181859508629714,-211.66201674492186,-112.32923468000081,-43.83140245720642
166,45808.0,45643.95014988935,45762.945658354365,45650.756025176925,45610.55391942741,-280.0,-26.099777229374013,-268.3968783916389,-168.58946880589428,-55.68535782466279
167,45136.0,45619.25463423276,45204.260516113456,45403.54456895949,45544.996257574116,-152.0,-22.668016045772674,-152.36600605253625,-113.43917173768932,-45.10784897458507
168,45504.0,45598.614117797806,45458.21364624929,45423.877681701546,45520.33822147824,32.0,-18.15520731613651,25.021361382310715,-19.728046407177317,-23.841125021968764
169,45200.0,45582.94421960049,45254.30323887808,45364.08847614514,45497.31400753018,80.0,-12.932948978330387,67.60578701918712,22.255032516164647,-8.15851357155043
170,45664.0,45572.748219841145,45593.42522028767,45468.387746733875,45504.02119433514,-24.0,-7.444620466951164,-13.75191715209803,6.4931439556785335,-1.2917534782791336
171,45152.0,45568.05497866659,45226.79940457388,45377.074764056495,45494.73050057362,0.0,-2.16265778369052,7.371207155618322,21.22439935086004,7.845831267157337
172,45664.0,45568.422904273764,45608.1676345989,45510.836545435595,45519.71285686945,120.0,2.4717476872974657,102.20640301954336,57.180054096905224,17.767999139308813
173,45392.0,45572.99847404118,45431.21221061297,45491.434872250305,45530.26649885224,8.0,6.094269535697094,19.105629078898346,30.31576293985563,17.466966925396264
174,45680.0,45580.61144334516,45646.3788927567,45571.46807131531,45554.646790720246,72.0,8.455002758160845,47.061145927233156,25.76723472265803,18.11263140401934
175,45536.0,45589.9084795575,45525.334502467435,45542.96934169562,45566.491761660276,-224.0,9.454189232623321,-174.37187795208956,-25.014058771870623,13.369559023041802
176,45232.0,45599.519821810405,45297.63513685252,45521.439953771565,45581.38590876633,256.0,9.144900220635463,243.23348211912526,123.19058896172282,32.363442544374266
177,46048.0,45608.198279998775,46011.801466705685,45789.35051961907,45631.218646749025,448.0,7.727042481681565,390.41649991014856,138.58582565703546,28.993670320141973
178,46128.0,45614.97390677377,46078.46813667282,45798.611605085636,45639.37324940661,-520.0,5.536328885416879,-459.03553920320337,-155.43311199060918,-16.276734872077213
179,45008.0,45619.27093776961,45093.73038829928,45478.48429563785,45598.66517700487,-176.0,3.0044663180524367,-179.4096115012726,-84.88516162886299,-11.174813551500847
180,45776.0,45620.98283940987,45719.64891367027,45628.84128182791,45617.02362230361,264.0,0.6084859201837389,245.52979088087523,76.77762710401294,10.409626413922524
181,45536.0,45620.487909609976,45584.78997006103,45632.039549845875,45619.484429832715,120.0,-1.190253516404482,109.09090669592115,51.218042940905434,6.635029020741058
182,46016.0,45618.602332377064,45937.830727062115,45731.27736770972,45630.293680345094,-112.0,-2.0152068334136857,-97.86781908562625,-43.123498281296634,-8.476065470371395
183,45312.0,45616.45749594315,45389.054331889776,45545.79255328328,45602.53229889197,-104.0,-1.6384950251085684,-103.44252432616122,-68.58853778479897,-13.234766508518078
184,45808.0,45615.32534232685,45730.94567840979,45594.10029214012,45603.82414732806,-160.0,-0.03012579001369886,-155.66197827272845,-58.64211507309301,-8.916944197513658
185,44992.0,45616.39724436312,45077.73037534432,45428.508323137095,45584.698410496945,168.0,2.6361876083465177,163.6619728264959,52.66219256551631,10.509183693735395
186,46144.0,45620.59771754354,46058.269624062785,45699.424677271156,45624.84251471553,176.0,5.999651140988135,157.24260687928472,48.62869276963829,14.186229954357259
187,45344.0,45628.3965466451,45392.21558910289,45525.76570867637,45613.07087040566,-360.0,9.568094300884695,-306.2750096209893,-82.77611425660143,1.6818992104163044
188,45424.0,45639.73390614531,45445.719604820806,45533.87244875795,45628.20631313636,208.0,12.804848599189427,162.1020398219589,63.042964460557414,25.34575838752062
189,45760.0,45654.006243843476,45716.41966874681,45651.85163759749,45663.7623871807,40.0,15.220570826466428,52.798407660029625,63.90500763827731,30.744193403374084
190,45504.0,45670.17504779824,45551.316420140865,45661.68246403451,45689.69469994311,48.0,16.450205683089735,71.47885209839296,88.67205845427816,35.217047759560955
191,45856.0,45686.906655209656,45859.37737294359,45829.19575450604,45734.19648269982,384.0,16.311095743807527,324.9478175206932,154.11116772455352,38.41160689170647
192,46272.0,45702.79723928586,46201.21205518225,45969.904799483615,45766.51791372652,-8.0,14.81419795146212,-12.105041850063571,-10.33855528062486,7.047326713025541
193,45840.0,45716.53505111258,45835.167289243465,45808.51864394479,45748.291136125874,-456.0,12.133425457981502,-390.20831972147425,-177.12683356642083,-22.81222079435247
194,45360.0,45727.06409020182,45420.7954157393,45615.65113235077,45720.89347213782,-112.0,8.561431347559846,-110.39479480763111,-65.04194541863399,-9.352990381168638
195,45616.0,45733.6579138077,45614.3776996282,45678.434753107525,45729.58515536354,208.0,4.447588739800267,185.4707820299118,94.0009973105116,14.370940993900149
196,45776.0,45735.95926768142,45791.73697979913,45803.653126971796,45749.63535412562,280.0,0.14760053465943201,256.04417916656166,139.04493735017604,18.731966468360042
197,46176.0,45733.95311487702,46126.46605796133,45956.52462780788,45767.04908830026,96.0,-4.017469383288699,87.0593679688318,43.133814740012895,-3.0338114103506086
198,45968.0,45727.92432891484,45965.85571573679,45889.92075645182,45743.56773130492,-192.0,-7.78567508784181,-171.33176354059833,-105.643493130141,-34.70297043009123
199,45792.0,45718.381764701335,45783.80253088013,45745.237641547596,45697.643147440074,-216.0,-10.944703471264802,-223.04053045599358,-168.0642941304286,-50.64242649284279
200,45536.0,45706.034921972314,45519.7746548248,45553.792168190965,45642.28287831923,-392.0,-13.324217730820237,-345.1546019313282,-182.54938926114846,-50.04612520487717
201,45008.0,45691.733329239694,45093.49332701747,45380.1388630253,45597.55089703032,80.0,-14.796874751336873,71.51919543733311,12.416126346979581,-15.25443643739709
202,45696.0,45676.44117246964,45662.81304569947,45578.624420884924,45611.77400544444,384.0,-15.2685710693695,333.05105902204014,139.79776830209084,10.011808686340373
203,45776.0,45661.196187100955,45759.59544506155,45659.73439962948,45617.574514403,8.0,-14.666499040366034,14.759624669841287,22.97717855929659,-2.120765321287763
204,45712.0,45647.10817438891,45692.33229503915,45624.57877800352,45607.53247480186,-184.0,-12.967839834404003,-165.60167482665202,-78.86623262420835,-15.265415861045767
205,45408.0,45635.26050743215,45428.39209540825,45502.00193438106,45587.04368268091,-184.0,-10.21386513121979,-161.97972258964728,-75.57587643191437,-11.536607986909075
206,45344.0,45626.68044412647,45368.37284985986,45473.42702513969,45584.45925882804,64.0,-6.521709882894356,61.84500375089192,36.13860332846161,9.438539088539983
207,45536.0,45622.21708766636,45552.08210291003,45574.27914103799,45605.92076085799,312.0,-2.088231988989719,264.11976760034304,119.99168641729557,24.957540072842676
208,45968.0,45622.50398014849,45896.61238506054,45713.41039797428,45634.37433897373,-24.0,2.828839769848855,-12.407792546760902,11.836455923436006,11.772295064427453
209,45488.0,45627.874767206056,45527.26651781651,45597.95205288486,45629.465350986844,-216.0,7.919127210883744,-173.01327816145567,-60.482318646998465,2.164279562457523
210,45536.0,45638.34223457026,45550.58582873763,45592.44576068028,45638.70289809864,136.0,12.860912882944831,96.24845460927827,22.716588135572238,14.37269201673189
211,45760.0,45653.596592971946,45719.76342703507,45643.385229156,45658.21073502031,-40.0,17.35593194836474,-32.005266527205094,-7.367916946281184,14.418373672677262
212,45456.0,45673.054098466986,45486.57529568322,45577.70992678772,45667.539645444,-112.0,21.158564886482054,-80.31165293574304,-4.820338974423066,19.90589269589327
213,45536.0,45695.91372274491,45559.14012116358,45633.74455120716,45698.022520412094,216.0,24.09221953375163,188.2654312982777,104.90690002301562,38.5840009886997
214,45888.0,45721.23853753449,45863.10615827978,45787.52372683375,45744.7076474214,200.0,26.062396721310506,179.4968285151008,103.5410390434663,39.52050938037428
215,45936.0,45748.03851618753,45918.133778193784,45840.82662929409,45777.06353917284,-48.0,27.047289305966842,-34.30348911707915,5.716217107383272,24.409068710087013
216,45792.0,45775.33311614642,45794.49918004562,45798.95616104852,45793.52578484157,-128.0,27.09309896204286,-111.1386979200579,-38.392387721309206,16.538534910807357
217,45680.0,45802.22471411162,45695.85638235367,45764.04185385147,45810.14060899446,-24.0,26.302854877394566,-19.360885923604656,7.106619728689111,23.121854602606618
218,45744.0,45827.93882590121,45755.77740819841,45813.169400505896,45839.769494046785,120.0,24.824646628898336,118.80806683677656,83.7122469073729,34.41735975466872
219,45920.0,45851.87400736941,45933.47251602722,45931.46634766622,45878.975328503795,288.0,22.843864987735287,245.0576879649343,124.03012099343323,37.15460088220061
220,46320.0,45873.62655587668,46245.89278412828,46061.22964249276,45914.078695811186,-112.0,20.56868843868142,-79.67226696976286,0.37811607292314875,14.807302097950014
221,45696.0,45893.011384246776,45774.127982087695,45932.22257981206,45908.589932699695,-80.0,18.20919591868369,-59.56843588991978,-10.895772774667421,5.1407335234907805
222,46160.0,45910.04494771405,46126.75591234844,46039.43809694343,45924.36016285817,240.0,15.949883841076371,186.40749200292703,46.93456560307459,3.9882383013828075
223,46176.0,45924.91115192893,46146.94296609355,46026.09171101821,45916.56640930246,-136.0,13.92338317965914,-125.09811578715744,-88.30053041610518,-20.76543309058252
224,45888.0,45937.89171407337,45876.559680774124,45862.83703611122,45882.829296677,-376.0,12.182141560897435,-327.584881448809,-175.83615685139011,-33.99564779160937
225,45424.0,45949.275435050724,45491.77320319593,45674.41939731543,45848.57511371924,-16.0,10.69579933506975,-45.92046159852907,-63.20794013806881,-13.025427271797525
226,45856.0,45959.28331274351,45784.718757577066,45736.42115583508,45856.77844213341,-72.0,9.354001175139274,-63.460657733525295,2.212336437183694,8.242250520834205
227,45280.0,45967.983437401,45364.85188772888,45678.8440701898,45865.05961476091,224.0,8.009320476099674,233.52730003877514,141.8449494496199,37.5341533655519
228,46304.0,45975.30195369571,46251.773357654616,46020.11105473432,45931.84674886451,440.0,6.528152689221315,396.65352695625916,199.3225119116796,48.17947154682406
229,46160.0,45981.039742779445,46158.1589416414,46077.48909401316,45961.41855785456,-136.0,4.8287065712684125,-102.81970780621123,16.122586285422585,19.642736882775353
230,46032.0,45984.959366838244,46046.133942042194,46052.356227305165,45971.13222263006,-32.0,2.919308794760582,-41.355289388222445,-14.954753055415495,6.670275907006726
231,46096.0,45986.878360368966,46075.448362864954,46047.57958790233,45974.75910966857,-96.0,0.8998716729365697,-73.44376485246175,-28.986845451672707,-2.435157478063047
232,45840.0,45986.75911018412,45899.24641233727,45994.38253640182,45966.261907673936,152.0,-1.0503416430947254,120.03011115867412,23.99421670040101,-2.184106610937306
233,46400.0,45984.77767708278,46315.5085851823,46095.56802130313,45970.3908964467,-104.0,-2.717163468259969,-99.41026363658239,-51.030504447127896,-17.351466404903476
234,45632.0,45981.3247832476,45700.425885064105,45892.32152750756,45931.55897486413,-216.0,-3.902640977590636,-179.7379124045765,-73.0857300417847,-23.85397283936254
235,45968.0,45976.972395127596,45956.03276037315,45949.39656121956,45922.68295076797,240.0,-4.476469138080574,195.77067717480531,47.773314321777434,-11.141876557754586
236,46112.0,45972.371844971436,46091.967239413716,45987.86815615112,45909.27522174862,48.0,-4.416428042331972,35.77067610913946,-23.594326992886636,-23.54396793192427
237,46064.0,45968.13953904293,46027.57411259143,45902.20790723379,45875.595014904124,-368.0,-3.8172959595867724,-320.7897859490222,-166.5562953004337,-43.10045609929148
238,45376.0,45964.73725305226,45450.38766751567,45654.75556555025,45823.07430955004,-112.0,-2.8859042124931875,-130.98088541352263,-108.07455890841084,-30.166989876583102
239,45840.0,45962.367730617945,45765.61234176438,45686.058789416966,45815.26103515096,-152.0,-1.906106615835597,-146.3286402034646,-45.66738142480608,-9.050222641533765
240,45072.0,45960.92503982059,45157.73038710874,45563.42080270064,45804.97386426697,208.0,-1.1897633013104496,215.9416470109245,123.07241463399987,26.361522329363652
241,46256.0,45959.988204015324,46197.49563578623,45932.203618684965,45867.984079809685,480.0,-1.0173708345173509,441.6867847598842,206.88462532680205,43.60941953319707
242,46032.0,45958.89029815156,46041.10395662851,45977.19005335424,45892.19270333336,-152.0,-1.5809642236672516,-110.87189601517457,17.581461346402648,17.218258690347284
243,45952.0,45956.82627556799,45975.75184375588,45967.36654137777,45902.42059719038,88.0,-2.9503222139464924,53.40710590677918,-2.14024128759047,7.748923716535501
244,46208.0,45952.989653723664,46147.91816844207,45972.90957077906,45907.690550766434,-376.0,-5.0652668050606735,-345.0107225189495,-112.00218520917406,-9.745518885622005
245,45200.0,45946.69574195787,45285.730398717984,45743.36217095942,45882.929559419135,112.0,-7.724581797898281,101.03944575551941,42.13368566007193,9.385486623654288
246,46432.0,45937.54049012787,46349.99705995311,46057.176942099206,45926.46152401374,352.0,-10.617858223788062,336.4446285264239,126.40324218938986,18.255040795294917
247,45904.0,45925.46002551029,45958.61965577083,45996.1686553382,45919.439641009725,-144.0,-13.386606830157689,-118.27912532809569,-14.923959091906,-6.2499009535276855
248,46144.0,45910.76727646755,46113.43880929692,46027.329023915394,45913.96172210669,32.0,-15.674355494200427,2.013200010671426,-27.17511946511513,-16.979832797704148
249,45968.0,45894.11131452189,45962.646055792175,45941.81841640797,45885.47997541432,-208.0,-17.178179347869445,-177.56247454388722,-98.60139930343212,-32.6077479216583
250,45728.0,45876.41091777181,45758.31386020914,45830.12622530853,45848.74622626337,-40.0,-17.69249188357935,-52.76289453731806,-60.62907844517758,-30.696437837774283
251,45888.0,45858.72633075473,45857.12026671754,45820.56025951762,45824.08709973877,-64.0,-17.14770854419112,-55.59225990389314,-43.28583603210063,-27.854771537666238
252,45600.0,45842.11550068343,45647.129340401356,45743.55455324433,45793.03668318804,32.0,-15.615936237791175,25.655775690607697,-5.228429651124316,-21.398582391324453
253,45952.0,45827.49445827915,45908.431818098754,45810.10340021537,45781.28993495612,64.0,-13.29851815188158,43.461568191170954,-4.39945292127959,-20.282251484113658
254,45728.0,45815.51846437967,45734.0524767837,45734.75564740177,45752.47218021981,-184.0,-10.505592332097876,-144.1169573965708,-71.96992911270718,-27.59414572532114
255,45584.0,45806.483273614955,45620.19790330561,45666.163541989954,45726.10164350548,104.0,-7.605916694825282,67.13494304995402,-27.51033441684558,-19.265454539057828
256,45936.0,45800.30663099002,45868.322362883606,45679.73497856808,45713.941271141695,-296.0,-4.972300476518285,-271.23376282672325,-114.5610741378332,-23.26330880669775
257,44992.0,45796.53867266192,45077.730377652166,45437.04139371429,45679.57502589208,-112.0,-2.9358156410962692,-91.90350770423174,-20.17288799664675,0.012506044993642718
258,45712.0,45794.434999707824,45684.51534747514,45639.389202574785,45713.96628323168,432.0,-1.7332887190968904,380.2951547550292,166.0424101478893,34.48957150118076
259,45856.0,45793.072095223724,45838.320687162224,45769.126214010066,45748.55416889444,48.0,-1.4549461319547845,65.40877549822471,86.30011844031833,29.21559410748523
260,45808.0,45791.525107443915,45815.33289847159,45811.98943945542,45772.39747144665,0.0,-2.0466680482968513,13.676703667304537,44.85794517306567,22.063176124542224
261,45856.0,45788.97875912713,45865.67409449683,45858.8421043562,45792.68052114353,128.0,-3.326878840507561,98.71166850942609,48.273717078871414,17.117075754049438
262,46064.0,45784.8713497629,46012.756235490444,45908.536873613164,45806.63162295475,-144.0,-4.976295435073553,-109.13668155415507,-28.03679393645143,1.082682958960504
263,45568.0,45779.02616825698,45647.40073138852,45802.768516483295,45794.84588706145,64.0,-6.592130810513481,48.24497099691871,11.615901111774292,-0.44344154022837756
264,46192.0,45771.68708814187,46109.24617748428,45931.76867583671,45805.744739874295,40.0,-7.7830318082014855,31.47951536095934,-1.1155027282256924,-8.413910193437914
265,45648.0,45763.46010464058,45710.35976211044,45800.53751102684,45778.01806667457,-104.0,-8.198332680007297,-87.08760482161233,-54.96240929644409,-21.225769865992334
266,45984.0,45755.29042278186,45935.07096784106,45821.843857243824,45763.29320014231,16.0,-7.579413035960897,-19.933955064116162,-59.771725161110226,-25.760206525148533
267,45680.0,45748.30127856866,45670.49185198221,45680.99406070462,45726.497653624276,-376.0,-5.823549747663492,-312.1198559478071,-140.35276618688658,-34.470663836822496
268,45232.0,45743.64332328653,45310.83125594544,45541.13832487005,45694.351872468666,104.0,-3.013270258317789,84.31052188045578,14.713426600450475,-9.02818753217798
269,45888.0,45742.27473805202,45839.11289574312,45710.420913905524,45708.44127855992,280.0,0.5931438633051584,234.0312803232555,80.49304598823437,5.11147001925201
270,45792.0,45744.82961101314,45778.89381659195,45702.12441684652,45704.57481250717,-152.0,4.598776688795624,-125.7499961913818,-53.23428863574736,-8.237725427388796
271,45584.0,45751.472291429614,45587.61290336036,45603.95233663403,45691.96582770514,-184.0,8.508810120867565,-173.21639642981972,-88.19591189547282,-7.21069341677503
272,45424.0,45761.84723125488,45432.461023732314,45525.732593055574,45690.15342567362,-136.0,11.826871299708728,-112.84676096645853,-27.353447050671093,11.495269252161961
273,45312.0,45775.12603402903,45361.91938142744,45549.24544253269,45714.956366209466,208.0,14.139378427822521,203.7694706526163,142.13557074345954,44.95075884632024
274,45840.0,45790.12598811052,45839.99996503755,45810.00373454249,45780.05494336626,512.0,15.197873706583778,454.3503777437363,245.76015928105335,62.10132432510363
275,46336.0,45805.5217814422,46270.62013691491,46040.76576109479,45839.15901485967,112.0,14.975285607339174,102.73668168573931,83.14490709969687,34.26202223639848
276,46064.0,45820.0765593252,46045.473328409025,45976.29354874189,45848.57898783906,-392.0,13.672666628197476,-317.78016646074684,-108.32543798196639,-1.3510776286639157
277,45552.0,45832.867114698594,45635.05980399342,45824.11488513086,45836.456859602346,16.0,11.679783605635748,4.885495551501663,-16.12122104559603,2.10071474340657
278,46096.0,45843.43612653647,46055.24431951203,45944.051106650695,45852.78041732587,280.0,9.505999643941323,216.4061130787304,43.9617748451783,4.162578589821351
279,46112.0,45851.87911398648,46067.87203015088,45912.03843482122,45844.78201678199,-320.0,7.670015297189821,-280.1895603103003,-131.99345441886544,-21.35929970478537
280,45456.0,45858.77615713085,45494.86519889143,45680.064197812964,45810.0618179163,-352.0,6.586313249215891,-306.5034150987194,-119.94213810177098,-17.017107969873905
281,45408.0,45865.05174048491,45454.86519995344,45672.154158617675,45810.74780084224,360.0,6.496043311180983,320.46813386838403,124.1670401135525,20.823372968050535
282,46176.0,45871.76824375321,46135.801466628196,45928.39827804007,45851.7085638524,400.0,7.421196818224416,353.80146677657103,132.4432584424285,24.74619120278294
283,46208.0,45879.89413412136,46162.46813350658,45937.04067550253,45860.240183247806,-368.0,9.169321192821371,-333.1348005340842,-126.83726478627432,-8.856371442205273
284,45440.0,45890.106886138856,45469.53186556003,45674.72374846752,45833.99582096799,-464.0,11.382509950140957,-413.1348052010653,-144.95505280125144,-6.544571231414011
285,45280.0,45902.65915402164,45336.19852310445,45647.13056990003,45847.15104078498,480.0,13.620416518948332,422.3688885858937,155.97210638252727,41.51277185623621
286,46400.0,45917.34771917675,46314.269642731815,45986.667961232575,45917.02136468046,248.0,15.4407628043773,245.28737656234807,132.8713719488369,45.72139212950424
287,45776.0,45933.540679630394,45826.77327622915,45912.8733137977,45938.59382504399,-256.0,16.476760970435862,-204.20764415201847,-5.357990536023863,29.702151615725597
288,45888.0,45950.301241117624,45905.85435442778,45975.95198016053,45976.42566791191,192.0,16.494612662441796,168.35285033751643,107.05465644308788,42.25312626352388
289,46160.0,45966.52990495528,46163.47897690418,46126.98262668388,46023.100077571034,320.0,15.414937526904396,275.01950699729787,134.52195986529114,39.829413537670916
290,46528.0,45981.13111617143,46455.893368422374,46244.99589989111,46056.084494987255,-112.0,13.306543766815594,-90.37320043499494,-23.488776847214467,9.388642165584315
291,45936.0,45993.14299248891,45982.73257603419,46080.00507298945,46041.8773619022,-256.0,10.356700837910466,-217.2434781521697,-92.9882904069309,-8.913264989943855
292,46016.0,46001.844517847254,46021.406412118034,46059.01931907725,46038.25796500737,96.0,6.83780151863175,65.70589667402237,0.5239056264217652,-2.506498644466774
293,46128.0,46006.81859552617,46114.14436938224,46081.052884242294,46036.86436461327,24.0,3.0606181207913323,23.459804175367026,-1.4399927138110797,-5.950382163431641
294,46064.0,46007.96575408884,46068.32602046877,46056.139333649626,46026.357200680504,-16.0,-0.6769102554826532,-24.188246569621697,-28.843883767851366,-12.389303898744402
295,46096.0,46005.46477501521,46065.76787624299,46023.36511670659,46012.08575681578,-184.0,-4.117105851782981,-153.71876301081647,-69.09165858974302,-18.46715602392942
296,45696.0,45999.73154238527,45760.888494447136,45917.95601647014,45989.422888632645,16.0,-7.069066277534148,19.56309043982401,5.568907998625946,-7.991723751507379
297,46128.0,45991.32664246014,46104.89405712264,46034.50293270384,45996.102309312766,288.0,-9.421139403915731,228.47584828873005,69.79838258561722,0.08453614576137625
298,46272.0,45980.88926357744,46217.840191024596,46057.552781641374,45989.59196092417,-232.0,-11.134056935643457,-195.90784766433353,-84.17376024177793,-20.630750342388637
299,45664.0,45969.05852858885,45713.078361793974,45866.15541222029,45954.84080862799,-256.0,-12.227157143133809,-221.31508357152052,-90.31966331094372,-20.209111864784063
300,45760.0,45956.43494929117,45775.210023881555,45876.91345501949,45949.1737371946,152.0,-12.760062664794532,138.1817814953465,69.21477030893948,3.791615426343924
301,45968.0,45943.53840325926,45989.44192478467,46004.584952838166,45962.42403948068,392.0,-12.793078955364763,341.52986660394527,145.96397423776216,12.971504260112852
302,46544.0,45930.84879138044,46458.269757089445,46168.84140349501,45975.116745714826,-24.0,-12.386599678535276,-31.288396258714783,-23.322847595645726,-15.75145648011312
303,45920.0,45918.76520390219,45926.86513226724,45957.939257646874,45930.92112652045,-528.0,-11.62946996249957,-445.70229125280457,-191.93251702470297,-43.649562868351495
304,45488.0,45907.58985145544,45566.865174583836,45784.976369445605,45887.81761997812,64.0,-10.623116860126174,38.57952079184179,-24.474703478463198,-23.112625543421018
305,46048.0,45897.51897018194,46004.02417385092,45908.98985068995,45884.69587543361,264.0,-9.47769719252392,213.0262629656536,54.50840658932066,-11.286950772831915
306,46016.0,45888.634457070395,45992.91770051514,45893.99318262425,45865.24371843246,-144.0,-8.36269006335715,-126.51797076008006,-76.0000767535821,-26.989971079528914
307,45760.0,45880.793590055226,45750.98823233076,45756.989697182784,45830.71593327455,-328.0,-7.487222529329301,-286.9883065305694,-138.50863685006698,-30.991988494180987
308,45360.0,45873.66001201174,45418.941087454004,45616.97590892411,45803.2597414441,-48.0,-7.0349803567478375,-37.34170760671623,-11.525833796615188,-5.293204758250795
309,45664.0,45866.72362934173,45676.30481711733,45733.93802958955,45820.12952375805,376.0,-7.136081173841376,318.887815249971,151.93113546021777,24.676258501858683
310,46112.0,45859.387849664054,46056.71671795395,45920.83817984455,45852.612258447814,96.0,-7.825765099758428,103.99549060636127,91.31924017726487,19.513347612155485
311,45856.0,45851.07209914221,45884.29579833005,45916.57650994408,45859.15621898236,-56.0,-9.008758881689573,-30.941927973657585,26.026585071584122,6.701771483662014
312,46000.0,45841.370331900675,45994.83286200663,45972.891349987716,45866.01580141514,96.0,-10.443924642568163,84.70137370974771,42.760515037483856,0.1603725035347452
313,46048.0,45830.18424985708,46053.69854574955,46002.09754001905,45859.47696398943,112.0,-11.79297869561924,87.35841249065197,6.254960040863807,-15.964989226238686
314,46224.0,45817.784374509436,46169.549686987935,45985.401270069444,45834.08582296266,-240.0,-12.677141384832794,-222.0224341953035,-135.99563491488516,-44.88684987863235
315,45568.0,45804.82996708741,45609.65367735894,45730.10627018928,45769.703264232165,-320.0,-12.754611766016751,-286.0056124609109,-174.24186478552292,-54.29739551888997
316,45584.0,45792.2751509774,45597.53846206611,45636.9175404984,45725.49103192488,104.0,-11.77822775927416,55.5770950377555,-66.7299594416836,-37.13768071103914
317,45776.0,45781.27351156886,45720.80786743445,45596.64635130591,45695.42790281009,-336.0,-9.644571063479816,-299.90403940532633,-129.9480135395279,-34.09173397428822
318,44912.0,45772.98600885044,44997.73038325546,45377.02151341934,45657.307563976305,-40.0,-6.417297767195123,-20.10447888302224,12.885918823103566,-0.8549606349697569
319,45696.0,45768.43891603447,45680.598909668406,45622.41818895212,45693.71798154015,544.0,-2.3115898058495077,478.75476768220324,208.60577000883495,36.29631664085173
320,46000.0,45768.362829238744,45955.23991861987,45794.23305343701,45729.90019725801,40.0,2.3479480305686593,50.840602050797315,68.93139120340129,22.677225580759114
321,45776.0,45773.13481209561,45782.28011377,45760.28097135892,45739.072432701665,-168.0,7.170930618063721,-141.55923599984817,-41.811596398627444,7.325857078743866
322,45664.0,45782.70469047487,45672.12144662017,45710.60986063976,45744.551911415496,-80.0,11.735245780961122,-69.55143404899354,-26.36618039928726,9.507074284603732
323,45616.0,45796.60530365753,45643.177245672014,45707.54861056035,45758.08658127087,136.0,15.651584915900457,106.9420274119293,42.713055200765666,20.638998918919242
324,45936.0,45814.00786030667,45886.00550144403,45796.03597104129,45785.829909253334,-24.0,18.60959041809474,-7.144237007825723,18.505346001584257,20.234823445127404
325,45568.0,45833.82448449372,45628.88877165636,45744.55930256352,45798.55622816113,56.0,20.413073617120972,47.32712849416566,36.802982803990744,24.25413031585049
326,46048.0,45854.834007540914,45980.65975843236,45869.64193664927,45834.338169885035,8.0,21.002853201098333,15.069778937780939,35.90360241038434,25.098850218160806
327,45584.0,45875.83019089592,45659.028329531924,45816.366507384286,45848.75392859745,48.0,20.471140742844,61.55052412296209,62.90782442716227,27.653455142288294
328,46144.0,45895.7762890266,46103.760806678285,45995.457585503595,45889.64508016961,280.0,19.042162489196926,235.49620517403673,104.81987087110974,28.173405580640974
329,46144.0,45913.91451587431,46130.02073988,46026.006249126505,45905.10073975873,-48.0,17.017038323450834,-43.6363673983069,-28.448211813840317,3.510696577057388
330,46048.0,45929.810365673504,46016.48807188167,45938.561161875914,45896.66647332373,-344.0,14.716204935280985,-302.2248976766241,-142.16450631263797,-16.000942768820096
331,45456.0,45943.346925744874,45525.57094452675,45741.67723650123,45873.09885422109,-128.0,12.415864932056138,-111.9298156345285,-54.04530712406631,-2.7126763915803167
332,45792.0,45954.642095537616,45792.628440612614,45830.47054762778,45891.241120540566,328.0,10.298400426581793,270.19969914892135,108.02858494043903,23.10432234650216
333,46112.0,45963.94372659804,46065.97034282459,45957.73440638211,45919.307498914095,24.0,8.425307131652517,43.19361633493827,50.13106194537977,18.431753319233394
334,45840.0,45971.49270980092,45879.01567328249,45930.73267151854,45928.10462717903,8.0,6.749949971359456,8.123696870352433,18.364600895703916,13.202359623894154
335,46128.0,45977.44362654076,46082.2177365653,45994.463608173515,45945.71221816188,-32.0,5.164433242985979,-25.70925389069089,-3.0372592582716607,8.493201890938508
336,45776.0,45981.82157628689,45827.59716550111,45924.658153002,45945.09103096091,8.0,3.5352643079240806,3.365256441371457,4.52362132948474,7.833364347075985
337,46144.0,45984.514155156605,46088.94824944804,46003.510850832485,45961.378946856035,-24.0,1.7550758019606292,-13.907668812858901,8.608123246725881,7.15686323792761
338,45728.0,45985.331727890814,45799.78182787539,45941.87439949545,45959.404757436765,80.0,-0.21762064099675626,80.75994893063398,45.30074841068563,9.596048452563991
339,46304.0,45984.07891387461,46250.46814730931,46094.112347653856,45980.57104376116,224.0,-2.3597170064240345,172.00982485412896,47.29412198533464,4.994838512458955
340,46176.0,45980.612293877966,46143.80147758365,46036.46264346612,45969.39443446168,-344.0,-4.588808546202927,-285.42216802588155,-127.41838245467443,-21.506887576393638
341,45616.0,45974.901296782205,45679.623811257545,45839.27558274451,45937.557268608376,-120.0,-6.7771856036597455,-128.29572381990874,-85.54926934935429,-15.759302422891778
342,45936.0,45967.05792267065,45887.21002994383,45865.36410476741,45937.8758296159,-40.0,-8.77195812140053,-36.36363159454777,-9.229425593395717,0.4123524883216305
343,45536.0,45957.357380539404,45606.89654806845,45820.816731557716,45938.38197358502,184.0,-10.405303136354632,179.12059346440583,97.86099256916714,20.62524264836611
344,46304.0,45946.24731639794,46245.45121687264,46061.086089905744,45979.12631491263,280.0,-11.515497327574849,240.85941816987543,118.81240330089713,24.500657073247567
345,46096.0,45934.326385884255,46088.6153844082,46058.44153815951,45987.383287731514,-256.0,-11.955480655982683,-193.7589104234612,-21.423782666475745,2.826137205458508
346,45792.0,45922.33635508597,45857.93339602572,46018.23852457279,45984.77858932355,304.0,-11.613215881468932,264.8271100762031,72.91624869967927,7.034231058209116
347,46704.0,45911.09995412132,46618.269604560606,46204.27403555887,46001.45174984793,-88.0,-10.430753379176167,-92.28927541756275,-63.82747123448644,-18.454251983217546
348,45616.0,45901.47484832762,45673.354845190595,45890.58358210382,45947.87008535711,-432.0,-8.428124630114326,-400.0091449916508,-176.39866240314223,-36.988160222961596
349,45840.0,45894.24370486109,45818.251314577305,45851.476710752584,45927.47542940201,48.0,-5.722844048115803,36.15304227322849,-33.36851597494024,-16.02088448500581
350,45712.0,45890.02916023139,45745.66092973705,45823.84655015394,45915.8283163871,112.0,-2.5206881558551686,95.71426384502774,28.29311447832879,-1.4556971955498739
351,46064.0,45889.20232854938,46009.67984226736,45908.06293970924,45924.56403501091,-8.0,0.8924639862198092,-7.581876132888283,6.247859409915691,1.7639203743492544
352,45696.0,45891.81408820383,45730.497177471276,45836.34226897377,45919.3561571358,-152.0,4.192037240303762,-106.69677743970169,-1.5495362485817168,5.959929981683672
353,45760.0,45897.586403029985,45796.28628738796,45904.96386721208,45936.48389497428,376.0,7.049481857720821,319.24082417238606,141.10353184435007,25.95193258719155
354,46448.0,45905.91305191927,46368.97882581605,46118.54933266247,45971.26002231018,112.0,9.186334737409197,105.56639019239446,48.86013178162466,10.939128451413126
355,45984.0,45915.959072504804,46007.419067772746,46002.68413077533,45958.3621518771,-280.0,10.413361964445357,-244.46441917956327,-106.52313649948337,-14.179762839226896
356,45888.0,45926.73977584816,45880.04998745692,45905.503059663504,45942.90049663173,-184.0,10.653296819371462,-167.11914303122467,-88.42954128006386,-12.716630413782696
357,45616.0,45937.26566614355,45673.180781710296,45825.8250482152,45932.92889104954,104.0,9.957122353505838,79.03470280485635,25.234512659291795,5.8748389702814166
358,46096.0,45946.65402055517,46038.119393066634,45955.97208498209,45954.65017457229,72.0,8.51043752631449,75.53557668952635,60.13307925793197,14.65379225137076
359,45760.0,45954.286541196176,45824.25193508935,45946.091206731064,45962.23647555228,120.0,6.620328470075037,119.47794810566484,83.16472511450411,17.69812475760409
360,46336.0,45959.89467749532,46277.075289277964,46122.301535211096,45990.0464240875,176.0,4.667757436916872,146.1140699422067,69.36109608558036,10.512269739592739
361,46112.0,45963.62205607001,46116.48007497376,46084.813398902224,45983.261015031465,-176.0,3.052409454827284,-138.19483943539308,-51.0814368577594,-13.222358304461522
362,45984.0,45965.99949640498,46000.68561040718,46020.13866149558,45963.60170747858,-24.0,2.121426382309437,-32.366412530715024,-46.605406658858556,-20.679222178961936
363,46064.0,45967.86490883463,46051.74724991233,45991.60258558451,45941.90257067354,16.0,2.1010371326919994,-10.202110933165386,-64.7347831188199,-27.804008271355997
364,46016.0,45970.20157067036,45980.28138854085,45890.66909525794,45907.993690935866,-360.0,3.0259346098755486,-314.1249916177985,-163.59894269759752,-39.30919519088275
365,45344.0,45973.91677805438,45423.497266676735,45664.40470018931,45863.284180291776,-96.0,4.713132471511926,-95.23171552988788,-66.06204497396538,-18.745301629500318
366,45824.0,45979.627835613384,45789.81795748107,45758.54500531001,45870.503087676865,240.0,6.800759866066073,195.4104782096838,61.41280777569409,9.544061768934625
367,45824.0,45987.51829778651,45814.3182230961,45787.2303157407,45882.372303829645,-40.0,8.811510453011579,-23.90861890447195,10.300468301047658,14.787831344259757
368,45744.0,45997.25085651941,45742.00071967213,45779.1459419121,45900.078750365385,-112.0,10.24845392946736,-82.31390506335447,9.488597127448884,25.510384054006863
369,45600.0,46008.015205645446,45649.690412969394,45806.2075099956,45933.39307193766,160.0,10.729322629187664,156.1417581442256,130.16532308129536,49.98397516915793
370,46064.0,46018.70950177778,46054.28423596058,46039.47658807469,46000.0467007037,392.0,10.082850971321022,356.015002794069,221.00737211643718,63.45596380122879
371,46384.0,46028.18090758809,46361.72041855753,46248.22225422847,46060.304999540116,200.0,8.382282394119102,196.03827538462428,140.85679326801983,44.07354881341962
372,46464.0,46035.47406656602,46446.36078672983,46321.19017461073,46088.19379833054,0.0,5.93157640490972,-3.5556981785484822,1.563007687622303,9.098488706953503
373,46384.0,46040.04406039791,46354.609022200435,46251.34826960372,46078.50197695402,-264.0,3.183689961238997,-238.70665352723518,-136.16777020515292,-24.966722528817627
374,45936.0,46041.8414464885,45968.94747967536,46048.85463420043,46038.260353272904,-240.0,0.6221157361615042,-220.92414414828454,-146.06631830307742,-35.12860601747161
375,45904.0,46041.28829187023,45912.760733903866,45959.21563299756,46008.24476491908,16.0,-1.3658575880835997,-12.383076252172032,-62.03118470408299,-24.803350107871665
376,45968.0,46039.10973131233,45944.18132717101,45924.79226479226,45988.65365305716,-104.0,-2.5836478639539564,-87.67277087780167,-56.027235809167905,-18.558429209060705
377,45696.0,46036.12099614232,45737.41519214826,45847.16116137923,45971.12790650096,0.0,-3.0527483553960337,0.3098257185847615,-2.050522723420727,-3.769351231156179
378,45968.0,46033.00423460154,45944.80097860818,45920.69121934542,45981.11495059485,104.0,-2.999145001955185,91.39067950082972,49.87566763890209,10.642791623635276
379,45904.0,46030.12270613841,45920.19655114992,45946.91249665703,45992.41348974823,56.0,-2.7726744056089956,56.37832829137187,47.67752564012699,15.719213640790258
380,46080.0,46027.45888579032,46057.557635190926,46016.04627062567,46012.55337787643,24.0,-2.7413374892639695,25.14925999560728,37.156909281478875,16.76755702202354
381,45952.0,46024.640031159885,45970.49507114114,46021.22631521999,46025.948603792276,-16.0,-3.197803590210242,5.412791655915498,39.79320220430964,17.092656105458445
382,46048.0,46021.0632786099,46068.38321850276,46095.63267503429,46046.738690087346,232.0,-4.2811519392053015,199.80423987541508,98.22269733145004,20.727020799440652
383,46416.0,46016.077727281474,46370.10355089197,46217.67170988289,46067.40264539116,96.0,-5.957834744396678,72.23808684902542,22.874889790044108,3.234087573364377
384,46240.0,46009.14760912111,46212.85939220081,46141.38245461438,46053.206865234075,-368.0,-8.037127117670025,-302.18675018175054,-125.59802796132135,-23.535436895374005
385,45680.0,46000.003473046134,45765.730050528466,45966.475653960246,46020.33177160041,24.0,-10.222036371502327,2.84241297137487,-31.668973674011795,-15.858505053649424
386,46288.0,45988.7035363781,46218.54421814356,46078.04450726636,46021.489855126776,128.0,-12.19174868198752,93.45330882610506,6.59110693929324,-12.167423717291967
387,45936.0,45975.61997568216,45952.636668180676,45979.65786783883,45995.996924165825,-232.0,-13.665803937128658,-182.7242090595173,-76.55770550810848,-22.493084752659342
388,45824.0,45961.371928503846,45853.09580002452,45924.92909625014,45976.50368562146,72.0,-14.456382000200392,45.938131966446235,-4.264223463622329,-11.868054263297381
389,46080.0,45946.70721168176,46044.51293211357,45971.12942091159,45972.26081563923,24.0,-14.488434319013322,13.981792656897596,-8.234964882762142,-9.629829200264794
390,45872.0,45932.39505986582,45881.05938533832,45908.459166484616,45957.24402722093,-144.0,-13.783928364588064,-118.15662008366053,-44.4406711846641,-10.754587057253957
391,45792.0,45919.13935495258,45808.19969194625,45882.24807854226,45950.75164152472,0.0,-12.42717098801586,8.138766339146969,18.912951328777126,1.4451963800311205
392,45872.0,45907.54071788979,45897.33691801661,45946.28506914217,45960.13441998099,256.0,-10.525101147071837,215.8218161534387,101.17952517099548,13.78949945531349
393,46304.0,45898.08915265844,46239.843324253125,46084.60712888425,45978.33064043535,8.0,-8.162000958076533,21.723027502139303,28.625624184205662,1.9127524761315726
394,45888.0,45891.216715973635,45940.78297302089,46003.53631751058,45963.95992493325,-40.0,-5.391248837040621,-35.14548612778162,-23.302652618378488,-10.572719255436823
395,46224.0,45887.30665498436,46169.55235199756,46038.00182364749,45957.185201924476,-16.0,-2.2532702524731576,-43.46886103552242,-58.53358203934113,-20.115462912552175
396,45856.0,45886.71017546869,45853.845250949846,45886.4691534319,45923.72899910815,-392.0,1.2160929264573497,-326.4808462984838,-136.29809349964125,-30.069752860923472
397,45440.0,45889.73884083727,45516.590659400594,45765.40563664821,45897.04569620263,208.0,4.940515186302946,171.55372635256936,41.639301540417364,-3.831018095384934
398,46272.0,45896.591205841294,46196.952703654984,45969.747756512734,45916.06696291738,208.0,8.760183222599153,179.27054163045977,53.21599812088607,1.2246148606172937
399,45856.0,45907.25920728247,45875.13174266151,45871.83763288998,45899.494925923864,-264.0,12.420363718243607,-226.16224768589746,-89.99130717775552,-14.397290697317658
400,45744.0,45921.43193327778,45744.62820828319,45789.76514215722,45887.272381522744,-144.0,15.58511171788632,-127.36249296238384,-59.18991965414898,-5.058925324989104
401,45568.0,45938.42943071824,45620.406756736746,45753.457793581685,45889.377075273886,176.0,17.882405555159494,137.81233213728046,56.4215482153013,18.17354751484163
402,46096.0,45957.1967443881,46020.25287255775,45902.608238587825,45923.61947655243,8.0,18.971691434344393,21.110478609756683,52.45456430005288,25.623375106159074
403,45584.0,45976.37281358693,45662.62771395626,45858.36692218179,45940.623825486204,96.0,18.61905251954522,111.01415190179614,92.94214468486098,34.83554020808879
404,46288.0,45994.43484942719,46242.28117636134,46088.49252795755,45993.290556968605,328.0,16.759966469111532,275.5586034898224,130.37186975452641,37.93125933083138
405,46240.0,46009.892746525155,46213.744920935904,46119.110661690844,46016.48634414787,-208.0,13.54087463813994,-159.81165074591263,-29.826535421274457,12.020104386654566
406,45872.0,46021.51659870347,45922.65787486952,46028.839457115,46017.33076574191,-32.0,9.314892113219685,-37.79767171880303,-11.851476018353424,8.110959881141753
407,46176.0,46028.522530751594,46138.1495774983,46095.40770965414,46032.70826391015,24.0,4.588200964266434,26.239590120250796,26.272107366210548,8.212911363745661
408,45920.0,46030.693000632,45975.13705511002,46081.38367184742,46033.756588469405,104.0,-0.044754650560207665,112.67275316181986,66.66779811699598,6.736153982721589
409,46384.0,46028.43302145047,46363.49508382194,46228.74330588813,46046.18057187559,344.0,-3.9955534084583633,285.8334478216275,69.73128698477012,-4.466988000029232
410,46608.0,46022.70189381509,46546.803950753274,46220.84624581696,46024.82261246935,-480.0,-6.783953808582737,-426.8824423199003,-201.47393716268562,-50.51682878278007
411,45424.0,46014.86511383331,45509.73019918214,45825.79543156276,45945.14691431003,-280.0,-8.111420067067229,-292.26705721176404,-194.15309847282333,-53.61835244380927
412,46048.0,46006.47905368095,45962.269836329746,45832.54004887131,45917.58590758173,-160.0,-7.8869711944389564,-159.99994689326923,-100.98535825578801,-34.081711349219404
413,45104.0,45999.09117144443,45189.7303053956,45623.82471505118,45876.983491611594,160.0,-6.234638012403593,159.9999011991058,51.19702370545929,-1.953241389557661
414,46368.0,45994.009777656145,46282.26963872796,45934.93409628223,45913.67942480261,240.0,-3.47109407698008,232.50713320380964,94.57642937216951,13.979904431151226
415,45584.0,45992.14898329047,45654.74457180322,45812.97757379552,45904.9433004739,-216.0,-0.03692212271562312,-174.3655890370428,-7.467735588950745,7.311040694981784
416,45936.0,45993.935933410714,45933.53846065387,45919.99862510433,45928.301506192576,336.0,3.5709947585783084,266.48619212000995,99.02036386097461,22.97328102830579
417,46256.0,45999.29097280763,46187.71695604324,46011.01830151747,45950.88986253051,-168.0,6.861858372983988,-128.29107971195117,-31.471172828125418,7.332849464455649
418,45600.0,46007.65965015668,45676.95630122997,45857.05627944808,45942.96720512149,-96.0,9.404762637554086,-84.92479334592281,-25.43388234534723,9.2257028470558
419,46064.0,46018.100498082735,46017.86736935139,45960.150536826775,45969.34126822462,136.0,10.857242229860276,110.2479148783641,51.169525792080094,21.64112651436517
420,45872.0,46029.3741346164,45897.4521309867,45959.39533103224,45986.24945815022,-16.0,10.977152245050092,6.8454165687981,42.94245972158387,22.620662833105598
421,46032.0,46040.054802572835,46031.55820248899,46046.03545626994,46014.58259389083,136.0,9.636777616691688,131.8970839472422,93.65785337267516,27.46226543515877
422,46144.0,46048.647689849786,46161.24629888118,46146.71103777759,46041.173989020535,248.0,6.812083519409498,215.9195907980902,102.03110039644162,21.450094580726727
423,46528.0,46053.678969611654,46463.39738408517,46250.097657062826,46057.482783052285,-8.0,2.583795477912645,-20.861994370188768,-35.564552183350315,-7.217066815632279
424,46128.0,46053.81528080561,46119.522310140805,46075.58193341089,46026.73985538927,-488.0,-2.8396919339720625,-423.2590794111602,-200.72475694648892,-35.80593489355306
425,45552.0,46047.99958574371,45616.87922526285,45848.64814316985,45985.87091326518,-152.0,-9.123212240414432,-141.2514023928852,-78.60971865611646,-19.175396460836055
426,45824.0,46035.56885632478,45837.019505355034,45918.362496098656,45988.3890624676,336.0,-15.799282343639788,285.23780686733517,116.89560097813228,10.737602325803891
427,46224.0,46016.40102105643,46187.35483899752,46082.43934512611,46007.346117916786,176.0,-22.27172136138688,167.10952863009152,93.2965215905133,8.124361345027864
428,46176.0,45991.02541360201,46171.23856261522,46104.95553927968,46004.637785157654,-40.0,-27.865565277192218,-39.923463306200574,-13.006036206592398,-11.27644350125047
429,46144.0,45960.669890502046,46107.50791238512,46056.42727271293,45984.793230914285,-312.0,-31.903038030643074,-266.7541155460385,-92.31463021028685,-27.804892697655305
430,45552.0,45927.21933754072,45637.73033152314,45920.32627885911,45949.027999762344,184.0,-33.80417103236687,170.81345347755996,48.062145575735485,-15.913831163827126
431,46512.0,45893.06154843731,46449.13481934024,46152.5515638644,45952.96556858663,360.0,-33.19867439644804,305.702235035973,52.501066937493306,-24.014152746378386
432,46272.0,45860.821988747826,46249.134801595086,46025.328412734096,45900.99969426959,-552.0,-30.018197565808805,-501.8724465156847,-250.5589447632592,-70.51588960356457
433,45408.0,45833.025153305694,45445.38992630887,45651.43367433788,45811.9337893795,-448.0,-24.535810276142,-429.2488069958963,-252.17790122727092,-68.8692154211094
434,45376.0,45811.75036819554,45390.63718760329,45520.972610279554,45763.26126342737,40.0,-17.359860891418066,18.433199310900818,-57.974758918549924,-29.309462780765898
435,45488.0,45798.30543152286,45482.25632493067,45535.48415650078,45753.31486381797,64.0,-9.329364723580511,62.900761980701645,38.25362447161751,3.319343581501016
436,45504.0,45793.09163874838,45516.4387115647,45597.47985922279,45769.89995059037,80.0,-1.378071059629292,96.37594445750074,108.7356323334061,29.880084301916213
437,45648.0,45795.5492894036,45675.00821384567,45752.95542116759,45813.0750324218,440.0,5.606412917488342,390.9154857053436,207.95327252859352,51.42883345252267
438,46384.0,45804.30446458336,46298.269682975384,46013.386404279976,45872.757617495416,32.0,10.944988662271498,51.4344924697034,75.12418525237808,34.1204659483883
439,45712.0,45817.43926672814,45777.87719878508,45903.20379167235,45881.31596431858,-184.0,14.258759873660892,-145.13601292402018,-14.580716771459265,17.02414503908949
440,46016.0,45832.82198433068,46007.997657127344,45984.22497073706,45906.805907573595,248.0,15.507057687533234,190.10874397900625,65.13366443324048,20.030238633691624
441,46208.0,45848.45338210321,46158.09468674309,46033.47112053883,45921.37644158596,-128.0,14.93877475138288,-99.42953666881658,-38.01828992881201,0.2393560916716524
442,45760.0,45862.699533833445,45809.13858378971,45908.18839087943,45907.28461975694,-120.0,13.004058466274728,-103.26318400484524,-51.18853421968015,-6.727590841179335
443,45968.0,45874.46149903576,45951.5683187334,45931.09405209947,45907.921259903604,88.0,10.247087396794086,60.27132861067366,4.452687269767921,-2.367296858155896
444,45936.0,45883.19370862703,45929.68124101106,45917.09376541897,45902.550026040626,-72.0,7.176229460907052,-53.48087266706352,-23.453403971016087,-7.0437325609455
445,45824.0,45888.81395795757,45844.60657339927,45884.18724415744,45893.83379478171,24.0,4.176125568006682,17.958199384556792,-2.8128991828161816,-5.224541519826744
446,45984.0,45891.54595976305,45965.59763978017,45911.46796705334,45892.10094300097,48.0,1.466313685712521,28.97926528177777,-8.98529357742882,-6.327804630691389
447,45920.0,45891.746585329,45902.56510396283,45866.21665700258,45881.17818552033,-176.0,-0.8956580983685853,-150.20701600319444,-72.14298154946664,-12.863848204629903
448,45632.0,45889.75464356631,45665.18360777378,45767.1820039544,45866.37324659171,-80.0,-2.9672442479859455,-71.46345732011468,-31.443651070974738,-3.0862765990277694
449,45760.0,45885.812096833026,45759.6381893226,45803.32935486063,45875.005632322274,104.0,-4.845266811065812,92.64552816181458,57.812028336546064,14.38266734667559
450,45840.0,45880.06410994418,45850.47466409741,45882.806060627496,45895.138581285064,144.0,-6.591415125505591,143.20979526187512,100.87973608060565,22.88987802703923
451,46048.0,45872.629266582015,46046.05777984635,46005.08882702184,45920.78538837635,216.0,-8.171582129558374,185.87201498067952,100.82717990527453,19.286076510110433
452,46272.0,45863.72094568506,46222.21869405877,46084.460420438045,45933.710734305285,-96.0,-9.436542573723273,-72.74561549370264,-14.398196364778414,-3.989117355806229
453,45856.0,45853.75618143457,45900.566548858944,45976.292434292285,45912.80715366474,-120.0,-10.165930204530014,-98.81940090512944,-48.02176899962069,-18.063222957305697
454,46032.0,45843.389085276,46024.57989224851,45988.4168824388,45897.58428839067,128.0,-10.118462461185118,86.9128046321348,-9.66711063407638,-21.94365085453319
455,46112.0,45833.5192565122,46074.39215812321,45956.95821302413,45868.919851955674,-152.0,-9.117959569110099,-138.22694350921665,-108.97956290260845,-40.818443837215455
456,45728.0,45825.15316613778,45748.12600523008,45770.45775663359,45815.94740071624,-232.0,-7.1453191142609285,-225.636126742731,-165.2715780737526,-48.57508120362036
457,45648.0,45819.228618283676,45623.11990463775,45626.41505687663,45771.76968954843,-272.0,-4.373554641839291,-249.40657740358802,-154.83517131864937,-37.989226690384385
458,45184.0,45816.4060568541,45249.3128504229,45460.78741399629,45739.968947335474,-48.0,-1.159738234582619,-47.24280210032157,-27.233935882188234,-4.002294846188306
459,45552.0,45816.90914181451,45528.63430043711,45571.94718511225,45763.76509985606,176.0,2.0097260505208396,162.49295219972555,121.13336367208103,34.38440751338567
460,45536.0,45820.425508955144,45574.298754822354,45703.05414134045,45808.737762362245,368.0,4.6250678989126754,347.92720523875323,214.63402689843133,58.60955062430003
461,46288.0,45826.159277612336,46224.488710914615,46001.21523890911,45880.98420110466,224.0,6.265132772641664,221.86453392360272,154.76871702321296,51.89564879764657
462,45984.0,45832.95577450043,46018.02782266956,46012.591575386876,45912.52905995754,-48.0,6.685751271445042,-36.32177489726382,25.672124171203905,27.971311850757047
463,46192.0,45839.530780155226,46151.84516112009,46052.55948725152,45936.92682480617,-56.0,5.8848865104373544,-66.95685594905808,-29.752344509593968,11.644106088941044
464,45872.0,45844.7255475213,45884.11411077144,45953.08688636769,45935.81727213542,-256.0,4.101535169989802,-207.16049649141132,-58.92915769998581,2.0813109360206
465,45680.0,45847.733850495206,45737.524168137264,45934.70117185155,45941.08944667821,344.0,1.7612757660717762,295.07778272242285,108.9648714096329,18.326646876703307
466,46560.0,45848.248099053446,46474.26967621629,46171.016629186954,45972.47056588883,144.0,-0.6048546472011367,130.77608244562362,41.823771928884526,2.0046475050585286
467,45968.0,45846.5241412008,45999.07633302851,46018.34871570932,45945.09874168833,-344.0,-2.4593693432070722,-296.5407560006315,-127.49355562297569,-28.516887116085854
468,45872.0,45843.32936036703,45881.188164215026,45916.029517941,45915.436791656655,-48.0,-3.3591403265600093,-71.94734773836535,-80.3044387978116,-27.490110448838095
469,45872.0,45839.80586054768,45855.18163755178,45857.739838113695,45890.11852079065,-136.0,-3.0256057012156816,-110.09833890432128,-65.41976077046274,-24.412344826469052
470,45600.0,45837.2781489646,45660.99148640638,45785.18999640008,45866.61210200372,144.0,-1.3816276484212722,110.76728088650998,20.045156486419728,-10.175813686753827
471,46160.0,45837.04260525084,46076.7161993248,45897.830151086535,45869.766893417145,8.0,1.4388022620769334,-0.6942904575553257,-18.444769770270796,-11.356863915712893
472,45616.0,45840.155753488754,45659.60290549127,45748.300456859535,45843.89837417229,-240.0,5.117369924442755,-199.09876637717753,-83.37946579723211,-14.473600536235608
473,45680.0,45847.27734509973,45678.518666570446,45731.07121949207,45840.819692344674,16.0,9.206991157225275,11.509093931384996,8.306372378567175,4.962302789612295
474,45648.0,45858.569735803205,45682.62109335404,45764.91320161667,45853.822979751516,200.0,13.19860448471809,177.20789355382294,92.29858293293728,23.29443639441888
475,46080.0,45873.67455406916,46032.93445367809,45915.668385357945,45887.40856513351,128.0,16.598722006066964,114.98562871449758,68.58937642024466,23.95601363867172
476,45904.0,45891.76717981534,45912.59235078304,45902.09195445716,45901.73500702886,-96.0,18.99830920300883,-77.3803489798629,-14.530453672206932,14.213192246788822
477,45888.0,45911.67117247518,45878.173755718366,45886.60747801353,45915.83494962709,-104.0,20.120777962165448,-83.5498164728233,-16.18073743685818,15.491690079586988
478,45696.0,45932.00873573967,45745.49271783739,45869.73047958344,45932.71838718803,128.0,19.854255765883863,114.7825513059579,69.98824136163603,28.71935692034458
479,46144.0,45951.37968400695,46107.73885833028,46026.5839607368,45973.27366346778,208.0,18.259788249386474,180.94043214431804,98.14546152175899,32.01895945313299
480,46112.0,45968.52831223844,46107.37358212603,46066.02140262696,45996.7563060943,-40.0,15.553847739149205,-23.497365574112337,16.448143203633663,17.720457931238343
481,46064.0,45982.48737948525,46060.74412718206,46059.48024714407,46008.714579330255,-80.0,12.072670813558943,-62.90881903367335,-8.801031910847087,9.194002202468255
482,45952.0,45992.67365386556,45981.55594405868,46048.419338805266,46015.144310499236,72.0,8.238228588787024,68.59153717001027,37.14876106382508,9.5869466939439
483,46208.0,45998.96383666282,46197.92720152208,46133.77776927172,46027.88847271814,208.0,4.5033291245563305,166.00726507377112,48.247315102311404,3.73858585481139
484,46368.0,46001.68031211467,46313.57047420622,46144.91396900989,46022.62148220886,-264.0,1.3068606555425504,-225.60511786533607,-100.40681575688723,-22.535916398843256
485,45680.0,46001.577557973906,45746.716965791406,45932.96413775795,45982.81663992046,-184.0,-0.9547392093627423,-164.16791787720285,-85.46776237296581,-24.66401029237386
486,46000.0,45999.77083369595,45985.23463845182,45973.97844426396,45973.29346162411,208.0,-1.9758098736383545,164.69086491949565,28.003528637989803,-10.85850521514294
487,46096.0,45997.62593822663,46076.0986956304,45988.971195033926,45961.09962949017,0.0,-1.5669532397987496,-8.642464669457695,-38.52165171306842,-18.93885065943323
488,46000.0,45996.63692721635,45967.9497091129,45896.93514083782,45935.415760305244,-368.0,0.32500001894368324,-317.2834241598248,-143.56848377719143,-28.9130811696632
489,45360.0,45998.275938264516,45441.53184731075,45701.83422747954,45903.273467150844,-88.0,3.5956848333298694,-69.87564204159935,-24.18379961850951,-4.978619796856947
490,45824.0,46003.82829688301,45828.1984250297,45848.5675416008,45925.45852071153,496.0,7.983722724678955,412.36897805142144,159.01708492165926,27.257979596262885
491,46352.0,46014.243383713874,46266.26980341359,46019.86839732286,45957.78942634337,-80.0,13.089345402335312,-49.65585287142676,5.235054383494571,12.62037694900937
492,45664.0,46030.00698768768,45728.88671928685,45859.03765036779,45950.69927460955,-176.0,18.401994760315574,-158.5835145531455,-63.31192177117555,7.244811996657518
493,46000.0,46051.047373234505,45949.1027743073,45893.24455378051,45972.279050336685,-32.0,23.360617011210707,-34.27007344307276,-19.170819697021216,20.193728243968508
494,45600.0,46076.7282217101,45660.346572400704,45820.69601097375,45991.086731097486,0.0,27.423291382132447,12.976660096912383,37.79946268010826,38.362017315674166
495,46000.0,46105.89395599877,45975.056094501124,45968.84347914073,46049.00308496803,208.0,30.134585427542333,189.98999460603227,132.56920773734237,60.36650811895015
496,46016.0,46136.99739256519,46040.32656161277,46085.83442644843,46111.81974733539,192.0,31.17960539138585,186.90327517549304,151.90816053192248,67.60764973412006
497,46384.0,46168.25316678154,46348.86264485211,46272.65980020457,46184.21838443627,128.0,30.436211040676426,132.84930749991327,131.1552738584287,62.40955632270561
498,46272.0,46197.86981464654,46306.025176612595,46348.14497416529,46236.6388599808,120.0,27.992608172840846,127.28841482344797,113.55766104336362,50.65241854355918
499,46624.0,46224.238383127224,46603.439474499006,46499.7751222913,46285.52322152339,232.0,24.117774259309954,194.6116703814405,89.51770927165853,31.960522618766845
500,46736.0,46246.10536316516,46695.248517375476,46527.18039270861,46300.55990521833,-120.0,19.232009685612866,-111.94837024616209,-77.00453322838803,-6.7353210441469855
501,46384.0,46262.70240249845,46379.54273400668,46345.76605583452,46272.0525794351,-360.0,13.847271871083649,-337.99211333540734,-200.5313089568226,-34.10469681147515
502,46016.0,46273.79990690733,46019.26429070466,46126.11777479496,46232.35051159538,-384.0,8.49595768953077,-343.9569897787005,-164.5893936420798,-28.88454225995156
503,45616.0,46279.69431787751,45691.62875444928,46016.587268550364,46214.283494915195,224.0,3.668748458901973,211.2158609092803,90.76312803057954,11.847158065578697
504,46464.0,46281.13740382513,46441.69601252322,46307.64403085612,46256.04482772654,544.0,-0.23531444033869775,477.8396957717814,212.87877773382206,31.363574197665002
505,46704.0,46279.22368899683,46647.30814599284,46442.34482401801,46277.010643310525,-104.0,-2.951399873210903,-77.84713656614986,3.8732051708902873,-0.38365225048255525
506,46256.0,46275.23460407871,46286.00173939092,46315.3904411979,46255.27752322557,-248.0,-4.365445157916838,-211.29770964730778,-97.25916222115848,-21.769243923678005
507,46208.0,46270.492798681,46224.71272669823,46247.82649957569,46233.47215546317,64.0,-4.521582730067166,22.2746207984419,-47.650691834365716,-20.531759989240527
508,46384.0,46266.191438618574,46330.550980987806,46220.08905752917,46214.21400324709,-216.0,-3.616677893234737,-189.78965254688592,-109.69291328193503,-27.747452053725283
509,45776.0,46263.25944289453,45845.133421604456,46028.44067301182,46177.97725135572,-128.0,-1.9687530339906516,-111.36763958559459,-65.42804801144302,-16.13788932358875
510,46128.0,46262.25393255059,46107.81570181662,46089.232961506284,46181.938224599915,216.0,0.020786918692465406,161.7607892952401,41.4087692476096,6.65788447419618
511,46208.0,46263.301016731915,46168.655000194936,46111.25821150704,46191.29302030411,-184.0,1.9209342215399374,-135.88570064697706,-26.34564424572818,8.51944671939782
512,45760.0,46266.09580099367,45836.04430052266,46036.54167301483,46198.97711803871,32.0,3.340240138939407,47.61080294103522,63.55429801520586,29.632953636537422
513,46272.0,46269.981497009794,46263.87660607701,46238.36680753745,46250.558927577185,464.0,3.9913608601018495,387.2153359393924,185.00853829134576,50.50975591733368
514,46688.0,46274.07852271388,46610.47497240145,46406.55874959752,46299.99662987338,-104.0,3.7377314242039574,-69.17237394498079,27.471316858827777,30.03753378985857
515,46064.0,46277.4569598582,46125.531858187045,46293.30944125511,46310.6339951569,-200.0,2.618915171460685,-149.1382210025222,1.4054122851412103,22.969065041372232
516,46288.0,46279.3163530568,46312.1985303964,46409.3695741678,46345.93475995612,432.0,0.839781919366942,377.1348053087386,176.74491999659222,38.19750279702566
517,46928.0,46279.136523696936,46879.80146880452,46646.79928124829,46387.029000750954,288.0,-1.2768879932445998,257.13480131337565,96.82934770463544,14.045690832379478
518,46864.0,46276.76257707031,46826.468133023154,46603.02826957707,46374.02614162088,-464.0,-3.3569509471053607,-406.7339986457446,-174.25687688267863,-37.50155204903058
519,46000.0,46272.422621802725,46066.33347151303,46298.285527482934,46312.02589665289,-272.0,-5.057521501723386,-262.72597596480773,-155.59997835266768,-46.3989501353426
520,46320.0,46266.64753406686,46301.01618109354,46291.82831287174,46281.228241350196,192.0,-6.140360380886705,139.7636150481885,-20.54305817533168,-32.73624323518379
521,46384.0,46260.14190104095,46345.86070160941,46257.19941113227,46246.553410182525,-176.0,-6.510446191521623,-145.85197143709593,-98.02919617333464,-41.54716065854882
522,45968.0,46253.62664168382,46009.31223821935,46095.76992052507,46198.1339200331,-128.0,-6.222979915684846,-129.9872722933178,-97.54453034466496,-36.91279414777091
523,46128.0,46247.69594120958,46085.886157022775,46062.11035044294,46172.72782188698,-152.0,-5.456261099323456,-133.9952960827177,-66.60439486066025,-23.169707051765727
524,45664.0,46242.71411948517,45741.32164605391,45962.56113080375,46151.79450592957,80.0,-4.452131319241744,81.50359407667202,49.73134576268785,3.4564093390617927
525,46288.0,46238.7916785711,46248.89334517612,46161.57304196832,46179.64064056511,312.0,-3.4576114081282867,272.5785502268336,135.79843214872017,22.4281666637944
526,46288.0,46235.798896668915,46286.47874650758,46234.15799510119,46196.650839257156,16.0,-2.679744000222854,29.979133869335783,45.66395068346901,12.442740654907539
527,46320.0,46233.43219057065,46308.85161291479,46252.900943335255,46204.52612187492,-24.0,-2.2409681793833442,-33.369069018834125,-14.806580098305858,2.101588711513614
528,46240.0,46231.31696031015,46219.74060846991,46204.54483490458,46200.85401668018,-232.0,-2.181785435452184,-190.40796209533437,-66.08369097839022,-5.629404360730405
529,45856.0,46229.06861969975,45928.03568872412,46120.733561378474,46193.26731315346,144.0,-2.4809949821828923,121.04839974640709,48.55550716313883,9.2766621309529
530,46528.0,46226.35497034578,46461.837407962725,46301.655849230854,46219.40734094209,168.0,-3.0749256542840158,150.41388318064128,67.75021246780307,10.710394835728948
531,46192.0,46222.91876839118,46228.863455085404,46256.23398631408,46214.68810282492,-64.0,-3.89167593944876,-48.65667745028986,-13.304869759733265,-3.5848329759210174
532,46400.0,46218.571618466885,46364.524053062145,46275.04610971139,46212.23767499025,-24.0,-4.870451267324825,-41.71913671255243,-43.66482174700286,-11.83854408515981
533,46144.0,46213.17786585653,46145.4251816603,46168.904342820075,46191.0110146546,-256.0,-5.958338593918597,-211.97296310033562,-93.68959548127532,-18.876109602919314
534,45888.0,46206.65494127905,45940.578126861474,46087.66691874884,46174.48545578441,72.0,-7.107235976214724,58.04357950856138,18.59603530318418,-2.2012860809700214
535,46288.0,46198.9633939041,46261.51234067742,46206.09641342644,46186.60844249266,224.0,-8.264630643723649,188.49591720305762,77.47770139082422,7.053408832882269
536,46336.0,46190.1256799916,46317.56996126759,46242.622321530485,46188.59227345017,-48.0,-9.363726477738965,-36.092573071884544,-10.162931130718789,-5.386555369976122
537,46192.0,46180.23594094862,46189.32719453365,46185.770551165006,46175.83533175271,-168.0,-10.30139821549892,-141.6067940656685,-59.966494782969676,-13.565175109833945
538,46000.0,46169.5228835606,46034.35637313625,46122.689331964546,46161.461923230505,24.0,-10.96877444947313,16.811044283851516,-1.736553218193876,-6.300312360672251
539,46240.0,46158.29839204968,46222.949283101356,46182.29744472862,46163.23470703136,128.0,-11.268528872362367,103.3393254718867,30.756835128388047,-2.065480847577419
540,46256.0,46146.98582581588,46241.035024080025,46184.20300222132,46157.33096153535,-64.0,-11.110862429359258,-56.7391386211857,-33.99294139664198,-10.83719741924142
541,46112.0,46136.07666719096,46109.471005858984,46114.311561935334,46141.56031219288,-160.0,-10.454248764279328,-144.20898892611513,-68.73565931831763,-14.292633732828108
542,45936.0,46126.07732828732,45952.617046227795,46046.73168358469,46128.745694069694,-96.0,-9.3156243385165,-73.76872849220672,-12.214036558299995,-3.177333419702336
543,45920.0,46117.445418513926,45961.93354887457,46089.883488818734,46135.205645353475,344.0,-7.750678448119288,298.2311923145535,128.09354964341037,17.22023355145575
544,46624.0,46110.57597139108,46549.0794308569,46302.91878287151,46163.186161172605,152.0,-5.844117264925444,133.2960909719004,52.494685488531104,4.939823877761228
545,46224.0,46105.757183984075,46228.52573081837,46194.872859795796,46145.085293109,-352.0,-3.702343930457573,-297.9250459466857,-122.60949317781706,-22.046603408158262
546,45920.0,46103.171283530166,45953.22933896353,46057.69979651587,46119.09295435629,-112.0,-1.421865074426023,-109.14969703718452,-68.32316502198228,-16.037691034896852
547,46000.0,46102.91345383522,46010.226336744,46058.22652975183,46113.009911039204,136.0,0.9220736971619772,108.12868150046779,29.639998111873865,-0.43254776512185344
548,46192.0,46105.01543092449,46169.486701964466,46116.97979273962,46118.227858826045,48.0,3.257471640670701,46.69387504281258,21.243159357600234,1.5293407281424152
549,46096.0,46109.428397116564,46103.61408682963,46100.71284846703,46116.06859249549,-32.0,5.51320380506877,-27.802180986684107,-13.910520039073162,-1.1558367057841679
550,46128.0,46116.04183853463,46113.8823399911,46089.158752661475,46115.91618541448,-64.0,7.603581564853812,-60.32004688304005,-30.97471947482336,-0.7565978102829831
551,45968.0,46124.63556024627,45982.97399306355,46038.763409517385,46114.55539687492,-72.0,9.399155629776942,-56.0383816098074,-15.013638385396916,5.966981304187357
552,45984.0,46134.84014979418,46001.80557677148,46059.13147589068,46127.85014802285,120.0,10.728902277311136,107.85946756535122,57.93380431863625,20.487258549073886
553,46208.0,46146.093364800894,46198.69292819425,46154.63101815466,46155.52991397307,184.0,11.39635322308095,150.35199239403664,68.81505134130202,25.05626164887144
554,46352.0,46157.63285624034,46302.50956155956,46196.761578573285,46177.962671320594,-176.0,11.213020158029394,-143.63555883690424,-35.48865029473018,13.730890913553594
555,45856.0,46168.51940511695,45911.42181052044,46083.6537175652,46182.99169580018,-152.0,10.047083581837796,-113.9786984368875,0.7189977745147189,21.378609269595472
556,46048.0,46177.72702340402,46074.55216468578,46198.199574122315,46220.719889859785,488.0,7.878895735873812,419.1827058670897,189.64564361827433,46.36418855259399
557,46832.0,46184.2771965887,46749.78722225462,46462.945004801746,46275.720072905366,144.0,4.834604824132839,140.8796405691064,80.21793308030828,27.186186690847535
558,46336.0,46187.396233052285,46356.311445823994,46358.63544028293,46275.09226324148,-352.0,1.199404780887562,-291.9185473106445,-92.99184437735312,-3.673196501807979
559,46128.0,46186.676006150476,46165.95012763333,46276.96131604704,46268.37367990175,8.0,-2.6094078400565195,-0.6106800240086159,-7.193466212367639,0.30010065535316244
560,46352.0,46182.17741737217,46355.09008577598,46344.248507858196,46275.69246455219,256.0,-6.101482848422165,204.59038702253747,63.4114457402502,3.503407878048165
561,46640.0,46174.47304045363,46575.13090167841,46403.78420752754,46275.380495657846,-192.0,-8.78983191179941,-150.6800852343149,-58.57219656688176,-18.542944111450197
562,45968.0,46164.59775354857,46053.72991530735,46227.10411472443,46238.606576329286,-16.0,-10.274793309978122,-26.430411276691302,-47.128035440891836,-23.24359051209467
563,46608.0,46153.923453833675,46522.270079125024,46309.52813664576,46228.89331463366,0.0,-10.311789666779077,-29.481399862055696,-66.81190975580103,-28.668595963943517
564,45968.0,46143.974174215015,45994.767115583236,46093.48029521283,46181.2693844014,-416.0,-8.84781046813805,-344.2410153496203,-153.3076938265076,-36.960461012189626
565,45776.0,46136.2278328974,45833.788048425784,46002.91274899274,46154.97239260928,176.0,-6.01853356122956,127.96117497146406,22.888828276281856,-7.348372161657608
566,46320.0,46131.937107092555,46250.689465526164,46139.257951765394,46166.572640078084,64.0,-2.107705409242044,70.34874473120362,45.97417865534953,3.9288794727071945
567,45904.0,46132.012422078915,45974.48553788819,46094.86110630344,46162.83015155469,120.0,2.5163613090007857,111.79011185427589,51.033707689763105,9.199019054347445
568,46560.0,46136.96982971056,46474.269689234716,46241.32536714492,46184.97067818678,-152.0,7.4575021972596005,-144.3775928369032,-12.873055586060218,3.3890605414235324
569,45600.0,46146.927426473434,45685.730352214385,46069.11499513132,46169.60827263754,152.0,12.346294152041082,151.9999680859437,62.34712555206352,13.11800808263797
570,46864.0,46161.66241801464,46778.2696254066,46366.01961824905,46211.206694352055,256.0,16.873984793732234,217.23408489281064,47.914432242254406,8.958756432115479
571,46112.0,46180.6753960609,46120.198522000006,46164.94385961583,46187.52578550177,-584.0,20.7918954764682,-502.3688818027258,-174.6038288253112,-19.904619575194374
572,45696.0,46203.246208967576,45773.53186180115,46016.811960598425,46171.397455201666,136.0,23.911629653001,99.26832403031585,12.27408128181196,7.6415424599836115
573,46384.0,46228.4986553669,46318.73517006064,46189.49202217945,46202.80887042174,176.0,26.09137041896247,160.6034833392623,75.426072670758,22.351858741152682
574,46048.0,46255.4289498055,46094.738828479676,46167.66410593994,46216.10117268397,-8.0,27.209788931566436,9.697800817411917,38.004136730454775,21.697360896432656
575,46368.0,46282.91823323003,46338.13077169546,46265.50029564036,46246.2035922146,112.0,27.168867336480616,94.04580169308974,46.58633752060268,24.01259914136608
576,46272.0,46309.76668447846,46282.830431865856,46260.836780981146,46264.126370966704,8.0,25.9120221715566,-1.1481805003350019,-10.245124168643088,17.529097300430294
577,46384.0,46334.74227757315,46335.83441069479,46245.010047303076,46281.26178681546,-328.0,23.434475338399352,-290.55002254354986,-85.32171002653558,11.998505189538264
578,45616.0,46356.63563515526,45701.730386778756,46090.193360928075,46288.12338134578,128.0,19.789766243960912,126.61260054933518,82.27999408903997,40.467763597600424
579,46640.0,46374.32181006107,46589.05961179346,46409.570035481156,46362.197314010664,440.0,15.11644950000482,403.2886482568283,204.16169229365914,60.18379836542226
580,46496.0,46386.86853415527,46508.30768329241,46498.51674551539,46408.490978076625,-64.0,9.641527989853785,-19.213512038972112,90.20508279193018,41.91821296978742
581,46512.0,46393.604866040776,46550.63258771552,46589.98020106502,46446.03373995024,304.0,3.6701709183689672,254.9810774765101,130.45355608213504,34.24444887112986
582,47104.0,46394.20887599201,47018.26983824543,46759.42385767966,46476.979875818884,-8.0,-2.4240272277820623,-7.431141988283343,-2.844414545517793,-0.4048703404114349
583,46496.0,46388.75681158521,46535.77030373895,46584.29137197398,46445.223999269416,-296.0,-8.225043805494352,-256.7236665421733,-130.9867997186957,-34.29467658599606
584,46512.0,46377.75878838102,46504.822505161086,46497.45025824227,46408.39052264689,-48.0,-13.313316224044684,-66.83527277244502,-94.11598461057292,-42.01395049018174
585,46400.0,46362.13017913712,46402.09975819406,46396.059402752835,46361.19609828905,-80.0,-17.294359312043525,-92.22395599672382,-103.3611541130158,-49.13461944338633
586,46352.0,46343.17006975693,46320.37459316764,46290.72795001624,46310.12128376012,-280.0,-19.842245672680292,-239.85219918824077,-135.96747772847448,-53.168750340926636
587,45840.0,46322.44568779176,45922.39535981758,46124.124447295886,46254.8585976072,24.0,-20.75344523745298,13.997565737856348,-24.54127907241491,-34.51975627256252
588,46400.0,46301.663179282026,46348.36972464335,46241.64539187141,46241.081771214995,208.0,-19.967317106646078,167.82298804251332,38.34364051123339,-21.722737831452832
589,46256.0,46282.51105357847,46258.041335902606,46200.81172831835,46211.41312194429,-88.0,-17.585338496573968,-80.12170922770747,-68.42779939388492,-31.89799317348661
590,46224.0,46266.49250228888,46188.126306187936,46104.78979308364,46177.28578486802,-360.0,-13.88986268850931,-324.25473758328735,-155.62703869288816,-36.46304783286905
591,45536.0,46254.73132820145,45609.53186073603,45889.55765093258,46138.487026278555,-160.0,-9.312340772285097,-135.96390296342724,-38.453316684779566,-8.674407275542762
592,45904.0,46247.86782074431,45916.19850026108,46027.88315971408,46159.936970316936,576.0,-4.3680497087407275,496.3689206464296,200.26708863854947,34.246792554229614
593,46688.0,46245.99522878397,46602.26970202889,46290.091828209675,46206.980611387015,-24.0,0.3972747806728876,12.765881063969573,63.254582600431604,22.992671639429318
594,45856.0,46248.662370305654,45941.73026238902,46154.392324914945,46205.922313595795,-80.0,4.489185426387849,-71.3814526517126,13.496659162741707,16.437817888570862
595,46528.0,46254.973599636745,46459.506796725465,46317.08514653516,46239.856247164156,152.0,7.536968951815652,130.74789395300832,57.23539488779352,19.526745926566946
596,46160.0,46263.736308209285,46203.22605029504,46268.86311469053,46244.97580544893,-64.0,9.331283097064443,-40.150494955232716,6.209525500642485,9.368348557221907
597,46400.0,46273.636165830874,46379.205806815,46329.504197536444,46258.5929442786,96.0,9.835143648026133,72.00879059495128,25.3931816141303,6.54678604360015
598,46352.0,46283.40659550534,46347.24363148494,46319.64947791879,46258.06937753613,-80.0,9.167104355095944,-55.74401790536649,-26.029980658255226,-5.220097865665593
599,46240.0,46291.970374541066,46267.71777100427,46277.44423621993,46248.15274854727,88.0,7.553197543500573,59.062994540665386,-23.48312358889234,-9.50899156149535
600,46528.0,46298.51299059234,46465.36962056627,46272.68323074101,46239.05139441314,-344.0,5.268486984041374,-314.99369223876056,-132.41939010841816,-23.548784413473186
601,45552.0,46302.50734850915,45637.730386526746,46012.6054560031,46201.05517972032,-88.0,2.5826248795201536,-79.74450218147467,-29.77504673636213,-5.5434557068037975
602,46352.0,46303.67824035138,46305.88061620332,46213.13313726828,46227.96448299953,352.0,-0.28287891239961027,317.8041561009959,131.09424989932813,20.707527429189213
603,46256.0,46301.94159068435,46273.33869872874,46274.79395580175,46242.4702345787,24.0,-3.168488598334079,54.15157616908982,71.05779643434289,13.829263308103691
604,46400.0,46297.34126315471,46414.1837685415,46355.24873013697,46255.62300961574,256.0,-5.977629922384949,211.7639125202586,58.07913940370781,5.933925517823809
605,46768.0,46289.98633083958,46696.866523769255,46390.95223460917,46254.33808561435,-368.0,-8.657926419964497,-341.6592842923892,-152.8203782232231,-26.9680197206726
606,45664.0,46280.02541031478,45730.86519995672,46049.60797369052,46201.68697017439,-408.0,-11.17715817219505,-363.00066566250825,-148.54027407338071,-25.76676693123227
607,45952.0,46267.63201449519,45970.86519244424,46093.87168646241,46202.804551751884,400.0,-13.491973174412124,341.3278299986923,115.19955600308458,13.657809165080835
608,46464.0,46253.04146396596,46413.52085995411,46280.00708569669,46229.002588504554,200.0,-15.5234784010172,183.25809199041032,94.13894208263082,14.448166177899111
609,46352.0,46236.585057693155,46337.38137642506,46282.14957062767,46231.70088410768,-192.0,-17.159050604266668,-149.23260140374987,-32.782729755184846,-3.3166601914854255
610,46080.0,46218.723362757424,46115.05565714661,46214.44162618632,46222.36926812158,-64.0,-18.257213424039946,-47.047433545398235,-0.4871313481889956,-2.213152580021415
611,46224.0,46200.070630845075,46243.28650933426,46281.17530793129,46227.27457894764,264.0,-18.672417478926945,224.66339885896377,95.32133571061786,5.069039773436089
612,46608.0,46181.37852779957,46564.382454864535,46405.08429760756,46232.507347668456,128.0,-18.296930736316426,103.0082198529708,22.45113848004621,-13.541863895759889
613,46480.0,46163.47676937244,46449.302949040204,46326.07758489138,46200.19085115612,-304.0,-17.105928771776234,-268.5647606233142,-155.96792027048286,-46.30695395452858
614,46000.0,46147.16667025602,46027.25293361791,46093.14845706659,46139.8934397594,-304.0,-15.17481809421588,-285.78534733274864,-186.35489929149844,-53.30273940875122
615,45872.0,46133.12713318401,45877.73225437471,45953.36778630839,46093.58537233862,-120.0,-12.674152758303535,-120.85940736968041,-99.09677760401246,-35.22879880385153
616,45760.0,46121.81836473941,45785.534118878546,45894.95490185857,46069.435842151695,40.0,-9.866004095187236,35.4724588965837,9.064566479464702,-8.67773807933554
617,45952.0,46113.395124993636,45948.677172167874,45971.496919267316,46076.229896179946,160.0,-7.057298597133922,146.52891412870304,86.2904770424102,13.005548837245442
618,46080.0,46107.70376754514,46078.59194713595,46067.53585594339,46095.446939826186,128.0,-4.536907751586114,122.87451064781999,89.80686464776227,19.98939063755097
619,46208.0,46104.321309490464,46194.426193463514,46151.11064856284,46116.20867745505,40.0,-2.5295073718589265,47.96521364511864,55.1301169008766,16.172171501613775
620,46160.0,46102.644752801425,46174.52237442619,46177.79608974514,46127.791282829414,56.0,-1.1679039617811213,52.70805309363277,35.58348605487117,9.972169515836868
621,46320.0,46101.9855015669,46299.84229965078,46222.27762067258,46136.15301648672,40.0,-0.46728094033824163,24.531423478496436,-4.379658736270358,-0.8306155183563533
622,46240.0,46101.71019092075,46223.58522138318,46169.0367722726,46126.1300517927,-176.0,-0.3382641030329978,-158.33097135168646,-88.72246226367861,-15.716462104384846
623,45968.0,46101.308973360836,45983.18035694741,46044.832696145226,46104.72009227795,-184.0,-0.6127862694265787,-164.50307969875212,-85.78772805476547,-14.573954900850367
624,45872.0,46100.484618381895,45894.57906198568,45997.46131616307,46096.982141991,24.0,-1.052853771874652,24.294014966671966,15.359278099378571,3.511156812597619
625,46016.0,46099.20326581709,46031.76838688075,46075.55125234398,46111.74240590315,248.0,-1.3894833944359561,216.0312592988157,107.86556235290118,19.547384207304276
626,46368.0,46097.70565159302,46326.64158058331,46213.19244086887,46136.07691040561,88.0,-1.3537223501298286,88.08109661912022,60.237408959324966,12.738350022744271
627,46192.0,46096.49582111683,46207.93058011899,46196.02607026263,46137.219105948636,-48.0,-0.6936439015880751,-39.05809986938402,-15.153335474919004,-1.596849159544945
628,46272.0,46096.31836378985,46248.52538084454,46182.885769919034,46132.88321208652,-72.0,0.7692354828141106,-76.77829505172849,-57.69741538407834,-11.29173325778902
629,46048.0,46098.034292082455,46054.373990015534,46080.631239494476,46114.63563943306,-192.0,3.077037731582095,-162.28144075132877,-85.93891067732329,-14.915790681810904
630,45888.0,46102.47243925301,45923.962499341884,46011.00794856439,46103.0516307229,80.0,6.121185687487014,49.40100603575047,-8.119316647898813,-0.8314271740127879
631,46208.0,46110.27666345743,46153.176002087035,46064.39260619868,46112.97278508503,-48.0,9.619460040776175,-44.906486819651036,-18.41903926636587,5.169793616387324
632,45792.0,46121.711359334564,45834.14952570258,45974.169870031656,46113.39121795567,-152.0,13.143315899524168,-108.27884787155563,0.8621988488011993,16.487993768419983
633,45904.0,46136.56329525648,45936.618306343924,46066.11700389628,46145.94877262187,464.0,16.19492481565976,400.06005401025686,173.0056358127622,44.65499329729573
634,46720.0,46154.10120896588,46634.269633723095,46320.18114165718,46202.70120455026,8.0,18.31023965866916,31.50274896643532,54.15470858949266,30.8874921559036
635,45920.0,46173.183774573816,45999.623804276795,46174.426421075266,46207.72375693368,-144.0,19.174444505824795,-133.52980268338797,-18.541510044276947,19.408740230101102
636,46432.0,46192.45009797753,46367.21002835632,46283.098121568626,46241.518685010466,48.0,18.702645129211305,43.636365861100785,34.220761277669226,24.27086232731017
637,46016.0,46210.58906483224,46086.896535998996,46242.867943630605,46256.2654815883,56.0,17.0621832052675,74.48517929406808,73.20379387728099,26.760070657248434
638,46544.0,46226.57446438807,46516.180386944456,46429.50570932319,46295.03882632496,336.0,14.622741462862905,289.86979401133794,129.390620354181,26.325286052910087
639,46688.0,46239.834547757964,46666.63612402167,46501.64918433897,46308.91605369412,48.0,11.85413441527271,43.63635718556907,-21.031932814741594,-5.076969946134341
640,46640.0,46250.28273321861,46603.453101315594,46387.441843693705,46284.884886432694,-528.0,9.183206544559653,-482.7089483471391,-240.4864187984058,-41.78692293979475
641,45632.0,46258.20096084708,45701.218227327394,46020.676346742155,46225.34220781453,-320.0,6.873738258120284,-319.3523051321936,-172.4273235804758,-29.875568227434997
642,46000.0,46264.030209734854,45964.74849105121,46042.58719653275,46225.133749977824,96.0,4.968028114300978,87.27271897982428,43.2044480569748,11.048229662184895
643,45824.0,46268.137017075685,45875.76366528704,46107.085242856105,46247.4386671389,448.0,3.3032636388488754,422.76059005917705,206.04066775140018,43.47685051801818
644,46896.0,46270.63673701255,46810.26967116956,46454.668532035554,46312.08745101386,272.0,1.6005138499094755,250.2174087902713,126.91755519722574,35.453156425654015
645,46368.0,46271.338044775504,46376.198482867585,46360.920353250556,46318.34497999021,-472.0,-0.39713751885210513,-390.3689104121586,-97.28800215971569,3.7747779758610704
646,45952.0,46269.84246197485,46029.53185034524,46260.09252771612,46319.63700696558,80.0,-2.7864486584512633,70.46816519228742,53.2184383236272,19.67387732365023
647,46528.0,46265.7651474586,46517.13481325216,46467.35722989781,46357.69273463751,480.0,-5.41883599173525,403.8014831793007,176.94331713059364,29.540364403805143
648,46912.0,46259.00478999138,46837.134816703845,46613.97916197731,46378.71773577319,-96.0,-7.898281758021767,-58.70691450906088,-2.3884869318462734,-5.639112075656158
649,46336.0,46249.96858394256,46399.72098423404,46462.58025603412,46346.4145104862,-120.0,-9.65729126557926,-114.42790981963844,-88.10877792613246,-31.78249976268853
650,46672.0,46239.69020746022,46608.27899706457,46437.761606125045,46315.152736247815,-200.0,-10.093815369069489,-195.99999125035174,-141.93784684655475,-49.10413742599121
651,45936.0,46229.78095320442,46007.721001733335,46178.70456234101,46248.206235634214,-152.0,-8.74099534085326,-155.9999972608348,-137.70476261352815,-51.33618883189047
652,46368.0,46222.20821677851,46296.2790025429,46162.35208089799,46212.480358584035,-112.0,-5.4111685699244845,-120.62565500870187,-119.17644099402969,-43.501859120977315
653,45712.0,46218.95861606457,45766.46969171593,45940.35168035295,46161.20251739226,-240.0,-0.26699977441239753,-206.88218371455878,-107.8245603685682,-28.81771532215862
654,45888.0,46221.67421722969,45882.51463511378,45946.70296016085,46154.84492793972,104.0,6.17850869013273,88.61811896674044,35.702759888332366,6.984656944438029
655,45920.0,46231.315633444836,45943.70592964941,46011.757200129614,46175.171831281135,192.0,13.139647043091827,179.7209427826856,110.93284003357257,33.08549490547739
656,46272.0,46247.95351131587,46241.95652067915,46168.568640228,46221.01591775067,168.0,19.701118350738398,148.03319442550492,105.09576021237444,43.29488235707322
657,46256.0,46270.71787014631,46239.77231850042,46221.94872055436,46261.76159599528,-128.0,24.99882395711029,-83.32260967661205,36.354440603550756,41.03375804437019
658,46016.0,46297.95115923009,46075.31130132593,46241.2775214351,46303.08343383941,256.0,28.35790078777427,227.56523434279734,131.96756159828874,55.676009536102356
659,46768.0,46327.43367172186,46694.902787186016,46485.88384375094,46373.11361506749,168.0,29.395679184639448,158.6356769025333,103.54824419130819,50.28586198145058
660,46352.0,46356.74251759937,46392.582655130995,46448.374009817715,46403.65515780231,-136.0,28.077469161155022,-99.40685640005904,10.67717097563218,33.12430062493877
661,46496.0,46383.58861004417,46496.0890743859,46507.238185702205,46439.362216317364,128.0,24.68766366264026,103.95179118437227,64.48326873558835,32.87516933092047
662,46608.0,46406.11784492465,46600.48623749974,46577.34054728889,46469.405496464155,48.0,19.75082819308591,66.82835061255537,54.77263523114016,23.113554969997494
663,46592.0,46423.09026643034,46629.74577561101,46616.783456164485,46485.58932625736,256.0,13.936596128856763,217.98841616632126,51.83463695783212,10.863296106075722
664,47120.0,46433.991037182364,47036.46306983238,46681.009821204556,46491.132088676306,-312.0,7.931058108893922,-306.10695441033386,-155.26872435765472,-25.900633147241024
665,45968.0,46438.95238264813,46017.53186679034,46306.246007449176,46433.78805996288,-536.0,2.3293609945212665,-476.13227129671577,-205.640810030789,-34.05462571528551
666,46048.0,46438.64975917141,46084.19852723895,46269.72820114298,46423.022837245735,304.0,-2.4184372524723585,254.04023557012988,74.34629426529136,7.985919145146909
667,46576.0,46434.115508143186,46525.6123379306,46454.93859597976,46449.75989825317,176.0,-6.071480174345197,183.0945614178927,124.67969282665945,20.425055920095474
668,46400.0,46426.50679882272,46450.387650074736,46519.0875867963,46463.872949085926,280.0,-8.597474271751707,262.32864877918837,123.69278421468334,17.306698287047766
669,47136.0,46416.92055959968,47050.26963548898,46702.324164409125,46484.37329482727,-8.0,-10.117876512940711,-26.867159490047925,-33.601340182602144,-12.080989517293347
670,46384.0,46406.271045796835,46396.65333109464,46451.88490643109,46439.71097005134,-544.0,-10.864154931605299,-477.8674128333514,-216.4968047624934,-41.8767762733587
671,46048.0,46395.19224973647,46094.534809822275,46269.33055488414,46400.61974228055,-64.0,-11.112654118896899,-69.44447216099798,-71.88907410488173,-21.460240656768292
672,46256.0,46384.04573755904,46257.764386772644,46308.10675822133,46396.7904887378,200.0,-11.10604805875846,172.051510813606,64.82958244785186,3.2102708941492892
673,46448.0,46372.980153618955,46438.63783144949,46398.98971977984,46407.04028406885,152.0,-11.023324759553361,134.0626019242918,66.37782144843368,8.20180953448289
674,46560.0,46361.999088039935,46525.88959062123,46440.8624011182,46413.19410780677,-104.0,-10.941432712024834,-83.30028772211881,-17.69611810254355,-1.1864708717366739
675,46240.0,46351.097288194906,46272.03725600525,46363.597483574755,46404.667342325374,-120.0,-10.821240824199776,-93.6660545897139,-15.466175756067969,-0.2933983651273593
676,46320.0,46340.356606391535,46338.5574814418,46409.93004960606,46412.607311076514,168.0,-10.54445818216118,159.3076326455557,91.29759083433964,12.57033430496449
677,46576.0,46330.00837183058,46590.65252129636,46546.192665243434,46429.8080109353,376.0,-9.954385241730051,325.3576463363679,121.3589482590869,9.891100405555335
678,47072.0,46320.447835908075,46989.272774114535,46652.647946124234,46432.389511887624,-168.0,-8.901353585570178,-170.98288137469353,-103.22074605708622,-29.39902345329756
679,46240.0,46312.20566465944,46248.68675854697,46339.75117312926,46371.00996402871,-608.0,-7.29804042435353,-541.1852180671231,-263.0211864303383,-54.82904965748094
680,45856.0,46305.85175505937,45906.90233798029,46126.60557326356,46322.73141257266,-96.0,-5.152753179070714,-87.27273066523048,-77.84281323392861,-24.94198082741059
681,46048.0,46301.9001583013,46074.14129721651,46184.065546661404,46321.12600237389,360.0,-2.5634200148124364,310.2577738352011,125.49274672854517,12.050889919919427
682,46576.0,46300.72491502974,46527.41788565069,46377.59106672065,46346.8331924125,224.0,0.2958671689557377,198.0536881711996,94.3210534195714,14.24884965923411
683,46496.0,46302.49189263921,46470.24867355891,46372.70765350055,46349.623701692355,-224.0,3.210596477932995,-185.92584429719864,-66.52958646982734,-4.528305635521974
684,46128.0,46307.14610798561,46155.566197056294,46244.53189378099,46337.77658114146,-208.0,5.9800736894176225,-176.85149122115763,-69.90981282905341,-1.3582914938306203
685,46080.0,46314.45204001805,46116.5456911166,46232.88802784244,46346.907118704694,184.0,8.4625535943851,143.70794964328888,64.80014798266711,22.47589349847476
686,46496.0,46324.07121517438,46442.98209634287,46374.13218974633,46382.72836813841,48.0,10.590954988500016,61.34688694062788,80.31025677704747,30.157667840630893
687,46176.0,46335.63394999505,46239.23946499785,46393.508541396535,46407.222454385956,128.0,12.363628672665072,154.40968426244217,128.1306223484753,36.05520896684902
688,46752.0,46348.79847251971,46751.801464867756,46630.39343444328,46454.838786072105,544.0,13.823656239535921,469.61433359049624,176.0816102683857,32.75827098975424
689,47264.0,46363.28126247412,47178.468132178845,46745.67176193331,46472.738996365464,-400.0,15.020824966391956,-361.30113029122003,-143.8857915433182,-21.662839888365852
690,45952.0,46378.84012245249,46029.199204285316,46342.62185135664,46411.51310629537,-416.0,15.973231533560465,-402.9644479704257,-207.73898489834028,-38.250234755327256
691,46432.0,46395.22772554124,46372.53923623799,46330.193792136626,46396.23852685481,80.0,16.6535251092173,46.03621314263364,-63.331163151709916,-17.06265309781884
692,46112.0,46412.14717267093,46121.27163057058,46215.95952505322,46377.387800099736,-264.0,16.996050438068778,-204.90945281448512,-62.25450455678583,-5.581336750088667
693,45904.0,46429.21982641738,45962.72033060902,46205.684783023054,46385.07585335463,296.0,16.925917181808472,270.15401873908195,140.56764948135606,31.741845922628272
694,46704.0,46445.999007034545,46661.57966804875,46497.094824015934,46440.87149194499,384.0,16.388264907727716,351.6540120279278,187.9574530008431,42.63921318760913
695,46672.0,46461.996356232834,46666.02835466488,46581.59968902474,46470.35427972985,-48.0,15.375132090604893,-25.409540059477877,39.30470952118412,19.400501771353447
696,46608.0,46476.749271215755,46610.76058792979,46575.7042430583,46479.6724954877,-40.0,13.939681363608543,-41.46482708613257,-22.04332443729436,2.90184053223129
697,46592.0,46489.87571896005,46583.098700492614,46537.51304015015,46476.15796079431,-64.0,12.181705688217335,-72.16838497412391,-65.43468283307084,-9.306636653669557
698,46480.0,46501.11268259219,46466.423817981544,46444.83487739216,46461.05922218036,-200.0,10.214499392495782,-184.55579260334343,-110.26072406191452,-16.045777504936268
699,46192.0,46510.30471774504,46213.98711528593,46316.99159202632,46444.06640578444,-168.0,8.14505262297098,-142.50112626596456,-65.34748935267271,-4.389496106698061
700,46144.0,46517.40278783813,46181.421565449615,46314.139898686815,46452.280229966964,176.0,6.055730676813255,154.54227741175782,82.21825600390002,23.627835680872522
701,46544.0,46522.41617909867,46523.07167010944,46481.42810403412,46491.322077146186,272.0,3.991979655405885,237.00845520705116,136.00225736437278,36.40795103653363
702,46688.0,46525.38674714894,46655.43847586372,46586.14441341556,46525.09613204003,-72.0,1.9689797997561982,-30.440814927162137,53.78851608921468,25.62886149584301
703,46400.0,46526.35413869818,46462.19004025512,46589.00513621255,46542.57980013787,184.0,-0.0029970053255965468,167.6811619770051,97.36329090326399,24.6126581047356
704,47056.0,46525.38075313829,46990.80079981773,46780.87099522209,46574.3214482495,184.0,-1.9130187277769437,152.63536234122512,54.301356620584556,7.657720524108299
705,46768.0,46522.52810124263,46767.46076493757,46697.60784945372,46557.89524118609,-264.0,-3.7375857239967445,-226.03621019230923,-118.45922104151032,-26.931445004112902
706,46528.0,46517.9055816903,46538.72837943311,46543.95255313907,46520.45855824128,-160.0,-5.445922176360909,-175.09048833892302,-145.67901974511915,-37.813755032744666
707,46448.0,46511.636256889906,46417.27978825972,46406.24980996348,46482.2677311206,-328.0,-7.011773734229791,-290.4991159524907,-158.5778381938435,-36.47744056465308
708,45872.0,46503.88203422184,45957.73014752813,46226.79687675138,46447.50367711197,8.0,-8.398193294869998,7.314551328414382,-2.0544948364113225,-5.988870153025346
709,46464.0,46494.839870300166,46431.90889091655,46402.14082029066,46470.28999081455,336.0,-9.583326028925512,290.9592096295164,144.41435368460589,23.10081324330531
710,46544.0,46484.71538216399,46539.64856678716,46515.62558412059,46493.70530359858,56.0,-10.559755620506621,85.98250980642479,99.29755589023262,20.900577963959222
711,46576.0,46473.72035905915,46603.8739105294,46600.735932071126,46512.09114674247,240.0,-11.320837794806721,203.59489638925515,97.47831398609196,15.19040048100942
712,47024.0,46462.073706574374,46946.83835956567,46710.58221209278,46524.0861045606,-88.0,-11.865318086853222,-83.52366654121943,-46.86261393196037,-13.000736953836167
713,46400.0,46449.989722885446,46436.82657744696,46507.010704207205,46486.089672834794,-320.0,-12.187464307684422,-285.1989814780645,-150.0661557819658,-33.69194808406246
714,46384.0,46437.698777959005,46376.44039660954,46410.449900528845,46456.702208392475,-96.0,-12.270617019072233,-98.18419778969837,-83.335853413937,-25.752354022701184
715,46208.0,46425.4484888473,46240.458181867565,46340.33899737933,46434.58496478939,32.0,-12.097686736000469,26.30869459585665,-3.9414044598452165,-10.787995363611117
716,46448.0,46413.503404487004,46429.057785801255,46402.567091609155,46435.12621766525,112.0,-11.63628943320873,93.88853293997818,39.51164003439408,-0.1024362408752495
717,46432.0,46402.175909980884,46428.23524774752,46419.36227744812,46434.38009230764,-32.0,-10.842402767211752,-19.646299316122168,10.476324563027447,-0.6271207422287262
718,46384.0,46391.81859895258,46389.76518716901,46423.51974073521,46433.871976180795,-32.0,-9.673679928546335,-9.6441247334551,23.917333654699178,1.9854826821901952
719,46368.0,46382.82855012379,46408.94699828061,46467.19694475752,46438.35105767202,328.0,-8.093868070998724,282.2522217507503,93.27567640106281,7.996634374831046
720,47040.0,46375.63086281058,46954.26963067051,46610.071093537335,46449.86524493046,-176.0,-6.0844233175957925,-160.74550936604282,-72.09030445151438,-17.99255049504427
721,46016.0,46370.6597034886,46087.455979548526,46323.01633585449,46402.36595668193,-304.0,-3.6717782263258414,-290.45287750697025,-133.54658975560233,-28.18099041442474
722,46432.0,46368.28730635793,46373.36387565657,46342.97791402613,46393.50326410161,-8.0,-0.939541101357463,-7.272725609080226,-24.549464815288957,-10.787529375247686
723,46000.0,46368.780621285885,46072.910528330365,46273.91740622391,46380.79089793144,232.0,1.977850742296141,218.45286822795242,67.89819530973546,6.327178726405691
724,46896.0,46372.243007842524,46810.269612112475,46478.7743046456,46406.15762155442,-24.0,4.8955208046972984,-24.009662572261732,-3.7559492555119505,0.8746047006970912
725,45952.0,46378.57166289528,46024.89120318584,46266.40550771289,46382.54010733283,-288.0,7.599466359086364,-242.55915998302953,-55.16604307627131,-2.0905088549407083
726,46320.0,46387.4419405607,46325.15129214642,46368.44221849306,46401.97660384454,392.0,9.875606841127592,326.01654969265655,126.25782002669803,23.535326703931787
727,46736.0,46398.322876577535,46676.924302571155,46518.92114776628,46429.610760740696,48.0,11.54803858602827,56.39452328051266,41.93950315636539,12.314694933189458
728,46416.0,46410.53801773275,46437.94033870744,46452.32122480579,46426.60599371092,-160.0,12.513889828391257,-129.28227032649374,-48.43931055759458,-2.474467344232835
729,46416.0,46423.35065623432,46418.35976191817,46422.042526651094,46424.66182605223,16.0,12.772470319327113,-7.781767198444868,-27.25743482915277,-1.5110763560733176
730,46448.0,46436.08295837141,46422.37680431055,46397.806355147484,46423.58384099877,-152.0,12.441784089194698,-124.0989360548374,-49.33299392986737,-2.298793003519677
731,46112.0,46448.23422441271,46170.16188980849,46323.37653879136,46420.06424004519,32.0,11.755641796702548,38.594534540396126,31.258453039557935,11.883611048677267
732,46512.0,46459.59424196481,46499.565873391344,46460.3232612266,46447.351063096125,328.0,11.048730086913565,267.23335053958,111.10835304854118,24.0543762057423
733,46768.0,46470.331684586534,46704.62859088765,46545.59324488844,46468.172992456675,-208.0,10.705399183279951,-158.91779663399575,-25.933393893934408,5.83057898338302
734,46096.0,46481.00504033137,46181.73028012335,46408.45647343873,46459.01222106289,8.0,11.072299710594962,17.586464335443452,19.0914652696556,8.989839659359859
735,46784.0,46492.476284007724,46739.80151955854,46583.77617542775,46486.152671775395,336.0,12.391746985540522,272.36893131347097,75.20778970289393,12.248084301274503
736,46768.0,46505.78853430245,46726.468142750295,46558.87205284452,46483.50838966544,-336.0,14.73677724643494,-287.01192853978864,-129.4680961609738,-16.86886262668122
737,46112.0,46521.94983850059,46165.77766247896,46324.839983105805,46452.41494652203,-232.0,17.954383524840523,-225.78290239351554,-127.61207818581534,-14.072695817307249
738,46304.0,46541.697301352135,46274.90233796326,46303.64789647289,46455.362998030825,-40.0,21.67434264791882,-36.36363469936987,-21.368138396468566,10.516201410333451
739,46032.0,46565.29852379643,46093.05039308022,46282.10370631287,46473.4473493427,216.0,25.36044873978608,193.35499828249885,103.50766299640964,40.15671877900968
740,46736.0,46592.41819883171,46661.61233452826,46510.66322246571,46535.676435588844,120.0,28.39796079190637,126.66863632492459,115.89112738569384,52.2129080255836
741,46272.0,46622.094445380244,46346.38766573007,46513.885961084256,46577.87316539387,112.0,30.21039299691256,125.17532051587114,124.16571916067187,57.490388074718794
742,46960.0,46652.83898482553,46911.96297556,46758.99466078705,46650.65721173828,296.0,30.369453601470013,256.92852696624686,144.6060300963254,57.31690693132987
743,46864.0,46682.833352583184,46860.244719662565,46803.09802127691,46692.50697925653,-104.0,28.677059199013456,-70.49465758462247,13.652371128304367,33.27511648107247
744,46752.0,46710.19310322356,46770.97366039076,46786.29940304366,46717.20744470043,24.0,25.190628964508505,5.597242681986245,0.35108328858405,22.960837678918324
745,46912.0,46733.2146105122,46871.43920502654,46803.800187854074,46738.42865461436,-120.0,20.22369743213494,-102.33843023153531,-36.59912126254494,12.542642644657462
746,46512.0,46750.64049808783,46566.29679992769,46713.10116051857,46742.29272998974,-56.0,14.289746223577822,-33.65840546039544,9.85155292377749,15.378711874862347
747,46800.0,46761.79410295936,46804.12239410575,46823.50329370163,46769.18607836409,304.0,7.998538934043609,258.4375647067973,122.15378003387377,25.352652292553103
748,47120.0,46766.637575955916,47083.17192934128,46957.40872058632,46792.99803457485,96.0,1.969154828631872,94.90918194193728,52.6097871778511,7.461857939502806
749,46992.0,46765.73241261662,46993.94075798962,46928.72286805733,46784.10979424309,-80.0,-3.2667332702440035,-79.52738140355359,-60.324418500316824,-19.282750619600847
750,46960.0,46760.10410941543,46924.117166534175,46836.759883585684,46754.43253333565,-304.0,-7.3426113833229465,-268.98287034296663,-153.5830426788125,-39.95563424066495
751,46384.0,46751.047189849975,46455.97501730369,46621.55678269971,46704.19852576176,-72.0,-10.093475522280642,-88.52195115365976,-96.424709536117,-34.224081285792636
752,46816.0,46739.91715837087,46747.073264226856,46643.91046451345,46685.98437076406,-40.0,-11.56017300698295,-53.53543194256417,-63.69108592953853,-24.714936459502496
753,46304.0,46727.92684383601,46348.90415341856,46494.17461084063,46654.76865284276,-224.0,-11.958262785323313,-173.64834371551478,-54.648548252498585,-13.677285279165517
754,46368.0,46716.00063280022,46399.776576795826,46534.61336800845,46658.62980020573,232.0,-11.617361384789547,209.75530735641587,123.74544117204641,18.392637373261095
755,46768.0,46704.69212106643,46768.41476813139,46741.66549318472,46691.55392758928,416.0,-10.902538075217308,370.7120319925052,193.8848717686269,29.101823763012362
756,47200.0,46694.195556649785,47141.20064078084,46922.38311154571,46716.833447731755,88.0,-10.153505338548712,78.78907655362855,41.90917413384159,1.1211925290663203
757,46944.0,46684.38511038933,46925.99292123865,46825.483841452406,46693.79631264741,-344.0,-9.652490017677337,-305.2431133489554,-156.1573493670985,-35.547319451976364
758,46512.0,46674.89057661443,46530.714414082926,46610.06841281151,46645.7388088278,-336.0,-9.585073423462745,-301.7064367411076,-166.38122223514438,-41.37056337821923
759,46272.0,46665.21496354241,46322.58004775643,46492.72139698212,46611.055185890975,64.0,-10.043244540753221,44.765872455667704,-6.986317338338267,-17.730863642278564
760,46640.0,46654.804087532924,46620.24615899426,46596.09577813483,46610.277081543245,232.0,-11.059845271021914,198.89690620911642,81.42227022014049,-2.2642502705639345
761,46736.0,46643.09527300036,46720.373860174666,46655.5659374224,46606.52668534985,8.0,-12.625664442613925,21.9970020537221,19.253127998759737,-10.224061925910064
762,46656.0,46629.5527586477,46664.240163101706,46634.60203413235,46589.828957691425,0.0,-14.694745283381053,-14.932881564447598,-31.662886223872192,-20.00627977385011
763,46736.0,46613.7057824336,46690.50809704577,46592.24016497465,46566.51412580215,-288.0,-17.216842806843488,-249.2549801367968,-114.24178667036904,-31.789125599170802
764,46080.0,46595.11907303401,46165.73020282811,46406.118460791615,46526.25070649308,-24.0,-20.13139015699926,-27.90441542655026,-23.062473787227646,-17.950883984405664
765,46688.0,46573.4430021196,46634.69926619267,46546.1152174002,46530.612357833335,216.0,-23.33339985841667,182.30632898710246,69.05436530868246,-3.507730768084002
766,46512.0,46548.452273317176,46530.34286080232,46544.22719140898,46519.235244956915,-32.0,-26.683085056734853,-12.642101378780353,14.22556971326776,-11.015350628575106
767,46624.0,46520.07683200613,46609.41506343511,46574.566356826734,46508.581656576185,8.0,-29.98895583029298,6.147519808338984,5.622343831120816,-16.424505551920447
768,46528.0,46488.47436165659,46542.637900418995,46555.47187907122,46486.386233853074,8.0,-32.99226316644126,6.412339078851801,-5.358538219898037,-24.276111030456377
769,46640.0,46454.09230567325,46622.23974159281,46563.84928038694,46460.02943451527,0.0,-35.39033411744822,-9.199450862099184,-29.697958490818564,-35.35532761204013
770,46528.0,46417.693693421694,46524.2389986948,46496.075962089584,46415.675578628994,-128.0,-36.85527482660109,-116.80574942402382,-83.73533725255766,-49.97007695482898
771,46384.0,46380.38175602005,46388.628242744766,46396.37860588182,46360.089280605614,-120.0,-37.05696936984896,-112.46954222617933,-93.50805326685077,-56.78183399309637
772,46288.0,46343.579754681996,46299.29991424244,46309.05985555588,46302.1119106428,-8.0,-35.711288632846845,-32.82875729015359,-76.78882254800192,-57.27177443067558
773,46368.0,46308.959178754354,46322.97072816446,46242.80096078582,46245.54573174426,-232.0,-32.629221841765684,-201.4755452556965,-128.858414377155,-62.68889231132198
774,45824.0,46278.321310998464,45896.348823731045,46051.34302680157,46176.73412602016,-64.0,-27.74876727837909,-64.87778577819336,-77.78642058346304,-51.17489942310203
775,46240.0,46253.461644197596,46193.21515660807,46087.22811961889,46143.19593289806,112.0,-21.15475144793527,62.94211591740532,-40.5008473732305,-38.378396477193746
776,46048.0,46236.011808102594,46022.233055565855,45970.34133205511,46099.97733306577,-432.0,-13.100936990358605,-365.74242446360586,-155.71612153622118,-40.61973317899901
777,45376.0,46227.25977021688,45461.73030768086,45775.79587654645,46061.95646654006,128.0,-3.9941048347500328,98.01831842267347,5.3524827645633195,-3.723043198704545
778,46304.0,46228.023598433094,46218.2696924112,45981.04629758424,46092.53124666836,96.0,5.6588068260098225,93.28240006332635,43.77356982990386,20.001342461713648
779,45568.0,46238.5773838689,45648.29510780751,45863.34301620626,46101.95915146349,-128.0,15.295885150808317,-97.8375254958155,29.96822672514827,36.125862368306116
780,46048.0,46258.61536873471,46022.59464141957,46040.982751034535,46164.78297140497,272.0,24.359653569568763,247.27274070992644,174.13111034554095,68.66296851172956
781,46112.0,46287.296691008036,46142.840589227366,46211.60523689734,46239.28508848695,424.0,32.359438791736466,393.83749526255997,220.42510431147457,80.86637150632669
782,46896.0,46323.33424631818,46810.26963194469,46481.832959657484,46326.51571441763,-24.0,38.90996896025172,1.0735874374186096,63.14420258889004,58.756411651556846
783,46064.0,46365.11662892854,46144.9877641022,46337.89364207512,46356.79791179006,-168.0,43.747272076238005,-142.02803364604188,-6.992496544804453,44.92209296193687
784,46560.0,46410.82879047066,46526.21356465261,46467.847966567875,46416.3599003415,264.0,46.73586810512279,212.29362381344254,83.87830777668933,52.379983568516764
785,46592.0,46458.588365138785,46569.57501172909,46505.6502576285,46461.557878927095,-96.0,47.856167345671565,-68.76349427808964,-5.37258012512757,38.6758725319487
786,46368.0,46506.541125162,46388.68657609643,46457.10280631762,46493.7116454054,-104.0,47.17787756001417,-77.45555515052183,-3.996048152068397,38.43934874857223
787,46384.0,46552.94412025881,46414.663901428044,46497.65816132436,46538.43657642424,216.0,44.848045843249565,179.29683247183493,97.38443566892602,52.44675984005153
788,46800.0,46596.2372168485,46747.2802410401,46651.87167765547,46598.6051650855,56.0,41.088192614541185,69.01754481256285,80.14935515884645,50.09884691553816
789,46496.0,46635.120505487896,46552.69899105317,46657.956871642054,46638.634270255316,80.0,36.177655828105344,88.91370527891195,87.06362980761332,47.1608186825797
790,46960.0,46668.59252850471,46925.10765159792,46825.9989372707,46692.92680245066,232.0,30.457086572896515,197.94691853434415,101.04153426398989,40.93887231787812
791,46960.0,46696.03467863369,46948.59282812186,46860.039940170034,46720.51201489107,-40.0,24.32854033838521,-33.550682866782154,-15.939027015647298,15.610813184965082
792,46880.0,46717.24960918148,46858.00628586436,46794.120883239404,46724.14842882059,-216.0,18.224835607106797,-200.55511293570817,-108.85861531092814,-4.156164629450359
793,46528.0,46732.4843498479,46547.48260225044,46642.32270954818,46712.19968563217,-248.0,12.58416471766759,-213.11067236169038,-94.63681891713713,-2.7387589068130183
794,46384.0,46742.41793861682,46431.78494114098,46604.84724540513,46718.670911006964,136.0,7.797580158698111,123.22704459543093,72.9481585595131,23.204770925145567
795,46800.0,46748.0795101653,46793.936691441304,46788.219026667204,46758.60922748246,368.0,4.163566455790715,331.8352075068651,177.48129459568008,37.86877784961689
796,47120.0,46750.7450715284,47095.45535615471,46959.80983459649,46794.4084667062,200.0,1.8397764436667785,178.79544548692866,91.49572522752715,19.519662559046992
797,47200.0,46751.75906305263,47151.52758241516,46971.21047712226,46797.648552600556,-240.0,0.8233749485552835,-210.39360867421783,-102.99411891310228,-16.877486475616024
798,46640.0,46752.39182142551,46674.66813880627,46753.821596770285,46760.653493754966,-304.0,0.948088023087621,-279.4150025670424,-160.47808196683036,-30.96238415783955
799,46592.0,46753.65523909881,46592.69757728108,46650.2543131886,46735.72378428488,-72.0,1.917353497694421,-78.4826751198234,-74.4401269873888,-17.743520255844487
800,46496.0,46756.2265284209,46517.702788566625,46604.94134279551,46725.16645324328,32.0,3.373571570355125,33.51915411866139,9.157701004663977,0.900991620561399
801,46656.0,46760.40238223952,46659.7358855184,46668.569715197926,46737.525767526,200.0,4.957630581116973,160.71252454375644,69.91323000138073,16.43560265902488
802,46896.0,46766.14178958313,46839.12783765414,46744.76780279827,46758.03765856133,-144.0,6.3786976489500375,-104.96885959355859,0.5819889994781988,13.613773963392305
803,46368.0,46773.15977753742,46449.79816633128,46669.73369319688,46764.753315452785,120.0,7.457123853324447,120.05679477369267,75.83273699705751,26.553322664098232
804,47136.0,46781.05603728978,47079.24142720152,46896.433276792384,46811.14430388952,296.0,8.151248326004861,245.25476243772937,106.91622199169433,30.1482036312118
805,46960.0,46789.46227418943,46940.30769120674,46883.56613718027,46825.04972271521,-304.0,8.540596720842586,-237.39527996108518,-51.08407102197816,7.1579049614483665
806,46528.0,46798.13723073147,46604.45086727935,46794.26513474843,46825.46011381242,200.0,8.773171391709184,166.98096966118828,43.83156494236755,15.283396787832316
807,47360.0,46807.008616972846,47274.26963052912,46971.229267065006,46855.61651629087,16.0,9.042744374644826,3.9920641969547432,-17.421234150915552,4.937228292994405
808,46560.0,46816.22271948076,46612.43499567326,46759.4226664466,46835.33457039841,-312.0,9.554497159500897,-283.0682619829713,-112.09526739510693,-6.515217372540064
809,46736.0,46826.11761129185,46708.133106563175,46747.03873227479,46842.58608154579,-48.0,10.481488015193463,-43.63635629421697,-6.864568034412514,12.580815224668186
810,46464.0,46837.18569551114,46525.16228308483,46745.69353037777,46860.496200847745,296.0,11.958327590615227,274.5611525376371,139.50156329186575,37.73492934434398
811,47328.0,46850.03426647308,47257.25541163845,47026.04185885852,46918.05594023448,240.0,14.077280344299652,226.64962615404147,129.36925791000976,37.06253639845818
812,46944.0,46865.34025619974,46978.46153539291,47004.43204619779,46934.62127364466,-160.0,16.873400739059434,-106.48619928099652,8.606210438167182,16.0963970924131
813,47008.0,46883.7810679512,47044.283013076456,47043.25427973486,46950.24873441931,320.0,20.316344657778245,259.9040577194355,56.44937340449178,12.73989749561224
814,47584.0,46905.9729455153,47498.26965083178,47117.330793006775,46960.101068635886,-288.0,24.30485011732526,-287.53239860607937,-159.25809022469184,-21.342612351625576
815,46432.0,46932.39076818585,46469.2182158643,46724.738099285474,46907.563509716056,-600.0,28.661265037990233,-542.7605797792785,-246.2236440785673,-28.759383434029587
816,46384.0,46963.29547559128,46412.748491273225,46624.88350484964,46902.58230176783,96.0,33.1521661182087,87.27273177503957,20.58715798898629,20.947907140161988
817,46624.0,46998.695100422265,46643.76367941438,46765.91241526345,46949.45932399638,400.0,37.516107788327645,370.0376209501628,211.98511804552982,63.149988428373035
818,47184.0,47038.327691167935,47152.82373317355,47048.8537409407,47028.88227862457,320.0,41.50007658106915,312.97468388979905,215.36819614760316,71.66706855942539
819,47264.0,47081.6952535844,47269.713047193974,47196.64880755865,47092.79346111523,160.0,44.89910920680268,145.45454999027788,114.11947039727966,55.350855546414095
820,47504.0,47128.12590958154,47443.73283315411,47277.09268173526,47139.5839897174,-184.0,47.57759640662698,-147.23248698220777,-33.00978495576419,28.569728088041302
821,46896.0,47176.85044639766,46975.24807322956,47130.629237647125,47149.93291729131,-56.0,49.46442069448676,-52.32795506383991,-29.148825264572224,23.04557343847773
822,47392.0,47227.054750970514,47339.07692302643,47218.795031206115,47185.67513659436,152.0,50.51908054152227,99.21346492901648,1.563309162047517,25.425976132763026
823,47200.0,47277.8886074807,47173.67500308759,47133.75585597122,47200.78486955684,-448.0,50.70463782425577,-378.6732694495986,-118.16124724928159,15.148976440323167
824,46496.0,47328.464026619025,46581.73038412723,46982.47253670755,47215.973089475,224.0,49.970272563990875,197.20139665521492,91.95294909010408,51.1868743919149
825,47648.0,47377.82915260868,47568.07779639802,47317.66175415143,47303.15861834067,312.0,48.237495564855635,307.88866423016225,170.0200945195902,69.94345978269848
826,47120.0,47424.93901774874,47197.507712587554,47322.51272574673,47355.8600090404,-16.0,45.42674352657559,16.968479127295723,106.1073344686738,64.49439115175119
827,47616.0,47468.682639661834,47602.01475465261,47529.876423088775,47432.14740064417,408.0,41.50995903149669,334.5808153281432,164.3019088864312,67.09476163598083
828,47936.0,47507.95893581173,47866.66934324384,47651.116543519594,47490.04953231236,-184.0,36.551427460413834,-146.07580482147387,-21.20160780938022,35.604608283807465
829,47248.0,47541.78549458266,47309.863145009665,47487.473207470015,47503.356617211786,-224.0,30.751635455751966,-183.41336355394378,-43.906732314571855,26.074915760014846
830,47488.0,47569.462206723234,47499.84261613595,47563.30307889045,47542.19936383239,296.0,24.4740571855873,249.1925518060525,113.48141086565738,41.55271481222735
831,47840.0,47590.73360895384,47808.24824862177,47714.43602920133,47586.46204683624,160.0,18.211508348147618,149.64687559468075,88.35096491154763,31.585785345658223
832,47808.0,47605.88522341953,47799.136367325314,47740.005008713546,47605.37093452371,-80.0,12.532680626569345,-53.430044669872586,-8.4285161310072,8.777434413652372
833,47680.0,47615.798970206975,47701.388159282025,47697.578996939315,47604.016915663546,32.0,8.005268231569062,9.192588366837299,-33.63651330457651,-5.153173076985695
834,47872.0,47621.89575988267,47817.52154405899,47672.73198210439,47595.064588369736,-272.0,5.091152444096224,-239.82898467160703,-124.48102378272233,-22.79909787532233
835,47136.0,47625.98127509517,47221.73018993881,47448.61694937387,47558.4187199129,-64.0,4.07042104822176,-76.50586137443315,-67.80655804359048,-15.524932461190474
836,47744.0,47630.03660197911,47664.50982131012,47537.11886601721,47564.014723447355,56.0,4.986313331435667,38.26428461376781,-14.938650348049123,-3.4032602931802103
837,47248.0,47635.95390175804,47298.25875916635,47418.73964867777,47551.61219932654,-152.0,7.6342208326132095,-114.95726631204525,-33.009393000556884,2.7780858455153066
838,47440.0,47645.30504364434,47434.59528868603,47471.1000800161,47569.570895138386,120.0,11.594549071938673,109.3129729498396,67.91047134638211,24.437240568764537
839,47488.0,47659.14299990192,47516.884705066026,47554.56059137054,47600.48668046407,264.0,16.317588197547593,226.7129417101496,116.74080703969958,36.54011934888695
840,47968.0,47677.94022003943,47888.02117210633,47704.5816940955,47642.65113383616,-64.0,21.209510458938894,-39.41638922078346,18.31194977271298,25.89701006389805
841,47360.0,47701.562020819794,47438.05192662446,47591.18449091596,47652.280700591866,-64.0,25.724481301924243,-49.0508955668156,2.1950422784429975,24.24360178529969
842,47840.0,47729.38918264328,47789.9193809727,47708.97177865238,47691.13833740676,120.0,29.463992199140193,101.46435921173907,52.27317706260874,31.41455368523384
843,47600.0,47760.490005218075,47640.98064504794,47695.73084504118,47715.10980796233,48.0,32.209497782103426,55.9644893149416,34.62448890939413,29.726960953685193
844,47936.0,47793.80817820749,47901.84835960258,47778.22075647117,47750.59225931413,128.0,33.927770595935726,90.1095125675638,3.600289665573655,26.21206431750761
845,47856.0,47828.345546409946,47821.199670183065,47702.93142437233,47767.53393659735,-520.0,34.742039949785976,-460.05898167240593,-151.82361991268044,12.518374113082245
846,46896.0,47863.29225810706,46981.73039625777,47474.57351664581,47775.629007540294,-8.0,34.87450829059162,9.400168885749736,60.928850596388656,52.07652131996292
847,47840.0,47898.09456299113,47840.000007954564,47824.789125565105,47871.686979237274,784.0,34.59145903107128,715.569730658448,342.6101717018428,97.64232065884062
848,48464.0,47932.4751761692,48412.86985757467,48159.793860049496,47970.913648857975,256.0,34.13623303197164,245.11023995060532,182.9016645091433,74.57235206360201
849,48352.0,47966.36702905507,48330.220487855775,48190.59245458339,48020.83168336448,-224.0,33.682122344016534,-191.54693044002852,-49.90517817441287,33.359618674727244
850,48016.0,47999.839420857235,48029.77599669461,48059.98350370067,48037.63288620743,-256.0,33.32540683142361,-231.5645076881192,-108.61719903238918,17.882847153323382
851,47840.0,48033.01784271792,47867.09147247954,47973.35805651861,48056.597377671125,-24.0,33.08202984367017,-27.22716181736905,-19.946418922747398,29.794360347252223
852,47968.0,48066.003480544576,47975.32167305987,48020.090665855176,48097.221606901934,176.0,32.89601790529923,144.83856587968694,72.77794226414699,47.08530957590483
853,48192.0,48098.80987852852,48156.76860423891,48118.91394104691,48150.767996822935,-16.0,32.679626990589895,5.289952373605047,62.28024571518836,51.48478976214756
854,47936.0,48131.362734525756,47985.90157780708,48144.65115728555,48200.19118642623,56.0,32.339619363829115,78.6408626035809,130.06279488142172,62.63274892460322
855,48304.0,48163.48911725618,48314.05032944607,48379.03953080975,48276.03349467214,696.0,31.803359742181783,628.1840012490647,271.9081389290732,74.44398297952284
856,49328.0,48194.96945401012,49242.26958030521,48688.4674351437,48349.079152385275,-40.0,31.042290880119253,-45.025132595670584,-10.338378094202199,24.099615332394023
857,48224.0,48225.573699016415,48224.00006425473,48358.362774621346,48324.23272533693,-824.0,30.068155590994138,-738.2696213274576,-262.92327321167977,-19.83479078149685
858,47680.0,48255.10576519211,47765.7303376503,48162.62088872034,48309.40957082228,304.0,28.936355728423223,262.24242929566753,45.56855845915925,16.647324026467686
859,48832.0,48283.44641047326,48748.484922846066,48449.499891539665,48357.527373389865,320.0,27.73180951307222,288.1278409292536,95.62894858916115,24.39417123707244
860,48320.0,48310.56938421825,48341.986019508804,48353.87878589866,48358.197913296426,-360.0,26.549648912376142,-296.5688057932275,-78.68171269167578,2.5804355713844416
861,48112.0,48336.545708298014,48155.34731125961,48292.13646615631,48362.688244532634,32.0,25.49487301541376,30.09784804885203,28.325913335811492,17.02474346283998
862,48384.0,48361.55913024908,48402.18171560651,48410.530612570285,48392.247400222106,424.0,24.671531886029697,359.4611754512698,131.6594526991139,29.97152570057733
863,48960.0,48385.88877207007,48874.26966216215,48555.45537155454,48422.63129593379,-224.0,24.186465552589652,-191.76455774984788,-57.34755523847707,3.51546050836987
864,47936.0,48409.93206135426,48018.65260010681,48295.83550209333,48399.278321238846,-256.0,24.14963150324911,-228.87143947684672,-79.70211841454511,-0.18905863300096826
865,48448.0,48434.18803507657,48416.52678320846,48396.05113472545,48422.25317866779,288.0,24.662100263954926,240.5080991439463,74.24119999484901,21.687516362333554
866,48512.0,48459.25626188217,48499.668798394705,48444.31790208303,48442.65335396351,16.0,25.80858171021464,21.486007159783185,14.425718399092148,16.93284299390143
867,48480.0,48485.805198497,48459.498797528024,48424.902571523635,48456.11886465559,-176.0,27.637364643109322,-142.67601322654446,-46.96404479757257,12.271453924851812
868,48160.0,48514.53099116839,48214.316771941616,48350.38981248788,48467.19626181322,32.0,30.12560394086904,26.40183412168335,20.682147208186507,26.437210248292104
869,48544.0,48546.05640637874,48512.30246577139,48466.26686594001,48508.99328515217,168.0,33.16369317250792,139.49802268671556,77.01048642213209,40.04668759656124
870,48496.0,48580.8583775134,48493.31281731505,48504.41078533215,48547.28963700634,-72.0,36.553664706341806,-32.425561881114845,42.34931205821704,40.86083370448614
871,48400.0,48619.16373579142,48447.45134200916,48550.96549005644,48590.714952561146,280.0,40.01428780856804,239.53664744377966,122.03744975250811,52.96106318286547
872,49056.0,48660.88695313054,48972.38611220261,48748.485684837164,48653.21176337207,64.0,43.20685736451196,58.72391850262284,43.76303719931093,42.35739897952226
873,48528.0,48705.577450520446,48564.89917901441,48638.491564455064,48675.42975052019,-280.0,45.77711108958101,-222.99103811616442,-54.74833815457532,29.58947467413236
874,48496.0,48752.4411753097,48526.40403597028,48638.98900852801,48712.390712720335,136.0,47.39466140740478,113.52503680728114,71.99194833695947,47.780497836163704
875,48800.0,48800.366773335256,48791.94925262897,48782.47546112898,48770.99074619252,248.0,47.794145379852125,225.29147980353082,134.72418316545736,57.14957078180669
876,48992.0,48848.029466069405,48976.98699557734,48908.43737485893,48826.68985428395,104.0,46.80148324500624,109.97272083507414,84.18060115941262,47.433600805627066
877,49008.0,48893.96973982527,49011.89469429912,48950.83666344781,48865.85794780377,72.0,44.34868023525269,54.381170217377075,13.817620312787767,32.06099091000942
878,49136.0,48936.72682653991,49085.74933601209,48936.0726154845,48890.81183610397,-320.0,40.48744558440376,-282.7258143506806,-114.72774022105659,12.694480105397815
879,48368.0,48974.944630994076,48446.443065597756,48721.381183005695,48891.24690801457,-160.0,35.38548038286535,-141.7638063014274,-38.000840975957544,26.597417311324534
880,48816.0,49007.49778730564,48802.22172340924,48860.07093353259,48944.006670726616,320.0,29.320922921819147,286.88727485766503,160.7252172931876,59.160096248382615
881,49008.0,49033.586476837714,49020.217615313086,49042.83161759207,49009.56710051133,288.0,22.68275221635122,279.0839684692728,200.1764928555167,65.6387848102786
882,49392.0,49052.863291738344,49360.389660347784,49260.42391924362,49075.28424034717,168.0,15.933518513527815,182.12034677361953,151.8042612733625,49.88135185320425
883,49344.0,49065.45351386477,49384.458308860325,49346.440140138795,49109.32980421774,280.0,9.560320307329675,252.93998672791713,87.23629096456716,22.312054081452516
884,49952.0,49071.983932353,49866.26963380362,49434.896501172756,49119.90834851008,-304.0,4.037354884421802,-312.796557947182,-173.83471725142954,-31.02603828215797
885,48736.0,49073.52822363361,48758.86519296596,48998.770705635936,49047.277727653425,-728.0,-0.24513314487194293,-653.7022180130043,-301.00111384708,-57.06673447398134
886,48496.0,49071.49366606326,48558.86519777761,48832.894273478596,49005.774879562116,232.0,-3.040894434998336,192.14009268800874,2.5707045819544874,-16.014104113204667
887,49200.0,49067.44643476362,49143.14537834198,49003.912114799845,49015.249519427016,256.0,-4.2788895099911315,222.19297328592074,72.97389872116764,0.23711583624753985
888,49008.0,49062.93588704328,49003.25114434945,48978.84207092093,49006.24911123461,-216.0,-4.0671226974409365,-163.63851224527025,-39.64900841844428,-9.08795263067077
889,48768.0,49059.312189368735,48815.86835385144,48924.614097962956,48997.073614165674,72.0,-2.6696573104782146,51.95897875918308,24.079076023506786,2.2781836393442063
890,49152.0,49057.59657242232,49107.16910186782,49027.000222967945,49010.8054785133,72.0,-0.453976113745739,67.1462573554636,39.886236488957366,6.672138273293967
891,48912.0,49058.40423714124,48950.160868562365,49004.38657094087,49010.41789071226,32.0,2.1730994335666765,33.796109506372886,23.57963344336531,4.53330673457458
892,49216.0,49061.942771289454,49174.76132088056,49074.159489854675,49019.87209198245,24.0,4.83174999640687,18.407056721007393,-1.1473361588614353,-0.3521941306935332
893,48960.0,49068.06773713406,48986.97498200438,49002.09189862315,49009.713502450875,-48.0,7.2153220544496435,-52.91142885426234,-51.021641919949616,-7.672914409027726
894,49120.0,49076.37341539835,49068.93846317204,48972.116206014776,49004.52626316439,-304.0,9.120234346130019,-274.62230038661437,-103.91758960098014,-10.960926128267602
895,48352.0,49086.30820582632,48437.73038123115,48794.25671942119,48987.79165019434,96.0,10.461166447050346,90.58331587627254,43.26887311700557,15.0549695396694
896,49312.0,49097.295748292454,49250.105094924584,49058.65395224879,49034.63620224373,336.0,11.25929098117922,311.0387940693836,137.72420895198957,32.976362161578436
897,49024.0,49108.826787788676,49059.80796936992,49069.70513732517,49053.7443745175,-16.0,11.615409729965904,-11.25727870506671,33.90375373896677,20.59539099963513
898,49280.0,49120.526567752386,49227.59053751445,49126.46145972672,49075.826984243,-112.0,11.686783660374203,-94.26474428320216,-20.012947735089256,11.873958937656425
899,48800.0,49132.200355109424,48871.278480803514,49029.67924185499,49077.49229239281,-16.0,11.649844291903719,0.08034730661893263,18.057403055765462,15.53992276945064
900,49248.0,49143.82625633619,49227.75123212769,49162.57626583825,49106.9068297819,320.0,11.659142076365242,255.228911962633,90.18515690238564,22.359878878189193
901,49440.0,49155.518639262154,49381.73630472878,49210.04955565976,49122.21205014919,-168.0,11.814247211877955,-145.1096886576961,-67.50193234861217,-0.5841771252598846
902,48912.0,49167.45475075995,48937.531854812296,49027.57240114103,49105.73847553138,-368.0,12.133148827881087,-308.7688909523167,-124.69095394821852,-6.786650841229857
903,48704.0,49179.78493691792,48764.19852282415,48960.66764776332,49108.63874846673,184.0,12.548799012496602,147.08650257561385,61.42907050396025,23.132210358675366
904,49280.0,49192.55234878494,49231.70485996352,49150.43054214895,49152.002896248734,216.0,12.904457672761055,206.60341651395356,124.97816546009926,36.964292594446306
905,49136.0,49205.59385226344,49177.40535585205,49210.62397868352,49182.56733365562,168.0,12.967449735155242,152.7272751488199,97.50542587633026,32.89280408966442
906,49616.0,49218.48724825525,49537.15941026116,49345.44139390161,49217.78850442806,-56.0,12.468900528157974,-44.793153188209544,-0.46188783110847,15.310595993847528
907,49024.0,49230.531653319755,49087.819049475635,49209.700203021304,49213.188525643316,-144.0,11.147022012617526,-119.90085450423794,-42.8910893696484,4.859447497419751
908,49328.0,49240.78129228049,49297.35770125269,49259.65921516231,49227.5073994229,80.0,8.793613793099212,56.32715804050167,15.788619722163276,9.294243750729947
909,49184.0,49248.11888090595,49200.47336555664,49241.27744246563,49231.777013144776,-32.0,5.329022232701391,-14.517507912849396,10.256948536138225,6.658464379110228
910,49264.0,49251.43933674589,49268.32268542699,49280.17311223459,49240.82432818112,104.0,0.8404094072175212,89.46274700528011,46.9822258862514,7.888531445405533
911,49392.0,49249.79969972039,49379.3988595672,49335.241894238134,49247.55407603559,40.0,-4.401292737478798,48.07047197622887,26.689729122608696,-0.4925483437582443
912,49344.0,49242.63675127093,49364.46362937945,49333.552570479806,49239.839231493606,112.0,-9.924145647408295,87.3829167094591,-6.913038518428948,-12.92288296730112
913,49616.0,49229.95140842557,49554.164692986116,49321.415817201276,49221.708310100985,-480.0,-15.097103444721142,-447.366614014878,-159.42884467788826,-37.84550588756974
914,48384.0,49212.44254438149,48469.73040134969,49014.69488112403,49164.14821971847,40.0,-19.222855108720978,39.777071371696366,8.62650448477143,-18.552679396594613
915,49696.0,49191.50569820813,49633.71883572951,49338.66882617082,49184.602951307796,528.0,-21.656469116423978,484.9143993197904,145.30835813219164,-5.115120845286583
916,49440.0,49169.12960614864,49439.55919998927,49305.31159738841,49153.917978027894,-216.0,-21.9387031425249,-196.3636357938558,-100.70143008819286,-44.989074378503574
917,49264.0,49147.62829192308,49240.9915641418,49137.26596599443,49094.62480255079,-392.0,-19.9213770444112,-374.65733186987563,-231.4126483967666,-67.76193534956474
918,48656.0,49129.28685205982,48690.24453624952,48842.48630059488,49018.394107328764,-344.0,-15.838668069427513,-318.4768299132811,-201.53651510211057,-58.11098985558783
919,48576.0,49115.950955784225,48604.037904315235,48734.19293579021,48978.40282283961,88.0,-10.296491553737724,53.98288964188396,-29.196896909565112,-19.87114334716898
920,48832.0,49108.693868952345,48798.21031553329,48784.09250677575,48978.651820634426,16.0,-4.18625203202464,25.223988884499704,25.945824373415235,7.581588826531515
921,48608.0,49107.578451720176,48654.485882084235,48786.08458453704,48993.566000492676,80.0,1.4736064778444415,88.70497697209794,91.03437002981809,34.19247988288407
922,48992.0,49111.641081908034,48975.620269477484,48966.161246835385,49047.036780400194,264.0,5.741006309785007,239.23573478069375,167.15728571602813,56.222618927531585
923,49136.0,49119.060464339746,49132.95735164562,49120.3991559691,49106.01123834774,128.0,7.951099145164335,142.12384039625613,146.43748711826993,57.47501986492716
924,49248.0,49127.54328019836,49259.867950269996,49259.036221071925,49161.98682013005,200.0,7.838671216763032,186.25034997433977,144.15517563878166,51.674922788814
925,49536.0,49134.73780677327,49505.4580515943,49408.70950724666,49209.36108392537,88.0,5.577127658900281,92.88035929581747,86.02803979807504,31.04231799158515
926,49424.0,49138.69753551616,49445.62866886163,49431.092300668075,49224.07145611322,48.0,1.7380276063013298,48.313961575469875,25.928943755447108,4.713944993512996
927,49632.0,49138.213861985874,49602.08597474524,49460.567394757556,49218.78897391239,32.0,-2.852124961118534,6.8871796098210325,-56.241208531740995,-25.943033505205676
928,49488.0,49132.993285593926,49459.40302808127,49318.60988360459,49172.18538910281,-336.0,-7.299028389006708,-321.04290754565955,-226.65256935066645,-62.39431535444601
929,48960.0,49123.61580520786,48960.00015965392,49007.26225605622,49094.0003432035,-576.0,-10.820688377123588,-518.83639843126,-287.716499520262,-71.48502873913094
930,48336.0,49111.35190883968,48421.73023121875,48743.17688456407,49029.215331624546,0.0,-12.881971986622375,-23.19387869359707,-60.49692921011592,-30.124244997728965
931,48960.0,49097.851861234616,48913.61240226673,48886.26839763599,49033.75185320804,248.0,-13.266620370508463,228.32871829543728,106.22571188991424,8.224114243901568
932,48832.0,49084.81866809866,48878.38766780963,48955.6283083439,49045.66356011235,224.0,-12.072219104276883,209.29307183860146,131.174064879855,22.594884909922257
933,49408.0,49073.70742302606,49332.19854594393,49148.6165273957,49078.94162302789,56.0,-9.635263468029734,62.22414060641677,63.29648274965075,16.82514406693008
934,48944.0,49065.5481411626,49002.83594902246,49082.2212738432,49079.31384824621,-48.0,-6.426954737802589,-35.182851809164276,2.7153833690972533,7.137917630636366
935,49312.0,49060.85351355046,49261.8328423256,49154.047294133896,49093.21745828916,24.0,-2.947292198852665,8.161104931172304,-7.150332642351714,2.9644829574062896
936,48992.0,49059.6535567649,49019.158158884806,49067.920608558496,49085.24281416102,-128.0,0.36419367523194524,-106.88388901678627,-48.16638129614876,-3.3125034200893424
937,49056.0,49061.58190090092,49048.06506429203,49057.7145315416,49086.59245144898,-8.0,3.174184172476089,-10.767773132625734,-9.348811246101832,2.879259860412276
938,48976.0,49066.00192510985,48997.622612619554,49049.22298606629,49091.001333881846,64.0,5.2683590323104,57.670611425299285,28.119947557835985,10.158949126955122
939,49184.0,49072.11861896554,49163.40628714263,49113.95442665727,49106.91034970289,88.0,6.525997869062849,62.815110236209875,29.708653919617063,12.054533306189114
940,49152.0,49079.053920847975,49123.252833091974,49108.640293905526,49115.110400494224,-232.0,6.886134546570247,-183.88928859076987,-26.99398579897752,6.355570816045656
941,48720.0,49085.89088805868,48795.62770996109,49059.966455059315,49119.62149133498,344.0,6.312448513031995,315.5083868393158,121.30938868344674,24.492165407504217
942,49840.0,49091.67881787404,49754.269606770606,49351.25907127242,49164.09473130923,152.0,4.7724523717333796,131.83822424794926,46.922151849314105,10.677976539715019
943,49024.0,49095.43579280215,49059.30415845699,49153.81075875794,49140.97744441441,-440.0,2.2402022620881326,-385.2879097788573,-132.5429331355008,-17.268414674101223
944,48960.0,49096.159222398215,48983.69378721289,49086.17320500142,49129.55790196103,64.0,-1.2771493774998817,42.858564820366155,-4.5509512558164715,-2.941647355331952
945,49152.0,49092.88149404715,49145.02128809772,49144.70885624631,49135.09414970375,144.0,-5.694213653740007,126.43394137344876,54.8900793680441,4.69095522790667
946,49248.0,49084.770795090735,49236.56166995979,49195.953363737506,49138.939812416844,32.0,-10.796184498911316,34.348731661033526,25.221189359948767,-1.6073466660636768
947,49216.0,49071.28912504933,49213.71875141979,49195.15123496621,49131.87945637162,-40.0,-16.210512743222353,-34.249161441061005,-11.226511288190522,-11.266383226640755
948,49168.0,49052.34976960429,49168.06334707767,49173.500341161125,49116.40704596356,-56.0,-21.40009293149342,-45.33866895379106,-18.900723224520334,-18.052058109879
949,49104.0,49028.48893918634,49123.041413512205,49157.34978851717,49095.775340151864,56.0,-25.698303272005433,50.18513399556832,10.524341614625882,-21.042938804108417
950,49280.0,49000.95316306028,49268.4336150688,49194.54902439038,49074.321168355345,120.0,-28.421490111250023,87.56027690063274,-5.526251931598381,-31.738113378749404
951,49344.0,48971.64595896384,49298.16196731347,49146.29728465397,49032.299113394365,-264.0,-28.96888999496514,-240.63472476780225,-147.10309740942103,-57.6070992912646
952,48752.0,48943.01538307035,48787.1641655332,48900.342829571535,48959.106969772816,-336.0,-26.94729457966605,-294.0040605344766,-171.78304029666833,-62.836795132905536
953,48672.0,48917.75136980451,48710.15384624452,48802.731204060634,48906.625523128554,168.0,-22.298917310607067,113.7589119338918,-32.246023480580334,-40.75017048783411
954,49088.0,48898.417548449135,49014.68198940098,48835.850782610374,48877.60662879715,-104.0,-15.348725191248377,-103.63968152492089,-92.95503014507631,-39.5385628915501
955,48464.0,48887.05391942201,48502.874483194675,48616.82114377048,48827.548397345454,-312.0,-6.789278408858081,-275.857318546623,-142.61906695465586,-31.88081158442219
956,48464.0,48884.83899163142,48462.967352307736,48550.61264870106,48813.8450056283,-48.0,2.4158531583343574,-45.07036934826829,-22.90217071888401,3.788858564264956
957,48368.0,48891.88562573868,48412.73374449814,48571.01680233271,48835.126114473984,192.0,11.190313162383973,173.43511468109136,121.91255479800384,44.63741456938078
958,48848.0,48907.21961795619,48809.83758166992,48794.43775829707,48903.119834767065,208.0,18.540487909940566,206.29174552137556,196.63983511289553,70.74971203143286
959,48784.0,48928.96660155856,48825.31723554089,48964.296472558504,48976.62553853685,432.0,23.73726101441207,412.7683223029635,260.0069505406864,83.13698069662496
960,49712.0,48954.69413998501,49635.374226275846,49314.45165937844,49069.393796160315,248.0,26.43778801005101,236.22563138665646,151.38101650915632,60.63794743148537
961,49280.0,48981.84217757866,49297.7684983142,49267.05850557682,49097.90143339982,-304.0,26.73557023995454,-248.7632363906232,-53.86390101321376,19.402708909492503
962,49104.0,49008.16528046492,49137.8477534946,49206.723857352015,49108.1992139793,32.0,25.110049435719702,9.318022653409571,-8.972719548793975,10.507741278444882
963,49344.0,49032.0622764501,49316.40454362102,49249.11306647923,49118.91691595671,56.0,22.294511463209346,40.57950823154533,-5.054257633168163,-0.536452224750974
964,49216.0,49052.75430339134,49219.00676995769,49196.61534208568,49107.1263095298,-96.0,19.11253706370553,-82.36392387489832,-62.19005335071415,-17.23429095042593
965,49152.0,49070.28735057751,49151.676695871225,49124.7329597778,49084.44833405586,-56.0,16.303704208596173,-68.94659473034335,-85.51590241897429,-26.055558771146025
966,49104.0,49085.36171180853,49081.113580497,49025.58353724773,49055.015191987506,-184.0,14.375921288814425,-184.9952128891964,-138.35765390620145,-31.882382468975266
967,48784.0,49099.03919315514,48781.68627009283,48848.0176519654,49020.68356911791,-360.0,13.543689769860066,-310.99595993998446,-145.55705929963733,-22.497444413704216
968,48384.0,49112.44909134825,48459.121660617035,48734.469418648456,49010.0203031601,192.0,13.729261349497392,155.9630318180607,61.68647600728582,20.637749200195685
969,49168.0,49126.49771585414,49093.612333728954,48971.39060397997,49061.9590675183,160.0,14.62636167126766,159.63300354801322,138.61648732149843,46.63671773411261
970,48704.0,49141.70181469079,48778.38766771306,49011.70239329145,49103.29373862832,296.0,15.817610566209623,293.74187811111915,194.16298595720582,61.299358041444066
971,49760.0,49158.132936986556,49681.09608995119,49359.71657589438,49184.55778360119,296.0,16.878072330884606,271.1606664323881,147.87247055012267,52.491934152920294
972,49296.0,49175.457959352556,49320.70900057784,49307.4473343917,49208.27760693416,-288.0,17.46703306015479,-236.8420864841537,-46.54557430683417,19.33370367968746
973,49184.0,49193.067003106866,49207.411916982885,49266.62542728071,49223.22519096056,24.0,17.37807205126228,3.762501319466537,0.4908065293748223,16.90884357442701
974,49344.0,49210.21410345508,49328.23400321677,49308.42894745045,49242.09529408302,40.0,16.516795548137452,41.99210231775578,24.017993894958636,13.77486782660344
975,49264.0,49226.10059420314,49291.396121618396,49314.66141507063,49250.77492661377,120.0,14.879863172875048,100.14272649360646,31.563175155497447,8.018378861437668
976,49584.0,49239.97382980083,49528.51945620398,49371.55529776144,49258.13205180589,-24.0,12.507484086458135,-40.279384394481895,-49.328468428466294,-8.936272217575606
977,49216.0,49251.11556237606,49210.83735282943,49216.0044782137,49232.90238217862,-408.0,9.433990085606638,-343.4953392273892,-155.54858044089997,-24.384550518348988
978,48768.0,49258.841809972044,48841.528777749205,49060.45813687964,49209.362950769195,8.0,5.677580726536689,-1.6646863341848075,-9.317272894229973,-1.4712838709638163
979,49232.0,49262.47072382913,49207.50798016106,49197.36993242524,49229.95981443669,280.0,1.26623169452796,243.51910321718606,119.59676175821733,20.49485438933334
980,49328.0,49261.3742733611,49328.56698418358,49299.65166039608,49250.35265954786,120.0,-3.7215849673593766,123.89392494041385,88.10755816887831,16.510478088563104
981,49472.0,49255.02755389441,49455.29583004189,49373.585048762994,49262.980770613816,56.0,-9.09912387564691,43.20799606775836,24.725912748413975,2.1771495966459042
982,49440.0,49243.176025609806,49414.982976319094,49349.103485892905,49254.70695874115,-200.0,-14.51897466014998,-165.39797212734265,-69.92981992364003,-17.53846393560889
983,49072.0,49225.98960457411,49124.499885787205,49233.725408915714,49227.9038427426,-16.0,-19.480132526547095,-27.98366159586658,-34.51537251933041,-19.00792386141984
984,49408.0,49204.21576055671,49359.01565312736,49280.072740854244,49216.691111018314,-8.0,-23.37916344752375,-10.40596702305993,-17.616297634347575,-20.77817617337496
985,49056.0,49179.231277679064,49103.687951741085,49198.49281364702,49186.34749039585,-32.0,-25.58763148928483,-16.88794268082347,-10.33352038371595,-23.826246102667938
986,49344.0,49153.04049757814,49325.23976776571,49259.40570008681,49169.03861881298,168.0,-25.588611255290743,127.75065485321466,18.615736483203364,-26.056940642225527
987,49392.0,49128.05405516848,49359.189261447515,49235.724286613426,49134.2336091114,-144.0,-23.108073474024422,-130.10419908063704,-101.81927016667396,-47.69332924600894
988,49056.0,49106.82435063009,49065.03136960444,49055.767159753465,49073.65196032096,-264.0,-18.2031103622503,-249.00104382086283,-180.07354698322888,-59.699050774390344
989,48864.0,49091.64783444398,48861.18717380579,48875.57719264697,49014.83550756262,-216.0,-11.315154937918123,-217.90832676971695,-174.40137078301268,-51.27467738021369
990,48624.0,49084.19404075426,48629.214716065006,48706.96441818744,48971.10260556053,-216.0,-3.2075710362332757,-205.8988774157624,-127.13056536580552,-26.377771724055492
991,48432.0,49085.232692371515,48449.389418974264,48621.31606191536,48962.079964114506,-112.0,5.1638850763920345,-92.87820221943184,9.009674685588834,17.48135675969752
992,48400.0,49094.52181090704,48443.45831162614,48724.98376755862,49006.06531907993,616.0,12.810990017700533,581.8726903277056,334.9913099872465,74.2886209194221
993,49664.0,49110.85467240692,49613.134799629675,49291.29868188985,49110.65720595335,584.0,18.90091248358658,544.8382466068215,311.13253471148346,76.92474717108416
994,49568.0,49132.323635874214,49533.134804839785,49347.248836981584,49159.914813422096,-368.0,22.913545702143892,-301.97227506582203,-54.425426417477865,28.853348139851732
995,48928.0,49156.681763811204,49009.19024949803,49182.447829054894,49168.36390223305,-48.0,24.70952253098585,-70.34700337674076,-37.577093399242585,20.467283922611387
996,49472.0,49181.742680936186,49392.4407980863,49272.0946501831,49200.84938126732,-16.0,24.514619824734837,-14.545460980192729,-10.305853780242614,18.927948097632907
997,48896.0,49205.711003460674,48980.099327537646,49161.83612149441,49206.21979842832,16.0,22.822385485578707,27.571361048627296,22.659532058511104,20.881407082411897
998,49504.0,49227.38745190734,49447.58352018356,49317.41371430012,49242.61219543214,208.0,20.248508894466795,165.98559965462118,62.284449955775926,23.323006775433896
999,49312.0,49246.20802124961,49312.07052684689,49286.40502140596,49252.86581197919,-168.0,17.376199315407575,-135.16035910221763,-43.80618219117969,7.296907146002923
1000,49168.0,49262.13985053816,49177.26280197912,49229.80134991776,49257.20600972415,-112.0,14.639119522318651,-88.4937149721336,-25.702996529322263,8.800498231164966
1001,49088.0,49275.486260294245,49135.08309690262,49234.999028347316,49270.46680844152,272.0,12.245194085578987,224.5034623794054,78.69719260322017,22.384139139448962
1002,49712.0,49286.63023870932,49626.26972673793,49387.1957351242,49301.974288003046,-136.0,10.182738415805943,-116.67638726756923,-10.205425661020854,11.006193961678946
1003,48816.0,49295.85173712586,48901.73032236748,49214.588177025274,49292.479196364875,24.0,8.280991867854027,24.81042117515244,26.686530413713626,14.328868180073187
1004,49760.0,49303.192222445025,49675.89056908824,49440.56879595163,49330.63202436319,192.0,6.283746296183381,180.85884630355577,66.26501690216901,16.684429216478748
1005,49200.0,49308.41922971822,49263.448014974594,49347.11821082961,49325.84805479783,-112.0,3.9441079931239074,-95.2024792406628,-19.8914797072066,1.508433174527454
1006,49536.0,49311.08043843127,49485.48561060691,49400.785836537216,49333.64889071225,-32.0,1.1029411594536214,-30.5343513330954,-13.939456023792445,-2.316719549970003
1007,49136.0,49310.62511203713,49202.3793123084,49319.23929878203,49321.21461569789,64.0,-2.262056327021128,48.79026324350707,10.073111635829264,-3.1735442294593668
1008,49664.0,49306.55632577723,49583.06613709393,49420.932059808874,49327.30180225333,-32.0,-6.01808075084773,-31.517335543401714,-19.841209068716125,-10.74772333189685
1009,49072.0,49298.588950535435,49139.3446412216,49279.556880644595,49299.7191690341,-128.0,-9.89073385991287,-99.46344396577115,-37.596738841984916,-16.196674767528748
1010,49408.0,49286.774858057404,49384.139249162385,49345.738582124904,49294.90845271827,160.0,-13.514746129068953,125.49085375271898,35.05099254276138,-10.465293679913884
1011,49392.0,49271.5594582773,49390.32634872704,49349.65886573012,49278.78858167427,0.0,-16.500156442896696,-2.1811568001430715,-17.250283529723674,-21.780441960283497
1012,49408.0,49253.77454517161,49379.7769355621,49311.23801506546,49251.347568797704,-176.0,-18.50037048813465,-151.6647353544613,-86.80184313193604,-35.273634436685825
1013,49040.0,49234.55871730103,49086.996878018115,49176.055179466246,49208.2413128009,-56.0,-19.290291034594702,-57.79566745340344,-67.15524586608808,-34.694190356756735
1014,49296.0,49215.19396310242,49264.18560065529,49176.92752333328,49181.95918808419,56.0,-18.834033961342357,18.116725913652772,-58.663894466324564,-31.98416531250041
1015,49152.0,49196.89064937834,49123.23032984542,49058.7273905336,49144.2729821759,-400.0,-17.30009752911792,-344.0011708306629,-164.83643753288197,-38.07255679949958
1016,48496.0,49180.593768044186,48576.183258993966,48847.25464826752,49105.81407448519,-88.0,-15.059628989725752,-86.93322663370418,-35.845418132324994,-7.968203966447618
1017,48976.0,49166.77139139889,48949.36387657801,48987.03655426895,49128.336574243,264.0,-12.631644051045441,240.00000047412686,145.30018313590335,30.13932846996613
1018,49024.0,49155.330479942095,49056.18325994222,49137.855014539324,49166.092731425124,320.0,-10.582380139319866,318.55212918988036,207.74596754003505,44.86079375337067
1019,49616.0,49145.60663112025,49586.46813495777,49402.52848934902,49218.058161749745,376.0,-9.416314418533148,331.8091036898368,157.93771948420545,32.06833841211119
1020,49776.0,49136.49785110503,49719.80146732189,49453.730453507735,49230.229408249346,-312.0,-9.464067301170871,-281.1348015136973,-109.93280908741144,-15.117283087929536
1021,48992.0,49126.67849651791,49024.19853193038,49182.662871174194,49187.823595573886,-456.0,-10.795844060754462,-401.13480525233535,-175.7361467464434,-32.61463289676976
1022,48864.0,49114.90616298352,48917.53185681722,49102.25816001485,49165.00014245581,216.0,-13.186416772354278,173.12379347788374,38.72436884807394,-7.773445995284419
1023,49424.0,49100.3056629732,49370.446118886146,49260.11160887034,49172.27670358332,184.0,-16.14270092908555,173.01367199472588,75.90925329066886,-5.309603693327517
1024,49232.0,49082.62076112535,49263.559200806674,49254.076666596186,49154.38093506915,56.0,-18.972558597684838,50.90908595388464,5.003391023928998,-21.776721760707005
1025,49536.0,49062.36054577783,49472.264290793915,49270.1183909182,49128.7232600619,-256.0,-20.908096161841968,-234.28143248004562,-116.89908021887823,-46.02151200415392
1026,48720.0,49040.804568801665,48794.99633584658,49020.27850615843,49062.337911060844,-208.0,-21.281405580310093,-177.978299277529,-99.70063168056004,-49.26845344801768
1027,49120.0,49019.79773461721,49116.30769223886,49070.71712755708,49030.18635316587,376.0,-19.649027765386563,302.8498175865534,25.79718517719084,-36.6422402366843
1028,49472.0,49001.50651327089,49400.69597101969,49071.87287651281,48989.053430587475,-440.0,-15.880356881254556,-398.96907096679934,-198.90781278786017,-65.28025104901462
1029,48240.0,48988.0370208547,48318.36955030526,48672.90150198136,48899.62585106784,-384.0,-10.214238304764876,-363.6414643420794,-182.52062354077498,-56.44628696624932
1030,48704.0,48981.07803666136,48673.41304233553,48706.83162943126,48876.16085665498,224.0,-3.223294456540316,202.10870370793054,35.345942165535234,-14.856951580110035
1031,48688.0,48981.59043194162,48722.58695772112,48743.59338631243,48869.91194790762,248.0,4.27754371600895,222.1087039911763,64.55845003738796,2.846688648020063
1032,49200.0,48989.63312409338,49117.63045031788,48835.94852950604,48881.85423395102,-368.0,11.372739089387323,-342.42827842541374,-89.67059205338228,-3.9650022590503795
1033,47952.0,49004.3359101204,48037.73040087029,48564.252202205666,48861.98194338952,8.0,17.191378421171976,13.422636933191825,34.429773802468844,25.626806607975595
1034,49216.0,49024.01588093572,49144.47572418427,48904.808077110974,48933.10784716697,424.0,21.035822827405354,410.0772848176057,184.95991346079245,56.98129613580022
1035,48800.0,49046.40755577521,48857.8849705055,48934.17202912725,48975.94453566112,-24.0,22.45996623022802,2.8340988487507275,96.44996657990487,51.63391527720523
1036,49168.0,49068.93581339618,49150.14392188177,49097.708010270784,49036.37567772138,240.0,21.300383830639475,202.97856078512996,128.3899862789258,53.84992594632786
1037,49280.0,49089.00832343649,49263.84209207576,49190.9520016851,49083.64438755377,32.0,17.649184931338823,32.90863057279057,48.71999225686886,37.45092921008836
1038,49232.0,49104.23418325886,49215.96118302735,49195.14799478452,49111.277536141555,-168.0,11.785225660314609,-128.07499391166493,-14.230009508322837,21.597025394854427
1039,48944.0,49112.578774757116,49007.69210425243,49162.491982668456,49126.83843834348,184.0,4.099909768679936,158.30540175361966,76.58997921816626,24.702824119103752
1040,49600.0,49112.43400279622,49532.57198653459,49348.327953220854,49160.68318437976,152.0,-4.973770293290727,139.6258556887442,59.9999471628289,11.878905255267455
1041,49248.0,49102.631234170534,49286.94381562992,49282.491876994114,49150.59624885402,-56.0,-14.997113984318275,-50.909092755046004,-48.59013772968319,-14.95712308304428
1042,49488.0,49082.43977482758,49430.7538010245,49251.14767776149,49130.768938213674,-288.0,-25.52218140853074,-274.28075667990197,-149.77036035188212,-37.688863729661534
1043,48672.0,49051.58687135347,48738.38230227012,48982.95115629035,49075.218521394694,-256.0,-36.08051606636582,-228.60024020684432,-112.7209433259668,-35.38949074924676
1044,48976.0,49010.27874269485,48973.55332061081,49025.705791109554,49059.98995671518,288.0,-46.1403372471359,222.93762139474347,67.60753037398536,-11.029066843751934
1045,49248.0,48959.3061968592,49184.257545059605,49118.16621703832,49053.16038770719,-152.0,-55.062231486066594,-108.00805025317459,27.543534447926504,-16.57154962262939
1046,48672.0,48900.154279722716,48757.53722010446,49080.79286000541,49026.84685746992,384.0,-62.101761584686756,373.00606484614764,167.02307296979052,-8.571187363773788
1047,50016.0,48835.10267368983,49930.2696747519,49452.2123629779,49036.01801297964,392.0,-66.44379248235055,349.23134247712005,89.52568446144141,-39.82794384129738
1048,49456.0,48767.266694758015,49455.9999050587,49259.84422892829,48947.19096978733,-632.0,-67.28842606736725,-577.7065846699261,-290.44601958546264,-114.26749470295181
1049,48752.0,48700.52582155509,48774.85650541205,48871.32032380698,48807.48302357374,-440.0,-63.98242469761317,-440.61533566533035,-328.8637432178257,-136.93379503489996
1050,48576.0,48639.30184536279,48574.76923372804,48602.11674249264,48673.32337971753,-184.0,-56.15496110185268,-206.24110304381975,-256.1452100680217,-129.29347487033374
1051,48384.0,48588.21589935139,48362.37429932441,48359.02990367093,48548.89607383307,-376.0,-43.84614271063765,-342.4689226765913,-255.5718869862394,-116.18250219280526
1052,47824.0,48551.60955994151,47889.831388374856,48090.97296852016,48440.95837533192,-112.0,-27.592387862703617,-121.4404841802716,-134.57045089068924,-77.08977973455694
1053,48160.0,48533.03112362598,48119.493330963865,48089.889001889554,48394.71651436396,48.0,-8.4252250023128,27.12859740832573,-36.139465685831965,-34.506035249760316
1054,47920.0,48534.75910993689,47944.08858319151,48018.694037148496,48371.946304832396,-64.0,12.214783216630167,-54.96183181482775,-21.847946166813927,-0.17289428994627087
1055,48032.0,48557.46069005924,48009.56966733421,48046.19310955593,48394.370725784065,-64.0,32.64394668669047,-46.6705791862405,34.59562718539746,40.542957240875694
1056,47792.0,48600.04700331027,47850.74742481903,48087.88529151929,48453.03221931415,296.0,51.16450853792776,277.3546662137851,189.6348277230063,91.7131044957896
1057,48624.0,48659.789707135096,48564.27899976178,48425.46276500194,48577.796934775644,272.0,66.30370044664232,272.4867891178437,238.3088559836142,122.454562200277
1058,48336.0,48732.65440420355,48395.721003054714,48564.50300348652,48697.9413437147,176.0,77.00969911575885,205.8604975866583,253.29174022784355,138.24147612479646
1059,48976.0,48813.809105366614,48975.9999949351,48932.046245457626,48854.27988702524,592.0,82.79368414427518,536.139814759772,345.5663646999201,150.2525376617923
1060,49520.0,48898.2417724921,49468.00063257426,49255.63573288636,48998.446419038286,200.0,83.76223548808048,200.32947328637965,191.40735387190944,118.08885296496737
1061,49376.0,48981.333576342775,49376.658941507856,49314.860953201445,49090.45759295517,-120.0,80.54177617485038,-88.04698352711421,28.65569691581186,77.73405356463991
1062,49280.0,49059.325324841804,49291.90666552003,49312.94712671798,49153.914526167566,-32.0,74.12992390425643,-25.218948387690034,14.559736875533417,57.15265952077607
1063,49312.0,49129.59342415129,49326.221044732476,49343.98042695251,49204.762911996724,128.0,65.70593689427551,105.41960287484471,47.02351371078112,45.48653142898911
1064,49536.0,49190.737198630355,49502.74587126972,49406.994154139546,49244.887589025544,8.0,56.43284425363527,10.254182885844784,-1.4891957431937044,25.5690564801007
1065,49328.0,49242.45911265856,49346.729410504166,49341.002035466125,49255.901024956926,-56.0,47.28520389552432,-62.3694082447073,-59.491100940354954,7.408487179229269
1066,49424.0,49285.307606421404,49378.007054780304,49288.011952258836,49259.704563384,-304.0,38.95422277767648,-270.4995229688757,-120.98410707787843,-4.411233403727238
1067,48720.0,49320.36755821391,48805.730364566414,49099.03382131037,49247.07855814947,-40.0,31.828087231479003,-17.003520015412505,0.5387797067232896,13.72792267294426
1068,49344.0,49348.96378088436,49344.00001474948,49289.08951167228,49287.16040872989,584.0,26.00492700256291,498.2696202710904,162.60044619805194,37.23987101691455
1069,49888.0,49372.37741221904,49802.269605108595,49424.23471370647,49321.5583001833,-400.0,21.34442084528564,-357.13481120603683,-96.7374411125711,6.075806462573382
1070,48544.0,49391.65262257493,48629.730392337406,49095.61462944714,49299.31202165504,-232.0,17.572808256467397,-206.12757884177336,-52.81276953576162,15.519322554489918
1071,49424.0,49407.52302873197,49390.01444742505,49318.60917463495,49352.59694529228,464.0,14.367267979552707,424.5402445181353,170.29913250528625,49.714770901857264
1072,49472.0,49420.38715853404,49478.810881373676,49436.21289445771,49398.74156345875,128.0,11.398568556818645,122.8508408170128,99.71016705161674,42.48169633940779
1073,49680.0,49430.32016584561,49635.716129059074,49518.02950873818,49437.560337971096,-72.0,8.378639374117483,-64.5141070192185,0.8313686495566799,26.696791410900914
1074,49328.0,49437.14443728227,49349.78266733524,49437.875631756826,49452.135146280554,-224.0,5.092728894702304,-177.02012504762388,-25.21606110293942,20.78156562348522
1075,49232.0,49440.505623635014,49281.675878963826,49467.5973865323,49479.123469218066,328.0,1.3986486052381224,296.342732959296,147.52044804162506,39.344496398414776
1076,49984.0,49439.94173449275,49942.46813325383,49732.916527840076,49530.824139077384,384.0,-2.766218926437432,337.0627940475788,139.7774052278146,29.04187681318581
1077,50000.0,49434.97318578214,49955.801467058984,49747.15219698793,49537.20722284444,-344.0,-7.386858830879646,-298.3480604257602,-112.18823235818127,-16.75655509072385
1078,49296.0,49425.16801683099,49345.77201240231,49508.54006312371,49497.311028895936,-296.0,-12.370522209315823,-270.48066311929506,-132.34210230235476,-29.83064250370444
1079,49408.0,49410.23214136351,49414.84014082039,49482.46799238322,49477.54593783703,136.0,-17.54166299787903,103.26883252007246,11.161925451116986,-16.287794167055836
1080,49568.0,49390.08469083523,49552.309677442456,49530.86391402595,49464.735440561824,48.0,-22.657274271699862,59.01792383434804,29.82787865569844,-17.973725247116818
1081,49504.0,49364.91759282011,49532.87598848909,49542.12374969462,49441.598487342795,152.0,-27.42044063436333,124.94625349209673,30.321710515981977,-26.2570288518873
1082,49872.0,49335.243809566506,49802.20218442665,49591.50733505791,49412.22138285805,-120.0,-31.513189495053666,-116.95897076144684,-90.86274710775615,-52.36603534184178
1083,49264.0,49301.89121383,49298.958046966196,49360.39825547911,49336.86641665911,-312.0,-34.63505071903273,-291.1578137972101,-182.9099518392468,-71.71164536598371
1084,49248.0,49265.97370812844,49219.88655683223,49225.68743137942,49268.79809212608,-240.0,-36.53693191671118,-219.63870597283676,-145.86710840998057,-67.02841992672256
1085,48784.0,49228.81734999658,48859.68063502052,49068.664038659146,49202.80957680567,16.0,-37.06301947139946,18.197253290920344,-14.691373390698573,-45.04803648013694
1086,49280.0,49191.84766918564,49256.28106341407,49196.30468459802,49178.70201916581,344.0,-36.17900316622399,278.00574546388816,85.79298823788486,-29.172456681564654
1087,49472.0,49156.45934366413,49415.6921259483,49240.250015134916,49144.46466344254,-144.0,-33.98420187665397,-122.12830772429152,-71.92966189564322,-50.614122551145556
1088,48992.0,49123.87926543233,49012.02444796549,49052.445360806734,49077.47377406352,-352.0,-30.702437170657504,-303.54543815536454,-157.58197392481452,-62.71720067584465
1089,48768.0,49095.054469322815,48808.60124963757,48925.08606728529,49019.03026209085,16.0,-26.647534898365848,-0.4169501400574518,-48.816259878803976,-45.89199886813003
1090,49024.0,49070.5841956356,49011.19054768537,48954.812841049126,48985.68977632726,184.0,-22.17236267903354,138.54203647465692,-4.866805711597408,-35.25599694722405
1091,49136.0,49050.70974396475,49085.68532258688,48915.35245586209,48948.5182681964,-320.0,-17.61243075233142,-290.16267397495903,-149.7841572559919,-46.54559472103938
1092,48384.0,49035.35933413094,48430.865199735454,48655.24452653714,48892.59858688518,-352.0,-13.229628167384362,-307.41006236328394,-124.48566605637825,-30.489751966961194
1093,48432.0,49024.25048762998,48470.865197860316,48666.381123749336,48887.53876426248,312.0,-9.164313266661338,277.2079326206258,128.3271590868644,17.7171155904216
1094,49008.0,49017.030707597616,48985.281064976705,48911.89884471087,48928.03281806602,392.0,-5.431068545294693,357.9392468057413,197.46714331696785,36.49569470684219
1095,49216.0,49013.38835053939,49186.7436914718,49061.31541038327,48960.53015367616,40.0,-1.9431310923864658,55.1810838541096,72.0742708640355,19.723843293952086
1096,49088.0,49013.14444541284,49095.643232684924,49056.04738643894,48967.480504653926,-56.0,1.453469930049323,-52.88429536225158,-21.24433072485772,0.9243762104597408
1097,49104.0,49016.29529039949,49080.975100747295,49018.826748933556,48962.37890609708,-136.0,4.896922794974671,-129.7926282011722,-79.80726303860865,-12.182653251991724
1098,48816.0,49022.93829100279,48836.05797628258,48896.432860361725,48943.11519814994,-168.0,8.457561051658558,-144.62724305180745,-82.17745839097188,-12.907948039643088
1099,48768.0,49033.210412502805,48791.72061464368,48854.47183215161,48936.563010017795,104.0,12.113255159994878,74.26571157951912,1.2748878656966554,1.8759623687474232
1100,49024.0,49047.16480132278,48984.58939944162,48898.98263609312,48946.86712288744,16.0,15.727685382717027,-4.184217993952188,-17.997878011938155,6.447469014008675
1101,48800.0,49064.66578326824,48783.352178655776,48818.476076127736,48949.45794804581,-344.0,19.084233295601734,-284.47632750698176,-71.2685219015184,10.063722560669703
1102,48336.0,49085.333267913986,48415.636744427655,48756.44559229008,48966.99456800878,264.0,21.939553010543023,258.47888147737103,148.19231230739388,49.08634836339843
1103,49328.0,49108.544889289326,49300.30994161052,49114.86070074252,49047.63064477261,576.0,24.076731842949812,518.2123116682451,251.84545882370003,66.61760900246736
1104,49488.0,49133.486731599885,49452.061367764145,49260.13650993748,49100.22978601371,-32.0,25.343679509442154,-27.941735025637172,31.344064163695293,33.21063054178376
1105,49264.0,49159.23224830821,49244.42647155924,49177.548829069914,49114.05190585618,-352.0,25.673929957418295,-305.50253840865844,-125.81326633261051,6.324715135277074
1106,48784.0,49184.83459151472,48841.05629094683,49008.50997727226,49112.879216284266,-128.0,25.08773071925316,-118.08872587828591,-56.783863161523186,15.271271242301736
1107,49008.0,49209.407709746716,49008.24901980267,49063.98110274687,49144.59444834078,200.0,23.668391907718615,168.4378278691911,83.46167684804459,38.544954473552934
1108,49184.0,49232.17137533016,49177.93194668521,49175.43333096835,49189.96912523137,136.0,21.530116983984044,139.34266030860817,107.16889370565696,45.6731331521587
1109,49280.0,49252.467943714684,49286.93434041989,49278.31889015818,49235.9407146451,160.0,18.814257849837304,143.6740958341361,102.04500426892628,43.76862514598179
1110,49504.0,49269.799891029834,49465.28013835348,49379.5233395062,49277.506375523335,-40.0,15.67760245721729,-15.253510298996844,38.9661191011146,30.2409796544016
1111,49200.0,49283.82314862912,49256.427319821894,49356.25112836041,49296.4226739539,64.0,12.286508235552901,73.28378057790178,54.85335303442116,23.7374321282623
1112,49632.0,49294.37290750094,49611.847699509286,49489.230045575045,49324.98123977986,312.0,8.824088943623792,254.6588772338073,61.59394000215252,13.207627814954321
1113,49824.0,49301.47132651637,49765.74507428951,49479.439008364716,49322.83792958381,-480.0,5.502156449638278,-427.0586744778593,-182.07153302796723,-27.20141371686259
1114,48672.0,49305.377220400216,48757.73035055357,49125.08697951911,49270.578412346134,-288.0,2.5530800415508565,-273.8887661719418,-127.80853908605059,-22.33059662036976
1115,49248.0,49306.57748659947,49217.967541945625,49223.821930192615,49278.17673634307,344.0,0.206043646488979,294.2821170296338,86.64591576981547,9.107160814088274
1116,49360.0,49305.789307693194,49346.294584612835,49298.37881105874,49288.79273397431,48.0,-1.3202155414874142,59.79996573138851,43.74628639549337,7.055634329961322
1117,49344.0,49303.93705551649,49337.5674734084,49311.3145029836,49292.28800500299,-56.0,-1.8512993163058127,-40.889744162406714,-3.407056583335361,0.9096712788268633
1118,49248.0,49302.08670906058,49264.51509628802,49291.56469789207,49290.612076531965,16.0,-1.280689200055349,9.523104319734557,2.0325438545041834,0.4546753555696341
1119,49376.0,49301.37567711638,49356.61368204787,49315.37959069261,49293.19735571413,-8.0,0.39939157132903347,-4.833004000785877,-6.495311853155727,-1.5548530321248109
1120,49232.0,49302.88549220324,49254.84908828645,49278.57407418576,49287.502370467715,24.0,3.070515845432965,12.480847670842195,-13.518479413975001,-2.9198667230302817
1121,49424.0,49307.51670880725,49381.575377389556,49288.34263186466,49287.35762226807,-88.0,6.48560624210586,-85.39682394909323,-58.06012638876564,-6.976867086239508
1122,49056.0,49315.85670468745,49084.05544038826,49162.45382140823,49273.548636295236,-184.0,10.26654780570243,-157.24273505996825,-72.66189975232192,-2.931554158076324
1123,49056.0,49328.04980441865,49067.08990726962,49143.018832360016,49281.49451395192,48.0,13.945039495971287,38.48400322946691,24.07442713180353,19.220603354278865
1124,49152.0,49343.746783679395,49161.0234468472,49210.602675671835,49311.989843003794,144.0,17.018547807128925,139.05077381357842,96.88518114772887,38.494821202068124
1125,49344.0,49362.08690003291,49345.191454896776,49336.789194655474,49358.484156356055,208.0,19.009659732208092,190.12528253348137,122.58111631137945,47.21852117005983
1126,49568.0,49381.76610314381,49541.27401191416,49455.76490829459,49406.42688534391,72.0,19.543182149402128,62.45261658819436,62.85816778641674,39.8640732550557
1127,49488.0,49401.173264331715,49470.096688073165,49462.50553022831,49438.212302866166,-208.0,18.422257052839996,-160.69388347515996,-6.006612952129217,29.296032665559324
1128,49152.0,49418.61061724949,49219.88624496384,49443.751682390335,49465.01895067503,256.0,15.66529765758969,237.14190153058735,127.1219933571956,42.45759534262106
1129,50000.0,49432.503859646895,49944.38049113434,49716.7495169427,49523.12749355141,344.0,11.52750801307775,298.475582021485,131.37259302370876,34.26491755394454
1130,49840.0,49441.66563327565,49816.83740900681,49706.49686843775,49533.54878578292,-296.0,6.487995545849117,-243.3560370934938,-77.00421428606933,-4.901268479341525
1131,49408.0,49445.47985073859,49457.66841694735,49562.74108837056,49513.324956592725,-112.0,1.1852930806853692,-110.82690732268748,-66.38523588190947,-14.957581360562472
1132,49616.0,49444.03621943702,49595.183594361435,49573.726396673934,49503.633623061796,48.0,-3.6573130760989443,33.43314922126956,-10.151493359662709,-15.309652377836755
1133,49504.0,49438.165224586395,49524.53471538989,49542.438101651234,49482.70565183705,40.0,-7.3455419450801855,32.02469797790036,-12.069244197085936,-21.99268863289035
1134,49696.0,49429.34513554686,49659.232990317236,49549.58790827976,49459.648245796016,-32.0,-9.333476031057216,-49.13677348649071,-66.05623923158419,-34.874993751240254
1135,49440.0,49419.49827252428,49426.26116841691,49410.325623188066,49412.95566433457,-360.0,-9.31762167974739,-301.66597981576706,-154.09947349767026,-48.044798244711274
1136,48976.0,49410.70989218736,49055.9010306857,49241.38896128442,49363.55864930659,80.0,-7.310781242220401,44.00439887589164,-36.24218126143023,-30.01908256264869
1137,49600.0,49404.87671003984,49514.26996616869,49337.841260665205,49352.917499209274,8.0,-3.6629484139193664,0.04806347498015384,-34.62707028661316,-22.995275136858254
1138,48992.0,49403.38399535952,49055.99715763566,49172.134820711195,49317.56809903288,-136.0,0.9955010976918857,-123.47570068184359,-75.63902959841289,-19.07099522475619
1139,49328.0,49406.867712235224,49267.318564805006,49186.56320146838,49314.77550875976,-80.0,5.860750332150928,-92.08576880564215,-56.29001850862551,-3.4538148351202835
1140,48832.0,49415.105496023825,48871.82562002438,49059.554783693944,49310.660469362636,-248.0,10.107359180597996,-196.36484465873946,-13.231025927459996,19.817984070999955
1141,48832.0,49427.08243059642,48874.58887548753,49160.10114961346,49354.41147690176,496.0,13.055615208904783,466.541013314647,265.51518337822927,69.87158138421728
1142,49824.0,49441.216726441635,49804.90764665367,49590.5851504504,49450.40363213107,632.0,14.303793004317413,584.0236240206686,312.8583334101604,77.31233683586106
1143,50096.0,49455.690016605055,50042.636123528864,49785.81781643378,49509.03615057348,-32.0,13.794459848082624,-29.09090548046879,40.141574200268224,29.28432597108622
1144,49760.0,49468.8056461378,49746.725835692734,49670.86829885094,49508.97228407324,-440.0,11.812459531309287,-377.723317142063,-159.51536815736836,-12.615252296578547
1145,49216.0,49479.31493566767,49287.18948924474,49466.787080119044,49483.80564598033,-72.0,8.88691425543584,-88.14669245472032,-78.68767867237693,-11.776355793899711
1146,49616.0,49486.57947464867,49570.43245078329,49513.492941506185,49485.41957248544,72.0,5.6576517218964,55.40521545503361,-4.547667859762441,-4.9150948706083
1147,49360.0,49490.630239111466,49397.999920154805,49457.69174439952,49473.97545623911,24.0,2.7300841615651734,17.5670701455565,-6.955324906906753,-5.745343434380629
1148,49664.0,49492.0396429718,49605.56659107441,49499.58229169237,49473.92888561668,-104.0,0.5348304490617011,-84.60037370837745,-40.31830686096146,-9.550126341593568
1149,49152.0,49491.69990000959,49228.79917273805,49377.055130677596,49454.87520355592,16.0,-0.7333644438986084,7.228445353881398,-9.999595675981254,-3.9099218829651363
1150,49696.0,49490.572914084005,49620.02348178217,49479.58310034041,49466.10904185075,24.0,-1.1311688760470133,11.341717954979686,-5.680480166978668,-0.2607096126303077
1151,49200.0,49489.437562257495,49251.48260864801,49365.69417034364,49454.35378433066,-144.0,-0.912567325787677,-111.1278298940997,-31.041844824947475,0.962431696440035
1152,49408.0,49488.74777943243,49397.76782199397,49417.499410690514,49468.03390524363,104.0,-0.4295043725069263,95.12432331580567,56.554945692132605,16.68181617515438
1153,49408.0,49488.57855351248,49441.73125527962,49478.804061727904,49487.71741668097,248.0,-0.02478730574148358,212.61970968378228,96.70668190133802,23.669382271385984
1154,49904.0,49488.69820482095,49823.007241361534,49610.91277449319,49515.372669786404,-144.0,0.07048756270160084,-118.00047178080786,-14.43489998811856,8.223886594751093
1155,49120.0,49488.719528637885,49205.730311718005,49449.93426175167,49504.16518987047,-48.0,-0.20444037733250298,-36.88382058764546,3.988618134309945,8.000779577596404
1156,49808.0,49488.28932406628,49749.23960018624,49618.89001076181,49531.3742289416,224.0,-0.737816382337769,192.27840360396658,74.40075439105203,13.377750518200628
1157,49568.0,49487.24389587321,49590.28711892594,49598.73577053377,49530.920690906874,-72.0,-1.2939079217139806,-47.516886630612134,-4.786354961157485,-2.307503489377268
1158,49664.0,49485.70150822285,49654.20582692502,49609.317300839495,49526.75922196284,32.0,-1.5990277626515308,14.947842624158511,-16.759819274531765,-11.02350784588998
1159,49632.0,49484.045840347906,49620.182804174256,49565.21613198471,49508.873675215094,-96.0,-1.4448627809506434,-93.10900187947118,-77.49310286243417,-24.04186298699642
1160,49472.0,49482.81178266095,49467.98782316608,49454.33109511463,49478.67549598885,-184.0,-0.7685506591005833,-172.2558651777763,-119.71948931275983,-29.86440442680032
1161,49264.0,49482.508739029705,49275.6710738187,49325.77715335919,49449.144866361494,-136.0,0.3285383505644859,-133.96138025386244,-97.6653650758526,-20.273386309279886
1162,49200.0,49483.46885936208,49200.06506265835,49259.00036496292,49438.12872337029,-80.0,1.589674561695574,-75.28069786857304,-37.27660591480162,0.8902931773081946
1163,49104.0,49485.688088153096,49125.10967808156,49251.223941529584,49450.92545271611,16.0,2.679790146281448,30.59300583097138,65.83554733145138,30.143001981625275
1164,49232.0,49488.828439654644,49261.251074320295,49390.671459625824,49498.41472733354,304.0,3.2856110113752948,293.44514938669454,218.78324790914849,60.810010984107066
1165,49712.0,49492.25931017585,49711.999976854946,49688.79043734788,49572.545474684324,536.0,3.206501191947609,488.7233957503813,286.51419639600135,67.15802108500066
1166,50304.0,49495.24144203854,50238.69786582106,49963.69985241783,49632.73076950354,152.0,2.4189263226835465,151.164227583904,104.75934127885921,26.621833294393582
1167,50016.0,49497.097162821214,50014.328432022754,49898.3091199056,49625.78914127311,-256.0,1.0728874365013326,-232.72727368455526,-124.23617255942372,-26.45217116677304
1168,49792.0,49497.38721691154,49773.24331845195,49715.22750729898,49579.826427169995,-368.0,-0.5638905132254877,-343.1279978993334,-221.467858957134,-56.57139274461588
1169,49280.0,49495.96938179476,49328.07243622409,49455.37340199133,49512.64635578388,-192.0,-2.173402568212623,-196.54922451913808,-172.16740431198195,-55.54775359692212
1170,49408.0,49493.04041177512,49380.14486941367,49370.892698675016,49468.73091997615,-64.0,-3.4839712293505727,-87.20321974205217,-103.03435397880457,-40.878889808922395
1171,49152.0,49489.00143933606,49153.66599673998,49249.30469403372,49430.888576166035,-264.0,-4.33433459135631,-218.14888897379205,-72.93565762443177,-23.89791500181309
1172,48880.0,49484.371742592404,48943.84709146609,49225.02138342615,49420.935089972525,352.0,-4.67435117025525,318.9075382796218,148.227381105502,17.09326830511418
1173,49856.0,49479.65273699555,49791.48107329923,49545.75945624473,49465.07511277626,328.0,-4.561846106731537,315.5483621061903,165.61780094093774,24.59377844255141
1174,49536.0,49475.24805037894,49574.94381567847,49556.25698530803,49470.12264685763,-24.0,-4.113621624055668,-21.81817922843402,20.62602171731487,1.75366642424342
1175,49808.0,49471.42549374744,49747.84471484236,49587.011499679356,49468.58244562475,-176.0,-3.4635820283801877,-165.0786372931616,-79.73973578899677,-18.51107895163659
1176,49184.0,49468.32088632218,49244.786541092144,49396.777513730034,49433.100488954355,-200.0,-2.7216764214208524,-161.92235762065684,-83.84522908430517,-23.026932222677715
1177,49408.0,49465.9821409046,49423.999999601045,49419.321041510746,49422.528581179395,328.0,-1.9642772930128558,259.2134565141423,28.20404853609216,-9.845478715993522
1178,49840.0,49464.392331736155,49763.21345412043,49453.18561080222,49413.40953152237,-536.0,-1.2452832420785853,-501.134800418502,-159.54262530742562,-30.4485730809065
1179,48336.0,49463.49157442044,48421.73039876404,49100.235790895895,49361.63143501758,152.0,-0.602451859289431,147.5280806232695,29.168075541623693,-0.496524753907579
1180,50144.0,49463.187428017576,50058.26961536697,49511.521761885466,49412.41648201455,304.0,-0.06219830436020857,303.9999746300091,95.04685193230762,14.205871097696217
1181,48944.0,49463.36717781172,49029.73034802406,49290.32949476051,49390.043177212974,-280.0,0.3529217719369626,-271.91446142622226,-48.02751974470448,-0.07114594092854531
1182,49584.0,49463.89327156145,49514.44069251452,49415.46672239606,49412.274190132695,120.0,0.6100154138111975,108.8844434550374,40.87058883357531,13.644722426357475
1183,49184.0,49464.58720863934,49247.499234934134,49372.07067242766,49417.33262206569,40.0,0.6773085452477972,50.55471709028643,50.63928624543041,16.72506303627597
1184,49664.0,49465.247888651946,49615.550126695096,49516.74529488692,49445.72431620525,136.0,0.528500150929176,125.8015252364421,71.04726990271956,17.477909949822788
1185,49456.0,49465.6442089412,49499.10228540702,49514.1652122331,49452.288441965335,112.0,0.12648896068276372,99.06358574702972,26.502523462731915,6.378547858352249
1186,49888.0,49465.50086657331,49813.677298189155,49569.75034181238,49458.48141192195,-248.0,-0.576715711329598,-227.87464774401815,-103.53969951452746,-15.282959447282337
1187,48960.0,49464.49077751854,49043.35298991898,49307.085813204045,49421.72252307077,-192.0,-1.649285955052619,-182.72320720335847,-89.12162200631064,-13.672762697646249
1188,49504.0,49462.202294663206,49448.23088378244,49391.50709779976,49431.13588652666,152.0,-3.1703618965038913,126.03231277563827,28.17483349559552,5.770157782222668
1189,49264.0,49458.150053725534,49295.41761547026,49363.435480195236,49433.262838635215,-8.0,-5.193660021770484,4.274809039092361,21.64612249309721,10.590094040315307
1190,49488.0,49451.814974619665,49456.78050186062,49434.799342785955,49452.31607460729,-8.0,-7.71874045568984,5.2653956934809685,44.76353398369247,17.26903970244166
1191,49248.0,49442.712572814155,49305.94840685722,49452.96254816262,49467.8009180401,192.0,-10.650140994046524,186.82100831030039,120.6444794579802,26.47488933481145
1192,49872.0,49430.51469263157,49830.422518481224,49676.088301701915,49505.26585327691,312.0,-13.758177120165783,268.6756350025353,125.16990439025176,19.12822790066275
1193,49872.0,49415.19621857382,49843.29967686229,49703.302356943124,49506.057373841424,-152.0,-16.69201644774148,-130.62445730746185,-57.13476628722856,-17.50561074342113
1194,49568.0,49397.13065973609,49569.1736038663,49561.81876912746,49470.25463179007,-304.0,-19.01412255330797,-268.2580536645037,-144.57420325194107,-40.69001046184712
1195,49264.0,49377.16797346721,49306.78356953328,49414.15395043924,49424.67735291773,-32.0,-20.26291535198834,-48.47218666660774,-72.58784346859102,-37.543411226455646
1196,49504.0,49356.60482903211,49472.229230533085,49416.643082190276,49395.16780933716,24.0,-20.042983138828276,6.591813665221707,-41.18932715383562,-34.9511531137141
1197,49312.0,49337.08200718955,49319.96719686373,49331.77529613157,49354.7750466903,-136.0,-18.115651344520302,-112.42604935073541,-74.9801379929122,-38.25401031234287
1198,49232.0,49320.37352634307,49247.377131831614,49266.68280620445,49318.65978871247,32.0,-14.469077329598804,4.295594125953357,-47.75108682489372,-31.782268542203383
1199,49376.0,49308.14385253035,49328.55838511563,49236.27312248178,49291.210509605895,-168.0,-9.350879156718293,-156.0268211378243,-100.27312248177986,-31.68875362628387
1200,48896.0,49301.671768029635,48935.323489555965,49066.13656124089,49255.282281459906,-480.0,-6.472084500717756,-393.2348955596681,-170.13656124089175,-35.928228145989124
