distance,Raw,Median+Gaussian,Huber MRF lambda=0.1,Huber MRF lambda=1,Huber MRF lambda=10,derivative:Raw,derivative:Median+Gaussian,derivative:Huber MRF lambda=0.1,derivative:Huber MRF lambda=1,derivative:Huber MRF lambda=10
0,45376.0,45419.659848244046,45367.66859536728,45375.003895273556,45443.49855859909,-112.0,1.8052582500968128,-83.31404632724298,-0.9961047264514491,6.749855859910895
1,45264.0,45421.46510649414,45284.354549040036,45374.007790547104,45450.248414459,0.0,2.5691430981023586,18.45869887292065,54.00779054710438,16.06227658285934
2,45376.0,45424.79813444025,45404.58599311312,45483.019476367765,45475.623111764806,344.0,3.833599865967699,314.18482338834656,162.5214240045425,30.35585289404844
3,45952.0,45429.13230622608,45912.72419581673,45699.05063855619,45510.960120247095,296.0,4.522827108845377,260.7357680375935,89.55648146651947,13.28501449464602
4,45968.0,45433.84378865794,45926.05752918831,45662.1324393008,45502.1931407541,-552.0,4.607862688317255,-491.7529606390817,-189.85197960498044,-32.057322455293615
5,44848.0,45438.34803160271,44929.218274538565,45319.34667934623,45446.84547533651,-184.0,4.187660208004672,-188.86387675458172,-107.11242028146444,-25.405391650765523
6,45600.0,45442.21910907395,45548.32977567914,45447.907598737875,45451.38235745257,288.0,3.464190149821661,254.25031428616785,52.51471876058349,-2.894000011314347
7,45424.0,45445.276411902356,45437.7189031109,45424.376116867395,45441.05747531388,-48.0,2.6975064926300547,-42.016357013737434,-23.343423436785088,-9.472008372991695
8,45504.0,45447.61412205921,45464.29706165167,45401.220751864304,45432.43834070658,-200.0,2.147039461237,-171.93653320091107,-74.54498907093512,-12.197217571967485
9,45024.0,45449.57049082483,45093.84583670908,45275.286138725525,45416.663040169944,-32.0,2.0060033945919713,-21.222041397191788,-0.2915437760166242,3.8578514718610677
10,45440.0,45451.626128848395,45421.852978857285,45400.63766431227,45440.154043650306,288.0,2.364589485419856,237.272036434646,105.67035774287797,23.498705662870634
11,45600.0,45454.29966979567,45568.38990957837,45486.62685421128,45463.660451495685,-48.0,3.197644289331947,-11.513521387078072,29.30261700465053,16.689430420170538
12,45344.0,45458.02141742706,45398.82593608313,45459.24289832157,45473.53290449065,128.0,4.36705342894129,104.56570692038076,30.237493271077255,16.34909821948895
13,45856.0,45463.03377665355,45777.52132341913,45547.101840753436,45496.35864793466,-168.0,5.657496030933544,-161.0618974267636,-66.59013719141876,4.84367584075153
14,45008.0,45469.336409488926,45076.7021412296,45326.062623938735,45483.22025617215,-240.0,6.830036879589898,-209.94457418308957,-62.00790484533718,10.622621046095446
15,45376.0,45476.69385041273,45357.63217505295,45423.08603106276,45517.603890026854,208.0,7.678850233354751,189.0909090881396,120.5664226554145,41.46382835604527
16,45424.0,45484.694109955635,45454.88395940588,45567.195469249564,45566.14791288424,344.0,8.08137048516437,345.5460102166362,215.70717281157704,55.65141850159853
17,46064.0,45492.85659138306,46048.724195486226,45854.500376685915,45628.90672703005,472.0,8.02646858303342,423.5867846771689,182.55509577931298,41.00415049731237
18,46368.0,45500.7470471217,46302.05752876022,45932.30566080819,45648.156213878865,-440.0,7.61713913098356,-395.32997211824477,-140.04188547363083,-16.742702457242558
19,45184.0,45508.09086964503,45258.064251249736,45574.416605738654,45595.421322115566,-384.0,7.0457988250709604,-354.72107206844885,-162.6807522002091,-32.16382565751701
20,45600.0,45514.838644771844,45592.61538462332,45606.94415640777,45583.82856256383,368.0,6.530918943884899,297.62805649021175,35.99962887299989,-12.401331423548982
21,45920.0,45521.1527075328,45853.32036423016,45646.41586348465,45570.61865926847,-208.0,6.255969965637632,-177.24568388389162,-97.32036118079122,-30.678970331937307
22,45184.0,45527.35058470312,45238.12401685554,45412.30343404619,45522.470621899956,-272.0,6.322339952490438,-240.0237784554156,-119.96071241536993,-31.224506273512816
23,45376.0,45533.79738743778,45373.27280731933,45406.494438653914,45508.16964672144,168.0,6.720685765889357,121.51282706044731,9.438223934685084,-7.692492842441425
24,45520.0,45540.7919562349,45481.14967097643,45431.17988191556,45507.08563621507,-120.0,7.329906276627298,-86.37478146071226,-19.7246157805821,-1.729728695616359
25,45136.0,45548.45719999103,45200.523244397904,45367.04520709275,45504.71018933021,32.0,7.961098209027114,41.989795410969236,51.38792872357226,16.0600625816478
26,45584.0,45556.71415265295,45565.12926179837,45533.955739362704,45539.20576137837,312.0,8.417687082619523,270.25232639231035,141.8884019513025,32.25586011707492
27,45760.0,45565.29257415627,45741.027897182525,45650.822010995355,45569.22190956436,80.0,8.533925479514437,81.03812129676226,62.277277130328,20.477243664212438
28,45744.0,45573.78200361198,45727.205504391895,45658.51029362336,45580.160248706794,-112.0,8.21831968785773,-97.79487083114509,-35.05657056031487,2.746351577770838
29,45536.0,45581.72921353199,45545.438155520234,45580.708869874725,45574.7146127199,-160.0,7.477781983838213,-134.57657127049242,-55.44698881127624,-3.509905350896588
30,45424.0,45588.73756757966,45458.05236185091,45547.61631600081,45573.140438005,104.0,6.394009906824067,82.87601558523966,28.71560412648614,5.88284718534851
31,45744.0,45594.517233345636,45711.190186690714,45638.1400781277,45586.4803070906,104.0,5.0882254362841195,89.08875829335375,37.593801190738304,5.4638844401270035
32,45632.0,45598.914018452226,45636.22987843762,45622.803918382284,45584.068206885255,-72.0,3.6860966314343386,-53.81091606500922,-19.93420055427123,-4.8086898610781645
33,45600.0,45601.889426608504,45603.568354560695,45598.271677019155,45576.86292736844,-8.0,2.284751742208755,-14.819751073446241,-25.39640285355199,-8.362133148391877
34,45616.0,45603.48352193664,45606.590376290726,45572.01111267518,45567.34394058847,-32.0,0.9455806375990505,-44.026096816338395,-48.25500800638474,-11.951789750546595
35,45536.0,45603.7805878837,45515.51616092802,45501.761661006385,45552.95934786735,-232.0,-0.28161537705818773,-193.49341072261086,-87.36862116560587,-13.536625327757065
36,45152.0,45602.92029118253,45219.603554845504,45397.27387034397,45540.27068993296,56.0,-1.3289475948258769,42.10516814499715,18.14914450957076,6.724876562257123
37,45648.0,45601.12269269405,45599.72649721801,45538.05995002553,45566.40910099186,152.0,-2.0921601905938587,138.7554284625694,85.81605469431815,22.058866108498478
38,45456.0,45598.73597080134,45497.11441177064,45568.905979732604,45584.388422149954,96.0,-2.4121339840967266,102.9599734058429,87.29901957337643,24.398742265588226
39,45840.0,45596.29842472586,45805.6464440297,45712.65798917228,45615.20658552304,160.0,-2.0898923364657094,136.76425240756362,80.0810040258184,19.578492649237887
40,45776.0,45594.55618612841,45770.64291658577,45729.06798778424,45623.54540744843,-96.0,-0.9421333766076714,-61.78894451508677,-7.056007495921222,0.7160922978146118
41,45648.0,45594.41415797264,45682.068554999525,45698.54597418044,45616.63877011867,112.0,1.112388000219653,81.76841341136242,-5.249026513582066,-8.474698823829385
42,46000.0,45596.78096212885,45934.179743408495,45718.56993475708,45606.59600980077,-152.0,3.978386134145694,-157.50838175540775,-120.69107204482134,-29.712959827862505
43,45344.0,45602.37093024093,45367.05179148871,45457.163830090794,45557.21285046294,-408.0,7.357443608801987,-371.3507072693865,-204.82418962088195,-38.722516814676055
44,45184.0,45611.49584934645,45191.47832886972,45308.92155551531,45529.15097617142,-152.0,10.748533238027449,-138.18181827037915,-85.78149681782816,-10.804325482953573
45,45040.0,45623.86799671699,45090.68815494795,45285.60083645514,45535.60419949704,264.0,13.517547334460687,222.6736949315673,99.47969916739385,31.23343330046555
46,45712.0,45638.53094401537,45636.825718732856,45507.8809538501,45591.61784277235,88.0,15.035490683920216,100.24306333563072,120.2205943200097,49.9945354139345
47,45216.0,45653.93897808483,45291.17428161921,45526.04202509516,45635.593270324905,160.0,14.822043326275889,181.75355251240399,173.18208379263524,64.95509106880127
48,46032.0,45668.175030667924,46000.332823757664,45854.24512143537,45721.52802490995,432.0,12.667172168072284,399.28907939681085,239.32565705789966,70.41115583054125
49,46080.0,45679.27332242097,46089.752440412834,46004.69333921096,45776.41558198599,152.0,8.693933951195504,138.18181871932757,112.79488738106738,39.708336175339355
50,46336.0,45685.562898570315,46276.69646119632,46079.834896197506,45800.94469726063,-144.0,3.347064024201245,-127.9441537812927,-52.94099491470479,-2.223649862327875
51,45792.0,45685.967450469376,45833.86413285025,45898.81134938155,45771.96828226133,-240.0,-2.700178246552241,-215.1411835484614,-127.61787212517811,-29.97800088623262
52,45856.0,45680.16254207721,45846.4140940994,45824.59915194715,45740.988695488166,0.0,-8.689854054897296,-35.379568253873,-89.9126214608259,-36.7301519987559
53,45792.0,45668.58774235958,45763.1049963425,45718.986106459895,45698.50797826382,-264.0,-13.9185401167706,-227.78411604437497,-142.1199922573105,-47.155318311157316
54,45328.0,45652.32546184367,45390.84586201065,45540.35916743253,45646.67805886585,-48.0,-17.85752939278609,-58.02982427864117,-72.447355311102,-35.89601645467701
55,45696.0,45632.87268357401,45647.04534778522,45574.09139583769,45626.71594535447,32.0,-20.212020032242435,11.426224700666353,-27.222073675988213,-23.42631624365822
56,45392.0,45611.901421779185,45413.69831141198,45485.91502008055,45599.825426378535,-160.0,-20.916241642105888,-124.85547931335532,-41.218865716866276,-16.4992476570078
57,45376.0,45591.0402002898,45397.33438915851,45491.65366440396,45593.71745004045,96.0,-20.085110332103795,90.30802353906984,63.56547652538575,4.777896163941477
58,45584.0,45571.73120111498,45594.31435849012,45613.045973131324,45609.38121870642,272.0,-17.93405241208893,248.5517617822079,135.9152952930308,16.932829601286358
59,45920.0,45555.17209546562,45894.437912722926,45763.48425499002,45627.58310924302,200.0,-14.707712028783135,172.3131178474432,72.180409353703,3.581045998755144
60,45984.0,45542.31577705741,45938.940594185005,45757.40679183873,45616.54331070393,-272.0,-10.642321108727629,-242.0860053650831,-119.37406723191816,-29.41263300389619
61,45376.0,45533.887453248164,45410.26590199276,45524.736120526184,45568.75784323523,-328.0,-5.935884856215125,-296.0535244762432,-158.30261104946112,-38.14757530693896
62,45328.0,45530.44400734498,45346.83354523252,45440.80156973981,45540.24816009005,48.0,-0.7626957081156434,30.73536940237682,-27.533765916468838,-17.897275140676356
63,45472.0,45532.36206183193,45471.73664079751,45469.66858869325,45532.96329295388,152.0,4.6868935609963955,123.58629955254582,27.701313300058246,-4.236702488477022
64,45632.0,45539.81779446697,45594.00614433761,45496.204196339924,45531.774755113096,-72.0,10.193204522638553,-67.6997747718633,-41.362294183356425,-6.199800085127208
65,45328.0,45552.74847087721,45336.33709125379,45386.94400032653,45520.563692783624,-264.0,15.500716579266737,-215.98359681488,-79.78819585012025,-1.582877690292662
66,45104.0,45570.81922762551,45162.03895070785,45336.627804639684,45528.60899973251,160.0,20.317968803676195,132.6175111422417,65.99770663298841,29.275756935512618
67,45648.0,45593.38440848456,45601.57211353827,45518.93941359251,45579.11520665465,216.0,24.334951044991612,190.67283237286392,117.78131574908184,47.06196725487462
68,45536.0,45619.48912971549,45543.38461545358,45572.19043613785,45622.73293424226,-64.0,27.267111835164542,-21.26442081681307,71.34624061426075,47.95437429971935
69,45520.0,45647.91863215489,45559.043271904644,45661.63189482103,45675.02395525409,320.0,28.87750202697498,279.10347494627786,160.25740609370405,60.042218774535286
70,46176.0,45677.24413376944,46101.591565346134,45892.705248325256,45742.81737179133,88.0,28.99225995660163,102.27766120016895,89.42597766684412,46.13428512680548
71,45696.0,45705.903152068095,45763.59859430498,45840.48385015472,45767.2925255077,0.0,27.531958506227966,4.837420419789851e-07,20.020526906831947,28.039779991755495
72,46176.0,45732.308050781896,46101.59156631362,45932.74630213892,45798.89693177484,-56.0,24.52062122688585,-60.23389608884827,-29.36439694634828,12.749252855883242
73,45584.0,45754.944394521866,45643.130802127285,45781.75505626202,45792.791031219465,-168.0,20.090020031737367,-136.6220538843263,-52.113717745876784,4.333651005599677
74,45840.0,45772.48809084537,45828.347458544966,45828.518866647166,45807.56423378604,160.0,14.485402254827932,126.95394914252029,41.023243708721566,13.151414255877171
75,45904.0,45783.91519903152,45897.038700412326,45863.80154367947,45819.09385973122,40.0,8.050817563489545,33.88474392897115,15.183448872034205,7.284318931739108
76,45920.0,45788.58972597235,45896.11694640291,45858.885764391234,45822.13287164952,-152.0,1.2086531088061747,-120.33702199489562,-35.47289709261895,-1.8543444992246805
77,45600.0,45786.332505249135,45656.364656422535,45792.85574949423,45815.38517073277,40.0,-5.564360456468421,42.070992132288666,30.397859850108944,4.021557619889791
78,46000.0,45777.46100505941,45980.258930667485,45919.68148409145,45830.1759868893,280.0,-11.774773428023764,225.1889275823596,86.66647664294942,6.299615500993241
79,46160.0,45762.78295839309,46106.742511587254,45966.18870278013,45827.98440173476,-240.0,-16.981167733516486,-189.5203340923108,-50.398429921260686,-18.792365067802166
80,45520.0,45743.49866959238,45601.218262482864,45818.88462424893,45792.591256753694,120.0,-20.849907108422485,106.01961050749742,2.1382335932685237,-21.763582143379608
81,46400.0,45721.08314417624,46318.78173260225,45970.465169966665,45784.457237448,-8.0,-23.184886831058975,-27.6600918559634,-63.186869298930105,-38.91115743329647
82,45504.0,45697.12889593026,45545.89807877094,45692.51088565107,45714.7689418871,-416.0,-23.958596507131006,-379.9971092392516,-183.69884149006248,-59.14984846654261
83,45568.0,45673.16595116198,45558.787514123745,45603.06748698654,45666.15754051491,-24.0,-23.303468552232516,-33.17299402847493,-71.9096551712646,-43.703524346441554
84,45456.0,45650.5219588258,45479.55209071399,45548.69157530854,45627.36189319422,48.0,-21.476834540044365,38.52503016018818,-8.030124023724056,-30.22755266098102
85,45664.0,45630.21228208189,45635.83757444412,45587.00723893909,45605.70243519295,16.0,-18.812382349773543,15.473355950736732,-0.1807168999039277,-24.574336241621495
86,45488.0,45612.89719412625,45510.49880261546,45548.33014150873,45578.213220710975,-24.0,-15.654468299777363,-12.844758751380141,-8.512026675991365,-22.978553446428123
87,45616.0,45598.90334548234,45610.14805694136,45569.98318558711,45559.745328300094,104.0,-12.321508453485876,70.38953903271977,-1.3553631280738045,-21.280625995877926
88,45696.0,45588.25417721928,45651.2778806809,45545.619415252586,45535.65196871922,-256.0,-9.076501391944475,-215.79519817911932,-99.55406270823005,-32.11076114491152
89,45104.0,45580.75034269845,45178.55766058312,45370.87506017065,45495.52380601027,-72.0,-6.105325298307434,-66.61749185900044,-41.306824996612704,-20.551972408433357
90,45552.0,45576.04352662266,45518.0428969629,45463.00576525936,45494.54802390235,208.0,-3.526033972062578,169.6997211942762,47.633587718395574,-3.848380912801076
91,45520.0,45573.69827475432,45517.957102971675,45466.14223560744,45487.82704418467,-8.0,-1.400027779811353,-10.300279132854484,-23.79241184820421,-8.329627508453996
92,45536.0,45573.24347106304,45497.44233869719,45415.42094156295,45477.888768885445,-424.0,0.25764761611571885,-382.36941370745626,-111.0108232630082,-12.843836854946858
93,44672.0,45574.213569986554,44753.21827555676,45244.12058908142,45462.139370474775,256.0,1.476185241364874,242.8091142798803,114.75994205918323,23.757570113066322
94,46048.0,45576.19584154577,45983.06056725695,45644.94082568132,45525.40390911158,536.0,2.3259895807459543,493.26967126738236,199.29064944055062,37.134734092378494
95,45744.0,45578.865549148046,45739.75761809153,45642.701887962525,45536.40883865953,-320.0,2.919006102354615,-264.5148587077965,-52.88799373753136,0.6253714809354278
96,45408.0,45582.03385375048,45454.03084984136,45539.164838206256,45526.65465207345,-48.0,3.4021767137273855,-55.57251904339864,-37.95463065313743,-3.8214539824148233
97,45648.0,45585.6699025755,45628.61258000473,45566.79262665625,45528.7659306947,120.0,3.9414270961497095,77.644630187031,-12.975898221888201,-3.850424844007648
98,45648.0,45589.91670794278,45609.32011021542,45513.21304176248,45518.95380238543,-328.0,4.694507816293481,-277.739125608241,-120.97306401252354,-16.264438189999055
99,44992.0,45595.05891820809,45073.13432878825,45324.8464986312,45496.237054314704,-72.0,5.770791293369257,-65.46693058990058,-21.94329381567877,2.495104645007814
100,45504.0,45601.45829052952,45478.38624903562,45469.32645413112,45523.94401167545,320.0,7.203322886220121,277.18316542546745,127.14318256547995,28.70415794451401
101,45632.0,45609.46556398053,45627.50065963918,45579.13286376216,45553.64537020373,128.0,8.92840220580183,126.61770879947653,83.37284151212225,25.783627038472332
102,45760.0,45619.31509494112,45731.62166663457,45636.07213715537,45575.51126575239,-48.0,10.765576822032017,-37.770659831759986,-5.02465802910956,12.641458836282254
103,45536.0,45630.99671762459,45551.95933997566,45569.08354770394,45578.9282878763,-104.0,12.456408865677076,-99.86562678057817,-50.44681559945457,5.563436517717491
104,45552.0,45644.227912672475,45531.890413073415,45535.17850595646,45586.63813878783,-144.0,13.715532951693604,-120.61686153515257,-42.31578876926142,9.44175785092375
105,45248.0,45658.42778352798,45310.72561690536,45484.45197016542,45597.811803578144,168.0,14.269352519673703,142.19134207784373,67.49944929168123,28.664254969218746
106,45888.0,45672.76661771182,45816.2730972291,45670.17740453982,45643.966648726266,96.0,13.927049550249649,97.18491275014821,76.81413664430147,33.95317758444071
107,45440.0,45686.28188262848,45505.095442405654,45638.080243454024,45665.718158747026,-16.0,12.625445734258392,14.299557204823941,66.94296064122318,33.03741795810856
108,45856.0,45698.01750918034,45844.87221163875,45804.063325822266,45710.04148464248,336.0,10.442471730406396,284.1378274268536,140.0147452793717,37.025400127578905
109,46112.0,45707.16682608929,46073.37109725936,45918.10973401277,45739.768959002184,40.0,7.586733822721726,35.354371917401295,17.101275196881033,11.11592230981114
110,45936.0,45713.19097682578,45915.58095547355,45838.26587621603,45732.273329262105,-296.0,4.355863343687815,-259.885364418049,-128.7109196887177,-17.681963276969327
111,45520.0,45715.87855277667,45553.600368423264,45660.68789463533,45704.405032448245,-216.0,1.0772860911565658,-193.9787449339674,-107.23403426303776,-18.648045191454003
112,45504.0,45715.345549008096,45527.62346560562,45623.79780768995,45694.9772388792,120.0,-1.9535976733022835,92.14042521045485,23.008816899600788,0.1210683749159216
113,45760.0,45711.97135743006,45737.88121884417,45706.70552843453,45704.64716919808,96.0,-4.5183912032225635,99.66384745943651,56.260484961847396,6.902288778783259
114,45696.0,45706.30876660165,45726.95116052449,45736.31877761365,45708.78181643676,168.0,-6.502963680533867,143.82574430278328,49.77263798593776,4.77373806052492
115,46096.0,45698.965430068994,46025.53270744974,45806.25080440641,45714.19464531913,-208.0,-7.898301123150304,-187.89524303784492,-74.94257100403775,-13.677438851678744
116,45280.0,45690.51216435535,45351.1606744488,45586.43363560557,45681.426938733406,-216.0,-8.774320450644154,-184.4283335451255,-66.60035099804736,-12.696359649053193
117,45664.0,45681.416789167706,45656.67604035949,45673.050102410314,45688.80192602102,328.0,-9.24710135379064,268.89556770811396,91.14151800990294,8.615083588665584
118,45936.0,45672.01796164777,45888.95180986503,45768.71667162538,45698.65710591074,-24.0,-9.437674389915628,-2.9651811693074706,12.0249050277489,-2.011964814748353
119,45616.0,45662.541440387875,45650.745678020874,45697.09991246581,45684.77799639152,-72.0,-9.452380143789924,-64.47774173979269,-31.066802926659875,-10.440209699634579
120,45792.0,45653.11320136019,45759.996326385444,45706.58306577206,45677.77668651147,-48.0,-9.3609326892838,-50.7677197082121,-33.22531380772489,-12.712475554482808
121,45520.0,45643.81957500931,45549.21023860445,45630.64928485036,45659.35304528256,-88.0,-9.186748400577926,-64.73489475872339,-20.609138496518426,-11.455988964778953
122,45616.0,45634.73970455903,45630.526536868,45665.36478877902,45654.86470858191,184.0,-8.938368674174853,153.94898260352056,59.39789831817325,-2.545101271556632
123,45888.0,45625.94283766096,45857.10820381149,45749.44508148671,45654.262842739445,88.0,-8.620215673996427,72.12268600095922,14.802833451041806,-12.288723705492885
124,45792.0,45617.49927321104,45774.771908869916,45694.970455681105,45630.287261170924,-184.0,-8.249790740370372,-168.47675059198446,-102.9893979650551,-32.061218509970786
125,45520.0,45609.44325618022,45520.15470262752,45543.4662855566,45590.1404057195,-288.0,-7.871096030678018,-253.84369310476905,-139.77102734620712,-36.63983516544977
126,45216.0,45601.757081149684,45267.08452266038,45415.42840098869,45557.007590840025,24.0,-7.541578426960768,2.352433334759553,-28.323684073566255,-16.082435337473726
127,45568.0,45594.360099326295,45524.85956929704,45486.818917409466,45557.975535044556,40.0,-7.320824345566507,42.0728931218473,30.799975125508354,0.46672095675603487
128,45296.0,45587.11543245855,45351.23030890407,45477.02835123971,45557.94103275354,88.0,-7.230813327929354,102.52228412740806,80.72360945009495,13.062549346661399
129,45744.0,45579.89847267044,45729.90413755186,45648.266136309656,45584.10063373788,368.0,-7.235838794862502,308.19451640705665,123.37085322478015,18.16463267123254
130,46032.0,45572.64375486883,45967.619341718186,45723.77005768927,45594.270298096,-288.0,-7.230723164109804,-241.90556501129322,-78.61104977575815,-11.716820737077796
131,45168.0,45565.43702634222,45246.09300752927,45491.04403675814,45560.66699226372,-184.0,-7.038480653780425,-173.34381877398118,-71.20400255205095,-13.969956219090818
132,45664.0,45558.566793561266,45620.93170417022,45581.362052585166,45566.33038565782,184.0,-6.448806854321447,159.49721749208038,48.999042119601654,0.7799126769896247
133,45536.0,45552.539412633574,45565.08744251343,45589.04212099734,45562.2268176177,96.0,-5.261312595848722,89.59295091034801,34.201128910852276,-2.792227159236063
134,45856.0,45548.04416836957,45800.11760599092,45649.76431040687,45560.74593133935,-40.0,-3.338141215434007,-44.38180656790064,-42.39565538704119,-16.24358971138281
135,45456.0,45545.863130202706,45476.32382937763,45504.25081022326,45529.73963819494,-248.0,-0.6493439360892808,-222.17462972513385,-121.38809507197948,-27.31931123466711
136,45360.0,45546.74548049739,45355.76834654065,45406.98812026291,45506.107308870014,-160.0,2.690411594165198,-141.71375013370198,-73.76862982888997,-16.32696388142358
137,45136.0,45551.24395339104,45192.896329110226,45356.71355056548,45497.08571043209,240.0,6.43127986869149,201.50670163693212,60.082205585309566,9.032687083683413
138,45840.0,45559.60804023477,45758.781749814516,45527.15253143353,45524.17268303738,-32.0,10.2117812043507,-19.839040900809778,14.01524658481867,11.295606757161295
139,45072.0,45571.66751579974,45153.21824730861,45384.74404373512,45519.67692394641,-64.0,13.60696225349966,-46.586780238631036,13.963534169146442,17.888087106348394
140,45712.0,45586.82196474177,45665.608189337254,45555.07959977182,45559.94885725008,272.0,16.20059618826781,227.28154015211476,91.87535592261338,32.66937616616997
141,45616.0,45604.06870817627,45607.781327612836,45568.494755580345,45585.01567627875,-128.0,17.64315205515959,-98.9202236602323,-10.337466401306301,23.517602842613996
142,45456.0,45622.10826885209,45467.76774201679,45534.40466696921,45606.984062935306,-104.0,17.713587955604453,-81.17487551210797,5.112244873474992,29.517589803315786
143,45408.0,45639.49588408748,45445.43157658862,45578.719245327295,45644.05085588538,168.0,16.370481011468655,164.82171751494752,129.67420102173128,48.869335744348064
144,45792.0,45654.84923087503,45797.411177046684,45793.75306901267,45704.722734424,456.0,13.756357062728057,401.4037101496069,215.9103581917152,56.30801525981951
145,46320.0,45667.00859821294,46248.238996887834,46010.539961710725,45756.66688640502,64.0,10.183562879759847,69.65457982218504,62.05687355341797,23.77749630127437
146,45920.0,45675.21635663455,45936.720336691054,45917.86681611951,45752.27772702655,-272.0,6.091863087811362,-227.916976741526,-93.73973753146493,-12.775273027149524
147,45776.0,45679.19232438856,45792.40504340478,45823.060486647795,45731.11634035072,-56.0,1.9726091539669142,-62.29007626237217,-71.27608614781275,-23.405569658287277
148,45808.0,45679.16157494248,45812.14018416631,45775.314643823884,45705.466587709976,72.0,-1.7131225586344954,40.43606159307092,-64.08852091197332,-30.776423255250847
149,45920.0,45675.76607927129,45873.277166590924,45694.88344482385,45669.56349384022,-416.0,-4.623322719417047,-377.4609586900697,-192.98947658811448,-48.424919177741685
150,44976.0,45669.91492950365,45057.21826678617,45389.335690647655,45608.61674935449,-184.0,-6.591032943353639,-179.7382435865402,-98.8799088523665,-29.31590701800451
151,45552.0,45662.584013384585,45513.800679417844,45497.123627119116,45610.93167980421,280.0,-7.647938774287468,240.34026150285717,80.34975003102227,5.261514439927851
152,45536.0,45654.61905195507,45537.898789791885,45550.0351907097,45619.13977823435,0.0,-8.004930442868499,33.5920593334813,59.92915894543694,12.365087341855542
153,45552.0,45646.57415249885,45580.984798084806,45616.98194500999,45635.661854487924,224.0,-7.9957862840237794,188.00999871694148,99.43772680527763,20.70516897797279
154,45984.0,45638.627479387025,45913.91878722577,45748.910644320255,45660.550116190294,-32.0,-7.986035243418883,-17.472074730198074,14.384021470399603,8.715767511883314
155,45488.0,45630.60208201201,45546.04064862441,45645.74998795079,45653.09338951169,-88.0,-8.285824234564643,-77.67489547931109,-24.28566239407519,0.797942796980351
156,45808.0,45622.055830917896,45758.568996267146,45700.339319532104,45662.146001784255,-40.0,-9.065442413262645,-34.62667102152773,0.7589913473675551,1.7599123617765144
157,45408.0,45612.471197185485,45476.787306581355,45647.267970645524,45656.61321423524,160.0,-10.314011986072728,145.85991025571275,66.56263643617785,6.897873162753967
158,46128.0,45601.42780694575,46050.28881677857,45833.46459240446,45675.94174810976,112.0,-11.848948005441343,101.24052705535723,38.92891796116601,-3.2743787199942744
159,45632.0,45588.7733011746,45679.26836069207,45725.125806567856,45650.064456795255,-160.0,-13.347216180143732,-134.67865262617124,-61.775882552672556,-24.974068474744854
160,45808.0,45574.73337458546,45780.93151152623,45709.912827299115,45625.99361116027,-8.0,-14.409436159199686,-33.67929153469595,-64.25656561918368,-33.171165076968464
161,45616.0,45559.9544288562,45611.90977762268,45596.61267532949,45583.72212664132,-208.0,-14.656342568920081,-189.47284579016923,-122.99381430487847,-43.885378186889284
162,45392.0,45545.42068944762,45401.98581994589,45463.92519868936,45538.222854786494,-184.0,-13.803423432789714,-159.99485794733118,-96.72487729545537,-38.18812911549685
163,45248.0,45532.34758199062,45291.920061728015,45403.16292073858,45507.345868410324,144.0,-11.70131607575604,109.53455042220958,16.819182418508717,-17.9096929556581
164,45680.0,45522.01805729611,45621.05492079031,45497.563563526375,45502.40346887518,40.0,-8.380028710165789,34.409463013831555,3.1824245509887987,-13.822226091382618
165,45328.0,45515.58752457029,45360.73898775568,45409.527769840555,45479.70141622756,-112.0,-4.032088316256704,-96.62099425625274,-47.27190876554232,-15.116981836243212
166,45456.0,45513.9538806636,45427.812932277804,45403.01974599529,45472.16950520269,-88.0,1.0226290859136498,-73.861394088839,-32.9981508476194,-6.72343576473213
167,45152.0,45517.63278274212,45213.016199578,45343.53146814532,45466.254544698095,112.0,6.378111415342573,90.2842651902065,36.27745622268776,9.797766730305739
168,45680.0,45526.71010349428,45608.38146265822,45475.574658440666,45491.7650386633,40.0,11.604762647188181,37.27257637130242,29.830519515679043,16.098745898376364
169,45232.0,45540.842308036496,45287.561352320605,45403.192507176675,45498.45203649485,-72.0,16.284574137138407,-43.013348734599276,13.21410232434937,20.00959965628499
170,45536.0,45559.27925176856,45522.35476518902,45502.002863089365,45531.78423797587,208.0,20.048969841951475,166.56723881352445,81.8117874573727,33.12141337981666
171,45648.0,45580.9402477204,45620.695829947654,45566.81608209142,45564.69486325448,-72.0,22.609670839890896,-38.179785503078165,24.22126004776146,28.745368441337632
172,45392.0,45604.49859344834,45445.99519418286,45550.44538318489,45589.27497485855,112.0,23.767980755445024,95.2753351495121,62.85199268591168,34.44386034698982
173,45872.0,45628.47620923129,45811.24650024668,45692.52006746324,45633.58258394846,64.0,23.433144123679085,61.48380729718701,52.33471800997722,32.38673828733954
174,45520.0,45651.3648816957,45568.962808777236,45655.11481920484,45654.04845143323,-8.0,21.637600933354406,2.5303524167284195,30.152161344023625,27.168290056422848
175,45856.0,45671.751411098,45816.307205080135,45752.82439015129,45687.919164061306,48.0,18.546255152232334,48.88042170357221,46.121766022090014,25.466670831148804
176,45616.0,45688.457392000164,45666.72365218438,45747.35835124902,45704.981793095525,120.0,14.442482113576261,104.0347080261563,60.21313672224642,21.511718688994733
177,46096.0,45700.63637532515,46024.37662113245,45873.25066359578,45730.942601439296,-8.0,9.725206550647272,-0.46392538970758324,14.517644144649239,7.707938415733224
178,45600.0,45707.90780510146,45665.795801404965,45776.39363953832,45720.39766992699,-48.0,4.847385869161371,-29.601812702658208,-8.6602042882987,-4.525048015952052
179,46000.0,45710.33114706347,45965.17299572713,45855.930255019186,45721.89250540739,176.0,0.2580359915191366,125.24217295783455,7.501742990454659,-12.410539249234716
180,45952.0,45708.4238770845,45916.280147320635,45791.39712551923,45695.57659142852,-344.0,-3.652568918932957,-288.3326905732356,-144.83456674033732,-39.137084407437214
181,45312.0,45703.02600922561,45388.50761458066,45566.26112153851,45643.61833659252,-64.0,-6.629327462524088,-84.39388106674232,-98.00544321146663,-35.37733800638307
182,45824.0,45695.16522215945,45747.49238518715,45595.3862390963,45624.821915415756,-112.0,-8.568609710186138,-115.48188309176476,-85.1817628940662,-28.755325405974872
183,45088.0,45685.888789805234,45157.54384839713,45395.89759575038,45586.10768578057,-192.0,-9.515117759045097,-150.30071517037504,-45.539845470728324,-13.808845346156886
184,45440.0,45676.13498664136,45446.8909548464,45504.30654815484,45597.20422472344,384.0,-9.634124068197707,323.8018806812652,140.56222648188123,18.95675017904432
185,45856.0,45666.62054166884,45805.14760975966,45677.02204871414,45624.021186138656,96.0,-9.152161771075043,103.9947037115453,83.22652491637564,15.218020722149959
186,45632.0,45657.83066309921,45654.88036226949,45670.75959798759,45627.64026616774,-64.0,-8.284349485791608,-35.86543614271068,13.11734826724205,3.401093337470229
187,45728.0,45650.051842697256,45733.41673747424,45703.256745248626,45630.8233728136,144.0,-7.201536755444977,105.62006257594112,20.125519885350514,-1.6757247134628415
188,45920.0,45643.42758958832,45866.12048742137,45711.01063775829,45624.28881674082,-248.0,-6.023493538148614,-212.4284579433188,-96.74078861118687,-21.32011523573965
189,45232.0,45638.00485562096,45308.5598215876,45509.77516802625,45588.18314234212,-104.0,-4.8077247472938325,-99.02691289844006,-62.347885718918405,-18.296517281596607
190,45712.0,45633.81214009373,45668.06666162449,45586.314866320456,45587.69578217762,184.0,-3.5690483413636684,139.8401481593537,13.697131454431656,-6.702571055608132
191,45600.0,45630.86675893823,45588.24011790631,45537.169430935115,45574.7780002309,-152.0,-2.324410419416381,-138.62595418664569,-80.56071991778299,-14.17888193518229
192,45408.0,45629.1633192549,45390.8147532512,45425.19342648489,45559.33801830726,-328.0,-1.0879710782173788,-283.35159839910193,-103.37929120778062,-7.873081008274312
193,44944.0,45628.6908167818,45021.536921108105,45330.410848519554,45559.03183821435,224.0,0.1406747456676385,204.2320796925742,98.42284629443748,30.445411817807326
194,45856.0,45629.44466874623,45799.27891263635,45622.039119073765,45620.22884194287,320.0,1.3843773076914658,308.3112484148369,174.64783009109306,49.408445825665694
195,45584.0,45631.45957139718,45638.15941793778,45679.70650870174,45657.848729865684,120.0,2.699314659152151,109.67759499030944,105.52064397884533,41.31232441609609
196,46096.0,45634.84329806454,46018.63410261697,45833.080407031455,45702.853490775065,-8.0,4.175563850058097,-6.3548022359464085,21.91410184544293,25.347435448133183
197,45568.0,45639.810699097296,45625.449813465886,45723.534712392626,45708.54360076195,-120.0,5.908437052348745,-105.93522182167362,-31.77833844252018,12.717290024982503
198,45856.0,45646.660172169235,45806.76365897362,45769.523730146415,45728.28807082503,-72.0,7.964823081318173,-64.86785962414797,2.7508828269965306,13.358873604331166
199,45424.0,45655.74034525993,45495.71409421759,45729.03647804662,45735.26134797061,352.0,10.344104985637387,336.00903290407587,112.03098692351341,22.5363445441144
200,46560.0,45667.34838214051,46478.78172478177,45993.58570399344,45773.36075991326,40.0,12.94465546484571,16.447521045403846,-18.6579220564563,-1.2325500616898353
201,45504.0,45681.62965618962,45528.6091363084,45691.720633933706,45732.79624784723,-624.0,15.567353455717239,-555.0863000758909,-208.0047530928823,-29.124699673666328
202,45312.0,45698.483089051944,45368.60912462999,45577.57619780768,45715.11136056593,240.0,17.948076134864095,187.0863100073184,18.643662777813006,2.4706807469883643
203,45984.0,45717.52580845935,45902.781756323035,45729.00795948933,45737.73760934121,24.0,19.802101637487795,35.00712416374154,23.93574142631769,10.313129242345894
204,45360.0,45738.08729232692,45438.623372957474,45625.44768066031,45735.73761905062,-72.0,20.881727447529556,-42.00792796946189,29.163561501140066,16.78689066194056
205,45840.0,45759.28926335441,45818.76590038411,45787.33508249161,45771.31139066509,320.0,21.030045703217183,273.9720293471837,135.5549430771025,32.139341147725645
206,46000.0,45780.147383733354,45986.56743165184,45896.55756681452,45800.01630134607,112.0,20.18170788187126,100.63868952694247,57.50126773016018,18.70572574828111
207,46064.0,45799.65267911815,46020.043279437996,45902.33761795193,45808.72284216165,-240.0,18.365895715058286,-196.5679088730285,-75.05113988661105,-4.057317076330946
208,45520.0,45816.87917516347,45593.431613905785,45746.455287041295,45791.90166719341,-40.0,15.691957381084649,-49.19344215414458,-42.65468738999698,-3.226091608579736
209,45984.0,45831.03659388032,45921.65639512971,45817.02824317194,45802.27065894449,40.0,12.333775734477967,16.5067568724553,-12.912922283383523,1.282524698315683
210,45600.0,45841.54672663243,45626.445127650695,45720.62944247453,45794.46671659004,-216.0,8.510156411717617,-162.9856292255172,-36.08407946014995,1.919393475043762
211,45552.0,45848.05690670376,45595.68513667867,45744.86008425164,45806.10944589458,280.0,4.482611981162336,243.5592328148523,120.66068390293731,24.348201599274034
212,46160.0,45850.51195059475,46113.5635932804,45961.9508102804,45843.16311978859,248.0,0.5631075198725739,229.80288261021997,118.06613116895824,21.211829883432074
213,46048.0,45849.1831217435,46055.29090189911,45980.992346589555,45848.533105661445,-24.0,-2.899025904138398,-21.818181885711965,-14.462290396066237,-4.603358844069589
214,46112.0,45844.713898786475,46069.927229508976,45933.02622948827,45833.95640210045,-328.0,-5.546028044660488,-292.816596251967,-137.4530023571533,-28.47888345597312
215,45392.0,45838.09106565418,45469.65770939518,45706.08634187525,45791.5753387495,-120.0,-7.066925443003129,-114.8919017312146,-69.89671667539369,-22.40229641347105
216,45872.0,45830.58004790047,45840.14342604655,45793.23279613748,45789.151809273506,264.0,-7.258622773159004,211.20284688411994,47.76285233097951,-6.5659390123219055
217,45920.0,45823.573820107864,45892.06340316342,45801.61204653721,45778.443460724855,-112.0,-6.072629153124581,-87.76300706603797,-50.81472633167505,-17.78617551240677
218,45648.0,45818.43478959422,45664.61741191447,45691.60334347413,45753.57945824869,-152.0,-3.6585125500969298,-144.35893167659015,-88.20703132601193,-19.585029563728312
219,45616.0,45816.25679500767,45603.34553981024,45625.197983885184,45739.2734015974,-144.0,-0.3545216410748253,-124.54417305304378,-61.806367646353465,-8.14238657142414
220,45360.0,45817.72574631207,45415.52906580838,45567.990608181426,45737.294685105844,104.0,3.3641863860138983,89.82885504005753,46.78792838695881,16.886017763736163
221,45824.0,45822.9851677797,45783.00324989035,45718.7738406591,45773.04543712487,184.0,6.951445731687272,162.49043353374145,98.17015280722262,33.203023875274084
222,45728.0,45831.628637775444,45740.509932875866,45764.33091379587,45803.70073285639,-8.0,9.89667012938662,20.056347364850808,63.72253003470178,34.44033237433905
223,45808.0,45842.77850803847,45823.115944620055,45846.218900728505,45841.92610187355,184.0,11.797847397920123,158.18573484447188,100.99743729688998,39.9216741108321
224,46096.0,45855.224332571284,46056.88140256481,45966.32578838965,45883.54408107806,24.0,12.41719726642259,38.17247076879721,55.269781855968176,30.995183258412
225,45856.0,45867.612902571316,45899.46088615765,45956.75846444044,45903.91646839037,72.0,11.71704569926078,59.88391438108738,40.81190827100727,22.76821073183237
226,46240.0,45878.658423969806,46176.649231326985,46047.949604931666,45929.08050254172,-48.0,9.838169716949778,-39.5654981957523,-4.834057042939094,9.618059278440342
227,45760.0,45887.289242005216,45820.329889766144,45947.09035035456,45923.15258694725,-88.0,7.04072707625528,-54.66989273011859,-7.314079399820912,2.229713752891257
228,46064.0,45892.73987812232,46067.30944586675,46033.321446132024,45933.539930047504,328.0,3.6568380428216187,263.52678543432194,70.89181884347636,3.8643396026236587
229,46416.0,45894.60291809086,46347.38346063479,46088.873988041516,45930.8812661525,-240.0,0.02354362095502438,-220.19276861855178,-108.01046406975365,-26.91460058737721
230,45584.0,45892.78696536423,45626.923908629644,45817.30051799252,45879.71072887275,-400.0,-3.5859296023700153,-348.65592229638787,-154.9232110527446,-36.38500083611143
231,45616.0,45887.43105888612,45650.07161604201,45779.02756593603,45858.11126448028,240.0,-6.979964614700293,193.50578762244186,43.240830911527155,-9.493901168458251
232,46064.0,45878.827036134826,46013.93548387453,45903.78217981557,45860.72292653583,120.0,-10.043997084794682,113.54128720513472,44.645703787326056,-7.552191617654898
233,45856.0,45867.34306471653,45877.15419045228,45868.31897351068,45843.00688124497,-32.0,-12.73834565650759,-31.010341160817916,-29.303719549548987,-18.365701228616672
234,46000.0,45853.35034482181,45951.91480155289,45845.17474071647,45823.9915240786,-232.0,-15.06614440769772,-209.23941120640302,-100.55686243596938,-27.815780962435383
235,45392.0,45837.210775901134,45458.675368039476,45667.20524863874,45787.3753193201,-144.0,-17.032060631612694,-116.28856324455774,-40.366867758366425,-16.847438792501634
236,45712.0,45819.286223558585,45719.337675063776,45764.44100519974,45790.296646493596,352.0,-18.624181543436862,297.3506823431853,123.4562591608701,6.836159498183406
237,46096.0,45799.96241281426,46053.37673272585,45914.11776696048,45801.047638316464,128.0,-19.80177573718902,120.92272129130652,58.73564524098401,-3.9966262613124854
238,45968.0,45779.68267208421,45961.18311764639,45881.91229568171,45782.30339397097,-144.0,-20.504301390050387,-126.27802684752896,-75.24932343791806,-28.029074646943627
239,45808.0,45758.95381003416,45800.82067903079,45763.619120084644,45744.98948902258,-192.0,-20.670043676123896,-196.25904346166863,-140.4836155547382,-40.4644304972644
240,45584.0,45738.34258473196,45568.66503072305,45600.94506457223,45701.37453297644,-352.0,-20.25694311886764,-308.8304946924836,-154.20152322629656,-37.74622939731489
241,45104.0,45718.439923796424,45183.15968964582,45455.21607363205,45669.49703022795,48.0,-19.258462358127872,55.66745850323787,29.879045875841257,-3.602651237095415
242,45680.0,45699.825660015704,45679.99994772953,45660.703156323914,45694.16923050225,536.0,-17.715351411559823,455.8110458573283,195.83866085382397,25.380661799415975
243,46176.0,45683.009220973305,46094.78178136048,45846.8933953397,45720.25835382678,-48.0,-15.71328260577502,-24.486384325657127,21.636936685630644,3.3020410158678715
244,45584.0,45668.399094804154,45631.02717907821,45703.977029695176,45700.77331253399,-232.0,-13.372740793165576,-199.78698260953024,-82.92785079693931,-13.646375666092354
245,45712.0,45656.26373938697,45695.20781614142,45681.03769374582,45692.965602494594,0.0,-10.834882956401998,-19.78028222971261,-38.4204890764413,-8.759429914662178
246,45584.0,45646.72932889135,45591.46661461879,45627.13605154229,45683.25445270466,-80.0,-8.253845171835565,-66.40812842867308,-32.33361643237731,-4.748427154703677
247,45552.0,45639.7560490433,45562.39155928407,45616.370460881066,45683.46874818519,16.0,-5.770893324719509,22.882741085653834,21.419639779302088,6.787732889788458
248,45616.0,45635.18754224191,45637.232096790096,45669.9753311009,45696.82991848424,216.0,-3.515234284379403,181.0010214565009,80.59253577028358,17.402666223264532
249,45984.0,45632.725580474544,45924.39360219707,45777.55553242163,45718.274080631716,-16.0,-1.6094169974785473,-10.8704836076613,4.357967531555914,8.157866179059056
250,45584.0,45631.96870824695,45615.49112957477,45678.69126616401,45713.14565084236,-176.0,-0.16166395465188543,-151.44682474841466,-51.518633175626746,1.3288527527620317
251,45632.0,45632.40225256524,45621.499952700244,45674.51826607038,45720.93178613724,-56.0,0.7417779320931004,-46.49141337330002,17.086132941563847,12.232724601744849
252,45472.0,45633.45226411114,45522.50830282817,45712.86353204714,45737.61110004585,368.0,1.0353114645913593,337.6121214390514,158.77703200032556,29.959868910900695
253,46368.0,45634.47287549442,46296.72419557835,45992.07233007103,45780.85152395904,264.0,0.6793007863634557,233.77461347166172,91.24496305941284,13.883000111141882
254,46000.0,45634.81086568387,45990.0575297715,45895.35345816596,45765.37710026813,-424.0,-0.3119001322047552,-365.5297786359988,-149.04214282209068,-27.205568677502015
255,45520.0,45633.84907523001,45565.66463830635,45693.98804442685,45726.44038660404,-192.0,-1.8611406242598605,-186.91893824678118,-114.37139152568852,-28.61469433388993
256,45616.0,45631.08858443535,45616.219653277934,45666.610675114585,45708.14771160035,72.0,-3.8093540550398757,51.65328136127937,-2.072031754967611,-13.685289423669019
257,45664.0,45626.23036711993,45668.97120102891,45689.843980916914,45699.0698077567,80.0,-5.916830746238702,77.60755289549343,36.15529626078569,-7.324413455819013
258,45776.0,45619.25492294287,45771.43475906892,45738.92126763616,45693.49888468871,96.0,-7.8782134183784365,79.63735338463812,30.537920537321043,-9.695978833547997
259,45856.0,45610.47394028318,45828.245907798184,45750.919821991556,45679.6778500896,-104.0,-9.357806847761822,-81.95931227980691,-40.541534648818924,-22.63714209463069
260,45568.0,45600.539309247346,45607.51613450931,45657.83819833852,45648.22460049945,-8.0,-10.040408861019387,-23.14910074233194,-48.162524483777815,-27.44201956518009
261,45840.0,45590.39312256114,45781.94770631352,45654.594773024,45624.79381095924,-144.0,-9.69210934329385,-142.12016569769912,-95.94603880251816,-34.1910989922435
262,45280.0,45581.15509056076,45323.27580311391,45465.94612073348,45579.842402514965,-264.0,-8.205170659864962,-216.00261856057114,-95.67559192377666,-29.959288318532344
263,45312.0,45573.98278124141,45349.94246919238,45463.24358917645,45564.87523432218,296.0,-5.631965244851017,235.72543940148535,72.91926303118817,-2.3234064766766096
264,45872.0,45569.891160071056,45794.72668191688,45611.78464679586,45575.19558956161,32.0,-2.1849847804296587,39.07119494777726,18.433381017341162,-4.519865282487444
265,45376.0,45569.61281168055,45428.08485908793,45500.11035121113,45555.835503757204,-120.0,1.7944825298909564,-106.21752738930081,-49.61911997916832,-10.368310616548115
266,45632.0,45573.48012513084,45582.29162713828,45512.54640683752,45554.458968328516,-104.0,5.880234788335656,-94.33509625827719,-47.29074095484248,-5.253587012259231
267,45168.0,45581.37328125722,45239.41466657138,45405.528869301445,45545.328329732685,24.0,9.631546245407662,14.196372289985447,11.746897114640888,9.735777890800819
268,45680.0,45592.74321762165,45610.68437171825,45536.040201066804,45573.93052411012,24.0,12.653989279180678,24.691563738095283,58.53143229876514,23.298720582937676
269,45216.0,45606.68125981558,45288.79779404757,45522.591733898975,45591.92577089856,280.0,14.6500357410805,274.0486788280541,139.84739978165453,36.79153533337376
270,46240.0,45622.043289103814,46158.78172937436,45815.73500063011,45647.513594776865,200.0,15.451947753303102,182.79133282415205,81.01076704619118,25.96350361714576
271,45616.0,45637.58515532219,45654.38045969587,45684.61326799136,45643.85277813285,-288.0,15.042118537741771,-263.3440080855762,-96.81509864307372,-2.2681777373691148
272,45664.0,45652.1275261793,45632.093713203205,45622.104803343966,45642.97723930213,-200.0,13.546789786953013,-181.81818047663182,-83.45606297540871,-1.926676865619811
273,45216.0,45664.67873489609,45290.74409874261,45517.70114204054,45639.99942440161,80.0,11.210151050730929,79.90953839132271,46.44690971684395,18.222156319567148
274,45824.0,45674.54782828076,45791.91278998585,45714.99862277765,45679.42155194126,336.0,8.36295483251888,293.1939820336265,142.79679212593692,32.193205136711185
275,45888.0,45681.40464456113,45877.13206280986,45803.29472629241,45704.385834675035,16.0,5.371000860053755,30.879586873306835,45.943466660966806,15.783574467524886
276,45856.0,45685.28983000087,45853.671963732464,45806.88555609959,45710.98870087631,-32.0,2.5827643869633903,-35.10028041507758,-20.966392143029225,-0.6476987549067417
277,45824.0,45686.57017333506,45806.93150197971,45761.361942006355,45703.09043716522,-144.0,0.2787565038597677,-132.08295185423776,-76.84264309005448,-13.94374185282868
278,45568.0,45685.84734300859,45589.50606002399,45653.20026991948,45683.10121717065,-120.0,-1.380715822957427,-109.89514183579377,-65.56153712713422,-14.234159136034577
279,45584.0,45683.80874168914,45587.14121830812,45630.23886775209,45674.62211889315,16.0,-2.374965250277455,13.341249824748957,0.1580317086481955,-3.947992332843569
280,45600.0,45681.09741250803,45616.18855967349,45653.516333336775,45675.205232504966,120.0,-2.8109373242732545,109.9901397327776,50.0356322530788,4.343375237061991
281,45824.0,45678.1868670406,45807.121497773674,45730.310132258244,45683.308869367276,136.0,-2.885804499670485,106.54042696858232,29.94886505059185,1.069080330671568
282,45872.0,45675.32580350869,45829.26941361065,45713.41406343796,45677.34339316631,-216.0,-2.8305279031701502,-191.50501610975334,-96.18903710130326,-15.698306542650244
283,45392.0,45672.525811234256,45424.11146555417,45537.93205805564,45651.912256281976,-288.0,-2.8367647864943137,-244.60062028562606,-102.5159763545089,-12.43552407023526
284,45296.0,45669.6522739357,45340.0681730394,45508.38211072894,45652.47234502584,152.0,-2.9911275273661886,136.29757268222602,76.64110803778021,18.38370599515474
285,45696.0,45666.543556179524,45696.70661091862,45691.2142741312,45688.679668272285,416.0,-3.2403008786277496,360.1714924723201,180.43930046785317,35.8413066600624
286,46128.0,45663.17167217845,46060.41115798404,45869.26071166465,45724.154958345964,8.0,-3.3917399276069773,25.760336985636968,48.67679336577203,15.283037990975572
287,45712.0,45659.76007632431,45748.227284889894,45788.56786086274,45719.245744254236,-160.0,-3.1540983587983646,-131.04744864467284,-42.40892037052981,-4.546926879014791
288,45808.0,45656.86347546085,45798.31626069469,45784.44287092359,45715.061104587934,8.0,-2.2247341931470146,1.6702792782489269,-15.903554477361467,-8.831584436906269
289,45728.0,45655.310607938016,45751.56784344639,45756.76075190802,45701.582575380424,96.0,-0.37724706914741546,71.09079998367088,-13.301743061558227,-14.799400438485463
290,46000.0,45656.108981322555,45940.497860662035,45757.83938480047,45685.46230371096,-168.0,2.4554405942180892,-166.29998408110623,-120.00167470731685,-31.84715648391648
291,45392.0,45660.22148912645,45418.96787528418,45516.757402493386,45637.88826241259,-360.0,6.118959627889126,-328.97130435001236,-178.7032810603887,-35.27962817774096
292,45280.0,45668.34690057833,45282.55525196201,45400.43282267969,45614.90304735548,-136.0,10.247144801047398,-123.6363635121379,-56.10816847384194,-6.2400626893359
293,45120.0,45680.71577872855,45171.6951482599,45404.5410655457,45625.40813703392,336.0,14.317621334022988,307.9458907126791,146.37877563885195,35.77549653013193
294,45952.0,45696.98214324638,45898.44703338737,45693.1903739574,45686.454040415745,328.0,17.755189040894038,298.6567989490468,159.24449539040143,47.76860540261623
295,45776.0,45716.226156810335,45769.008746158,45723.030056326505,45720.94534783915,-208.0,20.06161407171021,-164.3945564393689,3.3547105323523283,31.738574815361062
296,45536.0,45737.1053713898,45569.65792050863,45699.8997950221,45749.93119004647,-48.0,20.925958857809746,-31.061223106207763,58.81963620665556,39.682401709640544
297,45680.0,45758.078074525954,45706.88629994558,45840.669328739816,45800.31015125843,456.0,20.29142661122387,414.83395512539937,221.10419808761435,56.394468774884444
298,46448.0,45777.68822461225,46399.32583075943,46142.10819119733,45862.720127596236,328.0,18.37204006713364,305.89460865047295,148.4929580561875,33.14598271761861
299,46336.0,45794.82215466022,46318.67551724653,46137.65524485219,45866.60211669367,-184.0,15.589708325016545,-167.27272728025127,-103.62532391904824,-19.587905067885004
300,46080.0,45808.86764126228,46064.78037619893,45934.857543359234,45823.544317460466,-552.0,12.474947341346706,-512.9873531799421,-275.3689298133395,-55.88058336017639
301,45232.0,45819.772049342915,45292.70081088664,45586.91738522551,45754.84094997332,-296.0,9.546171493977454,-285.581417752117,-170.48146552097023,-42.5613199884865
302,45488.0,45827.959984250236,45493.61754069469,45593.894612317294,45738.42167748349,272.0,7.192791327757732,229.00443328152687,59.92453325043607,-3.8981886156507244
303,45776.0,45834.15763199843,45750.7096774497,45706.766451726384,45747.044572742016,120.0,5.606421169133682,130.64052400347646,78.25506527227844,7.175123895623983
304,45728.0,45839.1728265885,45754.898588701646,45750.40474286185,45752.77192527474,160.0,4.7674767928765505,138.68185476018334,54.840662566388346,6.9659487964636355
305,46096.0,45843.692585584184,46028.07338697006,45816.44777685916,45760.97647033494,-232.0,4.476804092217208,-204.84016283795063,-73.73307757310613,-8.546631423050712
306,45264.0,45848.12643477294,45345.218263025745,45602.93858771564,45735.67866242864,-120.0,4.426107667579345,-105.67459204050465,-44.039895285706734,-1.7138747848694038
307,45856.0,45852.54480091934,45816.724202889054,45728.36798628775,45757.548720765204,304.0,4.288494483789691,242.41963349014623,61.61339171598593,16.947494374820963
308,45872.0,45856.70342374052,45830.05753000604,45726.16537114761,45769.57365117828,-416.0,3.7941460549045587,-355.75296393467215,-75.11992956632821,6.903612971993425
309,45024.0,45860.13309302915,45105.21827501971,45578.12812715509,45771.35594670919,320.0,2.7897846683554235,300.61101950784723,163.08055079538462,39.15009286636996
310,46512.0,45862.28299307723,46431.27956902173,46052.32647273838,45847.87383691102,488.0,1.2555699326403555,462.47418079689305,210.307850742116,43.31158204737949
311,46000.0,45862.64423289443,46030.166636613496,45998.74382863932,45857.97911080395,-296.0,-0.7004725518490886,-250.2797493407743,-54.21072977939184,3.004229433125147
312,45920.0,45860.88204797353,45930.72007034018,45943.905013179596,45853.88229577727,-24.0,-2.8918985242853523,-45.84621457238973,-42.88630886992905,-7.402700237813406
313,45952.0,45856.86043584586,45938.47420746872,45912.971210899464,45843.17371032832,-72.0,-5.096368118614919,-59.87482552790243,-50.44819683039532,-16.14989993253039
314,45776.0,45850.6893117363,45810.97041928438,45843.008619518805,45821.58249591221,72.0,-7.093955683700187,47.3483082375642,-36.4582816212569,-19.312089620503684
315,46096.0,45842.67252447846,46033.170823943845,45840.05464765695,45804.549531087316,-296.0,-8.718704572194838,-272.8760750593501,-130.92664803338266,-31.60548827052844
316,45184.0,45833.25190259191,45265.21826916568,45581.15532345204,45758.371519371154,-152.0,-9.875975873117568,-135.00576876895502,-60.321662478891085,-17.459435747605312
317,45792.0,45822.920572732226,45763.159286405935,45719.41132269917,45769.630659592105,368.0,-10.535712159846298,307.81260852713604,101.96166059671305,10.140673200559831
318,45920.0,45812.18047827222,45880.84348621995,45785.078644645466,45778.652865772274,-120.0,-10.726642659959907,-78.0983690862522,-1.793355730973417,1.9548494687769562
319,45552.0,45801.467287412306,45606.96254823343,45715.82461123722,45773.54035852966,0.0,-10.490633716341108,0.9318031806542422,12.658272210370342,5.964510683872504
320,45920.0,45791.199210839535,45882.70709258126,45810.39518906621,45790.58188714002,112.0,-9.868822393800656,89.28000725410675,39.76817236208808,10.570622967359668
321,45776.0,45781.729642624705,45785.522562741644,45795.3609559614,45794.68160446438,-64.0,-8.879347753561888,-49.57171613139508,-5.353755124113377,5.033797547577706
322,45792.0,45773.44051533241,45783.56366031847,45799.68767881798,45800.649482235174,-64.0,-7.502958373326692,-44.140600830818585,8.170562265571789,6.400351882555697
323,45648.0,45766.72372587805,45697.24136108001,45811.70208049254,45807.48230822949,272.0,-5.711656436145859,235.60903905793384,93.86544192083602,14.806941405786347
324,46336.0,45762.01720246012,46254.781738434336,45987.41856265965,45830.26336504675,24.0,-3.477995827801351,19.33660298661198,1.4257634969399078,-2.505774930399639
325,45696.0,45759.76773422245,45735.91456705323,45814.55360748642,45802.47075836869,-304.0,-0.8185332787252264,-262.9064024719337,-113.58815143002357,-22.46906875962668
326,45728.0,45760.38013590267,45728.96893349047,45760.242259799605,45785.32522752749,16.0,2.1802792000962654,-2.100966110418085,-38.19021778701426,-14.279269464819663
327,45728.0,45764.12829262264,45731.712634832395,45738.17317191239,45773.91221943905,32.0,5.347420990146929,21.306875503894844,-16.982501931015577,-9.117397116489883
328,45792.0,45771.07497788296,45771.58268449826,45726.27725593757,45767.090433294514,-64.0,8.438416891858651,-62.21652784284015,-44.75728800602883,-8.067264479814185
329,45600.0,45781.00512640636,45607.279579146714,45648.658595900335,45757.77769047942,-144.0,11.167849621480855,-127.90520961799484,-53.28936208707455,-1.4238582911166304
330,45504.0,45793.410677125925,45515.77226526227,45619.698531763424,45764.24271671228,-48.0,13.260881746737141,-32.645987573097955,28.88920174480154,19.477162068469625
331,45504.0,45807.52688989983,45541.98760400052,45706.43699938994,45796.73201461636,384.0,14.515171976934653,349.71014457318233,187.9569673214828,47.125898634898476
332,46272.0,45822.441021079794,46215.19255440863,45995.61246640639,45858.49451398208,264.0,14.833662505148823,255.61093661893028,150.98170021964688,41.087225064820814
333,46032.0,45837.19421491013,46053.20947723838,46008.40039982923,45878.906464746,-64.0,14.243139907142904,-55.93569097835643,0.9881333374578389,12.757274001225596
334,46144.0,45850.92730089408,46103.32117245192,45997.588733081306,45884.00906198453,-168.0,12.889025767952262,-153.28244252687364,-84.01730020726973,-7.896949662248517
335,45696.0,45862.972266446035,45746.64459218463,45840.36579941469,45863.11256542151,-96.0,10.989842233313539,-103.45361934411267,-85.04003395927066,-12.540868291944207
336,45952.0,45872.90698536071,45896.413933763695,45827.508665162764,45858.92732540064,-192.0,8.785471994069667,-176.71316274426863,-75.10280167054589,-8.838873750835774
337,45312.0,45880.543210434174,45393.218266696094,45690.1601960736,45845.434817919835,128.0,6.491473085759935,116.20589373947223,51.731628947636636,13.1792334151869
338,46208.0,45885.88993153223,46128.82572124264,45930.97192305804,45885.285792231014,176.0,4.273822594535886,174.9780065749619,102.29768851345943,23.7152639227279
339,45664.0,45889.090855623246,45743.17427984602,45894.75557310052,45892.86534576529,160.0,2.24219302779602,158.97800431679934,79.16143659273439,19.02282082254169
340,46528.0,45890.37431758782,46446.78172987624,46089.29479624351,45923.3314338761,-88.0,0.47744200583110796,-86.97800667681804,-24.813378735252627,0.23265980461292202
341,45488.0,45890.04573963491,45569.21826649238,45845.128815630014,45893.33066537452,-192.0,-0.9387891370461148,-185.2608945191496,-65.60157279848863,-9.734235232856008
342,46144.0,45888.49673931373,46076.25994083794,45958.09165064653,45903.862963410385,136.0,-1.903101636624342,117.86620173736446,20.008660339779453,-1.4745537936105393
343,45760.0,45886.23953636166,45804.95066996711,45885.14613630957,45890.381557787296,-72.0,-2.283013289230439,-46.555921035262145,-10.372446182173007,-6.962327733726852
344,46000.0,45883.930712735266,45983.148098767415,45937.34675828218,45889.93830794293,128.0,-1.9376554293048684,93.93792263738578,20.8740011137088,-5.946334447216941
345,46016.0,45882.36422550305,45992.82651524188,45926.89413853699,45878.48888889286,-128.0,-0.7592130653138156,-106.18900731614121,-55.00555047670423,-18.32497460542436
346,45744.0,45882.41228660464,45770.77008413513,45827.335657328775,45853.28835873208,-96.0,1.2725188940676162,-88.20601043107672,-57.89065254382513,-19.736112224178214
347,45824.0,45884.909263291185,45816.41449437973,45811.11283344934,45839.016664444505,24.0,4.061509633265814,7.716882143242401,-22.666407154763874,-13.52086106534989
348,45792.0,45890.53530587117,45786.20384842162,45782.00284301925,45826.24663660138,-80.0,7.375192557385162,-59.191403850036295,-34.108568920470134,-11.057696013052919
349,45664.0,45899.659648405956,45698.03168667966,45742.8956956084,45816.9012724184,112.0,10.853217262116232,81.98627165631842,0.34070039335347246,-1.7003005620645126
350,46016.0,45912.2417403954,45950.176391734254,45782.684243805954,45822.846035477254,-336.0,14.050606301370863,-312.40670556621626,-76.86932989946945,-3.7129351672811026
351,44992.0,45927.7608610087,45073.218275547224,45589.15703580946,45809.47540208384,280.0,16.51256270052545,272.30266635620137,105.05130990823454,27.503136710773106
352,46576.0,45945.26686579645,46494.78172444666,45992.78686362242,45877.8523088988,248.0,17.851412077638088,247.85499493217503,112.02325962417672,33.46952225990026
353,45488.0,45963.46368516397,45568.928265411574,45813.203555057815,45876.41444660364,-288.0,17.81050611723549,-261.3310912916786,-16.981531035697117,17.982860035022895
354,46000.0,45980.887878030924,45972.1195418633,45958.82380155103,45913.818028968846,304.0,16.300921344562084,263.78898576820575,125.0321472687283,33.094483813649276
355,46096.0,45996.0655278531,46096.506236947986,46063.26784959527,45942.603414230936,120.0,13.405787215251621,126.91787982462483,88.07797284187473,21.115555973639857
356,46240.0,46007.69945246143,46225.95530151255,46134.97974723478,45956.049140916126,64.0,9.375036688459659,59.22557212731772,19.20177125689588,-0.7518162690066674
357,46224.0,46014.81560123002,46214.95738120262,46101.67139210906,45941.09978169292,-48.0,4.576547980541363,-56.21101429684131,-94.47265907118344,-29.09437013855495
358,46144.0,46016.85254842251,46113.53327291887,45946.03442909241,45897.860400639016,-456.0,-0.5704708433913765,-442.5074549795827,-254.61974847044985,-55.546361021959456
359,45312.0,46013.674659543234,45329.942471243456,45592.43189516816,45830.007059649004,-552.0,-5.636048595297325,-505.12873416799266,-213.38658634016247,-41.952988007556996
360,45040.0,46005.580451231916,45103.27580458288,45519.26125641209,45813.9544246239,528.0,-10.235934289903525,484.3262974113386,188.77988553371688,22.64508620608831
361,46368.0,45993.20279096343,46298.59506606613,45969.9916662356,45875.29723206118,472.0,-14.0553001295375,453.6806506564244,229.40634685755867,36.70766904034099
362,45984.0,45977.46985097284,46010.63710589573,45978.073950127204,45887.369762704584,-192.0,-16.87778535500547,-154.77243069174074,5.119258955204714,7.241018778633588
363,45984.0,45959.447220253416,45989.05020468265,45980.23018414601,45889.77926961845,16.0,-18.59571013421737,3.6641222001962888,0.27132609180989675,-2.301529605218093
364,46016.0,45940.278430704406,46017.96535029612,45978.61660231082,45882.76670349415,64.0,-19.201063133470598,38.74189709407074,-20.305280679767748,-13.6742309495894
365,46112.0,45921.045093986475,46066.53399887079,45939.61962278647,45862.43080771927,-208.0,-18.803381596637337,-198.01144062897583,-125.18716813112042,-32.81435538891674
366,45600.0,45902.67166751113,45621.94246903817,45728.24226604858,45817.137992716314,-368.0,-17.610494462893257,-315.6291010841669,-147.25622371360078,-34.43591536713575
367,45376.0,45885.82410506069,45435.27579670246,45645.10717535927,45793.558976985,280.0,-15.905698109108926,228.41963985599796,51.418496990325366,-2.7010668820694264
368,46160.0,45870.86027129291,46078.78174875017,45831.07926002923,45811.735858952175,8.0,-14.007987039836735,18.971222497064446,21.51171468458051,0.7636749147859518
369,45392.0,45857.808130981015,45473.21824169659,45688.13060472843,45795.08632681457,-80.0,-12.22760144584754,-69.65043249825976,5.116647063412529,3.504784203123563
370,46000.0,45846.40506840122,45939.48088375365,45841.31255415606,45818.74542735842,144.0,-10.811467452764191,133.5813393749704,73.83822650565344,14.59637191177535
371,45680.0,45836.18519607549,45740.38092044653,45835.80705773974,45824.27907063812,104.0,-9.906451891518373,102.80463892553598,72.39803245354778,12.747596811601397
372,46208.0,45826.59216461818,46145.09016160472,45986.108619063154,45844.240620981625,112.0,-9.546407582693064,90.16004918180624,39.355870854993555,1.7735813925864932
373,45904.0,45817.0923809101,45920.70101881014,45914.518799449725,45827.82623342329,-168.0,-9.650197688471962,-140.8840487438829,-66.33041988856712,-20.22307588716285
374,45872.0,45807.29176924124,45863.322064116954,45853.44777928602,45803.7944692073,-112.0,-10.064693542648456,-100.76863410842634,-70.34713052069128,-27.44204075563539
375,45680.0,45796.9629938248,45719.16375059329,45773.82453840834,45772.94215191202,80.0,-10.612791852210648,51.660439442777715,-32.71097167351036,-26.205209699670377
376,46032.0,45786.066185536816,45966.64294300251,45788.025835939,45751.38404980796,-168.0,-11.133414843647188,-165.71228016873283,-107.78578449984707,-35.58889961366731
377,45344.0,45774.69616413751,45387.73919025582,45558.25296940865,45701.76435268469,-320.0,-11.51967192355005,-273.8016138770872,-122.64638182602357,-31.731479489037156
378,45392.0,45763.026841689716,45419.039715248335,45542.73307228695,45687.921090829885,200.0,-11.72544982603722,166.4991012341634,59.846639021776355,0.9527926866903726
379,45744.0,45751.245264485435,45720.73739272415,45677.9462474522,45703.66993805807,200.0,-11.755240495687758,185.3846410965707,102.18629889135264,13.732344131087302
380,45792.0,45739.51636069834,45789.808997441476,45747.10567006966,45715.38577909206,56.0,-11.654626479692524,58.11659192470688,46.71225765228883,7.88512998859369
381,45856.0,45727.93601152605,45836.97057657356,45771.37076275678,45719.440198035256,-48.0,-11.481214217805245,-47.98553800011359,-18.04952593449707,-2.7735711550412816
382,45696.0,45716.55393226273,45693.83792144125,45711.00661820066,45709.83863678198,-192.0,-11.29237742999976,-153.9430479260809,-52.860835455780034,-8.909629414181836
383,45472.0,45705.35125666605,45529.0844807214,45665.64909184522,45701.62093920689,176.0,-11.142273200330237,142.56213704569382,51.46701956716424,3.2633493852627
384,46048.0,45694.26938586207,45978.96219553264,45813.94065733499,45716.3653355525,88.0,-11.072676272680837,82.79551831588105,31.261894157272764,-1.8373368767679494
385,45648.0,45683.20590412069,45694.675517353164,45728.172880159764,45697.946265453356,-56.0,-11.115789530857,-50.909091413654096,-45.68133709534959,-15.921756826475757
386,45936.0,45672.037806800356,45877.14401270533,45722.57798314429,45684.52182189955,-216.0,-11.289147344756202,-206.28796428029818,-112.30590544332881,-25.998352458827867
387,45216.0,45660.627609431176,45282.09958879257,45503.561069273106,45645.9495605357,-192.0,-11.574482851137873,-170.06995679081228,-75.23637923462957,-17.0747833370624
388,45552.0,45648.88884109808,45537.004099123704,45572.10522467503,45650.372255225426,208.0,-11.894256155792391,179.92500594967714,78.59676773944011,9.341307450991735
389,45632.0,45636.83909711959,45641.94960069192,45660.754604751986,45664.632175437684,152.0,-12.095147351719788,154.69350502782981,103.0266824529499,15.891528984146134
390,45856.0,45624.69854639464,45846.39110917936,45778.15858958093,45682.15531319372,184.0,-11.944207504260703,156.397054384277,78.48327961941322,8.83090341571733
391,46000.0,45612.95068211107,45954.743709460476,45817.72116399081,45682.29398226912,-144.0,-11.15537589188898,-117.92885241652402,-51.576843594710226,-15.746631811140105
392,45568.0,45602.38779461086,45610.533404346315,45675.00490239151,45650.66204957144,-136.0,-9.446660647092358,-131.54328338258347,-89.21381040354754,-27.49883021911228
393,45728.0,45594.057360816885,45691.65714269531,45639.29354318372,45627.296321830894,-104.0,-6.6175814279704355,-100.59054817448487,-80.0645876159324,-28.400911648997862
394,45360.0,45589.15263175492,45409.352307997346,45514.87572715965,45593.86022627344,-32.0,-2.616976223751408,-35.54329471121309,-46.97995244424237,-21.743084243778867
395,45664.0,45588.82340836938,45620.57055327288,45545.33363829523,45583.81015334334,8.0,2.3942561667099653,-5.928988360061339,-28.875269716801995,-14.05956526294176
396,45376.0,45593.94114408834,45397.49433127722,45457.125187726044,45565.74109574756,-152.0,8.020820428402658,-115.60456560952662,-47.64585670616725,-8.582002808398101
397,45360.0,45604.86504922619,45389.36142205383,45450.0419248829,45566.64614772654,184.0,13.66889388007985,138.67420104574558,37.93769959830024,11.237359365306475
398,45744.0,45621.2789318485,45674.842733368714,45533.000586922644,45588.21581447817,-184.0,18.643234241455502,-158.07157538716274,-22.541044498928386,13.78045747554279
399,44992.0,45642.1515177091,45073.218271279504,45404.95983588504,45594.207062677626,168.0,22.273508039070293,161.9694978846892,78.43916690491096,36.101601333335566
400,46080.0,45665.82594792664,45998.78172913809,45689.878920732466,45660.41901714484,64.0,24.04359411276164,63.99999879141251,89.85854521366491,45.23290532445753
401,45120.0,45690.23870593462,45201.21826886233,45584.67692631237,45684.67287332654,160.0,23.707926897091966,160.00000777814785,127.13646873608741,52.487499848026346
402,46400.0,45713.241801720826,46318.78174469439,45944.15185820464,45765.394016840895,248.0,21.354506042818684,247.9999823471844,131.55086099459368,48.990844356398156
403,45616.0,45732.94771802026,45697.2182335567,45847.77864830156,45782.65456203934,-120.0,17.392650129168032,-105.37941462813978,19.51611424769726,25.593273300408327
404,46160.0,45748.02710197916,46108.02291543811,45983.184086700036,45816.58056344171,192.0,12.479063500224584,148.56247828734195,46.997481748494465,16.75502957446224
405,46000.0,45757.90584502071,45994.34319013138,45941.77361179855,45816.16462118826,-168.0,7.3976939174172,-141.96377464983016,-70.52366900221023,-9.607711194039439
406,45824.0,45762.822489813996,45824.09536613845,45842.136748695615,45797.36514105363,-200.0,2.912309802333766,-169.77099330068086,-90.56848875513242,-20.13122308194579
407,45600.0,45763.730464625376,45654.80120353002,45760.63663428828,45775.90217502437,144.0,-0.3610529293837317,104.7118550416526,-1.1817972631870362,-12.667857278043812
408,46112.0,45762.10038395523,46033.51907622175,45839.77315416924,45772.029426497546,-16.0,-2.0475139392256096,-39.09603345751748,-56.976903034417774,-20.87127720194985
409,45568.0,45759.635436746925,45576.609136614985,45646.68282821945,45734.15962062047,-464.0,-2.058461278829782,-388.454969273811,-153.74891184007356,-29.561824846048694
410,45184.0,45757.98346139757,45256.60913767413,45532.275330489094,45712.90577680545,240.0,-0.5689307106367778,201.17676368567118,59.730167514193454,5.191445025247958
411,46048.0,45758.49757532565,45978.96266398633,45766.143163247834,45744.542510670966,240.0,2.04505795343357,219.03577198796484,92.9394143826612,16.463859399067587
412,45664.0,45762.073577304436,45694.68068165006,45718.154159254416,45745.83349560358,-160.0,5.2958857694138715,-130.87857408596028,-20.91192436620986,5.38265971279543
413,45728.0,45769.08934686448,45717.20551581441,45724.319314515415,45755.30783009656,-40.0,8.67797109622552,-31.447586763635627,4.324812518709223,10.839725997804635
414,45584.0,45779.42951949689,45631.78550812279,45726.803784291835,45767.51294759919,184.0,11.748732536980242,153.50753292232912,73.88636192233753,21.380764882593212
415,46096.0,45792.58681193844,46024.220581659065,45872.09203836009,45798.06935986174,32.0,14.183838522265432,33.53798183159597,33.334273248296086,15.65988025563638
416,45648.0,45807.79719654142,45698.86147178598,45793.47233078843,45798.832708110465,-104.0,15.792209632832964,-71.05175094319202,-5.883542177445634,8.304983654248645
417,45888.0,45824.171231204105,45882.11707977268,45860.3249540052,45814.67932717024,192.0,16.514531248354615,153.84100685009253,53.015100219367014,12.180585418285773
418,46032.0,45840.82625903813,46006.54348548617,45899.50253122716,45823.19387894704,8.0,16.39732156565151,-2.8561668556758377,-27.071157164456963,-1.9257542758532509
419,45904.0,45856.96587433541,45876.40474606133,45806.182639676284,45810.827818618534,-384.0,15.548578803362034,-330.66261587922054,-142.22857171273063,-17.024669397575053
420,45264.0,45871.92341664485,45345.218253727726,45615.0453878017,45789.14454015189,-32.0,14.104364183585858,-31.621365172977676,-15.614557973738556,4.573948540946731
421,45840.0,45885.17460270258,45813.162015715374,45774.95352372881,45819.97571570043,360.0,12.213811153003917,302.82758880352776,127.38489779151496,29.829961333562096
422,45984.0,45896.35103895086,45950.87343133478,45869.81518338473,45848.80446281901,-64.0,10.011226181180973,-27.9214277066676,37.76925134828707,22.068970259530033
423,45712.0,45905.19705506494,45757.31916030204,45850.49202642538,45864.11365621949,24.0,7.6261008059518645,33.041530477439665,49.92285625333898,22.91487621145643
424,46032.0,45911.60324056276,46016.95649228966,45969.66089589141,45894.634215241924,224.0,5.187463959329762,184.41979343593266,87.99931741172622,23.65226978453211
425,46160.0,45915.5719829836,46126.158747173904,46026.490661248834,45911.41819578855,-88.0,2.819883755339106,-60.004009246244095,-9.924904018149391,4.354890336053359
426,45856.0,45917.24300807344,45896.94847379717,45949.81108785511,45903.34399591403,-16.0,0.6525065872701816,-24.467904390872718,-29.774029466178035,-5.7070000788189645
427,46128.0,45916.87699615814,46077.22293839216,45966.94260231648,45900.004195630914,-64.0,-1.1787510944450332,-73.61084344421397,-63.39718438038835,-14.73959050157282
428,45728.0,45914.88550588455,45749.726786908745,45823.01671909433,45873.864814910885,-264.0,-2.5477965846548614,-218.86221693968037,-96.41752367497611,-18.846139974481048
429,45600.0,45911.78140298883,45639.4985045128,45774.107554966526,45862.31191568195,104.0,-3.368287120509194,87.26424016802775,38.14461335544911,1.5626965551600733
430,45936.0,45908.14893164353,45924.2552672448,45899.30594580523,45876.990208021205,256.0,-3.5915438869487843,226.03309895600978,106.85136374132708,11.727802740315383
431,46112.0,45904.598315214935,46091.56470242482,45987.81028244918,45885.76752116258,72.0,-3.234396478452254,65.13294730410416,26.40947786853212,-2.534310800492676
432,46080.0,45901.68013868663,46054.52116185301,45952.124901542295,45871.92158642022,-176.0,-2.3945400811608124,-164.43773130678892,-99.62293013573071,-24.24985542135255
433,45760.0,45899.80923505261,45762.68923981124,45788.56442217772,45837.26781031988,-320.0,-1.2474358813487925,-278.385722985553,-149.27826827572062,-30.79038558434695
434,45440.0,45899.18526692393,45497.7497158819,45653.56836499085,45810.340815251526,56.0,-0.04028581973761902,23.80905548015653,-28.211874691438425,-8.409954305778228
435,45872.0,45899.72866341314,45810.30735077155,45732.14067279484,45820.44790170832,0.0,0.9422188944263326,4.094388747413177,8.642644201408984,7.529481542213034
436,45440.0,45901.06970471278,45505.93849337673,45670.85365339367,45825.39977833595,8.0,1.413571265849896,25.323609488801594,54.13980729566538,24.22186554443033
437,45888.0,45902.55580594484,45860.954569749156,45840.42028738617,45868.89163279718,240.0,1.131898764440848,219.7889251182096,145.7767776855908,42.53643610108702
438,45920.0,45903.333502241665,45945.51634361315,45962.40720876485,45910.472650538126,224.0,-0.04849594466941198,212.1434919297244,143.19052576110698,41.10465026785096
439,46336.0,45902.4588140555,46285.241553608605,46126.801338908386,45951.100933332884,96.0,-2.1531138002319494,85.93297803846144,59.794799597722886,21.383329461401445
440,46112.0,45899.0272746412,46117.38229969007,46081.9968079603,45953.23930946093,-168.0,-5.07241125773362,-140.94775546817618,-59.80612696793469,-5.799658398907923
441,46000.0,45892.31399154003,46003.34604267225,46007.18908497252,45939.50161653507,-88.0,-8.567200434616097,-97.30604365654654,-71.21318050151967,-16.762612099108082
442,45936.0,45881.89287377197,45922.77021237698,45939.57044695726,45919.71408526271,-176.0,-12.317833061031706,-146.7247684104077,-65.83341453663161,-20.60182700922087
443,45648.0,45867.67832541797,45709.89650585144,45875.522255899254,45898.297962516626,232.0,-15.983311086638423,198.0057584921451,49.71293689162485,-8.901224620251014
444,46400.0,45849.92625159869,46318.78172936127,46038.99632074051,45901.91163602221,-24.0,-19.258368098933715,-20.017098482207075,-17.027774788493844,-21.290744693309534
445,45600.0,45829.1615892201,45669.86230888702,45841.466706322266,45855.71647313001,-200.0,-21.9262049679528,-178.1938430012633,-76.79626125710638,-33.409339235702646
446,46000.0,45806.07384166279,45962.39404335874,45885.403798226296,45835.092957550805,152.0,-23.88506116600547,104.50195126541439,-13.361008982828935,-28.86886770165802
447,45904.0,45781.39146688809,45878.86621141785,45814.74468835661,45797.97873772669,-248.0,-25.1378543605897,-209.1967748516472,-115.28676569137679,-42.41528293778538
448,45504.0,45755.79813294161,45544.00049365545,45654.83026684354,45750.262391675235,-144.0,-25.76478081575624,-134.86324948517722,-84.49928809129779,-35.40322646768982
449,45616.0,45729.86190525658,45609.1397124475,45645.74611217401,45727.17228479131,40.0,-25.853058575805335,30.83778102953511,5.788901417479792,-17.531492644360696
450,45584.0,45704.09201579,45605.67605571452,45666.4080696785,45715.19940638651,112.0,-25.44189175507927,104.91662183959488,61.86599234373716,-5.412908085469098
451,45840.0,45678.97812174642,45818.97295612669,45769.47809686149,45716.34646862037,112.0,-24.502544409209804,108.1616810455962,67.80907561372442,-5.035614335123682
452,45808.0,45655.08692697158,45821.99941780571,45802.02622090595,45705.128177716266,80.0,-22.930032993623172,73.02355070755584,29.561234497447003,-16.361882018292818
453,46000.0,45633.11805575917,45965.0200575418,45828.60056585638,45683.62270458379,-16.0,-20.576966303855443,-31.879072554896993,-59.125372121387045,-37.32433790329014
454,45776.0,45613.932994363866,45758.241272695916,45683.77547666318,45630.479501909685,-320.0,-17.323831756068103,-295.5724213663161,-190.93735086161178,-60.41922757861903
455,45360.0,45598.470392247036,45373.875214809166,45446.72586413316,45562.78424942655,-344.0,-13.15101639635759,-314.98998384093284,-193.68668046344465,-57.556040011804726
456,45088.0,45587.63096157115,45128.26130501405,45296.40211573629,45515.367421886076,-48.0,-8.175706203728623,-44.30738472484518,-46.12269052872216,-26.048456446173077
457,45264.0,45582.11897983958,45285.260445359476,45354.48048307571,45510.6873365342,320.0,-2.656993265271012,263.301367142798,103.31860887728544,7.654281474839081
458,45728.0,45582.31697504061,45654.864039299646,45503.03933349086,45530.675984835754,-16.0,3.031946996215993,3.92379043838082,36.07851716057121,10.122447543340968
459,45232.0,45588.18287383201,45293.10802623624,45426.637517396855,45530.932231620885,-88.0,8.472055540460133,-56.215881882239046,20.91694260442091,15.202858366170403
460,45552.0,45599.26108612153,45542.43227553517,45544.8732186997,45561.081701568095,232.0,13.29076271629674,201.48562697475063,114.6723106526988,30.603555025616515
461,45696.0,45614.764399264604,45696.07928018574,45655.98213870225,45592.13934167212,168.0,17.216280258642655,154.0434055792757,91.09998935367912,25.86460718763192
462,45888.0,45633.693646638814,45850.51908669372,45727.07319740706,45612.81091594336,-48.0,20.112855607607344,-32.964760023427516,-9.372342591661436,6.912120068405784
463,45600.0,45654.99011047982,45630.149760138884,45637.23745351893,45605.96358180893,-64.0,21.988904991816526,-69.62052586041318,-71.21701712866343,-6.549155043983774
464,45760.0,45677.67145662245,45711.27803497289,45584.63916314973,45599.71260585539,-392.0,22.962968035557424,-366.4657425271798,-140.27870879433613,-14.265345660765888
465,44816.0,45700.916046550934,44897.218275084524,45356.68003593026,45577.4328904874,192.0,23.225107129899698,175.7518449988347,42.38089074565505,15.791929156373953
466,46144.0,45724.12167088225,46062.78172497056,45669.40094464104,45631.29646416814,184.0,22.992237459093303,183.70724085904294,75.42138103130128,28.228396889149735
467,45184.0,45746.90052146912,45264.63275680261,45507.52279799286,45633.8896842657,-232.0,22.47247540999888,-198.9563875140193,-0.1167476517475734,25.087704310841218
468,45680.0,45769.066621702244,45664.86894994252,45669.16744933755,45681.47187278982,376.0,21.837734692035156,324.580942852539,156.228376013456,47.65578216361973
469,45936.0,45790.57599085319,45913.79464250769,45819.97955001977,45729.20124859294,144.0,21.207470459339675,137.898905103586,92.8018756921083,37.38943823275986
470,45968.0,45811.481562620924,45940.666760149696,45854.77120072176,45756.25074925534,-144.0,20.64307305998591,-109.79408160950697,-21.822748937123833,16.462038125169784
471,45648.0,45831.86213697316,45694.206479288674,45776.334052145525,45762.12532484328,-8.0,20.108184197371884,-15.427884417644236,-14.27012250347616,11.580841830098507
472,45952.0,45851.69793101567,45909.81099131441,45826.23095571481,45779.41243291554,8.0,19.47099908967357,4.659468597754312,-12.98761857331192,8.657729718041082
473,45664.0,45870.80413515251,45703.52541648418,45750.3588149989,45779.44078427936,0.0,18.51650537079331,-8.65849240931857,-32.69273321645596,5.800390577787766
474,45952.0,45888.730941757254,45892.49400649577,45760.8454892819,45791.013214071114,-240.0,16.959725485205126,-219.1535741780972,-85.09058107605597,3.5230904953095887
475,45184.0,45904.72358612292,45265.21826812799,45580.17765284679,45786.48696526998,-72.0,14.51332530820946,-45.65839295974729,17.420989988288056,25.59809946236419
476,45808.0,45917.75759237367,45801.177220576275,45795.687469258475,45842.20941299584,504.0,10.960607547043764,436.9112472300949,209.3535510409274,57.4329183756563
477,46192.0,45926.64480121701,46139.04076258818,45998.884754928644,45901.35280202129,48.0,6.239705870862963,73.06735495279645,106.63966313449055,44.61102912651404
478,45904.0,45930.2370041154,45947.31193048187,46008.966795527456,45931.43147124887,8.0,0.5063903124719218,24.830820303013752,62.56543836253695,31.450242790022457
479,46208.0,45927.65758184195,46188.702403194206,46124.01563165372,45964.253287601336,176.0,-5.843563282000105,144.90248868338313,73.05665195312031,20.63448073253312
480,46256.0,45918.5498775514,46237.116907848635,46155.0800994337,45972.70043271394,-56.0,-12.193422668478888,-46.00095610239441,-19.395482503176027,-5.717833251703269
481,46096.0,45903.270736504994,46096.70049098942,46085.224666647366,45952.81762109793,-160.0,-17.796292186383653,-136.91396191215608,-75.24309946264475,-27.041930561113986
482,45936.0,45882.95729317863,45963.28898402432,46004.59390050841,45918.61657159171,24.0,-21.91381276046377,3.0334131565286953,-46.333815884754586,-35.07022092663101
483,46144.0,45859.443110984066,46102.767317302474,45992.55703487786,45882.67717924467,-56.0,-23.94804750262847,-66.68508020948502,-87.75834819162628,-49.005533384810406
484,45824.0,45835.061198173375,45829.91882360535,45829.077204125155,45820.60550482209,-272.0,-23.571296786893072,-243.25437567037443,-160.94122869012062,-62.24139918147557
485,45600.0,45812.30051741028,45616.258565961725,45670.674577497615,45758.194380881716,-128.0,-20.810474981066363,-132.3674278350154,-123.06533787873923,-54.50140489628393
486,45568.0,45793.44024821124,45565.18396793532,45582.94652836768,45711.60269502952,-56.0,-16.059993060975103,-65.1547583497777,-80.25478494609342,-39.4115511007185
487,45488.0,45780.18053128833,45485.94904926217,45510.16500760543,45679.37127868028,-96.0,-10.003778143658565,-89.4896723623242,-61.6990169595374,-22.66285241522928
488,45376.0,45773.432691923925,45386.20462321067,45459.5484944486,45666.27699019906,-56.0,-3.4880816535733175,-48.721309998109064,-8.842265932522423,1.4195610287351883
489,45376.0,45773.20436798118,45388.50642926595,45492.48047574038,45682.21040073775,56.0,2.63893928624384,64.83395238501907,91.17221916197013,31.243930575576087
490,45488.0,45778.71057049641,45515.87252798071,45641.89293277254,45728.76485135021,416.0,7.679158609600563,384.5705399316357,226.35892341842919,58.59269317997314
491,46208.0,45788.562685200384,46157.64750912922,45945.19832257724,45799.395787097696,280.0,11.207953766723222,272.17072548129363,171.90455109332106,50.20072510237151
492,46048.0,45801.12647802986,46060.2139789433,45985.702034959184,45829.16630155496,-40.0,13.127223272771516,-36.363635469413566,9.354729861533997,18.828829535003024
493,46128.0,45814.81713174593,46084.920238190396,45963.90778230031,45837.0534461677,-208.0,13.619866375800484,-197.13575486760237,-103.84036150872271,-6.6601830788640655
494,45632.0,45828.36621078146,45665.942469208094,45778.02131194174,45815.84593539723,-288.0,13.062109587983286,-242.8222178751239,-112.87581438770212,-12.015214000617561
495,45552.0,45840.941350921894,45599.27580244015,45738.156153524906,45813.02301816647,224.0,11.905172995713656,178.79689729520396,53.21291834562362,10.228233677564276
496,46080.0,45852.17655677289,46023.5362637985,45884.447148632986,45836.30240275236,160.0,10.549866665820446,132.85722848845762,48.514569424569345,11.09450472350727
497,45872.0,45862.041084253535,45864.99025941706,45835.185292374044,45835.21202761348,-240.0,9.259383640703163,-193.5947072961062,-67.66921007191922,-2.92977375819828
498,45600.0,45870.69532405429,45636.34684920629,45749.10872848915,45830.44285523596,-56.0,8.141131562868395,-46.909164179316576,-11.52219964031974,6.7529703842737945
499,45760.0,45878.32334737927,45771.17193105843,45812.140893093405,45848.71796838203,224.0,7.176583700031188,190.6847371442891,89.10261115096,22.711011565170338
500,46048.0,45885.048491454356,46017.71632349487,45927.31395079107,45875.8648783663,104.0,6.28527352211313,95.12600991076033,54.83003309319247,18.540153902587917
501,45968.0,45890.8938944235,45961.42395087995,45921.80095927979,45885.798276187204,-104.0,5.399505928849976,-89.17261821516513,-28.612511871382594,5.82331163026538
502,45840.0,45895.847503312056,45839.37108706454,45870.0889270483,45887.51150162683,-152.0,4.539397278367687,-125.19742849270915,-36.66756870734025,4.088800520967197
503,45664.0,45899.97268898023,45711.02909389453,45848.46582186511,45893.97587722914,112.0,3.8301594413787825,106.80347630264441,70.60980574936548,17.963169463761005
504,46064.0,45903.50782219481,46052.978039669826,46011.30853854703,45923.437840554354,328.0,3.4820977500385197,286.8391441244421,136.49698595543668,22.433855352937826
505,46320.0,45906.93688448031,46284.70738214342,46121.45979377598,45938.843587935015,64.0,3.7382107528610504,55.26625319069353,10.881152116940939,-3.652073222590843
506,46192.0,45910.984243700535,46163.51054605121,46033.070842780915,45916.13369410917,-328.0,4.801295532983204,-299.612185715916,-167.85352960461387,-36.50320912038296
507,45664.0,45916.53947554628,45685.483010711585,45785.752734566755,45865.83716969425,-368.0,6.764577176305465,-334.64440190192545,-186.4417409307789,-40.204665930214105
508,45456.0,45924.51339805315,45494.22174224736,45660.18736091936,45835.724362248744,8.0,9.568174524298229,-0.15255722741858335,-23.47169318771921,-11.126589333063748
509,45680.0,45935.67582459487,45685.17789625675,45738.80934819132,45843.58399102812,240.0,12.99388045651358,216.8456352931098,108.026661367614,16.038828330780234
510,45936.0,45950.50115896617,45927.91301283358,45876.240683654585,45867.802018910304,216.0,16.693741080885957,202.30018074473992,107.55167729056484,20.808128827702603
511,46112.0,45969.063306756645,46089.77825774623,45953.912702772446,45885.200248683526,64.0,20.246510528377257,50.7565336438056,-1.3716294959158404,6.05824220739305
512,46064.0,45990.99418002293,46029.42608012119,45873.49742466275,45879.91850332509,-512.0,23.227465338772163,-460.2799912518349,-175.666565778316,-14.485820192177925
513,45088.0,46015.51823743419,45169.21827524256,45602.579571215814,45856.22860829917,-32.0,25.256206234917045,-38.11109910168307,-13.628067839028517,14.721535389038763
514,46000.0,46041.50659249276,45953.20388191783,45846.2412889847,45909.36157410317,384.0,26.033720395087585,361.0579009329995,166.7823622612268,48.601044509152416
515,45856.0,46067.585678224365,45891.33407710856,45936.14429573827,45953.430697317475,104.0,25.38186126912842,114.80058073352484,129.9751546227053,48.94065808018422
516,46208.0,46092.27031503102,46182.80504338488,46106.19159823011,46007.24289026354,176.0,23.24516703538393,165.49618320068112,119.1431016068891,43.77433745923918
517,46208.0,46114.07601229513,46222.32644350992,46174.430498952046,46040.97937223595,128.0,19.677449662754952,111.15361767465947,51.454150197965646,25.385450584213686
518,46464.0,46131.62521435653,46405.112278734196,46209.09989862604,46058.013791431964,-192.0,14.835164082327537,-189.52531954360165,-92.78065101299217,-3.2648912323929835
519,45824.0,46143.74634045979,45843.275804422716,45988.86919692606,46034.44958977117,-448.0,8.966449566243682,-387.58490375906695,-137.79610323694214,-13.041722172238224
520,45568.0,46149.558113489016,45629.94247121606,45933.507692152154,46031.93034708749,376.0,2.374428818682645,336.1508872951308,127.39234130216573,20.677274670695624
521,46576.0,46148.49519809715,46515.57757901298,46243.65387953039,46075.80413911256,368.0,-4.602000345021224,343.75113844033694,143.9731271434357,18.863998980697943
522,46304.0,46140.354112798974,46317.444748096736,46221.453946439025,46069.65834504888,-144.0,-11.591672372614994,-130.90909043257489,-63.47295987185498,-17.86287681122849
523,46288.0,46125.31185335192,46253.75939814783,46116.70795978668,46040.0783854901,-448.0,-18.21842351012674,-414.1132373967521,-190.3920067590043,-41.976040284280316
524,45408.0,46103.91726577872,45489.21827330323,45840.66993292102,45985.70626448032,-64.0,-24.126473571359384,-73.7057507398822,-59.70306040515425,-25.486807785760902
525,46160.0,46077.058906209204,46106.34789666806,45997.301838976375,45989.10476991858,272.0,-28.991316597857804,243.349977303551,75.28282554354519,-5.1462560658146685
526,45952.0,46045.934632583005,45975.91822791033,45991.23558400811,45975.41375234869,-24.0,-32.539933244563144,-10.838529206048406,13.55153703578253,-12.520329952450993
527,46112.0,46011.97903972008,46084.67083825597,46024.40491304794,45964.06411001368,-32.0,-34.57612642742606,-27.89319837455696,-10.628214436197595,-18.74643683433169
528,45888.0,45976.78237972815,45920.13183116122,45969.97915513571,45937.92087868003,-8.0,-35.00929118512431,-3.879851288638747,-13.436180344371678,-23.64718739964883
529,46096.0,45941.96045734983,46076.91113567869,45997.5325523592,45916.76973521438,96.0,-33.86679397278931,61.334982910891995,-21.680326596921077,-30.11265670492503
530,46080.0,45909.048791782574,46042.801796983,45926.61850194187,45877.69556527018,-256.0,-31.31026993858177,-232.24435780451313,-147.60479944639155,-49.189391680694825
531,45584.0,45879.339917472666,45612.42242006966,45702.32295346641,45818.39095185299,-296.0,-27.632066789836244,-276.1232725411719,-165.1340717422463,-47.585065824539925
532,45488.0,45853.7846582029,45490.55525190066,45596.35035845738,45782.5254336211,-120.0,-23.238384009247966,-109.09090866572296,-51.797415780347364,-21.139246550836106
533,45344.0,45832.86314945417,45394.24060273822,45598.72812190572,45776.11245875132,272.0,-18.602152313047554,255.01545547078058,129.74182440120057,15.192648067783011
534,46032.0,45816.58035357681,46000.58616284222,45855.83400725978,45812.910729756666,392.0,-14.184948703339614,349.14928337298625,169.02288898395273,25.843807493183704
535,46128.0,45804.49325204749,46092.53916948419,45936.773899873624,45827.800073737686,-104.0,-10.383721226146008,-85.35114593710387,-14.673157449342398,-0.12065233209796133
536,45824.0,45795.812911124514,45829.88387096801,45826.487692361094,45812.66942509247,-256.0,-7.4676237492021755,-233.2359436761144,-109.0423613319872,-15.697177390593424
537,45616.0,45789.558004549086,45626.06728213196,45718.68917720965,45796.4057189565,-176.0,-5.536930006881448,-153.48017817623622,-56.45392654661191,-7.243420188144228
538,45472.0,45784.73905111075,45522.92351461554,45713.57983926787,45798.18258471618,320.0,-4.517390403623722,281.45870885519616,115.68058169214783,18.08599499549382
539,46256.0,45780.52322374184,46188.98469984235,45950.050340593945,45832.57770894749,232.0,-4.177221785819711,200.99978114465557,83.49567162305175,13.224009678677248
540,45936.0,45776.38460753911,45924.92307690485,45880.57118251397,45824.630604073536,-392.0,-4.16414074441127,-319.44623841324574,-97.1935668229853,-13.515574670276692
541,45472.0,45772.194942253016,45550.09222301586,45755.663206947975,45805.54655960693,136.0,-4.061534211097751,102.9958465423042,16.923627907985065,-2.406716486253572
542,46208.0,45768.26153911692,46130.91476998946,45914.41843832994,45819.81717110103,144.0,-3.4560104256597697,108.0308115688822,11.964450546940498,-5.13852995085108
543,45760.0,45765.2829214017,45766.153846153626,45779.592108041856,45795.26949970523,-408.0,-2.0125529193283,-333.99169306769545,-125.03027626715993,-22.784196410539153
544,45392.0,45764.23643327826,45462.93138385407,45664.35788579562,45774.24877827995,160.0,0.46763771564292256,120.22661573364894,20.94472065158334,-1.9082825112818682
545,46080.0,45766.21819683298,46006.60707762092,45821.48154934502,45791.45293468267,136.0,4.010973847151035,107.91892310862022,27.86443822190995,2.7768031368505035
546,45664.0,45772.25838097256,45678.76923007131,45720.08676223944,45779.80238455365,-320.0,8.448912705684052,-253.99169719308338,-73.35140598585349,-5.860430901331711
547,45440.0,45783.11602224435,45498.62368323476,45674.778737373315,45779.732072880004,264.0,13.423624050396029,216.00625993703215,72.0813438205223,16.916291970352177
548,46192.0,45799.105629073354,46110.781749945374,45864.24944988049,45813.634968494356,120.0,18.446375754232577,98.57768304981073,25.59543744742041,14.984644039068371
549,45680.0,45820.008773752816,45695.77904933438,45725.969612268156,45809.70136095814,-392.0,22.965257852385548,-331.65171115123303,-115.29503147825017,2.5514605116914026
550,45408.0,45845.036144778125,45447.47832764291,45633.65938692399,45818.73788951774,-56.0,26.452738462088746,-50.90908347691948,20.519468117821816,29.573423035482847
551,45568.0,45872.91425067699,45593.96088238054,45767.0085485038,45868.84820702911,488.0,28.499543929407082,440.34333199395405,232.85343583171198,65.1527278628273
552,46384.0,45902.03523263694,46328.164991630816,46099.36625858741,45949.04334524339,280.0,28.873207390584867,290.9727020507271,190.04083937731411,58.44730547645304
553,46128.0,45930.66066545816,46175.90628648199,46147.09022725843,45985.74281798201,96.0,27.556402450871246,87.2727272611628,57.269082300234004,29.58661363772262
554,46576.0,45957.14803753868,46502.71044615314,46213.90442318788,46008.21657251884,-192.0,24.738548297667876,-208.31524096903013,-114.2335924766121,-5.9154168372333515
555,45744.0,45980.1377620535,45759.27580454393,45918.623042305204,45973.911984307546,-568.0,20.763969457588246,-498.3839874836485,-207.96985973007395,-22.80898899591557
556,45440.0,45998.67597645386,45505.942471185845,45797.96470372773,45962.59859452701,240.0,16.058038332375872,207.85035050387887,58.32401328639753,14.81653994581211
557,46224.0,46012.25383871825,46174.97650555169,46035.271068878,46003.54506419917,312.0,11.063816236397543,292.4452341915712,142.94189958927018,29.923722882122092
558,46064.0,46020.80360892665,46090.83293956899,46083.84850290627,46022.44604029125,48.0,6.182674931533256,50.021131862213224,58.50168548140573,16.823278106643556
559,46320.0,46024.61918858132,46275.01876927612,46152.27443984081,46037.19162041246,-40.0,1.7318218501714,-40.7203239122864,-15.436843145056628,0.6051611418297398
560,45984.0,46024.267252626996,46009.392291744414,46052.97481661616,46023.65636257491,-168.0,-2.0698592427033873,-138.66501880961368,-64.81221491657561,-11.552439708801103
561,45984.0,46020.47947009591,45997.68873165689,46022.65001000766,46014.086740994855,96.0,-5.086539799202001,56.740098196914914,-10.99980160467021,-8.065284530312056
562,46176.0,46014.09417302859,46122.872488138244,46030.97521340682,46007.52579351429,-256.0,-7.260430261754664,-222.23522921643598,-64.18718989743138,-14.984657804856397
563,45472.0,46005.9586095724,45553.21827322402,45894.2756302128,45984.11742538514,168.0,-8.609030974235793,166.25918742811336,74.43823191237607,2.1975031401125307
564,46512.0,45996.87611108012,46455.39086299447,46179.85167723157,46011.92079979451,424.0,-9.204613394980697,371.0862949095499,119.50188563455959,2.7994143990981684
565,46320.0,45987.54938278244,46295.39086304312,46133.279401481916,45989.71625418334,-328.0,-9.176363465190661,-293.20450115291897,-139.93257500869368,-38.718732902008924
566,45856.0,45978.52338414974,45868.98186068863,45899.98652721418,45934.483333990494,-368.0,-8.70875897922815,-351.34088249414344,-211.29961066064425,-51.30875349331836
567,45584.0,45970.13186482398,45592.70909805483,45710.68018016063,45887.0987471967,-256.0,-8.024404516640061,-232.72727235966158,-125.96625697324271,-32.22964943395709
568,45344.0,45962.47457511646,45403.52731596931,45648.0540132677,45870.02403512258,200.0,-7.35074632918986,186.89973524343077,89.40083974091976,9.226489682005194
569,45984.0,45955.4303721656,45966.50856854169,45889.48185964247,45905.55172656071,448.0,-6.897483782071504,397.07915779842006,194.168776196002,31.605277766168
570,46240.0,45948.679607552316,46197.68563156615,46036.3915656597,45933.234590654916,8.0,-6.816026404594595,19.60522085521734,45.10548884708987,12.344593626949063
571,46000.0,45941.798319356414,46005.71901025213,45979.692837336646,45930.24091381461,-184.0,-7.158582923973881,-163.37157005340123,-66.85230965473602,-6.481631149574241
572,45872.0,45934.36244170437,45870.94249145935,45902.68694635023,45920.27132835577,-160.0,-7.87941069513181,-140.06406149604663,-61.662417811301566,-7.556019041054242
573,45680.0,45926.03949796615,45725.590887260034,45856.36800171404,45915.1288757325,88.0,-8.831303056631441,82.60283210084162,41.86505622083496,6.6139911633617885
574,46048.0,45916.699835591106,46036.14815566103,45986.4170587919,45933.49931068249,304.0,-9.802253105521231,251.29804670616795,99.25758647380644,12.645400484110723
575,46288.0,45906.43499175511,46228.18698067237,46054.883174661656,45940.41967670072,-168.0,-10.551522306072002,-131.9604319973805,-48.092296799415635,-10.458650146731088
576,45712.0,45895.59679097896,45772.22729166627,45890.23246519307,45912.58201038903,-136.0,-10.834089006093564,-129.88907030419432,-75.53447687205335,-17.808565792242007
577,46016.0,45884.76681374292,45968.40884006398,45903.81422091755,45904.80254511624,-32.0,-10.455899205302558,-41.77425128238974,-42.51113381674804,-13.339338016980037
578,45648.0,45874.68499256836,45688.67878910149,45805.21019755957,45885.90333435507,-112.0,-9.289078916845028,-76.33610545503325,-19.998924578187143,-7.00404404341316
579,45792.0,45866.18865590923,45815.736629153915,45863.816371761175,45890.79445702941,304.0,-7.265708653128968,245.74098582199076,94.51436008219025,9.830845525812038
580,46256.0,45860.1535752621,46180.16076074547,45994.23891772395,45905.56502540669,-24.0,-4.404927405452327,-14.772064681066695,-0.4579951752493798,-2.7511803523848357
581,45744.0,45857.378801098326,45786.19249979178,45862.900381410676,45885.29209632464,-224.0,-0.8067388800627668,-183.0057619947911,-71.88834560793475,-13.208324265819101
582,45808.0,45858.54009750197,45814.14923675589,45850.46222650808,45879.148376875055,80.0,3.356298323851661,58.702920743555296,8.79295835144876,-2.5863006058316387
583,45904.0,45864.09139774603,45903.59834127889,45880.486298113574,45880.11949511298,112.0,7.823656763030158,87.44081091744374,18.267220662273758,-0.2229070064277039
584,46032.0,45874.18741102803,45989.03085859078,45886.99666783263,45878.7025628622,-152.0,12.267598454189283,-129.41318973420857,-65.99129636462749,-9.081804107674543
585,45600.0,45888.62659465441,45644.771961810475,45748.50370538432,45861.95588689763,-136.0,16.31272407976212,-120.39908772792114,-64.24110975615258,-3.6488816196833795
586,45760.0,45906.81285918756,45748.232683134935,45758.514448320326,45871.40479962283,72.0,19.56383271935556,44.62413699911485,9.267967096169741,15.019152706343448
587,45744.0,45927.75426009312,45734.020235808704,45767.03963957666,45891.99419231032,-96.0,21.674032613249437,-64.11126828271881,20.045011044661805,27.989102303003165
588,45568.0,45950.160924414056,45620.0101465695,45798.60447040965,45927.38300422884,216.0,22.408612251576415,205.62373635609765,146.86706603781568,53.35796212996138
589,46176.0,45972.57148459627,46145.2677085209,46060.77377165229,45998.71011657024,328.0,21.68396460054646,312.0130118081179,204.55618706878522,62.46261816990955
590,46224.0,45993.52885361515,46244.03617018573,46207.71684454722,46052.30824056866,216.0,19.601763402475626,198.9493125935005,138.80149516854,45.013536026854126
591,46608.0,46011.77501140122,46543.1663337079,46338.37676198937,46088.73718862395,-32.0,16.437979633163195,-25.038167938342667,-4.151701563168899,10.465807486489211
592,46160.0,46026.404812881476,46193.95983430905,46199.41344142088,46073.23985554164,-192.0,12.595358774062333,-179.4073278536198,-119.25659985804668,-19.83534030523151
593,46224.0,46036.96572894935,46184.35167800066,46099.863562273276,46049.066508013486,-280.0,8.533948027823499,-266.1575818436031,-161.61809801096388,-32.92002212747684
594,45600.0,46043.47270893712,45661.64467062184,45876.177245398954,46007.39981128668,-184.0,4.70856664193343,-156.1758387311129,-85.59769417484495,-21.296706162465853
595,45856.0,46046.382862233215,45872.000000538435,45928.66817392359,46006.473095688554,360.0,1.4919901194043632,290.35533260876036,88.8250154864254,6.5969391862963676
596,46320.0,46046.45668917593,46242.35533583936,46053.827276371805,46020.593689659276,-128.0,-0.8689844366635953,-95.39086995260732,-7.927259365878854,-0.8497215463175962
597,45600.0,46044.64489335989,45681.21826063322,45912.81365519183,46004.77365259592,-32.0,-2.257011305402557,-15.545696913686697,15.393206415941677,4.418645566442137
598,46256.0,46041.942666565126,46211.26394201199,46084.61368920369,46029.43098079216,296.0,-2.693889692389348,244.38820076268894,86.10687861370388,13.328877235850086
599,46192.0,46039.25711397511,46169.9946621586,46085.02741241924,46031.43140706762,-184.0,-2.3065860448550666,-151.29596906041843,-53.072570574830024,-6.028003371160594
600,45888.0,46037.329494475416,45908.67200389115,45978.46854805403,46017.37497404984,-192.0,-1.3093064899148885,-157.96263881168124,-61.324590338197595,-7.5876843152873334
601,45808.0,46036.63850099528,45854.069384535236,45962.37823174284,46016.256038437044,256.0,0.025388054560607998,205.05487342516426,61.0987995602336,9.293866309057194
602,46400.0,46037.38027058454,46318.78175074148,46100.666147174496,46035.96270666795,-72.0,1.3994335089264496,-54.999052047201985,-11.379010981094325,1.5048035643048934
603,45664.0,46039.43736801313,45744.07128044083,45939.62020978065,46019.265645565654,-104.0,2.513356895186007,-90.04446624056436,-23.23583250351294,1.0662211759845377
604,46192.0,46042.40698437491,46138.69281826035,46054.19448216747,46038.09514901992,160.0,3.102066313400428,128.08562912125853,45.671513470544596,11.134260905262636
605,45984.0,46045.64150063993,46000.24253868335,46030.96323672174,46041.53416737618,-88.0,2.9714980089338496,-57.23758616024861,0.2503729151467269,6.315726725068089
606,46016.0,46048.34998039278,46024.217645939854,46054.69522799776,46050.72660247006,72.0,2.034779069312208,65.06333695576541,43.07960527490286,10.928765217380715
607,46128.0,46049.71105877856,46130.36921259488,46117.12244727155,46063.39169781094,136.0,0.3311815593515348,117.99762962942623,56.988442909558216,9.43468023143214
608,46288.0,46049.01234351148,46260.21290519871,46168.67211381688,46069.59596293292,-8.0,-1.9689779594591528,-9.091781402650668,-8.114276546224573,-4.715936731376132
609,46112.0,46045.77310285964,46112.18564978958,46100.8938941791,46053.95982434819,-176.0,-4.590489797225018,-147.09900646122696,-73.33127254823194,-18.53814736732238
610,45936.0,46039.83136391703,45966.01489227625,46022.009568720416,46032.51966819828,32.0,-7.191224140606209,3.903703867952572,-35.87954109847851,-16.61417273999541
611,46176.0,46031.39065457843,46119.993057525484,46029.13481198214,46020.7314788682,-184.0,-9.434368731035647,-158.39831889472407,-66.30735074719996,-19.551615386670164
612,45568.0,46020.96262645496,45649.218254486805,45889.394867226016,45993.41643742494,32.0,-11.053156763744482,43.69890660917008,20.957488856878626,-6.0442195720170275
613,46240.0,46009.28434105094,46207.390870743824,46071.0497896959,46008.643039724164,384.0,-11.896625173685607,319.0863045336664,97.1798173178322,3.6587542854394997
614,46336.0,45997.16937610759,46287.39086355414,46083.75450186168,46000.73394599582,-256.0,-11.959357404331968,-232.25879535057175,-113.41803690337474,-24.672396428559296
615,45728.0,45985.365626242274,45742.87328004268,45844.21371588915,45959.298246867045,-456.0,-11.364314691236359,-400.9380773664743,-181.43392802795643,-29.870786785420933
616,45424.0,45974.440746725115,45485.51470882119,45720.88664580577,45940.992372424975,56.0,-10.330709603662399,50.214972884452436,25.116252819498186,7.543744179180067
617,45840.0,45964.70420703495,45843.303225811585,45894.446221528146,45974.385735225405,416.0,-9.105658653730643,374.3046460483383,200.78268648645098,40.11264956170271
618,46256.0,45956.22942941765,46234.124000917865,46122.45201877867,46021.21767154838,312.0,-7.879833666571358,281.44077969562204,161.23180663986204,35.092819900393806
619,46464.0,45948.944539701806,46406.18478520283,46216.90983480787,46044.57137502619,-160.0,-6.753990283810708,-127.61864651360884,-29.087266566864855,2.3822722291188256
620,45936.0,45942.72144885003,45978.88670789065,46064.27748564494,46025.98221600662,-240.0,-5.732426882321306,-202.2611810462222,-88.49360634046025,-14.090048219240998
621,45984.0,45937.47968593716,46001.662423110385,46039.92262212695,46016.39127858771,160.0,-4.714972045971081,111.08783077165208,3.606447545487754,-7.971373489523103
622,46256.0,45933.29150475809,46201.06236943395,46071.490380735915,46010.03946902757,-80.0,-3.559665581360605,-75.28820650666967,-60.68705102307649,-18.64983610876152
623,45824.0,45930.36035477444,45851.086010097046,45918.548520080796,45979.09160637019,-248.0,-2.1503701472684043,-214.54630885167717,-105.6676006147245,-23.19328233887427
624,45760.0,45928.99076446355,45771.9697517306,45860.155179506466,45963.65290434982,-24.0,-0.43288283424044494,-19.267499713478173,-8.315750821097026,-5.256056802871171
625,45776.0,45929.49458910596,45812.55101067009,45901.9170184386,45968.579492764446,288.0,1.543003987186239,244.86253516480065,104.7203481514407,14.555563052843354
626,46336.0,45932.076772437926,46261.6948220602,46069.59587580935,45992.76403045551,56.0,3.623341628277558,56.09169881622438,34.476795275419136,7.022739213840396
627,45888.0,45936.74127236252,45924.73440830254,45970.87060898944,45982.62497119213,-184.0,5.583227101560624,-153.28837224498784,-57.289962325183296,-5.407810703778523
628,45968.0,45943.24322664105,45955.11807757022,45955.01595115898,45981.94840904795,-24.0,7.172609580160497,-34.02594288119508,-22.346682250972663,0.020858308227616362
629,45840.0,45951.08649152284,45856.68252254015,45926.177244487495,45982.66668780858,-32.0,8.170884899107477,-15.022942329313082,14.249915572265309,7.851613151055062
630,45904.0,45959.58499643926,45925.0721929116,45983.51578230351,45997.65163535006,192.0,8.435882632704306,173.75063492942354,97.09642896776859,19.66752930898292
631,46224.0,45967.958256788246,46204.183792398995,46120.37010242303,46022.00174642655,208.0,7.930366599597619,180.03056148236647,85.03937133103318,14.250198397814529
632,46320.0,45975.44572963846,46285.13331587633,46153.59452496558,46026.15203214569,-104.0,6.731572698656237,-93.38389714101504,-49.97831497466177,-10.542112673574593
633,46016.0,45981.42140218556,46017.415998116965,46020.41347247371,46000.9175210794,-304.0,5.0196630449390796,-260.63732717451785,-130.97431625501486,-25.98863501231972
634,45712.0,45985.485055728335,45763.858661527294,45891.64589245555,45974.17476212105,40.0,3.0422079254822165,5.735971046793566,-38.94463379039007,-13.63402085229609
635,46096.0,45987.50581803652,46028.88794021055,45942.52420489293,45973.649479374806,-120.0,1.0574591670483642,-105.32019726893122,-25.859585116148082,-6.6428087775057065
636,45472.0,45987.59997406243,45553.21826698943,45839.92672222325,45960.88914456604,160.0,-0.6961089015421749,162.05042267113458,81.36587844194219,11.684122419537744
637,46416.0,45986.11360023344,46352.98878555282,46105.25596177681,45997.01772421388,328.0,-2.0432868458810844,287.87486238737256,109.95722044197464,15.179465858534968
638,46128.0,45983.51340037067,46128.96799176418,46059.8411631072,45991.24807628311,-256.0,-2.9151100557282916,-219.18083496776308,-79.49421711601826,-12.60724411661431
639,45904.0,45980.28338012198,45914.627115617295,45946.26752754478,45971.80323598065,-168.0,-3.3400043416113476,-161.2052980603985,-92.43987179002943,-16.05467850342393
640,45792.0,45976.83339168745,45806.55739564338,45874.96141952714,45959.13871927626,-32.0,-3.430706824427034,-35.282741756996984,-29.825398254066386,-4.307580740580306
641,45840.0,45973.42196647313,45844.0616321033,45886.61673103664,45963.18807449949,64.0,-3.345713229784451,57.81239697640922,34.96367702781936,10.208758948207105
642,45920.0,45970.14196522788,45922.1821895962,45944.88877358278,45979.55623717268,88.0,-3.253476861278614,89.03150547388577,70.71642933753174,19.345974531817774
643,46016.0,45966.91501275057,46022.12464305107,46028.04958971171,46001.88002356313,136.0,-3.286009012910654,130.5656687102346,89.18561098478312,21.617787568608037
644,46192.0,45963.56994720206,46183.31352701667,46123.25999555235,46022.79181230989,136.0,-3.503341415536852,117.75651904891856,60.840403616814,12.451379362257285
645,46288.0,45959.9083299195,46257.63768114891,46149.730396945335,46026.78278228764,-88.0,-3.899639379007567,-77.4874401231973,-42.6644001343484,-9.069890907867375
646,46016.0,45955.77066844404,46028.33864677027,46037.93119528365,46004.65203049416,-168.0,-4.407806686132972,-167.6058005272862,-100.8336040198592,-22.69815026877768
647,45952.0,45951.09271654723,45922.42608009434,45948.06318890562,45981.38648175009,-288.0,-4.923155318083445,-253.78216620425883,-91.83641192522555,-21.796224656565755
648,45440.0,45945.924357807875,45520.774314361755,45854.2583714332,45961.05958118103,392.0,-5.33986654823093,366.1778222112007,113.32436824418255,5.726078489991778
649,46736.0,45940.41298345077,46654.78172451674,46174.71192539398,45992.83863873007,216.0,-5.570665981489583,178.36402326012467,39.80951665777684,-5.379010514450783
650,45872.0,45934.783025844896,45877.502360882005,45933.87740474875,45950.301560152126,-640.0,-5.560674885997287,-564.1735658811667,-209.8958182708593,-38.622000570343516
651,45456.0,45929.291633678775,45526.434592754405,45754.92028885226,45915.59463758938,16.0,-5.279869202830014,1.1051956444098323,-29.496971470351127,-11.727190683268418
652,45904.0,45924.223287439236,45879.712752170824,45874.88346180805,45926.84717878559,264.0,-4.707791499782616,231.84192027053723,105.40490385980593,12.394900135481294
653,45984.0,45919.87605067921,45990.11843329548,45965.730096571875,45940.384437860346,152.0,-3.8295782016939484,140.99784760206967,81.71168304976527,11.356480967777316
654,46208.0,45916.56413103585,46161.708447374964,46038.30682790758,45949.56014072114,-80.0,-2.6199175887923047,-59.8677490457012,-12.269854710499203,-3.746290103150386
655,45824.0,45914.636215501625,45870.38293520408,45941.19038715088,45932.891857654045,-64.0,-1.0502329390510567,-59.4108361504841,-38.52124718126652,-11.223690184389852
656,46080.0,45914.463665157746,46042.886775073996,45961.26433354505,45927.112760352364,16.0,0.889988638318755,-13.062284760118928,-39.293886833307624,-13.423459284065757
657,45856.0,45916.41619277826,45844.25836568384,45862.60261348426,45906.044939085914,-312.0,3.1700119240485947,-257.3365809709503,-95.36041331865636,-18.56557431215697
658,45456.0,45920.80368900584,45528.213613132095,45770.543506907736,45889.98161172805,240.0,5.686825809705624,207.17516871643602,65.21264687733856,5.635753228540125
659,46336.0,45927.789844397674,46258.60870311671,45993.02790723894,45917.316445542994,216.0,8.254309541101975,181.28674996045083,50.998353950672026,6.400656092097051
660,45888.0,45937.31230808805,45890.787113053,45872.54021480908,45902.782923912244,-424.0,10.613431581481564,-353.88602479875044,-128.21758502531884,-13.794375435139955
661,45488.0,45949.01670756064,45550.83665351921,45736.5927371883,45889.727694672714,-16.0,12.463505806706962,-25.767191937746247,-11.651109026624908,7.0311554941035865
662,45856.0,45962.23931970146,45839.252729177504,45849.23799675583,45916.84523490045,224.0,13.506386485732946,204.67972154581003,109.26425794544411,30.15980197276076
663,45936.0,45976.0294805321,45960.19609661083,45955.12125307919,45950.047298618236,272.0,13.509537799149257,241.92385048749566,115.44388286295361,33.90442864869692
664,46400.0,45989.25839529976,46323.100430152495,46080.12576248174,45984.654092197845,-224.0,12.365652566160861,-195.4889121042761,-34.93260935657963,13.839498189503502
665,45488.0,46000.760785664424,45569.21827240228,45885.25603436603,45977.72629499724,-104.0,10.119382769891672,-79.49137419942053,3.758289067307487,17.558517549256067
666,46192.0,46009.49716083954,46164.117681753654,46087.64234061635,46019.77112729636,416.0,6.967915457240451,361.08379298867294,150.20747655849846,33.43338866393606
667,46320.0,46014.696616578905,46291.385858379625,46185.67098748303,46044.593072325115,-56.0,3.2283571657208086,-15.802531475907017,30.86414060818788,11.051598645008198
668,46080.0,46015.953875170984,46132.51261880184,46149.37062183273,46041.87432458637,128.0,-0.7174685750214849,103.68985443140627,-1.6150547339311743,-4.625031509418477
669,46576.0,46013.26167942886,46498.76556724244,46182.440878015164,46035.34300930628,-336.0,-4.498348472181533,-324.6735932104093,-163.70930480998504,-33.564164814783
670,45408.0,46006.95717822662,45483.16543238102,45821.95201221276,45974.74599495681,-368.0,-7.813260632265155,-335.01859509311544,-153.51285969602395,-32.25971460163055
671,45840.0,45997.63515816433,45828.728377056206,45875.41515862312,45970.82358010302,352.0,-10.450611594395014,289.2048299562339,71.17072572191682,2.618764151364303
672,46112.0,45986.05595503783,46061.57509229349,45964.29346365659,45979.983523259536,-48.0,-12.302630605605373,-19.27782329528054,15.025036861770786,2.5591193194923108
673,45744.0,45973.02989695312,45790.172730465645,45905.46523234666,45975.941818742,-72.0,-13.353319542464305,-40.538709499611286,21.904384863399173,7.5553864195644564
674,45968.0,45959.3493159529,45980.49767329427,46008.10223338339,45995.094296098665,304.0,-13.63049190514721,252.81330929993783,122.6881177284231,20.50719216159996
675,46352.0,45945.76891314283,46295.79934906552,46150.841467803504,46016.9562030652,16.0,-13.170893818216427,34.29842109884703,42.15996832186647,5.109717119794368
676,46000.0,45933.00752831647,46049.09451549196,46092.42217002712,46005.313730338254,0.0,-12.006272241593251,-1.2322561137625598,-12.208212762823678,-11.376786210035789
677,46352.0,45921.75636865964,46293.334836837996,46126.42504227786,45994.20263064513,-24.0,-10.162116152168892,-49.08549446399411,-78.7846066103375,-29.00096816086443
678,45952.0,45912.68329601213,45950.92352656397,45934.85295680645,45947.311794016525,-392.0,-7.665341344254557,-347.7936774541413,-200.14560706818156,-47.12524692778243
679,45568.0,45906.42568597113,45597.74748192971,45726.133828141494,45899.952136789565,-216.0,-4.560278041681158,-204.43863498571227,-129.65221459420718,-30.762050387478666
680,45520.0,45903.56273992877,45542.04625659255,45675.54852761803,45885.78769324157,64.0,-0.9229594117205124,54.53005762559769,27.188963285552745,4.124941114077956
681,45696.0,45904.57976714769,45706.80759718091,45780.5117547126,45908.20201901772,224.0,3.1398152487709012,218.79932649290276,147.21910445086542,33.0244267270391
682,45968.0,45909.84237042631,45979.644909578354,45969.986736519764,45951.836546695646,360.0,7.501259662643861,331.06186028921,190.46835006705078,42.82635501270852
683,46416.0,45919.58228647298,46368.93131775933,46161.4484548467,45993.85472904314,176.0,12.024299731117935,153.942996977632,64.18594575029056,20.910918799650972
684,46320.0,45933.89096988855,46287.53090353362,46098.358628020345,45993.65838429495,-440.0,16.568310230024508,-391.0283879887538,-173.91051281619002,-16.513425533445115
685,45536.0,45952.71890693303,45586.87454178182,45813.62742921432,45960.82787797625,-320.0,20.989304122816975,-299.00116141157196,-145.91748419886062,-11.589112419886078
686,45680.0,45975.86957813418,45689.528580710474,45806.523659622624,45970.480159455175,168.0,25.13664035245165,150.29694248101805,56.158060219619074,24.17628945168326
687,45872.0,46002.99218763793,45887.46842674386,45925.94354965356,46009.180456879614,312.0,28.838913671832415,275.28197975268995,146.39166485771057,45.559320268424926
688,46304.0,46033.547405477846,46240.092540215854,46099.306989338045,46061.598799992025,16.0,31.90256734643117,33.08681455124679,71.01693435350535,40.29828311200981
689,45904.0,46066.79732233079,45953.64205584635,46067.97741836057,46089.777023103634,-80.0,34.13142788560799,-38.240205137757584,50.659138202812755,37.46707426678768
690,46144.0,46101.81026124906,46163.61212994034,46200.62526574367,46136.5329485256,496.0,35.345697681324964,430.569834606682,160.96048025493292,46.382572848247946
691,46896.0,46137.48871769344,46814.781725059715,46389.898378870435,46182.54216880013,-160.0,35.42021927919268,-155.5014961651359,-63.77769743801764,10.336328714536648
692,45824.0,46172.65069980745,45852.60913761007,46073.069870867635,46157.205605954674,-608.0,34.31326709861605,-541.0862936272279,-192.29357256898584,-8.676282547719893
693,45680.0,46206.115251890675,45732.60913780526,46005.311233732464,46165.18960370469,288.0,32.090413586221985,260.63571910090104,94.89697973106013,32.24347793524794
694,46400.0,46236.83152697989,46373.88057581187,46262.863830329756,46221.69256182517,432.0,28.932732611683605,393.0842871865134,188.9845117621735,47.58758621173547
695,46544.0,46263.98071711404,46518.777712178286,46383.28025725681,46260.36477612816,16.0,25.10835369277993,18.785697257855645,40.05655555546036,24.49045310940346
696,46432.0,46287.04823436545,46411.45197032758,46342.97694144068,46270.67346804398,-240.0,20.936609781547304,-210.06589021280888,-84.81484509579604,2.242365318012162
697,46064.0,46305.85393667714,46098.64593175267,46213.65056706522,46264.849506764185,-160.0,16.742613596299634,-139.57637981158405,-54.50109084284486,4.218514058418805
698,46112.0,46320.53346155805,46132.29921070441,46233.97475975499,46279.110496160814,144.0,12.809769203569886,135.14933247378576,81.31157256726146,22.61651420467024
699,46352.0,46331.473475084276,46368.94459670024,46376.27371219974,46310.082535173526,376.0,9.347654895085725,326.1846398863745,154.43580854462925,28.876165771387605
700,46864.0,46339.22877134822,46784.66849047716,46542.846376844245,46336.86282770359,8.0,6.469957209610584,14.250075773397839,5.995853066622658,0.42343391524264007
701,46368.0,46344.4133895035,46397.444748247035,46388.26541833299,46310.92940300401,-264.0,4.208071048476995,-240.0000009949399,-144.44824934476492,-28.786954549377697
702,46336.0,46347.644913445176,46304.66848848728,46253.949878154715,46279.288918604834,-312.0,2.524455819529976,-299.7511386990045,-175.3406011009174,-34.47603846893617
703,45744.0,46349.46230114256,45797.942470849026,46037.58421613115,46241.97732606614,-216.0,1.3409227969677886,-186.69634201747613,-69.57355395798731,-12.412726235386799
704,45904.0,46350.32675903911,45931.27580445233,46114.80277023874,46254.46346613406,416.0,0.566913492839376,377.67584747832007,182.6199392269591,30.00931337462316
705,46576.0,46350.596128128236,46553.294165805666,46402.82409458507,46301.995952815385,440.0,0.10696622768955422,400.52569876828784,201.43337163886827,33.8322843220958
706,46784.0,46350.54069149449,46732.327201988905,46517.66951351648,46322.12803477825,-96.0,-0.1264856830057397,-79.33095387226058,-18.319824310357944,-2.961516298222705
707,46384.0,46350.343156762225,46394.632258061145,46366.184445964354,46296.07292021894,-304.0,-0.21493520012154477,-284.53365362202385,-160.39284456994937,-30.451468548362755
708,46176.0,46350.11082109425,46163.25989474486,46196.88382437658,46261.22509768153,-328.0,-0.24675425803798134,-295.0728895920038,-158.85870939947927,-30.586567653339443
709,45728.0,46349.84964824615,45804.48647887714,46048.467027165396,46234.89978491226,88.0,-0.3203132672533684,73.78122004771649,11.816716371511575,-0.9803235236540786
710,46352.0,46349.47019455974,46310.82233484029,46220.5172571196,46259.26445063422,288.0,-0.5395038120805111,250.32528863486004,106.30885851400672,19.727888253673882
711,46304.0,46348.77064062199,46305.13705614686,46261.08474419341,46274.35556141961,0.0,-1.0128117636559182,2.0408442651387304e-06,19.10985917050857,13.608888856364501
712,46352.0,46347.44457103243,46310.82233892198,46258.73697546062,46286.48222834695,-272.0,-1.8422118136331846,-231.95939376882598,-48.979281002477364,8.850778344691207
713,45760.0,46345.08621699472,45841.218268609206,46163.126182188455,46292.05711810899,216.0,-3.0887594239138707,202.87237100197672,105.95229782206661,32.177745667489944
714,46784.0,46341.2670521846,46716.56708092593,46470.64157110475,46350.83771968193,320.0,-4.751138629253546,303.555489831524,150.83617446867356,37.12248755703331
715,46400.0,46335.583939736214,46448.32924827225,46464.7985311258,46366.30209322306,-32.0,-6.7794496974638605,-26.59159129240288,26.556225583946798,13.779478202286555
716,46720.0,46327.70815278967,46663.383898341126,46523.754022272646,46378.3966760865,-64.0,-9.07135863386793,-68.02585822549372,-39.16749771682953,-4.985583332236274
717,46272.0,46317.44122246848,46312.277531821266,46386.46353569214,46356.330926558585,-168.0,-11.490437109645427,-149.71870741351086,-80.05871873443175,-17.849203199984913
718,46384.0,46304.72727857038,46363.946483514104,46363.63658480378,46342.69826968653,-56.0,-13.893974010334205,-48.5986307366511,-33.00865848646572,-15.697743387729133
719,46160.0,46289.65327444781,46215.080270347964,46320.44621871921,46324.93543978313,152.0,-16.150791153071623,126.53513857367943,37.03274327503459,-9.51605791424663
720,46688.0,46272.42569626424,46617.01676066146,46437.70207135385,46323.66615385804,72.0,-18.165129531018465,47.02029362081521,-7.893111688434146,-19.485978232187335
721,46304.0,46253.32301538577,46309.120857589594,46304.65999534234,46285.96348331875,-336.0,-19.873532209545374,-282.2916151238787,-132.7120783403334,-38.6044963733475
722,46016.0,46232.67863184515,46052.433530413706,46172.277914673185,46246.45716111134,-80.0,-21.230924658710137,-74.5196751073563,-54.24312333256967,-27.98346415184278
723,46144.0,46210.86116606835,46160.08150737488,46196.1737486772,46229.99655501507,240.0,-22.197750620187435,188.05551383558486,49.982708342620754,-12.160778345521976
724,46496.0,46188.283130604774,46428.544558084875,46272.243331358426,46222.1356044203,-120.0,-22.720546951586584,-96.30652438116886,-35.808751639560796,-21.55417037375446
725,45904.0,46165.42007216518,45967.468458612544,46124.55624539808,46186.88821426756,-144.0,-22.732830118053243,-116.241440894064,-37.40896326131042,-21.10297943936166
726,46208.0,46142.81747036867,46196.06167629675,46197.425404835805,46179.929645541575,192.0,-22.164232929833815,168.901599167948,67.58186185563318,-8.362086448902119
727,46288.0,46121.09160630551,46305.27165694844,46259.71996910935,46170.16404136975,224.0,-20.952606936691154,195.56826539391113,48.15454882821359,-15.657402103337517
728,46656.0,46100.912256495285,46587.19820708457,46293.73450249223,46148.6148413349,-232.0,-19.077328458748525,-234.64839419813143,-147.11821537100332,-46.91845796810594
729,45824.0,46082.936949388015,45835.97486855218,45965.48353836734,46076.32712543354,-576.0,-16.569675637587352,-518.7830160144076,-257.50919494121626,-59.67135962968314
730,45504.0,46067.77290522011,45549.632175055754,45778.7161126098,46029.272122075534,-64.0,-13.512156054384832,-58.18181821766484,-49.40936945264184,-20.791397254230105
731,45696.0,46055.912637279245,45719.61123211685,45866.66479946206,46034.74433092508,440.0,-10.026158215638134,386.6512672316021,173.28108658329074,22.409425395802828
732,46384.0,46047.720588788834,46322.93470951896,46125.27828577638,46074.09097286714,200.0,-6.24806062911739,199.3809754106369,129.25262920251043,23.85119058541386
733,46096.0,46043.41651602101,46118.37318293812,46125.17005786708,46082.44671209591,-136.0,-2.3135319352040824,-92.69561189023807,14.476801024240558,7.6780748335622775
734,46112.0,46043.093524918426,46137.54348573848,46154.23188782486,46089.447122534264,192.0,1.6485988946478756,146.88773149279223,50.177773870218516,5.872766565073107
735,46480.0,46046.713713810306,46412.148645923706,46225.525605607516,46094.192245226055,-64.0,5.512767619198712,-64.65161019624793,-55.943479413592286,-14.545265046908753
736,45984.0,46054.11906015682,46008.24026534599,46042.34492899768,46060.35659244045,-320.0,9.144886492540536,-282.7070538477783,-154.008212110999,-30.01782316358731
737,45840.0,46065.00348679539,45846.73453822815,45917.50918138552,46034.15659889888,-136.0,12.393167791800806,-127.83303597709528,-86.08115691939747,-16.49216359662023
738,45712.0,46078.905395740425,45752.574193391796,45870.18261515888,46027.372265247206,144.0,15.101018576300703,108.71062212264223,31.764741352802957,8.984279610685917
739,46128.0,46095.20552394799,46064.155782473434,45981.038664091124,46052.12515812025,-24.0,17.12809555387139,-7.639498551208817,37.375380977806344,20.95915077905738
740,45664.0,46113.16158684817,45737.29519628938,45944.933377114496,46069.29056680532,112.0,18.38283177750418,120.86484094799744,104.36140158062335,37.429937025335676
741,46352.0,46131.971187503,46305.88546436943,46189.76146725237,46126.985032170924,272.0,18.858013412507717,256.7681442420435,163.7088237640528,46.44371697414681
742,46208.0,46150.87761367318,46250.831484773465,46272.3510246426,46162.178000753614,168.0,18.634320054974523,159.10344427135715,114.76506971153503,32.901868620374444
743,46688.0,46169.239827612946,46624.09235291214,46419.29160667544,46192.78876941167,80.0,17.86748576177706,53.7226326993914,12.586385370559583,5.850207128638431
744,46368.0,46186.61258519674,46358.27675017225,46297.52379538372,46173.87841501089,-376.0,16.737239185698854,-314.43185187866766,-157.00591359985629,-28.616433650233375
745,45936.0,46202.714305984344,45995.22864915481,46105.27977947573,46135.555902111206,-40.0,15.387674880879786,-66.90485524340693,-107.60412617013208,-28.344717794130702
746,46288.0,46217.3879349585,46224.467039685434,46082.315543043456,46117.18897942263,-200.0,13.892146788941318,-189.00521119214318,-125.80646491054358,-26.907473717437824
747,45536.0,46230.49859956223,45617.21822677052,45853.66684965464,46081.74095467633,-64.0,12.237401400430826,-72.84263479289075,-69.81526856149503,-8.160977012488729
748,46160.0,46241.86273775936,46078.78177009965,45942.685005920466,46100.86702539765,-128.0,10.351355721886648,-127.99998326186324,-19.639340773937874,16.169421991209674
749,45280.0,46251.201311006,45361.218260246795,45814.388168106765,46114.07979865875,296.0,8.157059676697827,311.8506130311471,235.6255260496182,54.91676319403268
750,46752.0,46258.176857112754,46702.48299616195,46413.9360580197,46210.70055178572,672.0,5.6287670422498195,626.0930280446955,333.78763911285205,69.55578071625132
751,46624.0,46262.4588450905,46613.404316336186,46481.96344633247,46253.19136009125,-168.0,2.8492541220584826,-142.05709814483635,-2.990888521002489,23.950376310102
752,46416.0,46263.87536535687,46418.368799872274,46407.9542809777,46258.60130440592,-208.0,0.01578854078616132,-183.191517102543,-78.03202486592272,-2.4599904650385724
753,46208.0,46262.49042217207,46247.0212821311,46325.899396600624,46248.271379161175,40.0,-2.605458154939697,23.75889291434214,-23.105186076765676,-8.316356286686641
754,46496.0,46258.66444904699,46465.88658570096,46361.743908824166,46241.96859183255,104.0,-4.743508220130025,68.29823207465597,-31.28353336437067,-19.004357736997918
755,46416.0,46253.00340573181,46383.61774628041,46263.33232987188,46210.26266368718,-328.0,-6.20572915484081,-298.1695893760516,-174.74541401634633,-41.992794961013715
756,45840.0,46246.25299073731,45869.547406948855,46012.25308079147,46157.98300191052,-352.0,-6.934080614835693,-312.3438232297085,-164.95270868467196,-36.380511681127246
757,45712.0,46239.13524450214,45758.930099820995,45933.42691250254,46137.501640324925,160.0,-7.037584711037198,124.03319197710152,31.887287962337723,0.7937204306472267
758,46160.0,46232.177821315236,46117.61379090306,46076.02765671615,46159.570442771816,152.0,-6.786944479124941,146.75264559736752,100.61457257168149,22.047324585480965
759,46016.0,46225.56135554389,46052.43539101573,46134.6560576459,46181.59628949589,96.0,-6.568197431741282,116.99855519132325,117.95642975270675,30.305661198864982
760,46352.0,46219.04142645175,46351.610901285705,46311.94051622156,46220.181765169546,344.0,-6.81255417463035,297.23001669851146,157.2547166864424,31.99456393213768
761,46704.0,46211.93624719463,46646.89542441275,46449.165491018786,46245.58541736016,8.0,-7.919838254216302,9.76164519082522,9.807720306620467,2.4829230586219637
762,46368.0,46203.20174994332,46371.134191667355,46331.5559568348,46225.14761128679,-296.0,-10.198149156614818,-260.09027440861246,-135.83155576658464,-27.580425509033375
763,46112.0,46191.5399488814,46126.71487559553,46177.50237948562,46190.424566342095,-168.0,-13.808015054186399,-170.84493809420746,-121.3023876063744,-30.80181662758696
764,46032.0,46175.58571983495,46029.44431547894,46088.951181622055,46163.543978031616,-128.0,-18.711219027212792,-110.04898272188439,-60.07560705253127,-20.30338940889851
765,45856.0,46154.117510826974,45906.61691015176,46057.351165380554,46149.8177875243,144.0,-24.64987176177965,130.25714543162758,69.07556644877332,0.9646988688982674
766,46320.0,46126.28597631139,46289.958606342196,46227.1023145196,46165.47337576941,264.0,-31.144089749042905,233.13472790141168,123.30230639885121,7.929257033581962
767,46384.0,46091.82933132889,46372.88636595458,46303.95577817826,46165.67630159146,16.0,-37.514713495405886,27.3595893853053,36.83135274778397,-10.71325909837833
768,46352.0,46051.25654932058,46344.677785112806,46300.76502001517,46144.046857572655,-88.0,-42.95803850887387,-64.81965527774446,-28.80824815550659,-32.027101140171
769,46208.0,46005.91325431114,46243.24705539909,46246.339281867244,46101.62209931112,104.0,-46.64462858761908,74.80454728173936,-35.256097214307374,-47.74365329598004
770,46560.0,45957.96729214534,46494.286879676285,46230.252825586555,46048.559550980695,-232.0,-47.8498524400311,-238.10825601421675,-180.96004348740826,-78.6345707813889
771,45744.0,45910.21354943108,45767.03054337066,45884.41919489243,45944.35295774834,-488.0,-46.082609429176955,-451.5211407794959,-275.6240332479101,-94.18894534493666
772,45584.0,45865.802073286985,45591.24459811729,45679.004759090734,45860.18166029082,-128.0,-41.18145342259231,-139.5629546668897,-157.91205625632938,-70.36221444297917
773,45488.0,45827.850642585894,45487.90463403688,45568.59508237977,45803.628528862384,-112.0,-33.358664829243935,-103.8167938959923,-70.11213552108529,-40.77170498531996
774,45360.0,45799.0847436285,45383.61101032531,45538.780488048564,45778.63825032018,0.0,-23.169801940275647,13.761427914985688,59.57564969308078,-4.0583660261909245
775,45488.0,45781.51103870534,45515.42748986685,45687.74638176593,45795.51179681,632.0,-11.429870690823009,579.5853570976251,248.83908460033126,32.24913633031974
776,46624.0,45776.22500224685,46542.78172452056,46036.458657249226,45843.13652298082,152.0,0.9126054653934261,138.28625474279033,54.94160410790937,8.58155231985802
777,45792.0,45783.33624963613,45791.99999935243,45797.62958998175,45812.67490144972,-648.0,12.925356319195998,-586.4196264810234,-236.01427227660315,-29.427876458616083
778,45328.0,45802.07571488524,45369.94247155851,45564.43011269602,45784.28077006359,-224.0,23.812384536722675,-204.3620976343591,-114.98442093771882,-5.58009288294852
779,45344.0,45830.961018709575,45383.275804083714,45567.66074810631,45801.51471568382,264.0,32.98756502036849,234.98182570415884,115.06100946344304,40.10968140442128
780,45856.0,45868.05084492598,45839.90612296683,45794.552131622906,45864.50013287243,392.0,40.11168231305783,350.89146095688557,196.1674493280516,63.41042383223248
781,46128.0,45911.18438333569,46085.058725997485,45959.995646762414,45928.335563348286,8.0,45.070566305897955,30.44623301808315,81.44133852071172,53.8522086432713
782,45872.0,45958.191977537776,45900.798589002996,45957.43480866433,45972.204550158975,-72.0,47.91608622079366,-40.267191979510244,40.156566234079946,48.879214318632876
783,45984.0,46007.01655577728,46004.524342038465,46040.308779230574,46026.09399198555,248.0,48.80746791987622,206.34746322779029,111.02836018152811,55.99414142585738
784,46368.0,46055.80691337753,46313.49351545858,46179.491529027386,46084.19283301069,32.0,47.95319278896568,36.436750713004585,44.928514310508035,43.90848267567344
785,46048.0,46102.92294135521,46077.397843464474,46130.16580785159,46113.9109573369,-120.0,45.58051261442961,-89.10645467171344,-8.242817250004009,33.0136721930503
786,46128.0,46146.96793860639,46135.28060611515,46163.00589452738,46150.22017739679,112.0,41.925048339639034,94.28579322641235,50.34303393947994,37.42022892973182
787,46272.0,46186.77303803449,46265.9694299173,46230.85187573055,46188.75141519636,128.0,37.23079261828752,100.53597338863256,47.27191906844746,34.368808559393074
788,46384.0,46221.42952384296,46336.352552892415,46257.54973266427,46218.957794515576,-264.0,31.76754767624152,-220.37557932429627,-36.52727673413756,21.954269044988905
789,45744.0,46250.30813338697,45825.218271268706,46157.797322262275,46232.65995328634,176.0,25.835398330847966,178.39573050090985,107.14625072913623,38.135156435084355
790,46736.0,46273.10032050466,46693.144013894234,46471.842234122545,46295.228107385745,472.0,19.760131832706975,422.7286230770842,181.96602892154624,40.52955946869042
791,46688.0,46289.828397052384,46670.675517422875,46521.72938010537,46313.71907222372,-120.0,13.863134120914765,-109.09090935697168,-33.24816396449387,-0.22308155083737802
792,46496.0,46300.82658874649,46474.96219518029,46405.34590619356,46294.78194428407,-368.0,8.42070890784089,-325.75816012418363,-161.71052081503512,-28.99803072544819
793,45952.0,46306.669814868066,46019.15919717451,46198.3083384753,46255.723010772825,-88.0,3.62793401640738,-95.15119835018413,-83.88339848060787,-23.87278297260491
794,46320.0,46308.0824567793,46284.65979847992,46237.57910923234,46247.03637833886,128.0,-0.42604874616881716,88.79959370502911,-1.9396746267884737,-12.334813517019938
795,46208.0,46305.81771737573,46196.758384584566,46194.42898922172,46231.053383738785,-192.0,-3.7622315568187332,-144.1094909725216,-49.93562539976483,-14.830325413135142
796,45936.0,46300.557993665665,45996.44081653488,46137.70785843281,46217.37572751259,120.0,-6.482047067882377,101.88651462472626,44.13279842750126,0.39113014943359303
797,46448.0,46292.853623239964,46400.53141383402,46282.69458607672,46231.83564403765,208.0,-8.720248439629358,166.74766646922944,62.3340206822686,3.6516987269424135
798,46352.0,46283.117496786406,46329.93614947334,46262.37589979735,46224.679124966475,-232.0,-10.586654509592336,-180.9145169939875,-65.13073638070273,-13.522562822850887
799,45984.0,46271.68031422078,46038.70237984604,46152.43311331532,46204.79051839195,0.0,-12.111664001848112,-17.72187039709752,-25.726229824365873,-8.849080654927093
800,46352.0,46258.89416878271,46294.49240867914,46210.92344014862,46206.98096365662,-40.0,-13.244374025569414,-31.747927771193645,-12.04795309239853,-5.060506552501465
801,45904.0,46245.19156616964,45975.206524303656,46128.33720713052,46194.66950528695,32.0,-13.86049053001625,36.746737142784696,29.582370547166647,2.2220168946769263
802,46416.0,46231.17318772268,46367.98588296471,46270.08818124295,46211.424997445974,176.0,-13.801467918601702,152.7087734846391,68.79506473390575,6.526742031324829
803,46256.0,46217.58863033244,46280.624071272934,46265.92733659833,46207.7229893496,40.0,-12.941009555903292,35.758544672902644,0.8028236545433174,-6.1158586288984225
804,46496.0,46205.29116861087,46439.50297231052,46271.69382855204,46199.19328018818,-192.0,-11.229032924820785,-182.2113308383996,-106.3865937702758,-23.37004515200897
805,45872.0,46195.130564482795,45916.201409596135,46053.15414905778,46160.98289904558,-272.0,-8.726655453036074,-243.6894213051346,-127.9626049653707,-23.761236190319323
806,45952.0,46187.8378577048,45952.12412970025,46015.768618621296,46151.67080780754,56.0,-5.601540785562975,36.5433686053766,-5.5012211258363095,0.6714491523343895
807,45984.0,46183.92748291167,45989.28814680689,46042.15170680611,46162.32579735025,56.0,-2.091106043284526,63.60475114107976,55.45894158786905,19.571279410221905
808,46064.0,46183.65564561823,46079.33363198241,46126.686501797034,46190.81336662798,176.0,1.549233703128266,166.71364508758052,115.87804588943982,34.828237609133794
809,46336.0,46187.025950317926,46322.71543698205,46273.90779858499,46231.982272568515,200.0,5.0998323302592325,176.95898990989735,116.17519608044313,35.96801956896161
810,46464.0,46193.85531027875,46433.2516118022,46359.03689395792,46262.749405765906,-80.0,8.416015563485416,-43.20576616883409,32.647542351896846,20.704603485683037
811,46176.0,46203.8579814449,46236.30390464438,46339.20288328878,46273.39147953988,200.0,11.438895998442604,174.76505950191859,61.767430975251045,15.511647750969132
812,46864.0,46216.73310227563,46782.78173080604,46482.57175590842,46293.772701267844,-32.0,14.168084593275125,-41.231478448091366,-47.345249426150986,-8.130143208643858
813,46112.0,46232.19415063145,46153.8409477482,46244.51238443648,46257.131193122594,-328.0,16.624051530900033,-308.3113291147383,-171.803179253704,-29.384948489121598
814,46208.0,46249.98120533743,46166.15907257656,46138.965397401014,46235.0028042896,-248.0,18.813211528162356,-228.31136130337472,-140.06428833496102,-20.778248618513317
815,45616.0,46269.82057368777,45697.21822514145,45964.38380776656,46215.57469588557,-40.0,20.696746850069758,-27.243122883690376,-0.3896857511754206,10.550626390242542
816,46128.0,46291.37469903757,46111.67282680918,46138.18602589866,46256.104057070086,368.0,22.18503410305857,328.63698588403713,178.89523108144203,46.93456403802702
817,46352.0,46314.19064189389,46354.49219690952,46322.17426992944,46309.44382396162,272.0,23.154288167825143,255.28035464794812,169.0753789954906,51.2119580896142
818,46672.0,46337.68327537322,46622.23353610508,46476.336783889645,46358.527973249315,0.0,23.464425276404654,18.90901972093343,56.330905905029795,33.410547950159525
819,46352.0,46361.1194924467,46392.31023635139,46434.8360817395,46376.26491986194,-32.0,23.004457213974092,-28.372117996728775,-0.08266128039031173,18.950192605720076
820,46608.0,46383.69218980117,46565.48930011162,46476.171461328864,46396.428358460755,-40.0,21.721079656439542,-39.37443568167146,-24.578889746204368,9.584856521854817
821,46272.0,46404.56165175958,46313.56136498805,46385.67830224709,46395.43463290565,-40.0,19.636984334156296,-44.121110183339624,-33.65400795822643,5.1780060901764955
822,46528.0,46422.966158469484,46477.24707974494,46408.86344541241,46406.78437064111,-104.0,16.861457357172185,-90.07888651840403,-36.38313412847856,5.288956267515459
823,46064.0,46438.28456647392,46133.40359195124,46312.912033990135,46406.01254544068,-16.0,13.578323793601157,3.174471962476673,28.504605572787113,16.328802071602695
824,46496.0,46450.12280605669,46483.596023669896,46465.872656557985,46439.44197478431,344.0,10.032381684792199,288.1725500681496,137.8969508468508,30.601528082850564
825,46752.0,46458.349329843506,46709.74869208754,46588.705935683836,46467.21560160638,-8.0,6.504725814014819,14.896128855347342,41.18624696776169,13.534406902388582
826,46480.0,46463.132257684716,46513.38828138059,46548.24515049351,46466.51078858909,-40.0,3.262139927046519,-29.419003803985106,-6.338209943565744,-1.3792735878378153
827,46672.0,46464.8736096976,46650.91068447957,46576.029515796705,46464.457054430706,64.0,0.5191503381247458,32.07582549679864,-20.200876798455283,-12.430881436848722
828,46608.0,46464.170558360966,46577.53993237419,46507.8433968966,46441.64902571539,-264.0,-1.5900071021096664,-225.6710902344348,-118.26442045181102,-31.125577429545956
829,46144.0,46461.69359549338,46199.5685040107,46339.50067489308,46402.205899571614,-112.0,-3.0531580224487698,-100.12890831001278,-70.5923845569705,-26.532831165193784
830,46384.0,46458.06424231607,46377.28211575416,46366.65862778266,46388.583363385005,192.0,-3.982007919690659,144.12419051427423,18.487266780903155,-13.393368017361354
831,46528.0,46453.729579654,46487.81688503925,46376.47520845489,46375.41916353689,-88.0,-4.5917244059855875,-90.3808055186746,-65.94581510032003,-20.793241671268333
832,46208.0,46448.8807935041,46196.52050471681,46234.76699758202,46346.99688004247,-432.0,-5.151431260816025,-371.29930766841426,-128.3247120818669,-21.4724394922996
833,45664.0,46443.426717132366,45745.21826970242,46119.825784291155,46332.47428455229,296.0,-5.898135441359045,269.570495886921,112.97167885471936,18.901118737438082
834,46800.0,46437.08452262138,46735.661496490655,46460.710355291456,46384.799117517345,400.0,-6.963529615171865,376.57477778233806,171.23974864602496,31.56478884091848
835,46464.0,46429.49965790202,46498.367825267094,46462.305281583205,46395.60386223413,-72.0,-8.327661417282798,-65.45454488810356,0.7475670833555341,7.384937828490365
836,46656.0,46420.42919978681,46604.75240671445,46462.20548945817,46399.568993174325,-296.0,-9.785542513956898,-272.574777930422,-96.99704739595109,-8.856419401086896
837,45872.0,46409.92857287411,45953.21826940625,46268.3111867913,46377.891023431956,-80.0,-10.976596468353819,-56.279719884081715,4.2612907287839334,3.6165814292289724
838,46496.0,46398.476006850105,46492.192966946284,46470.728070915735,46406.80215603278,512.0,-11.463819164055167,453.49785482857624,189.78091958229925,24.451240402464464
839,46896.0,46387.000934546,46860.2139790634,46647.8730259559,46426.793504236884,208.0,-10.845842977432767,189.09090743415072,53.08146801811745,-3.468976584052143
840,46912.0,46376.78432089524,46870.374781814586,46576.89100695197,46399.86420286468,-624.0,-8.873082554979192,-568.3433314752328,-276.0967605088008,-52.53609122897251
841,45648.0,46369.25476943604,45723.52731611294,46095.6795049383,46321.72132177894,-400.0,-5.542029836811707,-398.83284183764044,-219.8115045636623,-44.456814996789035
842,46112.0,46365.70026122162,46072.709098139305,46137.267997824645,46310.9505728711,168.0,-1.1505542712766328,152.7272727228883,54.22249179866412,-0.8232202642866469
843,45984.0,46366.95366089349,46028.981861558714,46204.12448853563,46320.074881250366,392.0,3.7314124039439776,376.6742153133564,176.91873497880079,25.92805244178453
844,46896.0,46373.163086029504,46826.05752876602,46491.10546778225,46362.80667775467,280.0,8.347461681107234,251.87116693701682,84.53371313773823,16.072130392036343
845,46544.0,46383.6485842557,46532.72419543275,46373.191914811105,46352.21914203444,-608.0,11.88394383542618,-536.0715133369813,-203.31759556558973,-20.176578618509666
846,45680.0,46396.93097370036,45753.914502092055,46084.47027665107,46322.45352051765,-232.0,13.634111229552218,-222.87802571296925,-86.48649983450377,2.3570545090915402
847,46080.0,46410.916806714806,46086.96814400681,46200.2189151421,46356.93325105262,416.0,13.141989182193356,367.89436194878,175.85809606207476,48.32639308760554
848,46512.0,46423.21495206474,46489.703225989615,46436.18646877522,46419.10630669286,296.0,10.302388865315152,291.2512119308776,198.06078802072807,57.52837097488373
849,46672.0,46431.521584445436,46669.470567868564,46596.34049118355,46471.98999300239,184.0,5.391554624773562,167.12018122178415,122.32426800011672,42.88318595964665
850,46880.0,46433.99806131429,46823.94358843318,46680.83500477545,46504.872678612155,-184.0,-0.9771207084813796,-142.12617405525816,-15.087984020377917,14.126319540373515
851,46304.0,46429.56734302847,46385.21821975805,46566.1645231428,46500.24263208314,-8.0,-7.959499415770551,4.390316226094001,16.411779938742256,5.1820850751355465
852,46864.0,46418.07906248275,46832.72422088537,46713.658564652935,46515.236848762426,336.0,-14.640932168007566,270.419656229009,72.32332383660105,-2.4439408825855935
853,46976.0,46400.28547869246,46926.057532216066,46710.811170816,46495.354750317965,-272.0,-20.18752701446647,-243.30662854321417,-135.44180842893184,-43.91436092856384
854,46320.0,46377.70400845382,46346.11096379894,46442.77494779507,46427.4081269053,-400.0,-23.99353231087298,-362.46414846816333,-206.64874912339656,-62.57621706740247
855,46176.0,46352.29841407071,46201.12923527974,46297.51367256921,46370.20231618316,8.0,-25.773443558206054,-19.335552120530338,-84.50443894126147,-47.49569491298098
856,46336.0,46326.157121337405,46307.43985955788,46273.76606991255,46332.41673707934,-32.0,-25.59291827587731,-36.49007793245255,-54.864567700384214,-37.9647422498565
857,46112.0,46301.11257751896,46128.149079414834,46187.78453716844,46294.27283168345,-112.0,-23.83094049995634,-98.54538306889299,-48.08926415989481,-29.030263811717305
858,46112.0,46278.49524033749,46110.349093420096,46177.58754159276,46274.3562094559,-40.0,-21.07625492536681,-26.054518894270586,22.59677522070342,-11.798811754746566
859,46032.0,46258.960067668224,46076.04004162629,46232.978087609845,46270.675208173954,408.0,-18.01462011226249,368.21631734920084,155.87958982200507,8.252759126746241
860,46928.0,46242.46600011297,46846.7817281185,46489.34672123677,46290.861727709394,136.0,-15.303227188975143,117.17746330357113,37.04199424530452,-11.670394079090329
861,46304.0,46228.353613290274,46310.394968233435,46307.062076100454,46247.33442001577,-512.0,-13.461286187924998,-439.26421594832937,-180.75360708608423,-46.36058669283011
862,45904.0,46215.54342773712,45968.25329622184,46127.8395070646,46198.140554323734,16.0,-12.806837618136342,-20.87519090238129,-67.30281550355721,-34.48683797585545
863,46336.0,46202.739938054,46268.64458642867,46172.45644509334,46178.36074406406,-40.0,-13.43210406172875,-36.385777649793454,-37.15483942458741,-27.66177305646852
864,45824.0,46188.67921961366,45895.48174092225,46053.529828215425,46142.8170082108,-32.0,-15.21707286869787,-15.754140895180171,-4.161702770205011,-19.602885442724073
865,46272.0,46172.305792316605,46237.13630463831,46164.13303955293,46139.154973178614,216.0,-17.887430434773705,167.3360869076423,56.6697311139651,-10.30428637325167
866,46256.0,46152.90435874411,46230.15391473754,46166.869290443356,46122.208435464294,-184.0,-21.07371681440418,-136.2128162130757,-41.829103887892416,-23.636115941106254
867,45904.0,46130.1583586878,45964.71067221216,46080.474831777145,46091.8827412964,56.0,-24.364042889752454,38.11011853540913,1.8429572223612922,-20.9315571030711
868,46368.0,46104.17627296461,46306.374151808355,46170.55520488808,46080.34532125815,48.0,-27.367477772659186,33.53423863797434,-8.642024445030984,-25.920153975341236
869,46000.0,46075.42340314248,46031.77914948811,46063.19078288708,46040.04243334572,-128.0,-29.751730184005282,-115.69925487968067,-75.76903055745424,-38.300766245149134
870,46112.0,46044.6728125966,46074.975642048994,46019.01714377317,46003.74378876785,-160.0,-31.260460952686117,-141.92529719414597,-90.66506722732811,-41.7114551394734
871,45680.0,46012.902481237106,45747.92855509982,45881.86064843243,45956.61952306677,32.0,-31.73451183005818,12.595688549929037,-36.22617112453008,-33.29328954773882
872,46176.0,45981.20378893648,46100.16701914885,45946.56480152411,45937.157209672376,-152.0,-31.11524810073388,-145.3551440313422,-50.01344614626214,-31.4044529107814
873,45376.0,45950.67198503564,45457.21826703713,45781.8337561399,45893.81061724521,120.0,-29.45361861427591,117.3073610136671,38.18583268574366,-17.456061564906122
874,46416.0,45922.29655170793,46334.781741176186,46022.9364668956,45902.24508654256,264.0,-26.913986924166238,226.96479898488542,44.570944203496765,-17.25327637551527
875,45904.0,45896.844011187306,45911.147865006904,45870.975644546896,45859.30406449418,-432.0,-23.743876699954853,-379.1232442147302,-168.47300007525337,-45.17581882367449
876,45552.0,45874.80879830802,45576.535252746726,45685.99046674509,45811.893448895215,-232.0,-20.255070267641713,-211.9363485265385,-117.98994442925687,-34.415943154206616
877,45440.0,45856.33387065202,45487.27516795383,45634.99575568838,45790.472178185766,184.0,-16.798857971753023,147.1157549762138,46.50316678747913,-3.897661800157948
878,45920.0,45841.21108236451,45870.76676269915,45778.99680032005,45804.0981252949,152.0,-13.711731301191321,137.32540824111493,73.49944479169426,7.830853373874561
879,45744.0,45828.91040804964,45761.92598443606,45781.99464527177,45806.133884933515,-40.0,-11.280323814400617,-19.21085608282374,21.995167587603646,5.142453885291616
880,45840.0,45818.65043473571,45832.345050533506,45822.987135495256,45814.38303306548,32.0,-9.702894439120428,32.14431876495655,32.4860579711094,6.968299785243289
881,45808.0,45809.5046191714,45826.21462196597,45846.96676121399,45820.070484504,96.0,-9.061662005711696,84.9426812623351,43.46300632573184,6.290975663720019
882,46032.0,45800.52711072429,46002.230413058176,45909.91314814672,45826.96498439292,40.0,-9.311332010860497,27.167856383086473,1.902961006086116,-3.3572508914330683
883,45888.0,45790.88195514968,45880.55033473214,45850.77268322616,45813.355982721136,-184.0,-10.29166905056627,-158.92840466531197,-77.75412330747349,-17.34120253572837
884,45664.0,45779.943772623155,45684.37360372755,45754.40490153177,45792.282579321465,-104.0,-11.752709154570766,-94.30871236682651,-51.16533092850659,-14.65927443360124
885,45680.0,45767.37653684054,45691.93290999849,45748.44202136915,45784.03743385393,80.0,-13.38317460084727,67.22385626339019,28.258130521953717,-3.0432737748342333
886,45824.0,45753.17742342146,45818.82131625433,45810.92116257568,45786.1960317718,104.0,-14.857747214067786,100.99498752751606,55.93972249437502,0.2683995064544433
887,45888.0,45737.6610424124,45893.92288505352,45860.3214663579,45784.57423286684,128.0,-15.890067039948917,104.71599406679888,35.56103696116406,-6.793087261612527
888,46080.0,45721.39728934156,46028.25330438793,45882.04323649801,45772.60985724857,-136.0,-16.273278012780793,-124.40305872593308,-77.2566116108901,-27.333882755840023
889,45616.0,45705.11448638684,45645.116767601656,45705.80824313612,45729.90646735516,-264.0,-15.912876765582041,-237.55269877797764,-131.3308717938271,-37.0080665256537
890,45552.0,45689.5715358104,45553.147906831975,45619.381492910354,45698.593724197264,-96.0,-14.842833372895257,-86.22932660978768,-52.736003770591196,-23.983056948032754
891,45424.0,45675.42881964105,45472.65811438208,45600.336235594936,45681.9403534591,296.0,-13.21191961522345,254.81691121635595,69.12286048204624,-3.7563530652150803
892,46144.0,45663.14769657995,46062.78172926469,45757.627213874446,45691.081018066834,-152.0,-11.260613811678923,-135.71992136419067,-35.89541478326282,-13.505284488921461
893,45120.0,45652.90759201769,45201.2182716537,45528.54540602841,45654.92978448125,-96.0,-9.272552603964868,-89.00647467518502,-24.809104831827426,-9.40474436151635
894,45952.0,45644.60259137202,45884.76877991432,45708.00900421079,45672.2715293438,240.0,-7.526727248980023,208.66483397923002,57.46810028777327,3.355321329738217
895,45600.0,45637.85413751973,45618.54793961216,45643.48160660396,45661.64042714073,-224.0,-6.244870993807126,-173.48114224134042,-42.78659430485277,-7.549080846034485
896,45504.0,45632.11284938441,45537.806495431636,45622.435815601086,45657.17336765173,112.0,-5.55958231537079,88.29103297763504,38.17211679767206,3.1916088935868174
897,45824.0,45626.73497288899,45795.13000556743,45719.8258401993,45668.023644927904,136.0,-5.490583042046637,112.97353797295727,45.302944697861676,3.0514595225686207
898,45776.0,45621.131683300315,45763.75357137755,45713.04170499681,45663.27628669687,-112.0,-5.947842749286792,-92.60857730213684,-38.263282704083394,-10.383543896190531
899,45600.0,45614.839287390416,45609.912850963156,45643.299274791134,45647.25655713552,-120.0,-6.765158382506343,-104.27646559859932,-48.092792810104584,-13.656901704569464
900,45536.0,45607.6013665353,45555.20064018035,45616.8561193766,45635.96248328773,48.0,-7.724817682727007,41.2909901189596,13.984904273762368,-6.295949683408253
901,45696.0,45599.38965202496,45692.494831201075,45671.26908333866,45634.664657768706,144.0,-8.594624339235452,119.76834702609995,42.04750563139169,-4.36459263058714
902,45824.0,45590.41211785683,45794.73733423255,45700.95113063938,45627.23329802656,-48.0,-9.168192007025937,-44.07082580574934,-31.842387379580032,-17.269694840822922
903,45600.0,45581.05326801091,45604.353179589576,45607.5843085795,45600.12526808706,-192.0,-9.305217322424141,-168.6182566951029,-89.57466777013906,-27.101766535146453
904,45440.0,45571.80168321198,45457.500820842346,45521.801795099105,45573.02976495626,-64.0,-8.951729656680982,-59.348254535489104,-44.88161593083714,-20.44401488297808
905,45472.0,45563.14980869755,45485.6566705186,45517.821076717824,45559.237238321104,128.0,-8.153370139207254,96.4392022692482,18.929819977634907,-9.430664719107881
906,45696.0,45555.49494293357,45650.37922538084,45559.661435054375,45554.16843551805,-80.0,-7.065392960528698,-63.3813182335507,-26.328924136265414,-12.160381027151743
907,45312.0,45549.01902277649,45358.8940340515,45465.16322844529,45534.9164762668,-80.0,-5.938430641293962,-57.01502107187116,-17.916592386431148,-8.10613543790896
908,45536.0,45543.61808165098,45536.3491832371,45523.82825028151,45537.95616464223,232.0,-5.0863424621056765,179.20106537112224,52.57914697697561,3.1374966075418342
909,45776.0,45538.84633785228,45717.29616479374,45570.321522399245,45541.191469481884,-176.0,-4.845204731016565,-144.82937090583437,-56.345966682649305,-8.505121686252096
910,45184.0,45533.92767218895,45246.69044142543,45411.136316916214,45520.945921269726,-144.0,-5.520741081563756,-124.89633980999497,-45.61704702492352,-3.398252148672327
911,45488.0,45527.80485568915,45467.50348517375,45479.0874283494,45534.39496518454,136.0,-7.318652031292004,118.33046961707078,63.494825607886014,15.768792174043483
912,45456.0,45519.29036812636,45483.35138065957,45538.125968131986,45552.48350561781,160.0,-10.280194566486898,152.60479878368642,100.10152384858156,22.912715714162914
913,45808.0,45507.24446655618,45772.713082741124,45679.29047604656,45580.220396612865,128.0,-14.249034521857538,112.92711578714807,76.8097459378514,16.34791082569427
914,45712.0,45490.79229908265,45709.20561223387,45691.74546000769,45585.1793272692,-120.0,-18.849522795506346,-77.47940933790233,2.327713964972645,-1.3821029802020348
915,45568.0,45469.545420965165,45617.75426406532,45683.945903976506,45577.45619065246,224.0,-23.516453256750538,184.7880625650978,50.17339595706653,-7.250327084118908
916,46160.0,45443.75939256915,46078.781737364065,45792.09225192182,45570.67867310096,-144.0,-27.568952992704,-131.2899933124063,-75.80752609377305,-36.24358389645204
917,45280.0,45414.40751497976,45355.17427744051,45532.33085178896,45504.96902285956,-192.0,-30.30461676961204,-188.97800969660238,-133.59597423838204,-54.461199098423094
918,45776.0,45383.15015902992,45700.82571797086,45524.90030344506,45461.75627490412,-136.0,-31.124036641820567,-142.48082333830826,-132.98039662136944,-58.92493421023755
919,45008.0,45352.159441696116,45070.21263076389,45266.37005854622,45387.11915443908,-224.0,-29.64147149497512,-207.28907966455154,-129.34521562572627,-55.68116274307977
920,45328.0,45323.86721603997,45286.24755864176,45266.209872193605,45350.39394941796,8.0,-25.75962278539373,7.272721086657839,-31.055250255813007,-35.60550755022632
921,45024.0,45300.64019612533,45084.758072937206,45204.259558034595,45315.90813933863,152.0,-19.71401611461988,132.26709489340647,28.17946485828361,-19.890403112396598
922,45632.0,45284.43918381073,45550.78174842857,45322.56880191017,45310.613143193164,-32.0,-12.048571087205346,-40.8214225526317,-36.406355169336166,-21.36433898580799
923,44960.0,45276.54305395092,45003.11522783194,45131.44684769592,45273.17946136701,-312.0,-3.550131704127125,-261.3027571620005,-105.39853036628847,-21.77470875779909
924,45008.0,45277.33892040248,45028.17623410457,45111.771741177596,45267.063725677566,168.0,4.871274178061867,125.94217679545909,32.21076407046712,6.8374505944302655
925,45296.0,45286.28560230704,45254.99958142286,45195.86837583686,45286.854362555874,8.0,12.318230431952543,21.82125443258701,34.03082257769347,19.333355006099737
926,45024.0,45301.975381266384,45071.81874296974,45179.83338633298,45305.730435689766,48.0,18.0258997059791,55.91287639558868,61.88170366261329,32.96259491838282
927,45392.0,45322.337401719,45366.82533421404,45319.63178316208,45352.77955239264,208.0,21.476231172451662,169.13326231447718,103.61428841013912,45.088094322502
928,45440.0,45344.92784361129,45410.0852675987,45387.06196315326,45395.90662433477,-152.0,22.46473268425325,-106.31372862187345,40.96116156781136,40.92240315887102
929,45088.0,45367.26686708751,45154.19787697029,45401.554106297706,45434.62435871038,336.0,21.10462108603315,312.20863522006766,171.2691962932986,56.04895231113187
930,46112.0,45387.13708578335,46034.50253803883,45729.60035573986,45508.00452895703,264.0,17.788830180496007,255.71071026567006,136.84642731208078,43.18039669450445
931,45616.0,45402.8445274485,45665.61929750163,45675.24696092187,45520.98515209939,-136.0,13.115442289559724,-120.78675302903139,-24.72991435705262,8.229880747323477
932,45840.0,45413.36797036247,45792.92903198077,45680.14052702575,45524.46429045168,-96.0,7.774096801786072,-108.04510561702045,-75.03617038324228,-12.297647125124058
933,45424.0,45418.39272105207,45449.52908626759,45525.17462015538,45496.38985784914,-264.0,2.429156592112122,-215.7545143752177,-104.37859679267422,-24.454939710081817
934,45312.0,45418.2262835467,45361.420003230334,45471.383333440404,45475.55441103152,216.0,-2.3646475148452737,162.62636223662048,25.900380005226907,-12.657726266050304
935,45856.0,45413.66342602238,45774.78181074083,45576.97538016584,45471.07440531704,16.0,-6.22419527148304,1.9478663198824506,-33.92026319165234,-23.72628544862164
936,45344.0,45405.77789300373,45365.3157358701,45403.5428070571,45428.10184013427,-360.0,-8.96982299460069,-301.1998297476639,-143.66116958018756,-38.76747317605259
937,45136.0,45395.72378003318,45172.3821512455,45289.65304100546,45393.53945896494,8.0,-10.59932240929993,-11.022828397082776,-37.06324554890307,-21.685408221092075
938,45360.0,45384.57924818513,45343.27007907593,45329.41631595929,45384.73102369209,112.0,-11.236157309078408,87.23832321009104,24.471432933474716,-7.571884088243678
939,45360.0,45373.25146541502,45346.858797665685,45338.59590687241,45378.39569078845,-96.0,-11.074954076982976,-62.11729308183567,-1.5224556506764202,-5.415548364217102
940,45168.0,45362.429340031165,45219.03549291226,45326.37140465794,45373.899926963655,144.0,-10.326268185108347,127.35415980787366,66.9612001145033,5.799232523389946
941,45648.0,45352.598929044805,45601.56711728143,45472.51830710142,45389.99415583523,184.0,-9.17526819377963,150.3672107763523,58.40605599418268,3.1939366633341706
942,45536.0,45344.078803643606,45519.76991446497,45443.183516646306,45380.28780029032,-192.0,-7.782942569439911,-162.94763049164612,-75.74303213195526,-17.49196553038928
943,45264.0,45337.033043905925,45275.67185629814,45321.03224283751,45355.01022477445,-216.0,-6.2829460411048785,-185.73877667613124,-93.63515239004118,-20.72706427715093
944,45104.0,45331.512911561396,45148.292361112704,45255.913211866224,45338.83367173602,136.0,-4.789709816548566,94.08231037807855,10.83757496182443,-4.434869451626582
945,45536.0,45327.45362427283,45463.8364770543,45342.70739276116,45346.1404858712,-72.0,-3.4147087308156188,-53.537065085754875,-9.852122724489163,-2.186161571265984
946,44960.0,45324.683494099765,45041.218230941195,45236.208966417245,45334.46134859349,64.0,-2.2589642874409037,61.595098785332084,31.60605686470808,7.043930151969107
947,45664.0,45322.935695697946,45587.02667462496,45405.91950649057,45360.228346175136,112.0,-1.3871973299865203,91.08319291495718,40.6702933186134,10.5784148904022
948,45184.0,45321.90909943979,45223.38461677111,45317.54955305447,45355.618178374294,-224.0,-0.8117051060398808,-166.7189739983114,-21.595176908864232,3.970741117871512
949,45216.0,45321.31228548587,45253.58872662834,45362.729152672844,45368.16982841088,328.0,-0.47676307452638866,273.4302647541117,118.54417595479026,20.160141457126883
950,45840.0,45320.95557329074,45770.24514627933,45554.63790496405,45395.93846128855,120.0,-0.2529345517796173,112.59962929244648,49.227704773238656,5.565555942099309
951,45456.0,45320.80641638231,45478.78798521323,45461.18456221932,45379.30094029508,-200.0,0.03181105316252797,-177.51723499994114,-90.8610616350743,-20.472473978716152
952,45440.0,45321.019195397064,45415.21067627945,45372.915781693904,45354.993513331116,-192.0,0.5458917435717012,-187.52392753653112,-121.81088967846881,-28.557751297408686
953,45072.0,45321.89819986945,45103.74013014017,45217.562782862384,45322.18543770026,-184.0,1.3964866135793272,-152.769895438425,-82.57160740032487,-20.298803745838086
954,45072.0,45323.81216862422,45109.6708854026,45207.772566893254,45314.39590583944,248.0,2.5987895901744196,194.2851822754492,58.096067477494216,4.330263431147614
955,45568.0,45327.0957790498,45492.31049469107,45333.75491781737,45330.845964562555,0.0,4.059482455082616,4.192082743815263,8.859809832807514,4.592356951245165
956,45072.0,45331.93113353439,45118.05505089023,45225.49218655887,45323.58061974193,-192.0,5.598160196033859,-143.98018934968786,-31.516637979068037,5.313686166471598
957,45184.0,45338.29209944187,45204.35011599169,45270.721641859236,45341.4733368955,232.0,6.998635211082728,188.04564505991584,88.5902762299811,25.766383998339734
958,45536.0,45345.928403956554,45494.14634101006,45402.67273901883,45375.11338773861,80.0,8.066042301259586,80.52793006867432,65.28746666901498,25.595720230045117
959,45344.0,45354.42418404439,45365.40597612904,45401.296575197266,45392.66477735559,-48.0,8.68517871711083,-21.71048423580214,27.272123777063825,19.984628484759014
960,45440.0,45363.298761390775,45450.72537253846,45457.21698657296,45415.08264470813,168.0,8.84162421808287,138.94625910170362,64.52890466216923,21.17199958794299
961,45680.0,45372.10743248055,45643.29849433245,45530.354384521605,45435.008776531475,16.0,8.614067853050074,9.065593456245551,-1.6854097905488743,7.6765706499209045
962,45472.0,45380.526897096875,45468.85655945095,45453.84616699186,45430.43578600797,-224.0,8.143344051277381,-190.1591376267752,-85.58513403381221,-6.651201223106909
963,45232.0,45388.39412058311,45262.9802190789,45359.18411645398,45421.70637408526,-48.0,7.578098702309944,-50.97524497754421,-31.069992310891394,0.7559067815564049
964,45376.0,45395.683094501495,45366.90606949586,45391.70618237008,45431.94759957108,56.0,7.036291186443123,58.45619789628108,40.37515710113803,13.038605464374996
965,45344.0,45402.46670295599,45379.89261487146,45439.934430656256,45447.78358501401,224.0,6.556611007192259,192.44961973287718,96.19546361430184,21.02516469362672
966,45824.0,45408.79631651588,45751.805308961615,45584.09710959868,45473.997928958335,0.0,6.092541887341213,10.93923889825237,24.21123374177114,8.714240392244392
967,45344.0,45414.651786730676,45401.771092667965,45488.3568981398,45465.2120657985,-72.0,5.539316360882367,-61.17875295383419,-23.56176238898479,-2.7252598699124064
968,45680.0,45419.874949237645,45629.44780305395,45536.97358482071,45468.54740921851,-16.0,4.755094740528875,-25.084274344302685,-22.896520908729144,-7.237286119066994
969,45312.0,45424.16197621173,45351.60254397936,45442.56385632234,45450.737493560366,-112.0,3.6011058389412938,-79.8325391778053,-29.127800337199005,-10.873040980121004
970,45456.0,45427.07716091553,45469.782724698336,45478.717984146315,45446.80132725827,240.0,1.9936932221789903,187.0938042106718,47.51311989712849,-4.39609993918566
971,45792.0,45428.14936265609,45725.7901524007,45537.5900961166,45441.945293681994,-192.0,-0.07244944577178103,-158.2822779640337,-68.33283997141916,-22.35876889217616
972,45072.0,45426.932262023984,45153.21816877027,45342.05230420348,45402.083789473916,-64.0,-2.518439308700181,-71.50415269581936,-60.511639811385976,-23.35731473438136
973,45664.0,45423.11248403869,45582.781847009064,45416.566816493825,45395.23066421323,-72.0,-5.169500682794023,-71.99998600086474,-49.20207946273513,-20.291592050019972
974,44928.0,45416.593260658396,45009.21819676854,45243.648145278006,45361.500605373876,-56.0,-7.779338977848965,-40.115342995442916,-15.09459857681577,-12.055028570663126
975,45552.0,45407.55380608299,45502.55116101818,45386.37761934019,45371.120607071905,256.0,-10.077172902456368,202.4678258097556,59.91828373228418,0.5760320516237698
976,45440.0,45396.43891485348,45414.15384838805,45363.484712742575,45362.652669477124,-280.0,-11.807149148029566,-217.62807068986876,-61.150550226335326,-12.335304120926594
977,44992.0,45383.939507786934,45067.29501963844,45264.07651888752,45346.44999883005,64.0,-12.764330984769913,61.951840793935844,36.63006558871348,1.5198292944332934
978,45568.0,45370.91025288394,45538.05752997592,45436.74484392,45365.69232806599,352.0,-12.857350163430965,288.71458886576147,107.0407469924794,9.12694563923651
979,45696.0,45358.22480746007,45644.724197369964,45478.15801287248,45364.703890108525,-192.0,-12.136069954463892,-157.53473974024018,-67.50782461128256,-17.55324345203917
980,45184.0,45346.638112975015,45222.98805049544,45301.72919469744,45330.58584116191,-240.0,-10.777316418509145,-218.97350041323443,-117.56422082632707,-26.788756888519856
981,45216.0,45336.670174623054,45206.777196543495,45243.02957121983,45311.126376331486,-64.0,-9.053327664780227,-62.32487123446481,-45.18483786769502,-14.703146013849619
982,45056.0,45328.531457645455,45098.33830802651,45211.35951896205,45301.17954913421,112.0,-7.272434461447119,103.25265161557036,46.00970722324564,2.3121502594367485
983,45440.0,45322.12530570016,45413.282499774636,45335.04898566632,45315.75067685036,224.0,-5.70133996939694,181.35669062130182,71.21395953743195,8.358661558664608
984,45504.0,45317.12877770666,45461.051689269116,45353.78743803691,45317.89687225154,-208.0,-4.496886082877609,-166.97236415994485,-56.367828610957076,-7.158960986238526
985,45024.0,45313.131533534404,45079.337771454746,45222.313328444405,45301.43275487788,-128.0,-3.6659133424036554,-105.02506054062542,-32.317445370303176,-2.592479629769514
986,45248.0,45309.79695102185,45251.001568187865,45289.152547296304,45312.711912992,224.0,-3.06238027695872,186.6716376724362,87.41549250004755,14.514753763724002
987,45472.0,45307.00677298049,45452.68104679962,45397.1443134445,45330.46226240533,96.0,-2.435039374009648,105.08471260985971,70.56392287044582,10.673462533595739
988,45440.0,45304.926872273834,45461.170993407584,45430.280393037196,45334.058838059194,136.0,-1.511372309338185,114.34491364590576,28.276276111293555,-1.700482443178771
989,45744.0,45303.98402836181,45681.37087409143,45453.69686566709,45327.06129751897,-216.0,-0.08212159775212058,-206.09504092174757,-121.73509453656516,-27.844475664274796
990,45008.0,45304.76262907833,45048.98091156409,45186.810203964065,45278.369886730645,-336.0,1.924445417829702,-314.3361126441523,-177.4815597209854,-35.172916451792844
991,45072.0,45307.83291919747,45052.698648803125,45098.733746225116,45256.71546461539,-96.0,4.399678066998604,-92.7890187453304,-74.70958462639464,-12.418648884489812
992,44816.0,45313.56198521233,44863.40287407343,45037.391034711276,45253.532588961665,32.0,7.070990325672028,47.71859563745966,49.352805841801455,18.693753794363147
993,45136.0,45321.974899848814,45148.135840078045,45197.43935790872,45294.10297220411,400.0,9.562185691182094,346.04475604119943,190.76800215180265,48.47553185265133
994,45616.0,45332.68635659469,45555.49238615583,45418.92703901488,45350.48365266697,80.0,11.474238400860486,104.18588721057677,122.95120061360285,43.10486309620683
995,45296.0,45344.923376650535,45356.5076144992,45443.341759135925,45380.31269839653,144.0,12.468133684200438,139.12536548225034,98.0855996890059,34.04468064938192
996,45904.0,45357.62262396309,45833.74311712033,45615.09823839289,45418.57301396573,120.0,12.336248611831252,90.37902357986968,27.30559845341122,13.988966267494106
997,45536.0,45369.5958738742,45537.26566165894,45497.95295604275,45408.290630931515,-336.0,11.03916707607641,-290.149147166685,-136.16880432877224,-16.66785148764393
998,45232.0,45379.700958115245,45253.44482278696,45342.76062973535,45385.237310990444,-192.0,8.706920372718741,-176.5967249371788,-99.8120114397243,-15.391454391545267
999,45152.0,45387.009714619635,45184.07221178458,45298.3289331633,45377.507722148424,112.0,5.609429344774981,90.98844792053205,28.732770009595697,3.5457972654003242
1000,45456.0,45390.919816804795,45435.42171862802,45400.22616975454,45392.328905521244,168.0,2.107627271398087,148.45809998355253,74.01032146851503,11.637628648881218
1001,45488.0,45391.22496916243,45480.988411751685,45446.34957610033,45400.78297944619,0.0,-1.4015076408359164,10.508751882091019,25.298194395949395,4.093222897252417
1002,45456.0,45388.11680152312,45456.439222392204,45450.82255854644,45400.51535131575,-32.0,-4.540026898703218,-22.35307739844575,1.8842617193258775,-3.04186056465187
1003,45424.0,45382.144915365025,45436.28225695479,45450.11809953898,45394.69925831688,48.0,-6.997650342025736,41.25431933654909,12.354590762035514,-7.281130083021708
1004,45552.0,45374.12150083907,45538.9478610653,45475.53174007051,45385.953091149706,56.0,-8.576055852070567,37.40490943701661,-12.820489433219336,-17.04851260969008
1005,45536.0,45364.99280366088,45511.09207582883,45424.47712067254,45360.6022330975,-168.0,-9.20732298593066,-152.39540609233882,-106.81605906169716,-34.12074639732964
1006,45216.0,45355.70685486721,45234.157048880625,45261.899621947116,45317.71159835505,-184.0,-8.95392136247392,-186.1497825450897,-139.62768775187214,-37.805054824701074
1007,45168.0,45347.084960935936,45138.79251073865,45145.2217451688,45284.9921234481,-272.0,-7.997417093123659,-241.40198444874477,-128.06700419391564,-26.86986873454225
1008,44672.0,45339.71202068096,44751.353079983135,45005.765613559284,45263.97186088596,40.0,-6.590617865345848,43.47371736626155,27.426675170121598,8.5783304821598
1009,45248.0,45333.903725205244,45225.73994547117,45200.07509550904,45302.14878441242,384.0,-4.997764809308137,328.9388446377925,170.34702970428407,40.88436274707783
1010,45440.0,45329.71649106235,45409.23076925872,45346.45967296785,45345.74058638012,-8.0,-3.4460308758243627,29.64467008115389,99.61441394273425,38.87883128670728
1011,45232.0,45327.011663453595,45285.02928563348,45399.30392339451,45379.906446985835,184.0,-2.088245735019882,182.41338006983642,136.49621212391503,41.5611829550071
1012,45808.0,45325.53999959231,45774.05752939839,45619.45209721568,45428.86295229013,328.0,-0.9748123994468187,277.8474552291955,125.87422242901448,29.999652918799256
1013,45888.0,45325.0620386547,45840.72419609187,45651.05236825254,45439.90575282343,-248.0,-0.07005617297909339,-210.65424238787455,-86.87354483687886,-11.361911825522839
1014,45312.0,45325.39988724635,45352.749044622644,45445.705007541925,45406.139128639086,-264.0,0.69852448373058,-243.28803881528438,-138.4948569396547,-29.05966775238994
1015,45360.0,45326.45908762216,45354.1481184613,45374.06265437323,45381.78641731865,-8.0,1.399434302937152,-27.86033385484552,-64.61102598207799,-23.26339045450368
1016,45296.0,45328.19875585222,45297.02837691295,45316.48295557777,45359.61234773008,-56.0,2.051338052013307,-51.977856983572565,-47.33822100657562,-18.99345220207033
1017,45248.0,45330.56176372619,45250.192404494155,45279.38621236008,45343.79951291451,-48.0,2.5983939856996585,-35.873949948043446,-21.403637037652516,-11.022859169843287
1018,45200.0,45333.39554382362,45225.280477016866,45273.675681502464,45337.56662939039,128.0,2.915096877804899,101.4904576070403,31.127309893621714,0.6454479454041575
1019,45504.0,45336.3919574818,45453.173319708236,45341.64083214732,45345.09040880532,-24.0,2.8575702806847403,-26.240558767472976,-13.214433281489619,-0.4217001448087103
1020,45152.0,45339.11068438499,45172.79935948192,45247.246814939484,45336.723229100775,-224.0,2.3109151133030537,-176.37716281669418,-46.77060973808693,0.8689817504928214
1021,45056.0,45341.013787708405,45100.41899407485,45248.09961267115,45346.82837230631,168.0,1.2419339370608213,149.71460496715008,96.90260406723246,24.646561820849456
1022,45488.0,45341.594552259114,45472.22856941622,45441.05202307395,45386.016352742474,320.0,-0.2612452703433519,292.9524224224915,169.47842193977704,34.08879807328776
1023,45696.0,45340.49129716772,45686.32383891983,45587.0564565507,45415.00596845288,184.0,-1.9929662287904648,165.71446410275894,91.53266175210229,14.939914133054117
1024,45856.0,45337.60861980153,45803.65749762174,45624.117346578154,45415.89618100858,-176.0,-3.6550496527488576,-154.05065888921672,-78.88043668347018,-21.114978393870842
1025,45344.0,45333.18119786222,45378.2225211414,45429.29558318376,45372.77601166514,-264.0,-4.914580250260769,-244.6505650735453,-152.17397180251646,-41.68136876018252
1026,45328.0,45327.77945930101,45314.35636747465,45319.76940297312,45332.53344348822,-128.0,-5.4718906119560415,-132.08431629353436,-113.6414787240792,-40.01589600251464
1027,45088.0,45322.23741663831,45114.05388855433,45202.0126257356,45292.74421966011,-80.0,-5.122870339611836,-70.03303614865581,-60.75046436972116,-29.55201284510258
1028,45168.0,45317.53371862179,45174.290295177336,45198.26847423368,45273.42941779801,128.0,-3.8028527358401334,91.68788250968282,11.390085614919371,-14.04333097219569
1029,45344.0,45314.63171116663,45297.429653573694,45224.79279696544,45264.65755771572,-144.0,-1.6102057804891956,-109.71237373517943,-33.07927878552073,-12.738982196508005
1030,44880.0,45314.31330706081,44954.86554770698,45132.10991666264,45247.951453404996,80.0,1.203931609306892,75.2590116080064,33.372078028518445,1.6914683595277893
1031,45504.0,45317.03957438524,45447.94767678971,45291.53695302248,45268.040494434776,216.0,4.2657195884567045,169.32513409139938,53.1955128710797,8.291065751516726
1032,45312.0,45322.84474623772,45293.515815889776,45238.5009424048,45264.53358490803,-304.0,7.130571955600317,-246.8527814510344,-89.78553941528298,-5.880230281341937
1033,44896.0,45331.30071829644,44954.24211388764,45111.96587419191,45256.28003387209,-48.0,9.343191376301547,-48.06313256395151,-18.552131116932287,9.760450657664478
1034,45216.0,45341.531128990326,45197.38955076187,45201.39668017093,45284.05448622336,176.0,10.495063025915442,150.09519068360532,82.12914606448612,31.177176662436977
1035,45248.0,45352.290844348274,45254.43249525485,45276.224166320884,45318.634387196966,80.0,10.28327098682712,89.20542076723359,88.93956931039429,38.111620333453175
1036,45376.0,45362.09767096398,45375.80039229634,45379.27581879172,45360.277726890265,120.0,8.549532061133505,120.3698585231723,104.68956186669675,40.857226037813234
1037,45488.0,45369.38990847054,45495.17221230119,45485.60329005428,45400.34883927259,168.0,5.295856910131988,155.2328815108158,105.12911628969596,35.68855434595753
1038,45712.0,45372.689384784244,45686.26615531797,45589.53405137111,45431.65483558218,64.0,0.6799350094297552,62.42471960663897,42.697787002391124,17.288738088696846
1039,45616.0,45370.7497784894,45620.02165151447,45570.99886405906,45434.926315449986,-40.0,-5.010798775761941,-46.13624623115538,-41.03575528252259,-5.782204359693424
1040,45632.0,45362.66778723272,45593.99366285566,45507.46254080607,45420.09042686279,-240.0,-11.398535026310128,-217.422274539942,-125.80505284995525,-25.431367244054854
1041,45136.0,45347.95270843678,45185.17710243459,45319.38875835915,45384.063580961876,-176.0,-18.05984518573314,-161.5684480886921,-96.37940326734679,-23.62366685282177
1042,45280.0,45326.548096861254,45270.85676667828,45314.703734271374,45372.84309315715,56.0,-24.547252113577997,39.96349763507169,12.666843047907605,-6.578333146870136
1043,45248.0,45298.858204209624,45265.10409770473,45344.722444454965,45370.906914668136,64.0,-30.41867720240407,79.76781955009938,78.37993241107688,4.209167244393029
1044,45408.0,45265.710742456446,45430.392405778475,45471.46359909353,45381.261427645935,296.0,-35.25508892842117,277.2503369661208,158.47295418532667,9.017584360099136
1045,45840.0,45228.34802635278,45819.60477163697,45661.66835282562,45388.942083388334,328.0,-38.66435555436328,287.2362240433795,101.0389301448995,-14.872240088188846
1046,46064.0,45188.38203134772,46004.864853865234,45673.54145938333,45351.51694746956,-360.0,-40.30839893330267,-334.70237612825804,-183.35616375062455,-73.04928854529498
1047,45120.0,45147.73122848618,45150.200019380456,45294.95602532437,45242.843506297744,-504.0,-39.92567496681295,-479.37800989982134,-291.10742139677313,-102.53126585692735
1048,45056.0,45108.53068141409,45046.10883406559,45091.32661658978,45146.4544157557,-152.0,-37.36652543141827,-153.54701498691065,-185.96610043970213,-91.8663697542579
1049,44816.0,45072.99817762334,44843.105989406635,44923.023824444965,45059.11076678923,-56.0,-32.636782240610046,-67.47289762579385,-114.79087992232962,-75.18811062701207
1050,44944.0,45043.25711693287,44911.163038814004,44861.74485674512,44996.07819450168,-88.0,-25.918637922601192,-96.12775652259734,-102.4065393272831,-60.42866256246634
1051,44640.0,45021.16090177814,44650.85047636144,44718.2107457904,44938.253441664296,-248.0,-17.567462615916156,-206.06018064534874,-104.42873805951967,-42.9120807541658
1052,44448.0,45008.12219170104,44499.042677523306,44652.88738062608,44910.25403299335,128.0,-8.098488346051454,103.4055887783943,37.12032514872044,-4.886707021283655
1053,44896.0,45004.963925086035,44857.66165391823,44792.45139608784,44928.48002762173,192.0,1.8576715213130228,166.92724598608402,87.789713505681,19.84999600946685
1054,44832.0,45011.83753474367,44832.897169495474,44828.466807637444,44949.95402501228,-48.0,11.624468688904017,-20.278636945386097,34.24881536832254,27.371698641167313
1055,44800.0,45028.21286246384,44817.10438002746,44860.949026824484,44983.22342490406,80.0,20.55022284822917,69.72911066927918,62.95673259928299,42.430571136988874
1056,44992.0,45052.937980440125,44972.35539083403,44954.38027283601,45034.81516728626,56.0,28.075681239239202,57.02796497673626,74.62138242952642,53.73250074650423
1057,44912.0,45084.36422494232,44931.16030998093,45010.19179168354,45090.68842639707,32.0,33.79448192924974,54.6064690515268,104.90741468929991,64.80768043066928
1058,45056.0,45120.526944298625,45081.568328937086,45164.19510221461,45164.4305281476,432.0,37.48942854618872,381.8107156572405,208.10086163837695,79.16362815790126
1059,45776.0,45159.3430820347,45694.78174129541,45426.39351496029,45249.015682712874,40.0,39.150622289078456,65.50419654484722,87.39517022582731,58.235938700923725
1060,45136.0,45198.82818887678,45212.57672202678,45338.985442666264,45280.902405549445,-72.0,38.95640417300092,-61.26453885983574,14.084649039108626,39.131843114046205
1061,45632.0,45237.2558903807,45572.25266357574,45454.56281303851,45327.27936894097,80.0,37.23558270857757,60.93925942766509,26.858776891498565,31.140931838566758
1062,45296.0,45273.29935429394,45334.45524088211,45392.70299644926,45343.18426922658,-64.0,34.404162458547944,-45.521218283083726,-13.50831836461657,18.264113746939984
1063,45504.0,45306.064215297796,45481.21022700957,45427.546176309275,45363.807596434846,56.0,30.907444060278067,32.80612117531928,-3.383731985348277,13.613707030010119
1064,45408.0,45335.11424241449,45400.06748323275,45385.935532478565,45370.4116832866,-144.0,27.149202301137848,-120.80532761306677,-52.6428775914319,4.724671016083448
1065,45216.0,45360.36261990007,45239.59957178344,45322.26042112641,45373.25693846701,-48.0,23.431767661764752,-42.47005253213865,-10.544900788947416,10.70810210376294
1066,45312.0,45381.97777773802,45315.12737816847,45364.84573090067,45391.827887494124,88.0,19.963444006240024,91.16469722740294,69.00817522459693,22.562343401819817
1067,45392.0,45400.28950791255,45421.92896623824,45460.276771575605,45418.38162527065,336.0,16.84874691461664,293.82718787869817,129.5694264627382,27.872819040061586
1068,45984.0,45415.675271567256,45902.78175392587,45623.984583826146,45447.57352557425,32.0,14.110147170584241,17.035505163497874,-16.299895836382348,2.370576582306967
1069,45456.0,45428.50980225372,45455.99997656524,45427.67697990284,45423.12277843527,-600.0,11.746260590440215,-518.7817352015591,-210.46911397188524,-26.094608217219502
1070,44784.0,45439.167792748136,44865.21828352275,45203.046355882376,45395.38430913981,16.0,9.765432174372108,-0.1440408172456955,-15.107446079280635,2.8307461615368084
1071,45488.0,45448.040666602465,45455.71189493075,45397.46208774428,45428.78427075834,376.0,8.19554577200688,336.85197565309863,149.14677573404333,30.439175156443525
1072,45536.0,45455.55888429215,45538.92223482895,45501.33990735046,45456.262659452696,88.0,7.08273411742266,97.82151404293472,86.54777328141427,23.49152166699423
1073,45664.0,45462.20613483731,45651.35492301662,45570.55763430711,45475.76731409233,64.0,6.483689077304007,49.20730327073761,22.496544110195828,10.093020344247634
1074,45664.0,45468.52626244676,45637.33684137042,45546.332995570854,45476.44870014119,-160.0,6.424759842422645,-147.33387479407975,-83.05814095082678,-8.696178944079293
1075,45344.0,45475.055654522155,45356.68717342846,45404.441352405454,45458.37495620417,-248.0,6.874246162020427,-217.21380079966912,-111.6709669626689,-12.354996126810875
1076,45168.0,45482.2747547708,45202.909239771085,45322.991061645516,45451.73870788757,40.0,7.742680506053148,20.768265198061272,-3.954759937179915,7.550687077779003
1077,45424.0,45490.54101553426,45398.22370382458,45396.531832531095,45473.47633035973,64.0,8.88183472156743,66.4329831763971,59.806687151125516,24.211438990143506
1078,45296.0,45500.03842421393,45335.77520612388,45442.60443594777,45500.161585867856,120.0,10.109273448793829,136.42753291867484,119.3748213905601,36.89333480151981
1079,45664.0,45510.75956243185,45671.07876966193,45635.281475312215,45547.26299996277,440.0,11.238530268419709,379.5032680362274,178.3177770205548,41.26456409304956
1080,46176.0,45522.51548475077,46094.781742196334,45799.23998998888,45582.690714053955,-152.0,12.102686498186813,-124.34699208227175,-24.42149032889938,5.76224979388644
1081,45360.0,45534.96493542822,45422.38478549739,45586.438494654416,45558.78749955054,-256.0,12.572449939802027,-227.32020980216475,-99.58224800725293,-13.963839525884396
1082,45664.0,45547.66038463038,45640.141322592004,45600.07549397437,45554.76303500219,144.0,12.558812957973714,98.46315005465658,-18.325253692859405,-9.486312798249855
1083,45648.0,45560.08256134417,45619.3110856067,45549.7879872687,45539.81487395404,-184.0,11.99754093548836,-164.27480895182816,-99.39351307132893,-20.35741735043848
1084,45296.0,45571.655466501354,45311.59170468835,45401.28846783171,45514.04820030131,-272.0,10.8515699729287,-229.7608574766018,-95.85528552112373,-14.864263637671684
1085,45104.0,45581.78570129003,45159.789370653496,45358.07741622645,45510.0863466787,184.0,9.113520568280364,168.56624572358487,83.82765650796136,16.342463711327582
1086,45664.0,45589.882507637914,45648.72419613552,45568.943780847636,45546.733127723965,432.0,6.817520797769248,371.1340796686236,163.33825504500783,30.783437431462517
1087,45968.0,45595.420742885566,45902.05752999074,45684.753926316465,45571.65322154162,-264.0,4.049508891352161,-215.7529614510495,-25.812891372937884,5.102754894742247
1088,45136.0,45597.98152542062,45217.21827323342,45517.31799810176,45556.93863751345,24.0,0.9568112932429358,28.000000265907147,23.223070836174884,6.332347847495839
1089,46016.0,45597.33436547205,45958.05753052256,45731.200067988815,45584.317917236614,336.0,-2.2476774239185033,283.75296430578237,71.4821038814589,5.795175584997196
1090,45808.0,45593.48617057278,45784.72420184498,45660.28220586468,45568.52898868344,-456.0,-5.317981797397806,-386.4196356736211,-144.77675919179455,-27.76247911899918
1091,45104.0,45586.69840187726,45185.218259175315,45441.646549605226,45528.792958998616,-56.0,-8.010487337833183,-65.52706970422878,-49.81238145683892,-18.496381734898023
1092,45696.0,45577.465195897115,45653.670062436526,45560.657442951,45531.53622521365,280.0,-10.12620993524979,225.62185457590385,51.339614821274154,-5.479922524285939
1093,45664.0,45566.44598200676,45636.46196832712,45544.325779247774,45517.833113950044,-184.0,-11.542805317119928,-154.89825247380577,-76.16877407933862,-21.011455566098448
1094,45328.0,45554.379585262875,45343.873557488914,45408.31989479232,45489.51331408145,-248.0,-12.230179772941483,-213.2206233936413,-95.84593705929001,-20.24413416452444
1095,45168.0,45541.985622460874,45210.02072153984,45352.633905129194,45477.344845620995,88.0,-12.234269556982326,76.25077175011756,36.63096290147223,3.2987738205956703
1096,45504.0,45529.91104614891,45496.37510098915,45481.58182059527,45496.11086172264,288.0,-11.645453402867133,248.2298843950739,117.73882576370306,18.371559187780804
1097,45744.0,45518.69471565514,45706.48049032999,45588.1115566566,45514.08796399656,16.0,-10.56774034252885,22.507840990780096,28.58551438962968,6.481500473742926
1098,45536.0,45508.77556546385,45541.39078297071,45538.75284937453,45509.07386267013,-168.0,-9.083941792883707,-138.13579250571274,-47.98228259480675,-6.360408192926116
1099,45408.0,45500.52683206937,45430.20890531856,45492.14699146699,45501.367147610705,0.0,-7.2455522536583885,-0.1373510593402898,-4.532362174042646,-3.038357678884495
1100,45536.0,45494.284460956536,45541.11608085203,45529.68812502644,45502.99714731236,176.0,-5.087899086320249,136.48757979358925,34.38519607267153,-0.020142932728049345
1101,45760.0,45490.35103389673,45703.18406490574,45560.91738361233,45501.32686174525,-168.0,-2.6532255840902508,-142.0967491884221,-68.31204960794275,-14.603942479850957
1102,45200.0,45488.978009788356,45256.922582475185,45393.064025810556,45473.78926235266,-160.0,-0.01874411960670841,-141.56351228377753,-71.32134489649252,-13.848136274955323
1103,45440.0,45490.31354565752,45420.057040338186,45418.274693819345,45473.63058919534,80.0,2.6867390891602554,63.41965955393971,14.34801491845792,1.5228563024429604
1104,45360.0,45494.351487966676,45383.761901583064,45421.76005564747,45476.83497495754,96.0,5.282471104623255,82.51436916019884,34.365389651859005,9.04613451008845
1105,45632.0,45500.878487866765,45585.085778658584,45487.00547312306,45491.722858215515,-32.0,7.569126906721067,-33.247229631575465,-7.251845962877269,7.874026168741693
1106,45296.0,45509.48974178012,45317.26744231991,45407.25636372172,45492.583027295026,-208.0,9.369226426675596,-161.4811247390826,-24.120927540483535,10.68932044426765
1107,45216.0,45519.616940720116,45262.12352918042,45438.763618042096,45513.10149910405,352.0,10.556110500579962,308.30341056783436,142.8890633414194,35.37354676422183
1108,46000.0,45530.60196278128,45933.87426345558,45693.034490404556,45563.33012082347,224.0,11.100406539648247,208.2923737478195,100.78811756474533,28.395127760595642
1109,45664.0,45541.81775379941,45678.70827667606,45640.33985317159,45569.89175462524,-200.0,11.085131176940195,-181.62460339924655,-64.52471064717975,1.8562215330348408
1110,45600.0,45552.77222513516,45570.62505665709,45563.9850691102,45567.04256388954,-288.0,10.688094156874286,-254.95793673350636,-94.36224950628821,-4.497062541224295
1111,45088.0,45563.19394211316,45168.792403209045,45451.61535415901,45560.89762954279,224.0,10.149447217154375,199.0620817557865,69.43796212831876,17.499947130389046
1112,46048.0,45573.07111956947,45968.74922016866,45702.860993366834,45602.04245815032,232.0,9.723970203594945,206.7701986443244,78.67613589123721,18.846951515046385
1113,45552.0,45582.64188252035,45582.332800497694,45608.967625941485,45598.591532572886,-288.0,9.646646593537298,-234.75241718248435,-65.40955445460713,-1.121348948792729
1114,45472.0,45592.36441275654,45499.24438580369,45572.04188445762,45599.79976025273,80.0,10.074362510840729,53.133514324454154,13.095200744941394,7.598215692483791
1115,45712.0,45602.79060754203,45688.5998291466,45635.15802743137,45613.78796395785,88.0,11.0759106585283,72.35458907590873,24.695156689434953,9.07760190301633
1116,45648.0,45614.5162340736,45643.95356395551,45621.43219783649,45617.954964058765,-80.0,12.638661101882462,-64.87844541352388,-27.009730676636536,2.6647483038468636
1117,45552.0,45628.0679297458,45558.842938319554,45581.138566078094,45619.11746056555,-56.0,14.662953671348077,-50.89593403816252,-25.7243487193482,4.5183695350606286
1118,45536.0,45643.842141416295,45542.161695879186,45569.98350039779,45626.991703128886,24.0,16.997588789490692,14.127236955537228,5.836684518595575,12.42382771978373
1119,45600.0,45662.06310732478,45587.09741223063,45592.811935115285,45643.965116005114,-40.0,19.459572760373703,-19.57722249541621,19.234402275138564,19.171668676484842
1120,45456.0,45682.76128693704,45503.00725088835,45608.45230494807,45665.335040481856,168.0,21.848237883357797,150.94609309950465,91.86652230681648,31.836676500835893
1121,45936.0,45705.759583091494,45888.98959842964,45776.54497972892,45707.638469006786,168.0,23.950827170574485,150.93033968949385,88.36516464531087,30.88535197526653
1122,45792.0,45730.66294127819,45804.86793026734,45785.18263423869,45727.10574443239,-32.0,25.538052018731833,-19.78201682560757,5.228971629116131,16.22256264722091
1123,45872.0,45756.83568712896,45849.42556477842,45787.00292298715,45740.08359430123,-72.0,26.365165317460196,-68.31454159682107,-40.678249757966114,6.382029583903204
1124,45648.0,45783.39327191311,45668.2388470737,45703.82613472276,45739.869803600195,-72.0,26.181099471152265,-79.99248233621256,-55.26372090301447,4.3796994789772725
1125,45728.0,45809.19788607126,45689.440600106,45676.47548118112,45748.84299325918,-200.0,24.7572215286782,-171.59524643770055,-53.11291295107367,10.015339321944339
1126,45248.0,45832.90771497047,45325.0483541983,45597.60030882061,45759.900482244084,224.0,21.93433144397204,202.67057766778817,95.92498204979347,36.65251309710948
1127,46176.0,45853.06654895921,46094.781755441574,45868.32544528071,45822.1480194534,144.0,17.665310657099326,146.0849430807757,116.8878591004468,44.554938181983744
1128,45536.0,45868.23833628467,45617.21824035985,45831.376027021506,45849.01035860805,40.0,12.06738607466832,69.63789241264021,110.73859525155785,42.51285708505384
1129,46256.0,45877.20132110854,46234.057540266855,46089.802635783824,45907.17373362351,472.0,5.458923410860734,401.75297833254444,175.32792665422676,40.72206169663332
1130,46480.0,45879.15618310639,46420.72419702494,46182.03188032996,45930.45448200132,-264.0,-1.6827084954093152,-217.84279863036863,-56.754815288884856,-4.196527522126416
1131,45728.0,45873.835904117725,45798.37194300612,45976.293005206055,45898.780678579256,-176.0,-8.778576612185134,-162.36209847508508,-81.59237252087769,-23.134769493099157
1132,46128.0,45861.59902988202,46096.00000007477,46018.847135288204,45884.18494301512,192.0,-15.19543329080625,137.6280574425,-12.022302273751848,-26.78648841337781
1133,46112.0,45843.44503753611,46073.62805789112,45952.24840065855,45845.2077017525,-240.0,-20.369628255979478,-218.36209853541732,-146.47453430037422,-52.31685617499534
1134,45648.0,45820.85977337006,45659.27580300393,45725.898066687456,45779.55123066513,-408.0,-23.893903055581177,-353.8427940601796,-187.4013006273708,-59.078909554114944
1135,45296.0,45795.65723142495,45365.94246977076,45577.44579940381,45727.04988264427,112.0,-25.52534677568474,79.65037405145995,-7.729367581741826,-30.948853888647136
1136,45872.0,45769.80907981869,45818.57655110685,45710.43933152397,45717.653522887835,192.0,-25.219290636712685,162.24547843954133,52.2131978821526,-17.113683612042223
1137,45680.0,45745.218650151524,45690.43342664984,45681.872195168115,45692.82251542019,-104.0,-23.127317728260095,-75.97599120778978,-27.631038771804015,-24.189881696638622
1138,45664.0,45723.55444436217,45666.62456869127,45655.177253980364,45669.27375949456,8.0,-19.538488081481773,-10.686014502192847,-31.10631419757192,-23.285067950902885
1139,45696.0,45706.14167398856,45669.061397645455,45619.65956677297,45646.25237951838,-152.0,-14.837892321291292,-132.2561828185644,-73.68790382090083,-25.508761000255618
1140,45360.0,45693.87865971959,45402.112203054145,45507.80144633856,45618.256237494046,-64.0,-9.476538858954882,-56.38817932058373,-37.957397265134205,-15.083330149631365
1141,45568.0,45687.18859627065,45556.28503900429,45543.7447722427,45616.08571921912,128.0,-3.9318951744571677,95.59803097159966,23.815712025494577,0.23376768602611264
1142,45616.0,45686.01486937067,45593.308264997344,45555.43287038955,45618.7237728661,-104.0,1.3242927004430385,-76.43544902023132,-18.59546665837479,2.7742422902847466
1143,45360.0,45689.83718167154,45403.414140963825,45506.55383892595,45621.63420379969,40.0,5.843392275208316,27.17658078558452,24.397887999377417,15.992141123573674
1144,45696.0,45697.70165392109,45647.66142656851,45604.22864638831,45650.708055113246,-8.0,9.240124818850745,2.5544184472637426,51.7891306565034,26.809254069219605
1145,45344.0,45708.31743130924,45408.52297785835,45610.13210023896,45675.25271193813,288.0,11.238705951225711,271.5601577491652,138.96950397013643,41.10729242178786
1146,46272.0,45720.17906582354,46190.78174206684,45882.16765432858,45732.92263995682,80.0,11.705394712771522,88.34763504708826,77.11938125390589,30.716060016537085
1147,45504.0,45731.72822073478,45585.21824795253,45764.37086274677,45736.6848319712,-80.0,10.674058816999604,-63.69543312241876,12.388639791577589,15.39643361293929
1148,46112.0,45741.52718345754,46063.390875822006,45906.944933911735,45763.7155071827,256.0,8.354266388829274,199.08630807834197,40.04653812082688,9.616450570632878
1149,46016.0,45748.43675351244,45983.39086410921,45844.463938988425,45755.91773311247,-392.0,5.1220536764813005,-341.3908693587873,-148.24902542908967,-20.801887414610974
1150,45328.0,45751.7712908105,45380.60913710443,45610.446883053555,45722.11173235348,-272.0,1.4539231271737663,-241.39086329055135,-92.79361440809953,-14.100414141314104
1151,45472.0,45751.34459976679,45500.60913752811,45658.876710172226,45727.71690482984,360.0,-2.1366141817161406,328.0575293605616,141.86818220478744,18.391017717851355
1152,46048.0,45747.49806244707,46036.724195825554,45894.18324746313,45758.89376778918,464.0,-5.166494692050037,414.7241961288928,158.39816102246914,16.721551348804496
1153,46400.0,45741.01161038269,46330.057529785896,45975.673032217164,45761.16000752745,-408.0,-7.261789079388109,-361.75296202531536,-130.6736991373873,-29.675759885361913
1154,45232.0,45732.974484288294,45313.218271774924,45632.835849188355,45699.54224801846,-184.0,-8.21702017294956,-189.63790053528282,-142.41925843462377,-38.240647108068515
1155,46032.0,45724.57757003679,45950.78172871533,45690.83451534792,45684.67871331131,-96.0,-7.990158886583231,-102.30456770526507,-112.58407616648765,-32.229599041580514
1156,45040.0,45716.99416651513,45108.60913636439,45407.66769685538,45635.083049935296,-328.0,-6.701133835733344,-281.0862959925762,-99.33297006484281,-19.841510879250563
1157,45376.0,45711.17530236532,45388.60913673018,45492.16857521823,45644.99569155281,424.0,-4.607463462809392,362.4059201843811,142.5851659719665,23.36242619515542
1158,45888.0,45707.77923958951,45833.420976733156,45692.83802879931,45681.80790232561,152.0,-2.0150511270003335,152.55648750108594,103.088467980735,26.50260588907622
1159,45680.0,45707.14520011132,45693.72211173235,45698.3455111797,45698.00090333096,-104.0,0.7660164090557373,-71.08830633904654,14.680237970238522,17.093046171903552
1160,45680.0,45709.31127240762,45691.24436405506,45722.19850473979,45715.993994669414,56.0,3.460410575498827,53.74407259801228,44.95224592998784,19.792791071919055
1161,45792.0,45714.06602126232,45801.210256928374,45788.25000303968,45737.5864854748,192.0,5.8561835794535,156.01717751517572,64.17649981972136,18.87181507913192
1162,46064.0,45721.02363956653,46003.278719085414,45850.55150437923,45753.73762482768,-120.0,7.802688467290864,-101.5379424158964,-44.422746470827406,0.6380205942587054
1163,45552.0,45729.6713981969,45598.13437209658,45699.40451009802,45738.86252666332,-208.0,9.185223941742152,-174.47248650591064,-77.44473923219994,-5.531971831194824
1164,45648.0,45739.39408745001,45654.33374607359,45695.66202591483,45742.67368116529,120.0,9.901911747892882,87.86810434497966,20.088528774227598,8.544838560235803
1165,45792.0,45749.475221692686,45773.87058078654,45739.58156764648,45755.95220378379,32.0,9.85280204895389,28.889738645641046,17.71032555488273,11.476132807689282
1166,45712.0,45759.09969154792,45712.113223364875,45731.0826770246,45765.62594678067,-88.0,8.939262839667208,-61.191240597290744,1.0424478904205898,12.355040335914964
1167,45616.0,45767.35374737202,45651.48809959196,45741.66646342732,45780.66228445562,136.0,7.088649830115173,116.81537418687003,73.4170181163754,23.269451897729596
1168,45984.0,45773.27699120815,45945.743971738615,45877.91671325735,45812.164850576126,96.0,4.297853707790637,102.97573083970929,83.20860645870562,22.910808649314276
1169,45808.0,45775.9494547876,45857.43956127138,45908.08367634473,45826.48390175425,192.0,0.6651279999168764,170.51889080025285,80.20880125974145,15.243246265832568
1170,46368.0,45774.60724720798,46286.78175333912,46038.33431577683,45842.65134310779,-80.0,-3.6070190833997913,-74.95612784769037,-34.58220267947763,-10.099991491068067
1171,45648.0,45768.7354166208,45707.527305576,45838.919270985774,45806.28391877211,-208.0,-8.179591907784925,-195.03632818268306,-103.95540929816707,-28.453228397069324
1172,45952.0,45758.24806339241,45896.709096973755,45830.4234971805,45785.74488631365,-96.0,-12.606593189735577,-87.27272373345477,-69.28402521503085,-28.851788142779696
1173,45456.0,45743.52223024133,45532.98185810909,45700.35122055571,45748.58034248655,16.0,-16.432302491175506,22.007550935359177,-7.896666346932761,-22.535526702773495
1174,45984.0,45725.38345841006,45940.72419884447,45814.63016448663,45740.673832908105,248.0,-19.210290322309447,190.53783570316955,29.594026174239843,-20.072817933039914
1175,45952.0,45705.10164959671,45914.05752951543,45759.53927290419,45708.43470662047,-336.0,-20.58321180964049,-296.8626116372907,-151.32125513034043,-44.41739095660887
1176,45312.0,45684.21703479078,45346.99897556989,45511.98765422595,45651.83905099489,-352.0,-20.372356196294277,-311.5800862106771,-147.55779156526842,-39.60370307584162
1177,45248.0,45664.356937204124,45290.89735709407,45464.423689773655,45629.22730046879,176.0,-18.571788748718973,158.38516699453248,60.647880434531544,-3.550385502658173
1178,45664.0,45647.07345729334,45663.76930955896,45633.283415095015,45644.73827998957,432.0,-15.351067398143641,371.71850025967433,153.50143286886305,14.547893520259095
1179,46112.0,45633.65480240784,46034.33435761342,45771.42655551138,45658.32308750931,-96.0,-11.040368703368586,-83.74631179178687,-32.14358182793876,-9.099038104799547
1180,45472.0,45624.992719886606,45496.27668597538,45568.99625143914,45626.54020377997,-408.0,-6.078091590705299,-350.69109384779586,-153.9321783526757,-24.05587354033196
1181,45296.0,45621.498619226426,45332.95216991783,45463.56219880603,45610.21134042864,56.0,-0.9543321176570316,21.43633353158293,-21.65295323009559,-0.6182963298997493
1182,45584.0,45623.08405565129,45539.14935303855,45525.690344978946,45625.30361112017,-32.0,3.8365028222906403,-18.056051686551655,32.97331866239256,17.15745124753812
1183,45232.0,45629.17162487101,45296.840066544726,45529.508836130815,45644.52624292372,296.0,7.82671078711428,280.21522793292024,152.57290921727326,39.84894394973162
1184,46176.0,45638.73747722552,46099.57980890439,45830.83616341349,45705.001499019636,224.0,10.61474841961899,222.31460517848973,128.7454089894236,36.92533104690301
1185,45680.0,45650.401121710245,45741.469276901706,45786.99965410966,45718.376905017525,-56.0,11.88213849335807,-50.76414749413743,9.663317750997521,15.294251248760702
1186,46064.0,45662.50175421224,45998.051513916114,45850.16279891549,45735.59000151716,-64.0,11.403613769929507,-73.16019340500134,-43.75545573642739,0.7925965754911886
1187,45552.0,45673.208349250104,45595.1488900917,45699.48874263681,45719.96209816851,-232.0,9.083630208122486,-187.15817336590408,-76.9296849602797,-7.229798440221202
1188,45600.0,45680.66901462848,45623.735167184306,45696.30342899493,45721.130404636715,200.0,4.982346389391751,147.26211301411968,44.96640085558829,7.224826700039557
1189,45952.0,45683.17304202889,45889.67311611994,45789.421544347984,45734.41175156859,-72.0,-0.6572342124454735,-45.69647046464888,11.828887527051847,2.4019345103006344
1190,45456.0,45679.35454620359,45532.34222625501,45719.96120404903,45725.934273657316,64.0,-7.392596862013306,80.19220661713189,62.520261725559976,5.019235771600506
1191,46080.0,45668.38784830486,46050.057529354206,45914.462067799104,45744.45022311179,376.0,-14.602697317001002,312.1909846632152,111.73189764962444,1.7384606100567908
1192,46208.0,45650.14915156959,46156.72419558144,45943.42499934828,45729.41119487743,-296.0,-21.537714228728873,-243.44162383723233,-103.32456877667937,-38.968468490485975
1193,45488.0,45625.3124198474,45563.17428167974,45707.812930245746,45666.513286130816,-112.0,-27.40150086149879,-123.94923753134935,-125.7056039796662,-53.97224444007588
1194,45984.0,45595.34614984659,45908.82572051874,45692.01379138895,45621.46670599728,-248.0,-31.463906835997477,-244.97800625510354,-161.79224316232285,-63.17324483366974
1195,44992.0,45562.38460617541,45073.218269169534,45384.2284439211,45540.166796463476,-144.0,-33.159727968206425,-146.75667935752062,-111.67112550729871,-53.8915697106313
1196,45696.0,45529.02669391018,45615.3123618037,45468.67154037435,45513.683566576015,88.0,-32.17534327120666,70.65452319641554,-29.22113335956965,-35.599051558656356
1197,45168.0,45498.033919632995,45214.527315562365,45325.78617720196,45468.96869334616,-216.0,-28.48108437522751,-168.14846842950283,-63.99227457141387,-29.666438562548137
1198,45264.0,45472.06452515972,45279.01542494469,45340.68699123152,45454.35068945092,176.0,-22.328422577713354,139.56523410580849,53.24430964532439,-5.100469422694005
1199,45520.0,45453.37707447757,45493.65778377398,45432.27479649261,45458.767754500775,88.0,-14.23024727027223,82.93127769919738,47.72520350739069,1.3554527748929104
1200,45440.0,45443.60403061918,45444.87798034309,45436.137398246305,45457.061595000705,-80.0,-9.773043858389428,-48.77980343089439,3.862601753695344,-1.7061595000704983
